[2025-07-04 09:30:26] [INFO] Command executed: trainval.py --snapshot ../../weights/weights.pth.tar
[2025-07-04 09:30:26] [INFO] Configs:
{
    "seed": 7351,
    "working_dir": "/root/SOAR/experiments/SOAR",
    "root_dir": "/root/SOAR",
    "exp_name": "SOAR",
    "output_dir": "/root/SOAR/output/SOAR",
    "snapshot_dir": "/root/SOAR/output/SOAR/snapshots",
    "log_dir": "/root/SOAR/output/SOAR/logs",
    "event_dir": "/root/SOAR/output/SOAR/events",
    "feature_dir": "/root/SOAR/output/SOAR/features",
    "registration_dir": "/root/SOAR/output/SOAR/registration",
    "data": {
        "dataset_root": "../../dataset"
    },
    "train": {
        "batch_size": 1,
        "num_workers": 8,
        "point_limit": 30000,
        "use_augmentation": true,
        "augmentation_noise": 0.005,
        "augmentation_rotation": 1.0
    },
    "test": {
        "batch_size": 1,
        "num_workers": 8,
        "point_limit": null
    },
    "eval": {
        "acceptance_overlap": 0.0,
        "acceptance_radius": 0.1,
        "inlier_ratio_threshold": 0.05,
        "rmse_threshold": 0.2,
        "rre_threshold": 15.0,
        "rte_threshold": 0.3
    },
    "ransac": {
        "distance_threshold": 0.05,
        "num_points": 3,
        "num_iterations": 1000
    },
    "optim": {
        "lr": 0.0001,
        "lr_decay": 0.95,
        "lr_decay_steps": 1,
        "weight_decay": 1e-06,
        "max_epoch": 30,
        "grad_acc_steps": 1
    },
    "backbone": {
        "num_stages": 4,
        "init_voxel_size": 0.025,
        "kernel_size": 15,
        "base_radius": 2.5,
        "base_sigma": 2.0,
        "init_radius": 0.0625,
        "init_sigma": 0.05,
        "group_norm": 32,
        "input_dim": 1,
        "init_dim": 64,
        "output_dim": 256
    },
    "model": {
        "ground_truth_matching_radius": 0.05,
        "num_points_in_patch": 64,
        "num_sinkhorn_iterations": 100
    },
    "coarse_matching": {
        "num_targets": 128,
        "overlap_threshold": 0.1,
        "num_correspondences": 256,
        "dual_normalization": true
    },
    "geotransformer": {
        "input_dim": 1024,
        "hidden_dim": 256,
        "output_dim": 256,
        "num_heads": 4,
        "blocks": [
            "self",
            "cross",
            "self",
            "cross",
            "self",
            "cross"
        ],
        "sigma_d": 0.2,
        "sigma_a": 15,
        "sigma_hd": 0.1,
        "angle_k": 3,
        "reduction_a": "max"
    },
    "fine_matching": {
        "topk": 3,
        "acceptance_radius": 0.1,
        "mutual": true,
        "confidence_threshold": 0.05,
        "use_dustbin": false,
        "use_global_score": false,
        "correspondence_threshold": 3,
        "correspondence_limit": null,
        "num_refinement_steps": 5
    },
    "coarse_loss": {
        "positive_margin": 0.1,
        "negative_margin": 1.4,
        "positive_optimal": 0.1,
        "negative_optimal": 1.4,
        "log_scale": 24,
        "positive_overlap": 0.1
    },
    "fine_loss": {
        "positive_radius": 0.05
    },
    "loss": {
        "weight_coarse_loss": 1.0,
        "weight_fine_loss": 1.0
    }
}
[2025-07-04 09:30:26] [INFO] Tensorboard is enabled. Write events to /root/SOAR/output/SOAR/events.
[2025-07-04 09:30:26] [INFO] Using DistributedDataParallel mode (world_size: 8)
[2025-07-04 09:30:27] [INFO] Data loader created: 1.086s collapsed.
[2025-07-04 09:30:27] [INFO] Calibrate neighbors: [38 36 36 38].
[2025-07-04 09:30:28] [INFO] Model description:
DistributedDataParallel(
  (module): GeoTransformer(
    (backbone): KPConvFPN(
      (encoder1_1): ConvBlock(
        (KPConv): KPConv(kernel_size: 15, in_channels: 4, out_channels: 64, radius: 0.0625, sigma: 0.05, bias: True)
        (norm): GroupNorm(
          (norm): GroupNorm(32, 64, eps=1e-05, affine=True)
        )
        (leaky_relu): LeakyReLU(negative_slope=0.1)
      )
      (encoder1_2): ResidualBlock(
        (unary1): UnaryBlock(
          (mlp): Linear(in_features=64, out_features=32, bias=True)
          (norm): GroupNorm(
            (norm): GroupNorm(32, 32, eps=1e-05, affine=True)
          )
          (leaky_relu): LeakyReLU(negative_slope=0.1)
        )
        (KPConv): KPConv(kernel_size: 15, in_channels: 32, out_channels: 32, radius: 0.0625, sigma: 0.05, bias: True)
        (norm_conv): GroupNorm(
          (norm): GroupNorm(32, 32, eps=1e-05, affine=True)
        )
        (unary2): UnaryBlock(
          (mlp): Linear(in_features=32, out_features=128, bias=True)
          (norm): GroupNorm(
            (norm): GroupNorm(32, 128, eps=1e-05, affine=True)
          )
        )
        (unary_shortcut): UnaryBlock(
          (mlp): Linear(in_features=64, out_features=128, bias=True)
          (norm): GroupNorm(
            (norm): GroupNorm(32, 128, eps=1e-05, affine=True)
          )
        )
        (leaky_relu): LeakyReLU(negative_slope=0.1)
      )
      (encoder2_1): ResidualBlock(
        (unary1): UnaryBlock(
          (mlp): Linear(in_features=128, out_features=32, bias=True)
          (norm): GroupNorm(
            (norm): GroupNorm(32, 32, eps=1e-05, affine=True)
          )
          (leaky_relu): LeakyReLU(negative_slope=0.1)
        )
        (KPConv): KPConv(kernel_size: 15, in_channels: 32, out_channels: 32, radius: 0.0625, sigma: 0.05, bias: True)
        (norm_conv): GroupNorm(
          (norm): GroupNorm(32, 32, eps=1e-05, affine=True)
        )
        (unary2): UnaryBlock(
          (mlp): Linear(in_features=32, out_features=128, bias=True)
          (norm): GroupNorm(
            (norm): GroupNorm(32, 128, eps=1e-05, affine=True)
          )
        )
        (unary_shortcut): Identity()
        (leaky_relu): LeakyReLU(negative_slope=0.1)
      )
      (encoder2_2): ResidualBlock(
        (unary1): UnaryBlock(
          (mlp): Linear(in_features=131, out_features=64, bias=True)
          (norm): GroupNorm(
            (norm): GroupNorm(32, 64, eps=1e-05, affine=True)
          )
          (leaky_relu): LeakyReLU(negative_slope=0.1)
        )
        (KPConv): KPConv(kernel_size: 15, in_channels: 64, out_channels: 64, radius: 0.125, sigma: 0.1, bias: True)
        (norm_conv): GroupNorm(
          (norm): GroupNorm(32, 64, eps=1e-05, affine=True)
        )
        (unary2): UnaryBlock(
          (mlp): Linear(in_features=64, out_features=256, bias=True)
          (norm): GroupNorm(
            (norm): GroupNorm(32, 256, eps=1e-05, affine=True)
          )
        )
        (unary_shortcut): UnaryBlock(
          (mlp): Linear(in_features=131, out_features=256, bias=True)
          (norm): GroupNorm(
            (norm): GroupNorm(32, 256, eps=1e-05, affine=True)
          )
        )
        (leaky_relu): LeakyReLU(negative_slope=0.1)
      )
      (encoder2_3): ResidualBlock(
        (unary1): UnaryBlock(
          (mlp): Linear(in_features=256, out_features=64, bias=True)
          (norm): GroupNorm(
            (norm): GroupNorm(32, 64, eps=1e-05, affine=True)
          )
          (leaky_relu): LeakyReLU(negative_slope=0.1)
        )
        (KPConv): KPConv(kernel_size: 15, in_channels: 64, out_channels: 64, radius: 0.125, sigma: 0.1, bias: True)
        (norm_conv): GroupNorm(
          (norm): GroupNorm(32, 64, eps=1e-05, affine=True)
        )
        (unary2): UnaryBlock(
          (mlp): Linear(in_features=64, out_features=256, bias=True)
          (norm): GroupNorm(
            (norm): GroupNorm(32, 256, eps=1e-05, affine=True)
          )
        )
        (unary_shortcut): Identity()
        (leaky_relu): LeakyReLU(negative_slope=0.1)
      )
      (encoder3_1): ResidualBlock(
        (unary1): UnaryBlock(
          (mlp): Linear(in_features=256, out_features=64, bias=True)
          (norm): GroupNorm(
            (norm): GroupNorm(32, 64, eps=1e-05, affine=True)
          )
          (leaky_relu): LeakyReLU(negative_slope=0.1)
        )
        (KPConv): KPConv(kernel_size: 15, in_channels: 64, out_channels: 64, radius: 0.125, sigma: 0.1, bias: True)
        (norm_conv): GroupNorm(
          (norm): GroupNorm(32, 64, eps=1e-05, affine=True)
        )
        (unary2): UnaryBlock(
          (mlp): Linear(in_features=64, out_features=256, bias=True)
          (norm): GroupNorm(
            (norm): GroupNorm(32, 256, eps=1e-05, affine=True)
          )
        )
        (unary_shortcut): Identity()
        (leaky_relu): LeakyReLU(negative_slope=0.1)
      )
      (encoder3_2): ResidualBlock(
        (unary1): UnaryBlock(
          (mlp): Linear(in_features=259, out_features=128, bias=True)
          (norm): GroupNorm(
            (norm): GroupNorm(32, 128, eps=1e-05, affine=True)
          )
          (leaky_relu): LeakyReLU(negative_slope=0.1)
        )
        (KPConv): KPConv(kernel_size: 15, in_channels: 128, out_channels: 128, radius: 0.25, sigma: 0.2, bias: True)
        (norm_conv): GroupNorm(
          (norm): GroupNorm(32, 128, eps=1e-05, affine=True)
        )
        (unary2): UnaryBlock(
          (mlp): Linear(in_features=128, out_features=512, bias=True)
          (norm): GroupNorm(
            (norm): GroupNorm(32, 512, eps=1e-05, affine=True)
          )
        )
        (unary_shortcut): UnaryBlock(
          (mlp): Linear(in_features=259, out_features=512, bias=True)
          (norm): GroupNorm(
            (norm): GroupNorm(32, 512, eps=1e-05, affine=True)
          )
        )
        (leaky_relu): LeakyReLU(negative_slope=0.1)
      )
      (encoder3_3): ResidualBlock(
        (unary1): UnaryBlock(
          (mlp): Linear(in_features=512, out_features=128, bias=True)
          (norm): GroupNorm(
            (norm): GroupNorm(32, 128, eps=1e-05, affine=True)
          )
          (leaky_relu): LeakyReLU(negative_slope=0.1)
        )
        (KPConv): KPConv(kernel_size: 15, in_channels: 128, out_channels: 128, radius: 0.25, sigma: 0.2, bias: True)
        (norm_conv): GroupNorm(
          (norm): GroupNorm(32, 128, eps=1e-05, affine=True)
        )
        (unary2): UnaryBlock(
          (mlp): Linear(in_features=128, out_features=512, bias=True)
          (norm): GroupNorm(
            (norm): GroupNorm(32, 512, eps=1e-05, affine=True)
          )
        )
        (unary_shortcut): Identity()
        (leaky_relu): LeakyReLU(negative_slope=0.1)
      )
      (encoder4_1): ResidualBlock(
        (unary1): UnaryBlock(
          (mlp): Linear(in_features=512, out_features=128, bias=True)
          (norm): GroupNorm(
            (norm): GroupNorm(32, 128, eps=1e-05, affine=True)
          )
          (leaky_relu): LeakyReLU(negative_slope=0.1)
        )
        (KPConv): KPConv(kernel_size: 15, in_channels: 128, out_channels: 128, radius: 0.25, sigma: 0.2, bias: True)
        (norm_conv): GroupNorm(
          (norm): GroupNorm(32, 128, eps=1e-05, affine=True)
        )
        (unary2): UnaryBlock(
          (mlp): Linear(in_features=128, out_features=512, bias=True)
          (norm): GroupNorm(
            (norm): GroupNorm(32, 512, eps=1e-05, affine=True)
          )
        )
        (unary_shortcut): Identity()
        (leaky_relu): LeakyReLU(negative_slope=0.1)
      )
      (encoder4_2): ResidualBlock(
        (unary1): UnaryBlock(
          (mlp): Linear(in_features=512, out_features=256, bias=True)
          (norm): GroupNorm(
            (norm): GroupNorm(32, 256, eps=1e-05, affine=True)
          )
          (leaky_relu): LeakyReLU(negative_slope=0.1)
        )
        (KPConv): KPConv(kernel_size: 15, in_channels: 256, out_channels: 256, radius: 0.5, sigma: 0.4, bias: True)
        (norm_conv): GroupNorm(
          (norm): GroupNorm(32, 256, eps=1e-05, affine=True)
        )
        (unary2): UnaryBlock(
          (mlp): Linear(in_features=256, out_features=1024, bias=True)
          (norm): GroupNorm(
            (norm): GroupNorm(32, 1024, eps=1e-05, affine=True)
          )
        )
        (unary_shortcut): UnaryBlock(
          (mlp): Linear(in_features=512, out_features=1024, bias=True)
          (norm): GroupNorm(
            (norm): GroupNorm(32, 1024, eps=1e-05, affine=True)
          )
        )
        (leaky_relu): LeakyReLU(negative_slope=0.1)
      )
      (encoder4_3): ResidualBlock(
        (unary1): UnaryBlock(
          (mlp): Linear(in_features=1024, out_features=256, bias=True)
          (norm): GroupNorm(
            (norm): GroupNorm(32, 256, eps=1e-05, affine=True)
          )
          (leaky_relu): LeakyReLU(negative_slope=0.1)
        )
        (KPConv): KPConv(kernel_size: 15, in_channels: 256, out_channels: 256, radius: 0.5, sigma: 0.4, bias: True)
        (norm_conv): GroupNorm(
          (norm): GroupNorm(32, 256, eps=1e-05, affine=True)
        )
        (unary2): UnaryBlock(
          (mlp): Linear(in_features=256, out_features=1024, bias=True)
          (norm): GroupNorm(
            (norm): GroupNorm(32, 1024, eps=1e-05, affine=True)
          )
        )
        (unary_shortcut): Identity()
        (leaky_relu): LeakyReLU(negative_slope=0.1)
      )
      (decoder3): UnaryBlock(
        (mlp): Linear(in_features=1536, out_features=512, bias=True)
        (norm): GroupNorm(
          (norm): GroupNorm(32, 512, eps=1e-05, affine=True)
        )
        (leaky_relu): LeakyReLU(negative_slope=0.1)
      )
      (decoder2): LastUnaryBlock(
        (mlp): Linear(in_features=768, out_features=256, bias=True)
      )
    )
    (transformer): GeometricTransformer(
      (embedding): GeometricStructureEmbedding(
        (embedding): SinusoidalPositionalEmbedding()
        (proj_d): Linear(in_features=256, out_features=256, bias=True)
        (proj_a): Linear(in_features=256, out_features=256, bias=True)
        (proj_hd): Linear(in_features=256, out_features=256, bias=True)
        (add_mlp): Linear(in_features=512, out_features=256, bias=True)
      )
      (in_proj): Linear(in_features=1024, out_features=256, bias=True)
      (transformer): RPEConditionalTransformer(
        (layers): ModuleList(
          (0): RPETransformerLayer(
            (attention): RPEAttentionLayer(
              (attention): RPEMultiHeadAttention(
                (proj_q): Linear(in_features=256, out_features=256, bias=True)
                (proj_k): Linear(in_features=256, out_features=256, bias=True)
                (proj_v): Linear(in_features=256, out_features=256, bias=True)
                (proj_p): Linear(in_features=256, out_features=256, bias=True)
                (dropout): Identity()
              )
              (linear): Linear(in_features=256, out_features=256, bias=True)
              (dropout): Identity()
              (norm): LayerNorm((256,), eps=1e-05, elementwise_affine=True)
            )
            (output): AttentionOutput(
              (expand): Linear(in_features=256, out_features=512, bias=True)
              (activation): ReLU()
              (squeeze): Linear(in_features=512, out_features=256, bias=True)
              (dropout): Identity()
              (norm): LayerNorm((256,), eps=1e-05, elementwise_affine=True)
            )
          )
          (1): TransformerLayer(
            (attention): AttentionLayer(
              (attention): MultiHeadAttention(
                (proj_q): Linear(in_features=256, out_features=256, bias=True)
                (proj_k): Linear(in_features=256, out_features=256, bias=True)
                (proj_v): Linear(in_features=256, out_features=256, bias=True)
                (dropout): Identity()
              )
              (linear): Linear(in_features=256, out_features=256, bias=True)
              (dropout): Identity()
              (norm): LayerNorm((256,), eps=1e-05, elementwise_affine=True)
            )
            (output): AttentionOutput(
              (expand): Linear(in_features=256, out_features=512, bias=True)
              (activation): ReLU()
              (squeeze): Linear(in_features=512, out_features=256, bias=True)
              (dropout): Identity()
              (norm): LayerNorm((256,), eps=1e-05, elementwise_affine=True)
            )
          )
          (2): RPETransformerLayer(
            (attention): RPEAttentionLayer(
              (attention): RPEMultiHeadAttention(
                (proj_q): Linear(in_features=256, out_features=256, bias=True)
                (proj_k): Linear(in_features=256, out_features=256, bias=True)
                (proj_v): Linear(in_features=256, out_features=256, bias=True)
                (proj_p): Linear(in_features=256, out_features=256, bias=True)
                (dropout): Identity()
              )
              (linear): Linear(in_features=256, out_features=256, bias=True)
              (dropout): Identity()
              (norm): LayerNorm((256,), eps=1e-05, elementwise_affine=True)
            )
            (output): AttentionOutput(
              (expand): Linear(in_features=256, out_features=512, bias=True)
              (activation): ReLU()
              (squeeze): Linear(in_features=512, out_features=256, bias=True)
              (dropout): Identity()
              (norm): LayerNorm((256,), eps=1e-05, elementwise_affine=True)
            )
          )
          (3): TransformerLayer(
            (attention): AttentionLayer(
              (attention): MultiHeadAttention(
                (proj_q): Linear(in_features=256, out_features=256, bias=True)
                (proj_k): Linear(in_features=256, out_features=256, bias=True)
                (proj_v): Linear(in_features=256, out_features=256, bias=True)
                (dropout): Identity()
              )
              (linear): Linear(in_features=256, out_features=256, bias=True)
              (dropout): Identity()
              (norm): LayerNorm((256,), eps=1e-05, elementwise_affine=True)
            )
            (output): AttentionOutput(
              (expand): Linear(in_features=256, out_features=512, bias=True)
              (activation): ReLU()
              (squeeze): Linear(in_features=512, out_features=256, bias=True)
              (dropout): Identity()
              (norm): LayerNorm((256,), eps=1e-05, elementwise_affine=True)
            )
          )
          (4): RPETransformerLayer(
            (attention): RPEAttentionLayer(
              (attention): RPEMultiHeadAttention(
                (proj_q): Linear(in_features=256, out_features=256, bias=True)
                (proj_k): Linear(in_features=256, out_features=256, bias=True)
                (proj_v): Linear(in_features=256, out_features=256, bias=True)
                (proj_p): Linear(in_features=256, out_features=256, bias=True)
                (dropout): Identity()
              )
              (linear): Linear(in_features=256, out_features=256, bias=True)
              (dropout): Identity()
              (norm): LayerNorm((256,), eps=1e-05, elementwise_affine=True)
            )
            (output): AttentionOutput(
              (expand): Linear(in_features=256, out_features=512, bias=True)
              (activation): ReLU()
              (squeeze): Linear(in_features=512, out_features=256, bias=True)
              (dropout): Identity()
              (norm): LayerNorm((256,), eps=1e-05, elementwise_affine=True)
            )
          )
          (5): TransformerLayer(
            (attention): AttentionLayer(
              (attention): MultiHeadAttention(
                (proj_q): Linear(in_features=256, out_features=256, bias=True)
                (proj_k): Linear(in_features=256, out_features=256, bias=True)
                (proj_v): Linear(in_features=256, out_features=256, bias=True)
                (dropout): Identity()
              )
              (linear): Linear(in_features=256, out_features=256, bias=True)
              (dropout): Identity()
              (norm): LayerNorm((256,), eps=1e-05, elementwise_affine=True)
            )
            (output): AttentionOutput(
              (expand): Linear(in_features=256, out_features=512, bias=True)
              (activation): ReLU()
              (squeeze): Linear(in_features=512, out_features=256, bias=True)
              (dropout): Identity()
              (norm): LayerNorm((256,), eps=1e-05, elementwise_affine=True)
            )
          )
        )
      )
      (out_proj): Linear(in_features=256, out_features=256, bias=True)
    )
    (coarse_target): SuperPointTargetGenerator()
    (coarse_matching): SuperPointMatching()
    (fine_matching): LocalGlobalRegistration(
      (procrustes): WeightedProcrustes()
    )
    (optimal_transport): LearnableLogOptimalTransport(num_iterations=100)
    (prg): PartialRegistrationGenerator()
    (facw): FeatureConsistencyWeighting(
      (wnet): WeightingNet(
        (conv): Conv2d(768, 768, kernel_size=(1, 1), stride=(1, 1))
        (proj): Sequential(
          (0): Linear(in_features=768, out_features=128, bias=True)
          (1): PReLU(num_parameters=1)
        )
      )
      (proj): Sequential(
        (0): Linear(in_features=128, out_features=64, bias=True)
        (1): PReLU(num_parameters=1)
        (2): Linear(in_features=64, out_features=32, bias=True)
        (3): PReLU(num_parameters=1)
        (4): Linear(in_features=32, out_features=1, bias=True)
        (5): Sigmoid()
      )
    )
  )
)
[2025-07-04 09:30:29] [INFO] Loading from "../../weights/weights.pth.tar".
[2025-07-04 09:30:29] [WARN] Missing keys: {'facw.proj.3.weight', 'facw.proj.0.weight', 'facw.wnet.proj.1.weight', 'facw.wnet.conv.weight', 'facw.wnet.proj.0.bias', 'facw.wnet.conv.bias', 'facw.proj.4.bias', 'facw.proj.2.bias', 'facw.proj.0.bias', 'facw.proj.2.weight', 'facw.proj.4.weight', 'facw.wnet.proj.0.weight', 'facw.proj.1.weight'}
[2025-07-04 09:30:29] [INFO] freezing modules...
[2025-07-04 09:30:29] [INFO] Freezed modules: {'backbone', 'transformer', 'optimal_transport'}
[2025-07-04 09:30:29] [INFO] Non-freezed modules: {'facw'}
[2025-07-04 09:30:29] [INFO] Model has been loaded.
[2025-07-04 09:30:41] [INFO] Epoch: 1/30, iter: 10/2438, loss: 0.372, c_loss: 0.576, f_loss: 0.373, facw_loss: 0.372, PIR: 0.754, IR: 0.744, RRE: 1.260, RTE: 0.092, RMSE: 0.074, RR: 0.988, aRR: 1.000, aRR@0.3: 1.000, sRR: 1.000, lr: 8.000e-04, time: 0.549s/0.873s
[2025-07-04 09:30:49] [INFO] Epoch: 1/30, iter: 20/2438, loss: 0.214, c_loss: 0.578, f_loss: 0.413, facw_loss: 0.214, PIR: 0.739, IR: 0.706, RRE: 1.197, RTE: 0.036, RMSE: 0.019, RR: 1.000, aRR: 1.000, aRR@0.3: 1.000, sRR: 1.000, lr: 8.000e-04, time: 0.329s/0.812s
[2025-07-04 09:30:58] [INFO] Epoch: 1/30, iter: 30/2438, loss: 0.245, c_loss: 0.580, f_loss: 0.452, facw_loss: 0.245, PIR: 0.792, IR: 0.727, RRE: 1.187, RTE: 0.035, RMSE: 0.021, RR: 1.000, aRR: 1.000, aRR@0.3: 1.000, sRR: 1.000, lr: 8.000e-04, time: 0.260s/0.806s
[2025-07-04 09:31:07] [INFO] Epoch: 1/30, iter: 40/2438, loss: 0.128, c_loss: 0.580, f_loss: 0.414, facw_loss: 0.128, PIR: 0.754, IR: 0.723, RRE: 1.116, RTE: 0.032, RMSE: 0.019, RR: 1.000, aRR: 1.000, aRR@0.3: 1.000, sRR: 1.000, lr: 8.000e-04, time: 0.226s/0.796s
[2025-07-04 09:31:17] [INFO] Epoch: 1/30, iter: 50/2438, loss: 0.117, c_loss: 0.580, f_loss: 0.407, facw_loss: 0.117, PIR: 0.741, IR: 0.712, RRE: 1.380, RTE: 0.043, RMSE: 0.023, RR: 1.000, aRR: 1.000, aRR@0.3: 1.000, sRR: 1.000, lr: 8.000e-04, time: 0.206s/0.803s
[2025-07-04 09:31:26] [INFO] Epoch: 1/30, iter: 60/2438, loss: 0.173, c_loss: 0.581, f_loss: 0.427, facw_loss: 0.173, PIR: 0.792, IR: 0.734, RRE: 1.112, RTE: 0.036, RMSE: 0.019, RR: 1.000, aRR: 1.000, aRR@0.3: 1.000, sRR: 1.000, lr: 8.000e-04, time: 0.191s/0.808s
[2025-07-04 09:31:36] [INFO] Epoch: 1/30, iter: 70/2438, loss: 0.132, c_loss: 0.577, f_loss: 0.391, facw_loss: 0.132, PIR: 0.760, IR: 0.718, RRE: 1.227, RTE: 0.036, RMSE: 0.020, RR: 1.000, aRR: 1.000, aRR@0.3: 1.000, sRR: 1.000, lr: 8.000e-04, time: 0.180s/0.808s
[2025-07-04 09:31:45] [INFO] Epoch: 1/30, iter: 80/2438, loss: 0.127, c_loss: 0.580, f_loss: 0.397, facw_loss: 0.127, PIR: 0.755, IR: 0.718, RRE: 1.332, RTE: 0.045, RMSE: 0.024, RR: 1.000, aRR: 1.000, aRR@0.3: 1.000, sRR: 1.000, lr: 8.000e-04, time: 0.173s/0.807s
[2025-07-04 09:31:54] [INFO] Epoch: 1/30, iter: 90/2438, loss: 0.276, c_loss: 0.581, f_loss: 0.413, facw_loss: 0.276, PIR: 0.713, IR: 0.670, RRE: 1.328, RTE: 0.046, RMSE: 0.025, RR: 1.000, aRR: 1.000, aRR@0.3: 1.000, sRR: 1.000, lr: 8.000e-04, time: 0.166s/0.810s
[2025-07-04 09:32:03] [INFO] Epoch: 1/30, iter: 100/2438, loss: 0.184, c_loss: 0.577, f_loss: 0.415, facw_loss: 0.184, PIR: 0.742, IR: 0.715, RRE: 1.352, RTE: 0.042, RMSE: 0.022, RR: 1.000, aRR: 1.000, aRR@0.3: 1.000, sRR: 1.000, lr: 8.000e-04, time: 0.162s/0.807s
[2025-07-04 09:32:12] [INFO] Epoch: 1/30, iter: 110/2438, loss: 0.066, c_loss: 0.577, f_loss: 0.427, facw_loss: 0.066, PIR: 0.769, IR: 0.734, RRE: 1.153, RTE: 0.035, RMSE: 0.019, RR: 1.000, aRR: 1.000, aRR@0.3: 1.000, sRR: 1.000, lr: 8.000e-04, time: 0.158s/0.804s
[2025-07-04 09:32:22] [INFO] Epoch: 1/30, iter: 120/2438, loss: 0.083, c_loss: 0.580, f_loss: 0.415, facw_loss: 0.083, PIR: 0.767, IR: 0.735, RRE: 1.149, RTE: 0.037, RMSE: 0.019, RR: 1.000, aRR: 1.000, aRR@0.3: 1.000, sRR: 1.000, lr: 8.000e-04, time: 0.154s/0.807s
[2025-07-04 09:32:31] [INFO] Epoch: 1/30, iter: 130/2438, loss: 0.140, c_loss: 0.579, f_loss: 0.431, facw_loss: 0.140, PIR: 0.773, IR: 0.734, RRE: 1.086, RTE: 0.034, RMSE: 0.019, RR: 1.000, aRR: 1.000, aRR@0.3: 1.000, sRR: 1.000, lr: 8.000e-04, time: 0.151s/0.807s
[2025-07-04 09:32:40] [INFO] Epoch: 1/30, iter: 140/2438, loss: 0.079, c_loss: 0.578, f_loss: 0.434, facw_loss: 0.079, PIR: 0.752, IR: 0.720, RRE: 1.116, RTE: 0.033, RMSE: 0.018, RR: 1.000, aRR: 1.000, aRR@0.3: 1.000, sRR: 1.000, lr: 8.000e-04, time: 0.149s/0.806s
[2025-07-04 09:32:49] [INFO] Epoch: 1/30, iter: 150/2438, loss: 0.171, c_loss: 0.580, f_loss: 0.386, facw_loss: 0.171, PIR: 0.724, IR: 0.715, RRE: 1.240, RTE: 0.036, RMSE: 0.020, RR: 1.000, aRR: 1.000, aRR@0.3: 1.000, sRR: 1.000, lr: 8.000e-04, time: 0.146s/0.807s
[2025-07-04 09:32:58] [INFO] Epoch: 1/30, iter: 160/2438, loss: 0.062, c_loss: 0.575, f_loss: 0.467, facw_loss: 0.062, PIR: 0.809, IR: 0.746, RRE: 1.084, RTE: 0.030, RMSE: 0.016, RR: 1.000, aRR: 1.000, aRR@0.3: 1.000, sRR: 1.000, lr: 8.000e-04, time: 0.144s/0.806s
[2025-07-04 09:33:08] [INFO] Epoch: 1/30, iter: 170/2438, loss: 0.156, c_loss: 0.579, f_loss: 0.410, facw_loss: 0.156, PIR: 0.739, IR: 0.714, RRE: 1.181, RTE: 0.036, RMSE: 0.020, RR: 1.000, aRR: 1.000, aRR@0.3: 1.000, sRR: 1.000, lr: 8.000e-04, time: 0.143s/0.808s
[2025-07-04 09:33:17] [INFO] Epoch: 1/30, iter: 180/2438, loss: 0.150, c_loss: 0.580, f_loss: 0.430, facw_loss: 0.150, PIR: 0.743, IR: 0.719, RRE: 1.082, RTE: 0.034, RMSE: 0.018, RR: 1.000, aRR: 1.000, aRR@0.3: 1.000, sRR: 1.000, lr: 8.000e-04, time: 0.141s/0.806s
[2025-07-04 09:33:26] [INFO] Epoch: 1/30, iter: 190/2438, loss: 0.198, c_loss: 0.580, f_loss: 0.408, facw_loss: 0.198, PIR: 0.740, IR: 0.712, RRE: 1.205, RTE: 0.039, RMSE: 0.020, RR: 1.000, aRR: 1.000, aRR@0.3: 1.000, sRR: 1.000, lr: 8.000e-04, time: 0.140s/0.807s
[2025-07-04 09:33:36] [INFO] Epoch: 1/30, iter: 200/2438, loss: 0.107, c_loss: 0.580, f_loss: 0.394, facw_loss: 0.107, PIR: 0.744, IR: 0.681, RRE: 1.137, RTE: 0.034, RMSE: 0.020, RR: 1.000, aRR: 1.000, aRR@0.3: 1.000, sRR: 1.000, lr: 8.000e-04, time: 0.140s/0.807s
[2025-07-04 09:33:45] [INFO] Epoch: 1/30, iter: 210/2438, loss: 0.040, c_loss: 0.581, f_loss: 0.428, facw_loss: 0.040, PIR: 0.788, IR: 0.730, RRE: 1.056, RTE: 0.035, RMSE: 0.019, RR: 1.000, aRR: 1.000, aRR@0.3: 1.000, sRR: 1.000, lr: 8.000e-04, time: 0.138s/0.808s
[2025-07-04 09:33:54] [INFO] Epoch: 1/30, iter: 220/2438, loss: 0.073, c_loss: 0.580, f_loss: 0.390, facw_loss: 0.073, PIR: 0.741, IR: 0.706, RRE: 1.258, RTE: 0.041, RMSE: 0.022, RR: 1.000, aRR: 1.000, aRR@0.3: 1.000, sRR: 1.000, lr: 8.000e-04, time: 0.137s/0.808s
[2025-07-04 09:34:03] [INFO] Epoch: 1/30, iter: 230/2438, loss: 0.066, c_loss: 0.582, f_loss: 0.390, facw_loss: 0.066, PIR: 0.733, IR: 0.706, RRE: 1.300, RTE: 0.047, RMSE: 0.024, RR: 0.988, aRR: 1.000, aRR@0.3: 1.000, sRR: 1.000, lr: 8.000e-04, time: 0.136s/0.808s
[2025-07-04 09:34:12] [INFO] Epoch: 1/30, iter: 240/2438, loss: 0.101, c_loss: 0.579, f_loss: 0.420, facw_loss: 0.101, PIR: 0.754, IR: 0.732, RRE: 1.144, RTE: 0.033, RMSE: 0.019, RR: 1.000, aRR: 1.000, aRR@0.3: 1.000, sRR: 1.000, lr: 8.000e-04, time: 0.135s/0.807s
[2025-07-04 09:34:22] [INFO] Epoch: 1/30, iter: 250/2438, loss: 0.103, c_loss: 0.580, f_loss: 0.397, facw_loss: 0.103, PIR: 0.756, IR: 0.737, RRE: 1.092, RTE: 0.032, RMSE: 0.019, RR: 1.000, aRR: 1.000, aRR@0.3: 1.000, sRR: 1.000, lr: 8.000e-04, time: 0.134s/0.806s
[2025-07-04 09:34:31] [INFO] Epoch: 1/30, iter: 260/2438, loss: 0.146, c_loss: 0.582, f_loss: 0.393, facw_loss: 0.146, PIR: 0.737, IR: 0.703, RRE: 1.315, RTE: 0.042, RMSE: 0.022, RR: 1.000, aRR: 1.000, aRR@0.3: 1.000, sRR: 1.000, lr: 8.000e-04, time: 0.134s/0.805s
[2025-07-04 09:34:40] [INFO] Epoch: 1/30, iter: 270/2438, loss: 0.069, c_loss: 0.580, f_loss: 0.422, facw_loss: 0.069, PIR: 0.779, IR: 0.739, RRE: 1.232, RTE: 0.035, RMSE: 0.019, RR: 1.000, aRR: 1.000, aRR@0.3: 1.000, sRR: 1.000, lr: 8.000e-04, time: 0.134s/0.805s
[2025-07-04 09:34:49] [INFO] Epoch: 1/30, iter: 280/2438, loss: 0.235, c_loss: 0.575, f_loss: 0.414, facw_loss: 0.235, PIR: 0.742, IR: 0.723, RRE: 2.058, RTE: 0.052, RMSE: 0.027, RR: 0.988, aRR: 1.000, aRR@0.3: 1.000, sRR: 1.000, lr: 8.000e-04, time: 0.133s/0.805s
[2025-07-04 09:34:58] [INFO] Epoch: 1/30, iter: 290/2438, loss: 0.208, c_loss: 0.582, f_loss: 0.389, facw_loss: 0.208, PIR: 0.758, IR: 0.731, RRE: 1.309, RTE: 0.043, RMSE: 0.022, RR: 1.000, aRR: 1.000, aRR@0.3: 1.000, sRR: 1.000, lr: 8.000e-04, time: 0.133s/0.805s
[2025-07-04 09:35:08] [INFO] Epoch: 1/30, iter: 300/2438, loss: 0.198, c_loss: 0.579, f_loss: 0.407, facw_loss: 0.198, PIR: 0.727, IR: 0.704, RRE: 1.156, RTE: 0.033, RMSE: 0.020, RR: 1.000, aRR: 1.000, aRR@0.3: 1.000, sRR: 1.000, lr: 8.000e-04, time: 0.132s/0.805s
[2025-07-04 09:35:17] [INFO] Epoch: 1/30, iter: 310/2438, loss: 0.130, c_loss: 0.574, f_loss: 0.393, facw_loss: 0.130, PIR: 0.715, IR: 0.702, RRE: 1.094, RTE: 0.031, RMSE: 0.017, RR: 1.000, aRR: 1.000, aRR@0.3: 1.000, sRR: 1.000, lr: 8.000e-04, time: 0.131s/0.806s
[2025-07-04 09:35:26] [INFO] Epoch: 1/30, iter: 320/2438, loss: 0.050, c_loss: 0.580, f_loss: 0.364, facw_loss: 0.050, PIR: 0.733, IR: 0.699, RRE: 1.259, RTE: 0.040, RMSE: 0.022, RR: 1.000, aRR: 1.000, aRR@0.3: 1.000, sRR: 1.000, lr: 8.000e-04, time: 0.131s/0.806s
[2025-07-04 09:35:35] [INFO] Epoch: 1/30, iter: 330/2438, loss: 0.124, c_loss: 0.577, f_loss: 0.393, facw_loss: 0.124, PIR: 0.750, IR: 0.722, RRE: 1.152, RTE: 0.038, RMSE: 0.019, RR: 1.000, aRR: 1.000, aRR@0.3: 1.000, sRR: 1.000, lr: 8.000e-04, time: 0.130s/0.805s
[2025-07-04 09:35:44] [INFO] Epoch: 1/30, iter: 340/2438, loss: 0.078, c_loss: 0.574, f_loss: 0.429, facw_loss: 0.078, PIR: 0.764, IR: 0.731, RRE: 1.198, RTE: 0.036, RMSE: 0.020, RR: 1.000, aRR: 1.000, aRR@0.3: 1.000, sRR: 1.000, lr: 8.000e-04, time: 0.130s/0.804s
[2025-07-04 09:35:53] [INFO] Epoch: 1/30, iter: 350/2438, loss: 0.121, c_loss: 0.579, f_loss: 0.372, facw_loss: 0.121, PIR: 0.736, IR: 0.723, RRE: 1.272, RTE: 0.037, RMSE: 0.022, RR: 1.000, aRR: 1.000, aRR@0.3: 1.000, sRR: 1.000, lr: 8.000e-04, time: 0.129s/0.803s
[2025-07-04 09:36:02] [INFO] Epoch: 1/30, iter: 360/2438, loss: 0.097, c_loss: 0.580, f_loss: 0.387, facw_loss: 0.097, PIR: 0.734, IR: 0.709, RRE: 1.177, RTE: 0.039, RMSE: 0.020, RR: 1.000, aRR: 1.000, aRR@0.3: 1.000, sRR: 1.000, lr: 8.000e-04, time: 0.129s/0.803s
[2025-07-04 09:36:11] [INFO] Epoch: 1/30, iter: 370/2438, loss: 0.059, c_loss: 0.579, f_loss: 0.422, facw_loss: 0.059, PIR: 0.763, IR: 0.716, RRE: 1.199, RTE: 0.035, RMSE: 0.020, RR: 1.000, aRR: 1.000, aRR@0.3: 1.000, sRR: 1.000, lr: 8.000e-04, time: 0.129s/0.802s
[2025-07-04 09:36:20] [INFO] Epoch: 1/30, iter: 380/2438, loss: 0.088, c_loss: 0.575, f_loss: 0.371, facw_loss: 0.088, PIR: 0.728, IR: 0.733, RRE: 1.306, RTE: 0.037, RMSE: 0.020, RR: 1.000, aRR: 1.000, aRR@0.3: 1.000, sRR: 1.000, lr: 8.000e-04, time: 0.128s/0.801s
[2025-07-04 09:36:29] [INFO] Epoch: 1/30, iter: 390/2438, loss: 0.045, c_loss: 0.579, f_loss: 0.395, facw_loss: 0.045, PIR: 0.780, IR: 0.747, RRE: 1.137, RTE: 0.035, RMSE: 0.019, RR: 1.000, aRR: 1.000, aRR@0.3: 1.000, sRR: 1.000, lr: 8.000e-04, time: 0.128s/0.801s
[2025-07-04 09:36:38] [INFO] Epoch: 1/30, iter: 400/2438, loss: 0.059, c_loss: 0.574, f_loss: 0.439, facw_loss: 0.059, PIR: 0.760, IR: 0.730, RRE: 1.156, RTE: 0.033, RMSE: 0.018, RR: 1.000, aRR: 1.000, aRR@0.3: 1.000, sRR: 1.000, lr: 8.000e-04, time: 0.128s/0.801s
[2025-07-04 09:36:47] [INFO] Epoch: 1/30, iter: 410/2438, loss: 0.109, c_loss: 0.578, f_loss: 0.402, facw_loss: 0.109, PIR: 0.719, IR: 0.709, RRE: 1.236, RTE: 0.037, RMSE: 0.021, RR: 1.000, aRR: 1.000, aRR@0.3: 1.000, sRR: 1.000, lr: 8.000e-04, time: 0.128s/0.800s
[2025-07-04 09:36:55] [INFO] Epoch: 1/30, iter: 420/2438, loss: 0.066, c_loss: 0.576, f_loss: 0.445, facw_loss: 0.066, PIR: 0.776, IR: 0.739, RRE: 1.149, RTE: 0.035, RMSE: 0.019, RR: 1.000, aRR: 1.000, aRR@0.3: 1.000, sRR: 1.000, lr: 8.000e-04, time: 0.127s/0.799s
[2025-07-04 09:37:05] [INFO] Epoch: 1/30, iter: 430/2438, loss: 0.106, c_loss: 0.580, f_loss: 0.404, facw_loss: 0.106, PIR: 0.747, IR: 0.717, RRE: 1.135, RTE: 0.037, RMSE: 0.020, RR: 1.000, aRR: 1.000, aRR@0.3: 1.000, sRR: 1.000, lr: 8.000e-04, time: 0.127s/0.799s
[2025-07-04 09:37:14] [INFO] Epoch: 1/30, iter: 440/2438, loss: 0.117, c_loss: 0.573, f_loss: 0.387, facw_loss: 0.117, PIR: 0.745, IR: 0.715, RRE: 1.272, RTE: 0.037, RMSE: 0.021, RR: 1.000, aRR: 1.000, aRR@0.3: 1.000, sRR: 1.000, lr: 8.000e-04, time: 0.127s/0.799s
[2025-07-04 09:37:22] [INFO] Epoch: 1/30, iter: 450/2438, loss: 0.147, c_loss: 0.579, f_loss: 0.393, facw_loss: 0.147, PIR: 0.729, IR: 0.710, RRE: 1.208, RTE: 0.037, RMSE: 0.021, RR: 1.000, aRR: 1.000, aRR@0.3: 1.000, sRR: 1.000, lr: 8.000e-04, time: 0.127s/0.798s
[2025-07-04 09:37:31] [INFO] Epoch: 1/30, iter: 460/2438, loss: 0.069, c_loss: 0.577, f_loss: 0.436, facw_loss: 0.069, PIR: 0.763, IR: 0.727, RRE: 1.123, RTE: 0.034, RMSE: 0.019, RR: 1.000, aRR: 1.000, aRR@0.3: 1.000, sRR: 1.000, lr: 8.000e-04, time: 0.126s/0.798s
[2025-07-04 09:37:40] [INFO] Epoch: 1/30, iter: 470/2438, loss: 0.076, c_loss: 0.577, f_loss: 0.433, facw_loss: 0.076, PIR: 0.772, IR: 0.733, RRE: 1.082, RTE: 0.031, RMSE: 0.017, RR: 1.000, aRR: 1.000, aRR@0.3: 1.000, sRR: 1.000, lr: 8.000e-04, time: 0.126s/0.797s
[2025-07-04 09:37:50] [INFO] Epoch: 1/30, iter: 480/2438, loss: 0.145, c_loss: 0.580, f_loss: 0.411, facw_loss: 0.145, PIR: 0.694, IR: 0.684, RRE: 1.468, RTE: 0.041, RMSE: 0.024, RR: 1.000, aRR: 1.000, aRR@0.3: 1.000, sRR: 1.000, lr: 8.000e-04, time: 0.126s/0.798s
[2025-07-04 09:37:59] [INFO] Epoch: 1/30, iter: 490/2438, loss: 0.067, c_loss: 0.578, f_loss: 0.444, facw_loss: 0.067, PIR: 0.792, IR: 0.748, RRE: 1.148, RTE: 0.033, RMSE: 0.019, RR: 1.000, aRR: 1.000, aRR@0.3: 1.000, sRR: 1.000, lr: 8.000e-04, time: 0.126s/0.797s
[2025-07-04 09:38:08] [INFO] Epoch: 1/30, iter: 500/2438, loss: 0.094, c_loss: 0.579, f_loss: 0.399, facw_loss: 0.094, PIR: 0.745, IR: 0.711, RRE: 1.189, RTE: 0.037, RMSE: 0.021, RR: 1.000, aRR: 1.000, aRR@0.3: 1.000, sRR: 1.000, lr: 8.000e-04, time: 0.126s/0.797s
[2025-07-04 09:38:17] [INFO] Epoch: 1/30, iter: 510/2438, loss: 0.087, c_loss: 0.583, f_loss: 0.419, facw_loss: 0.087, PIR: 0.739, IR: 0.714, RRE: 1.205, RTE: 0.036, RMSE: 0.020, RR: 1.000, aRR: 1.000, aRR@0.3: 1.000, sRR: 1.000, lr: 8.000e-04, time: 0.126s/0.798s
[2025-07-04 09:38:26] [INFO] Epoch: 1/30, iter: 520/2438, loss: 0.086, c_loss: 0.580, f_loss: 0.439, facw_loss: 0.086, PIR: 0.755, IR: 0.722, RRE: 1.075, RTE: 0.033, RMSE: 0.018, RR: 1.000, aRR: 1.000, aRR@0.3: 1.000, sRR: 1.000, lr: 8.000e-04, time: 0.125s/0.798s
[2025-07-04 09:38:35] [INFO] Epoch: 1/30, iter: 530/2438, loss: 0.150, c_loss: 0.576, f_loss: 0.433, facw_loss: 0.150, PIR: 0.789, IR: 0.733, RRE: 1.170, RTE: 0.038, RMSE: 0.021, RR: 1.000, aRR: 1.000, aRR@0.3: 1.000, sRR: 1.000, lr: 8.000e-04, time: 0.125s/0.797s
[2025-07-04 09:38:44] [INFO] Epoch: 1/30, iter: 540/2438, loss: 0.193, c_loss: 0.581, f_loss: 0.378, facw_loss: 0.193, PIR: 0.722, IR: 0.702, RRE: 1.962, RTE: 0.058, RMSE: 0.027, RR: 0.988, aRR: 1.000, aRR@0.3: 1.000, sRR: 1.000, lr: 8.000e-04, time: 0.125s/0.797s
[2025-07-04 09:38:53] [INFO] Epoch: 1/30, iter: 550/2438, loss: 0.096, c_loss: 0.579, f_loss: 0.421, facw_loss: 0.096, PIR: 0.781, IR: 0.748, RRE: 1.146, RTE: 0.035, RMSE: 0.018, RR: 1.000, aRR: 1.000, aRR@0.3: 1.000, sRR: 1.000, lr: 8.000e-04, time: 0.125s/0.796s
[2025-07-04 09:39:02] [INFO] Epoch: 1/30, iter: 560/2438, loss: 0.171, c_loss: 0.580, f_loss: 0.420, facw_loss: 0.171, PIR: 0.767, IR: 0.731, RRE: 1.149, RTE: 0.034, RMSE: 0.018, RR: 1.000, aRR: 1.000, aRR@0.3: 1.000, sRR: 1.000, lr: 8.000e-04, time: 0.125s/0.796s
[2025-07-04 09:39:11] [INFO] Epoch: 1/30, iter: 570/2438, loss: 0.087, c_loss: 0.578, f_loss: 0.407, facw_loss: 0.087, PIR: 0.754, IR: 0.728, RRE: 1.193, RTE: 0.036, RMSE: 0.020, RR: 1.000, aRR: 1.000, aRR@0.3: 1.000, sRR: 1.000, lr: 8.000e-04, time: 0.125s/0.796s
[2025-07-04 09:39:20] [INFO] Epoch: 1/30, iter: 580/2438, loss: 0.145, c_loss: 0.576, f_loss: 0.399, facw_loss: 0.145, PIR: 0.760, IR: 0.706, RRE: 1.117, RTE: 0.039, RMSE: 0.020, RR: 1.000, aRR: 1.000, aRR@0.3: 1.000, sRR: 1.000, lr: 8.000e-04, time: 0.125s/0.796s
[2025-07-04 09:39:30] [INFO] Epoch: 1/30, iter: 590/2438, loss: 0.176, c_loss: 0.584, f_loss: 0.419, facw_loss: 0.176, PIR: 0.736, IR: 0.694, RRE: 1.172, RTE: 0.035, RMSE: 0.021, RR: 1.000, aRR: 1.000, aRR@0.3: 1.000, sRR: 1.000, lr: 8.000e-04, time: 0.125s/0.797s
[2025-07-04 09:39:39] [INFO] Epoch: 1/30, iter: 600/2438, loss: 0.095, c_loss: 0.576, f_loss: 0.460, facw_loss: 0.095, PIR: 0.804, IR: 0.757, RRE: 1.053, RTE: 0.031, RMSE: 0.017, RR: 1.000, aRR: 1.000, aRR@0.3: 1.000, sRR: 1.000, lr: 8.000e-04, time: 0.124s/0.796s
[2025-07-04 09:39:48] [INFO] Epoch: 1/30, iter: 610/2438, loss: 0.098, c_loss: 0.582, f_loss: 0.381, facw_loss: 0.098, PIR: 0.708, IR: 0.706, RRE: 1.152, RTE: 0.033, RMSE: 0.019, RR: 1.000, aRR: 1.000, aRR@0.3: 1.000, sRR: 1.000, lr: 8.000e-04, time: 0.124s/0.797s
[2025-07-04 09:39:57] [INFO] Epoch: 1/30, iter: 620/2438, loss: 0.068, c_loss: 0.583, f_loss: 0.378, facw_loss: 0.068, PIR: 0.745, IR: 0.711, RRE: 1.237, RTE: 0.039, RMSE: 0.021, RR: 1.000, aRR: 1.000, aRR@0.3: 1.000, sRR: 1.000, lr: 8.000e-04, time: 0.124s/0.797s
[2025-07-04 09:40:07] [INFO] Epoch: 1/30, iter: 630/2438, loss: 0.127, c_loss: 0.583, f_loss: 0.391, facw_loss: 0.127, PIR: 0.711, IR: 0.698, RRE: 1.215, RTE: 0.037, RMSE: 0.022, RR: 1.000, aRR: 1.000, aRR@0.3: 1.000, sRR: 1.000, lr: 8.000e-04, time: 0.124s/0.797s
[2025-07-04 09:40:16] [INFO] Epoch: 1/30, iter: 640/2438, loss: 0.085, c_loss: 0.582, f_loss: 0.398, facw_loss: 0.085, PIR: 0.737, IR: 0.713, RRE: 1.450, RTE: 0.041, RMSE: 0.023, RR: 0.988, aRR: 1.000, aRR@0.3: 1.000, sRR: 1.000, lr: 8.000e-04, time: 0.124s/0.797s
[2025-07-04 09:40:25] [INFO] Epoch: 1/30, iter: 650/2438, loss: 0.066, c_loss: 0.574, f_loss: 0.423, facw_loss: 0.066, PIR: 0.766, IR: 0.734, RRE: 1.110, RTE: 0.034, RMSE: 0.020, RR: 1.000, aRR: 1.000, aRR@0.3: 1.000, sRR: 1.000, lr: 8.000e-04, time: 0.124s/0.797s
[2025-07-04 09:40:34] [INFO] Epoch: 1/30, iter: 660/2438, loss: 0.063, c_loss: 0.580, f_loss: 0.388, facw_loss: 0.063, PIR: 0.720, IR: 0.696, RRE: 1.163, RTE: 0.035, RMSE: 0.020, RR: 1.000, aRR: 1.000, aRR@0.3: 1.000, sRR: 1.000, lr: 8.000e-04, time: 0.124s/0.798s
[2025-07-04 09:40:44] [INFO] Epoch: 1/30, iter: 670/2438, loss: 0.188, c_loss: 0.577, f_loss: 0.400, facw_loss: 0.188, PIR: 0.700, IR: 0.689, RRE: 1.207, RTE: 0.043, RMSE: 0.023, RR: 1.000, aRR: 1.000, aRR@0.3: 1.000, sRR: 1.000, lr: 8.000e-04, time: 0.124s/0.798s
[2025-07-04 09:40:53] [INFO] Epoch: 1/30, iter: 680/2438, loss: 0.056, c_loss: 0.580, f_loss: 0.404, facw_loss: 0.056, PIR: 0.772, IR: 0.746, RRE: 1.186, RTE: 0.032, RMSE: 0.019, RR: 1.000, aRR: 1.000, aRR@0.3: 1.000, sRR: 1.000, lr: 8.000e-04, time: 0.123s/0.798s
[2025-07-04 09:41:02] [INFO] Epoch: 1/30, iter: 690/2438, loss: 0.111, c_loss: 0.581, f_loss: 0.378, facw_loss: 0.111, PIR: 0.725, IR: 0.707, RRE: 1.187, RTE: 0.037, RMSE: 0.020, RR: 1.000, aRR: 1.000, aRR@0.3: 1.000, sRR: 1.000, lr: 8.000e-04, time: 0.123s/0.798s
[2025-07-04 09:41:11] [INFO] Epoch: 1/30, iter: 700/2438, loss: 0.082, c_loss: 0.579, f_loss: 0.416, facw_loss: 0.082, PIR: 0.763, IR: 0.734, RRE: 1.153, RTE: 0.036, RMSE: 0.021, RR: 1.000, aRR: 1.000, aRR@0.3: 1.000, sRR: 1.000, lr: 8.000e-04, time: 0.123s/0.798s
[2025-07-04 09:41:21] [INFO] Epoch: 1/30, iter: 710/2438, loss: 0.074, c_loss: 0.580, f_loss: 0.393, facw_loss: 0.074, PIR: 0.715, IR: 0.692, RRE: 1.330, RTE: 0.042, RMSE: 0.023, RR: 1.000, aRR: 1.000, aRR@0.3: 1.000, sRR: 1.000, lr: 8.000e-04, time: 0.123s/0.799s
[2025-07-04 09:41:30] [INFO] Epoch: 1/30, iter: 720/2438, loss: 0.113, c_loss: 0.581, f_loss: 0.422, facw_loss: 0.113, PIR: 0.800, IR: 0.758, RRE: 1.226, RTE: 0.037, RMSE: 0.020, RR: 1.000, aRR: 1.000, aRR@0.3: 1.000, sRR: 1.000, lr: 8.000e-04, time: 0.123s/0.799s
[2025-07-04 09:41:39] [INFO] Epoch: 1/30, iter: 730/2438, loss: 0.059, c_loss: 0.578, f_loss: 0.415, facw_loss: 0.059, PIR: 0.780, IR: 0.754, RRE: 1.133, RTE: 0.034, RMSE: 0.017, RR: 1.000, aRR: 1.000, aRR@0.3: 1.000, sRR: 1.000, lr: 8.000e-04, time: 0.123s/0.799s
[2025-07-04 09:41:49] [INFO] Epoch: 1/30, iter: 740/2438, loss: 0.171, c_loss: 0.573, f_loss: 0.419, facw_loss: 0.171, PIR: 0.736, IR: 0.723, RRE: 3.227, RTE: 0.087, RMSE: 0.039, RR: 0.988, aRR: 1.000, aRR@0.3: 1.000, sRR: 1.000, lr: 8.000e-04, time: 0.123s/0.799s
[2025-07-04 09:41:57] [INFO] Epoch: 1/30, iter: 750/2438, loss: 0.119, c_loss: 0.577, f_loss: 0.443, facw_loss: 0.119, PIR: 0.789, IR: 0.752, RRE: 1.196, RTE: 0.033, RMSE: 0.019, RR: 1.000, aRR: 1.000, aRR@0.3: 1.000, sRR: 1.000, lr: 8.000e-04, time: 0.122s/0.799s
[2025-07-04 09:42:06] [INFO] Epoch: 1/30, iter: 760/2438, loss: 0.099, c_loss: 0.583, f_loss: 0.405, facw_loss: 0.099, PIR: 0.708, IR: 0.691, RRE: 1.177, RTE: 0.036, RMSE: 0.019, RR: 1.000, aRR: 1.000, aRR@0.3: 1.000, sRR: 1.000, lr: 8.000e-04, time: 0.122s/0.799s
[2025-07-04 09:42:15] [INFO] Epoch: 1/30, iter: 770/2438, loss: 0.062, c_loss: 0.576, f_loss: 0.435, facw_loss: 0.062, PIR: 0.720, IR: 0.700, RRE: 1.242, RTE: 0.034, RMSE: 0.020, RR: 1.000, aRR: 1.000, aRR@0.3: 1.000, sRR: 1.000, lr: 8.000e-04, time: 0.122s/0.798s
[2025-07-04 09:42:24] [INFO] Epoch: 1/30, iter: 780/2438, loss: 0.132, c_loss: 0.580, f_loss: 0.408, facw_loss: 0.132, PIR: 0.734, IR: 0.710, RRE: 3.369, RTE: 0.093, RMSE: 0.040, RR: 0.988, aRR: 1.000, aRR@0.3: 1.000, sRR: 1.000, lr: 8.000e-04, time: 0.122s/0.798s
[2025-07-04 09:42:33] [INFO] Epoch: 1/30, iter: 790/2438, loss: 0.088, c_loss: 0.575, f_loss: 0.426, facw_loss: 0.088, PIR: 0.774, IR: 0.728, RRE: 1.141, RTE: 0.038, RMSE: 0.020, RR: 1.000, aRR: 1.000, aRR@0.3: 1.000, sRR: 1.000, lr: 8.000e-04, time: 0.122s/0.797s
[2025-07-04 09:42:42] [INFO] Epoch: 1/30, iter: 800/2438, loss: 0.078, c_loss: 0.575, f_loss: 0.406, facw_loss: 0.078, PIR: 0.782, IR: 0.743, RRE: 1.263, RTE: 0.041, RMSE: 0.020, RR: 1.000, aRR: 1.000, aRR@0.3: 1.000, sRR: 1.000, lr: 8.000e-04, time: 0.122s/0.797s
[2025-07-04 09:42:51] [INFO] Epoch: 1/30, iter: 810/2438, loss: 0.085, c_loss: 0.578, f_loss: 0.408, facw_loss: 0.085, PIR: 0.735, IR: 0.720, RRE: 1.208, RTE: 0.036, RMSE: 0.021, RR: 1.000, aRR: 1.000, aRR@0.3: 1.000, sRR: 1.000, lr: 8.000e-04, time: 0.122s/0.797s
[2025-07-04 09:43:00] [INFO] Epoch: 1/30, iter: 820/2438, loss: 0.062, c_loss: 0.576, f_loss: 0.429, facw_loss: 0.062, PIR: 0.758, IR: 0.737, RRE: 1.178, RTE: 0.032, RMSE: 0.019, RR: 1.000, aRR: 1.000, aRR@0.3: 1.000, sRR: 1.000, lr: 8.000e-04, time: 0.122s/0.797s
[2025-07-04 09:43:09] [INFO] Epoch: 1/30, iter: 830/2438, loss: 0.128, c_loss: 0.580, f_loss: 0.374, facw_loss: 0.128, PIR: 0.706, IR: 0.680, RRE: 1.402, RTE: 0.050, RMSE: 0.026, RR: 1.000, aRR: 1.000, aRR@0.3: 1.000, sRR: 1.000, lr: 8.000e-04, time: 0.122s/0.797s
[2025-07-04 09:43:18] [INFO] Epoch: 1/30, iter: 840/2438, loss: 0.105, c_loss: 0.576, f_loss: 0.433, facw_loss: 0.105, PIR: 0.751, IR: 0.721, RRE: 1.271, RTE: 0.035, RMSE: 0.020, RR: 1.000, aRR: 1.000, aRR@0.3: 1.000, sRR: 1.000, lr: 8.000e-04, time: 0.122s/0.797s
[2025-07-04 09:43:27] [INFO] Epoch: 1/30, iter: 850/2438, loss: 0.106, c_loss: 0.575, f_loss: 0.437, facw_loss: 0.106, PIR: 0.818, IR: 0.767, RRE: 1.160, RTE: 0.033, RMSE: 0.019, RR: 1.000, aRR: 1.000, aRR@0.3: 1.000, sRR: 1.000, lr: 8.000e-04, time: 0.122s/0.797s
[2025-07-04 09:43:36] [INFO] Epoch: 1/30, iter: 860/2438, loss: 0.066, c_loss: 0.580, f_loss: 0.402, facw_loss: 0.066, PIR: 0.719, IR: 0.690, RRE: 1.126, RTE: 0.035, RMSE: 0.021, RR: 1.000, aRR: 1.000, aRR@0.3: 1.000, sRR: 1.000, lr: 8.000e-04, time: 0.122s/0.797s
[2025-07-04 09:43:46] [INFO] Epoch: 1/30, iter: 870/2438, loss: 0.091, c_loss: 0.583, f_loss: 0.418, facw_loss: 0.091, PIR: 0.760, IR: 0.728, RRE: 1.210, RTE: 0.035, RMSE: 0.021, RR: 1.000, aRR: 1.000, aRR@0.3: 1.000, sRR: 1.000, lr: 8.000e-04, time: 0.122s/0.797s
[2025-07-04 09:43:55] [INFO] Epoch: 1/30, iter: 880/2438, loss: 0.082, c_loss: 0.577, f_loss: 0.401, facw_loss: 0.082, PIR: 0.776, IR: 0.750, RRE: 0.993, RTE: 0.028, RMSE: 0.016, RR: 1.000, aRR: 1.000, aRR@0.3: 1.000, sRR: 1.000, lr: 8.000e-04, time: 0.122s/0.797s
[2025-07-04 09:44:04] [INFO] Epoch: 1/30, iter: 890/2438, loss: 0.090, c_loss: 0.578, f_loss: 0.428, facw_loss: 0.090, PIR: 0.738, IR: 0.719, RRE: 1.197, RTE: 0.034, RMSE: 0.019, RR: 1.000, aRR: 1.000, aRR@0.3: 1.000, sRR: 1.000, lr: 8.000e-04, time: 0.121s/0.797s
[2025-07-04 09:44:13] [INFO] Epoch: 1/30, iter: 900/2438, loss: 0.057, c_loss: 0.577, f_loss: 0.433, facw_loss: 0.057, PIR: 0.767, IR: 0.737, RRE: 1.285, RTE: 0.040, RMSE: 0.022, RR: 1.000, aRR: 1.000, aRR@0.3: 1.000, sRR: 1.000, lr: 8.000e-04, time: 0.121s/0.797s
[2025-07-04 09:44:22] [INFO] Epoch: 1/30, iter: 910/2438, loss: 0.117, c_loss: 0.578, f_loss: 0.389, facw_loss: 0.117, PIR: 0.733, IR: 0.728, RRE: 1.180, RTE: 0.033, RMSE: 0.019, RR: 1.000, aRR: 1.000, aRR@0.3: 1.000, sRR: 1.000, lr: 8.000e-04, time: 0.121s/0.797s
[2025-07-04 09:44:31] [INFO] Epoch: 1/30, iter: 920/2438, loss: 0.077, c_loss: 0.581, f_loss: 0.413, facw_loss: 0.077, PIR: 0.754, IR: 0.707, RRE: 1.132, RTE: 0.031, RMSE: 0.018, RR: 1.000, aRR: 1.000, aRR@0.3: 1.000, sRR: 1.000, lr: 8.000e-04, time: 0.121s/0.797s
[2025-07-04 09:44:41] [INFO] Epoch: 1/30, iter: 930/2438, loss: 0.073, c_loss: 0.578, f_loss: 0.411, facw_loss: 0.073, PIR: 0.766, IR: 0.745, RRE: 1.172, RTE: 0.036, RMSE: 0.020, RR: 1.000, aRR: 1.000, aRR@0.3: 1.000, sRR: 1.000, lr: 8.000e-04, time: 0.121s/0.797s
[2025-07-04 09:44:50] [INFO] Epoch: 1/30, iter: 940/2438, loss: 0.098, c_loss: 0.583, f_loss: 0.416, facw_loss: 0.098, PIR: 0.715, IR: 0.702, RRE: 1.157, RTE: 0.039, RMSE: 0.020, RR: 1.000, aRR: 1.000, aRR@0.3: 1.000, sRR: 1.000, lr: 8.000e-04, time: 0.121s/0.797s
[2025-07-04 09:44:59] [INFO] Epoch: 1/30, iter: 950/2438, loss: 0.062, c_loss: 0.580, f_loss: 0.422, facw_loss: 0.062, PIR: 0.759, IR: 0.733, RRE: 1.149, RTE: 0.033, RMSE: 0.020, RR: 1.000, aRR: 1.000, aRR@0.3: 1.000, sRR: 1.000, lr: 8.000e-04, time: 0.121s/0.797s
[2025-07-04 09:45:08] [INFO] Epoch: 1/30, iter: 960/2438, loss: 0.071, c_loss: 0.579, f_loss: 0.419, facw_loss: 0.071, PIR: 0.754, IR: 0.734, RRE: 1.030, RTE: 0.032, RMSE: 0.018, RR: 1.000, aRR: 1.000, aRR@0.3: 1.000, sRR: 1.000, lr: 8.000e-04, time: 0.121s/0.798s
[2025-07-04 09:45:18] [INFO] Epoch: 1/30, iter: 970/2438, loss: 0.070, c_loss: 0.578, f_loss: 0.406, facw_loss: 0.070, PIR: 0.761, IR: 0.731, RRE: 1.204, RTE: 0.038, RMSE: 0.020, RR: 1.000, aRR: 1.000, aRR@0.3: 1.000, sRR: 1.000, lr: 8.000e-04, time: 0.121s/0.798s
[2025-07-04 09:45:27] [INFO] Epoch: 1/30, iter: 980/2438, loss: 0.123, c_loss: 0.583, f_loss: 0.402, facw_loss: 0.123, PIR: 0.764, IR: 0.726, RRE: 1.149, RTE: 0.036, RMSE: 0.020, RR: 1.000, aRR: 1.000, aRR@0.3: 1.000, sRR: 1.000, lr: 8.000e-04, time: 0.121s/0.798s
[2025-07-04 09:45:36] [INFO] Epoch: 1/30, iter: 990/2438, loss: 0.110, c_loss: 0.578, f_loss: 0.400, facw_loss: 0.110, PIR: 0.729, IR: 0.711, RRE: 1.161, RTE: 0.036, RMSE: 0.020, RR: 1.000, aRR: 1.000, aRR@0.3: 1.000, sRR: 1.000, lr: 8.000e-04, time: 0.121s/0.797s
[2025-07-04 09:45:45] [INFO] Epoch: 1/30, iter: 1000/2438, loss: 0.126, c_loss: 0.579, f_loss: 0.392, facw_loss: 0.126, PIR: 0.739, IR: 0.732, RRE: 1.112, RTE: 0.031, RMSE: 0.020, RR: 1.000, aRR: 1.000, aRR@0.3: 1.000, sRR: 1.000, lr: 8.000e-04, time: 0.121s/0.798s
[2025-07-04 09:45:54] [INFO] Epoch: 1/30, iter: 1010/2438, loss: 0.066, c_loss: 0.580, f_loss: 0.424, facw_loss: 0.066, PIR: 0.763, IR: 0.744, RRE: 1.175, RTE: 0.034, RMSE: 0.018, RR: 1.000, aRR: 1.000, aRR@0.3: 1.000, sRR: 1.000, lr: 8.000e-04, time: 0.121s/0.797s
[2025-07-04 09:46:03] [INFO] Epoch: 1/30, iter: 1020/2438, loss: 0.115, c_loss: 0.576, f_loss: 0.384, facw_loss: 0.115, PIR: 0.771, IR: 0.736, RRE: 1.105, RTE: 0.032, RMSE: 0.018, RR: 1.000, aRR: 1.000, aRR@0.3: 1.000, sRR: 1.000, lr: 8.000e-04, time: 0.121s/0.797s
[2025-07-04 09:46:12] [INFO] Epoch: 1/30, iter: 1030/2438, loss: 0.085, c_loss: 0.581, f_loss: 0.422, facw_loss: 0.085, PIR: 0.764, IR: 0.725, RRE: 1.189, RTE: 0.036, RMSE: 0.020, RR: 1.000, aRR: 1.000, aRR@0.3: 1.000, sRR: 1.000, lr: 8.000e-04, time: 0.121s/0.797s
[2025-07-04 09:46:22] [INFO] Epoch: 1/30, iter: 1040/2438, loss: 0.132, c_loss: 0.578, f_loss: 0.380, facw_loss: 0.132, PIR: 0.760, IR: 0.734, RRE: 1.085, RTE: 0.032, RMSE: 0.018, RR: 1.000, aRR: 1.000, aRR@0.3: 1.000, sRR: 1.000, lr: 8.000e-04, time: 0.121s/0.797s
[2025-07-04 09:46:31] [INFO] Epoch: 1/30, iter: 1050/2438, loss: 0.063, c_loss: 0.577, f_loss: 0.392, facw_loss: 0.063, PIR: 0.759, IR: 0.737, RRE: 1.279, RTE: 0.037, RMSE: 0.022, RR: 1.000, aRR: 1.000, aRR@0.3: 1.000, sRR: 1.000, lr: 8.000e-04, time: 0.121s/0.797s
[2025-07-04 09:46:40] [INFO] Epoch: 1/30, iter: 1060/2438, loss: 0.131, c_loss: 0.580, f_loss: 0.402, facw_loss: 0.131, PIR: 0.696, IR: 0.703, RRE: 1.107, RTE: 0.030, RMSE: 0.017, RR: 1.000, aRR: 1.000, aRR@0.3: 1.000, sRR: 1.000, lr: 8.000e-04, time: 0.121s/0.797s
[2025-07-04 09:46:50] [INFO] Epoch: 1/30, iter: 1070/2438, loss: 0.116, c_loss: 0.583, f_loss: 0.380, facw_loss: 0.116, PIR: 0.697, IR: 0.693, RRE: 1.090, RTE: 0.033, RMSE: 0.019, RR: 1.000, aRR: 1.000, aRR@0.3: 1.000, sRR: 1.000, lr: 8.000e-04, time: 0.121s/0.798s
[2025-07-04 09:46:59] [INFO] Epoch: 1/30, iter: 1080/2438, loss: 0.041, c_loss: 0.579, f_loss: 0.440, facw_loss: 0.041, PIR: 0.778, IR: 0.730, RRE: 1.221, RTE: 0.037, RMSE: 0.020, RR: 1.000, aRR: 1.000, aRR@0.3: 1.000, sRR: 1.000, lr: 8.000e-04, time: 0.121s/0.798s
[2025-07-04 09:47:09] [INFO] Epoch: 1/30, iter: 1090/2438, loss: 0.072, c_loss: 0.580, f_loss: 0.390, facw_loss: 0.072, PIR: 0.748, IR: 0.707, RRE: 1.130, RTE: 0.035, RMSE: 0.019, RR: 1.000, aRR: 1.000, aRR@0.3: 1.000, sRR: 1.000, lr: 8.000e-04, time: 0.121s/0.798s
[2025-07-04 09:47:18] [INFO] Epoch: 1/30, iter: 1100/2438, loss: 0.123, c_loss: 0.579, f_loss: 0.417, facw_loss: 0.123, PIR: 0.745, IR: 0.724, RRE: 1.147, RTE: 0.032, RMSE: 0.018, RR: 1.000, aRR: 1.000, aRR@0.3: 1.000, sRR: 1.000, lr: 8.000e-04, time: 0.121s/0.798s
[2025-07-04 09:47:27] [INFO] Epoch: 1/30, iter: 1110/2438, loss: 0.055, c_loss: 0.578, f_loss: 0.399, facw_loss: 0.055, PIR: 0.725, IR: 0.697, RRE: 1.137, RTE: 0.037, RMSE: 0.019, RR: 1.000, aRR: 1.000, aRR@0.3: 1.000, sRR: 1.000, lr: 8.000e-04, time: 0.121s/0.798s
[2025-07-04 09:47:36] [INFO] Epoch: 1/30, iter: 1120/2438, loss: 0.090, c_loss: 0.580, f_loss: 0.385, facw_loss: 0.090, PIR: 0.726, IR: 0.691, RRE: 1.077, RTE: 0.031, RMSE: 0.019, RR: 1.000, aRR: 1.000, aRR@0.3: 1.000, sRR: 1.000, lr: 8.000e-04, time: 0.121s/0.798s
[2025-07-04 09:47:45] [INFO] Epoch: 1/30, iter: 1130/2438, loss: 0.096, c_loss: 0.575, f_loss: 0.422, facw_loss: 0.096, PIR: 0.730, IR: 0.724, RRE: 1.235, RTE: 0.034, RMSE: 0.019, RR: 1.000, aRR: 1.000, aRR@0.3: 1.000, sRR: 1.000, lr: 8.000e-04, time: 0.121s/0.798s
[2025-07-04 09:47:54] [INFO] Epoch: 1/30, iter: 1140/2438, loss: 0.153, c_loss: 0.578, f_loss: 0.429, facw_loss: 0.153, PIR: 0.771, IR: 0.725, RRE: 3.395, RTE: 0.093, RMSE: 0.040, RR: 0.988, aRR: 1.000, aRR@0.3: 1.000, sRR: 1.000, lr: 8.000e-04, time: 0.121s/0.798s
[2025-07-04 09:48:03] [INFO] Epoch: 1/30, iter: 1150/2438, loss: 0.226, c_loss: 0.579, f_loss: 0.410, facw_loss: 0.226, PIR: 0.727, IR: 0.704, RRE: 1.188, RTE: 0.038, RMSE: 0.022, RR: 1.000, aRR: 1.000, aRR@0.3: 1.000, sRR: 1.000, lr: 8.000e-04, time: 0.121s/0.798s
[2025-07-04 09:48:12] [INFO] Epoch: 1/30, iter: 1160/2438, loss: 0.145, c_loss: 0.579, f_loss: 0.396, facw_loss: 0.145, PIR: 0.755, IR: 0.710, RRE: 1.274, RTE: 0.038, RMSE: 0.022, RR: 1.000, aRR: 1.000, aRR@0.3: 1.000, sRR: 1.000, lr: 8.000e-04, time: 0.121s/0.798s
[2025-07-04 09:48:21] [INFO] Epoch: 1/30, iter: 1170/2438, loss: 0.082, c_loss: 0.579, f_loss: 0.400, facw_loss: 0.082, PIR: 0.771, IR: 0.725, RRE: 1.122, RTE: 0.037, RMSE: 0.019, RR: 1.000, aRR: 1.000, aRR@0.3: 1.000, sRR: 1.000, lr: 8.000e-04, time: 0.121s/0.797s
[2025-07-04 09:48:30] [INFO] Epoch: 1/30, iter: 1180/2438, loss: 0.065, c_loss: 0.580, f_loss: 0.439, facw_loss: 0.065, PIR: 0.784, IR: 0.736, RRE: 1.211, RTE: 0.035, RMSE: 0.020, RR: 1.000, aRR: 1.000, aRR@0.3: 1.000, sRR: 1.000, lr: 8.000e-04, time: 0.121s/0.798s
[2025-07-04 09:48:39] [INFO] Epoch: 1/30, iter: 1190/2438, loss: 0.037, c_loss: 0.578, f_loss: 0.451, facw_loss: 0.037, PIR: 0.788, IR: 0.745, RRE: 1.021, RTE: 0.031, RMSE: 0.018, RR: 1.000, aRR: 1.000, aRR@0.3: 1.000, sRR: 1.000, lr: 8.000e-04, time: 0.121s/0.798s
[2025-07-04 09:48:48] [INFO] Epoch: 1/30, iter: 1200/2438, loss: 0.076, c_loss: 0.579, f_loss: 0.398, facw_loss: 0.076, PIR: 0.711, IR: 0.698, RRE: 1.127, RTE: 0.034, RMSE: 0.018, RR: 1.000, aRR: 1.000, aRR@0.3: 1.000, sRR: 1.000, lr: 8.000e-04, time: 0.121s/0.797s
[2025-07-04 09:48:58] [INFO] Epoch: 1/30, iter: 1210/2438, loss: 0.238, c_loss: 0.583, f_loss: 0.421, facw_loss: 0.238, PIR: 0.777, IR: 0.740, RRE: 1.202, RTE: 0.038, RMSE: 0.020, RR: 1.000, aRR: 1.000, aRR@0.3: 1.000, sRR: 1.000, lr: 8.000e-04, time: 0.121s/0.798s
[2025-07-04 09:49:07] [INFO] Epoch: 1/30, iter: 1220/2438, loss: 0.127, c_loss: 0.581, f_loss: 0.381, facw_loss: 0.127, PIR: 0.712, IR: 0.692, RRE: 1.206, RTE: 0.032, RMSE: 0.019, RR: 1.000, aRR: 1.000, aRR@0.3: 1.000, sRR: 1.000, lr: 8.000e-04, time: 0.121s/0.798s
[2025-07-04 09:49:16] [INFO] Epoch: 1/30, iter: 1230/2438, loss: 0.207, c_loss: 0.579, f_loss: 0.396, facw_loss: 0.207, PIR: 0.702, IR: 0.707, RRE: 1.177, RTE: 0.033, RMSE: 0.020, RR: 1.000, aRR: 1.000, aRR@0.3: 1.000, sRR: 1.000, lr: 8.000e-04, time: 0.121s/0.797s
[2025-07-04 09:49:25] [INFO] Epoch: 1/30, iter: 1240/2438, loss: 0.293, c_loss: 0.578, f_loss: 0.384, facw_loss: 0.293, PIR: 0.739, IR: 0.723, RRE: 1.139, RTE: 0.033, RMSE: 0.021, RR: 1.000, aRR: 1.000, aRR@0.3: 1.000, sRR: 1.000, lr: 8.000e-04, time: 0.121s/0.797s
[2025-07-04 09:49:34] [INFO] Epoch: 1/30, iter: 1250/2438, loss: 0.277, c_loss: 0.582, f_loss: 0.395, facw_loss: 0.277, PIR: 0.734, IR: 0.710, RRE: 1.180, RTE: 0.038, RMSE: 0.021, RR: 1.000, aRR: 1.000, aRR@0.3: 1.000, sRR: 1.000, lr: 8.000e-04, time: 0.121s/0.797s
[2025-07-04 09:49:43] [INFO] Epoch: 1/30, iter: 1260/2438, loss: 0.263, c_loss: 0.577, f_loss: 0.405, facw_loss: 0.263, PIR: 0.735, IR: 0.724, RRE: 1.165, RTE: 0.031, RMSE: 0.019, RR: 1.000, aRR: 1.000, aRR@0.3: 1.000, sRR: 1.000, lr: 8.000e-04, time: 0.121s/0.797s
[2025-07-04 09:49:52] [INFO] Epoch: 1/30, iter: 1270/2438, loss: 0.285, c_loss: 0.577, f_loss: 0.389, facw_loss: 0.285, PIR: 0.698, IR: 0.691, RRE: 1.085, RTE: 0.035, RMSE: 0.018, RR: 1.000, aRR: 1.000, aRR@0.3: 1.000, sRR: 1.000, lr: 8.000e-04, time: 0.121s/0.797s
[2025-07-04 09:50:02] [INFO] Epoch: 1/30, iter: 1280/2438, loss: 0.260, c_loss: 0.578, f_loss: 0.411, facw_loss: 0.260, PIR: 0.738, IR: 0.723, RRE: 1.217, RTE: 0.036, RMSE: 0.021, RR: 1.000, aRR: 1.000, aRR@0.3: 1.000, sRR: 1.000, lr: 8.000e-04, time: 0.121s/0.797s
[2025-07-04 09:50:11] [INFO] Epoch: 1/30, iter: 1290/2438, loss: 0.227, c_loss: 0.579, f_loss: 0.424, facw_loss: 0.227, PIR: 0.776, IR: 0.719, RRE: 1.211, RTE: 0.043, RMSE: 0.022, RR: 0.988, aRR: 0.900, aRR@0.3: 1.000, sRR: 0.900, lr: 8.000e-04, time: 0.121s/0.797s
[2025-07-04 09:50:20] [INFO] Epoch: 1/30, iter: 1300/2438, loss: 0.178, c_loss: 0.579, f_loss: 0.390, facw_loss: 0.178, PIR: 0.744, IR: 0.725, RRE: 1.106, RTE: 0.032, RMSE: 0.018, RR: 1.000, aRR: 1.000, aRR@0.3: 1.000, sRR: 1.000, lr: 8.000e-04, time: 0.121s/0.798s
[2025-07-04 09:50:29] [INFO] Epoch: 1/30, iter: 1310/2438, loss: 0.223, c_loss: 0.576, f_loss: 0.397, facw_loss: 0.223, PIR: 0.745, IR: 0.732, RRE: 1.237, RTE: 0.036, RMSE: 0.020, RR: 1.000, aRR: 1.000, aRR@0.3: 1.000, sRR: 1.000, lr: 8.000e-04, time: 0.121s/0.798s
[2025-07-04 09:50:39] [INFO] Epoch: 1/30, iter: 1320/2438, loss: 0.186, c_loss: 0.579, f_loss: 0.411, facw_loss: 0.186, PIR: 0.726, IR: 0.720, RRE: 3.145, RTE: 0.052, RMSE: 0.051, RR: 0.988, aRR: 1.000, aRR@0.3: 1.000, sRR: 1.000, lr: 8.000e-04, time: 0.121s/0.798s
[2025-07-04 09:50:48] [INFO] Epoch: 1/30, iter: 1330/2438, loss: 0.108, c_loss: 0.581, f_loss: 0.385, facw_loss: 0.108, PIR: 0.752, IR: 0.718, RRE: 1.081, RTE: 0.031, RMSE: 0.018, RR: 1.000, aRR: 1.000, aRR@0.3: 1.000, sRR: 1.000, lr: 8.000e-04, time: 0.121s/0.798s
[2025-07-04 09:50:56] [INFO] Epoch: 1/30, iter: 1340/2438, loss: 0.048, c_loss: 0.575, f_loss: 0.399, facw_loss: 0.048, PIR: 0.712, IR: 0.704, RRE: 1.109, RTE: 0.034, RMSE: 0.018, RR: 1.000, aRR: 1.000, aRR@0.3: 1.000, sRR: 1.000, lr: 8.000e-04, time: 0.121s/0.797s
[2025-07-04 09:51:05] [INFO] Epoch: 1/30, iter: 1350/2438, loss: 0.079, c_loss: 0.579, f_loss: 0.391, facw_loss: 0.079, PIR: 0.713, IR: 0.696, RRE: 1.183, RTE: 0.034, RMSE: 0.020, RR: 1.000, aRR: 1.000, aRR@0.3: 1.000, sRR: 1.000, lr: 8.000e-04, time: 0.121s/0.797s
[2025-07-04 09:51:14] [INFO] Epoch: 1/30, iter: 1360/2438, loss: 0.101, c_loss: 0.576, f_loss: 0.440, facw_loss: 0.101, PIR: 0.785, IR: 0.752, RRE: 1.230, RTE: 0.037, RMSE: 0.020, RR: 1.000, aRR: 1.000, aRR@0.3: 1.000, sRR: 1.000, lr: 8.000e-04, time: 0.121s/0.797s
[2025-07-04 09:51:23] [INFO] Epoch: 1/30, iter: 1370/2438, loss: 0.063, c_loss: 0.577, f_loss: 0.403, facw_loss: 0.063, PIR: 0.744, IR: 0.727, RRE: 1.166, RTE: 0.034, RMSE: 0.020, RR: 1.000, aRR: 1.000, aRR@0.3: 1.000, sRR: 1.000, lr: 8.000e-04, time: 0.121s/0.797s
[2025-07-04 09:51:33] [INFO] Epoch: 1/30, iter: 1380/2438, loss: 0.137, c_loss: 0.580, f_loss: 0.382, facw_loss: 0.137, PIR: 0.711, IR: 0.699, RRE: 1.354, RTE: 0.040, RMSE: 0.022, RR: 1.000, aRR: 1.000, aRR@0.3: 1.000, sRR: 1.000, lr: 8.000e-04, time: 0.121s/0.797s
[2025-07-04 09:51:42] [INFO] Epoch: 1/30, iter: 1390/2438, loss: 0.183, c_loss: 0.579, f_loss: 0.419, facw_loss: 0.183, PIR: 0.703, IR: 0.698, RRE: 1.155, RTE: 0.032, RMSE: 0.019, RR: 1.000, aRR: 1.000, aRR@0.3: 1.000, sRR: 1.000, lr: 8.000e-04, time: 0.121s/0.797s
[2025-07-04 09:51:52] [INFO] Epoch: 1/30, iter: 1400/2438, loss: 0.198, c_loss: 0.579, f_loss: 0.389, facw_loss: 0.198, PIR: 0.769, IR: 0.735, RRE: 1.095, RTE: 0.034, RMSE: 0.018, RR: 1.000, aRR: 1.000, aRR@0.3: 1.000, sRR: 1.000, lr: 8.000e-04, time: 0.121s/0.797s
[2025-07-04 09:52:01] [INFO] Epoch: 1/30, iter: 1410/2438, loss: 0.202, c_loss: 0.578, f_loss: 0.445, facw_loss: 0.202, PIR: 0.752, IR: 0.712, RRE: 1.094, RTE: 0.034, RMSE: 0.019, RR: 1.000, aRR: 1.000, aRR@0.3: 1.000, sRR: 1.000, lr: 8.000e-04, time: 0.121s/0.797s
[2025-07-04 09:52:10] [INFO] Epoch: 1/30, iter: 1420/2438, loss: 0.167, c_loss: 0.578, f_loss: 0.416, facw_loss: 0.167, PIR: 0.777, IR: 0.738, RRE: 1.200, RTE: 0.036, RMSE: 0.020, RR: 1.000, aRR: 1.000, aRR@0.3: 1.000, sRR: 1.000, lr: 8.000e-04, time: 0.121s/0.797s
[2025-07-04 09:52:19] [INFO] Epoch: 1/30, iter: 1430/2438, loss: 0.065, c_loss: 0.578, f_loss: 0.424, facw_loss: 0.065, PIR: 0.765, IR: 0.753, RRE: 1.017, RTE: 0.028, RMSE: 0.016, RR: 1.000, aRR: 1.000, aRR@0.3: 1.000, sRR: 1.000, lr: 8.000e-04, time: 0.121s/0.797s
[2025-07-04 09:52:28] [INFO] Epoch: 1/30, iter: 1440/2438, loss: 0.147, c_loss: 0.581, f_loss: 0.399, facw_loss: 0.147, PIR: 0.756, IR: 0.718, RRE: 1.244, RTE: 0.041, RMSE: 0.021, RR: 1.000, aRR: 1.000, aRR@0.3: 1.000, sRR: 1.000, lr: 8.000e-04, time: 0.121s/0.797s
[2025-07-04 09:52:37] [INFO] Epoch: 1/30, iter: 1450/2438, loss: 0.059, c_loss: 0.577, f_loss: 0.403, facw_loss: 0.059, PIR: 0.753, IR: 0.720, RRE: 1.378, RTE: 0.044, RMSE: 0.022, RR: 1.000, aRR: 1.000, aRR@0.3: 1.000, sRR: 1.000, lr: 8.000e-04, time: 0.121s/0.797s
[2025-07-04 09:52:46] [INFO] Epoch: 1/30, iter: 1460/2438, loss: 0.097, c_loss: 0.579, f_loss: 0.404, facw_loss: 0.097, PIR: 0.740, IR: 0.725, RRE: 1.158, RTE: 0.032, RMSE: 0.019, RR: 1.000, aRR: 1.000, aRR@0.3: 1.000, sRR: 1.000, lr: 8.000e-04, time: 0.121s/0.797s
[2025-07-04 09:52:55] [INFO] Epoch: 1/30, iter: 1470/2438, loss: 0.163, c_loss: 0.576, f_loss: 0.401, facw_loss: 0.163, PIR: 0.727, IR: 0.703, RRE: 1.269, RTE: 0.040, RMSE: 0.021, RR: 1.000, aRR: 1.000, aRR@0.3: 1.000, sRR: 1.000, lr: 8.000e-04, time: 0.121s/0.797s
[2025-07-04 09:53:04] [INFO] Epoch: 1/30, iter: 1480/2438, loss: 0.113, c_loss: 0.576, f_loss: 0.422, facw_loss: 0.113, PIR: 0.750, IR: 0.720, RRE: 1.107, RTE: 0.037, RMSE: 0.019, RR: 1.000, aRR: 1.000, aRR@0.3: 1.000, sRR: 1.000, lr: 8.000e-04, time: 0.120s/0.797s
[2025-07-04 09:53:13] [INFO] Epoch: 1/30, iter: 1490/2438, loss: 0.057, c_loss: 0.578, f_loss: 0.433, facw_loss: 0.057, PIR: 0.745, IR: 0.716, RRE: 1.169, RTE: 0.033, RMSE: 0.020, RR: 1.000, aRR: 1.000, aRR@0.3: 1.000, sRR: 1.000, lr: 8.000e-04, time: 0.120s/0.797s
[2025-07-04 09:53:22] [INFO] Epoch: 1/30, iter: 1500/2438, loss: 0.106, c_loss: 0.580, f_loss: 0.399, facw_loss: 0.106, PIR: 0.740, IR: 0.711, RRE: 2.631, RTE: 0.053, RMSE: 0.039, RR: 0.988, aRR: 1.000, aRR@0.3: 1.000, sRR: 1.000, lr: 8.000e-04, time: 0.120s/0.797s
[2025-07-04 09:53:31] [INFO] Epoch: 1/30, iter: 1510/2438, loss: 0.078, c_loss: 0.579, f_loss: 0.442, facw_loss: 0.078, PIR: 0.774, IR: 0.741, RRE: 1.177, RTE: 0.035, RMSE: 0.019, RR: 1.000, aRR: 1.000, aRR@0.3: 1.000, sRR: 1.000, lr: 8.000e-04, time: 0.120s/0.797s
[2025-07-04 09:53:40] [INFO] Epoch: 1/30, iter: 1520/2438, loss: 0.059, c_loss: 0.578, f_loss: 0.433, facw_loss: 0.059, PIR: 0.783, IR: 0.725, RRE: 1.082, RTE: 0.037, RMSE: 0.019, RR: 1.000, aRR: 1.000, aRR@0.3: 1.000, sRR: 1.000, lr: 8.000e-04, time: 0.120s/0.796s
[2025-07-04 09:53:49] [INFO] Epoch: 1/30, iter: 1530/2438, loss: 0.079, c_loss: 0.578, f_loss: 0.419, facw_loss: 0.079, PIR: 0.809, IR: 0.765, RRE: 1.157, RTE: 0.034, RMSE: 0.019, RR: 1.000, aRR: 1.000, aRR@0.3: 1.000, sRR: 1.000, lr: 8.000e-04, time: 0.120s/0.796s
[2025-07-04 09:53:59] [INFO] Epoch: 1/30, iter: 1540/2438, loss: 0.136, c_loss: 0.582, f_loss: 0.384, facw_loss: 0.136, PIR: 0.712, IR: 0.682, RRE: 1.180, RTE: 0.037, RMSE: 0.020, RR: 1.000, aRR: 1.000, aRR@0.3: 1.000, sRR: 1.000, lr: 8.000e-04, time: 0.120s/0.797s
[2025-07-04 09:54:08] [INFO] Epoch: 1/30, iter: 1550/2438, loss: 0.100, c_loss: 0.577, f_loss: 0.423, facw_loss: 0.100, PIR: 0.773, IR: 0.745, RRE: 1.090, RTE: 0.031, RMSE: 0.018, RR: 1.000, aRR: 1.000, aRR@0.3: 1.000, sRR: 1.000, lr: 8.000e-04, time: 0.120s/0.797s
[2025-07-04 09:54:17] [INFO] Epoch: 1/30, iter: 1560/2438, loss: 0.107, c_loss: 0.576, f_loss: 0.448, facw_loss: 0.107, PIR: 0.810, IR: 0.759, RRE: 1.091, RTE: 0.032, RMSE: 0.018, RR: 1.000, aRR: 1.000, aRR@0.3: 1.000, sRR: 1.000, lr: 8.000e-04, time: 0.120s/0.797s
[2025-07-04 09:54:26] [INFO] Epoch: 1/30, iter: 1570/2438, loss: 0.077, c_loss: 0.586, f_loss: 0.425, facw_loss: 0.077, PIR: 0.727, IR: 0.718, RRE: 1.307, RTE: 0.044, RMSE: 0.023, RR: 1.000, aRR: 1.000, aRR@0.3: 1.000, sRR: 1.000, lr: 8.000e-04, time: 0.120s/0.797s
[2025-07-04 09:54:35] [INFO] Epoch: 1/30, iter: 1580/2438, loss: 0.089, c_loss: 0.574, f_loss: 0.424, facw_loss: 0.089, PIR: 0.753, IR: 0.725, RRE: 2.303, RTE: 0.067, RMSE: 0.043, RR: 0.988, aRR: 1.000, aRR@0.3: 1.000, sRR: 1.000, lr: 8.000e-04, time: 0.120s/0.797s
[2025-07-04 09:54:44] [INFO] Epoch: 1/30, iter: 1590/2438, loss: 0.049, c_loss: 0.580, f_loss: 0.398, facw_loss: 0.049, PIR: 0.778, IR: 0.743, RRE: 1.170, RTE: 0.039, RMSE: 0.021, RR: 1.000, aRR: 1.000, aRR@0.3: 1.000, sRR: 1.000, lr: 8.000e-04, time: 0.120s/0.797s
[2025-07-04 09:54:53] [INFO] Epoch: 1/30, iter: 1600/2438, loss: 0.049, c_loss: 0.577, f_loss: 0.424, facw_loss: 0.049, PIR: 0.762, IR: 0.710, RRE: 1.104, RTE: 0.035, RMSE: 0.019, RR: 1.000, aRR: 1.000, aRR@0.3: 1.000, sRR: 1.000, lr: 8.000e-04, time: 0.120s/0.796s
[2025-07-04 09:55:02] [INFO] Epoch: 1/30, iter: 1610/2438, loss: 0.070, c_loss: 0.579, f_loss: 0.399, facw_loss: 0.070, PIR: 0.740, IR: 0.706, RRE: 1.127, RTE: 0.037, RMSE: 0.020, RR: 1.000, aRR: 1.000, aRR@0.3: 1.000, sRR: 1.000, lr: 8.000e-04, time: 0.120s/0.796s
[2025-07-04 09:55:11] [INFO] Epoch: 1/30, iter: 1620/2438, loss: 0.075, c_loss: 0.577, f_loss: 0.407, facw_loss: 0.075, PIR: 0.784, IR: 0.756, RRE: 1.156, RTE: 0.038, RMSE: 0.019, RR: 1.000, aRR: 1.000, aRR@0.3: 1.000, sRR: 1.000, lr: 8.000e-04, time: 0.120s/0.796s
[2025-07-04 09:55:20] [INFO] Epoch: 1/30, iter: 1630/2438, loss: 0.114, c_loss: 0.579, f_loss: 0.408, facw_loss: 0.114, PIR: 0.746, IR: 0.727, RRE: 1.259, RTE: 0.039, RMSE: 0.020, RR: 1.000, aRR: 1.000, aRR@0.3: 1.000, sRR: 1.000, lr: 8.000e-04, time: 0.120s/0.796s
[2025-07-04 09:55:29] [INFO] Epoch: 1/30, iter: 1640/2438, loss: 0.078, c_loss: 0.579, f_loss: 0.407, facw_loss: 0.078, PIR: 0.752, IR: 0.729, RRE: 1.268, RTE: 0.032, RMSE: 0.018, RR: 1.000, aRR: 1.000, aRR@0.3: 1.000, sRR: 1.000, lr: 8.000e-04, time: 0.120s/0.796s
[2025-07-04 09:55:39] [INFO] Epoch: 1/30, iter: 1650/2438, loss: 0.133, c_loss: 0.583, f_loss: 0.407, facw_loss: 0.133, PIR: 0.748, IR: 0.717, RRE: 1.166, RTE: 0.035, RMSE: 0.020, RR: 1.000, aRR: 1.000, aRR@0.3: 1.000, sRR: 1.000, lr: 8.000e-04, time: 0.120s/0.797s
[2025-07-04 09:55:49] [INFO] Epoch: 1/30, iter: 1660/2438, loss: 0.088, c_loss: 0.581, f_loss: 0.407, facw_loss: 0.088, PIR: 0.760, IR: 0.728, RRE: 1.163, RTE: 0.034, RMSE: 0.021, RR: 1.000, aRR: 1.000, aRR@0.3: 1.000, sRR: 1.000, lr: 8.000e-04, time: 0.120s/0.797s
[2025-07-04 09:55:58] [INFO] Epoch: 1/30, iter: 1670/2438, loss: 0.102, c_loss: 0.581, f_loss: 0.402, facw_loss: 0.102, PIR: 0.750, IR: 0.718, RRE: 1.191, RTE: 0.034, RMSE: 0.020, RR: 1.000, aRR: 1.000, aRR@0.3: 1.000, sRR: 1.000, lr: 8.000e-04, time: 0.120s/0.797s
[2025-07-04 09:56:07] [INFO] Epoch: 1/30, iter: 1680/2438, loss: 0.091, c_loss: 0.576, f_loss: 0.424, facw_loss: 0.091, PIR: 0.769, IR: 0.732, RRE: 1.236, RTE: 0.038, RMSE: 0.021, RR: 1.000, aRR: 1.000, aRR@0.3: 1.000, sRR: 1.000, lr: 8.000e-04, time: 0.120s/0.797s
[2025-07-04 09:56:16] [INFO] Epoch: 1/30, iter: 1690/2438, loss: 0.104, c_loss: 0.576, f_loss: 0.397, facw_loss: 0.104, PIR: 0.779, IR: 0.733, RRE: 1.586, RTE: 0.043, RMSE: 0.024, RR: 0.988, aRR: 1.000, aRR@0.3: 1.000, sRR: 1.000, lr: 8.000e-04, time: 0.120s/0.797s
[2025-07-04 09:56:26] [INFO] Epoch: 1/30, iter: 1700/2438, loss: 0.097, c_loss: 0.579, f_loss: 0.407, facw_loss: 0.097, PIR: 0.715, IR: 0.692, RRE: 1.146, RTE: 0.037, RMSE: 0.020, RR: 1.000, aRR: 1.000, aRR@0.3: 1.000, sRR: 1.000, lr: 8.000e-04, time: 0.120s/0.797s
[2025-07-04 09:56:35] [INFO] Epoch: 1/30, iter: 1710/2438, loss: 0.089, c_loss: 0.580, f_loss: 0.432, facw_loss: 0.089, PIR: 0.751, IR: 0.711, RRE: 1.132, RTE: 0.038, RMSE: 0.020, RR: 1.000, aRR: 1.000, aRR@0.3: 1.000, sRR: 1.000, lr: 8.000e-04, time: 0.120s/0.797s
[2025-07-04 09:56:44] [INFO] Epoch: 1/30, iter: 1720/2438, loss: 0.094, c_loss: 0.578, f_loss: 0.429, facw_loss: 0.094, PIR: 0.756, IR: 0.711, RRE: 3.358, RTE: 0.065, RMSE: 0.041, RR: 0.988, aRR: 1.000, aRR@0.3: 1.000, sRR: 0.900, lr: 8.000e-04, time: 0.120s/0.797s
[2025-07-04 09:56:53] [INFO] Epoch: 1/30, iter: 1730/2438, loss: 0.080, c_loss: 0.581, f_loss: 0.391, facw_loss: 0.080, PIR: 0.745, IR: 0.708, RRE: 1.124, RTE: 0.030, RMSE: 0.019, RR: 1.000, aRR: 1.000, aRR@0.3: 1.000, sRR: 1.000, lr: 8.000e-04, time: 0.120s/0.797s
[2025-07-04 09:57:02] [INFO] Epoch: 1/30, iter: 1740/2438, loss: 0.055, c_loss: 0.580, f_loss: 0.401, facw_loss: 0.055, PIR: 0.746, IR: 0.729, RRE: 1.157, RTE: 0.036, RMSE: 0.019, RR: 1.000, aRR: 1.000, aRR@0.3: 1.000, sRR: 1.000, lr: 8.000e-04, time: 0.120s/0.797s
[2025-07-04 09:57:11] [INFO] Epoch: 1/30, iter: 1750/2438, loss: 0.100, c_loss: 0.582, f_loss: 0.415, facw_loss: 0.100, PIR: 0.779, IR: 0.730, RRE: 1.162, RTE: 0.036, RMSE: 0.021, RR: 1.000, aRR: 1.000, aRR@0.3: 1.000, sRR: 1.000, lr: 8.000e-04, time: 0.120s/0.797s
[2025-07-04 09:57:21] [INFO] Epoch: 1/30, iter: 1760/2438, loss: 0.125, c_loss: 0.577, f_loss: 0.406, facw_loss: 0.125, PIR: 0.728, IR: 0.709, RRE: 1.308, RTE: 0.041, RMSE: 0.021, RR: 1.000, aRR: 1.000, aRR@0.3: 1.000, sRR: 1.000, lr: 8.000e-04, time: 0.120s/0.797s
[2025-07-04 09:57:30] [INFO] Epoch: 1/30, iter: 1770/2438, loss: 0.138, c_loss: 0.582, f_loss: 0.391, facw_loss: 0.138, PIR: 0.708, IR: 0.692, RRE: 1.215, RTE: 0.037, RMSE: 0.021, RR: 1.000, aRR: 1.000, aRR@0.3: 1.000, sRR: 1.000, lr: 8.000e-04, time: 0.120s/0.797s
[2025-07-04 09:57:39] [INFO] Epoch: 1/30, iter: 1780/2438, loss: 0.102, c_loss: 0.574, f_loss: 0.432, facw_loss: 0.102, PIR: 0.736, IR: 0.707, RRE: 1.158, RTE: 0.033, RMSE: 0.018, RR: 1.000, aRR: 1.000, aRR@0.3: 1.000, sRR: 1.000, lr: 8.000e-04, time: 0.120s/0.797s
[2025-07-04 09:57:49] [INFO] Epoch: 1/30, iter: 1790/2438, loss: 0.068, c_loss: 0.580, f_loss: 0.390, facw_loss: 0.068, PIR: 0.774, IR: 0.743, RRE: 1.158, RTE: 0.034, RMSE: 0.019, RR: 1.000, aRR: 1.000, aRR@0.3: 1.000, sRR: 1.000, lr: 8.000e-04, time: 0.120s/0.797s
[2025-07-04 09:57:58] [INFO] Epoch: 1/30, iter: 1800/2438, loss: 0.132, c_loss: 0.581, f_loss: 0.431, facw_loss: 0.132, PIR: 0.753, IR: 0.718, RRE: 1.065, RTE: 0.032, RMSE: 0.019, RR: 1.000, aRR: 1.000, aRR@0.3: 1.000, sRR: 1.000, lr: 8.000e-04, time: 0.120s/0.797s
[2025-07-04 09:58:08] [INFO] Epoch: 1/30, iter: 1810/2438, loss: 0.118, c_loss: 0.581, f_loss: 0.384, facw_loss: 0.118, PIR: 0.701, IR: 0.693, RRE: 1.189, RTE: 0.035, RMSE: 0.021, RR: 1.000, aRR: 1.000, aRR@0.3: 1.000, sRR: 1.000, lr: 8.000e-04, time: 0.120s/0.797s
[2025-07-04 09:58:17] [INFO] Epoch: 1/30, iter: 1820/2438, loss: 0.106, c_loss: 0.579, f_loss: 0.386, facw_loss: 0.106, PIR: 0.724, IR: 0.700, RRE: 1.109, RTE: 0.034, RMSE: 0.020, RR: 1.000, aRR: 1.000, aRR@0.3: 1.000, sRR: 1.000, lr: 8.000e-04, time: 0.120s/0.797s
[2025-07-04 09:58:26] [INFO] Epoch: 1/30, iter: 1830/2438, loss: 0.085, c_loss: 0.579, f_loss: 0.432, facw_loss: 0.085, PIR: 0.791, IR: 0.736, RRE: 1.075, RTE: 0.033, RMSE: 0.019, RR: 1.000, aRR: 1.000, aRR@0.3: 1.000, sRR: 1.000, lr: 8.000e-04, time: 0.120s/0.797s
[2025-07-04 09:58:36] [INFO] Epoch: 1/30, iter: 1840/2438, loss: 0.107, c_loss: 0.584, f_loss: 0.393, facw_loss: 0.107, PIR: 0.755, IR: 0.730, RRE: 1.232, RTE: 0.036, RMSE: 0.021, RR: 1.000, aRR: 1.000, aRR@0.3: 1.000, sRR: 1.000, lr: 8.000e-04, time: 0.120s/0.798s
[2025-07-04 09:58:44] [INFO] Epoch: 1/30, iter: 1850/2438, loss: 0.070, c_loss: 0.576, f_loss: 0.420, facw_loss: 0.070, PIR: 0.773, IR: 0.738, RRE: 1.169, RTE: 0.033, RMSE: 0.018, RR: 1.000, aRR: 1.000, aRR@0.3: 1.000, sRR: 1.000, lr: 8.000e-04, time: 0.120s/0.797s
[2025-07-04 09:58:54] [INFO] Epoch: 1/30, iter: 1860/2438, loss: 0.143, c_loss: 0.582, f_loss: 0.377, facw_loss: 0.143, PIR: 0.709, IR: 0.717, RRE: 1.180, RTE: 0.038, RMSE: 0.021, RR: 1.000, aRR: 1.000, aRR@0.3: 1.000, sRR: 1.000, lr: 8.000e-04, time: 0.121s/0.797s
[2025-07-04 09:59:03] [INFO] Epoch: 1/30, iter: 1870/2438, loss: 0.109, c_loss: 0.574, f_loss: 0.433, facw_loss: 0.109, PIR: 0.755, IR: 0.718, RRE: 1.011, RTE: 0.031, RMSE: 0.017, RR: 1.000, aRR: 1.000, aRR@0.3: 1.000, sRR: 1.000, lr: 8.000e-04, time: 0.121s/0.797s
[2025-07-04 09:59:12] [INFO] Epoch: 1/30, iter: 1880/2438, loss: 0.084, c_loss: 0.576, f_loss: 0.431, facw_loss: 0.084, PIR: 0.736, IR: 0.728, RRE: 1.049, RTE: 0.032, RMSE: 0.018, RR: 1.000, aRR: 1.000, aRR@0.3: 1.000, sRR: 1.000, lr: 8.000e-04, time: 0.120s/0.797s
[2025-07-04 09:59:21] [INFO] Epoch: 1/30, iter: 1890/2438, loss: 0.134, c_loss: 0.582, f_loss: 0.385, facw_loss: 0.134, PIR: 0.714, IR: 0.695, RRE: 1.308, RTE: 0.047, RMSE: 0.024, RR: 1.000, aRR: 1.000, aRR@0.3: 1.000, sRR: 1.000, lr: 8.000e-04, time: 0.120s/0.798s
[2025-07-04 09:59:30] [INFO] Epoch: 1/30, iter: 1900/2438, loss: 0.072, c_loss: 0.576, f_loss: 0.418, facw_loss: 0.072, PIR: 0.742, IR: 0.715, RRE: 1.122, RTE: 0.031, RMSE: 0.017, RR: 1.000, aRR: 1.000, aRR@0.3: 1.000, sRR: 1.000, lr: 8.000e-04, time: 0.120s/0.797s
[2025-07-04 09:59:39] [INFO] Epoch: 1/30, iter: 1910/2438, loss: 0.075, c_loss: 0.577, f_loss: 0.433, facw_loss: 0.075, PIR: 0.769, IR: 0.741, RRE: 1.095, RTE: 0.031, RMSE: 0.018, RR: 1.000, aRR: 1.000, aRR@0.3: 1.000, sRR: 1.000, lr: 8.000e-04, time: 0.120s/0.797s
[2025-07-04 09:59:48] [INFO] Epoch: 1/30, iter: 1920/2438, loss: 0.134, c_loss: 0.577, f_loss: 0.408, facw_loss: 0.134, PIR: 0.733, IR: 0.699, RRE: 1.246, RTE: 0.039, RMSE: 0.021, RR: 1.000, aRR: 1.000, aRR@0.3: 1.000, sRR: 1.000, lr: 8.000e-04, time: 0.120s/0.797s
[2025-07-04 09:59:57] [INFO] Epoch: 1/30, iter: 1930/2438, loss: 0.056, c_loss: 0.579, f_loss: 0.408, facw_loss: 0.056, PIR: 0.750, IR: 0.731, RRE: 1.196, RTE: 0.035, RMSE: 0.018, RR: 1.000, aRR: 1.000, aRR@0.3: 1.000, sRR: 1.000, lr: 8.000e-04, time: 0.120s/0.797s
[2025-07-04 10:00:06] [INFO] Epoch: 1/30, iter: 1940/2438, loss: 0.098, c_loss: 0.579, f_loss: 0.423, facw_loss: 0.098, PIR: 0.783, IR: 0.725, RRE: 1.067, RTE: 0.031, RMSE: 0.017, RR: 1.000, aRR: 1.000, aRR@0.3: 1.000, sRR: 1.000, lr: 8.000e-04, time: 0.120s/0.797s
[2025-07-04 10:00:15] [INFO] Epoch: 1/30, iter: 1950/2438, loss: 0.114, c_loss: 0.581, f_loss: 0.377, facw_loss: 0.114, PIR: 0.704, IR: 0.692, RRE: 1.141, RTE: 0.033, RMSE: 0.020, RR: 1.000, aRR: 1.000, aRR@0.3: 1.000, sRR: 1.000, lr: 8.000e-04, time: 0.120s/0.797s
[2025-07-04 10:00:25] [INFO] Epoch: 1/30, iter: 1960/2438, loss: 0.092, c_loss: 0.583, f_loss: 0.365, facw_loss: 0.092, PIR: 0.753, IR: 0.713, RRE: 1.451, RTE: 0.052, RMSE: 0.026, RR: 1.000, aRR: 1.000, aRR@0.3: 1.000, sRR: 1.000, lr: 8.000e-04, time: 0.120s/0.797s
[2025-07-04 10:00:34] [INFO] Epoch: 1/30, iter: 1970/2438, loss: 0.108, c_loss: 0.583, f_loss: 0.405, facw_loss: 0.108, PIR: 0.733, IR: 0.695, RRE: 1.062, RTE: 0.037, RMSE: 0.019, RR: 1.000, aRR: 1.000, aRR@0.3: 1.000, sRR: 1.000, lr: 8.000e-04, time: 0.120s/0.797s
[2025-07-04 10:00:43] [INFO] Epoch: 1/30, iter: 1980/2438, loss: 0.064, c_loss: 0.576, f_loss: 0.398, facw_loss: 0.064, PIR: 0.774, IR: 0.743, RRE: 1.127, RTE: 0.034, RMSE: 0.019, RR: 1.000, aRR: 1.000, aRR@0.3: 1.000, sRR: 1.000, lr: 8.000e-04, time: 0.120s/0.797s
[2025-07-04 10:00:52] [INFO] Epoch: 1/30, iter: 1990/2438, loss: 0.099, c_loss: 0.574, f_loss: 0.449, facw_loss: 0.099, PIR: 0.764, IR: 0.715, RRE: 1.127, RTE: 0.035, RMSE: 0.019, RR: 1.000, aRR: 1.000, aRR@0.3: 1.000, sRR: 1.000, lr: 8.000e-04, time: 0.120s/0.797s
[2025-07-04 10:01:01] [INFO] Epoch: 1/30, iter: 2000/2438, loss: 0.086, c_loss: 0.581, f_loss: 0.375, facw_loss: 0.086, PIR: 0.697, IR: 0.696, RRE: 1.077, RTE: 0.031, RMSE: 0.019, RR: 1.000, aRR: 1.000, aRR@0.3: 1.000, sRR: 1.000, lr: 8.000e-04, time: 0.120s/0.797s
[2025-07-04 10:01:10] [INFO] Epoch: 1/30, iter: 2010/2438, loss: 0.089, c_loss: 0.581, f_loss: 0.443, facw_loss: 0.089, PIR: 0.753, IR: 0.725, RRE: 1.174, RTE: 0.036, RMSE: 0.019, RR: 1.000, aRR: 1.000, aRR@0.3: 1.000, sRR: 1.000, lr: 8.000e-04, time: 0.120s/0.797s
[2025-07-04 10:01:19] [INFO] Epoch: 1/30, iter: 2020/2438, loss: 0.135, c_loss: 0.574, f_loss: 0.415, facw_loss: 0.135, PIR: 0.746, IR: 0.719, RRE: 1.023, RTE: 0.026, RMSE: 0.017, RR: 1.000, aRR: 1.000, aRR@0.3: 1.000, sRR: 1.000, lr: 8.000e-04, time: 0.120s/0.797s
[2025-07-04 10:01:29] [INFO] Epoch: 1/30, iter: 2030/2438, loss: 0.077, c_loss: 0.580, f_loss: 0.424, facw_loss: 0.077, PIR: 0.738, IR: 0.720, RRE: 1.147, RTE: 0.034, RMSE: 0.018, RR: 1.000, aRR: 1.000, aRR@0.3: 1.000, sRR: 1.000, lr: 8.000e-04, time: 0.120s/0.797s
[2025-07-04 10:01:38] [INFO] Epoch: 1/30, iter: 2040/2438, loss: 0.119, c_loss: 0.576, f_loss: 0.423, facw_loss: 0.119, PIR: 0.765, IR: 0.738, RRE: 1.171, RTE: 0.036, RMSE: 0.020, RR: 1.000, aRR: 1.000, aRR@0.3: 1.000, sRR: 1.000, lr: 8.000e-04, time: 0.120s/0.797s
[2025-07-04 10:01:47] [INFO] Epoch: 1/30, iter: 2050/2438, loss: 0.095, c_loss: 0.574, f_loss: 0.384, facw_loss: 0.095, PIR: 0.760, IR: 0.721, RRE: 1.319, RTE: 0.040, RMSE: 0.021, RR: 1.000, aRR: 1.000, aRR@0.3: 1.000, sRR: 1.000, lr: 8.000e-04, time: 0.120s/0.797s
[2025-07-04 10:01:56] [INFO] Epoch: 1/30, iter: 2060/2438, loss: 0.110, c_loss: 0.578, f_loss: 0.412, facw_loss: 0.110, PIR: 0.715, IR: 0.686, RRE: 1.176, RTE: 0.041, RMSE: 0.021, RR: 1.000, aRR: 1.000, aRR@0.3: 1.000, sRR: 1.000, lr: 8.000e-04, time: 0.120s/0.797s
[2025-07-04 10:02:05] [INFO] Epoch: 1/30, iter: 2070/2438, loss: 0.058, c_loss: 0.579, f_loss: 0.415, facw_loss: 0.058, PIR: 0.756, IR: 0.735, RRE: 1.070, RTE: 0.032, RMSE: 0.018, RR: 1.000, aRR: 1.000, aRR@0.3: 1.000, sRR: 1.000, lr: 8.000e-04, time: 0.120s/0.797s
[2025-07-04 10:02:14] [INFO] Epoch: 1/30, iter: 2080/2438, loss: 0.114, c_loss: 0.580, f_loss: 0.411, facw_loss: 0.114, PIR: 0.765, IR: 0.731, RRE: 1.247, RTE: 0.040, RMSE: 0.021, RR: 1.000, aRR: 1.000, aRR@0.3: 1.000, sRR: 1.000, lr: 8.000e-04, time: 0.120s/0.797s
[2025-07-04 10:02:23] [INFO] Epoch: 1/30, iter: 2090/2438, loss: 0.105, c_loss: 0.575, f_loss: 0.379, facw_loss: 0.105, PIR: 0.785, IR: 0.751, RRE: 1.110, RTE: 0.033, RMSE: 0.018, RR: 1.000, aRR: 1.000, aRR@0.3: 1.000, sRR: 1.000, lr: 8.000e-04, time: 0.120s/0.797s
[2025-07-04 10:02:32] [INFO] Epoch: 1/30, iter: 2100/2438, loss: 0.082, c_loss: 0.579, f_loss: 0.409, facw_loss: 0.082, PIR: 0.761, IR: 0.735, RRE: 1.231, RTE: 0.036, RMSE: 0.020, RR: 1.000, aRR: 1.000, aRR@0.3: 1.000, sRR: 1.000, lr: 8.000e-04, time: 0.120s/0.797s
[2025-07-04 10:02:41] [INFO] Epoch: 1/30, iter: 2110/2438, loss: 0.075, c_loss: 0.581, f_loss: 0.435, facw_loss: 0.075, PIR: 0.762, IR: 0.728, RRE: 1.213, RTE: 0.034, RMSE: 0.021, RR: 1.000, aRR: 1.000, aRR@0.3: 1.000, sRR: 1.000, lr: 8.000e-04, time: 0.120s/0.797s
[2025-07-04 10:02:51] [INFO] Epoch: 1/30, iter: 2120/2438, loss: 0.102, c_loss: 0.581, f_loss: 0.398, facw_loss: 0.102, PIR: 0.739, IR: 0.706, RRE: 1.209, RTE: 0.038, RMSE: 0.021, RR: 1.000, aRR: 1.000, aRR@0.3: 1.000, sRR: 1.000, lr: 8.000e-04, time: 0.120s/0.797s
[2025-07-04 10:03:00] [INFO] Epoch: 1/30, iter: 2130/2438, loss: 0.029, c_loss: 0.577, f_loss: 0.446, facw_loss: 0.029, PIR: 0.788, IR: 0.746, RRE: 1.019, RTE: 0.030, RMSE: 0.018, RR: 1.000, aRR: 1.000, aRR@0.3: 1.000, sRR: 1.000, lr: 8.000e-04, time: 0.120s/0.797s
[2025-07-04 10:03:09] [INFO] Epoch: 1/30, iter: 2140/2438, loss: 0.055, c_loss: 0.578, f_loss: 0.406, facw_loss: 0.055, PIR: 0.731, IR: 0.718, RRE: 1.237, RTE: 0.040, RMSE: 0.021, RR: 1.000, aRR: 1.000, aRR@0.3: 1.000, sRR: 1.000, lr: 8.000e-04, time: 0.120s/0.797s
[2025-07-04 10:03:18] [INFO] Epoch: 1/30, iter: 2150/2438, loss: 0.127, c_loss: 0.578, f_loss: 0.412, facw_loss: 0.127, PIR: 0.784, IR: 0.723, RRE: 1.052, RTE: 0.034, RMSE: 0.019, RR: 1.000, aRR: 1.000, aRR@0.3: 1.000, sRR: 1.000, lr: 8.000e-04, time: 0.120s/0.797s
[2025-07-04 10:03:27] [INFO] Epoch: 1/30, iter: 2160/2438, loss: 0.107, c_loss: 0.580, f_loss: 0.403, facw_loss: 0.107, PIR: 0.724, IR: 0.713, RRE: 1.306, RTE: 0.037, RMSE: 0.021, RR: 1.000, aRR: 1.000, aRR@0.3: 1.000, sRR: 1.000, lr: 8.000e-04, time: 0.120s/0.797s
[2025-07-04 10:03:36] [INFO] Epoch: 1/30, iter: 2170/2438, loss: 0.091, c_loss: 0.577, f_loss: 0.425, facw_loss: 0.091, PIR: 0.764, IR: 0.727, RRE: 1.300, RTE: 0.040, RMSE: 0.021, RR: 1.000, aRR: 1.000, aRR@0.3: 1.000, sRR: 1.000, lr: 8.000e-04, time: 0.120s/0.797s
[2025-07-04 10:03:45] [INFO] Epoch: 1/30, iter: 2180/2438, loss: 0.082, c_loss: 0.578, f_loss: 0.415, facw_loss: 0.082, PIR: 0.768, IR: 0.740, RRE: 1.096, RTE: 0.032, RMSE: 0.019, RR: 1.000, aRR: 1.000, aRR@0.3: 1.000, sRR: 1.000, lr: 8.000e-04, time: 0.120s/0.797s
[2025-07-04 10:03:54] [INFO] Epoch: 1/30, iter: 2190/2438, loss: 0.102, c_loss: 0.581, f_loss: 0.391, facw_loss: 0.102, PIR: 0.734, IR: 0.708, RRE: 1.384, RTE: 0.042, RMSE: 0.024, RR: 1.000, aRR: 1.000, aRR@0.3: 1.000, sRR: 1.000, lr: 8.000e-04, time: 0.120s/0.797s
[2025-07-04 10:04:04] [INFO] Epoch: 1/30, iter: 2200/2438, loss: 0.139, c_loss: 0.581, f_loss: 0.411, facw_loss: 0.139, PIR: 0.725, IR: 0.702, RRE: 1.164, RTE: 0.038, RMSE: 0.021, RR: 1.000, aRR: 1.000, aRR@0.3: 1.000, sRR: 1.000, lr: 8.000e-04, time: 0.120s/0.797s
[2025-07-04 10:04:13] [INFO] Epoch: 1/30, iter: 2210/2438, loss: 0.122, c_loss: 0.578, f_loss: 0.431, facw_loss: 0.122, PIR: 0.748, IR: 0.722, RRE: 1.075, RTE: 0.034, RMSE: 0.018, RR: 1.000, aRR: 1.000, aRR@0.3: 1.000, sRR: 1.000, lr: 8.000e-04, time: 0.120s/0.797s
[2025-07-04 10:04:22] [INFO] Epoch: 1/30, iter: 2220/2438, loss: 0.069, c_loss: 0.577, f_loss: 0.416, facw_loss: 0.069, PIR: 0.754, IR: 0.725, RRE: 1.249, RTE: 0.037, RMSE: 0.021, RR: 1.000, aRR: 1.000, aRR@0.3: 1.000, sRR: 1.000, lr: 8.000e-04, time: 0.120s/0.797s
[2025-07-04 10:04:31] [INFO] Epoch: 1/30, iter: 2230/2438, loss: 0.083, c_loss: 0.582, f_loss: 0.424, facw_loss: 0.083, PIR: 0.784, IR: 0.725, RRE: 1.191, RTE: 0.035, RMSE: 0.019, RR: 1.000, aRR: 1.000, aRR@0.3: 1.000, sRR: 1.000, lr: 8.000e-04, time: 0.120s/0.797s
[2025-07-04 10:04:40] [INFO] Epoch: 1/30, iter: 2240/2438, loss: 0.109, c_loss: 0.580, f_loss: 0.392, facw_loss: 0.109, PIR: 0.707, IR: 0.698, RRE: 2.915, RTE: 0.061, RMSE: 0.044, RR: 0.988, aRR: 0.900, aRR@0.3: 0.900, sRR: 0.900, lr: 8.000e-04, time: 0.120s/0.797s
[2025-07-04 10:04:49] [INFO] Epoch: 1/30, iter: 2250/2438, loss: 0.119, c_loss: 0.581, f_loss: 0.390, facw_loss: 0.119, PIR: 0.739, IR: 0.705, RRE: 1.219, RTE: 0.041, RMSE: 0.020, RR: 1.000, aRR: 1.000, aRR@0.3: 1.000, sRR: 1.000, lr: 8.000e-04, time: 0.120s/0.797s
[2025-07-04 10:04:59] [INFO] Epoch: 1/30, iter: 2260/2438, loss: 0.142, c_loss: 0.582, f_loss: 0.385, facw_loss: 0.142, PIR: 0.743, IR: 0.715, RRE: 1.215, RTE: 0.041, RMSE: 0.020, RR: 1.000, aRR: 1.000, aRR@0.3: 1.000, sRR: 1.000, lr: 8.000e-04, time: 0.120s/0.797s
[2025-07-04 10:05:08] [INFO] Epoch: 1/30, iter: 2270/2438, loss: 0.113, c_loss: 0.575, f_loss: 0.450, facw_loss: 0.113, PIR: 0.755, IR: 0.722, RRE: 1.147, RTE: 0.033, RMSE: 0.018, RR: 1.000, aRR: 1.000, aRR@0.3: 1.000, sRR: 1.000, lr: 8.000e-04, time: 0.120s/0.797s
[2025-07-04 10:05:17] [INFO] Epoch: 1/30, iter: 2280/2438, loss: 0.104, c_loss: 0.583, f_loss: 0.431, facw_loss: 0.104, PIR: 0.743, IR: 0.719, RRE: 1.237, RTE: 0.039, RMSE: 0.021, RR: 1.000, aRR: 1.000, aRR@0.3: 1.000, sRR: 1.000, lr: 8.000e-04, time: 0.120s/0.797s
[2025-07-04 10:05:26] [INFO] Epoch: 1/30, iter: 2290/2438, loss: 0.121, c_loss: 0.578, f_loss: 0.416, facw_loss: 0.121, PIR: 0.769, IR: 0.743, RRE: 1.260, RTE: 0.038, RMSE: 0.020, RR: 1.000, aRR: 1.000, aRR@0.3: 1.000, sRR: 1.000, lr: 8.000e-04, time: 0.120s/0.797s
[2025-07-04 10:05:35] [INFO] Epoch: 1/30, iter: 2300/2438, loss: 0.090, c_loss: 0.577, f_loss: 0.414, facw_loss: 0.090, PIR: 0.719, IR: 0.703, RRE: 1.133, RTE: 0.032, RMSE: 0.019, RR: 1.000, aRR: 1.000, aRR@0.3: 1.000, sRR: 1.000, lr: 8.000e-04, time: 0.120s/0.797s
[2025-07-04 10:05:44] [INFO] Epoch: 1/30, iter: 2310/2438, loss: 0.223, c_loss: 0.575, f_loss: 0.410, facw_loss: 0.223, PIR: 0.744, IR: 0.719, RRE: 1.339, RTE: 0.040, RMSE: 0.024, RR: 1.000, aRR: 1.000, aRR@0.3: 1.000, sRR: 1.000, lr: 8.000e-04, time: 0.120s/0.797s
[2025-07-04 10:05:53] [INFO] Epoch: 1/30, iter: 2320/2438, loss: 0.673, c_loss: 0.582, f_loss: 0.407, facw_loss: 0.673, PIR: 0.762, IR: 0.728, RRE: 1.679, RTE: 0.052, RMSE: 0.030, RR: 0.988, aRR: 1.000, aRR@0.3: 1.000, sRR: 1.000, lr: 8.000e-04, time: 0.120s/0.797s
[2025-07-04 10:06:02] [INFO] Epoch: 1/30, iter: 2330/2438, loss: 0.265, c_loss: 0.578, f_loss: 0.434, facw_loss: 0.265, PIR: 0.792, IR: 0.747, RRE: 1.305, RTE: 0.035, RMSE: 0.022, RR: 0.988, aRR: 1.000, aRR@0.3: 1.000, sRR: 1.000, lr: 8.000e-04, time: 0.120s/0.797s
[2025-07-04 10:06:11] [INFO] Epoch: 1/30, iter: 2340/2438, loss: 0.122, c_loss: 0.580, f_loss: 0.400, facw_loss: 0.122, PIR: 0.742, IR: 0.710, RRE: 2.387, RTE: 0.047, RMSE: 0.036, RR: 0.988, aRR: 1.000, aRR@0.3: 1.000, sRR: 1.000, lr: 8.000e-04, time: 0.120s/0.797s
[2025-07-04 10:06:21] [INFO] Epoch: 1/30, iter: 2350/2438, loss: 0.104, c_loss: 0.579, f_loss: 0.411, facw_loss: 0.104, PIR: 0.745, IR: 0.700, RRE: 1.259, RTE: 0.042, RMSE: 0.022, RR: 1.000, aRR: 1.000, aRR@0.3: 1.000, sRR: 1.000, lr: 8.000e-04, time: 0.120s/0.797s
[2025-07-04 10:06:30] [INFO] Epoch: 1/30, iter: 2360/2438, loss: 0.181, c_loss: 0.578, f_loss: 0.430, facw_loss: 0.181, PIR: 0.772, IR: 0.734, RRE: 1.147, RTE: 0.034, RMSE: 0.021, RR: 1.000, aRR: 1.000, aRR@0.3: 1.000, sRR: 1.000, lr: 8.000e-04, time: 0.120s/0.797s
[2025-07-04 10:06:39] [INFO] Epoch: 1/30, iter: 2370/2438, loss: 0.147, c_loss: 0.578, f_loss: 0.405, facw_loss: 0.147, PIR: 0.754, IR: 0.726, RRE: 1.338, RTE: 0.040, RMSE: 0.023, RR: 1.000, aRR: 1.000, aRR@0.3: 1.000, sRR: 1.000, lr: 8.000e-04, time: 0.120s/0.797s
[2025-07-04 10:06:48] [INFO] Epoch: 1/30, iter: 2380/2438, loss: 0.118, c_loss: 0.574, f_loss: 0.393, facw_loss: 0.118, PIR: 0.734, IR: 0.717, RRE: 1.214, RTE: 0.035, RMSE: 0.021, RR: 1.000, aRR: 1.000, aRR@0.3: 1.000, sRR: 1.000, lr: 8.000e-04, time: 0.120s/0.797s
[2025-07-04 10:06:57] [INFO] Epoch: 1/30, iter: 2390/2438, loss: 0.148, c_loss: 0.581, f_loss: 0.396, facw_loss: 0.148, PIR: 0.746, IR: 0.716, RRE: 1.320, RTE: 0.035, RMSE: 0.022, RR: 1.000, aRR: 1.000, aRR@0.3: 1.000, sRR: 1.000, lr: 8.000e-04, time: 0.120s/0.797s
[2025-07-04 10:07:06] [INFO] Epoch: 1/30, iter: 2400/2438, loss: 0.190, c_loss: 0.578, f_loss: 0.393, facw_loss: 0.190, PIR: 0.734, IR: 0.711, RRE: 1.219, RTE: 0.035, RMSE: 0.020, RR: 1.000, aRR: 1.000, aRR@0.3: 1.000, sRR: 1.000, lr: 8.000e-04, time: 0.120s/0.797s
[2025-07-04 10:07:16] [INFO] Epoch: 1/30, iter: 2410/2438, loss: 0.113, c_loss: 0.578, f_loss: 0.418, facw_loss: 0.113, PIR: 0.786, IR: 0.725, RRE: 1.090, RTE: 0.032, RMSE: 0.018, RR: 1.000, aRR: 1.000, aRR@0.3: 1.000, sRR: 1.000, lr: 8.000e-04, time: 0.120s/0.797s
[2025-07-04 10:07:25] [INFO] Epoch: 1/30, iter: 2420/2438, loss: 0.159, c_loss: 0.576, f_loss: 0.387, facw_loss: 0.159, PIR: 0.733, IR: 0.718, RRE: 1.252, RTE: 0.039, RMSE: 0.021, RR: 1.000, aRR: 1.000, aRR@0.3: 1.000, sRR: 1.000, lr: 8.000e-04, time: 0.120s/0.797s
[2025-07-04 10:07:33] [INFO] Epoch: 1/30, iter: 2430/2438, loss: 0.156, c_loss: 0.581, f_loss: 0.378, facw_loss: 0.156, PIR: 0.686, IR: 0.674, RRE: 1.244, RTE: 0.039, RMSE: 0.021, RR: 1.000, aRR: 1.000, aRR@0.3: 1.000, sRR: 1.000, lr: 8.000e-04, time: 0.120s/0.797s
[2025-07-04 10:07:41] [CRIT] Epoch: 1, loss: 0.125, c_loss: 0.576, f_loss: 0.426, facw_loss: 0.125, PIR: 0.747, IR: 0.731, RRE: 1.022, RTE: 0.033, RMSE: 0.018, RR: 1.000, aRR: 1.000, aRR@0.3: 1.000, sRR: 1.000, time: 0.120s/0.797s
[2025-07-04 10:07:41] [INFO] Model saved to "/root/SOAR/output/SOAR/snapshots/epoch-1.pth.tar"
[2025-07-04 10:07:41] [INFO] Snapshot saved to "/root/SOAR/output/SOAR/snapshots/snapshot.pth.tar"
[2025-07-04 10:09:19] [CRIT] [Val] Epoch: 1, loss: 0.249, c_loss: 0.700, f_loss: 1.919, facw_loss: 0.249, PIR: 0.898, IR: 0.799, RRE: 10.573, RTE: 0.128, RMSE: 0.099, RR: 0.935, aRR: 0.955, aRR@0.3: 0.955, sRR: 0.955, time: 0.195s/0.426s
[2025-07-04 10:09:31] [INFO] Epoch: 2/30, iter: 10/2438, loss: 0.194, c_loss: 0.578, f_loss: 0.405, facw_loss: 0.194, PIR: 0.727, IR: 0.710, RRE: 1.374, RTE: 0.043, RMSE: 0.022, RR: 1.000, aRR: 1.000, aRR@0.3: 1.000, sRR: 1.000, lr: 7.600e-04, time: 0.161s/0.797s
[2025-07-04 10:09:40] [INFO] Epoch: 2/30, iter: 20/2438, loss: 0.127, c_loss: 0.577, f_loss: 0.437, facw_loss: 0.127, PIR: 0.754, IR: 0.719, RRE: 1.220, RTE: 0.038, RMSE: 0.020, RR: 1.000, aRR: 1.000, aRR@0.3: 1.000, sRR: 1.000, lr: 7.600e-04, time: 0.161s/0.797s
[2025-07-04 10:09:49] [INFO] Epoch: 2/30, iter: 30/2438, loss: 0.142, c_loss: 0.579, f_loss: 0.381, facw_loss: 0.142, PIR: 0.728, IR: 0.715, RRE: 1.284, RTE: 0.039, RMSE: 0.022, RR: 1.000, aRR: 1.000, aRR@0.3: 1.000, sRR: 1.000, lr: 7.600e-04, time: 0.161s/0.796s
[2025-07-04 10:09:58] [INFO] Epoch: 2/30, iter: 40/2438, loss: 0.134, c_loss: 0.581, f_loss: 0.401, facw_loss: 0.134, PIR: 0.717, IR: 0.685, RRE: 1.222, RTE: 0.040, RMSE: 0.021, RR: 1.000, aRR: 1.000, aRR@0.3: 1.000, sRR: 1.000, lr: 7.600e-04, time: 0.160s/0.796s
[2025-07-04 10:10:07] [INFO] Epoch: 2/30, iter: 50/2438, loss: 0.175, c_loss: 0.580, f_loss: 0.383, facw_loss: 0.175, PIR: 0.725, IR: 0.700, RRE: 1.256, RTE: 0.044, RMSE: 0.021, RR: 1.000, aRR: 1.000, aRR@0.3: 1.000, sRR: 1.000, lr: 7.600e-04, time: 0.160s/0.796s
[2025-07-04 10:10:16] [INFO] Epoch: 2/30, iter: 60/2438, loss: 0.125, c_loss: 0.578, f_loss: 0.380, facw_loss: 0.125, PIR: 0.710, IR: 0.707, RRE: 1.875, RTE: 0.053, RMSE: 0.030, RR: 0.988, aRR: 1.000, aRR@0.3: 1.000, sRR: 1.000, lr: 7.600e-04, time: 0.160s/0.796s
[2025-07-04 10:10:25] [INFO] Epoch: 2/30, iter: 70/2438, loss: 0.164, c_loss: 0.582, f_loss: 0.420, facw_loss: 0.164, PIR: 0.725, IR: 0.686, RRE: 1.209, RTE: 0.038, RMSE: 0.021, RR: 1.000, aRR: 1.000, aRR@0.3: 1.000, sRR: 1.000, lr: 7.600e-04, time: 0.160s/0.796s
[2025-07-04 10:10:34] [INFO] Epoch: 2/30, iter: 80/2438, loss: 0.144, c_loss: 0.580, f_loss: 0.407, facw_loss: 0.144, PIR: 0.761, IR: 0.733, RRE: 1.339, RTE: 0.040, RMSE: 0.022, RR: 1.000, aRR: 1.000, aRR@0.3: 1.000, sRR: 1.000, lr: 7.600e-04, time: 0.160s/0.796s
[2025-07-04 10:10:43] [INFO] Epoch: 2/30, iter: 90/2438, loss: 0.143, c_loss: 0.580, f_loss: 0.441, facw_loss: 0.143, PIR: 0.774, IR: 0.742, RRE: 1.138, RTE: 0.033, RMSE: 0.017, RR: 1.000, aRR: 1.000, aRR@0.3: 1.000, sRR: 1.000, lr: 7.600e-04, time: 0.160s/0.796s
[2025-07-04 10:10:52] [INFO] Epoch: 2/30, iter: 100/2438, loss: 0.112, c_loss: 0.578, f_loss: 0.372, facw_loss: 0.112, PIR: 0.739, IR: 0.723, RRE: 1.049, RTE: 0.033, RMSE: 0.019, RR: 1.000, aRR: 1.000, aRR@0.3: 1.000, sRR: 1.000, lr: 7.600e-04, time: 0.159s/0.796s
[2025-07-04 10:11:01] [INFO] Epoch: 2/30, iter: 110/2438, loss: 0.138, c_loss: 0.576, f_loss: 0.437, facw_loss: 0.138, PIR: 0.786, IR: 0.739, RRE: 1.226, RTE: 0.035, RMSE: 0.019, RR: 1.000, aRR: 1.000, aRR@0.3: 1.000, sRR: 1.000, lr: 7.600e-04, time: 0.159s/0.796s
[2025-07-04 10:11:10] [INFO] Epoch: 2/30, iter: 120/2438, loss: 0.131, c_loss: 0.581, f_loss: 0.393, facw_loss: 0.131, PIR: 0.751, IR: 0.717, RRE: 1.230, RTE: 0.037, RMSE: 0.022, RR: 1.000, aRR: 1.000, aRR@0.3: 1.000, sRR: 1.000, lr: 7.600e-04, time: 0.159s/0.796s
[2025-07-04 10:11:19] [INFO] Epoch: 2/30, iter: 130/2438, loss: 0.128, c_loss: 0.580, f_loss: 0.409, facw_loss: 0.128, PIR: 0.732, IR: 0.718, RRE: 1.331, RTE: 0.040, RMSE: 0.022, RR: 1.000, aRR: 1.000, aRR@0.3: 1.000, sRR: 1.000, lr: 7.600e-04, time: 0.159s/0.796s
[2025-07-04 10:11:28] [INFO] Epoch: 2/30, iter: 140/2438, loss: 0.173, c_loss: 0.576, f_loss: 0.426, facw_loss: 0.173, PIR: 0.773, IR: 0.735, RRE: 1.112, RTE: 0.034, RMSE: 0.017, RR: 1.000, aRR: 1.000, aRR@0.3: 1.000, sRR: 1.000, lr: 7.600e-04, time: 0.159s/0.796s
[2025-07-04 10:11:37] [INFO] Epoch: 2/30, iter: 150/2438, loss: 0.143, c_loss: 0.579, f_loss: 0.402, facw_loss: 0.143, PIR: 0.716, IR: 0.697, RRE: 1.238, RTE: 0.040, RMSE: 0.021, RR: 1.000, aRR: 1.000, aRR@0.3: 1.000, sRR: 1.000, lr: 7.600e-04, time: 0.158s/0.796s
[2025-07-04 10:11:46] [INFO] Epoch: 2/30, iter: 160/2438, loss: 0.087, c_loss: 0.577, f_loss: 0.407, facw_loss: 0.087, PIR: 0.781, IR: 0.736, RRE: 1.261, RTE: 0.036, RMSE: 0.020, RR: 1.000, aRR: 1.000, aRR@0.3: 1.000, sRR: 1.000, lr: 7.600e-04, time: 0.158s/0.796s
[2025-07-04 10:11:55] [INFO] Epoch: 2/30, iter: 170/2438, loss: 0.082, c_loss: 0.577, f_loss: 0.435, facw_loss: 0.082, PIR: 0.753, IR: 0.721, RRE: 1.139, RTE: 0.033, RMSE: 0.018, RR: 1.000, aRR: 1.000, aRR@0.3: 1.000, sRR: 1.000, lr: 7.600e-04, time: 0.158s/0.796s
[2025-07-04 10:12:05] [INFO] Epoch: 2/30, iter: 180/2438, loss: 0.050, c_loss: 0.577, f_loss: 0.373, facw_loss: 0.050, PIR: 0.748, IR: 0.732, RRE: 1.092, RTE: 0.034, RMSE: 0.018, RR: 1.000, aRR: 1.000, aRR@0.3: 1.000, sRR: 1.000, lr: 7.600e-04, time: 0.158s/0.796s
[2025-07-04 10:12:14] [INFO] Epoch: 2/30, iter: 190/2438, loss: 0.091, c_loss: 0.583, f_loss: 0.394, facw_loss: 0.091, PIR: 0.735, IR: 0.712, RRE: 1.184, RTE: 0.034, RMSE: 0.020, RR: 1.000, aRR: 1.000, aRR@0.3: 1.000, sRR: 1.000, lr: 7.600e-04, time: 0.158s/0.796s
[2025-07-04 10:12:23] [INFO] Epoch: 2/30, iter: 200/2438, loss: 0.105, c_loss: 0.580, f_loss: 0.386, facw_loss: 0.105, PIR: 0.726, IR: 0.720, RRE: 1.245, RTE: 0.042, RMSE: 0.022, RR: 1.000, aRR: 1.000, aRR@0.3: 1.000, sRR: 1.000, lr: 7.600e-04, time: 0.158s/0.796s
[2025-07-04 10:12:32] [INFO] Epoch: 2/30, iter: 210/2438, loss: 0.122, c_loss: 0.580, f_loss: 0.396, facw_loss: 0.122, PIR: 0.757, IR: 0.734, RRE: 1.094, RTE: 0.031, RMSE: 0.018, RR: 1.000, aRR: 1.000, aRR@0.3: 1.000, sRR: 1.000, lr: 7.600e-04, time: 0.158s/0.796s
[2025-07-04 10:12:42] [INFO] Epoch: 2/30, iter: 220/2438, loss: 0.147, c_loss: 0.580, f_loss: 0.390, facw_loss: 0.147, PIR: 0.747, IR: 0.726, RRE: 1.342, RTE: 0.043, RMSE: 0.023, RR: 1.000, aRR: 1.000, aRR@0.3: 1.000, sRR: 1.000, lr: 7.600e-04, time: 0.157s/0.796s
[2025-07-04 10:12:51] [INFO] Epoch: 2/30, iter: 230/2438, loss: 0.103, c_loss: 0.579, f_loss: 0.404, facw_loss: 0.103, PIR: 0.727, IR: 0.696, RRE: 1.320, RTE: 0.043, RMSE: 0.022, RR: 1.000, aRR: 1.000, aRR@0.3: 1.000, sRR: 1.000, lr: 7.600e-04, time: 0.157s/0.796s
[2025-07-04 10:13:00] [INFO] Epoch: 2/30, iter: 240/2438, loss: 0.061, c_loss: 0.581, f_loss: 0.434, facw_loss: 0.061, PIR: 0.764, IR: 0.704, RRE: 1.259, RTE: 0.040, RMSE: 0.021, RR: 1.000, aRR: 1.000, aRR@0.3: 1.000, sRR: 1.000, lr: 7.600e-04, time: 0.157s/0.796s
[2025-07-04 10:13:09] [INFO] Epoch: 2/30, iter: 250/2438, loss: 0.127, c_loss: 0.580, f_loss: 0.460, facw_loss: 0.127, PIR: 0.770, IR: 0.731, RRE: 1.148, RTE: 0.036, RMSE: 0.019, RR: 1.000, aRR: 1.000, aRR@0.3: 1.000, sRR: 1.000, lr: 7.600e-04, time: 0.157s/0.796s
[2025-07-04 10:13:18] [INFO] Epoch: 2/30, iter: 260/2438, loss: 0.108, c_loss: 0.580, f_loss: 0.395, facw_loss: 0.108, PIR: 0.753, IR: 0.718, RRE: 1.137, RTE: 0.032, RMSE: 0.020, RR: 1.000, aRR: 1.000, aRR@0.3: 1.000, sRR: 1.000, lr: 7.600e-04, time: 0.157s/0.796s
[2025-07-04 10:13:27] [INFO] Epoch: 2/30, iter: 270/2438, loss: 0.101, c_loss: 0.582, f_loss: 0.408, facw_loss: 0.101, PIR: 0.764, IR: 0.730, RRE: 2.128, RTE: 0.061, RMSE: 0.028, RR: 0.988, aRR: 1.000, aRR@0.3: 1.000, sRR: 1.000, lr: 7.600e-04, time: 0.157s/0.796s
[2025-07-04 10:13:36] [INFO] Epoch: 2/30, iter: 280/2438, loss: 0.104, c_loss: 0.580, f_loss: 0.400, facw_loss: 0.104, PIR: 0.749, IR: 0.713, RRE: 1.158, RTE: 0.035, RMSE: 0.020, RR: 1.000, aRR: 1.000, aRR@0.3: 1.000, sRR: 1.000, lr: 7.600e-04, time: 0.156s/0.796s
[2025-07-04 10:13:45] [INFO] Epoch: 2/30, iter: 290/2438, loss: 0.065, c_loss: 0.575, f_loss: 0.387, facw_loss: 0.065, PIR: 0.782, IR: 0.753, RRE: 1.295, RTE: 0.036, RMSE: 0.020, RR: 1.000, aRR: 1.000, aRR@0.3: 1.000, sRR: 1.000, lr: 7.600e-04, time: 0.156s/0.796s
[2025-07-04 10:13:54] [INFO] Epoch: 2/30, iter: 300/2438, loss: 0.073, c_loss: 0.576, f_loss: 0.451, facw_loss: 0.073, PIR: 0.753, IR: 0.721, RRE: 1.169, RTE: 0.037, RMSE: 0.019, RR: 1.000, aRR: 1.000, aRR@0.3: 1.000, sRR: 1.000, lr: 7.600e-04, time: 0.156s/0.796s
[2025-07-04 10:14:03] [INFO] Epoch: 2/30, iter: 310/2438, loss: 0.130, c_loss: 0.581, f_loss: 0.383, facw_loss: 0.130, PIR: 0.756, IR: 0.719, RRE: 1.108, RTE: 0.033, RMSE: 0.019, RR: 1.000, aRR: 1.000, aRR@0.3: 1.000, sRR: 1.000, lr: 7.600e-04, time: 0.156s/0.796s
[2025-07-04 10:14:13] [INFO] Epoch: 2/30, iter: 320/2438, loss: 0.120, c_loss: 0.579, f_loss: 0.404, facw_loss: 0.120, PIR: 0.763, IR: 0.728, RRE: 1.085, RTE: 0.034, RMSE: 0.019, RR: 1.000, aRR: 1.000, aRR@0.3: 1.000, sRR: 1.000, lr: 7.600e-04, time: 0.156s/0.796s
[2025-07-04 10:14:22] [INFO] Epoch: 2/30, iter: 330/2438, loss: 0.066, c_loss: 0.575, f_loss: 0.425, facw_loss: 0.066, PIR: 0.767, IR: 0.749, RRE: 1.161, RTE: 0.034, RMSE: 0.018, RR: 1.000, aRR: 1.000, aRR@0.3: 1.000, sRR: 1.000, lr: 7.600e-04, time: 0.156s/0.796s
[2025-07-04 10:14:30] [INFO] Epoch: 2/30, iter: 340/2438, loss: 0.079, c_loss: 0.576, f_loss: 0.423, facw_loss: 0.079, PIR: 0.704, IR: 0.698, RRE: 1.232, RTE: 0.036, RMSE: 0.022, RR: 1.000, aRR: 1.000, aRR@0.3: 1.000, sRR: 1.000, lr: 7.600e-04, time: 0.156s/0.796s
[2025-07-04 10:14:40] [INFO] Epoch: 2/30, iter: 350/2438, loss: 0.117, c_loss: 0.583, f_loss: 0.384, facw_loss: 0.117, PIR: 0.698, IR: 0.685, RRE: 2.642, RTE: 0.085, RMSE: 0.037, RR: 0.988, aRR: 1.000, aRR@0.3: 1.000, sRR: 1.000, lr: 7.600e-04, time: 0.156s/0.796s
[2025-07-04 10:14:49] [INFO] Epoch: 2/30, iter: 360/2438, loss: 0.116, c_loss: 0.581, f_loss: 0.404, facw_loss: 0.116, PIR: 0.771, IR: 0.738, RRE: 1.116, RTE: 0.032, RMSE: 0.019, RR: 1.000, aRR: 1.000, aRR@0.3: 1.000, sRR: 1.000, lr: 7.600e-04, time: 0.155s/0.796s
[2025-07-04 10:14:58] [INFO] Epoch: 2/30, iter: 370/2438, loss: 0.074, c_loss: 0.580, f_loss: 0.390, facw_loss: 0.074, PIR: 0.761, IR: 0.716, RRE: 1.139, RTE: 0.033, RMSE: 0.020, RR: 1.000, aRR: 1.000, aRR@0.3: 1.000, sRR: 1.000, lr: 7.600e-04, time: 0.155s/0.796s
[2025-07-04 10:15:07] [INFO] Epoch: 2/30, iter: 380/2438, loss: 0.051, c_loss: 0.572, f_loss: 0.426, facw_loss: 0.051, PIR: 0.782, IR: 0.752, RRE: 1.118, RTE: 0.031, RMSE: 0.018, RR: 1.000, aRR: 1.000, aRR@0.3: 1.000, sRR: 1.000, lr: 7.600e-04, time: 0.155s/0.796s
[2025-07-04 10:15:16] [INFO] Epoch: 2/30, iter: 390/2438, loss: 0.156, c_loss: 0.581, f_loss: 0.403, facw_loss: 0.156, PIR: 0.744, IR: 0.708, RRE: 1.253, RTE: 0.041, RMSE: 0.023, RR: 1.000, aRR: 1.000, aRR@0.3: 1.000, sRR: 1.000, lr: 7.600e-04, time: 0.155s/0.796s
[2025-07-04 10:15:26] [INFO] Epoch: 2/30, iter: 400/2438, loss: 0.155, c_loss: 0.579, f_loss: 0.393, facw_loss: 0.155, PIR: 0.737, IR: 0.711, RRE: 1.272, RTE: 0.037, RMSE: 0.022, RR: 1.000, aRR: 1.000, aRR@0.3: 1.000, sRR: 1.000, lr: 7.600e-04, time: 0.155s/0.796s
[2025-07-04 10:15:35] [INFO] Epoch: 2/30, iter: 410/2438, loss: 0.165, c_loss: 0.581, f_loss: 0.401, facw_loss: 0.165, PIR: 0.728, IR: 0.712, RRE: 1.175, RTE: 0.036, RMSE: 0.020, RR: 1.000, aRR: 1.000, aRR@0.3: 1.000, sRR: 1.000, lr: 7.600e-04, time: 0.155s/0.796s
[2025-07-04 10:15:45] [INFO] Epoch: 2/30, iter: 420/2438, loss: 0.121, c_loss: 0.579, f_loss: 0.433, facw_loss: 0.121, PIR: 0.779, IR: 0.727, RRE: 3.052, RTE: 0.072, RMSE: 0.047, RR: 0.988, aRR: 1.000, aRR@0.3: 1.000, sRR: 1.000, lr: 7.600e-04, time: 0.155s/0.796s
[2025-07-04 10:15:54] [INFO] Epoch: 2/30, iter: 430/2438, loss: 0.140, c_loss: 0.578, f_loss: 0.411, facw_loss: 0.140, PIR: 0.747, IR: 0.726, RRE: 1.169, RTE: 0.034, RMSE: 0.019, RR: 1.000, aRR: 1.000, aRR@0.3: 1.000, sRR: 1.000, lr: 7.600e-04, time: 0.155s/0.796s
[2025-07-04 10:16:03] [INFO] Epoch: 2/30, iter: 440/2438, loss: 0.100, c_loss: 0.579, f_loss: 0.446, facw_loss: 0.100, PIR: 0.792, IR: 0.732, RRE: 1.300, RTE: 0.041, RMSE: 0.021, RR: 1.000, aRR: 1.000, aRR@0.3: 1.000, sRR: 1.000, lr: 7.600e-04, time: 0.154s/0.796s
[2025-07-04 10:16:11] [INFO] Epoch: 2/30, iter: 450/2438, loss: 0.140, c_loss: 0.577, f_loss: 0.409, facw_loss: 0.140, PIR: 0.770, IR: 0.746, RRE: 3.184, RTE: 0.054, RMSE: 0.050, RR: 0.988, aRR: 1.000, aRR@0.3: 1.000, sRR: 1.000, lr: 7.600e-04, time: 0.154s/0.796s
[2025-07-04 10:16:21] [INFO] Epoch: 2/30, iter: 460/2438, loss: 0.058, c_loss: 0.581, f_loss: 0.384, facw_loss: 0.058, PIR: 0.732, IR: 0.716, RRE: 1.135, RTE: 0.033, RMSE: 0.019, RR: 1.000, aRR: 1.000, aRR@0.3: 1.000, sRR: 1.000, lr: 7.600e-04, time: 0.154s/0.796s
[2025-07-04 10:16:30] [INFO] Epoch: 2/30, iter: 470/2438, loss: 0.084, c_loss: 0.582, f_loss: 0.389, facw_loss: 0.084, PIR: 0.782, IR: 0.718, RRE: 1.210, RTE: 0.041, RMSE: 0.023, RR: 1.000, aRR: 1.000, aRR@0.3: 1.000, sRR: 1.000, lr: 7.600e-04, time: 0.154s/0.796s
[2025-07-04 10:16:39] [INFO] Epoch: 2/30, iter: 480/2438, loss: 0.073, c_loss: 0.576, f_loss: 0.437, facw_loss: 0.073, PIR: 0.749, IR: 0.720, RRE: 1.249, RTE: 0.039, RMSE: 0.021, RR: 1.000, aRR: 1.000, aRR@0.3: 1.000, sRR: 1.000, lr: 7.600e-04, time: 0.154s/0.796s
[2025-07-04 10:16:48] [INFO] Epoch: 2/30, iter: 490/2438, loss: 0.070, c_loss: 0.577, f_loss: 0.418, facw_loss: 0.070, PIR: 0.722, IR: 0.712, RRE: 1.209, RTE: 0.040, RMSE: 0.021, RR: 1.000, aRR: 1.000, aRR@0.3: 1.000, sRR: 1.000, lr: 7.600e-04, time: 0.154s/0.796s
[2025-07-04 10:16:57] [INFO] Epoch: 2/30, iter: 500/2438, loss: 0.081, c_loss: 0.578, f_loss: 0.384, facw_loss: 0.081, PIR: 0.719, IR: 0.704, RRE: 1.299, RTE: 0.041, RMSE: 0.022, RR: 1.000, aRR: 1.000, aRR@0.3: 1.000, sRR: 1.000, lr: 7.600e-04, time: 0.154s/0.796s
[2025-07-04 10:17:06] [INFO] Epoch: 2/30, iter: 510/2438, loss: 0.052, c_loss: 0.576, f_loss: 0.412, facw_loss: 0.052, PIR: 0.749, IR: 0.692, RRE: 2.369, RTE: 0.053, RMSE: 0.038, RR: 0.988, aRR: 1.000, aRR@0.3: 1.000, sRR: 1.000, lr: 7.600e-04, time: 0.154s/0.796s
[2025-07-04 10:17:15] [INFO] Epoch: 2/30, iter: 520/2438, loss: 0.123, c_loss: 0.578, f_loss: 0.409, facw_loss: 0.123, PIR: 0.737, IR: 0.715, RRE: 1.218, RTE: 0.039, RMSE: 0.020, RR: 1.000, aRR: 1.000, aRR@0.3: 1.000, sRR: 1.000, lr: 7.600e-04, time: 0.153s/0.796s
[2025-07-04 10:17:25] [INFO] Epoch: 2/30, iter: 530/2438, loss: 0.093, c_loss: 0.576, f_loss: 0.417, facw_loss: 0.093, PIR: 0.791, IR: 0.747, RRE: 1.264, RTE: 0.036, RMSE: 0.019, RR: 1.000, aRR: 1.000, aRR@0.3: 1.000, sRR: 1.000, lr: 7.600e-04, time: 0.153s/0.796s
[2025-07-04 10:17:34] [INFO] Epoch: 2/30, iter: 540/2438, loss: 0.086, c_loss: 0.577, f_loss: 0.420, facw_loss: 0.086, PIR: 0.725, IR: 0.711, RRE: 1.280, RTE: 0.038, RMSE: 0.020, RR: 1.000, aRR: 1.000, aRR@0.3: 1.000, sRR: 1.000, lr: 7.600e-04, time: 0.153s/0.796s
[2025-07-04 10:17:43] [INFO] Epoch: 2/30, iter: 550/2438, loss: 0.137, c_loss: 0.580, f_loss: 0.416, facw_loss: 0.137, PIR: 0.727, IR: 0.677, RRE: 1.172, RTE: 0.036, RMSE: 0.020, RR: 1.000, aRR: 1.000, aRR@0.3: 1.000, sRR: 1.000, lr: 7.600e-04, time: 0.153s/0.796s
[2025-07-04 10:17:52] [INFO] Epoch: 2/30, iter: 560/2438, loss: 0.083, c_loss: 0.579, f_loss: 0.401, facw_loss: 0.083, PIR: 0.717, IR: 0.705, RRE: 1.177, RTE: 0.035, RMSE: 0.020, RR: 1.000, aRR: 1.000, aRR@0.3: 1.000, sRR: 1.000, lr: 7.600e-04, time: 0.153s/0.796s
[2025-07-04 10:18:01] [INFO] Epoch: 2/30, iter: 570/2438, loss: 0.092, c_loss: 0.576, f_loss: 0.392, facw_loss: 0.092, PIR: 0.766, IR: 0.713, RRE: 3.398, RTE: 0.083, RMSE: 0.035, RR: 0.988, aRR: 1.000, aRR@0.3: 1.000, sRR: 1.000, lr: 7.600e-04, time: 0.153s/0.796s
[2025-07-04 10:18:10] [INFO] Epoch: 2/30, iter: 580/2438, loss: 0.078, c_loss: 0.577, f_loss: 0.426, facw_loss: 0.078, PIR: 0.787, IR: 0.730, RRE: 1.125, RTE: 0.034, RMSE: 0.019, RR: 1.000, aRR: 1.000, aRR@0.3: 1.000, sRR: 1.000, lr: 7.600e-04, time: 0.153s/0.796s
[2025-07-04 10:18:19] [INFO] Epoch: 2/30, iter: 590/2438, loss: 0.088, c_loss: 0.580, f_loss: 0.394, facw_loss: 0.088, PIR: 0.730, IR: 0.709, RRE: 1.299, RTE: 0.039, RMSE: 0.023, RR: 1.000, aRR: 1.000, aRR@0.3: 1.000, sRR: 1.000, lr: 7.600e-04, time: 0.152s/0.796s
[2025-07-04 10:18:28] [INFO] Epoch: 2/30, iter: 600/2438, loss: 0.091, c_loss: 0.582, f_loss: 0.398, facw_loss: 0.091, PIR: 0.741, IR: 0.715, RRE: 1.083, RTE: 0.032, RMSE: 0.018, RR: 1.000, aRR: 1.000, aRR@0.3: 1.000, sRR: 1.000, lr: 7.600e-04, time: 0.152s/0.796s
[2025-07-04 10:18:38] [INFO] Epoch: 2/30, iter: 610/2438, loss: 0.070, c_loss: 0.579, f_loss: 0.434, facw_loss: 0.070, PIR: 0.763, IR: 0.736, RRE: 1.173, RTE: 0.033, RMSE: 0.019, RR: 1.000, aRR: 1.000, aRR@0.3: 1.000, sRR: 1.000, lr: 7.600e-04, time: 0.152s/0.796s
[2025-07-04 10:18:47] [INFO] Epoch: 2/30, iter: 620/2438, loss: 0.125, c_loss: 0.577, f_loss: 0.422, facw_loss: 0.125, PIR: 0.729, IR: 0.717, RRE: 1.108, RTE: 0.033, RMSE: 0.020, RR: 1.000, aRR: 1.000, aRR@0.3: 1.000, sRR: 1.000, lr: 7.600e-04, time: 0.152s/0.796s
[2025-07-04 10:18:56] [INFO] Epoch: 2/30, iter: 630/2438, loss: 0.081, c_loss: 0.577, f_loss: 0.409, facw_loss: 0.081, PIR: 0.766, IR: 0.728, RRE: 1.027, RTE: 0.030, RMSE: 0.016, RR: 1.000, aRR: 1.000, aRR@0.3: 1.000, sRR: 1.000, lr: 7.600e-04, time: 0.152s/0.796s
[2025-07-04 10:19:05] [INFO] Epoch: 2/30, iter: 640/2438, loss: 0.100, c_loss: 0.580, f_loss: 0.412, facw_loss: 0.100, PIR: 0.784, IR: 0.739, RRE: 0.990, RTE: 0.031, RMSE: 0.017, RR: 1.000, aRR: 1.000, aRR@0.3: 1.000, sRR: 1.000, lr: 7.600e-04, time: 0.152s/0.796s
[2025-07-04 10:19:15] [INFO] Epoch: 2/30, iter: 650/2438, loss: 0.092, c_loss: 0.581, f_loss: 0.373, facw_loss: 0.092, PIR: 0.681, IR: 0.681, RRE: 1.368, RTE: 0.045, RMSE: 0.024, RR: 1.000, aRR: 1.000, aRR@0.3: 1.000, sRR: 1.000, lr: 7.600e-04, time: 0.152s/0.796s
[2025-07-04 10:19:24] [INFO] Epoch: 2/30, iter: 660/2438, loss: 0.087, c_loss: 0.578, f_loss: 0.421, facw_loss: 0.087, PIR: 0.745, IR: 0.727, RRE: 1.104, RTE: 0.032, RMSE: 0.017, RR: 1.000, aRR: 1.000, aRR@0.3: 1.000, sRR: 1.000, lr: 7.600e-04, time: 0.152s/0.796s
[2025-07-04 10:19:33] [INFO] Epoch: 2/30, iter: 670/2438, loss: 0.111, c_loss: 0.582, f_loss: 0.414, facw_loss: 0.111, PIR: 0.723, IR: 0.692, RRE: 2.363, RTE: 0.090, RMSE: 0.048, RR: 0.988, aRR: 1.000, aRR@0.3: 1.000, sRR: 1.000, lr: 7.600e-04, time: 0.152s/0.796s
[2025-07-04 10:19:42] [INFO] Epoch: 2/30, iter: 680/2438, loss: 0.048, c_loss: 0.576, f_loss: 0.422, facw_loss: 0.048, PIR: 0.767, IR: 0.749, RRE: 1.091, RTE: 0.031, RMSE: 0.017, RR: 1.000, aRR: 1.000, aRR@0.3: 1.000, sRR: 1.000, lr: 7.600e-04, time: 0.152s/0.796s
[2025-07-04 10:19:51] [INFO] Epoch: 2/30, iter: 690/2438, loss: 0.063, c_loss: 0.579, f_loss: 0.408, facw_loss: 0.063, PIR: 0.760, IR: 0.735, RRE: 1.173, RTE: 0.037, RMSE: 0.019, RR: 1.000, aRR: 1.000, aRR@0.3: 1.000, sRR: 1.000, lr: 7.600e-04, time: 0.152s/0.796s
[2025-07-04 10:20:01] [INFO] Epoch: 2/30, iter: 700/2438, loss: 0.103, c_loss: 0.579, f_loss: 0.446, facw_loss: 0.103, PIR: 0.768, IR: 0.743, RRE: 1.106, RTE: 0.035, RMSE: 0.019, RR: 1.000, aRR: 1.000, aRR@0.3: 1.000, sRR: 1.000, lr: 7.600e-04, time: 0.151s/0.796s
[2025-07-04 10:20:10] [INFO] Epoch: 2/30, iter: 710/2438, loss: 0.089, c_loss: 0.580, f_loss: 0.402, facw_loss: 0.089, PIR: 0.737, IR: 0.706, RRE: 1.156, RTE: 0.034, RMSE: 0.019, RR: 1.000, aRR: 1.000, aRR@0.3: 1.000, sRR: 1.000, lr: 7.600e-04, time: 0.151s/0.796s
[2025-07-04 10:20:19] [INFO] Epoch: 2/30, iter: 720/2438, loss: 0.087, c_loss: 0.578, f_loss: 0.406, facw_loss: 0.087, PIR: 0.732, IR: 0.718, RRE: 1.126, RTE: 0.034, RMSE: 0.019, RR: 1.000, aRR: 1.000, aRR@0.3: 1.000, sRR: 1.000, lr: 7.600e-04, time: 0.151s/0.796s
[2025-07-04 10:20:28] [INFO] Epoch: 2/30, iter: 730/2438, loss: 0.051, c_loss: 0.580, f_loss: 0.384, facw_loss: 0.051, PIR: 0.751, IR: 0.709, RRE: 1.220, RTE: 0.037, RMSE: 0.021, RR: 1.000, aRR: 1.000, aRR@0.3: 1.000, sRR: 1.000, lr: 7.600e-04, time: 0.151s/0.796s
[2025-07-04 10:20:38] [INFO] Epoch: 2/30, iter: 740/2438, loss: 0.064, c_loss: 0.580, f_loss: 0.407, facw_loss: 0.064, PIR: 0.758, IR: 0.738, RRE: 1.087, RTE: 0.033, RMSE: 0.018, RR: 1.000, aRR: 1.000, aRR@0.3: 1.000, sRR: 1.000, lr: 7.600e-04, time: 0.151s/0.797s
[2025-07-04 10:20:47] [INFO] Epoch: 2/30, iter: 750/2438, loss: 0.075, c_loss: 0.579, f_loss: 0.394, facw_loss: 0.075, PIR: 0.733, IR: 0.728, RRE: 1.082, RTE: 0.033, RMSE: 0.018, RR: 1.000, aRR: 1.000, aRR@0.3: 1.000, sRR: 1.000, lr: 7.600e-04, time: 0.151s/0.797s
[2025-07-04 10:20:56] [INFO] Epoch: 2/30, iter: 760/2438, loss: 0.105, c_loss: 0.573, f_loss: 0.415, facw_loss: 0.105, PIR: 0.753, IR: 0.720, RRE: 1.148, RTE: 0.035, RMSE: 0.020, RR: 1.000, aRR: 1.000, aRR@0.3: 1.000, sRR: 1.000, lr: 7.600e-04, time: 0.151s/0.797s
[2025-07-04 10:21:04] [INFO] Epoch: 2/30, iter: 770/2438, loss: 0.092, c_loss: 0.582, f_loss: 0.389, facw_loss: 0.092, PIR: 0.710, IR: 0.685, RRE: 1.309, RTE: 0.043, RMSE: 0.023, RR: 1.000, aRR: 1.000, aRR@0.3: 1.000, sRR: 1.000, lr: 7.600e-04, time: 0.151s/0.796s
[2025-07-04 10:21:13] [INFO] Epoch: 2/30, iter: 780/2438, loss: 0.040, c_loss: 0.577, f_loss: 0.408, facw_loss: 0.040, PIR: 0.752, IR: 0.729, RRE: 1.060, RTE: 0.031, RMSE: 0.017, RR: 1.000, aRR: 1.000, aRR@0.3: 1.000, sRR: 1.000, lr: 7.600e-04, time: 0.151s/0.796s
[2025-07-04 10:21:22] [INFO] Epoch: 2/30, iter: 790/2438, loss: 0.054, c_loss: 0.580, f_loss: 0.426, facw_loss: 0.054, PIR: 0.773, IR: 0.739, RRE: 1.126, RTE: 0.030, RMSE: 0.019, RR: 1.000, aRR: 1.000, aRR@0.3: 1.000, sRR: 1.000, lr: 7.600e-04, time: 0.150s/0.796s
[2025-07-04 10:21:32] [INFO] Epoch: 2/30, iter: 800/2438, loss: 0.112, c_loss: 0.582, f_loss: 0.392, facw_loss: 0.112, PIR: 0.706, IR: 0.697, RRE: 1.209, RTE: 0.036, RMSE: 0.021, RR: 1.000, aRR: 1.000, aRR@0.3: 1.000, sRR: 1.000, lr: 7.600e-04, time: 0.150s/0.796s
[2025-07-04 10:21:41] [INFO] Epoch: 2/30, iter: 810/2438, loss: 0.122, c_loss: 0.583, f_loss: 0.394, facw_loss: 0.122, PIR: 0.760, IR: 0.713, RRE: 1.313, RTE: 0.046, RMSE: 0.024, RR: 0.988, aRR: 1.000, aRR@0.3: 1.000, sRR: 1.000, lr: 7.600e-04, time: 0.150s/0.796s
[2025-07-04 10:21:50] [INFO] Epoch: 2/30, iter: 820/2438, loss: 0.062, c_loss: 0.577, f_loss: 0.423, facw_loss: 0.062, PIR: 0.763, IR: 0.725, RRE: 1.067, RTE: 0.029, RMSE: 0.019, RR: 1.000, aRR: 1.000, aRR@0.3: 1.000, sRR: 1.000, lr: 7.600e-04, time: 0.150s/0.796s
[2025-07-04 10:21:59] [INFO] Epoch: 2/30, iter: 830/2438, loss: 0.169, c_loss: 0.578, f_loss: 0.404, facw_loss: 0.169, PIR: 0.721, IR: 0.704, RRE: 2.337, RTE: 0.071, RMSE: 0.039, RR: 0.988, aRR: 1.000, aRR@0.3: 1.000, sRR: 1.000, lr: 7.600e-04, time: 0.150s/0.796s
[2025-07-04 10:22:08] [INFO] Epoch: 2/30, iter: 840/2438, loss: 0.046, c_loss: 0.581, f_loss: 0.414, facw_loss: 0.046, PIR: 0.716, IR: 0.707, RRE: 1.790, RTE: 0.047, RMSE: 0.027, RR: 0.988, aRR: 1.000, aRR@0.3: 1.000, sRR: 0.900, lr: 7.600e-04, time: 0.150s/0.796s
[2025-07-04 10:22:17] [INFO] Epoch: 2/30, iter: 850/2438, loss: 0.039, c_loss: 0.578, f_loss: 0.430, facw_loss: 0.039, PIR: 0.741, IR: 0.710, RRE: 1.125, RTE: 0.032, RMSE: 0.020, RR: 1.000, aRR: 1.000, aRR@0.3: 1.000, sRR: 1.000, lr: 7.600e-04, time: 0.150s/0.796s
[2025-07-04 10:22:27] [INFO] Epoch: 2/30, iter: 860/2438, loss: 0.064, c_loss: 0.578, f_loss: 0.413, facw_loss: 0.064, PIR: 0.772, IR: 0.727, RRE: 1.171, RTE: 0.038, RMSE: 0.020, RR: 1.000, aRR: 1.000, aRR@0.3: 1.000, sRR: 1.000, lr: 7.600e-04, time: 0.150s/0.796s
[2025-07-04 10:22:36] [INFO] Epoch: 2/30, iter: 870/2438, loss: 0.078, c_loss: 0.580, f_loss: 0.412, facw_loss: 0.078, PIR: 0.747, IR: 0.723, RRE: 1.182, RTE: 0.033, RMSE: 0.019, RR: 1.000, aRR: 1.000, aRR@0.3: 1.000, sRR: 1.000, lr: 7.600e-04, time: 0.150s/0.796s
[2025-07-04 10:22:45] [INFO] Epoch: 2/30, iter: 880/2438, loss: 0.072, c_loss: 0.577, f_loss: 0.415, facw_loss: 0.072, PIR: 0.735, IR: 0.704, RRE: 1.212, RTE: 0.039, RMSE: 0.020, RR: 1.000, aRR: 1.000, aRR@0.3: 1.000, sRR: 1.000, lr: 7.600e-04, time: 0.150s/0.796s
[2025-07-04 10:22:54] [INFO] Epoch: 2/30, iter: 890/2438, loss: 0.147, c_loss: 0.581, f_loss: 0.375, facw_loss: 0.147, PIR: 0.694, IR: 0.703, RRE: 1.228, RTE: 0.038, RMSE: 0.020, RR: 1.000, aRR: 1.000, aRR@0.3: 1.000, sRR: 1.000, lr: 7.600e-04, time: 0.149s/0.796s
[2025-07-04 10:23:03] [INFO] Epoch: 2/30, iter: 900/2438, loss: 0.041, c_loss: 0.579, f_loss: 0.466, facw_loss: 0.041, PIR: 0.758, IR: 0.714, RRE: 1.209, RTE: 0.042, RMSE: 0.019, RR: 1.000, aRR: 1.000, aRR@0.3: 1.000, sRR: 1.000, lr: 7.600e-04, time: 0.149s/0.796s
[2025-07-04 10:23:13] [INFO] Epoch: 2/30, iter: 910/2438, loss: 0.063, c_loss: 0.579, f_loss: 0.419, facw_loss: 0.063, PIR: 0.783, IR: 0.743, RRE: 1.308, RTE: 0.039, RMSE: 0.022, RR: 1.000, aRR: 1.000, aRR@0.3: 1.000, sRR: 1.000, lr: 7.600e-04, time: 0.149s/0.797s
[2025-07-04 10:23:22] [INFO] Epoch: 2/30, iter: 920/2438, loss: 0.076, c_loss: 0.580, f_loss: 0.387, facw_loss: 0.076, PIR: 0.730, IR: 0.706, RRE: 1.324, RTE: 0.044, RMSE: 0.023, RR: 1.000, aRR: 1.000, aRR@0.3: 1.000, sRR: 1.000, lr: 7.600e-04, time: 0.149s/0.796s
[2025-07-04 10:23:31] [INFO] Epoch: 2/30, iter: 930/2438, loss: 0.128, c_loss: 0.576, f_loss: 0.399, facw_loss: 0.128, PIR: 0.766, IR: 0.728, RRE: 1.384, RTE: 0.042, RMSE: 0.022, RR: 1.000, aRR: 1.000, aRR@0.3: 1.000, sRR: 1.000, lr: 7.600e-04, time: 0.149s/0.796s
[2025-07-04 10:23:41] [INFO] Epoch: 2/30, iter: 940/2438, loss: 0.117, c_loss: 0.578, f_loss: 0.395, facw_loss: 0.117, PIR: 0.728, IR: 0.706, RRE: 1.237, RTE: 0.038, RMSE: 0.021, RR: 1.000, aRR: 1.000, aRR@0.3: 1.000, sRR: 1.000, lr: 7.600e-04, time: 0.149s/0.797s
[2025-07-04 10:23:50] [INFO] Epoch: 2/30, iter: 950/2438, loss: 0.102, c_loss: 0.582, f_loss: 0.427, facw_loss: 0.102, PIR: 0.748, IR: 0.709, RRE: 1.242, RTE: 0.037, RMSE: 0.021, RR: 1.000, aRR: 1.000, aRR@0.3: 1.000, sRR: 1.000, lr: 7.600e-04, time: 0.149s/0.797s
[2025-07-04 10:23:59] [INFO] Epoch: 2/30, iter: 960/2438, loss: 0.072, c_loss: 0.578, f_loss: 0.412, facw_loss: 0.072, PIR: 0.751, IR: 0.720, RRE: 1.091, RTE: 0.030, RMSE: 0.017, RR: 1.000, aRR: 1.000, aRR@0.3: 1.000, sRR: 1.000, lr: 7.600e-04, time: 0.149s/0.797s
[2025-07-04 10:24:08] [INFO] Epoch: 2/30, iter: 970/2438, loss: 0.061, c_loss: 0.578, f_loss: 0.425, facw_loss: 0.061, PIR: 0.765, IR: 0.746, RRE: 1.319, RTE: 0.039, RMSE: 0.019, RR: 1.000, aRR: 1.000, aRR@0.3: 1.000, sRR: 1.000, lr: 7.600e-04, time: 0.149s/0.796s
[2025-07-04 10:24:17] [INFO] Epoch: 2/30, iter: 980/2438, loss: 0.067, c_loss: 0.579, f_loss: 0.381, facw_loss: 0.067, PIR: 0.762, IR: 0.741, RRE: 1.239, RTE: 0.034, RMSE: 0.020, RR: 1.000, aRR: 1.000, aRR@0.3: 1.000, sRR: 1.000, lr: 7.600e-04, time: 0.149s/0.797s
[2025-07-04 10:24:26] [INFO] Epoch: 2/30, iter: 990/2438, loss: 0.085, c_loss: 0.579, f_loss: 0.395, facw_loss: 0.085, PIR: 0.736, IR: 0.710, RRE: 1.111, RTE: 0.038, RMSE: 0.020, RR: 1.000, aRR: 1.000, aRR@0.3: 1.000, sRR: 1.000, lr: 7.600e-04, time: 0.149s/0.796s
[2025-07-04 10:24:35] [INFO] Epoch: 2/30, iter: 1000/2438, loss: 0.093, c_loss: 0.577, f_loss: 0.456, facw_loss: 0.093, PIR: 0.729, IR: 0.702, RRE: 1.068, RTE: 0.028, RMSE: 0.016, RR: 1.000, aRR: 1.000, aRR@0.3: 1.000, sRR: 1.000, lr: 7.600e-04, time: 0.149s/0.796s
[2025-07-04 10:24:44] [INFO] Epoch: 2/30, iter: 1010/2438, loss: 0.056, c_loss: 0.579, f_loss: 0.399, facw_loss: 0.056, PIR: 0.763, IR: 0.723, RRE: 1.140, RTE: 0.032, RMSE: 0.018, RR: 1.000, aRR: 1.000, aRR@0.3: 1.000, sRR: 1.000, lr: 7.600e-04, time: 0.148s/0.796s
[2025-07-04 10:24:53] [INFO] Epoch: 2/30, iter: 1020/2438, loss: 0.096, c_loss: 0.580, f_loss: 0.408, facw_loss: 0.096, PIR: 0.776, IR: 0.725, RRE: 1.424, RTE: 0.046, RMSE: 0.025, RR: 0.988, aRR: 1.000, aRR@0.3: 1.000, sRR: 1.000, lr: 7.600e-04, time: 0.148s/0.796s
[2025-07-04 10:25:03] [INFO] Epoch: 2/30, iter: 1030/2438, loss: 0.103, c_loss: 0.577, f_loss: 0.410, facw_loss: 0.103, PIR: 0.742, IR: 0.716, RRE: 1.127, RTE: 0.033, RMSE: 0.020, RR: 1.000, aRR: 1.000, aRR@0.3: 1.000, sRR: 1.000, lr: 7.600e-04, time: 0.148s/0.796s
[2025-07-04 10:25:12] [INFO] Epoch: 2/30, iter: 1040/2438, loss: 0.140, c_loss: 0.577, f_loss: 0.420, facw_loss: 0.140, PIR: 0.723, IR: 0.706, RRE: 1.155, RTE: 0.038, RMSE: 0.019, RR: 1.000, aRR: 1.000, aRR@0.3: 1.000, sRR: 1.000, lr: 7.600e-04, time: 0.148s/0.797s
[2025-07-04 10:25:22] [INFO] Epoch: 2/30, iter: 1050/2438, loss: 0.095, c_loss: 0.579, f_loss: 0.393, facw_loss: 0.095, PIR: 0.742, IR: 0.717, RRE: 1.099, RTE: 0.033, RMSE: 0.018, RR: 1.000, aRR: 1.000, aRR@0.3: 1.000, sRR: 1.000, lr: 7.600e-04, time: 0.148s/0.797s
[2025-07-04 10:25:31] [INFO] Epoch: 2/30, iter: 1060/2438, loss: 0.059, c_loss: 0.582, f_loss: 0.409, facw_loss: 0.059, PIR: 0.788, IR: 0.751, RRE: 1.197, RTE: 0.033, RMSE: 0.022, RR: 1.000, aRR: 1.000, aRR@0.3: 1.000, sRR: 1.000, lr: 7.600e-04, time: 0.148s/0.797s
[2025-07-04 10:25:40] [INFO] Epoch: 2/30, iter: 1070/2438, loss: 0.084, c_loss: 0.579, f_loss: 0.436, facw_loss: 0.084, PIR: 0.790, IR: 0.745, RRE: 1.149, RTE: 0.036, RMSE: 0.019, RR: 1.000, aRR: 1.000, aRR@0.3: 1.000, sRR: 1.000, lr: 7.600e-04, time: 0.148s/0.797s
[2025-07-04 10:25:49] [INFO] Epoch: 2/30, iter: 1080/2438, loss: 0.104, c_loss: 0.581, f_loss: 0.388, facw_loss: 0.104, PIR: 0.750, IR: 0.718, RRE: 1.200, RTE: 0.036, RMSE: 0.020, RR: 1.000, aRR: 1.000, aRR@0.3: 1.000, sRR: 1.000, lr: 7.600e-04, time: 0.148s/0.797s
[2025-07-04 10:25:58] [INFO] Epoch: 2/30, iter: 1090/2438, loss: 0.130, c_loss: 0.577, f_loss: 0.407, facw_loss: 0.130, PIR: 0.754, IR: 0.706, RRE: 1.142, RTE: 0.036, RMSE: 0.020, RR: 1.000, aRR: 1.000, aRR@0.3: 1.000, sRR: 1.000, lr: 7.600e-04, time: 0.148s/0.797s
[2025-07-04 10:26:07] [INFO] Epoch: 2/30, iter: 1100/2438, loss: 0.066, c_loss: 0.576, f_loss: 0.440, facw_loss: 0.066, PIR: 0.764, IR: 0.724, RRE: 1.136, RTE: 0.032, RMSE: 0.019, RR: 1.000, aRR: 1.000, aRR@0.3: 1.000, sRR: 1.000, lr: 7.600e-04, time: 0.148s/0.797s
[2025-07-04 10:26:16] [INFO] Epoch: 2/30, iter: 1110/2438, loss: 0.088, c_loss: 0.581, f_loss: 0.417, facw_loss: 0.088, PIR: 0.734, IR: 0.711, RRE: 1.218, RTE: 0.037, RMSE: 0.020, RR: 1.000, aRR: 1.000, aRR@0.3: 1.000, sRR: 1.000, lr: 7.600e-04, time: 0.148s/0.797s
[2025-07-04 10:26:25] [INFO] Epoch: 2/30, iter: 1120/2438, loss: 0.089, c_loss: 0.582, f_loss: 0.411, facw_loss: 0.089, PIR: 0.753, IR: 0.708, RRE: 1.309, RTE: 0.041, RMSE: 0.023, RR: 1.000, aRR: 1.000, aRR@0.3: 1.000, sRR: 1.000, lr: 7.600e-04, time: 0.147s/0.797s
[2025-07-04 10:26:34] [INFO] Epoch: 2/30, iter: 1130/2438, loss: 0.106, c_loss: 0.580, f_loss: 0.401, facw_loss: 0.106, PIR: 0.729, IR: 0.717, RRE: 1.111, RTE: 0.036, RMSE: 0.020, RR: 1.000, aRR: 1.000, aRR@0.3: 1.000, sRR: 1.000, lr: 7.600e-04, time: 0.147s/0.797s
[2025-07-04 10:26:43] [INFO] Epoch: 2/30, iter: 1140/2438, loss: 0.055, c_loss: 0.577, f_loss: 0.437, facw_loss: 0.055, PIR: 0.779, IR: 0.738, RRE: 1.177, RTE: 0.037, RMSE: 0.019, RR: 1.000, aRR: 1.000, aRR@0.3: 1.000, sRR: 1.000, lr: 7.600e-04, time: 0.147s/0.797s
[2025-07-04 10:26:53] [INFO] Epoch: 2/30, iter: 1150/2438, loss: 0.062, c_loss: 0.581, f_loss: 0.414, facw_loss: 0.062, PIR: 0.776, IR: 0.720, RRE: 1.001, RTE: 0.034, RMSE: 0.018, RR: 1.000, aRR: 1.000, aRR@0.3: 1.000, sRR: 1.000, lr: 7.600e-04, time: 0.147s/0.797s
[2025-07-04 10:27:02] [INFO] Epoch: 2/30, iter: 1160/2438, loss: 0.030, c_loss: 0.580, f_loss: 0.409, facw_loss: 0.030, PIR: 0.768, IR: 0.735, RRE: 1.158, RTE: 0.033, RMSE: 0.020, RR: 1.000, aRR: 1.000, aRR@0.3: 1.000, sRR: 1.000, lr: 7.600e-04, time: 0.147s/0.797s
[2025-07-04 10:27:11] [INFO] Epoch: 2/30, iter: 1170/2438, loss: 0.061, c_loss: 0.580, f_loss: 0.420, facw_loss: 0.061, PIR: 0.769, IR: 0.733, RRE: 1.228, RTE: 0.039, RMSE: 0.020, RR: 1.000, aRR: 1.000, aRR@0.3: 1.000, sRR: 1.000, lr: 7.600e-04, time: 0.147s/0.797s
[2025-07-04 10:27:20] [INFO] Epoch: 2/30, iter: 1180/2438, loss: 0.122, c_loss: 0.578, f_loss: 0.423, facw_loss: 0.122, PIR: 0.735, IR: 0.699, RRE: 1.290, RTE: 0.037, RMSE: 0.021, RR: 1.000, aRR: 1.000, aRR@0.3: 1.000, sRR: 1.000, lr: 7.600e-04, time: 0.147s/0.797s
[2025-07-04 10:27:30] [INFO] Epoch: 2/30, iter: 1190/2438, loss: 0.054, c_loss: 0.581, f_loss: 0.384, facw_loss: 0.054, PIR: 0.692, IR: 0.674, RRE: 1.252, RTE: 0.038, RMSE: 0.020, RR: 1.000, aRR: 1.000, aRR@0.3: 1.000, sRR: 1.000, lr: 7.600e-04, time: 0.147s/0.797s
[2025-07-04 10:27:39] [INFO] Epoch: 2/30, iter: 1200/2438, loss: 0.114, c_loss: 0.583, f_loss: 0.379, facw_loss: 0.114, PIR: 0.720, IR: 0.707, RRE: 1.299, RTE: 0.041, RMSE: 0.023, RR: 1.000, aRR: 1.000, aRR@0.3: 1.000, sRR: 1.000, lr: 7.600e-04, time: 0.147s/0.797s
[2025-07-04 10:27:48] [INFO] Epoch: 2/30, iter: 1210/2438, loss: 0.111, c_loss: 0.581, f_loss: 0.401, facw_loss: 0.111, PIR: 0.744, IR: 0.718, RRE: 1.273, RTE: 0.041, RMSE: 0.021, RR: 1.000, aRR: 1.000, aRR@0.3: 1.000, sRR: 1.000, lr: 7.600e-04, time: 0.147s/0.797s
[2025-07-04 10:27:57] [INFO] Epoch: 2/30, iter: 1220/2438, loss: 0.059, c_loss: 0.579, f_loss: 0.406, facw_loss: 0.059, PIR: 0.755, IR: 0.723, RRE: 1.205, RTE: 0.034, RMSE: 0.020, RR: 1.000, aRR: 1.000, aRR@0.3: 1.000, sRR: 1.000, lr: 7.600e-04, time: 0.147s/0.797s
[2025-07-04 10:28:06] [INFO] Epoch: 2/30, iter: 1230/2438, loss: 0.048, c_loss: 0.575, f_loss: 0.423, facw_loss: 0.048, PIR: 0.748, IR: 0.735, RRE: 1.071, RTE: 0.033, RMSE: 0.018, RR: 1.000, aRR: 1.000, aRR@0.3: 1.000, sRR: 1.000, lr: 7.600e-04, time: 0.146s/0.797s
[2025-07-04 10:28:15] [INFO] Epoch: 2/30, iter: 1240/2438, loss: 0.077, c_loss: 0.576, f_loss: 0.456, facw_loss: 0.077, PIR: 0.788, IR: 0.748, RRE: 1.069, RTE: 0.030, RMSE: 0.017, RR: 1.000, aRR: 1.000, aRR@0.3: 1.000, sRR: 1.000, lr: 7.600e-04, time: 0.146s/0.797s
[2025-07-04 10:28:24] [INFO] Epoch: 2/30, iter: 1250/2438, loss: 0.055, c_loss: 0.581, f_loss: 0.403, facw_loss: 0.055, PIR: 0.783, IR: 0.746, RRE: 1.158, RTE: 0.039, RMSE: 0.022, RR: 1.000, aRR: 1.000, aRR@0.3: 1.000, sRR: 1.000, lr: 7.600e-04, time: 0.146s/0.797s
[2025-07-04 10:28:33] [INFO] Epoch: 2/30, iter: 1260/2438, loss: 0.025, c_loss: 0.580, f_loss: 0.417, facw_loss: 0.025, PIR: 0.755, IR: 0.730, RRE: 1.180, RTE: 0.038, RMSE: 0.019, RR: 1.000, aRR: 1.000, aRR@0.3: 1.000, sRR: 1.000, lr: 7.600e-04, time: 0.146s/0.797s
[2025-07-04 10:28:42] [INFO] Epoch: 2/30, iter: 1270/2438, loss: 0.120, c_loss: 0.579, f_loss: 0.408, facw_loss: 0.120, PIR: 0.726, IR: 0.708, RRE: 1.179, RTE: 0.033, RMSE: 0.019, RR: 1.000, aRR: 1.000, aRR@0.3: 1.000, sRR: 1.000, lr: 7.600e-04, time: 0.146s/0.797s
[2025-07-04 10:28:51] [INFO] Epoch: 2/30, iter: 1280/2438, loss: 0.073, c_loss: 0.577, f_loss: 0.432, facw_loss: 0.073, PIR: 0.774, IR: 0.742, RRE: 1.168, RTE: 0.032, RMSE: 0.018, RR: 1.000, aRR: 1.000, aRR@0.3: 1.000, sRR: 1.000, lr: 7.600e-04, time: 0.146s/0.797s
[2025-07-04 10:29:00] [INFO] Epoch: 2/30, iter: 1290/2438, loss: 0.070, c_loss: 0.578, f_loss: 0.401, facw_loss: 0.070, PIR: 0.750, IR: 0.726, RRE: 1.228, RTE: 0.036, RMSE: 0.020, RR: 1.000, aRR: 1.000, aRR@0.3: 1.000, sRR: 1.000, lr: 7.600e-04, time: 0.146s/0.797s
[2025-07-04 10:29:10] [INFO] Epoch: 2/30, iter: 1300/2438, loss: 0.093, c_loss: 0.576, f_loss: 0.426, facw_loss: 0.093, PIR: 0.754, IR: 0.727, RRE: 1.276, RTE: 0.038, RMSE: 0.020, RR: 1.000, aRR: 1.000, aRR@0.3: 1.000, sRR: 1.000, lr: 7.600e-04, time: 0.146s/0.797s
[2025-07-04 10:29:19] [INFO] Epoch: 2/30, iter: 1310/2438, loss: 0.104, c_loss: 0.578, f_loss: 0.388, facw_loss: 0.104, PIR: 0.722, IR: 0.706, RRE: 1.110, RTE: 0.034, RMSE: 0.020, RR: 1.000, aRR: 1.000, aRR@0.3: 1.000, sRR: 1.000, lr: 7.600e-04, time: 0.146s/0.797s
[2025-07-04 10:29:28] [INFO] Epoch: 2/30, iter: 1320/2438, loss: 0.097, c_loss: 0.583, f_loss: 0.393, facw_loss: 0.097, PIR: 0.724, IR: 0.691, RRE: 1.201, RTE: 0.040, RMSE: 0.020, RR: 1.000, aRR: 1.000, aRR@0.3: 1.000, sRR: 1.000, lr: 7.600e-04, time: 0.146s/0.797s
[2025-07-04 10:29:37] [INFO] Epoch: 2/30, iter: 1330/2438, loss: 0.089, c_loss: 0.582, f_loss: 0.420, facw_loss: 0.089, PIR: 0.746, IR: 0.729, RRE: 1.014, RTE: 0.027, RMSE: 0.016, RR: 1.000, aRR: 1.000, aRR@0.3: 1.000, sRR: 1.000, lr: 7.600e-04, time: 0.146s/0.797s
[2025-07-04 10:29:46] [INFO] Epoch: 2/30, iter: 1340/2438, loss: 0.075, c_loss: 0.579, f_loss: 0.413, facw_loss: 0.075, PIR: 0.779, IR: 0.740, RRE: 1.142, RTE: 0.038, RMSE: 0.020, RR: 1.000, aRR: 1.000, aRR@0.3: 1.000, sRR: 1.000, lr: 7.600e-04, time: 0.145s/0.797s
[2025-07-04 10:29:55] [INFO] Epoch: 2/30, iter: 1350/2438, loss: 0.132, c_loss: 0.579, f_loss: 0.391, facw_loss: 0.132, PIR: 0.739, IR: 0.712, RRE: 1.207, RTE: 0.034, RMSE: 0.020, RR: 1.000, aRR: 1.000, aRR@0.3: 1.000, sRR: 1.000, lr: 7.600e-04, time: 0.145s/0.797s
[2025-07-04 10:30:04] [INFO] Epoch: 2/30, iter: 1360/2438, loss: 0.091, c_loss: 0.581, f_loss: 0.412, facw_loss: 0.091, PIR: 0.761, IR: 0.723, RRE: 1.308, RTE: 0.045, RMSE: 0.024, RR: 1.000, aRR: 1.000, aRR@0.3: 1.000, sRR: 1.000, lr: 7.600e-04, time: 0.145s/0.797s
[2025-07-04 10:30:13] [INFO] Epoch: 2/30, iter: 1370/2438, loss: 0.051, c_loss: 0.580, f_loss: 0.462, facw_loss: 0.051, PIR: 0.757, IR: 0.724, RRE: 1.163, RTE: 0.037, RMSE: 0.021, RR: 1.000, aRR: 1.000, aRR@0.3: 1.000, sRR: 1.000, lr: 7.600e-04, time: 0.145s/0.797s
[2025-07-04 10:30:22] [INFO] Epoch: 2/30, iter: 1380/2438, loss: 0.064, c_loss: 0.579, f_loss: 0.433, facw_loss: 0.064, PIR: 0.758, IR: 0.729, RRE: 1.271, RTE: 0.038, RMSE: 0.021, RR: 1.000, aRR: 1.000, aRR@0.3: 1.000, sRR: 1.000, lr: 7.600e-04, time: 0.145s/0.797s
[2025-07-04 10:30:32] [INFO] Epoch: 2/30, iter: 1390/2438, loss: 0.077, c_loss: 0.581, f_loss: 0.407, facw_loss: 0.077, PIR: 0.744, IR: 0.710, RRE: 1.190, RTE: 0.037, RMSE: 0.020, RR: 1.000, aRR: 1.000, aRR@0.3: 1.000, sRR: 1.000, lr: 7.600e-04, time: 0.145s/0.797s
[2025-07-04 10:30:41] [INFO] Epoch: 2/30, iter: 1400/2438, loss: 0.107, c_loss: 0.580, f_loss: 0.376, facw_loss: 0.107, PIR: 0.736, IR: 0.720, RRE: 1.208, RTE: 0.037, RMSE: 0.020, RR: 1.000, aRR: 1.000, aRR@0.3: 1.000, sRR: 1.000, lr: 7.600e-04, time: 0.145s/0.797s
[2025-07-04 10:30:50] [INFO] Epoch: 2/30, iter: 1410/2438, loss: 0.076, c_loss: 0.577, f_loss: 0.365, facw_loss: 0.076, PIR: 0.673, IR: 0.673, RRE: 1.291, RTE: 0.038, RMSE: 0.021, RR: 1.000, aRR: 1.000, aRR@0.3: 1.000, sRR: 1.000, lr: 7.600e-04, time: 0.145s/0.797s
[2025-07-04 10:30:59] [INFO] Epoch: 2/30, iter: 1420/2438, loss: 0.119, c_loss: 0.584, f_loss: 0.419, facw_loss: 0.119, PIR: 0.718, IR: 0.703, RRE: 1.024, RTE: 0.030, RMSE: 0.019, RR: 1.000, aRR: 1.000, aRR@0.3: 1.000, sRR: 1.000, lr: 7.600e-04, time: 0.145s/0.797s
[2025-07-04 10:31:09] [INFO] Epoch: 2/30, iter: 1430/2438, loss: 0.066, c_loss: 0.580, f_loss: 0.423, facw_loss: 0.066, PIR: 0.731, IR: 0.722, RRE: 1.271, RTE: 0.039, RMSE: 0.021, RR: 1.000, aRR: 1.000, aRR@0.3: 1.000, sRR: 1.000, lr: 7.600e-04, time: 0.145s/0.797s
[2025-07-04 10:31:18] [INFO] Epoch: 2/30, iter: 1440/2438, loss: 0.056, c_loss: 0.577, f_loss: 0.448, facw_loss: 0.056, PIR: 0.762, IR: 0.730, RRE: 0.996, RTE: 0.030, RMSE: 0.017, RR: 1.000, aRR: 1.000, aRR@0.3: 1.000, sRR: 1.000, lr: 7.600e-04, time: 0.145s/0.797s
[2025-07-04 10:31:27] [INFO] Epoch: 2/30, iter: 1450/2438, loss: 0.061, c_loss: 0.575, f_loss: 0.415, facw_loss: 0.061, PIR: 0.769, IR: 0.736, RRE: 1.113, RTE: 0.033, RMSE: 0.018, RR: 1.000, aRR: 1.000, aRR@0.3: 1.000, sRR: 1.000, lr: 7.600e-04, time: 0.145s/0.797s
[2025-07-04 10:31:36] [INFO] Epoch: 2/30, iter: 1460/2438, loss: 0.103, c_loss: 0.581, f_loss: 0.411, facw_loss: 0.103, PIR: 0.758, IR: 0.730, RRE: 1.266, RTE: 0.039, RMSE: 0.020, RR: 1.000, aRR: 1.000, aRR@0.3: 1.000, sRR: 1.000, lr: 7.600e-04, time: 0.145s/0.797s
[2025-07-04 10:31:45] [INFO] Epoch: 2/30, iter: 1470/2438, loss: 0.072, c_loss: 0.574, f_loss: 0.407, facw_loss: 0.072, PIR: 0.742, IR: 0.709, RRE: 1.245, RTE: 0.039, RMSE: 0.022, RR: 1.000, aRR: 1.000, aRR@0.3: 1.000, sRR: 1.000, lr: 7.600e-04, time: 0.145s/0.797s
[2025-07-04 10:31:54] [INFO] Epoch: 2/30, iter: 1480/2438, loss: 0.095, c_loss: 0.575, f_loss: 0.395, facw_loss: 0.095, PIR: 0.744, IR: 0.711, RRE: 1.253, RTE: 0.038, RMSE: 0.020, RR: 1.000, aRR: 1.000, aRR@0.3: 1.000, sRR: 1.000, lr: 7.600e-04, time: 0.145s/0.797s
[2025-07-04 10:32:03] [INFO] Epoch: 2/30, iter: 1490/2438, loss: 0.085, c_loss: 0.581, f_loss: 0.401, facw_loss: 0.085, PIR: 0.747, IR: 0.722, RRE: 1.142, RTE: 0.036, RMSE: 0.020, RR: 1.000, aRR: 1.000, aRR@0.3: 1.000, sRR: 1.000, lr: 7.600e-04, time: 0.145s/0.797s
[2025-07-04 10:32:12] [INFO] Epoch: 2/30, iter: 1500/2438, loss: 0.062, c_loss: 0.581, f_loss: 0.375, facw_loss: 0.062, PIR: 0.715, IR: 0.700, RRE: 1.181, RTE: 0.038, RMSE: 0.021, RR: 1.000, aRR: 1.000, aRR@0.3: 1.000, sRR: 1.000, lr: 7.600e-04, time: 0.144s/0.797s
[2025-07-04 10:32:21] [INFO] Epoch: 2/30, iter: 1510/2438, loss: 0.087, c_loss: 0.577, f_loss: 0.413, facw_loss: 0.087, PIR: 0.780, IR: 0.749, RRE: 0.986, RTE: 0.032, RMSE: 0.017, RR: 1.000, aRR: 1.000, aRR@0.3: 1.000, sRR: 1.000, lr: 7.600e-04, time: 0.144s/0.797s
[2025-07-04 10:32:30] [INFO] Epoch: 2/30, iter: 1520/2438, loss: 0.047, c_loss: 0.577, f_loss: 0.425, facw_loss: 0.047, PIR: 0.788, IR: 0.720, RRE: 1.208, RTE: 0.040, RMSE: 0.021, RR: 1.000, aRR: 1.000, aRR@0.3: 1.000, sRR: 1.000, lr: 7.600e-04, time: 0.144s/0.796s
[2025-07-04 10:32:39] [INFO] Epoch: 2/30, iter: 1530/2438, loss: 0.103, c_loss: 0.579, f_loss: 0.400, facw_loss: 0.103, PIR: 0.758, IR: 0.700, RRE: 2.464, RTE: 0.067, RMSE: 0.045, RR: 0.988, aRR: 1.000, aRR@0.3: 1.000, sRR: 1.000, lr: 7.600e-04, time: 0.144s/0.796s
[2025-07-04 10:32:48] [INFO] Epoch: 2/30, iter: 1540/2438, loss: 0.068, c_loss: 0.580, f_loss: 0.416, facw_loss: 0.068, PIR: 0.790, IR: 0.749, RRE: 1.156, RTE: 0.037, RMSE: 0.020, RR: 1.000, aRR: 1.000, aRR@0.3: 1.000, sRR: 1.000, lr: 7.600e-04, time: 0.144s/0.796s
[2025-07-04 10:32:56] [INFO] Epoch: 2/30, iter: 1550/2438, loss: 0.063, c_loss: 0.575, f_loss: 0.405, facw_loss: 0.063, PIR: 0.777, IR: 0.730, RRE: 1.166, RTE: 0.032, RMSE: 0.018, RR: 1.000, aRR: 1.000, aRR@0.3: 1.000, sRR: 1.000, lr: 7.600e-04, time: 0.144s/0.796s
[2025-07-04 10:33:06] [INFO] Epoch: 2/30, iter: 1560/2438, loss: 0.043, c_loss: 0.576, f_loss: 0.378, facw_loss: 0.043, PIR: 0.751, IR: 0.730, RRE: 3.145, RTE: 0.051, RMSE: 0.048, RR: 0.988, aRR: 1.000, aRR@0.3: 1.000, sRR: 1.000, lr: 7.600e-04, time: 0.144s/0.796s
[2025-07-04 10:33:15] [INFO] Epoch: 2/30, iter: 1570/2438, loss: 0.079, c_loss: 0.581, f_loss: 0.420, facw_loss: 0.079, PIR: 0.760, IR: 0.731, RRE: 1.034, RTE: 0.028, RMSE: 0.017, RR: 1.000, aRR: 1.000, aRR@0.3: 1.000, sRR: 1.000, lr: 7.600e-04, time: 0.144s/0.796s
[2025-07-04 10:33:25] [INFO] Epoch: 2/30, iter: 1580/2438, loss: 0.103, c_loss: 0.578, f_loss: 0.374, facw_loss: 0.103, PIR: 0.697, IR: 0.680, RRE: 1.111, RTE: 0.032, RMSE: 0.019, RR: 1.000, aRR: 1.000, aRR@0.3: 1.000, sRR: 1.000, lr: 7.600e-04, time: 0.144s/0.796s
[2025-07-04 10:33:34] [INFO] Epoch: 2/30, iter: 1590/2438, loss: 0.086, c_loss: 0.578, f_loss: 0.386, facw_loss: 0.086, PIR: 0.733, IR: 0.722, RRE: 1.236, RTE: 0.036, RMSE: 0.021, RR: 1.000, aRR: 1.000, aRR@0.3: 1.000, sRR: 1.000, lr: 7.600e-04, time: 0.144s/0.796s
[2025-07-04 10:33:43] [INFO] Epoch: 2/30, iter: 1600/2438, loss: 0.076, c_loss: 0.577, f_loss: 0.427, facw_loss: 0.076, PIR: 0.794, IR: 0.763, RRE: 1.208, RTE: 0.036, RMSE: 0.019, RR: 1.000, aRR: 1.000, aRR@0.3: 1.000, sRR: 1.000, lr: 7.600e-04, time: 0.144s/0.796s
[2025-07-04 10:33:52] [INFO] Epoch: 2/30, iter: 1610/2438, loss: 0.039, c_loss: 0.580, f_loss: 0.405, facw_loss: 0.039, PIR: 0.714, IR: 0.699, RRE: 1.242, RTE: 0.040, RMSE: 0.021, RR: 1.000, aRR: 1.000, aRR@0.3: 1.000, sRR: 1.000, lr: 7.600e-04, time: 0.144s/0.796s
[2025-07-04 10:34:01] [INFO] Epoch: 2/30, iter: 1620/2438, loss: 0.110, c_loss: 0.579, f_loss: 0.378, facw_loss: 0.110, PIR: 0.749, IR: 0.724, RRE: 1.107, RTE: 0.033, RMSE: 0.018, RR: 1.000, aRR: 1.000, aRR@0.3: 1.000, sRR: 1.000, lr: 7.600e-04, time: 0.144s/0.796s
[2025-07-04 10:34:11] [INFO] Epoch: 2/30, iter: 1630/2438, loss: 0.072, c_loss: 0.576, f_loss: 0.455, facw_loss: 0.072, PIR: 0.747, IR: 0.716, RRE: 2.907, RTE: 0.053, RMSE: 0.038, RR: 0.988, aRR: 0.900, aRR@0.3: 0.900, sRR: 0.900, lr: 7.600e-04, time: 0.144s/0.796s
[2025-07-04 10:34:19] [INFO] Epoch: 2/30, iter: 1640/2438, loss: 0.105, c_loss: 0.580, f_loss: 0.404, facw_loss: 0.105, PIR: 0.724, IR: 0.707, RRE: 1.198, RTE: 0.035, RMSE: 0.021, RR: 1.000, aRR: 1.000, aRR@0.3: 1.000, sRR: 1.000, lr: 7.600e-04, time: 0.143s/0.796s
[2025-07-04 10:34:29] [INFO] Epoch: 2/30, iter: 1650/2438, loss: 0.063, c_loss: 0.579, f_loss: 0.419, facw_loss: 0.063, PIR: 0.762, IR: 0.739, RRE: 1.097, RTE: 0.032, RMSE: 0.019, RR: 1.000, aRR: 1.000, aRR@0.3: 1.000, sRR: 1.000, lr: 7.600e-04, time: 0.143s/0.796s
[2025-07-04 10:34:38] [INFO] Epoch: 2/30, iter: 1660/2438, loss: 0.027, c_loss: 0.577, f_loss: 0.413, facw_loss: 0.027, PIR: 0.747, IR: 0.735, RRE: 1.033, RTE: 0.028, RMSE: 0.017, RR: 1.000, aRR: 1.000, aRR@0.3: 1.000, sRR: 1.000, lr: 7.600e-04, time: 0.143s/0.796s
[2025-07-04 10:34:47] [INFO] Epoch: 2/30, iter: 1670/2438, loss: 0.017, c_loss: 0.580, f_loss: 0.392, facw_loss: 0.017, PIR: 0.752, IR: 0.729, RRE: 1.193, RTE: 0.035, RMSE: 0.019, RR: 1.000, aRR: 1.000, aRR@0.3: 1.000, sRR: 1.000, lr: 7.600e-04, time: 0.143s/0.796s
[2025-07-04 10:34:56] [INFO] Epoch: 2/30, iter: 1680/2438, loss: 0.055, c_loss: 0.585, f_loss: 0.421, facw_loss: 0.055, PIR: 0.749, IR: 0.704, RRE: 1.269, RTE: 0.038, RMSE: 0.020, RR: 1.000, aRR: 1.000, aRR@0.3: 1.000, sRR: 1.000, lr: 7.600e-04, time: 0.143s/0.796s
[2025-07-04 10:35:05] [INFO] Epoch: 2/30, iter: 1690/2438, loss: 0.096, c_loss: 0.577, f_loss: 0.401, facw_loss: 0.096, PIR: 0.746, IR: 0.726, RRE: 1.321, RTE: 0.042, RMSE: 0.022, RR: 1.000, aRR: 1.000, aRR@0.3: 1.000, sRR: 1.000, lr: 7.600e-04, time: 0.143s/0.796s
[2025-07-04 10:35:14] [INFO] Epoch: 2/30, iter: 1700/2438, loss: 0.061, c_loss: 0.577, f_loss: 0.398, facw_loss: 0.061, PIR: 0.724, IR: 0.714, RRE: 1.092, RTE: 0.035, RMSE: 0.018, RR: 1.000, aRR: 1.000, aRR@0.3: 1.000, sRR: 1.000, lr: 7.600e-04, time: 0.143s/0.796s
[2025-07-04 10:35:23] [INFO] Epoch: 2/30, iter: 1710/2438, loss: 0.076, c_loss: 0.581, f_loss: 0.393, facw_loss: 0.076, PIR: 0.720, IR: 0.717, RRE: 1.264, RTE: 0.042, RMSE: 0.023, RR: 1.000, aRR: 1.000, aRR@0.3: 1.000, sRR: 1.000, lr: 7.600e-04, time: 0.143s/0.796s
[2025-07-04 10:35:32] [INFO] Epoch: 2/30, iter: 1720/2438, loss: 0.069, c_loss: 0.576, f_loss: 0.391, facw_loss: 0.069, PIR: 0.703, IR: 0.693, RRE: 1.336, RTE: 0.042, RMSE: 0.023, RR: 1.000, aRR: 1.000, aRR@0.3: 1.000, sRR: 1.000, lr: 7.600e-04, time: 0.143s/0.796s
[2025-07-04 10:35:40] [INFO] Epoch: 2/30, iter: 1730/2438, loss: 0.069, c_loss: 0.576, f_loss: 0.403, facw_loss: 0.069, PIR: 0.735, IR: 0.704, RRE: 1.124, RTE: 0.034, RMSE: 0.020, RR: 1.000, aRR: 1.000, aRR@0.3: 1.000, sRR: 1.000, lr: 7.600e-04, time: 0.143s/0.796s
[2025-07-04 10:35:49] [INFO] Epoch: 2/30, iter: 1740/2438, loss: 0.088, c_loss: 0.578, f_loss: 0.377, facw_loss: 0.088, PIR: 0.728, IR: 0.719, RRE: 1.091, RTE: 0.032, RMSE: 0.018, RR: 1.000, aRR: 1.000, aRR@0.3: 1.000, sRR: 1.000, lr: 7.600e-04, time: 0.143s/0.796s
[2025-07-04 10:35:59] [INFO] Epoch: 2/30, iter: 1750/2438, loss: 0.097, c_loss: 0.582, f_loss: 0.414, facw_loss: 0.097, PIR: 0.729, IR: 0.702, RRE: 1.304, RTE: 0.045, RMSE: 0.022, RR: 1.000, aRR: 1.000, aRR@0.3: 1.000, sRR: 1.000, lr: 7.600e-04, time: 0.143s/0.796s
[2025-07-04 10:36:08] [INFO] Epoch: 2/30, iter: 1760/2438, loss: 0.072, c_loss: 0.580, f_loss: 0.398, facw_loss: 0.072, PIR: 0.703, IR: 0.700, RRE: 1.345, RTE: 0.038, RMSE: 0.023, RR: 0.988, aRR: 1.000, aRR@0.3: 1.000, sRR: 1.000, lr: 7.600e-04, time: 0.143s/0.796s
[2025-07-04 10:36:17] [INFO] Epoch: 2/30, iter: 1770/2438, loss: 0.103, c_loss: 0.583, f_loss: 0.399, facw_loss: 0.103, PIR: 0.767, IR: 0.718, RRE: 1.171, RTE: 0.038, RMSE: 0.021, RR: 1.000, aRR: 1.000, aRR@0.3: 1.000, sRR: 1.000, lr: 7.600e-04, time: 0.143s/0.796s
[2025-07-04 10:36:26] [INFO] Epoch: 2/30, iter: 1780/2438, loss: 0.049, c_loss: 0.580, f_loss: 0.393, facw_loss: 0.049, PIR: 0.751, IR: 0.738, RRE: 1.086, RTE: 0.031, RMSE: 0.017, RR: 1.000, aRR: 1.000, aRR@0.3: 1.000, sRR: 1.000, lr: 7.600e-04, time: 0.143s/0.796s
[2025-07-04 10:36:35] [INFO] Epoch: 2/30, iter: 1790/2438, loss: 0.089, c_loss: 0.574, f_loss: 0.402, facw_loss: 0.089, PIR: 0.777, IR: 0.743, RRE: 1.118, RTE: 0.036, RMSE: 0.019, RR: 1.000, aRR: 1.000, aRR@0.3: 1.000, sRR: 1.000, lr: 7.600e-04, time: 0.143s/0.796s
[2025-07-04 10:36:45] [INFO] Epoch: 2/30, iter: 1800/2438, loss: 0.147, c_loss: 0.582, f_loss: 0.407, facw_loss: 0.147, PIR: 0.734, IR: 0.709, RRE: 1.160, RTE: 0.034, RMSE: 0.021, RR: 1.000, aRR: 1.000, aRR@0.3: 1.000, sRR: 1.000, lr: 7.600e-04, time: 0.142s/0.796s
[2025-07-04 10:36:53] [INFO] Epoch: 2/30, iter: 1810/2438, loss: 0.104, c_loss: 0.580, f_loss: 0.422, facw_loss: 0.104, PIR: 0.721, IR: 0.702, RRE: 1.103, RTE: 0.038, RMSE: 0.020, RR: 1.000, aRR: 1.000, aRR@0.3: 1.000, sRR: 1.000, lr: 7.600e-04, time: 0.142s/0.796s
[2025-07-04 10:37:02] [INFO] Epoch: 2/30, iter: 1820/2438, loss: 0.099, c_loss: 0.576, f_loss: 0.431, facw_loss: 0.099, PIR: 0.763, IR: 0.739, RRE: 1.001, RTE: 0.028, RMSE: 0.017, RR: 1.000, aRR: 1.000, aRR@0.3: 1.000, sRR: 1.000, lr: 7.600e-04, time: 0.142s/0.796s
[2025-07-04 10:37:12] [INFO] Epoch: 2/30, iter: 1830/2438, loss: 0.080, c_loss: 0.581, f_loss: 0.382, facw_loss: 0.080, PIR: 0.681, IR: 0.678, RRE: 1.413, RTE: 0.049, RMSE: 0.027, RR: 1.000, aRR: 1.000, aRR@0.3: 1.000, sRR: 1.000, lr: 7.600e-04, time: 0.142s/0.796s
[2025-07-04 10:37:21] [INFO] Epoch: 2/30, iter: 1840/2438, loss: 0.132, c_loss: 0.578, f_loss: 0.392, facw_loss: 0.132, PIR: 0.726, IR: 0.701, RRE: 1.176, RTE: 0.033, RMSE: 0.019, RR: 1.000, aRR: 1.000, aRR@0.3: 1.000, sRR: 1.000, lr: 7.600e-04, time: 0.142s/0.796s
[2025-07-04 10:37:30] [INFO] Epoch: 2/30, iter: 1850/2438, loss: 0.039, c_loss: 0.578, f_loss: 0.428, facw_loss: 0.039, PIR: 0.773, IR: 0.727, RRE: 1.068, RTE: 0.035, RMSE: 0.019, RR: 1.000, aRR: 1.000, aRR@0.3: 1.000, sRR: 1.000, lr: 7.600e-04, time: 0.142s/0.796s
[2025-07-04 10:37:39] [INFO] Epoch: 2/30, iter: 1860/2438, loss: 0.085, c_loss: 0.578, f_loss: 0.414, facw_loss: 0.085, PIR: 0.774, IR: 0.737, RRE: 1.112, RTE: 0.032, RMSE: 0.018, RR: 1.000, aRR: 1.000, aRR@0.3: 1.000, sRR: 1.000, lr: 7.600e-04, time: 0.142s/0.796s
[2025-07-04 10:37:48] [INFO] Epoch: 2/30, iter: 1870/2438, loss: 0.066, c_loss: 0.576, f_loss: 0.389, facw_loss: 0.066, PIR: 0.764, IR: 0.736, RRE: 1.193, RTE: 0.033, RMSE: 0.019, RR: 1.000, aRR: 1.000, aRR@0.3: 1.000, sRR: 1.000, lr: 7.600e-04, time: 0.142s/0.796s
[2025-07-04 10:37:57] [INFO] Epoch: 2/30, iter: 1880/2438, loss: 0.096, c_loss: 0.578, f_loss: 0.385, facw_loss: 0.096, PIR: 0.721, IR: 0.713, RRE: 1.199, RTE: 0.036, RMSE: 0.020, RR: 1.000, aRR: 1.000, aRR@0.3: 1.000, sRR: 1.000, lr: 7.600e-04, time: 0.142s/0.796s
[2025-07-04 10:38:06] [INFO] Epoch: 2/30, iter: 1890/2438, loss: 0.071, c_loss: 0.576, f_loss: 0.437, facw_loss: 0.071, PIR: 0.778, IR: 0.723, RRE: 1.262, RTE: 0.038, RMSE: 0.021, RR: 1.000, aRR: 1.000, aRR@0.3: 1.000, sRR: 1.000, lr: 7.600e-04, time: 0.142s/0.796s
[2025-07-04 10:38:15] [INFO] Epoch: 2/30, iter: 1900/2438, loss: 0.085, c_loss: 0.573, f_loss: 0.423, facw_loss: 0.085, PIR: 0.786, IR: 0.744, RRE: 1.095, RTE: 0.033, RMSE: 0.019, RR: 1.000, aRR: 1.000, aRR@0.3: 1.000, sRR: 1.000, lr: 7.600e-04, time: 0.142s/0.796s
[2025-07-04 10:38:24] [INFO] Epoch: 2/30, iter: 1910/2438, loss: 0.089, c_loss: 0.576, f_loss: 0.403, facw_loss: 0.089, PIR: 0.727, IR: 0.706, RRE: 1.162, RTE: 0.036, RMSE: 0.021, RR: 1.000, aRR: 1.000, aRR@0.3: 1.000, sRR: 1.000, lr: 7.600e-04, time: 0.142s/0.796s
[2025-07-04 10:38:33] [INFO] Epoch: 2/30, iter: 1920/2438, loss: 0.070, c_loss: 0.576, f_loss: 0.452, facw_loss: 0.070, PIR: 0.789, IR: 0.747, RRE: 1.252, RTE: 0.039, RMSE: 0.019, RR: 1.000, aRR: 1.000, aRR@0.3: 1.000, sRR: 1.000, lr: 7.600e-04, time: 0.142s/0.796s
[2025-07-04 10:38:43] [INFO] Epoch: 2/30, iter: 1930/2438, loss: 0.106, c_loss: 0.581, f_loss: 0.390, facw_loss: 0.106, PIR: 0.707, IR: 0.707, RRE: 1.308, RTE: 0.041, RMSE: 0.023, RR: 1.000, aRR: 1.000, aRR@0.3: 1.000, sRR: 1.000, lr: 7.600e-04, time: 0.142s/0.796s
[2025-07-04 10:38:52] [INFO] Epoch: 2/30, iter: 1940/2438, loss: 0.074, c_loss: 0.578, f_loss: 0.428, facw_loss: 0.074, PIR: 0.778, IR: 0.722, RRE: 1.227, RTE: 0.036, RMSE: 0.019, RR: 1.000, aRR: 1.000, aRR@0.3: 1.000, sRR: 1.000, lr: 7.600e-04, time: 0.142s/0.796s
[2025-07-04 10:39:02] [INFO] Epoch: 2/30, iter: 1950/2438, loss: 0.047, c_loss: 0.583, f_loss: 0.411, facw_loss: 0.047, PIR: 0.726, IR: 0.706, RRE: 1.121, RTE: 0.034, RMSE: 0.019, RR: 1.000, aRR: 1.000, aRR@0.3: 1.000, sRR: 1.000, lr: 7.600e-04, time: 0.142s/0.796s
[2025-07-04 10:39:11] [INFO] Epoch: 2/30, iter: 1960/2438, loss: 0.044, c_loss: 0.577, f_loss: 0.434, facw_loss: 0.044, PIR: 0.760, IR: 0.730, RRE: 1.141, RTE: 0.031, RMSE: 0.018, RR: 1.000, aRR: 1.000, aRR@0.3: 1.000, sRR: 1.000, lr: 7.600e-04, time: 0.141s/0.796s
[2025-07-04 10:39:20] [INFO] Epoch: 2/30, iter: 1970/2438, loss: 0.098, c_loss: 0.577, f_loss: 0.415, facw_loss: 0.098, PIR: 0.766, IR: 0.731, RRE: 1.088, RTE: 0.033, RMSE: 0.019, RR: 1.000, aRR: 1.000, aRR@0.3: 1.000, sRR: 1.000, lr: 7.600e-04, time: 0.141s/0.796s
[2025-07-04 10:39:29] [INFO] Epoch: 2/30, iter: 1980/2438, loss: 0.114, c_loss: 0.579, f_loss: 0.387, facw_loss: 0.114, PIR: 0.717, IR: 0.704, RRE: 1.229, RTE: 0.037, RMSE: 0.020, RR: 1.000, aRR: 1.000, aRR@0.3: 1.000, sRR: 1.000, lr: 7.600e-04, time: 0.141s/0.796s
[2025-07-04 10:39:38] [INFO] Epoch: 2/30, iter: 1990/2438, loss: 0.070, c_loss: 0.578, f_loss: 0.423, facw_loss: 0.070, PIR: 0.773, IR: 0.731, RRE: 1.076, RTE: 0.037, RMSE: 0.019, RR: 1.000, aRR: 1.000, aRR@0.3: 1.000, sRR: 1.000, lr: 7.600e-04, time: 0.141s/0.796s
[2025-07-04 10:39:47] [INFO] Epoch: 2/30, iter: 2000/2438, loss: 0.050, c_loss: 0.579, f_loss: 0.414, facw_loss: 0.050, PIR: 0.755, IR: 0.732, RRE: 1.176, RTE: 0.034, RMSE: 0.018, RR: 1.000, aRR: 1.000, aRR@0.3: 1.000, sRR: 1.000, lr: 7.600e-04, time: 0.141s/0.796s
[2025-07-04 10:39:57] [INFO] Epoch: 2/30, iter: 2010/2438, loss: 0.081, c_loss: 0.581, f_loss: 0.419, facw_loss: 0.081, PIR: 0.721, IR: 0.716, RRE: 1.201, RTE: 0.039, RMSE: 0.020, RR: 1.000, aRR: 1.000, aRR@0.3: 1.000, sRR: 1.000, lr: 7.600e-04, time: 0.141s/0.796s
[2025-07-04 10:40:06] [INFO] Epoch: 2/30, iter: 2020/2438, loss: 0.114, c_loss: 0.577, f_loss: 0.432, facw_loss: 0.114, PIR: 0.766, IR: 0.733, RRE: 1.191, RTE: 0.037, RMSE: 0.020, RR: 1.000, aRR: 1.000, aRR@0.3: 1.000, sRR: 1.000, lr: 7.600e-04, time: 0.141s/0.796s
[2025-07-04 10:40:15] [INFO] Epoch: 2/30, iter: 2030/2438, loss: 0.054, c_loss: 0.581, f_loss: 0.433, facw_loss: 0.054, PIR: 0.787, IR: 0.727, RRE: 1.141, RTE: 0.032, RMSE: 0.019, RR: 1.000, aRR: 1.000, aRR@0.3: 1.000, sRR: 1.000, lr: 7.600e-04, time: 0.141s/0.796s
[2025-07-04 10:40:25] [INFO] Epoch: 2/30, iter: 2040/2438, loss: 0.105, c_loss: 0.580, f_loss: 0.439, facw_loss: 0.105, PIR: 0.760, IR: 0.711, RRE: 1.235, RTE: 0.040, RMSE: 0.021, RR: 1.000, aRR: 1.000, aRR@0.3: 1.000, sRR: 1.000, lr: 7.600e-04, time: 0.141s/0.797s
[2025-07-04 10:40:34] [INFO] Epoch: 2/30, iter: 2050/2438, loss: 0.118, c_loss: 0.577, f_loss: 0.409, facw_loss: 0.118, PIR: 0.737, IR: 0.717, RRE: 1.245, RTE: 0.040, RMSE: 0.020, RR: 1.000, aRR: 1.000, aRR@0.3: 1.000, sRR: 1.000, lr: 7.600e-04, time: 0.141s/0.797s
[2025-07-04 10:40:43] [INFO] Epoch: 2/30, iter: 2060/2438, loss: 0.084, c_loss: 0.575, f_loss: 0.410, facw_loss: 0.084, PIR: 0.772, IR: 0.748, RRE: 1.127, RTE: 0.034, RMSE: 0.018, RR: 1.000, aRR: 1.000, aRR@0.3: 1.000, sRR: 1.000, lr: 7.600e-04, time: 0.141s/0.797s
[2025-07-04 10:40:52] [INFO] Epoch: 2/30, iter: 2070/2438, loss: 0.110, c_loss: 0.577, f_loss: 0.418, facw_loss: 0.110, PIR: 0.771, IR: 0.736, RRE: 1.184, RTE: 0.031, RMSE: 0.018, RR: 1.000, aRR: 1.000, aRR@0.3: 1.000, sRR: 1.000, lr: 7.600e-04, time: 0.141s/0.796s
[2025-07-04 10:41:01] [INFO] Epoch: 2/30, iter: 2080/2438, loss: 0.094, c_loss: 0.580, f_loss: 0.406, facw_loss: 0.094, PIR: 0.734, IR: 0.711, RRE: 1.082, RTE: 0.031, RMSE: 0.018, RR: 1.000, aRR: 1.000, aRR@0.3: 1.000, sRR: 1.000, lr: 7.600e-04, time: 0.141s/0.796s
[2025-07-04 10:41:10] [INFO] Epoch: 2/30, iter: 2090/2438, loss: 0.080, c_loss: 0.577, f_loss: 0.409, facw_loss: 0.080, PIR: 0.760, IR: 0.739, RRE: 1.095, RTE: 0.033, RMSE: 0.019, RR: 1.000, aRR: 1.000, aRR@0.3: 1.000, sRR: 1.000, lr: 7.600e-04, time: 0.141s/0.796s
[2025-07-04 10:41:20] [INFO] Epoch: 2/30, iter: 2100/2438, loss: 0.081, c_loss: 0.581, f_loss: 0.441, facw_loss: 0.081, PIR: 0.784, IR: 0.730, RRE: 1.166, RTE: 0.034, RMSE: 0.020, RR: 1.000, aRR: 1.000, aRR@0.3: 1.000, sRR: 1.000, lr: 7.600e-04, time: 0.141s/0.797s
[2025-07-04 10:41:29] [INFO] Epoch: 2/30, iter: 2110/2438, loss: 0.063, c_loss: 0.581, f_loss: 0.420, facw_loss: 0.063, PIR: 0.747, IR: 0.722, RRE: 1.400, RTE: 0.041, RMSE: 0.023, RR: 0.988, aRR: 1.000, aRR@0.3: 1.000, sRR: 1.000, lr: 7.600e-04, time: 0.141s/0.797s
[2025-07-04 10:41:38] [INFO] Epoch: 2/30, iter: 2120/2438, loss: 0.083, c_loss: 0.579, f_loss: 0.401, facw_loss: 0.083, PIR: 0.734, IR: 0.715, RRE: 1.160, RTE: 0.035, RMSE: 0.020, RR: 1.000, aRR: 1.000, aRR@0.3: 1.000, sRR: 1.000, lr: 7.600e-04, time: 0.141s/0.797s
[2025-07-04 10:41:48] [INFO] Epoch: 2/30, iter: 2130/2438, loss: 0.091, c_loss: 0.582, f_loss: 0.399, facw_loss: 0.091, PIR: 0.716, IR: 0.694, RRE: 1.112, RTE: 0.036, RMSE: 0.020, RR: 1.000, aRR: 1.000, aRR@0.3: 1.000, sRR: 1.000, lr: 7.600e-04, time: 0.141s/0.797s
[2025-07-04 10:41:57] [INFO] Epoch: 2/30, iter: 2140/2438, loss: 0.092, c_loss: 0.584, f_loss: 0.424, facw_loss: 0.092, PIR: 0.740, IR: 0.704, RRE: 1.116, RTE: 0.035, RMSE: 0.019, RR: 1.000, aRR: 1.000, aRR@0.3: 1.000, sRR: 1.000, lr: 7.600e-04, time: 0.141s/0.797s
[2025-07-04 10:42:06] [INFO] Epoch: 2/30, iter: 2150/2438, loss: 0.077, c_loss: 0.574, f_loss: 0.439, facw_loss: 0.077, PIR: 0.724, IR: 0.686, RRE: 1.033, RTE: 0.034, RMSE: 0.019, RR: 1.000, aRR: 1.000, aRR@0.3: 1.000, sRR: 1.000, lr: 7.600e-04, time: 0.140s/0.797s
[2025-07-04 10:42:15] [INFO] Epoch: 2/30, iter: 2160/2438, loss: 0.106, c_loss: 0.577, f_loss: 0.422, facw_loss: 0.106, PIR: 0.771, IR: 0.730, RRE: 1.097, RTE: 0.030, RMSE: 0.017, RR: 1.000, aRR: 1.000, aRR@0.3: 1.000, sRR: 1.000, lr: 7.600e-04, time: 0.140s/0.797s
[2025-07-04 10:42:24] [INFO] Epoch: 2/30, iter: 2170/2438, loss: 0.077, c_loss: 0.581, f_loss: 0.406, facw_loss: 0.077, PIR: 0.752, IR: 0.718, RRE: 1.166, RTE: 0.039, RMSE: 0.020, RR: 1.000, aRR: 1.000, aRR@0.3: 1.000, sRR: 1.000, lr: 7.600e-04, time: 0.140s/0.797s
[2025-07-04 10:42:33] [INFO] Epoch: 2/30, iter: 2180/2438, loss: 0.079, c_loss: 0.576, f_loss: 0.425, facw_loss: 0.079, PIR: 0.771, IR: 0.738, RRE: 1.186, RTE: 0.036, RMSE: 0.021, RR: 1.000, aRR: 1.000, aRR@0.3: 1.000, sRR: 1.000, lr: 7.600e-04, time: 0.140s/0.797s
[2025-07-04 10:42:42] [INFO] Epoch: 2/30, iter: 2190/2438, loss: 0.107, c_loss: 0.582, f_loss: 0.422, facw_loss: 0.107, PIR: 0.765, IR: 0.731, RRE: 1.163, RTE: 0.035, RMSE: 0.019, RR: 1.000, aRR: 1.000, aRR@0.3: 1.000, sRR: 1.000, lr: 7.600e-04, time: 0.140s/0.797s
[2025-07-04 10:42:52] [INFO] Epoch: 2/30, iter: 2200/2438, loss: 0.134, c_loss: 0.582, f_loss: 0.386, facw_loss: 0.134, PIR: 0.692, IR: 0.685, RRE: 1.280, RTE: 0.038, RMSE: 0.022, RR: 1.000, aRR: 1.000, aRR@0.3: 1.000, sRR: 1.000, lr: 7.600e-04, time: 0.140s/0.797s
[2025-07-04 10:43:01] [INFO] Epoch: 2/30, iter: 2210/2438, loss: 0.088, c_loss: 0.574, f_loss: 0.413, facw_loss: 0.088, PIR: 0.751, IR: 0.710, RRE: 1.105, RTE: 0.034, RMSE: 0.018, RR: 1.000, aRR: 1.000, aRR@0.3: 1.000, sRR: 1.000, lr: 7.600e-04, time: 0.140s/0.797s
[2025-07-04 10:43:10] [INFO] Epoch: 2/30, iter: 2220/2438, loss: 0.089, c_loss: 0.582, f_loss: 0.411, facw_loss: 0.089, PIR: 0.779, IR: 0.730, RRE: 1.488, RTE: 0.044, RMSE: 0.025, RR: 0.988, aRR: 1.000, aRR@0.3: 1.000, sRR: 1.000, lr: 7.600e-04, time: 0.140s/0.797s
[2025-07-04 10:43:20] [INFO] Epoch: 2/30, iter: 2230/2438, loss: 0.040, c_loss: 0.580, f_loss: 0.435, facw_loss: 0.040, PIR: 0.734, IR: 0.723, RRE: 1.025, RTE: 0.031, RMSE: 0.018, RR: 1.000, aRR: 1.000, aRR@0.3: 1.000, sRR: 1.000, lr: 7.600e-04, time: 0.140s/0.797s
[2025-07-04 10:43:29] [INFO] Epoch: 2/30, iter: 2240/2438, loss: 0.077, c_loss: 0.578, f_loss: 0.435, facw_loss: 0.077, PIR: 0.722, IR: 0.709, RRE: 1.216, RTE: 0.037, RMSE: 0.019, RR: 1.000, aRR: 1.000, aRR@0.3: 1.000, sRR: 1.000, lr: 7.600e-04, time: 0.140s/0.797s
[2025-07-04 10:43:37] [INFO] Epoch: 2/30, iter: 2250/2438, loss: 0.114, c_loss: 0.573, f_loss: 0.418, facw_loss: 0.114, PIR: 0.752, IR: 0.730, RRE: 1.245, RTE: 0.038, RMSE: 0.021, RR: 1.000, aRR: 1.000, aRR@0.3: 1.000, sRR: 1.000, lr: 7.600e-04, time: 0.140s/0.797s
[2025-07-04 10:43:47] [INFO] Epoch: 2/30, iter: 2260/2438, loss: 0.043, c_loss: 0.576, f_loss: 0.425, facw_loss: 0.043, PIR: 0.788, IR: 0.740, RRE: 1.101, RTE: 0.034, RMSE: 0.021, RR: 1.000, aRR: 1.000, aRR@0.3: 1.000, sRR: 1.000, lr: 7.600e-04, time: 0.140s/0.797s
[2025-07-04 10:43:56] [INFO] Epoch: 2/30, iter: 2270/2438, loss: 0.077, c_loss: 0.581, f_loss: 0.398, facw_loss: 0.077, PIR: 0.701, IR: 0.700, RRE: 1.174, RTE: 0.034, RMSE: 0.019, RR: 1.000, aRR: 1.000, aRR@0.3: 1.000, sRR: 1.000, lr: 7.600e-04, time: 0.140s/0.797s
[2025-07-04 10:44:05] [INFO] Epoch: 2/30, iter: 2280/2438, loss: 0.079, c_loss: 0.579, f_loss: 0.404, facw_loss: 0.079, PIR: 0.735, IR: 0.706, RRE: 1.148, RTE: 0.032, RMSE: 0.018, RR: 1.000, aRR: 1.000, aRR@0.3: 1.000, sRR: 1.000, lr: 7.600e-04, time: 0.140s/0.797s
[2025-07-04 10:44:14] [INFO] Epoch: 2/30, iter: 2290/2438, loss: 0.064, c_loss: 0.578, f_loss: 0.405, facw_loss: 0.064, PIR: 0.759, IR: 0.719, RRE: 1.069, RTE: 0.032, RMSE: 0.017, RR: 1.000, aRR: 1.000, aRR@0.3: 1.000, sRR: 1.000, lr: 7.600e-04, time: 0.140s/0.797s
[2025-07-04 10:44:23] [INFO] Epoch: 2/30, iter: 2300/2438, loss: 0.083, c_loss: 0.582, f_loss: 0.399, facw_loss: 0.083, PIR: 0.699, IR: 0.685, RRE: 1.315, RTE: 0.043, RMSE: 0.023, RR: 1.000, aRR: 1.000, aRR@0.3: 1.000, sRR: 1.000, lr: 7.600e-04, time: 0.140s/0.797s
[2025-07-04 10:44:32] [INFO] Epoch: 2/30, iter: 2310/2438, loss: 0.122, c_loss: 0.580, f_loss: 0.391, facw_loss: 0.122, PIR: 0.696, IR: 0.691, RRE: 1.189, RTE: 0.038, RMSE: 0.021, RR: 1.000, aRR: 1.000, aRR@0.3: 1.000, sRR: 1.000, lr: 7.600e-04, time: 0.140s/0.797s
[2025-07-04 10:44:41] [INFO] Epoch: 2/30, iter: 2320/2438, loss: 0.103, c_loss: 0.578, f_loss: 0.443, facw_loss: 0.103, PIR: 0.765, IR: 0.732, RRE: 2.780, RTE: 0.052, RMSE: 0.042, RR: 0.988, aRR: 1.000, aRR@0.3: 1.000, sRR: 1.000, lr: 7.600e-04, time: 0.140s/0.797s
[2025-07-04 10:44:51] [INFO] Epoch: 2/30, iter: 2330/2438, loss: 0.112, c_loss: 0.581, f_loss: 0.399, facw_loss: 0.112, PIR: 0.698, IR: 0.659, RRE: 1.197, RTE: 0.034, RMSE: 0.020, RR: 1.000, aRR: 1.000, aRR@0.3: 1.000, sRR: 1.000, lr: 7.600e-04, time: 0.140s/0.797s
[2025-07-04 10:45:00] [INFO] Epoch: 2/30, iter: 2340/2438, loss: 0.052, c_loss: 0.576, f_loss: 0.424, facw_loss: 0.052, PIR: 0.767, IR: 0.737, RRE: 1.060, RTE: 0.033, RMSE: 0.018, RR: 1.000, aRR: 1.000, aRR@0.3: 1.000, sRR: 1.000, lr: 7.600e-04, time: 0.140s/0.797s
[2025-07-04 10:45:09] [INFO] Epoch: 2/30, iter: 2350/2438, loss: 0.071, c_loss: 0.577, f_loss: 0.439, facw_loss: 0.071, PIR: 0.780, IR: 0.750, RRE: 1.261, RTE: 0.037, RMSE: 0.019, RR: 1.000, aRR: 1.000, aRR@0.3: 1.000, sRR: 1.000, lr: 7.600e-04, time: 0.140s/0.797s
[2025-07-04 10:45:18] [INFO] Epoch: 2/30, iter: 2360/2438, loss: 0.114, c_loss: 0.577, f_loss: 0.412, facw_loss: 0.114, PIR: 0.750, IR: 0.731, RRE: 1.097, RTE: 0.035, RMSE: 0.018, RR: 1.000, aRR: 1.000, aRR@0.3: 1.000, sRR: 1.000, lr: 7.600e-04, time: 0.139s/0.797s
[2025-07-04 10:45:27] [INFO] Epoch: 2/30, iter: 2370/2438, loss: 0.141, c_loss: 0.580, f_loss: 0.412, facw_loss: 0.141, PIR: 0.706, IR: 0.690, RRE: 1.416, RTE: 0.048, RMSE: 0.024, RR: 1.000, aRR: 1.000, aRR@0.3: 1.000, sRR: 1.000, lr: 7.600e-04, time: 0.139s/0.797s
[2025-07-04 10:45:37] [INFO] Epoch: 2/30, iter: 2380/2438, loss: 0.087, c_loss: 0.580, f_loss: 0.387, facw_loss: 0.087, PIR: 0.699, IR: 0.706, RRE: 1.104, RTE: 0.028, RMSE: 0.018, RR: 1.000, aRR: 1.000, aRR@0.3: 1.000, sRR: 1.000, lr: 7.600e-04, time: 0.139s/0.797s
[2025-07-04 10:45:46] [INFO] Epoch: 2/30, iter: 2390/2438, loss: 0.114, c_loss: 0.576, f_loss: 0.413, facw_loss: 0.114, PIR: 0.771, IR: 0.743, RRE: 1.194, RTE: 0.035, RMSE: 0.018, RR: 1.000, aRR: 1.000, aRR@0.3: 1.000, sRR: 1.000, lr: 7.600e-04, time: 0.139s/0.797s
[2025-07-04 10:45:55] [INFO] Epoch: 2/30, iter: 2400/2438, loss: 0.074, c_loss: 0.579, f_loss: 0.399, facw_loss: 0.074, PIR: 0.769, IR: 0.725, RRE: 1.208, RTE: 0.041, RMSE: 0.020, RR: 1.000, aRR: 1.000, aRR@0.3: 1.000, sRR: 1.000, lr: 7.600e-04, time: 0.139s/0.797s
[2025-07-04 10:46:04] [INFO] Epoch: 2/30, iter: 2410/2438, loss: 0.101, c_loss: 0.581, f_loss: 0.382, facw_loss: 0.101, PIR: 0.691, IR: 0.682, RRE: 1.271, RTE: 0.037, RMSE: 0.021, RR: 1.000, aRR: 1.000, aRR@0.3: 1.000, sRR: 1.000, lr: 7.600e-04, time: 0.139s/0.797s
[2025-07-04 10:46:13] [INFO] Epoch: 2/30, iter: 2420/2438, loss: 0.057, c_loss: 0.582, f_loss: 0.395, facw_loss: 0.057, PIR: 0.748, IR: 0.723, RRE: 1.116, RTE: 0.038, RMSE: 0.020, RR: 1.000, aRR: 1.000, aRR@0.3: 1.000, sRR: 1.000, lr: 7.600e-04, time: 0.139s/0.797s
[2025-07-04 10:46:23] [INFO] Epoch: 2/30, iter: 2430/2438, loss: 0.153, c_loss: 0.578, f_loss: 0.431, facw_loss: 0.153, PIR: 0.742, IR: 0.700, RRE: 1.143, RTE: 0.034, RMSE: 0.019, RR: 1.000, aRR: 1.000, aRR@0.3: 1.000, sRR: 1.000, lr: 7.600e-04, time: 0.139s/0.797s
[2025-07-04 10:46:30] [CRIT] Epoch: 2, loss: 0.088, c_loss: 0.579, f_loss: 0.401, facw_loss: 0.088, PIR: 0.739, IR: 0.719, RRE: 1.354, RTE: 0.042, RMSE: 0.022, RR: 1.000, aRR: 1.000, aRR@0.3: 1.000, sRR: 1.000, time: 0.139s/0.797s
[2025-07-04 10:46:31] [INFO] Model saved to "/root/SOAR/output/SOAR/snapshots/epoch-2.pth.tar"
[2025-07-04 10:46:31] [INFO] Snapshot saved to "/root/SOAR/output/SOAR/snapshots/snapshot.pth.tar"
[2025-07-04 10:48:09] [CRIT] [Val] Epoch: 2, loss: 0.196, c_loss: 0.700, f_loss: 1.919, facw_loss: 0.196, PIR: 0.898, IR: 0.799, RRE: 10.309, RTE: 0.128, RMSE: 0.099, RR: 0.934, aRR: 0.955, aRR@0.3: 0.955, sRR: 0.949, time: 0.197s/0.427s
[2025-07-04 10:48:21] [INFO] Epoch: 3/30, iter: 10/2438, loss: 0.073, c_loss: 0.576, f_loss: 0.396, facw_loss: 0.073, PIR: 0.738, IR: 0.734, RRE: 1.121, RTE: 0.036, RMSE: 0.018, RR: 1.000, aRR: 1.000, aRR@0.3: 1.000, sRR: 1.000, lr: 7.220e-04, time: 0.160s/0.797s
[2025-07-04 10:48:30] [INFO] Epoch: 3/30, iter: 20/2438, loss: 0.130, c_loss: 0.583, f_loss: 0.417, facw_loss: 0.130, PIR: 0.725, IR: 0.677, RRE: 1.222, RTE: 0.036, RMSE: 0.021, RR: 1.000, aRR: 1.000, aRR@0.3: 1.000, sRR: 1.000, lr: 7.220e-04, time: 0.160s/0.797s
[2025-07-04 10:48:39] [INFO] Epoch: 3/30, iter: 30/2438, loss: 0.085, c_loss: 0.574, f_loss: 0.440, facw_loss: 0.085, PIR: 0.778, IR: 0.740, RRE: 1.196, RTE: 0.038, RMSE: 0.021, RR: 1.000, aRR: 1.000, aRR@0.3: 1.000, sRR: 1.000, lr: 7.220e-04, time: 0.160s/0.797s
[2025-07-04 10:48:48] [INFO] Epoch: 3/30, iter: 40/2438, loss: 0.086, c_loss: 0.575, f_loss: 0.442, facw_loss: 0.086, PIR: 0.748, IR: 0.723, RRE: 1.211, RTE: 0.036, RMSE: 0.019, RR: 1.000, aRR: 1.000, aRR@0.3: 1.000, sRR: 1.000, lr: 7.220e-04, time: 0.159s/0.797s
[2025-07-04 10:48:57] [INFO] Epoch: 3/30, iter: 50/2438, loss: 0.079, c_loss: 0.579, f_loss: 0.417, facw_loss: 0.079, PIR: 0.788, IR: 0.741, RRE: 0.991, RTE: 0.028, RMSE: 0.017, RR: 1.000, aRR: 1.000, aRR@0.3: 1.000, sRR: 1.000, lr: 7.220e-04, time: 0.159s/0.797s
[2025-07-04 10:49:07] [INFO] Epoch: 3/30, iter: 60/2438, loss: 0.102, c_loss: 0.581, f_loss: 0.393, facw_loss: 0.102, PIR: 0.725, IR: 0.695, RRE: 1.117, RTE: 0.036, RMSE: 0.022, RR: 1.000, aRR: 1.000, aRR@0.3: 1.000, sRR: 1.000, lr: 7.220e-04, time: 0.159s/0.797s
[2025-07-04 10:49:16] [INFO] Epoch: 3/30, iter: 70/2438, loss: 0.066, c_loss: 0.578, f_loss: 0.401, facw_loss: 0.066, PIR: 0.733, IR: 0.704, RRE: 1.093, RTE: 0.032, RMSE: 0.019, RR: 1.000, aRR: 1.000, aRR@0.3: 1.000, sRR: 1.000, lr: 7.220e-04, time: 0.159s/0.797s
[2025-07-04 10:49:25] [INFO] Epoch: 3/30, iter: 80/2438, loss: 0.110, c_loss: 0.575, f_loss: 0.400, facw_loss: 0.110, PIR: 0.751, IR: 0.709, RRE: 1.140, RTE: 0.032, RMSE: 0.019, RR: 1.000, aRR: 1.000, aRR@0.3: 1.000, sRR: 1.000, lr: 7.220e-04, time: 0.159s/0.797s
[2025-07-04 10:49:35] [INFO] Epoch: 3/30, iter: 90/2438, loss: 0.113, c_loss: 0.580, f_loss: 0.393, facw_loss: 0.113, PIR: 0.750, IR: 0.740, RRE: 1.118, RTE: 0.035, RMSE: 0.020, RR: 1.000, aRR: 1.000, aRR@0.3: 1.000, sRR: 1.000, lr: 7.220e-04, time: 0.159s/0.797s
[2025-07-04 10:49:44] [INFO] Epoch: 3/30, iter: 100/2438, loss: 0.104, c_loss: 0.579, f_loss: 0.428, facw_loss: 0.104, PIR: 0.775, IR: 0.716, RRE: 1.195, RTE: 0.036, RMSE: 0.020, RR: 1.000, aRR: 1.000, aRR@0.3: 1.000, sRR: 1.000, lr: 7.220e-04, time: 0.159s/0.797s
[2025-07-04 10:49:53] [INFO] Epoch: 3/30, iter: 110/2438, loss: 0.084, c_loss: 0.576, f_loss: 0.448, facw_loss: 0.084, PIR: 0.764, IR: 0.736, RRE: 1.046, RTE: 0.030, RMSE: 0.017, RR: 1.000, aRR: 1.000, aRR@0.3: 1.000, sRR: 1.000, lr: 7.220e-04, time: 0.159s/0.797s
[2025-07-04 10:50:02] [INFO] Epoch: 3/30, iter: 120/2438, loss: 0.084, c_loss: 0.580, f_loss: 0.414, facw_loss: 0.084, PIR: 0.721, IR: 0.697, RRE: 1.220, RTE: 0.039, RMSE: 0.022, RR: 1.000, aRR: 1.000, aRR@0.3: 1.000, sRR: 1.000, lr: 7.220e-04, time: 0.159s/0.797s
[2025-07-04 10:50:11] [INFO] Epoch: 3/30, iter: 130/2438, loss: 0.122, c_loss: 0.579, f_loss: 0.430, facw_loss: 0.122, PIR: 0.755, IR: 0.727, RRE: 1.261, RTE: 0.038, RMSE: 0.022, RR: 1.000, aRR: 1.000, aRR@0.3: 1.000, sRR: 1.000, lr: 7.220e-04, time: 0.159s/0.797s
[2025-07-04 10:50:21] [INFO] Epoch: 3/30, iter: 140/2438, loss: 0.105, c_loss: 0.584, f_loss: 0.416, facw_loss: 0.105, PIR: 0.770, IR: 0.717, RRE: 1.223, RTE: 0.038, RMSE: 0.020, RR: 1.000, aRR: 1.000, aRR@0.3: 1.000, sRR: 1.000, lr: 7.220e-04, time: 0.159s/0.797s
[2025-07-04 10:50:30] [INFO] Epoch: 3/30, iter: 150/2438, loss: 0.049, c_loss: 0.578, f_loss: 0.429, facw_loss: 0.049, PIR: 0.765, IR: 0.739, RRE: 0.952, RTE: 0.028, RMSE: 0.017, RR: 1.000, aRR: 1.000, aRR@0.3: 1.000, sRR: 1.000, lr: 7.220e-04, time: 0.159s/0.797s
[2025-07-04 10:50:39] [INFO] Epoch: 3/30, iter: 160/2438, loss: 0.086, c_loss: 0.581, f_loss: 0.433, facw_loss: 0.086, PIR: 0.752, IR: 0.711, RRE: 1.233, RTE: 0.038, RMSE: 0.020, RR: 1.000, aRR: 1.000, aRR@0.3: 1.000, sRR: 1.000, lr: 7.220e-04, time: 0.158s/0.797s
[2025-07-04 10:50:48] [INFO] Epoch: 3/30, iter: 170/2438, loss: 0.092, c_loss: 0.578, f_loss: 0.416, facw_loss: 0.092, PIR: 0.775, IR: 0.737, RRE: 1.260, RTE: 0.041, RMSE: 0.022, RR: 1.000, aRR: 1.000, aRR@0.3: 1.000, sRR: 1.000, lr: 7.220e-04, time: 0.158s/0.797s
[2025-07-04 10:50:57] [INFO] Epoch: 3/30, iter: 180/2438, loss: 0.109, c_loss: 0.580, f_loss: 0.397, facw_loss: 0.109, PIR: 0.745, IR: 0.728, RRE: 1.234, RTE: 0.036, RMSE: 0.020, RR: 1.000, aRR: 1.000, aRR@0.3: 1.000, sRR: 1.000, lr: 7.220e-04, time: 0.158s/0.797s
[2025-07-04 10:51:06] [INFO] Epoch: 3/30, iter: 190/2438, loss: 0.120, c_loss: 0.579, f_loss: 0.401, facw_loss: 0.120, PIR: 0.755, IR: 0.716, RRE: 1.219, RTE: 0.039, RMSE: 0.022, RR: 1.000, aRR: 1.000, aRR@0.3: 1.000, sRR: 1.000, lr: 7.220e-04, time: 0.158s/0.797s
[2025-07-04 10:51:15] [INFO] Epoch: 3/30, iter: 200/2438, loss: 0.093, c_loss: 0.580, f_loss: 0.409, facw_loss: 0.093, PIR: 0.774, IR: 0.735, RRE: 1.114, RTE: 0.033, RMSE: 0.019, RR: 1.000, aRR: 1.000, aRR@0.3: 1.000, sRR: 1.000, lr: 7.220e-04, time: 0.158s/0.797s
[2025-07-04 10:51:24] [INFO] Epoch: 3/30, iter: 210/2438, loss: 0.149, c_loss: 0.580, f_loss: 0.425, facw_loss: 0.149, PIR: 0.767, IR: 0.723, RRE: 1.160, RTE: 0.036, RMSE: 0.019, RR: 1.000, aRR: 1.000, aRR@0.3: 1.000, sRR: 1.000, lr: 7.220e-04, time: 0.158s/0.797s
[2025-07-04 10:51:33] [INFO] Epoch: 3/30, iter: 220/2438, loss: 0.089, c_loss: 0.580, f_loss: 0.414, facw_loss: 0.089, PIR: 0.721, IR: 0.694, RRE: 1.185, RTE: 0.038, RMSE: 0.020, RR: 0.988, aRR: 1.000, aRR@0.3: 1.000, sRR: 1.000, lr: 7.220e-04, time: 0.158s/0.797s
[2025-07-04 10:51:43] [INFO] Epoch: 3/30, iter: 230/2438, loss: 0.073, c_loss: 0.574, f_loss: 0.398, facw_loss: 0.073, PIR: 0.746, IR: 0.732, RRE: 1.130, RTE: 0.034, RMSE: 0.020, RR: 1.000, aRR: 1.000, aRR@0.3: 1.000, sRR: 1.000, lr: 7.220e-04, time: 0.158s/0.797s
[2025-07-04 10:51:52] [INFO] Epoch: 3/30, iter: 240/2438, loss: 0.061, c_loss: 0.579, f_loss: 0.407, facw_loss: 0.061, PIR: 0.771, IR: 0.731, RRE: 1.145, RTE: 0.032, RMSE: 0.018, RR: 1.000, aRR: 1.000, aRR@0.3: 1.000, sRR: 1.000, lr: 7.220e-04, time: 0.158s/0.797s
[2025-07-04 10:52:01] [INFO] Epoch: 3/30, iter: 250/2438, loss: 0.097, c_loss: 0.574, f_loss: 0.437, facw_loss: 0.097, PIR: 0.754, IR: 0.725, RRE: 1.255, RTE: 0.042, RMSE: 0.022, RR: 1.000, aRR: 1.000, aRR@0.3: 1.000, sRR: 1.000, lr: 7.220e-04, time: 0.158s/0.797s
[2025-07-04 10:52:11] [INFO] Epoch: 3/30, iter: 260/2438, loss: 0.118, c_loss: 0.581, f_loss: 0.382, facw_loss: 0.118, PIR: 0.706, IR: 0.710, RRE: 1.129, RTE: 0.037, RMSE: 0.020, RR: 1.000, aRR: 1.000, aRR@0.3: 1.000, sRR: 1.000, lr: 7.220e-04, time: 0.158s/0.797s
[2025-07-04 10:52:20] [INFO] Epoch: 3/30, iter: 270/2438, loss: 0.080, c_loss: 0.581, f_loss: 0.400, facw_loss: 0.080, PIR: 0.754, IR: 0.722, RRE: 1.108, RTE: 0.033, RMSE: 0.020, RR: 1.000, aRR: 1.000, aRR@0.3: 1.000, sRR: 1.000, lr: 7.220e-04, time: 0.158s/0.797s
[2025-07-04 10:52:29] [INFO] Epoch: 3/30, iter: 280/2438, loss: 0.066, c_loss: 0.575, f_loss: 0.432, facw_loss: 0.066, PIR: 0.743, IR: 0.716, RRE: 1.147, RTE: 0.037, RMSE: 0.021, RR: 1.000, aRR: 1.000, aRR@0.3: 1.000, sRR: 1.000, lr: 7.220e-04, time: 0.158s/0.797s
[2025-07-04 10:52:38] [INFO] Epoch: 3/30, iter: 290/2438, loss: 0.096, c_loss: 0.577, f_loss: 0.414, facw_loss: 0.096, PIR: 0.748, IR: 0.721, RRE: 1.119, RTE: 0.033, RMSE: 0.018, RR: 1.000, aRR: 1.000, aRR@0.3: 1.000, sRR: 1.000, lr: 7.220e-04, time: 0.157s/0.797s
[2025-07-04 10:52:47] [INFO] Epoch: 3/30, iter: 300/2438, loss: 0.112, c_loss: 0.581, f_loss: 0.414, facw_loss: 0.112, PIR: 0.721, IR: 0.700, RRE: 1.149, RTE: 0.035, RMSE: 0.019, RR: 1.000, aRR: 1.000, aRR@0.3: 1.000, sRR: 1.000, lr: 7.220e-04, time: 0.157s/0.797s
[2025-07-04 10:52:57] [INFO] Epoch: 3/30, iter: 310/2438, loss: 0.090, c_loss: 0.580, f_loss: 0.387, facw_loss: 0.090, PIR: 0.725, IR: 0.713, RRE: 1.235, RTE: 0.040, RMSE: 0.020, RR: 1.000, aRR: 1.000, aRR@0.3: 1.000, sRR: 1.000, lr: 7.220e-04, time: 0.157s/0.797s
[2025-07-04 10:53:06] [INFO] Epoch: 3/30, iter: 320/2438, loss: 0.067, c_loss: 0.578, f_loss: 0.421, facw_loss: 0.067, PIR: 0.754, IR: 0.721, RRE: 1.096, RTE: 0.034, RMSE: 0.019, RR: 1.000, aRR: 1.000, aRR@0.3: 1.000, sRR: 1.000, lr: 7.220e-04, time: 0.157s/0.797s
[2025-07-04 10:53:15] [INFO] Epoch: 3/30, iter: 330/2438, loss: 0.071, c_loss: 0.585, f_loss: 0.414, facw_loss: 0.071, PIR: 0.719, IR: 0.703, RRE: 1.164, RTE: 0.036, RMSE: 0.019, RR: 1.000, aRR: 1.000, aRR@0.3: 1.000, sRR: 1.000, lr: 7.220e-04, time: 0.157s/0.797s
[2025-07-04 10:53:24] [INFO] Epoch: 3/30, iter: 340/2438, loss: 0.121, c_loss: 0.579, f_loss: 0.416, facw_loss: 0.121, PIR: 0.721, IR: 0.687, RRE: 1.218, RTE: 0.038, RMSE: 0.020, RR: 1.000, aRR: 1.000, aRR@0.3: 1.000, sRR: 1.000, lr: 7.220e-04, time: 0.157s/0.797s
[2025-07-04 10:53:33] [INFO] Epoch: 3/30, iter: 350/2438, loss: 0.045, c_loss: 0.576, f_loss: 0.445, facw_loss: 0.045, PIR: 0.796, IR: 0.743, RRE: 1.142, RTE: 0.037, RMSE: 0.020, RR: 1.000, aRR: 1.000, aRR@0.3: 1.000, sRR: 1.000, lr: 7.220e-04, time: 0.157s/0.797s
[2025-07-04 10:53:42] [INFO] Epoch: 3/30, iter: 360/2438, loss: 0.109, c_loss: 0.580, f_loss: 0.381, facw_loss: 0.109, PIR: 0.746, IR: 0.722, RRE: 2.266, RTE: 0.056, RMSE: 0.035, RR: 0.988, aRR: 1.000, aRR@0.3: 1.000, sRR: 1.000, lr: 7.220e-04, time: 0.157s/0.797s
[2025-07-04 10:53:52] [INFO] Epoch: 3/30, iter: 370/2438, loss: 0.107, c_loss: 0.582, f_loss: 0.413, facw_loss: 0.107, PIR: 0.752, IR: 0.705, RRE: 1.088, RTE: 0.036, RMSE: 0.020, RR: 1.000, aRR: 1.000, aRR@0.3: 1.000, sRR: 1.000, lr: 7.220e-04, time: 0.157s/0.797s
[2025-07-04 10:54:01] [INFO] Epoch: 3/30, iter: 380/2438, loss: 0.061, c_loss: 0.578, f_loss: 0.404, facw_loss: 0.061, PIR: 0.720, IR: 0.711, RRE: 1.367, RTE: 0.037, RMSE: 0.021, RR: 0.988, aRR: 1.000, aRR@0.3: 1.000, sRR: 1.000, lr: 7.220e-04, time: 0.157s/0.797s
[2025-07-04 10:54:10] [INFO] Epoch: 3/30, iter: 390/2438, loss: 0.057, c_loss: 0.578, f_loss: 0.420, facw_loss: 0.057, PIR: 0.744, IR: 0.728, RRE: 1.159, RTE: 0.034, RMSE: 0.019, RR: 1.000, aRR: 1.000, aRR@0.3: 1.000, sRR: 1.000, lr: 7.220e-04, time: 0.157s/0.797s
[2025-07-04 10:54:19] [INFO] Epoch: 3/30, iter: 400/2438, loss: 0.075, c_loss: 0.577, f_loss: 0.410, facw_loss: 0.075, PIR: 0.749, IR: 0.715, RRE: 2.258, RTE: 0.064, RMSE: 0.034, RR: 0.988, aRR: 1.000, aRR@0.3: 1.000, sRR: 1.000, lr: 7.220e-04, time: 0.157s/0.797s
[2025-07-04 10:54:28] [INFO] Epoch: 3/30, iter: 410/2438, loss: 0.099, c_loss: 0.580, f_loss: 0.397, facw_loss: 0.099, PIR: 0.710, IR: 0.701, RRE: 1.165, RTE: 0.038, RMSE: 0.019, RR: 1.000, aRR: 1.000, aRR@0.3: 1.000, sRR: 1.000, lr: 7.220e-04, time: 0.157s/0.797s
[2025-07-04 10:54:37] [INFO] Epoch: 3/30, iter: 420/2438, loss: 0.054, c_loss: 0.578, f_loss: 0.383, facw_loss: 0.054, PIR: 0.731, IR: 0.720, RRE: 1.313, RTE: 0.037, RMSE: 0.022, RR: 1.000, aRR: 1.000, aRR@0.3: 1.000, sRR: 1.000, lr: 7.220e-04, time: 0.157s/0.797s
[2025-07-04 10:54:46] [INFO] Epoch: 3/30, iter: 430/2438, loss: 0.099, c_loss: 0.578, f_loss: 0.398, facw_loss: 0.099, PIR: 0.706, IR: 0.706, RRE: 1.124, RTE: 0.032, RMSE: 0.019, RR: 1.000, aRR: 1.000, aRR@0.3: 1.000, sRR: 1.000, lr: 7.220e-04, time: 0.156s/0.797s
[2025-07-04 10:54:56] [INFO] Epoch: 3/30, iter: 440/2438, loss: 0.039, c_loss: 0.581, f_loss: 0.431, facw_loss: 0.039, PIR: 0.752, IR: 0.720, RRE: 1.107, RTE: 0.035, RMSE: 0.020, RR: 1.000, aRR: 1.000, aRR@0.3: 1.000, sRR: 1.000, lr: 7.220e-04, time: 0.156s/0.797s
[2025-07-04 10:55:05] [INFO] Epoch: 3/30, iter: 450/2438, loss: 0.057, c_loss: 0.577, f_loss: 0.440, facw_loss: 0.057, PIR: 0.765, IR: 0.722, RRE: 1.177, RTE: 0.036, RMSE: 0.020, RR: 1.000, aRR: 1.000, aRR@0.3: 1.000, sRR: 1.000, lr: 7.220e-04, time: 0.156s/0.797s
[2025-07-04 10:55:14] [INFO] Epoch: 3/30, iter: 460/2438, loss: 0.096, c_loss: 0.579, f_loss: 0.404, facw_loss: 0.096, PIR: 0.782, IR: 0.747, RRE: 1.240, RTE: 0.039, RMSE: 0.020, RR: 1.000, aRR: 1.000, aRR@0.3: 1.000, sRR: 1.000, lr: 7.220e-04, time: 0.156s/0.797s
[2025-07-04 10:55:23] [INFO] Epoch: 3/30, iter: 470/2438, loss: 0.072, c_loss: 0.578, f_loss: 0.423, facw_loss: 0.072, PIR: 0.763, IR: 0.718, RRE: 1.174, RTE: 0.034, RMSE: 0.019, RR: 1.000, aRR: 1.000, aRR@0.3: 1.000, sRR: 1.000, lr: 7.220e-04, time: 0.156s/0.797s
[2025-07-04 10:55:32] [INFO] Epoch: 3/30, iter: 480/2438, loss: 0.113, c_loss: 0.580, f_loss: 0.394, facw_loss: 0.113, PIR: 0.728, IR: 0.708, RRE: 1.159, RTE: 0.038, RMSE: 0.020, RR: 1.000, aRR: 1.000, aRR@0.3: 1.000, sRR: 1.000, lr: 7.220e-04, time: 0.156s/0.797s
[2025-07-04 10:55:42] [INFO] Epoch: 3/30, iter: 490/2438, loss: 0.127, c_loss: 0.584, f_loss: 0.404, facw_loss: 0.127, PIR: 0.719, IR: 0.693, RRE: 1.142, RTE: 0.038, RMSE: 0.021, RR: 1.000, aRR: 1.000, aRR@0.3: 1.000, sRR: 1.000, lr: 7.220e-04, time: 0.156s/0.797s
[2025-07-04 10:55:51] [INFO] Epoch: 3/30, iter: 500/2438, loss: 0.058, c_loss: 0.578, f_loss: 0.454, facw_loss: 0.058, PIR: 0.760, IR: 0.734, RRE: 1.058, RTE: 0.029, RMSE: 0.017, RR: 1.000, aRR: 1.000, aRR@0.3: 1.000, sRR: 1.000, lr: 7.220e-04, time: 0.156s/0.797s
[2025-07-04 10:56:00] [INFO] Epoch: 3/30, iter: 510/2438, loss: 0.120, c_loss: 0.579, f_loss: 0.406, facw_loss: 0.120, PIR: 0.727, IR: 0.712, RRE: 1.295, RTE: 0.040, RMSE: 0.022, RR: 1.000, aRR: 1.000, aRR@0.3: 1.000, sRR: 1.000, lr: 7.220e-04, time: 0.156s/0.797s
[2025-07-04 10:56:09] [INFO] Epoch: 3/30, iter: 520/2438, loss: 0.073, c_loss: 0.576, f_loss: 0.427, facw_loss: 0.073, PIR: 0.790, IR: 0.741, RRE: 1.083, RTE: 0.032, RMSE: 0.017, RR: 1.000, aRR: 1.000, aRR@0.3: 1.000, sRR: 1.000, lr: 7.220e-04, time: 0.156s/0.797s
[2025-07-04 10:56:19] [INFO] Epoch: 3/30, iter: 530/2438, loss: 0.118, c_loss: 0.582, f_loss: 0.378, facw_loss: 0.118, PIR: 0.710, IR: 0.696, RRE: 1.305, RTE: 0.042, RMSE: 0.024, RR: 1.000, aRR: 1.000, aRR@0.3: 1.000, sRR: 1.000, lr: 7.220e-04, time: 0.156s/0.797s
[2025-07-04 10:56:28] [INFO] Epoch: 3/30, iter: 540/2438, loss: 0.169, c_loss: 0.577, f_loss: 0.421, facw_loss: 0.169, PIR: 0.775, IR: 0.723, RRE: 1.152, RTE: 0.033, RMSE: 0.020, RR: 1.000, aRR: 1.000, aRR@0.3: 1.000, sRR: 1.000, lr: 7.220e-04, time: 0.156s/0.797s
[2025-07-04 10:56:37] [INFO] Epoch: 3/30, iter: 550/2438, loss: 0.098, c_loss: 0.577, f_loss: 0.413, facw_loss: 0.098, PIR: 0.742, IR: 0.724, RRE: 1.272, RTE: 0.037, RMSE: 0.020, RR: 1.000, aRR: 1.000, aRR@0.3: 1.000, sRR: 1.000, lr: 7.220e-04, time: 0.156s/0.797s
[2025-07-04 10:56:46] [INFO] Epoch: 3/30, iter: 560/2438, loss: 0.098, c_loss: 0.577, f_loss: 0.412, facw_loss: 0.098, PIR: 0.749, IR: 0.732, RRE: 1.033, RTE: 0.031, RMSE: 0.018, RR: 1.000, aRR: 1.000, aRR@0.3: 1.000, sRR: 1.000, lr: 7.220e-04, time: 0.156s/0.797s
[2025-07-04 10:56:55] [INFO] Epoch: 3/30, iter: 570/2438, loss: 0.148, c_loss: 0.578, f_loss: 0.401, facw_loss: 0.148, PIR: 0.713, IR: 0.715, RRE: 1.060, RTE: 0.030, RMSE: 0.018, RR: 1.000, aRR: 1.000, aRR@0.3: 1.000, sRR: 1.000, lr: 7.220e-04, time: 0.155s/0.797s
[2025-07-04 10:57:04] [INFO] Epoch: 3/30, iter: 580/2438, loss: 0.109, c_loss: 0.579, f_loss: 0.411, facw_loss: 0.109, PIR: 0.749, IR: 0.717, RRE: 1.819, RTE: 0.056, RMSE: 0.027, RR: 0.988, aRR: 1.000, aRR@0.3: 1.000, sRR: 1.000, lr: 7.220e-04, time: 0.155s/0.797s
[2025-07-04 10:57:13] [INFO] Epoch: 3/30, iter: 590/2438, loss: 0.092, c_loss: 0.575, f_loss: 0.415, facw_loss: 0.092, PIR: 0.741, IR: 0.727, RRE: 1.237, RTE: 0.035, RMSE: 0.020, RR: 1.000, aRR: 1.000, aRR@0.3: 1.000, sRR: 1.000, lr: 7.220e-04, time: 0.155s/0.797s
[2025-07-04 10:57:22] [INFO] Epoch: 3/30, iter: 600/2438, loss: 0.077, c_loss: 0.578, f_loss: 0.431, facw_loss: 0.077, PIR: 0.746, IR: 0.707, RRE: 1.156, RTE: 0.035, RMSE: 0.019, RR: 1.000, aRR: 1.000, aRR@0.3: 1.000, sRR: 1.000, lr: 7.220e-04, time: 0.155s/0.797s
[2025-07-04 10:57:31] [INFO] Epoch: 3/30, iter: 610/2438, loss: 0.089, c_loss: 0.576, f_loss: 0.406, facw_loss: 0.089, PIR: 0.746, IR: 0.728, RRE: 1.192, RTE: 0.036, RMSE: 0.020, RR: 1.000, aRR: 1.000, aRR@0.3: 1.000, sRR: 1.000, lr: 7.220e-04, time: 0.155s/0.797s
[2025-07-04 10:57:40] [INFO] Epoch: 3/30, iter: 620/2438, loss: 0.082, c_loss: 0.576, f_loss: 0.403, facw_loss: 0.082, PIR: 0.771, IR: 0.751, RRE: 1.172, RTE: 0.035, RMSE: 0.018, RR: 1.000, aRR: 1.000, aRR@0.3: 1.000, sRR: 1.000, lr: 7.220e-04, time: 0.155s/0.797s
[2025-07-04 10:57:49] [INFO] Epoch: 3/30, iter: 630/2438, loss: 0.092, c_loss: 0.581, f_loss: 0.401, facw_loss: 0.092, PIR: 0.722, IR: 0.697, RRE: 1.196, RTE: 0.042, RMSE: 0.020, RR: 1.000, aRR: 1.000, aRR@0.3: 1.000, sRR: 1.000, lr: 7.220e-04, time: 0.155s/0.797s
[2025-07-04 10:57:58] [INFO] Epoch: 3/30, iter: 640/2438, loss: 0.055, c_loss: 0.578, f_loss: 0.413, facw_loss: 0.055, PIR: 0.761, IR: 0.737, RRE: 1.111, RTE: 0.036, RMSE: 0.019, RR: 1.000, aRR: 1.000, aRR@0.3: 1.000, sRR: 1.000, lr: 7.220e-04, time: 0.155s/0.797s
[2025-07-04 10:58:07] [INFO] Epoch: 3/30, iter: 650/2438, loss: 0.060, c_loss: 0.579, f_loss: 0.431, facw_loss: 0.060, PIR: 0.768, IR: 0.734, RRE: 1.336, RTE: 0.042, RMSE: 0.021, RR: 1.000, aRR: 1.000, aRR@0.3: 1.000, sRR: 1.000, lr: 7.220e-04, time: 0.155s/0.797s
[2025-07-04 10:58:17] [INFO] Epoch: 3/30, iter: 660/2438, loss: 0.033, c_loss: 0.580, f_loss: 0.407, facw_loss: 0.033, PIR: 0.762, IR: 0.729, RRE: 1.122, RTE: 0.032, RMSE: 0.018, RR: 1.000, aRR: 1.000, aRR@0.3: 1.000, sRR: 1.000, lr: 7.220e-04, time: 0.155s/0.797s
[2025-07-04 10:58:26] [INFO] Epoch: 3/30, iter: 670/2438, loss: 0.066, c_loss: 0.580, f_loss: 0.388, facw_loss: 0.066, PIR: 0.750, IR: 0.735, RRE: 1.195, RTE: 0.036, RMSE: 0.019, RR: 1.000, aRR: 1.000, aRR@0.3: 1.000, sRR: 1.000, lr: 7.220e-04, time: 0.155s/0.797s
[2025-07-04 10:58:35] [INFO] Epoch: 3/30, iter: 680/2438, loss: 0.122, c_loss: 0.577, f_loss: 0.401, facw_loss: 0.122, PIR: 0.720, IR: 0.702, RRE: 1.159, RTE: 0.032, RMSE: 0.018, RR: 1.000, aRR: 1.000, aRR@0.3: 1.000, sRR: 1.000, lr: 7.220e-04, time: 0.155s/0.797s
[2025-07-04 10:58:44] [INFO] Epoch: 3/30, iter: 690/2438, loss: 0.033, c_loss: 0.581, f_loss: 0.448, facw_loss: 0.033, PIR: 0.760, IR: 0.713, RRE: 1.146, RTE: 0.036, RMSE: 0.020, RR: 1.000, aRR: 1.000, aRR@0.3: 1.000, sRR: 1.000, lr: 7.220e-04, time: 0.155s/0.797s
[2025-07-04 10:58:53] [INFO] Epoch: 3/30, iter: 700/2438, loss: 0.083, c_loss: 0.579, f_loss: 0.420, facw_loss: 0.083, PIR: 0.746, IR: 0.707, RRE: 1.109, RTE: 0.035, RMSE: 0.019, RR: 1.000, aRR: 1.000, aRR@0.3: 1.000, sRR: 1.000, lr: 7.220e-04, time: 0.155s/0.797s
[2025-07-04 10:59:03] [INFO] Epoch: 3/30, iter: 710/2438, loss: 0.069, c_loss: 0.577, f_loss: 0.387, facw_loss: 0.069, PIR: 0.713, IR: 0.691, RRE: 1.171, RTE: 0.036, RMSE: 0.020, RR: 1.000, aRR: 1.000, aRR@0.3: 1.000, sRR: 1.000, lr: 7.220e-04, time: 0.155s/0.797s
[2025-07-04 10:59:12] [INFO] Epoch: 3/30, iter: 720/2438, loss: 0.070, c_loss: 0.580, f_loss: 0.393, facw_loss: 0.070, PIR: 0.734, IR: 0.711, RRE: 1.090, RTE: 0.032, RMSE: 0.018, RR: 1.000, aRR: 1.000, aRR@0.3: 1.000, sRR: 1.000, lr: 7.220e-04, time: 0.154s/0.797s
[2025-07-04 10:59:21] [INFO] Epoch: 3/30, iter: 730/2438, loss: 0.084, c_loss: 0.579, f_loss: 0.421, facw_loss: 0.084, PIR: 0.767, IR: 0.742, RRE: 1.116, RTE: 0.034, RMSE: 0.017, RR: 1.000, aRR: 1.000, aRR@0.3: 1.000, sRR: 1.000, lr: 7.220e-04, time: 0.154s/0.797s
[2025-07-04 10:59:30] [INFO] Epoch: 3/30, iter: 740/2438, loss: 0.074, c_loss: 0.575, f_loss: 0.432, facw_loss: 0.074, PIR: 0.767, IR: 0.740, RRE: 1.112, RTE: 0.031, RMSE: 0.017, RR: 1.000, aRR: 1.000, aRR@0.3: 1.000, sRR: 1.000, lr: 7.220e-04, time: 0.154s/0.797s
[2025-07-04 10:59:40] [INFO] Epoch: 3/30, iter: 750/2438, loss: 0.109, c_loss: 0.579, f_loss: 0.365, facw_loss: 0.109, PIR: 0.716, IR: 0.709, RRE: 1.147, RTE: 0.033, RMSE: 0.019, RR: 1.000, aRR: 1.000, aRR@0.3: 1.000, sRR: 1.000, lr: 7.220e-04, time: 0.154s/0.797s
[2025-07-04 10:59:49] [INFO] Epoch: 3/30, iter: 760/2438, loss: 0.060, c_loss: 0.578, f_loss: 0.368, facw_loss: 0.060, PIR: 0.726, IR: 0.716, RRE: 1.106, RTE: 0.032, RMSE: 0.019, RR: 1.000, aRR: 1.000, aRR@0.3: 1.000, sRR: 1.000, lr: 7.220e-04, time: 0.154s/0.797s
[2025-07-04 10:59:58] [INFO] Epoch: 3/30, iter: 770/2438, loss: 0.089, c_loss: 0.578, f_loss: 0.421, facw_loss: 0.089, PIR: 0.778, IR: 0.751, RRE: 1.051, RTE: 0.030, RMSE: 0.016, RR: 1.000, aRR: 1.000, aRR@0.3: 1.000, sRR: 1.000, lr: 7.220e-04, time: 0.154s/0.797s
[2025-07-04 11:00:08] [INFO] Epoch: 3/30, iter: 780/2438, loss: 0.133, c_loss: 0.582, f_loss: 0.406, facw_loss: 0.133, PIR: 0.748, IR: 0.721, RRE: 1.173, RTE: 0.037, RMSE: 0.021, RR: 1.000, aRR: 1.000, aRR@0.3: 1.000, sRR: 1.000, lr: 7.220e-04, time: 0.154s/0.797s
[2025-07-04 11:00:16] [INFO] Epoch: 3/30, iter: 790/2438, loss: 0.103, c_loss: 0.577, f_loss: 0.390, facw_loss: 0.103, PIR: 0.770, IR: 0.731, RRE: 1.290, RTE: 0.041, RMSE: 0.023, RR: 1.000, aRR: 1.000, aRR@0.3: 1.000, sRR: 1.000, lr: 7.220e-04, time: 0.154s/0.797s
[2025-07-04 11:00:25] [INFO] Epoch: 3/30, iter: 800/2438, loss: 0.061, c_loss: 0.579, f_loss: 0.405, facw_loss: 0.061, PIR: 0.725, IR: 0.714, RRE: 1.174, RTE: 0.034, RMSE: 0.019, RR: 1.000, aRR: 1.000, aRR@0.3: 1.000, sRR: 1.000, lr: 7.220e-04, time: 0.154s/0.797s
[2025-07-04 11:00:34] [INFO] Epoch: 3/30, iter: 810/2438, loss: 0.079, c_loss: 0.573, f_loss: 0.422, facw_loss: 0.079, PIR: 0.769, IR: 0.746, RRE: 1.116, RTE: 0.030, RMSE: 0.018, RR: 1.000, aRR: 1.000, aRR@0.3: 1.000, sRR: 1.000, lr: 7.220e-04, time: 0.154s/0.797s
[2025-07-04 11:00:43] [INFO] Epoch: 3/30, iter: 820/2438, loss: 0.093, c_loss: 0.579, f_loss: 0.405, facw_loss: 0.093, PIR: 0.753, IR: 0.705, RRE: 1.184, RTE: 0.035, RMSE: 0.019, RR: 1.000, aRR: 1.000, aRR@0.3: 1.000, sRR: 1.000, lr: 7.220e-04, time: 0.154s/0.797s
[2025-07-04 11:00:52] [INFO] Epoch: 3/30, iter: 830/2438, loss: 0.130, c_loss: 0.578, f_loss: 0.403, facw_loss: 0.130, PIR: 0.728, IR: 0.702, RRE: 1.151, RTE: 0.036, RMSE: 0.020, RR: 1.000, aRR: 1.000, aRR@0.3: 1.000, sRR: 1.000, lr: 7.220e-04, time: 0.154s/0.797s
[2025-07-04 11:01:01] [INFO] Epoch: 3/30, iter: 840/2438, loss: 0.048, c_loss: 0.577, f_loss: 0.413, facw_loss: 0.048, PIR: 0.692, IR: 0.690, RRE: 2.546, RTE: 0.051, RMSE: 0.034, RR: 0.988, aRR: 1.000, aRR@0.3: 1.000, sRR: 1.000, lr: 7.220e-04, time: 0.154s/0.797s
[2025-07-04 11:01:11] [INFO] Epoch: 3/30, iter: 850/2438, loss: 0.131, c_loss: 0.582, f_loss: 0.399, facw_loss: 0.131, PIR: 0.761, IR: 0.733, RRE: 1.520, RTE: 0.047, RMSE: 0.025, RR: 1.000, aRR: 1.000, aRR@0.3: 1.000, sRR: 1.000, lr: 7.220e-04, time: 0.154s/0.797s
[2025-07-04 11:01:20] [INFO] Epoch: 3/30, iter: 860/2438, loss: 0.089, c_loss: 0.581, f_loss: 0.408, facw_loss: 0.089, PIR: 0.754, IR: 0.718, RRE: 1.157, RTE: 0.035, RMSE: 0.021, RR: 1.000, aRR: 1.000, aRR@0.3: 1.000, sRR: 1.000, lr: 7.220e-04, time: 0.154s/0.797s
[2025-07-04 11:01:29] [INFO] Epoch: 3/30, iter: 870/2438, loss: 0.080, c_loss: 0.574, f_loss: 0.456, facw_loss: 0.080, PIR: 0.811, IR: 0.744, RRE: 1.041, RTE: 0.032, RMSE: 0.018, RR: 1.000, aRR: 1.000, aRR@0.3: 1.000, sRR: 1.000, lr: 7.220e-04, time: 0.153s/0.797s
[2025-07-04 11:01:38] [INFO] Epoch: 3/30, iter: 880/2438, loss: 0.097, c_loss: 0.574, f_loss: 0.444, facw_loss: 0.097, PIR: 0.749, IR: 0.710, RRE: 1.220, RTE: 0.035, RMSE: 0.020, RR: 1.000, aRR: 1.000, aRR@0.3: 1.000, sRR: 1.000, lr: 7.220e-04, time: 0.153s/0.797s
[2025-07-04 11:01:47] [INFO] Epoch: 3/30, iter: 890/2438, loss: 0.098, c_loss: 0.579, f_loss: 0.381, facw_loss: 0.098, PIR: 0.701, IR: 0.698, RRE: 1.168, RTE: 0.037, RMSE: 0.021, RR: 1.000, aRR: 1.000, aRR@0.3: 1.000, sRR: 1.000, lr: 7.220e-04, time: 0.153s/0.797s
[2025-07-04 11:01:56] [INFO] Epoch: 3/30, iter: 900/2438, loss: 0.117, c_loss: 0.575, f_loss: 0.409, facw_loss: 0.117, PIR: 0.774, IR: 0.736, RRE: 1.120, RTE: 0.039, RMSE: 0.020, RR: 1.000, aRR: 1.000, aRR@0.3: 1.000, sRR: 1.000, lr: 7.220e-04, time: 0.153s/0.797s
[2025-07-04 11:02:04] [INFO] Epoch: 3/30, iter: 910/2438, loss: 0.062, c_loss: 0.576, f_loss: 0.431, facw_loss: 0.062, PIR: 0.778, IR: 0.738, RRE: 1.116, RTE: 0.031, RMSE: 0.018, RR: 1.000, aRR: 1.000, aRR@0.3: 1.000, sRR: 1.000, lr: 7.220e-04, time: 0.153s/0.797s
[2025-07-04 11:02:14] [INFO] Epoch: 3/30, iter: 920/2438, loss: 0.078, c_loss: 0.577, f_loss: 0.436, facw_loss: 0.078, PIR: 0.766, IR: 0.727, RRE: 1.344, RTE: 0.042, RMSE: 0.022, RR: 0.988, aRR: 1.000, aRR@0.3: 1.000, sRR: 1.000, lr: 7.220e-04, time: 0.153s/0.797s
[2025-07-04 11:02:23] [INFO] Epoch: 3/30, iter: 930/2438, loss: 0.094, c_loss: 0.579, f_loss: 0.404, facw_loss: 0.094, PIR: 0.736, IR: 0.722, RRE: 1.219, RTE: 0.032, RMSE: 0.020, RR: 1.000, aRR: 1.000, aRR@0.3: 1.000, sRR: 1.000, lr: 7.220e-04, time: 0.153s/0.797s
[2025-07-04 11:02:32] [INFO] Epoch: 3/30, iter: 940/2438, loss: 0.105, c_loss: 0.578, f_loss: 0.392, facw_loss: 0.105, PIR: 0.767, IR: 0.740, RRE: 1.276, RTE: 0.042, RMSE: 0.022, RR: 1.000, aRR: 1.000, aRR@0.3: 1.000, sRR: 1.000, lr: 7.220e-04, time: 0.153s/0.797s
[2025-07-04 11:02:41] [INFO] Epoch: 3/30, iter: 950/2438, loss: 0.019, c_loss: 0.583, f_loss: 0.436, facw_loss: 0.019, PIR: 0.736, IR: 0.718, RRE: 1.201, RTE: 0.035, RMSE: 0.019, RR: 1.000, aRR: 1.000, aRR@0.3: 1.000, sRR: 1.000, lr: 7.220e-04, time: 0.153s/0.797s
[2025-07-04 11:02:50] [INFO] Epoch: 3/30, iter: 960/2438, loss: 0.076, c_loss: 0.581, f_loss: 0.396, facw_loss: 0.076, PIR: 0.773, IR: 0.740, RRE: 1.210, RTE: 0.036, RMSE: 0.020, RR: 1.000, aRR: 1.000, aRR@0.3: 1.000, sRR: 1.000, lr: 7.220e-04, time: 0.153s/0.797s
[2025-07-04 11:02:59] [INFO] Epoch: 3/30, iter: 970/2438, loss: 0.077, c_loss: 0.578, f_loss: 0.403, facw_loss: 0.077, PIR: 0.726, IR: 0.718, RRE: 1.119, RTE: 0.030, RMSE: 0.019, RR: 1.000, aRR: 1.000, aRR@0.3: 1.000, sRR: 1.000, lr: 7.220e-04, time: 0.153s/0.797s
[2025-07-04 11:03:08] [INFO] Epoch: 3/30, iter: 980/2438, loss: 0.069, c_loss: 0.576, f_loss: 0.407, facw_loss: 0.069, PIR: 0.763, IR: 0.743, RRE: 1.368, RTE: 0.039, RMSE: 0.022, RR: 0.988, aRR: 1.000, aRR@0.3: 1.000, sRR: 1.000, lr: 7.220e-04, time: 0.153s/0.797s
[2025-07-04 11:03:17] [INFO] Epoch: 3/30, iter: 990/2438, loss: 0.079, c_loss: 0.579, f_loss: 0.397, facw_loss: 0.079, PIR: 0.698, IR: 0.682, RRE: 1.221, RTE: 0.039, RMSE: 0.021, RR: 1.000, aRR: 1.000, aRR@0.3: 1.000, sRR: 1.000, lr: 7.220e-04, time: 0.153s/0.797s
[2025-07-04 11:03:26] [INFO] Epoch: 3/30, iter: 1000/2438, loss: 0.076, c_loss: 0.581, f_loss: 0.385, facw_loss: 0.076, PIR: 0.738, IR: 0.709, RRE: 1.326, RTE: 0.040, RMSE: 0.022, RR: 1.000, aRR: 1.000, aRR@0.3: 1.000, sRR: 1.000, lr: 7.220e-04, time: 0.153s/0.797s
[2025-07-04 11:03:35] [INFO] Epoch: 3/30, iter: 1010/2438, loss: 0.110, c_loss: 0.583, f_loss: 0.419, facw_loss: 0.110, PIR: 0.758, IR: 0.722, RRE: 1.114, RTE: 0.035, RMSE: 0.018, RR: 1.000, aRR: 1.000, aRR@0.3: 1.000, sRR: 1.000, lr: 7.220e-04, time: 0.153s/0.797s
[2025-07-04 11:03:44] [INFO] Epoch: 3/30, iter: 1020/2438, loss: 0.119, c_loss: 0.582, f_loss: 0.392, facw_loss: 0.119, PIR: 0.728, IR: 0.721, RRE: 1.285, RTE: 0.038, RMSE: 0.021, RR: 1.000, aRR: 1.000, aRR@0.3: 1.000, sRR: 1.000, lr: 7.220e-04, time: 0.152s/0.797s
[2025-07-04 11:03:54] [INFO] Epoch: 3/30, iter: 1030/2438, loss: 0.118, c_loss: 0.584, f_loss: 0.411, facw_loss: 0.118, PIR: 0.733, IR: 0.714, RRE: 1.176, RTE: 0.036, RMSE: 0.020, RR: 1.000, aRR: 1.000, aRR@0.3: 1.000, sRR: 1.000, lr: 7.220e-04, time: 0.152s/0.797s
[2025-07-04 11:04:03] [INFO] Epoch: 3/30, iter: 1040/2438, loss: 0.110, c_loss: 0.576, f_loss: 0.398, facw_loss: 0.110, PIR: 0.751, IR: 0.730, RRE: 1.223, RTE: 0.036, RMSE: 0.022, RR: 1.000, aRR: 1.000, aRR@0.3: 1.000, sRR: 1.000, lr: 7.220e-04, time: 0.152s/0.797s
[2025-07-04 11:04:12] [INFO] Epoch: 3/30, iter: 1050/2438, loss: 0.098, c_loss: 0.576, f_loss: 0.428, facw_loss: 0.098, PIR: 0.735, IR: 0.698, RRE: 1.200, RTE: 0.037, RMSE: 0.020, RR: 1.000, aRR: 1.000, aRR@0.3: 1.000, sRR: 1.000, lr: 7.220e-04, time: 0.152s/0.797s
[2025-07-04 11:04:21] [INFO] Epoch: 3/30, iter: 1060/2438, loss: 0.143, c_loss: 0.582, f_loss: 0.403, facw_loss: 0.143, PIR: 0.750, IR: 0.712, RRE: 1.246, RTE: 0.037, RMSE: 0.022, RR: 1.000, aRR: 1.000, aRR@0.3: 1.000, sRR: 1.000, lr: 7.220e-04, time: 0.152s/0.797s
[2025-07-04 11:04:31] [INFO] Epoch: 3/30, iter: 1070/2438, loss: 0.106, c_loss: 0.577, f_loss: 0.400, facw_loss: 0.106, PIR: 0.780, IR: 0.740, RRE: 1.166, RTE: 0.036, RMSE: 0.019, RR: 1.000, aRR: 1.000, aRR@0.3: 1.000, sRR: 1.000, lr: 7.220e-04, time: 0.152s/0.797s
[2025-07-04 11:04:40] [INFO] Epoch: 3/30, iter: 1080/2438, loss: 0.069, c_loss: 0.576, f_loss: 0.409, facw_loss: 0.069, PIR: 0.740, IR: 0.710, RRE: 2.664, RTE: 0.048, RMSE: 0.042, RR: 0.988, aRR: 0.900, aRR@0.3: 0.900, sRR: 0.900, lr: 7.220e-04, time: 0.152s/0.797s
[2025-07-04 11:04:49] [INFO] Epoch: 3/30, iter: 1090/2438, loss: 0.112, c_loss: 0.579, f_loss: 0.394, facw_loss: 0.112, PIR: 0.774, IR: 0.731, RRE: 2.026, RTE: 0.060, RMSE: 0.052, RR: 0.988, aRR: 1.000, aRR@0.3: 1.000, sRR: 1.000, lr: 7.220e-04, time: 0.152s/0.797s
[2025-07-04 11:04:58] [INFO] Epoch: 3/30, iter: 1100/2438, loss: 0.078, c_loss: 0.581, f_loss: 0.379, facw_loss: 0.078, PIR: 0.736, IR: 0.714, RRE: 1.234, RTE: 0.038, RMSE: 0.020, RR: 1.000, aRR: 1.000, aRR@0.3: 1.000, sRR: 1.000, lr: 7.220e-04, time: 0.152s/0.797s
[2025-07-04 11:05:08] [INFO] Epoch: 3/30, iter: 1110/2438, loss: 0.092, c_loss: 0.582, f_loss: 0.419, facw_loss: 0.092, PIR: 0.785, IR: 0.738, RRE: 1.179, RTE: 0.036, RMSE: 0.021, RR: 1.000, aRR: 1.000, aRR@0.3: 1.000, sRR: 1.000, lr: 7.220e-04, time: 0.152s/0.797s
[2025-07-04 11:05:17] [INFO] Epoch: 3/30, iter: 1120/2438, loss: 0.108, c_loss: 0.579, f_loss: 0.388, facw_loss: 0.108, PIR: 0.752, IR: 0.717, RRE: 1.252, RTE: 0.039, RMSE: 0.021, RR: 1.000, aRR: 1.000, aRR@0.3: 1.000, sRR: 1.000, lr: 7.220e-04, time: 0.152s/0.797s
[2025-07-04 11:05:26] [INFO] Epoch: 3/30, iter: 1130/2438, loss: 0.122, c_loss: 0.578, f_loss: 0.416, facw_loss: 0.122, PIR: 0.765, IR: 0.712, RRE: 1.269, RTE: 0.041, RMSE: 0.022, RR: 1.000, aRR: 1.000, aRR@0.3: 1.000, sRR: 1.000, lr: 7.220e-04, time: 0.152s/0.797s
[2025-07-04 11:05:35] [INFO] Epoch: 3/30, iter: 1140/2438, loss: 0.059, c_loss: 0.577, f_loss: 0.420, facw_loss: 0.059, PIR: 0.781, IR: 0.745, RRE: 1.107, RTE: 0.034, RMSE: 0.019, RR: 1.000, aRR: 1.000, aRR@0.3: 1.000, sRR: 1.000, lr: 7.220e-04, time: 0.152s/0.797s
[2025-07-04 11:05:44] [INFO] Epoch: 3/30, iter: 1150/2438, loss: 0.087, c_loss: 0.582, f_loss: 0.411, facw_loss: 0.087, PIR: 0.732, IR: 0.707, RRE: 1.177, RTE: 0.036, RMSE: 0.021, RR: 1.000, aRR: 1.000, aRR@0.3: 1.000, sRR: 1.000, lr: 7.220e-04, time: 0.152s/0.797s
[2025-07-04 11:05:53] [INFO] Epoch: 3/30, iter: 1160/2438, loss: 0.105, c_loss: 0.574, f_loss: 0.393, facw_loss: 0.105, PIR: 0.722, IR: 0.695, RRE: 1.304, RTE: 0.042, RMSE: 0.023, RR: 1.000, aRR: 1.000, aRR@0.3: 1.000, sRR: 1.000, lr: 7.220e-04, time: 0.152s/0.797s
[2025-07-04 11:06:02] [INFO] Epoch: 3/30, iter: 1170/2438, loss: 0.074, c_loss: 0.582, f_loss: 0.371, facw_loss: 0.074, PIR: 0.705, IR: 0.707, RRE: 1.185, RTE: 0.033, RMSE: 0.020, RR: 1.000, aRR: 1.000, aRR@0.3: 1.000, sRR: 1.000, lr: 7.220e-04, time: 0.152s/0.797s
[2025-07-04 11:06:11] [INFO] Epoch: 3/30, iter: 1180/2438, loss: 0.094, c_loss: 0.576, f_loss: 0.393, facw_loss: 0.094, PIR: 0.755, IR: 0.718, RRE: 2.119, RTE: 0.053, RMSE: 0.039, RR: 0.988, aRR: 1.000, aRR@0.3: 1.000, sRR: 1.000, lr: 7.220e-04, time: 0.151s/0.797s
[2025-07-04 11:06:20] [INFO] Epoch: 3/30, iter: 1190/2438, loss: 0.080, c_loss: 0.577, f_loss: 0.439, facw_loss: 0.080, PIR: 0.796, IR: 0.750, RRE: 1.212, RTE: 0.034, RMSE: 0.020, RR: 1.000, aRR: 1.000, aRR@0.3: 1.000, sRR: 1.000, lr: 7.220e-04, time: 0.151s/0.797s
[2025-07-04 11:06:29] [INFO] Epoch: 3/30, iter: 1200/2438, loss: 0.106, c_loss: 0.578, f_loss: 0.406, facw_loss: 0.106, PIR: 0.766, IR: 0.732, RRE: 1.154, RTE: 0.038, RMSE: 0.020, RR: 1.000, aRR: 1.000, aRR@0.3: 1.000, sRR: 1.000, lr: 7.220e-04, time: 0.151s/0.797s
[2025-07-04 11:06:39] [INFO] Epoch: 3/30, iter: 1210/2438, loss: 0.059, c_loss: 0.578, f_loss: 0.394, facw_loss: 0.059, PIR: 0.739, IR: 0.728, RRE: 1.144, RTE: 0.036, RMSE: 0.018, RR: 1.000, aRR: 1.000, aRR@0.3: 1.000, sRR: 1.000, lr: 7.220e-04, time: 0.151s/0.797s
[2025-07-04 11:06:47] [INFO] Epoch: 3/30, iter: 1220/2438, loss: 0.094, c_loss: 0.582, f_loss: 0.409, facw_loss: 0.094, PIR: 0.761, IR: 0.727, RRE: 1.129, RTE: 0.034, RMSE: 0.021, RR: 1.000, aRR: 1.000, aRR@0.3: 1.000, sRR: 1.000, lr: 7.220e-04, time: 0.151s/0.797s
[2025-07-04 11:06:57] [INFO] Epoch: 3/30, iter: 1230/2438, loss: 0.123, c_loss: 0.578, f_loss: 0.386, facw_loss: 0.123, PIR: 0.690, IR: 0.680, RRE: 1.032, RTE: 0.030, RMSE: 0.019, RR: 1.000, aRR: 1.000, aRR@0.3: 1.000, sRR: 1.000, lr: 7.220e-04, time: 0.151s/0.797s
[2025-07-04 11:07:06] [INFO] Epoch: 3/30, iter: 1240/2438, loss: 0.063, c_loss: 0.575, f_loss: 0.415, facw_loss: 0.063, PIR: 0.750, IR: 0.718, RRE: 1.226, RTE: 0.037, RMSE: 0.020, RR: 1.000, aRR: 1.000, aRR@0.3: 1.000, sRR: 1.000, lr: 7.220e-04, time: 0.151s/0.797s
[2025-07-04 11:07:15] [INFO] Epoch: 3/30, iter: 1250/2438, loss: 0.082, c_loss: 0.583, f_loss: 0.408, facw_loss: 0.082, PIR: 0.708, IR: 0.698, RRE: 1.290, RTE: 0.038, RMSE: 0.020, RR: 1.000, aRR: 1.000, aRR@0.3: 1.000, sRR: 1.000, lr: 7.220e-04, time: 0.151s/0.797s
[2025-07-04 11:07:24] [INFO] Epoch: 3/30, iter: 1260/2438, loss: 0.102, c_loss: 0.582, f_loss: 0.410, facw_loss: 0.102, PIR: 0.763, IR: 0.724, RRE: 1.068, RTE: 0.031, RMSE: 0.019, RR: 1.000, aRR: 1.000, aRR@0.3: 1.000, sRR: 1.000, lr: 7.220e-04, time: 0.151s/0.797s
[2025-07-04 11:07:33] [INFO] Epoch: 3/30, iter: 1270/2438, loss: 0.116, c_loss: 0.579, f_loss: 0.399, facw_loss: 0.116, PIR: 0.746, IR: 0.714, RRE: 1.144, RTE: 0.036, RMSE: 0.020, RR: 1.000, aRR: 1.000, aRR@0.3: 1.000, sRR: 1.000, lr: 7.220e-04, time: 0.151s/0.797s
[2025-07-04 11:07:43] [INFO] Epoch: 3/30, iter: 1280/2438, loss: 0.057, c_loss: 0.579, f_loss: 0.419, facw_loss: 0.057, PIR: 0.763, IR: 0.725, RRE: 1.225, RTE: 0.034, RMSE: 0.021, RR: 1.000, aRR: 1.000, aRR@0.3: 1.000, sRR: 1.000, lr: 7.220e-04, time: 0.151s/0.797s
[2025-07-04 11:07:52] [INFO] Epoch: 3/30, iter: 1290/2438, loss: 0.082, c_loss: 0.582, f_loss: 0.363, facw_loss: 0.082, PIR: 0.733, IR: 0.722, RRE: 1.132, RTE: 0.036, RMSE: 0.020, RR: 1.000, aRR: 1.000, aRR@0.3: 1.000, sRR: 1.000, lr: 7.220e-04, time: 0.151s/0.797s
[2025-07-04 11:08:02] [INFO] Epoch: 3/30, iter: 1300/2438, loss: 0.081, c_loss: 0.582, f_loss: 0.410, facw_loss: 0.081, PIR: 0.770, IR: 0.726, RRE: 1.150, RTE: 0.039, RMSE: 0.020, RR: 1.000, aRR: 1.000, aRR@0.3: 1.000, sRR: 1.000, lr: 7.220e-04, time: 0.151s/0.797s
[2025-07-04 11:08:11] [INFO] Epoch: 3/30, iter: 1310/2438, loss: 0.064, c_loss: 0.580, f_loss: 0.416, facw_loss: 0.064, PIR: 0.779, IR: 0.738, RRE: 1.139, RTE: 0.035, RMSE: 0.020, RR: 1.000, aRR: 1.000, aRR@0.3: 1.000, sRR: 1.000, lr: 7.220e-04, time: 0.151s/0.797s
[2025-07-04 11:08:20] [INFO] Epoch: 3/30, iter: 1320/2438, loss: 0.080, c_loss: 0.575, f_loss: 0.423, facw_loss: 0.080, PIR: 0.757, IR: 0.731, RRE: 1.109, RTE: 0.034, RMSE: 0.019, RR: 1.000, aRR: 1.000, aRR@0.3: 1.000, sRR: 1.000, lr: 7.220e-04, time: 0.151s/0.797s
[2025-07-04 11:08:28] [INFO] Epoch: 3/30, iter: 1330/2438, loss: 0.068, c_loss: 0.575, f_loss: 0.456, facw_loss: 0.068, PIR: 0.803, IR: 0.759, RRE: 1.151, RTE: 0.035, RMSE: 0.019, RR: 1.000, aRR: 1.000, aRR@0.3: 1.000, sRR: 1.000, lr: 7.220e-04, time: 0.151s/0.797s
[2025-07-04 11:08:38] [INFO] Epoch: 3/30, iter: 1340/2438, loss: 0.087, c_loss: 0.584, f_loss: 0.447, facw_loss: 0.087, PIR: 0.770, IR: 0.730, RRE: 1.086, RTE: 0.033, RMSE: 0.019, RR: 1.000, aRR: 1.000, aRR@0.3: 1.000, sRR: 1.000, lr: 7.220e-04, time: 0.151s/0.797s
[2025-07-04 11:08:47] [INFO] Epoch: 3/30, iter: 1350/2438, loss: 0.075, c_loss: 0.588, f_loss: 0.389, facw_loss: 0.075, PIR: 0.744, IR: 0.720, RRE: 1.159, RTE: 0.034, RMSE: 0.019, RR: 1.000, aRR: 1.000, aRR@0.3: 1.000, sRR: 1.000, lr: 7.220e-04, time: 0.151s/0.797s
[2025-07-04 11:08:56] [INFO] Epoch: 3/30, iter: 1360/2438, loss: 0.089, c_loss: 0.580, f_loss: 0.420, facw_loss: 0.089, PIR: 0.752, IR: 0.713, RRE: 1.080, RTE: 0.036, RMSE: 0.020, RR: 1.000, aRR: 1.000, aRR@0.3: 1.000, sRR: 1.000, lr: 7.220e-04, time: 0.151s/0.797s
[2025-07-04 11:09:05] [INFO] Epoch: 3/30, iter: 1370/2438, loss: 0.086, c_loss: 0.582, f_loss: 0.406, facw_loss: 0.086, PIR: 0.764, IR: 0.722, RRE: 1.261, RTE: 0.040, RMSE: 0.021, RR: 1.000, aRR: 1.000, aRR@0.3: 1.000, sRR: 1.000, lr: 7.220e-04, time: 0.151s/0.797s
[2025-07-04 11:09:14] [INFO] Epoch: 3/30, iter: 1380/2438, loss: 0.133, c_loss: 0.578, f_loss: 0.408, facw_loss: 0.133, PIR: 0.762, IR: 0.727, RRE: 1.042, RTE: 0.031, RMSE: 0.018, RR: 1.000, aRR: 1.000, aRR@0.3: 1.000, sRR: 1.000, lr: 7.220e-04, time: 0.150s/0.797s
[2025-07-04 11:09:23] [INFO] Epoch: 3/30, iter: 1390/2438, loss: 0.085, c_loss: 0.576, f_loss: 0.418, facw_loss: 0.085, PIR: 0.726, IR: 0.714, RRE: 1.105, RTE: 0.034, RMSE: 0.017, RR: 1.000, aRR: 1.000, aRR@0.3: 1.000, sRR: 1.000, lr: 7.220e-04, time: 0.150s/0.797s
[2025-07-04 11:09:33] [INFO] Epoch: 3/30, iter: 1400/2438, loss: 0.050, c_loss: 0.581, f_loss: 0.372, facw_loss: 0.050, PIR: 0.749, IR: 0.727, RRE: 1.125, RTE: 0.034, RMSE: 0.020, RR: 1.000, aRR: 1.000, aRR@0.3: 1.000, sRR: 1.000, lr: 7.220e-04, time: 0.150s/0.797s
[2025-07-04 11:09:42] [INFO] Epoch: 3/30, iter: 1410/2438, loss: 0.046, c_loss: 0.576, f_loss: 0.394, facw_loss: 0.046, PIR: 0.741, IR: 0.728, RRE: 1.108, RTE: 0.034, RMSE: 0.018, RR: 1.000, aRR: 1.000, aRR@0.3: 1.000, sRR: 1.000, lr: 7.220e-04, time: 0.150s/0.797s
[2025-07-04 11:09:51] [INFO] Epoch: 3/30, iter: 1420/2438, loss: 0.109, c_loss: 0.582, f_loss: 0.417, facw_loss: 0.109, PIR: 0.772, IR: 0.742, RRE: 1.226, RTE: 0.036, RMSE: 0.021, RR: 1.000, aRR: 1.000, aRR@0.3: 1.000, sRR: 1.000, lr: 7.220e-04, time: 0.150s/0.797s
[2025-07-04 11:10:00] [INFO] Epoch: 3/30, iter: 1430/2438, loss: 0.119, c_loss: 0.579, f_loss: 0.443, facw_loss: 0.119, PIR: 0.767, IR: 0.721, RRE: 1.224, RTE: 0.042, RMSE: 0.021, RR: 1.000, aRR: 1.000, aRR@0.3: 1.000, sRR: 1.000, lr: 7.220e-04, time: 0.150s/0.797s
[2025-07-04 11:10:10] [INFO] Epoch: 3/30, iter: 1440/2438, loss: 0.033, c_loss: 0.580, f_loss: 0.435, facw_loss: 0.033, PIR: 0.788, IR: 0.734, RRE: 1.119, RTE: 0.034, RMSE: 0.019, RR: 1.000, aRR: 1.000, aRR@0.3: 1.000, sRR: 1.000, lr: 7.220e-04, time: 0.150s/0.797s
[2025-07-04 11:10:19] [INFO] Epoch: 3/30, iter: 1450/2438, loss: 0.100, c_loss: 0.579, f_loss: 0.389, facw_loss: 0.100, PIR: 0.774, IR: 0.733, RRE: 1.083, RTE: 0.032, RMSE: 0.018, RR: 1.000, aRR: 1.000, aRR@0.3: 1.000, sRR: 1.000, lr: 7.220e-04, time: 0.150s/0.797s
[2025-07-04 11:10:28] [INFO] Epoch: 3/30, iter: 1460/2438, loss: 0.062, c_loss: 0.579, f_loss: 0.425, facw_loss: 0.062, PIR: 0.755, IR: 0.728, RRE: 1.245, RTE: 0.036, RMSE: 0.020, RR: 1.000, aRR: 1.000, aRR@0.3: 1.000, sRR: 1.000, lr: 7.220e-04, time: 0.150s/0.797s
[2025-07-04 11:10:38] [INFO] Epoch: 3/30, iter: 1470/2438, loss: 0.109, c_loss: 0.580, f_loss: 0.367, facw_loss: 0.109, PIR: 0.754, IR: 0.723, RRE: 1.274, RTE: 0.041, RMSE: 0.024, RR: 1.000, aRR: 1.000, aRR@0.3: 1.000, sRR: 1.000, lr: 7.220e-04, time: 0.150s/0.797s
[2025-07-04 11:10:47] [INFO] Epoch: 3/30, iter: 1480/2438, loss: 0.083, c_loss: 0.579, f_loss: 0.423, facw_loss: 0.083, PIR: 0.765, IR: 0.732, RRE: 1.080, RTE: 0.034, RMSE: 0.018, RR: 1.000, aRR: 1.000, aRR@0.3: 1.000, sRR: 1.000, lr: 7.220e-04, time: 0.150s/0.797s
[2025-07-04 11:10:56] [INFO] Epoch: 3/30, iter: 1490/2438, loss: 0.047, c_loss: 0.580, f_loss: 0.387, facw_loss: 0.047, PIR: 0.734, IR: 0.720, RRE: 1.177, RTE: 0.039, RMSE: 0.020, RR: 1.000, aRR: 1.000, aRR@0.3: 1.000, sRR: 1.000, lr: 7.220e-04, time: 0.150s/0.797s
[2025-07-04 11:11:05] [INFO] Epoch: 3/30, iter: 1500/2438, loss: 0.053, c_loss: 0.580, f_loss: 0.424, facw_loss: 0.053, PIR: 0.761, IR: 0.732, RRE: 1.211, RTE: 0.037, RMSE: 0.021, RR: 1.000, aRR: 1.000, aRR@0.3: 1.000, sRR: 1.000, lr: 7.220e-04, time: 0.150s/0.797s
[2025-07-04 11:11:15] [INFO] Epoch: 3/30, iter: 1510/2438, loss: 0.099, c_loss: 0.580, f_loss: 0.433, facw_loss: 0.099, PIR: 0.762, IR: 0.730, RRE: 1.015, RTE: 0.029, RMSE: 0.018, RR: 1.000, aRR: 1.000, aRR@0.3: 1.000, sRR: 1.000, lr: 7.220e-04, time: 0.150s/0.797s
[2025-07-04 11:11:24] [INFO] Epoch: 3/30, iter: 1520/2438, loss: 0.113, c_loss: 0.575, f_loss: 0.422, facw_loss: 0.113, PIR: 0.804, IR: 0.750, RRE: 1.104, RTE: 0.035, RMSE: 0.019, RR: 1.000, aRR: 1.000, aRR@0.3: 1.000, sRR: 1.000, lr: 7.220e-04, time: 0.150s/0.797s
[2025-07-04 11:11:33] [INFO] Epoch: 3/30, iter: 1530/2438, loss: 0.053, c_loss: 0.576, f_loss: 0.445, facw_loss: 0.053, PIR: 0.766, IR: 0.725, RRE: 1.166, RTE: 0.033, RMSE: 0.019, RR: 1.000, aRR: 1.000, aRR@0.3: 1.000, sRR: 1.000, lr: 7.220e-04, time: 0.150s/0.797s
[2025-07-04 11:11:42] [INFO] Epoch: 3/30, iter: 1540/2438, loss: 0.038, c_loss: 0.579, f_loss: 0.400, facw_loss: 0.038, PIR: 0.740, IR: 0.733, RRE: 1.068, RTE: 0.029, RMSE: 0.016, RR: 1.000, aRR: 1.000, aRR@0.3: 1.000, sRR: 1.000, lr: 7.220e-04, time: 0.150s/0.797s
[2025-07-04 11:11:51] [INFO] Epoch: 3/30, iter: 1550/2438, loss: 0.088, c_loss: 0.582, f_loss: 0.403, facw_loss: 0.088, PIR: 0.713, IR: 0.717, RRE: 1.197, RTE: 0.035, RMSE: 0.020, RR: 1.000, aRR: 1.000, aRR@0.3: 1.000, sRR: 1.000, lr: 7.220e-04, time: 0.150s/0.797s
[2025-07-04 11:12:01] [INFO] Epoch: 3/30, iter: 1560/2438, loss: 0.049, c_loss: 0.580, f_loss: 0.418, facw_loss: 0.049, PIR: 0.753, IR: 0.716, RRE: 1.155, RTE: 0.040, RMSE: 0.021, RR: 1.000, aRR: 1.000, aRR@0.3: 1.000, sRR: 1.000, lr: 7.220e-04, time: 0.150s/0.797s
[2025-07-04 11:12:10] [INFO] Epoch: 3/30, iter: 1570/2438, loss: 0.110, c_loss: 0.576, f_loss: 0.407, facw_loss: 0.110, PIR: 0.776, IR: 0.734, RRE: 1.096, RTE: 0.029, RMSE: 0.019, RR: 1.000, aRR: 1.000, aRR@0.3: 1.000, sRR: 1.000, lr: 7.220e-04, time: 0.150s/0.797s
[2025-07-04 11:12:19] [INFO] Epoch: 3/30, iter: 1580/2438, loss: 0.148, c_loss: 0.579, f_loss: 0.412, facw_loss: 0.148, PIR: 0.788, IR: 0.732, RRE: 1.101, RTE: 0.032, RMSE: 0.019, RR: 1.000, aRR: 1.000, aRR@0.3: 1.000, sRR: 1.000, lr: 7.220e-04, time: 0.149s/0.797s
[2025-07-04 11:12:28] [INFO] Epoch: 3/30, iter: 1590/2438, loss: 0.223, c_loss: 0.574, f_loss: 0.425, facw_loss: 0.223, PIR: 0.757, IR: 0.732, RRE: 1.006, RTE: 0.029, RMSE: 0.016, RR: 1.000, aRR: 1.000, aRR@0.3: 1.000, sRR: 1.000, lr: 7.220e-04, time: 0.149s/0.797s
[2025-07-04 11:12:37] [INFO] Epoch: 3/30, iter: 1600/2438, loss: 0.333, c_loss: 0.580, f_loss: 0.390, facw_loss: 0.333, PIR: 0.723, IR: 0.707, RRE: 1.088, RTE: 0.033, RMSE: 0.018, RR: 1.000, aRR: 1.000, aRR@0.3: 1.000, sRR: 1.000, lr: 7.220e-04, time: 0.149s/0.797s
[2025-07-04 11:12:46] [INFO] Epoch: 3/30, iter: 1610/2438, loss: 0.244, c_loss: 0.581, f_loss: 0.406, facw_loss: 0.244, PIR: 0.714, IR: 0.701, RRE: 1.201, RTE: 0.038, RMSE: 0.021, RR: 1.000, aRR: 1.000, aRR@0.3: 1.000, sRR: 1.000, lr: 7.220e-04, time: 0.149s/0.797s
[2025-07-04 11:12:55] [INFO] Epoch: 3/30, iter: 1620/2438, loss: 0.247, c_loss: 0.579, f_loss: 0.390, facw_loss: 0.247, PIR: 0.726, IR: 0.706, RRE: 2.445, RTE: 0.073, RMSE: 0.043, RR: 0.988, aRR: 1.000, aRR@0.3: 1.000, sRR: 1.000, lr: 7.220e-04, time: 0.149s/0.797s
[2025-07-04 11:13:05] [INFO] Epoch: 3/30, iter: 1630/2438, loss: 0.225, c_loss: 0.582, f_loss: 0.410, facw_loss: 0.225, PIR: 0.689, IR: 0.694, RRE: 1.369, RTE: 0.045, RMSE: 0.023, RR: 1.000, aRR: 1.000, aRR@0.3: 1.000, sRR: 1.000, lr: 7.220e-04, time: 0.149s/0.797s
[2025-07-04 11:13:14] [INFO] Epoch: 3/30, iter: 1640/2438, loss: 0.245, c_loss: 0.578, f_loss: 0.406, facw_loss: 0.245, PIR: 0.698, IR: 0.687, RRE: 1.152, RTE: 0.033, RMSE: 0.019, RR: 1.000, aRR: 1.000, aRR@0.3: 1.000, sRR: 1.000, lr: 7.220e-04, time: 0.149s/0.797s
[2025-07-04 11:13:23] [INFO] Epoch: 3/30, iter: 1650/2438, loss: 0.185, c_loss: 0.579, f_loss: 0.410, facw_loss: 0.185, PIR: 0.742, IR: 0.736, RRE: 1.106, RTE: 0.030, RMSE: 0.018, RR: 1.000, aRR: 1.000, aRR@0.3: 1.000, sRR: 1.000, lr: 7.220e-04, time: 0.149s/0.797s
[2025-07-04 11:13:32] [INFO] Epoch: 3/30, iter: 1660/2438, loss: 0.201, c_loss: 0.576, f_loss: 0.397, facw_loss: 0.201, PIR: 0.746, IR: 0.721, RRE: 1.245, RTE: 0.040, RMSE: 0.021, RR: 1.000, aRR: 1.000, aRR@0.3: 1.000, sRR: 1.000, lr: 7.220e-04, time: 0.149s/0.797s
[2025-07-04 11:13:41] [INFO] Epoch: 3/30, iter: 1670/2438, loss: 0.211, c_loss: 0.578, f_loss: 0.414, facw_loss: 0.211, PIR: 0.741, IR: 0.707, RRE: 1.159, RTE: 0.035, RMSE: 0.019, RR: 1.000, aRR: 1.000, aRR@0.3: 1.000, sRR: 1.000, lr: 7.220e-04, time: 0.149s/0.797s
[2025-07-04 11:13:50] [INFO] Epoch: 3/30, iter: 1680/2438, loss: 0.279, c_loss: 0.574, f_loss: 0.408, facw_loss: 0.279, PIR: 0.752, IR: 0.724, RRE: 1.106, RTE: 0.035, RMSE: 0.019, RR: 1.000, aRR: 1.000, aRR@0.3: 1.000, sRR: 1.000, lr: 7.220e-04, time: 0.149s/0.797s
[2025-07-04 11:13:59] [INFO] Epoch: 3/30, iter: 1690/2438, loss: 0.240, c_loss: 0.579, f_loss: 0.366, facw_loss: 0.240, PIR: 0.710, IR: 0.702, RRE: 1.276, RTE: 0.036, RMSE: 0.022, RR: 1.000, aRR: 1.000, aRR@0.3: 1.000, sRR: 1.000, lr: 7.220e-04, time: 0.149s/0.797s
[2025-07-04 11:14:08] [INFO] Epoch: 3/30, iter: 1700/2438, loss: 0.252, c_loss: 0.579, f_loss: 0.396, facw_loss: 0.252, PIR: 0.725, IR: 0.725, RRE: 1.210, RTE: 0.037, RMSE: 0.020, RR: 1.000, aRR: 1.000, aRR@0.3: 1.000, sRR: 1.000, lr: 7.220e-04, time: 0.149s/0.797s
[2025-07-04 11:14:17] [INFO] Epoch: 3/30, iter: 1710/2438, loss: 0.284, c_loss: 0.581, f_loss: 0.376, facw_loss: 0.284, PIR: 0.694, IR: 0.683, RRE: 1.274, RTE: 0.041, RMSE: 0.022, RR: 1.000, aRR: 1.000, aRR@0.3: 1.000, sRR: 1.000, lr: 7.220e-04, time: 0.149s/0.797s
[2025-07-04 11:14:27] [INFO] Epoch: 3/30, iter: 1720/2438, loss: 0.218, c_loss: 0.580, f_loss: 0.445, facw_loss: 0.218, PIR: 0.776, IR: 0.734, RRE: 1.213, RTE: 0.035, RMSE: 0.020, RR: 1.000, aRR: 1.000, aRR@0.3: 1.000, sRR: 1.000, lr: 7.220e-04, time: 0.149s/0.797s
[2025-07-04 11:14:36] [INFO] Epoch: 3/30, iter: 1730/2438, loss: 0.349, c_loss: 0.577, f_loss: 0.397, facw_loss: 0.349, PIR: 0.707, IR: 0.712, RRE: 1.292, RTE: 0.038, RMSE: 0.021, RR: 1.000, aRR: 1.000, aRR@0.3: 1.000, sRR: 1.000, lr: 7.220e-04, time: 0.149s/0.797s
[2025-07-04 11:14:45] [INFO] Epoch: 3/30, iter: 1740/2438, loss: 0.270, c_loss: 0.583, f_loss: 0.376, facw_loss: 0.270, PIR: 0.721, IR: 0.690, RRE: 1.235, RTE: 0.041, RMSE: 0.022, RR: 1.000, aRR: 1.000, aRR@0.3: 1.000, sRR: 1.000, lr: 7.220e-04, time: 0.149s/0.797s
[2025-07-04 11:14:54] [INFO] Epoch: 3/30, iter: 1750/2438, loss: 0.243, c_loss: 0.578, f_loss: 0.393, facw_loss: 0.243, PIR: 0.758, IR: 0.721, RRE: 1.169, RTE: 0.034, RMSE: 0.019, RR: 1.000, aRR: 1.000, aRR@0.3: 1.000, sRR: 1.000, lr: 7.220e-04, time: 0.149s/0.797s
[2025-07-04 11:15:03] [INFO] Epoch: 3/30, iter: 1760/2438, loss: 0.312, c_loss: 0.581, f_loss: 0.387, facw_loss: 0.312, PIR: 0.745, IR: 0.719, RRE: 1.037, RTE: 0.037, RMSE: 0.020, RR: 1.000, aRR: 1.000, aRR@0.3: 1.000, sRR: 1.000, lr: 7.220e-04, time: 0.149s/0.797s
[2025-07-04 11:15:11] [INFO] Epoch: 3/30, iter: 1770/2438, loss: 0.252, c_loss: 0.577, f_loss: 0.418, facw_loss: 0.252, PIR: 0.743, IR: 0.721, RRE: 1.328, RTE: 0.038, RMSE: 0.021, RR: 1.000, aRR: 1.000, aRR@0.3: 1.000, sRR: 1.000, lr: 7.220e-04, time: 0.149s/0.797s
[2025-07-04 11:15:21] [INFO] Epoch: 3/30, iter: 1780/2438, loss: 0.281, c_loss: 0.583, f_loss: 0.390, facw_loss: 0.281, PIR: 0.731, IR: 0.706, RRE: 1.238, RTE: 0.039, RMSE: 0.022, RR: 1.000, aRR: 1.000, aRR@0.3: 1.000, sRR: 1.000, lr: 7.220e-04, time: 0.149s/0.797s
[2025-07-04 11:15:30] [INFO] Epoch: 3/30, iter: 1790/2438, loss: 0.221, c_loss: 0.578, f_loss: 0.398, facw_loss: 0.221, PIR: 0.746, IR: 0.724, RRE: 1.077, RTE: 0.033, RMSE: 0.018, RR: 1.000, aRR: 1.000, aRR@0.3: 1.000, sRR: 1.000, lr: 7.220e-04, time: 0.148s/0.797s
[2025-07-04 11:15:39] [INFO] Epoch: 3/30, iter: 1800/2438, loss: 0.204, c_loss: 0.578, f_loss: 0.391, facw_loss: 0.204, PIR: 0.769, IR: 0.744, RRE: 1.199, RTE: 0.036, RMSE: 0.021, RR: 1.000, aRR: 1.000, aRR@0.3: 1.000, sRR: 1.000, lr: 7.220e-04, time: 0.148s/0.797s
[2025-07-04 11:15:48] [INFO] Epoch: 3/30, iter: 1810/2438, loss: 0.211, c_loss: 0.579, f_loss: 0.431, facw_loss: 0.211, PIR: 0.743, IR: 0.724, RRE: 1.243, RTE: 0.040, RMSE: 0.020, RR: 1.000, aRR: 1.000, aRR@0.3: 1.000, sRR: 1.000, lr: 7.220e-04, time: 0.148s/0.797s
[2025-07-04 11:15:57] [INFO] Epoch: 3/30, iter: 1820/2438, loss: 0.240, c_loss: 0.580, f_loss: 0.450, facw_loss: 0.240, PIR: 0.783, IR: 0.728, RRE: 1.130, RTE: 0.029, RMSE: 0.018, RR: 1.000, aRR: 1.000, aRR@0.3: 1.000, sRR: 1.000, lr: 7.220e-04, time: 0.148s/0.797s
[2025-07-04 11:16:06] [INFO] Epoch: 3/30, iter: 1830/2438, loss: 0.318, c_loss: 0.578, f_loss: 0.397, facw_loss: 0.318, PIR: 0.731, IR: 0.723, RRE: 1.298, RTE: 0.039, RMSE: 0.020, RR: 1.000, aRR: 1.000, aRR@0.3: 1.000, sRR: 1.000, lr: 7.220e-04, time: 0.148s/0.797s
[2025-07-04 11:16:15] [INFO] Epoch: 3/30, iter: 1840/2438, loss: 0.263, c_loss: 0.579, f_loss: 0.415, facw_loss: 0.263, PIR: 0.757, IR: 0.726, RRE: 1.145, RTE: 0.035, RMSE: 0.019, RR: 1.000, aRR: 1.000, aRR@0.3: 1.000, sRR: 1.000, lr: 7.220e-04, time: 0.148s/0.797s
[2025-07-04 11:16:24] [INFO] Epoch: 3/30, iter: 1850/2438, loss: 0.304, c_loss: 0.580, f_loss: 0.384, facw_loss: 0.304, PIR: 0.707, IR: 0.705, RRE: 1.188, RTE: 0.040, RMSE: 0.021, RR: 1.000, aRR: 1.000, aRR@0.3: 1.000, sRR: 1.000, lr: 7.220e-04, time: 0.148s/0.797s
[2025-07-04 11:16:33] [INFO] Epoch: 3/30, iter: 1860/2438, loss: 0.250, c_loss: 0.578, f_loss: 0.407, facw_loss: 0.250, PIR: 0.743, IR: 0.716, RRE: 1.050, RTE: 0.034, RMSE: 0.019, RR: 1.000, aRR: 1.000, aRR@0.3: 1.000, sRR: 1.000, lr: 7.220e-04, time: 0.148s/0.797s
[2025-07-04 11:16:43] [INFO] Epoch: 3/30, iter: 1870/2438, loss: 0.281, c_loss: 0.580, f_loss: 0.388, facw_loss: 0.281, PIR: 0.736, IR: 0.719, RRE: 0.942, RTE: 0.027, RMSE: 0.016, RR: 1.000, aRR: 1.000, aRR@0.3: 1.000, sRR: 1.000, lr: 7.220e-04, time: 0.148s/0.797s
[2025-07-04 11:16:52] [INFO] Epoch: 3/30, iter: 1880/2438, loss: 0.277, c_loss: 0.578, f_loss: 0.404, facw_loss: 0.277, PIR: 0.738, IR: 0.717, RRE: 1.372, RTE: 0.040, RMSE: 0.021, RR: 1.000, aRR: 1.000, aRR@0.3: 1.000, sRR: 1.000, lr: 7.220e-04, time: 0.148s/0.797s
[2025-07-04 11:17:01] [INFO] Epoch: 3/30, iter: 1890/2438, loss: 0.219, c_loss: 0.578, f_loss: 0.428, facw_loss: 0.219, PIR: 0.781, IR: 0.721, RRE: 1.120, RTE: 0.035, RMSE: 0.019, RR: 1.000, aRR: 1.000, aRR@0.3: 1.000, sRR: 1.000, lr: 7.220e-04, time: 0.148s/0.797s
[2025-07-04 11:17:10] [INFO] Epoch: 3/30, iter: 1900/2438, loss: 0.177, c_loss: 0.579, f_loss: 0.469, facw_loss: 0.177, PIR: 0.785, IR: 0.748, RRE: 1.257, RTE: 0.042, RMSE: 0.020, RR: 1.000, aRR: 1.000, aRR@0.3: 1.000, sRR: 1.000, lr: 7.220e-04, time: 0.148s/0.797s
[2025-07-04 11:17:19] [INFO] Epoch: 3/30, iter: 1910/2438, loss: 0.217, c_loss: 0.579, f_loss: 0.410, facw_loss: 0.217, PIR: 0.739, IR: 0.716, RRE: 1.096, RTE: 0.033, RMSE: 0.019, RR: 1.000, aRR: 1.000, aRR@0.3: 1.000, sRR: 1.000, lr: 7.220e-04, time: 0.148s/0.797s
[2025-07-04 11:17:28] [INFO] Epoch: 3/30, iter: 1920/2438, loss: 0.189, c_loss: 0.576, f_loss: 0.429, facw_loss: 0.189, PIR: 0.768, IR: 0.758, RRE: 1.128, RTE: 0.029, RMSE: 0.017, RR: 1.000, aRR: 1.000, aRR@0.3: 1.000, sRR: 1.000, lr: 7.220e-04, time: 0.148s/0.797s
[2025-07-04 11:17:37] [INFO] Epoch: 3/30, iter: 1930/2438, loss: 0.168, c_loss: 0.582, f_loss: 0.428, facw_loss: 0.168, PIR: 0.777, IR: 0.734, RRE: 1.195, RTE: 0.038, RMSE: 0.020, RR: 1.000, aRR: 1.000, aRR@0.3: 1.000, sRR: 1.000, lr: 7.220e-04, time: 0.148s/0.797s
[2025-07-04 11:17:46] [INFO] Epoch: 3/30, iter: 1940/2438, loss: 0.159, c_loss: 0.577, f_loss: 0.449, facw_loss: 0.159, PIR: 0.786, IR: 0.744, RRE: 2.278, RTE: 0.064, RMSE: 0.034, RR: 0.988, aRR: 1.000, aRR@0.3: 1.000, sRR: 1.000, lr: 7.220e-04, time: 0.148s/0.797s
[2025-07-04 11:17:56] [INFO] Epoch: 3/30, iter: 1950/2438, loss: 0.225, c_loss: 0.581, f_loss: 0.452, facw_loss: 0.225, PIR: 0.746, IR: 0.723, RRE: 2.571, RTE: 0.047, RMSE: 0.039, RR: 0.988, aRR: 1.000, aRR@0.3: 1.000, sRR: 1.000, lr: 7.220e-04, time: 0.148s/0.797s
[2025-07-04 11:18:04] [INFO] Epoch: 3/30, iter: 1960/2438, loss: 0.217, c_loss: 0.573, f_loss: 0.420, facw_loss: 0.217, PIR: 0.774, IR: 0.751, RRE: 1.135, RTE: 0.034, RMSE: 0.018, RR: 1.000, aRR: 1.000, aRR@0.3: 1.000, sRR: 1.000, lr: 7.220e-04, time: 0.148s/0.797s
[2025-07-04 11:18:14] [INFO] Epoch: 3/30, iter: 1970/2438, loss: 0.279, c_loss: 0.576, f_loss: 0.410, facw_loss: 0.279, PIR: 0.788, IR: 0.741, RRE: 1.176, RTE: 0.034, RMSE: 0.020, RR: 1.000, aRR: 1.000, aRR@0.3: 1.000, sRR: 1.000, lr: 7.220e-04, time: 0.148s/0.797s
[2025-07-04 11:18:23] [INFO] Epoch: 3/30, iter: 1980/2438, loss: 0.269, c_loss: 0.574, f_loss: 0.396, facw_loss: 0.269, PIR: 0.677, IR: 0.706, RRE: 1.128, RTE: 0.032, RMSE: 0.018, RR: 1.000, aRR: 1.000, aRR@0.3: 1.000, sRR: 1.000, lr: 7.220e-04, time: 0.148s/0.797s
[2025-07-04 11:18:32] [INFO] Epoch: 3/30, iter: 1990/2438, loss: 0.229, c_loss: 0.577, f_loss: 0.395, facw_loss: 0.229, PIR: 0.756, IR: 0.731, RRE: 1.191, RTE: 0.033, RMSE: 0.020, RR: 1.000, aRR: 1.000, aRR@0.3: 1.000, sRR: 1.000, lr: 7.220e-04, time: 0.147s/0.797s
[2025-07-04 11:18:41] [INFO] Epoch: 3/30, iter: 2000/2438, loss: 0.249, c_loss: 0.578, f_loss: 0.395, facw_loss: 0.249, PIR: 0.732, IR: 0.710, RRE: 1.224, RTE: 0.036, RMSE: 0.021, RR: 1.000, aRR: 1.000, aRR@0.3: 1.000, sRR: 1.000, lr: 7.220e-04, time: 0.147s/0.797s
[2025-07-04 11:18:50] [INFO] Epoch: 3/30, iter: 2010/2438, loss: 0.251, c_loss: 0.578, f_loss: 0.388, facw_loss: 0.251, PIR: 0.744, IR: 0.717, RRE: 1.106, RTE: 0.032, RMSE: 0.019, RR: 1.000, aRR: 1.000, aRR@0.3: 1.000, sRR: 1.000, lr: 7.220e-04, time: 0.147s/0.797s
[2025-07-04 11:18:59] [INFO] Epoch: 3/30, iter: 2020/2438, loss: 0.263, c_loss: 0.578, f_loss: 0.402, facw_loss: 0.263, PIR: 0.750, IR: 0.730, RRE: 1.131, RTE: 0.033, RMSE: 0.018, RR: 1.000, aRR: 1.000, aRR@0.3: 1.000, sRR: 1.000, lr: 7.220e-04, time: 0.147s/0.797s
[2025-07-04 11:19:08] [INFO] Epoch: 3/30, iter: 2030/2438, loss: 0.260, c_loss: 0.579, f_loss: 0.427, facw_loss: 0.260, PIR: 0.746, IR: 0.722, RRE: 1.174, RTE: 0.037, RMSE: 0.019, RR: 1.000, aRR: 1.000, aRR@0.3: 1.000, sRR: 1.000, lr: 7.220e-04, time: 0.147s/0.797s
[2025-07-04 11:19:18] [INFO] Epoch: 3/30, iter: 2040/2438, loss: 0.279, c_loss: 0.579, f_loss: 0.399, facw_loss: 0.279, PIR: 0.755, IR: 0.734, RRE: 1.287, RTE: 0.039, RMSE: 0.020, RR: 1.000, aRR: 1.000, aRR@0.3: 1.000, sRR: 1.000, lr: 7.220e-04, time: 0.147s/0.797s
[2025-07-04 11:19:26] [INFO] Epoch: 3/30, iter: 2050/2438, loss: 0.202, c_loss: 0.579, f_loss: 0.421, facw_loss: 0.202, PIR: 0.767, IR: 0.715, RRE: 1.148, RTE: 0.036, RMSE: 0.020, RR: 1.000, aRR: 1.000, aRR@0.3: 1.000, sRR: 1.000, lr: 7.220e-04, time: 0.147s/0.797s
[2025-07-04 11:19:35] [INFO] Epoch: 3/30, iter: 2060/2438, loss: 0.229, c_loss: 0.579, f_loss: 0.439, facw_loss: 0.229, PIR: 0.780, IR: 0.734, RRE: 1.096, RTE: 0.030, RMSE: 0.018, RR: 1.000, aRR: 1.000, aRR@0.3: 1.000, sRR: 1.000, lr: 7.220e-04, time: 0.147s/0.797s
[2025-07-04 11:19:45] [INFO] Epoch: 3/30, iter: 2070/2438, loss: 0.213, c_loss: 0.582, f_loss: 0.388, facw_loss: 0.213, PIR: 0.734, IR: 0.704, RRE: 1.278, RTE: 0.039, RMSE: 0.022, RR: 1.000, aRR: 1.000, aRR@0.3: 1.000, sRR: 1.000, lr: 7.220e-04, time: 0.147s/0.797s
[2025-07-04 11:19:54] [INFO] Epoch: 3/30, iter: 2080/2438, loss: 0.253, c_loss: 0.582, f_loss: 0.421, facw_loss: 0.253, PIR: 0.720, IR: 0.704, RRE: 1.313, RTE: 0.040, RMSE: 0.022, RR: 1.000, aRR: 1.000, aRR@0.3: 1.000, sRR: 1.000, lr: 7.220e-04, time: 0.147s/0.797s
[2025-07-04 11:20:03] [INFO] Epoch: 3/30, iter: 2090/2438, loss: 0.298, c_loss: 0.577, f_loss: 0.408, facw_loss: 0.298, PIR: 0.784, IR: 0.760, RRE: 1.193, RTE: 0.032, RMSE: 0.017, RR: 1.000, aRR: 1.000, aRR@0.3: 1.000, sRR: 1.000, lr: 7.220e-04, time: 0.147s/0.797s
[2025-07-04 11:20:12] [INFO] Epoch: 3/30, iter: 2100/2438, loss: 0.230, c_loss: 0.575, f_loss: 0.411, facw_loss: 0.230, PIR: 0.750, IR: 0.720, RRE: 1.153, RTE: 0.029, RMSE: 0.019, RR: 1.000, aRR: 1.000, aRR@0.3: 1.000, sRR: 1.000, lr: 7.220e-04, time: 0.147s/0.797s
[2025-07-04 11:20:21] [INFO] Epoch: 3/30, iter: 2110/2438, loss: 0.214, c_loss: 0.579, f_loss: 0.397, facw_loss: 0.214, PIR: 0.743, IR: 0.723, RRE: 1.164, RTE: 0.033, RMSE: 0.018, RR: 1.000, aRR: 1.000, aRR@0.3: 1.000, sRR: 1.000, lr: 7.220e-04, time: 0.147s/0.797s
[2025-07-04 11:20:30] [INFO] Epoch: 3/30, iter: 2120/2438, loss: 0.168, c_loss: 0.579, f_loss: 0.398, facw_loss: 0.168, PIR: 0.733, IR: 0.713, RRE: 1.157, RTE: 0.031, RMSE: 0.018, RR: 1.000, aRR: 1.000, aRR@0.3: 1.000, sRR: 1.000, lr: 7.220e-04, time: 0.147s/0.797s
[2025-07-04 11:20:39] [INFO] Epoch: 3/30, iter: 2130/2438, loss: 0.276, c_loss: 0.576, f_loss: 0.403, facw_loss: 0.276, PIR: 0.749, IR: 0.708, RRE: 1.299, RTE: 0.039, RMSE: 0.021, RR: 1.000, aRR: 1.000, aRR@0.3: 1.000, sRR: 1.000, lr: 7.220e-04, time: 0.147s/0.797s
[2025-07-04 11:20:48] [INFO] Epoch: 3/30, iter: 2140/2438, loss: 0.205, c_loss: 0.580, f_loss: 0.410, facw_loss: 0.205, PIR: 0.720, IR: 0.697, RRE: 1.119, RTE: 0.036, RMSE: 0.021, RR: 1.000, aRR: 1.000, aRR@0.3: 1.000, sRR: 1.000, lr: 7.220e-04, time: 0.147s/0.797s
[2025-07-04 11:20:58] [INFO] Epoch: 3/30, iter: 2150/2438, loss: 0.280, c_loss: 0.584, f_loss: 0.381, facw_loss: 0.280, PIR: 0.727, IR: 0.701, RRE: 3.324, RTE: 0.083, RMSE: 0.057, RR: 0.988, aRR: 1.000, aRR@0.3: 1.000, sRR: 1.000, lr: 7.220e-04, time: 0.147s/0.797s
[2025-07-04 11:21:07] [INFO] Epoch: 3/30, iter: 2160/2438, loss: 0.221, c_loss: 0.579, f_loss: 0.424, facw_loss: 0.221, PIR: 0.759, IR: 0.723, RRE: 1.295, RTE: 0.043, RMSE: 0.022, RR: 1.000, aRR: 1.000, aRR@0.3: 1.000, sRR: 1.000, lr: 7.220e-04, time: 0.147s/0.797s
[2025-07-04 11:21:16] [INFO] Epoch: 3/30, iter: 2170/2438, loss: 0.254, c_loss: 0.576, f_loss: 0.448, facw_loss: 0.254, PIR: 0.779, IR: 0.723, RRE: 1.227, RTE: 0.035, RMSE: 0.021, RR: 1.000, aRR: 1.000, aRR@0.3: 1.000, sRR: 1.000, lr: 7.220e-04, time: 0.147s/0.797s
[2025-07-04 11:21:25] [INFO] Epoch: 3/30, iter: 2180/2438, loss: 0.263, c_loss: 0.577, f_loss: 0.432, facw_loss: 0.263, PIR: 0.742, IR: 0.716, RRE: 1.739, RTE: 0.047, RMSE: 0.028, RR: 0.988, aRR: 1.000, aRR@0.3: 1.000, sRR: 1.000, lr: 7.220e-04, time: 0.147s/0.797s
[2025-07-04 11:21:34] [INFO] Epoch: 3/30, iter: 2190/2438, loss: 0.243, c_loss: 0.581, f_loss: 0.431, facw_loss: 0.243, PIR: 0.750, IR: 0.717, RRE: 1.099, RTE: 0.033, RMSE: 0.018, RR: 1.000, aRR: 1.000, aRR@0.3: 1.000, sRR: 1.000, lr: 7.220e-04, time: 0.146s/0.797s
[2025-07-04 11:21:43] [INFO] Epoch: 3/30, iter: 2200/2438, loss: 0.243, c_loss: 0.579, f_loss: 0.413, facw_loss: 0.243, PIR: 0.733, IR: 0.699, RRE: 1.235, RTE: 0.038, RMSE: 0.021, RR: 1.000, aRR: 1.000, aRR@0.3: 1.000, sRR: 1.000, lr: 7.220e-04, time: 0.146s/0.797s
[2025-07-04 11:21:52] [INFO] Epoch: 3/30, iter: 2210/2438, loss: 0.225, c_loss: 0.578, f_loss: 0.392, facw_loss: 0.225, PIR: 0.738, IR: 0.705, RRE: 1.120, RTE: 0.033, RMSE: 0.018, RR: 1.000, aRR: 1.000, aRR@0.3: 1.000, sRR: 1.000, lr: 7.220e-04, time: 0.146s/0.797s
[2025-07-04 11:22:01] [INFO] Epoch: 3/30, iter: 2220/2438, loss: 0.255, c_loss: 0.579, f_loss: 0.408, facw_loss: 0.255, PIR: 0.749, IR: 0.708, RRE: 1.080, RTE: 0.031, RMSE: 0.019, RR: 1.000, aRR: 1.000, aRR@0.3: 1.000, sRR: 1.000, lr: 7.220e-04, time: 0.146s/0.797s
[2025-07-04 11:22:10] [INFO] Epoch: 3/30, iter: 2230/2438, loss: 0.292, c_loss: 0.581, f_loss: 0.390, facw_loss: 0.292, PIR: 0.738, IR: 0.703, RRE: 1.199, RTE: 0.037, RMSE: 0.022, RR: 1.000, aRR: 1.000, aRR@0.3: 1.000, sRR: 1.000, lr: 7.220e-04, time: 0.146s/0.797s
[2025-07-04 11:22:19] [INFO] Epoch: 3/30, iter: 2240/2438, loss: 0.314, c_loss: 0.578, f_loss: 0.423, facw_loss: 0.314, PIR: 0.774, IR: 0.727, RRE: 1.222, RTE: 0.036, RMSE: 0.021, RR: 1.000, aRR: 1.000, aRR@0.3: 1.000, sRR: 1.000, lr: 7.220e-04, time: 0.146s/0.797s
[2025-07-04 11:22:29] [INFO] Epoch: 3/30, iter: 2250/2438, loss: 0.300, c_loss: 0.579, f_loss: 0.404, facw_loss: 0.300, PIR: 0.746, IR: 0.716, RRE: 1.164, RTE: 0.038, RMSE: 0.021, RR: 1.000, aRR: 1.000, aRR@0.3: 1.000, sRR: 1.000, lr: 7.220e-04, time: 0.146s/0.797s
[2025-07-04 11:22:37] [INFO] Epoch: 3/30, iter: 2260/2438, loss: 0.249, c_loss: 0.581, f_loss: 0.422, facw_loss: 0.249, PIR: 0.760, IR: 0.712, RRE: 1.353, RTE: 0.043, RMSE: 0.023, RR: 1.000, aRR: 1.000, aRR@0.3: 1.000, sRR: 1.000, lr: 7.220e-04, time: 0.146s/0.797s
[2025-07-04 11:22:47] [INFO] Epoch: 3/30, iter: 2270/2438, loss: 0.252, c_loss: 0.582, f_loss: 0.411, facw_loss: 0.252, PIR: 0.756, IR: 0.715, RRE: 1.261, RTE: 0.043, RMSE: 0.022, RR: 1.000, aRR: 1.000, aRR@0.3: 1.000, sRR: 1.000, lr: 7.220e-04, time: 0.146s/0.797s
[2025-07-04 11:22:56] [INFO] Epoch: 3/30, iter: 2280/2438, loss: 0.278, c_loss: 0.579, f_loss: 0.406, facw_loss: 0.278, PIR: 0.715, IR: 0.700, RRE: 1.323, RTE: 0.045, RMSE: 0.022, RR: 1.000, aRR: 1.000, aRR@0.3: 1.000, sRR: 1.000, lr: 7.220e-04, time: 0.146s/0.797s
[2025-07-04 11:23:05] [INFO] Epoch: 3/30, iter: 2290/2438, loss: 0.129, c_loss: 0.579, f_loss: 0.458, facw_loss: 0.129, PIR: 0.778, IR: 0.735, RRE: 1.085, RTE: 0.032, RMSE: 0.018, RR: 1.000, aRR: 1.000, aRR@0.3: 1.000, sRR: 1.000, lr: 7.220e-04, time: 0.146s/0.797s
[2025-07-04 11:23:15] [INFO] Epoch: 3/30, iter: 2300/2438, loss: 0.321, c_loss: 0.581, f_loss: 0.380, facw_loss: 0.321, PIR: 0.708, IR: 0.691, RRE: 1.158, RTE: 0.033, RMSE: 0.020, RR: 1.000, aRR: 1.000, aRR@0.3: 1.000, sRR: 1.000, lr: 7.220e-04, time: 0.146s/0.797s
[2025-07-04 11:23:24] [INFO] Epoch: 3/30, iter: 2310/2438, loss: 0.260, c_loss: 0.580, f_loss: 0.419, facw_loss: 0.260, PIR: 0.741, IR: 0.714, RRE: 1.222, RTE: 0.037, RMSE: 0.020, RR: 1.000, aRR: 1.000, aRR@0.3: 1.000, sRR: 1.000, lr: 7.220e-04, time: 0.146s/0.797s
[2025-07-04 11:23:33] [INFO] Epoch: 3/30, iter: 2320/2438, loss: 0.236, c_loss: 0.581, f_loss: 0.392, facw_loss: 0.236, PIR: 0.765, IR: 0.715, RRE: 1.202, RTE: 0.034, RMSE: 0.020, RR: 1.000, aRR: 1.000, aRR@0.3: 1.000, sRR: 1.000, lr: 7.220e-04, time: 0.146s/0.797s
[2025-07-04 11:23:42] [INFO] Epoch: 3/30, iter: 2330/2438, loss: 0.268, c_loss: 0.579, f_loss: 0.391, facw_loss: 0.268, PIR: 0.722, IR: 0.709, RRE: 1.857, RTE: 0.049, RMSE: 0.030, RR: 0.988, aRR: 1.000, aRR@0.3: 1.000, sRR: 1.000, lr: 7.220e-04, time: 0.146s/0.797s
[2025-07-04 11:23:51] [INFO] Epoch: 3/30, iter: 2340/2438, loss: 0.303, c_loss: 0.583, f_loss: 0.384, facw_loss: 0.303, PIR: 0.738, IR: 0.693, RRE: 1.091, RTE: 0.037, RMSE: 0.021, RR: 1.000, aRR: 1.000, aRR@0.3: 1.000, sRR: 1.000, lr: 7.220e-04, time: 0.146s/0.797s
[2025-07-04 11:24:00] [INFO] Epoch: 3/30, iter: 2350/2438, loss: 0.319, c_loss: 0.580, f_loss: 0.381, facw_loss: 0.319, PIR: 0.707, IR: 0.695, RRE: 1.180, RTE: 0.038, RMSE: 0.021, RR: 1.000, aRR: 1.000, aRR@0.3: 1.000, sRR: 1.000, lr: 7.220e-04, time: 0.146s/0.797s
[2025-07-04 11:24:09] [INFO] Epoch: 3/30, iter: 2360/2438, loss: 0.254, c_loss: 0.578, f_loss: 0.441, facw_loss: 0.254, PIR: 0.762, IR: 0.728, RRE: 1.213, RTE: 0.039, RMSE: 0.020, RR: 1.000, aRR: 1.000, aRR@0.3: 1.000, sRR: 1.000, lr: 7.220e-04, time: 0.146s/0.797s
[2025-07-04 11:24:18] [INFO] Epoch: 3/30, iter: 2370/2438, loss: 0.219, c_loss: 0.576, f_loss: 0.406, facw_loss: 0.219, PIR: 0.747, IR: 0.734, RRE: 1.129, RTE: 0.036, RMSE: 0.019, RR: 1.000, aRR: 1.000, aRR@0.3: 1.000, sRR: 1.000, lr: 7.220e-04, time: 0.146s/0.797s
[2025-07-04 11:24:27] [INFO] Epoch: 3/30, iter: 2380/2438, loss: 0.225, c_loss: 0.578, f_loss: 0.413, facw_loss: 0.225, PIR: 0.731, IR: 0.715, RRE: 1.206, RTE: 0.036, RMSE: 0.019, RR: 1.000, aRR: 1.000, aRR@0.3: 1.000, sRR: 1.000, lr: 7.220e-04, time: 0.146s/0.797s
[2025-07-04 11:24:36] [INFO] Epoch: 3/30, iter: 2390/2438, loss: 0.294, c_loss: 0.577, f_loss: 0.389, facw_loss: 0.294, PIR: 0.722, IR: 0.723, RRE: 1.240, RTE: 0.040, RMSE: 0.021, RR: 1.000, aRR: 1.000, aRR@0.3: 1.000, sRR: 1.000, lr: 7.220e-04, time: 0.146s/0.797s
[2025-07-04 11:24:46] [INFO] Epoch: 3/30, iter: 2400/2438, loss: 0.284, c_loss: 0.582, f_loss: 0.387, facw_loss: 0.284, PIR: 0.758, IR: 0.722, RRE: 1.198, RTE: 0.038, RMSE: 0.020, RR: 1.000, aRR: 1.000, aRR@0.3: 1.000, sRR: 1.000, lr: 7.220e-04, time: 0.146s/0.797s
[2025-07-04 11:24:55] [INFO] Epoch: 3/30, iter: 2410/2438, loss: 0.238, c_loss: 0.575, f_loss: 0.426, facw_loss: 0.238, PIR: 0.765, IR: 0.737, RRE: 1.171, RTE: 0.031, RMSE: 0.017, RR: 1.000, aRR: 1.000, aRR@0.3: 1.000, sRR: 1.000, lr: 7.220e-04, time: 0.146s/0.797s
[2025-07-04 11:25:05] [INFO] Epoch: 3/30, iter: 2420/2438, loss: 0.196, c_loss: 0.582, f_loss: 0.400, facw_loss: 0.196, PIR: 0.753, IR: 0.714, RRE: 1.175, RTE: 0.036, RMSE: 0.019, RR: 1.000, aRR: 1.000, aRR@0.3: 1.000, sRR: 1.000, lr: 7.220e-04, time: 0.146s/0.797s
[2025-07-04 11:25:13] [INFO] Epoch: 3/30, iter: 2430/2438, loss: 0.234, c_loss: 0.575, f_loss: 0.399, facw_loss: 0.234, PIR: 0.743, IR: 0.718, RRE: 1.170, RTE: 0.030, RMSE: 0.018, RR: 1.000, aRR: 1.000, aRR@0.3: 1.000, sRR: 1.000, lr: 7.220e-04, time: 0.146s/0.797s
[2025-07-04 11:25:21] [CRIT] Epoch: 3, loss: 0.200, c_loss: 0.576, f_loss: 0.404, facw_loss: 0.200, PIR: 0.747, IR: 0.738, RRE: 1.186, RTE: 0.032, RMSE: 0.019, RR: 1.000, aRR: 1.000, aRR@0.3: 1.000, sRR: 1.000, time: 0.146s/0.797s
[2025-07-04 11:25:21] [INFO] Model saved to "/root/SOAR/output/SOAR/snapshots/epoch-3.pth.tar"
[2025-07-04 11:25:21] [INFO] Snapshot saved to "/root/SOAR/output/SOAR/snapshots/snapshot.pth.tar"
[2025-07-04 11:27:00] [CRIT] [Val] Epoch: 3, loss: 0.360, c_loss: 0.700, f_loss: 1.919, facw_loss: 0.360, PIR: 0.898, IR: 0.800, RRE: 10.534, RTE: 0.124, RMSE: 0.099, RR: 0.936, aRR: 0.955, aRR@0.3: 0.955, sRR: 0.955, time: 0.193s/0.430s
[2025-07-04 11:27:11] [INFO] Epoch: 4/30, iter: 10/2438, loss: 0.264, c_loss: 0.578, f_loss: 0.396, facw_loss: 0.264, PIR: 0.725, IR: 0.706, RRE: 1.182, RTE: 0.032, RMSE: 0.019, RR: 1.000, aRR: 1.000, aRR@0.3: 1.000, sRR: 1.000, lr: 6.859e-04, time: 0.159s/0.797s
[2025-07-04 11:27:21] [INFO] Epoch: 4/30, iter: 20/2438, loss: 0.290, c_loss: 0.577, f_loss: 0.433, facw_loss: 0.290, PIR: 0.777, IR: 0.741, RRE: 1.125, RTE: 0.033, RMSE: 0.018, RR: 1.000, aRR: 1.000, aRR@0.3: 1.000, sRR: 1.000, lr: 6.859e-04, time: 0.159s/0.797s
[2025-07-04 11:27:30] [INFO] Epoch: 4/30, iter: 30/2438, loss: 0.201, c_loss: 0.582, f_loss: 0.398, facw_loss: 0.201, PIR: 0.751, IR: 0.721, RRE: 1.263, RTE: 0.045, RMSE: 0.022, RR: 1.000, aRR: 1.000, aRR@0.3: 1.000, sRR: 1.000, lr: 6.859e-04, time: 0.159s/0.797s
[2025-07-04 11:27:39] [INFO] Epoch: 4/30, iter: 40/2438, loss: 0.254, c_loss: 0.578, f_loss: 0.384, facw_loss: 0.254, PIR: 0.709, IR: 0.697, RRE: 1.215, RTE: 0.038, RMSE: 0.020, RR: 1.000, aRR: 1.000, aRR@0.3: 1.000, sRR: 1.000, lr: 6.859e-04, time: 0.159s/0.797s
[2025-07-04 11:27:48] [INFO] Epoch: 4/30, iter: 50/2438, loss: 0.243, c_loss: 0.582, f_loss: 0.430, facw_loss: 0.243, PIR: 0.703, IR: 0.678, RRE: 1.201, RTE: 0.038, RMSE: 0.021, RR: 1.000, aRR: 1.000, aRR@0.3: 1.000, sRR: 1.000, lr: 6.859e-04, time: 0.159s/0.797s
[2025-07-04 11:27:57] [INFO] Epoch: 4/30, iter: 60/2438, loss: 0.219, c_loss: 0.576, f_loss: 0.383, facw_loss: 0.219, PIR: 0.781, IR: 0.746, RRE: 1.084, RTE: 0.033, RMSE: 0.018, RR: 1.000, aRR: 1.000, aRR@0.3: 1.000, sRR: 1.000, lr: 6.859e-04, time: 0.159s/0.797s
[2025-07-04 11:28:06] [INFO] Epoch: 4/30, iter: 70/2438, loss: 0.223, c_loss: 0.580, f_loss: 0.413, facw_loss: 0.223, PIR: 0.780, IR: 0.735, RRE: 1.184, RTE: 0.038, RMSE: 0.020, RR: 1.000, aRR: 1.000, aRR@0.3: 1.000, sRR: 1.000, lr: 6.859e-04, time: 0.159s/0.797s
[2025-07-04 11:28:15] [INFO] Epoch: 4/30, iter: 80/2438, loss: 0.130, c_loss: 0.576, f_loss: 0.415, facw_loss: 0.130, PIR: 0.767, IR: 0.736, RRE: 1.087, RTE: 0.031, RMSE: 0.018, RR: 1.000, aRR: 1.000, aRR@0.3: 1.000, sRR: 1.000, lr: 6.859e-04, time: 0.159s/0.797s
[2025-07-04 11:28:24] [INFO] Epoch: 4/30, iter: 90/2438, loss: 0.264, c_loss: 0.574, f_loss: 0.404, facw_loss: 0.264, PIR: 0.745, IR: 0.716, RRE: 1.126, RTE: 0.032, RMSE: 0.018, RR: 1.000, aRR: 1.000, aRR@0.3: 1.000, sRR: 1.000, lr: 6.859e-04, time: 0.159s/0.797s
[2025-07-04 11:28:33] [INFO] Epoch: 4/30, iter: 100/2438, loss: 0.305, c_loss: 0.581, f_loss: 0.402, facw_loss: 0.305, PIR: 0.744, IR: 0.712, RRE: 1.189, RTE: 0.039, RMSE: 0.021, RR: 1.000, aRR: 1.000, aRR@0.3: 1.000, sRR: 1.000, lr: 6.859e-04, time: 0.159s/0.797s
[2025-07-04 11:28:42] [INFO] Epoch: 4/30, iter: 110/2438, loss: 0.214, c_loss: 0.576, f_loss: 0.411, facw_loss: 0.214, PIR: 0.737, IR: 0.718, RRE: 1.153, RTE: 0.034, RMSE: 0.019, RR: 1.000, aRR: 1.000, aRR@0.3: 1.000, sRR: 1.000, lr: 6.859e-04, time: 0.159s/0.797s
[2025-07-04 11:28:51] [INFO] Epoch: 4/30, iter: 120/2438, loss: 0.284, c_loss: 0.581, f_loss: 0.395, facw_loss: 0.284, PIR: 0.718, IR: 0.698, RRE: 1.196, RTE: 0.038, RMSE: 0.020, RR: 1.000, aRR: 1.000, aRR@0.3: 1.000, sRR: 1.000, lr: 6.859e-04, time: 0.159s/0.797s
[2025-07-04 11:29:00] [INFO] Epoch: 4/30, iter: 130/2438, loss: 0.282, c_loss: 0.579, f_loss: 0.415, facw_loss: 0.282, PIR: 0.754, IR: 0.708, RRE: 1.159, RTE: 0.038, RMSE: 0.021, RR: 0.988, aRR: 1.000, aRR@0.3: 1.000, sRR: 1.000, lr: 6.859e-04, time: 0.159s/0.797s
[2025-07-04 11:29:09] [INFO] Epoch: 4/30, iter: 140/2438, loss: 0.299, c_loss: 0.580, f_loss: 0.395, facw_loss: 0.299, PIR: 0.738, IR: 0.719, RRE: 1.208, RTE: 0.038, RMSE: 0.020, RR: 1.000, aRR: 1.000, aRR@0.3: 1.000, sRR: 1.000, lr: 6.859e-04, time: 0.159s/0.797s
[2025-07-04 11:29:18] [INFO] Epoch: 4/30, iter: 150/2438, loss: 0.222, c_loss: 0.575, f_loss: 0.397, facw_loss: 0.222, PIR: 0.775, IR: 0.753, RRE: 1.160, RTE: 0.032, RMSE: 0.018, RR: 1.000, aRR: 1.000, aRR@0.3: 1.000, sRR: 1.000, lr: 6.859e-04, time: 0.159s/0.797s
[2025-07-04 11:29:27] [INFO] Epoch: 4/30, iter: 160/2438, loss: 0.245, c_loss: 0.575, f_loss: 0.437, facw_loss: 0.245, PIR: 0.768, IR: 0.737, RRE: 2.040, RTE: 0.109, RMSE: 0.065, RR: 0.988, aRR: 1.000, aRR@0.3: 1.000, sRR: 1.000, lr: 6.859e-04, time: 0.159s/0.797s
[2025-07-04 11:29:36] [INFO] Epoch: 4/30, iter: 170/2438, loss: 0.261, c_loss: 0.576, f_loss: 0.419, facw_loss: 0.261, PIR: 0.750, IR: 0.732, RRE: 1.032, RTE: 0.026, RMSE: 0.016, RR: 1.000, aRR: 1.000, aRR@0.3: 1.000, sRR: 1.000, lr: 6.859e-04, time: 0.158s/0.797s
[2025-07-04 11:29:45] [INFO] Epoch: 4/30, iter: 180/2438, loss: 0.227, c_loss: 0.584, f_loss: 0.405, facw_loss: 0.227, PIR: 0.727, IR: 0.697, RRE: 2.981, RTE: 0.068, RMSE: 0.059, RR: 0.988, aRR: 1.000, aRR@0.3: 1.000, sRR: 1.000, lr: 6.859e-04, time: 0.158s/0.797s
[2025-07-04 11:29:55] [INFO] Epoch: 4/30, iter: 190/2438, loss: 0.301, c_loss: 0.580, f_loss: 0.411, facw_loss: 0.301, PIR: 0.724, IR: 0.696, RRE: 1.137, RTE: 0.033, RMSE: 0.019, RR: 1.000, aRR: 1.000, aRR@0.3: 1.000, sRR: 1.000, lr: 6.859e-04, time: 0.158s/0.797s
[2025-07-04 11:30:04] [INFO] Epoch: 4/30, iter: 200/2438, loss: 0.191, c_loss: 0.579, f_loss: 0.371, facw_loss: 0.191, PIR: 0.719, IR: 0.709, RRE: 0.987, RTE: 0.029, RMSE: 0.017, RR: 1.000, aRR: 1.000, aRR@0.3: 1.000, sRR: 1.000, lr: 6.859e-04, time: 0.158s/0.797s
[2025-07-04 11:30:13] [INFO] Epoch: 4/30, iter: 210/2438, loss: 0.190, c_loss: 0.574, f_loss: 0.420, facw_loss: 0.190, PIR: 0.737, IR: 0.719, RRE: 1.123, RTE: 0.030, RMSE: 0.019, RR: 1.000, aRR: 1.000, aRR@0.3: 1.000, sRR: 1.000, lr: 6.859e-04, time: 0.158s/0.797s
[2025-07-04 11:30:22] [INFO] Epoch: 4/30, iter: 220/2438, loss: 0.193, c_loss: 0.579, f_loss: 0.430, facw_loss: 0.193, PIR: 0.756, IR: 0.740, RRE: 1.249, RTE: 0.036, RMSE: 0.019, RR: 1.000, aRR: 1.000, aRR@0.3: 1.000, sRR: 1.000, lr: 6.859e-04, time: 0.158s/0.797s
[2025-07-04 11:30:31] [INFO] Epoch: 4/30, iter: 230/2438, loss: 0.242, c_loss: 0.576, f_loss: 0.387, facw_loss: 0.242, PIR: 0.717, IR: 0.692, RRE: 1.254, RTE: 0.039, RMSE: 0.022, RR: 1.000, aRR: 1.000, aRR@0.3: 1.000, sRR: 1.000, lr: 6.859e-04, time: 0.158s/0.797s
[2025-07-04 11:30:40] [INFO] Epoch: 4/30, iter: 240/2438, loss: 0.308, c_loss: 0.583, f_loss: 0.399, facw_loss: 0.308, PIR: 0.733, IR: 0.707, RRE: 1.116, RTE: 0.034, RMSE: 0.020, RR: 1.000, aRR: 1.000, aRR@0.3: 1.000, sRR: 1.000, lr: 6.859e-04, time: 0.158s/0.797s
[2025-07-04 11:30:49] [INFO] Epoch: 4/30, iter: 250/2438, loss: 0.272, c_loss: 0.579, f_loss: 0.389, facw_loss: 0.272, PIR: 0.748, IR: 0.715, RRE: 1.283, RTE: 0.040, RMSE: 0.023, RR: 1.000, aRR: 1.000, aRR@0.3: 1.000, sRR: 1.000, lr: 6.859e-04, time: 0.158s/0.797s
[2025-07-04 11:30:59] [INFO] Epoch: 4/30, iter: 260/2438, loss: 0.234, c_loss: 0.580, f_loss: 0.392, facw_loss: 0.234, PIR: 0.713, IR: 0.704, RRE: 1.310, RTE: 0.046, RMSE: 0.023, RR: 1.000, aRR: 1.000, aRR@0.3: 1.000, sRR: 1.000, lr: 6.859e-04, time: 0.158s/0.797s
[2025-07-04 11:31:08] [INFO] Epoch: 4/30, iter: 270/2438, loss: 0.189, c_loss: 0.578, f_loss: 0.447, facw_loss: 0.189, PIR: 0.791, IR: 0.727, RRE: 1.069, RTE: 0.030, RMSE: 0.018, RR: 1.000, aRR: 1.000, aRR@0.3: 1.000, sRR: 1.000, lr: 6.859e-04, time: 0.158s/0.797s
[2025-07-04 11:31:17] [INFO] Epoch: 4/30, iter: 280/2438, loss: 0.239, c_loss: 0.576, f_loss: 0.416, facw_loss: 0.239, PIR: 0.743, IR: 0.717, RRE: 1.158, RTE: 0.036, RMSE: 0.021, RR: 1.000, aRR: 1.000, aRR@0.3: 1.000, sRR: 1.000, lr: 6.859e-04, time: 0.158s/0.797s
[2025-07-04 11:31:26] [INFO] Epoch: 4/30, iter: 290/2438, loss: 0.241, c_loss: 0.575, f_loss: 0.421, facw_loss: 0.241, PIR: 0.761, IR: 0.725, RRE: 1.259, RTE: 0.038, RMSE: 0.022, RR: 1.000, aRR: 1.000, aRR@0.3: 1.000, sRR: 1.000, lr: 6.859e-04, time: 0.158s/0.797s
[2025-07-04 11:31:36] [INFO] Epoch: 4/30, iter: 300/2438, loss: 0.215, c_loss: 0.583, f_loss: 0.401, facw_loss: 0.215, PIR: 0.747, IR: 0.725, RRE: 1.190, RTE: 0.036, RMSE: 0.019, RR: 1.000, aRR: 1.000, aRR@0.3: 1.000, sRR: 1.000, lr: 6.859e-04, time: 0.158s/0.797s
[2025-07-04 11:31:44] [INFO] Epoch: 4/30, iter: 310/2438, loss: 0.230, c_loss: 0.577, f_loss: 0.387, facw_loss: 0.230, PIR: 0.743, IR: 0.718, RRE: 1.261, RTE: 0.036, RMSE: 0.022, RR: 1.000, aRR: 1.000, aRR@0.3: 1.000, sRR: 1.000, lr: 6.859e-04, time: 0.158s/0.797s
[2025-07-04 11:31:54] [INFO] Epoch: 4/30, iter: 320/2438, loss: 0.248, c_loss: 0.580, f_loss: 0.421, facw_loss: 0.248, PIR: 0.767, IR: 0.721, RRE: 1.165, RTE: 0.034, RMSE: 0.019, RR: 1.000, aRR: 1.000, aRR@0.3: 1.000, sRR: 1.000, lr: 6.859e-04, time: 0.158s/0.797s
[2025-07-04 11:32:03] [INFO] Epoch: 4/30, iter: 330/2438, loss: 0.161, c_loss: 0.580, f_loss: 0.414, facw_loss: 0.161, PIR: 0.744, IR: 0.706, RRE: 1.143, RTE: 0.037, RMSE: 0.020, RR: 1.000, aRR: 1.000, aRR@0.3: 1.000, sRR: 1.000, lr: 6.859e-04, time: 0.158s/0.797s
[2025-07-04 11:32:12] [INFO] Epoch: 4/30, iter: 340/2438, loss: 0.226, c_loss: 0.577, f_loss: 0.424, facw_loss: 0.226, PIR: 0.764, IR: 0.732, RRE: 1.087, RTE: 0.031, RMSE: 0.018, RR: 1.000, aRR: 1.000, aRR@0.3: 1.000, sRR: 1.000, lr: 6.859e-04, time: 0.157s/0.797s
[2025-07-04 11:32:21] [INFO] Epoch: 4/30, iter: 350/2438, loss: 0.218, c_loss: 0.578, f_loss: 0.387, facw_loss: 0.218, PIR: 0.741, IR: 0.722, RRE: 1.006, RTE: 0.029, RMSE: 0.017, RR: 1.000, aRR: 1.000, aRR@0.3: 1.000, sRR: 1.000, lr: 6.859e-04, time: 0.157s/0.797s
[2025-07-04 11:32:31] [INFO] Epoch: 4/30, iter: 360/2438, loss: 0.269, c_loss: 0.578, f_loss: 0.428, facw_loss: 0.269, PIR: 0.764, IR: 0.724, RRE: 1.111, RTE: 0.033, RMSE: 0.018, RR: 1.000, aRR: 1.000, aRR@0.3: 1.000, sRR: 1.000, lr: 6.859e-04, time: 0.157s/0.797s
[2025-07-04 11:32:40] [INFO] Epoch: 4/30, iter: 370/2438, loss: 0.285, c_loss: 0.578, f_loss: 0.421, facw_loss: 0.285, PIR: 0.755, IR: 0.717, RRE: 1.213, RTE: 0.034, RMSE: 0.020, RR: 1.000, aRR: 1.000, aRR@0.3: 1.000, sRR: 1.000, lr: 6.859e-04, time: 0.157s/0.797s
[2025-07-04 11:32:49] [INFO] Epoch: 4/30, iter: 380/2438, loss: 0.220, c_loss: 0.577, f_loss: 0.438, facw_loss: 0.220, PIR: 0.757, IR: 0.725, RRE: 1.158, RTE: 0.035, RMSE: 0.020, RR: 1.000, aRR: 1.000, aRR@0.3: 1.000, sRR: 1.000, lr: 6.859e-04, time: 0.157s/0.797s
[2025-07-04 11:32:59] [INFO] Epoch: 4/30, iter: 390/2438, loss: 0.318, c_loss: 0.583, f_loss: 0.405, facw_loss: 0.318, PIR: 0.763, IR: 0.735, RRE: 1.333, RTE: 0.040, RMSE: 0.022, RR: 1.000, aRR: 1.000, aRR@0.3: 1.000, sRR: 1.000, lr: 6.859e-04, time: 0.157s/0.797s
[2025-07-04 11:33:08] [INFO] Epoch: 4/30, iter: 400/2438, loss: 0.219, c_loss: 0.579, f_loss: 0.416, facw_loss: 0.219, PIR: 0.754, IR: 0.733, RRE: 1.187, RTE: 0.035, RMSE: 0.019, RR: 1.000, aRR: 1.000, aRR@0.3: 1.000, sRR: 1.000, lr: 6.859e-04, time: 0.157s/0.797s
[2025-07-04 11:33:17] [INFO] Epoch: 4/30, iter: 410/2438, loss: 0.264, c_loss: 0.581, f_loss: 0.389, facw_loss: 0.264, PIR: 0.750, IR: 0.724, RRE: 1.226, RTE: 0.034, RMSE: 0.020, RR: 1.000, aRR: 1.000, aRR@0.3: 1.000, sRR: 1.000, lr: 6.859e-04, time: 0.157s/0.797s
[2025-07-04 11:33:26] [INFO] Epoch: 4/30, iter: 420/2438, loss: 0.220, c_loss: 0.582, f_loss: 0.387, facw_loss: 0.220, PIR: 0.741, IR: 0.705, RRE: 1.141, RTE: 0.033, RMSE: 0.019, RR: 1.000, aRR: 1.000, aRR@0.3: 1.000, sRR: 1.000, lr: 6.859e-04, time: 0.157s/0.797s
[2025-07-04 11:33:35] [INFO] Epoch: 4/30, iter: 430/2438, loss: 0.164, c_loss: 0.575, f_loss: 0.439, facw_loss: 0.164, PIR: 0.762, IR: 0.741, RRE: 1.182, RTE: 0.034, RMSE: 0.020, RR: 1.000, aRR: 1.000, aRR@0.3: 1.000, sRR: 1.000, lr: 6.859e-04, time: 0.157s/0.797s
[2025-07-04 11:33:44] [INFO] Epoch: 4/30, iter: 440/2438, loss: 0.248, c_loss: 0.573, f_loss: 0.409, facw_loss: 0.248, PIR: 0.764, IR: 0.737, RRE: 1.138, RTE: 0.032, RMSE: 0.018, RR: 1.000, aRR: 1.000, aRR@0.3: 1.000, sRR: 1.000, lr: 6.859e-04, time: 0.157s/0.797s
[2025-07-04 11:33:53] [INFO] Epoch: 4/30, iter: 450/2438, loss: 0.190, c_loss: 0.576, f_loss: 0.450, facw_loss: 0.190, PIR: 0.735, IR: 0.711, RRE: 1.265, RTE: 0.041, RMSE: 0.020, RR: 1.000, aRR: 1.000, aRR@0.3: 1.000, sRR: 1.000, lr: 6.859e-04, time: 0.157s/0.797s
[2025-07-04 11:34:02] [INFO] Epoch: 4/30, iter: 460/2438, loss: 0.306, c_loss: 0.577, f_loss: 0.399, facw_loss: 0.306, PIR: 0.704, IR: 0.712, RRE: 1.234, RTE: 0.040, RMSE: 0.021, RR: 1.000, aRR: 1.000, aRR@0.3: 1.000, sRR: 1.000, lr: 6.859e-04, time: 0.157s/0.797s
[2025-07-04 11:34:12] [INFO] Epoch: 4/30, iter: 470/2438, loss: 0.260, c_loss: 0.578, f_loss: 0.410, facw_loss: 0.260, PIR: 0.758, IR: 0.730, RRE: 1.078, RTE: 0.033, RMSE: 0.019, RR: 1.000, aRR: 1.000, aRR@0.3: 1.000, sRR: 1.000, lr: 6.859e-04, time: 0.157s/0.797s
[2025-07-04 11:34:21] [INFO] Epoch: 4/30, iter: 480/2438, loss: 0.224, c_loss: 0.573, f_loss: 0.409, facw_loss: 0.224, PIR: 0.758, IR: 0.719, RRE: 1.115, RTE: 0.032, RMSE: 0.018, RR: 1.000, aRR: 1.000, aRR@0.3: 1.000, sRR: 1.000, lr: 6.859e-04, time: 0.157s/0.797s
[2025-07-04 11:34:29] [INFO] Epoch: 4/30, iter: 490/2438, loss: 0.344, c_loss: 0.578, f_loss: 0.402, facw_loss: 0.344, PIR: 0.761, IR: 0.719, RRE: 1.143, RTE: 0.035, RMSE: 0.021, RR: 1.000, aRR: 1.000, aRR@0.3: 1.000, sRR: 1.000, lr: 6.859e-04, time: 0.157s/0.797s
[2025-07-04 11:34:38] [INFO] Epoch: 4/30, iter: 500/2438, loss: 0.237, c_loss: 0.578, f_loss: 0.412, facw_loss: 0.237, PIR: 0.750, IR: 0.713, RRE: 1.043, RTE: 0.030, RMSE: 0.017, RR: 1.000, aRR: 1.000, aRR@0.3: 1.000, sRR: 1.000, lr: 6.859e-04, time: 0.157s/0.797s
[2025-07-04 11:34:48] [INFO] Epoch: 4/30, iter: 510/2438, loss: 0.221, c_loss: 0.581, f_loss: 0.401, facw_loss: 0.221, PIR: 0.731, IR: 0.713, RRE: 1.235, RTE: 0.038, RMSE: 0.020, RR: 1.000, aRR: 1.000, aRR@0.3: 1.000, sRR: 1.000, lr: 6.859e-04, time: 0.157s/0.797s
[2025-07-04 11:34:57] [INFO] Epoch: 4/30, iter: 520/2438, loss: 0.274, c_loss: 0.579, f_loss: 0.393, facw_loss: 0.274, PIR: 0.756, IR: 0.715, RRE: 1.121, RTE: 0.033, RMSE: 0.020, RR: 1.000, aRR: 1.000, aRR@0.3: 1.000, sRR: 1.000, lr: 6.859e-04, time: 0.157s/0.797s
[2025-07-04 11:35:06] [INFO] Epoch: 4/30, iter: 530/2438, loss: 0.237, c_loss: 0.580, f_loss: 0.413, facw_loss: 0.237, PIR: 0.742, IR: 0.726, RRE: 1.078, RTE: 0.033, RMSE: 0.017, RR: 1.000, aRR: 1.000, aRR@0.3: 1.000, sRR: 1.000, lr: 6.859e-04, time: 0.156s/0.797s
[2025-07-04 11:35:16] [INFO] Epoch: 4/30, iter: 540/2438, loss: 0.290, c_loss: 0.582, f_loss: 0.367, facw_loss: 0.290, PIR: 0.713, IR: 0.696, RRE: 1.134, RTE: 0.036, RMSE: 0.021, RR: 1.000, aRR: 1.000, aRR@0.3: 1.000, sRR: 1.000, lr: 6.859e-04, time: 0.156s/0.797s
[2025-07-04 11:35:25] [INFO] Epoch: 4/30, iter: 550/2438, loss: 0.295, c_loss: 0.577, f_loss: 0.395, facw_loss: 0.295, PIR: 0.760, IR: 0.730, RRE: 1.194, RTE: 0.037, RMSE: 0.021, RR: 1.000, aRR: 1.000, aRR@0.3: 1.000, sRR: 1.000, lr: 6.859e-04, time: 0.156s/0.797s
[2025-07-04 11:35:34] [INFO] Epoch: 4/30, iter: 560/2438, loss: 0.215, c_loss: 0.580, f_loss: 0.434, facw_loss: 0.215, PIR: 0.730, IR: 0.717, RRE: 1.227, RTE: 0.038, RMSE: 0.021, RR: 1.000, aRR: 1.000, aRR@0.3: 1.000, sRR: 1.000, lr: 6.859e-04, time: 0.156s/0.797s
[2025-07-04 11:35:43] [INFO] Epoch: 4/30, iter: 570/2438, loss: 0.166, c_loss: 0.573, f_loss: 0.425, facw_loss: 0.166, PIR: 0.756, IR: 0.747, RRE: 1.138, RTE: 0.032, RMSE: 0.019, RR: 1.000, aRR: 1.000, aRR@0.3: 1.000, sRR: 1.000, lr: 6.859e-04, time: 0.156s/0.797s
[2025-07-04 11:35:52] [INFO] Epoch: 4/30, iter: 580/2438, loss: 0.215, c_loss: 0.579, f_loss: 0.399, facw_loss: 0.215, PIR: 0.746, IR: 0.727, RRE: 1.067, RTE: 0.032, RMSE: 0.018, RR: 1.000, aRR: 1.000, aRR@0.3: 1.000, sRR: 1.000, lr: 6.859e-04, time: 0.156s/0.797s
[2025-07-04 11:36:02] [INFO] Epoch: 4/30, iter: 590/2438, loss: 0.170, c_loss: 0.580, f_loss: 0.430, facw_loss: 0.170, PIR: 0.756, IR: 0.712, RRE: 1.389, RTE: 0.047, RMSE: 0.025, RR: 0.988, aRR: 1.000, aRR@0.3: 1.000, sRR: 1.000, lr: 6.859e-04, time: 0.156s/0.797s
[2025-07-04 11:36:11] [INFO] Epoch: 4/30, iter: 600/2438, loss: 0.214, c_loss: 0.577, f_loss: 0.420, facw_loss: 0.214, PIR: 0.784, IR: 0.749, RRE: 1.080, RTE: 0.030, RMSE: 0.017, RR: 1.000, aRR: 1.000, aRR@0.3: 1.000, sRR: 1.000, lr: 6.859e-04, time: 0.156s/0.797s
[2025-07-04 11:36:20] [INFO] Epoch: 4/30, iter: 610/2438, loss: 0.338, c_loss: 0.582, f_loss: 0.381, facw_loss: 0.338, PIR: 0.681, IR: 0.675, RRE: 1.290, RTE: 0.045, RMSE: 0.024, RR: 1.000, aRR: 1.000, aRR@0.3: 1.000, sRR: 1.000, lr: 6.859e-04, time: 0.156s/0.797s
[2025-07-04 11:36:29] [INFO] Epoch: 4/30, iter: 620/2438, loss: 0.175, c_loss: 0.578, f_loss: 0.403, facw_loss: 0.175, PIR: 0.763, IR: 0.721, RRE: 1.182, RTE: 0.038, RMSE: 0.020, RR: 1.000, aRR: 1.000, aRR@0.3: 1.000, sRR: 1.000, lr: 6.859e-04, time: 0.156s/0.797s
[2025-07-04 11:36:38] [INFO] Epoch: 4/30, iter: 630/2438, loss: 0.250, c_loss: 0.578, f_loss: 0.408, facw_loss: 0.250, PIR: 0.746, IR: 0.721, RRE: 0.999, RTE: 0.030, RMSE: 0.018, RR: 1.000, aRR: 1.000, aRR@0.3: 1.000, sRR: 1.000, lr: 6.859e-04, time: 0.156s/0.797s
[2025-07-04 11:36:47] [INFO] Epoch: 4/30, iter: 640/2438, loss: 0.325, c_loss: 0.580, f_loss: 0.439, facw_loss: 0.325, PIR: 0.744, IR: 0.701, RRE: 1.252, RTE: 0.038, RMSE: 0.023, RR: 1.000, aRR: 1.000, aRR@0.3: 1.000, sRR: 1.000, lr: 6.859e-04, time: 0.156s/0.797s
[2025-07-04 11:36:57] [INFO] Epoch: 4/30, iter: 650/2438, loss: 0.261, c_loss: 0.579, f_loss: 0.404, facw_loss: 0.261, PIR: 0.773, IR: 0.727, RRE: 1.053, RTE: 0.033, RMSE: 0.018, RR: 1.000, aRR: 1.000, aRR@0.3: 1.000, sRR: 1.000, lr: 6.859e-04, time: 0.156s/0.797s
[2025-07-04 11:37:06] [INFO] Epoch: 4/30, iter: 660/2438, loss: 0.249, c_loss: 0.581, f_loss: 0.388, facw_loss: 0.249, PIR: 0.716, IR: 0.695, RRE: 1.134, RTE: 0.035, RMSE: 0.020, RR: 1.000, aRR: 1.000, aRR@0.3: 1.000, sRR: 1.000, lr: 6.859e-04, time: 0.156s/0.797s
[2025-07-04 11:37:15] [INFO] Epoch: 4/30, iter: 670/2438, loss: 0.281, c_loss: 0.580, f_loss: 0.400, facw_loss: 0.281, PIR: 0.746, IR: 0.720, RRE: 1.135, RTE: 0.037, RMSE: 0.019, RR: 1.000, aRR: 1.000, aRR@0.3: 1.000, sRR: 1.000, lr: 6.859e-04, time: 0.156s/0.797s
[2025-07-04 11:37:24] [INFO] Epoch: 4/30, iter: 680/2438, loss: 0.254, c_loss: 0.573, f_loss: 0.403, facw_loss: 0.254, PIR: 0.756, IR: 0.730, RRE: 1.188, RTE: 0.035, RMSE: 0.019, RR: 1.000, aRR: 1.000, aRR@0.3: 1.000, sRR: 1.000, lr: 6.859e-04, time: 0.156s/0.797s
[2025-07-04 11:37:34] [INFO] Epoch: 4/30, iter: 690/2438, loss: 0.231, c_loss: 0.586, f_loss: 0.401, facw_loss: 0.231, PIR: 0.738, IR: 0.697, RRE: 1.041, RTE: 0.033, RMSE: 0.018, RR: 1.000, aRR: 1.000, aRR@0.3: 1.000, sRR: 1.000, lr: 6.859e-04, time: 0.156s/0.797s
[2025-07-04 11:37:43] [INFO] Epoch: 4/30, iter: 700/2438, loss: 0.206, c_loss: 0.579, f_loss: 0.406, facw_loss: 0.206, PIR: 0.752, IR: 0.724, RRE: 1.206, RTE: 0.040, RMSE: 0.019, RR: 1.000, aRR: 1.000, aRR@0.3: 1.000, sRR: 1.000, lr: 6.859e-04, time: 0.156s/0.797s
[2025-07-04 11:37:52] [INFO] Epoch: 4/30, iter: 710/2438, loss: 0.281, c_loss: 0.579, f_loss: 0.399, facw_loss: 0.281, PIR: 0.746, IR: 0.706, RRE: 1.165, RTE: 0.035, RMSE: 0.020, RR: 1.000, aRR: 1.000, aRR@0.3: 1.000, sRR: 1.000, lr: 6.859e-04, time: 0.156s/0.797s
[2025-07-04 11:38:01] [INFO] Epoch: 4/30, iter: 720/2438, loss: 0.209, c_loss: 0.578, f_loss: 0.407, facw_loss: 0.209, PIR: 0.713, IR: 0.697, RRE: 1.270, RTE: 0.040, RMSE: 0.021, RR: 1.000, aRR: 1.000, aRR@0.3: 1.000, sRR: 1.000, lr: 6.859e-04, time: 0.156s/0.797s
[2025-07-04 11:38:10] [INFO] Epoch: 4/30, iter: 730/2438, loss: 0.204, c_loss: 0.577, f_loss: 0.411, facw_loss: 0.204, PIR: 0.752, IR: 0.715, RRE: 1.146, RTE: 0.034, RMSE: 0.020, RR: 1.000, aRR: 1.000, aRR@0.3: 1.000, sRR: 1.000, lr: 6.859e-04, time: 0.156s/0.797s
[2025-07-04 11:38:19] [INFO] Epoch: 4/30, iter: 740/2438, loss: 0.220, c_loss: 0.581, f_loss: 0.417, facw_loss: 0.220, PIR: 0.755, IR: 0.729, RRE: 1.116, RTE: 0.034, RMSE: 0.018, RR: 1.000, aRR: 1.000, aRR@0.3: 1.000, sRR: 1.000, lr: 6.859e-04, time: 0.155s/0.797s
[2025-07-04 11:38:28] [INFO] Epoch: 4/30, iter: 750/2438, loss: 0.175, c_loss: 0.579, f_loss: 0.432, facw_loss: 0.175, PIR: 0.768, IR: 0.739, RRE: 1.226, RTE: 0.035, RMSE: 0.020, RR: 1.000, aRR: 1.000, aRR@0.3: 1.000, sRR: 1.000, lr: 6.859e-04, time: 0.155s/0.797s
[2025-07-04 11:38:38] [INFO] Epoch: 4/30, iter: 760/2438, loss: 0.242, c_loss: 0.579, f_loss: 0.411, facw_loss: 0.242, PIR: 0.761, IR: 0.721, RRE: 1.203, RTE: 0.039, RMSE: 0.021, RR: 1.000, aRR: 1.000, aRR@0.3: 1.000, sRR: 1.000, lr: 6.859e-04, time: 0.155s/0.797s
[2025-07-04 11:38:47] [INFO] Epoch: 4/30, iter: 770/2438, loss: 0.213, c_loss: 0.580, f_loss: 0.405, facw_loss: 0.213, PIR: 0.765, IR: 0.732, RRE: 1.088, RTE: 0.033, RMSE: 0.018, RR: 1.000, aRR: 1.000, aRR@0.3: 1.000, sRR: 1.000, lr: 6.859e-04, time: 0.155s/0.797s
[2025-07-04 11:38:56] [INFO] Epoch: 4/30, iter: 780/2438, loss: 0.337, c_loss: 0.578, f_loss: 0.409, facw_loss: 0.337, PIR: 0.745, IR: 0.718, RRE: 1.232, RTE: 0.035, RMSE: 0.020, RR: 1.000, aRR: 1.000, aRR@0.3: 1.000, sRR: 1.000, lr: 6.859e-04, time: 0.155s/0.797s
[2025-07-04 11:39:05] [INFO] Epoch: 4/30, iter: 790/2438, loss: 0.233, c_loss: 0.578, f_loss: 0.418, facw_loss: 0.233, PIR: 0.730, IR: 0.713, RRE: 1.193, RTE: 0.039, RMSE: 0.019, RR: 1.000, aRR: 1.000, aRR@0.3: 1.000, sRR: 1.000, lr: 6.859e-04, time: 0.155s/0.797s
[2025-07-04 11:39:15] [INFO] Epoch: 4/30, iter: 800/2438, loss: 0.234, c_loss: 0.574, f_loss: 0.453, facw_loss: 0.234, PIR: 0.810, IR: 0.760, RRE: 1.268, RTE: 0.037, RMSE: 0.019, RR: 1.000, aRR: 1.000, aRR@0.3: 1.000, sRR: 1.000, lr: 6.859e-04, time: 0.155s/0.797s
[2025-07-04 11:39:24] [INFO] Epoch: 4/30, iter: 810/2438, loss: 0.151, c_loss: 0.577, f_loss: 0.428, facw_loss: 0.151, PIR: 0.776, IR: 0.735, RRE: 0.962, RTE: 0.030, RMSE: 0.017, RR: 1.000, aRR: 1.000, aRR@0.3: 1.000, sRR: 1.000, lr: 6.859e-04, time: 0.155s/0.797s
[2025-07-04 11:39:33] [INFO] Epoch: 4/30, iter: 820/2438, loss: 0.258, c_loss: 0.578, f_loss: 0.446, facw_loss: 0.258, PIR: 0.763, IR: 0.724, RRE: 1.162, RTE: 0.036, RMSE: 0.018, RR: 1.000, aRR: 1.000, aRR@0.3: 1.000, sRR: 1.000, lr: 6.859e-04, time: 0.155s/0.797s
[2025-07-04 11:39:42] [INFO] Epoch: 4/30, iter: 830/2438, loss: 0.325, c_loss: 0.579, f_loss: 0.375, facw_loss: 0.325, PIR: 0.727, IR: 0.715, RRE: 1.315, RTE: 0.042, RMSE: 0.023, RR: 1.000, aRR: 1.000, aRR@0.3: 1.000, sRR: 1.000, lr: 6.859e-04, time: 0.155s/0.797s
[2025-07-04 11:39:51] [INFO] Epoch: 4/30, iter: 840/2438, loss: 0.292, c_loss: 0.576, f_loss: 0.400, facw_loss: 0.292, PIR: 0.747, IR: 0.719, RRE: 1.182, RTE: 0.037, RMSE: 0.021, RR: 1.000, aRR: 1.000, aRR@0.3: 1.000, sRR: 1.000, lr: 6.859e-04, time: 0.155s/0.797s
[2025-07-04 11:39:59] [INFO] Epoch: 4/30, iter: 850/2438, loss: 0.237, c_loss: 0.571, f_loss: 0.390, facw_loss: 0.237, PIR: 0.736, IR: 0.708, RRE: 1.278, RTE: 0.040, RMSE: 0.022, RR: 1.000, aRR: 1.000, aRR@0.3: 1.000, sRR: 1.000, lr: 6.859e-04, time: 0.155s/0.797s
[2025-07-04 11:40:09] [INFO] Epoch: 4/30, iter: 860/2438, loss: 0.291, c_loss: 0.580, f_loss: 0.380, facw_loss: 0.291, PIR: 0.757, IR: 0.716, RRE: 1.381, RTE: 0.042, RMSE: 0.024, RR: 1.000, aRR: 1.000, aRR@0.3: 1.000, sRR: 1.000, lr: 6.859e-04, time: 0.155s/0.797s
[2025-07-04 11:40:18] [INFO] Epoch: 4/30, iter: 870/2438, loss: 0.189, c_loss: 0.580, f_loss: 0.408, facw_loss: 0.189, PIR: 0.749, IR: 0.742, RRE: 1.201, RTE: 0.037, RMSE: 0.020, RR: 1.000, aRR: 1.000, aRR@0.3: 1.000, sRR: 1.000, lr: 6.859e-04, time: 0.155s/0.797s
[2025-07-04 11:40:27] [INFO] Epoch: 4/30, iter: 880/2438, loss: 0.310, c_loss: 0.578, f_loss: 0.395, facw_loss: 0.310, PIR: 0.737, IR: 0.711, RRE: 1.218, RTE: 0.036, RMSE: 0.021, RR: 1.000, aRR: 1.000, aRR@0.3: 1.000, sRR: 1.000, lr: 6.859e-04, time: 0.155s/0.797s
[2025-07-04 11:40:36] [INFO] Epoch: 4/30, iter: 890/2438, loss: 0.252, c_loss: 0.579, f_loss: 0.425, facw_loss: 0.252, PIR: 0.747, IR: 0.728, RRE: 1.110, RTE: 0.033, RMSE: 0.018, RR: 1.000, aRR: 1.000, aRR@0.3: 1.000, sRR: 1.000, lr: 6.859e-04, time: 0.155s/0.797s
[2025-07-04 11:40:45] [INFO] Epoch: 4/30, iter: 900/2438, loss: 0.254, c_loss: 0.578, f_loss: 0.439, facw_loss: 0.254, PIR: 0.804, IR: 0.745, RRE: 1.185, RTE: 0.036, RMSE: 0.019, RR: 1.000, aRR: 1.000, aRR@0.3: 1.000, sRR: 1.000, lr: 6.859e-04, time: 0.155s/0.797s
[2025-07-04 11:40:54] [INFO] Epoch: 4/30, iter: 910/2438, loss: 0.285, c_loss: 0.580, f_loss: 0.393, facw_loss: 0.285, PIR: 0.756, IR: 0.732, RRE: 1.250, RTE: 0.036, RMSE: 0.019, RR: 1.000, aRR: 1.000, aRR@0.3: 1.000, sRR: 1.000, lr: 6.859e-04, time: 0.155s/0.797s
[2025-07-04 11:41:03] [INFO] Epoch: 4/30, iter: 920/2438, loss: 0.310, c_loss: 0.577, f_loss: 0.388, facw_loss: 0.310, PIR: 0.753, IR: 0.739, RRE: 1.231, RTE: 0.038, RMSE: 0.020, RR: 1.000, aRR: 1.000, aRR@0.3: 1.000, sRR: 1.000, lr: 6.859e-04, time: 0.155s/0.797s
[2025-07-04 11:41:12] [INFO] Epoch: 4/30, iter: 930/2438, loss: 0.147, c_loss: 0.575, f_loss: 0.429, facw_loss: 0.147, PIR: 0.764, IR: 0.738, RRE: 1.276, RTE: 0.034, RMSE: 0.019, RR: 1.000, aRR: 1.000, aRR@0.3: 1.000, sRR: 1.000, lr: 6.859e-04, time: 0.155s/0.797s
[2025-07-04 11:41:21] [INFO] Epoch: 4/30, iter: 940/2438, loss: 0.277, c_loss: 0.578, f_loss: 0.395, facw_loss: 0.277, PIR: 0.774, IR: 0.735, RRE: 1.223, RTE: 0.037, RMSE: 0.020, RR: 1.000, aRR: 1.000, aRR@0.3: 1.000, sRR: 1.000, lr: 6.859e-04, time: 0.154s/0.797s
[2025-07-04 11:41:30] [INFO] Epoch: 4/30, iter: 950/2438, loss: 0.298, c_loss: 0.579, f_loss: 0.410, facw_loss: 0.298, PIR: 0.741, IR: 0.705, RRE: 1.163, RTE: 0.037, RMSE: 0.020, RR: 1.000, aRR: 1.000, aRR@0.3: 1.000, sRR: 1.000, lr: 6.859e-04, time: 0.154s/0.797s
[2025-07-04 11:41:39] [INFO] Epoch: 4/30, iter: 960/2438, loss: 0.240, c_loss: 0.582, f_loss: 0.396, facw_loss: 0.240, PIR: 0.739, IR: 0.724, RRE: 1.209, RTE: 0.035, RMSE: 0.020, RR: 1.000, aRR: 1.000, aRR@0.3: 1.000, sRR: 1.000, lr: 6.859e-04, time: 0.154s/0.797s
[2025-07-04 11:41:48] [INFO] Epoch: 4/30, iter: 970/2438, loss: 0.298, c_loss: 0.580, f_loss: 0.411, facw_loss: 0.298, PIR: 0.765, IR: 0.725, RRE: 1.367, RTE: 0.040, RMSE: 0.022, RR: 0.988, aRR: 1.000, aRR@0.3: 1.000, sRR: 1.000, lr: 6.859e-04, time: 0.154s/0.797s
[2025-07-04 11:41:57] [INFO] Epoch: 4/30, iter: 980/2438, loss: 0.247, c_loss: 0.577, f_loss: 0.378, facw_loss: 0.247, PIR: 0.679, IR: 0.686, RRE: 2.922, RTE: 0.061, RMSE: 0.035, RR: 0.988, aRR: 1.000, aRR@0.3: 1.000, sRR: 1.000, lr: 6.859e-04, time: 0.154s/0.797s
[2025-07-04 11:42:06] [INFO] Epoch: 4/30, iter: 990/2438, loss: 0.311, c_loss: 0.582, f_loss: 0.385, facw_loss: 0.311, PIR: 0.725, IR: 0.704, RRE: 1.201, RTE: 0.038, RMSE: 0.021, RR: 1.000, aRR: 1.000, aRR@0.3: 1.000, sRR: 1.000, lr: 6.859e-04, time: 0.154s/0.797s
[2025-07-04 11:42:16] [INFO] Epoch: 4/30, iter: 1000/2438, loss: 0.300, c_loss: 0.577, f_loss: 0.386, facw_loss: 0.300, PIR: 0.722, IR: 0.708, RRE: 1.063, RTE: 0.031, RMSE: 0.018, RR: 1.000, aRR: 1.000, aRR@0.3: 1.000, sRR: 1.000, lr: 6.859e-04, time: 0.154s/0.797s
[2025-07-04 11:42:25] [INFO] Epoch: 4/30, iter: 1010/2438, loss: 0.212, c_loss: 0.579, f_loss: 0.433, facw_loss: 0.212, PIR: 0.786, IR: 0.732, RRE: 2.774, RTE: 0.061, RMSE: 0.040, RR: 0.988, aRR: 1.000, aRR@0.3: 1.000, sRR: 1.000, lr: 6.859e-04, time: 0.154s/0.797s
[2025-07-04 11:42:34] [INFO] Epoch: 4/30, iter: 1020/2438, loss: 0.233, c_loss: 0.576, f_loss: 0.369, facw_loss: 0.233, PIR: 0.717, IR: 0.718, RRE: 1.344, RTE: 0.042, RMSE: 0.022, RR: 1.000, aRR: 1.000, aRR@0.3: 1.000, sRR: 1.000, lr: 6.859e-04, time: 0.154s/0.797s
[2025-07-04 11:42:44] [INFO] Epoch: 4/30, iter: 1030/2438, loss: 0.290, c_loss: 0.583, f_loss: 0.402, facw_loss: 0.290, PIR: 0.724, IR: 0.702, RRE: 1.293, RTE: 0.043, RMSE: 0.022, RR: 1.000, aRR: 1.000, aRR@0.3: 1.000, sRR: 1.000, lr: 6.859e-04, time: 0.154s/0.797s
[2025-07-04 11:42:53] [INFO] Epoch: 4/30, iter: 1040/2438, loss: 0.299, c_loss: 0.587, f_loss: 0.395, facw_loss: 0.299, PIR: 0.733, IR: 0.686, RRE: 1.105, RTE: 0.038, RMSE: 0.022, RR: 0.988, aRR: 0.900, aRR@0.3: 1.000, sRR: 0.900, lr: 6.859e-04, time: 0.154s/0.797s
[2025-07-04 11:43:02] [INFO] Epoch: 4/30, iter: 1050/2438, loss: 0.358, c_loss: 0.580, f_loss: 0.387, facw_loss: 0.358, PIR: 0.710, IR: 0.692, RRE: 1.048, RTE: 0.032, RMSE: 0.018, RR: 1.000, aRR: 1.000, aRR@0.3: 1.000, sRR: 1.000, lr: 6.859e-04, time: 0.154s/0.797s
[2025-07-04 11:43:11] [INFO] Epoch: 4/30, iter: 1060/2438, loss: 0.159, c_loss: 0.582, f_loss: 0.437, facw_loss: 0.159, PIR: 0.788, IR: 0.720, RRE: 1.224, RTE: 0.038, RMSE: 0.020, RR: 1.000, aRR: 1.000, aRR@0.3: 1.000, sRR: 1.000, lr: 6.859e-04, time: 0.154s/0.797s
[2025-07-04 11:43:20] [INFO] Epoch: 4/30, iter: 1070/2438, loss: 0.158, c_loss: 0.579, f_loss: 0.415, facw_loss: 0.158, PIR: 0.767, IR: 0.739, RRE: 1.102, RTE: 0.033, RMSE: 0.019, RR: 1.000, aRR: 1.000, aRR@0.3: 1.000, sRR: 1.000, lr: 6.859e-04, time: 0.154s/0.797s
[2025-07-04 11:43:29] [INFO] Epoch: 4/30, iter: 1080/2438, loss: 0.147, c_loss: 0.581, f_loss: 0.413, facw_loss: 0.147, PIR: 0.772, IR: 0.728, RRE: 1.143, RTE: 0.036, RMSE: 0.018, RR: 1.000, aRR: 1.000, aRR@0.3: 1.000, sRR: 1.000, lr: 6.859e-04, time: 0.154s/0.797s
[2025-07-04 11:43:39] [INFO] Epoch: 4/30, iter: 1090/2438, loss: 0.230, c_loss: 0.579, f_loss: 0.405, facw_loss: 0.230, PIR: 0.734, IR: 0.725, RRE: 1.124, RTE: 0.034, RMSE: 0.019, RR: 1.000, aRR: 1.000, aRR@0.3: 1.000, sRR: 1.000, lr: 6.859e-04, time: 0.154s/0.797s
[2025-07-04 11:43:48] [INFO] Epoch: 4/30, iter: 1100/2438, loss: 0.220, c_loss: 0.578, f_loss: 0.423, facw_loss: 0.220, PIR: 0.781, IR: 0.753, RRE: 1.010, RTE: 0.025, RMSE: 0.016, RR: 1.000, aRR: 1.000, aRR@0.3: 1.000, sRR: 1.000, lr: 6.859e-04, time: 0.154s/0.797s
[2025-07-04 11:43:57] [INFO] Epoch: 4/30, iter: 1110/2438, loss: 0.274, c_loss: 0.577, f_loss: 0.388, facw_loss: 0.274, PIR: 0.748, IR: 0.748, RRE: 1.154, RTE: 0.032, RMSE: 0.018, RR: 1.000, aRR: 1.000, aRR@0.3: 1.000, sRR: 1.000, lr: 6.859e-04, time: 0.154s/0.797s
[2025-07-04 11:44:06] [INFO] Epoch: 4/30, iter: 1120/2438, loss: 0.228, c_loss: 0.580, f_loss: 0.391, facw_loss: 0.228, PIR: 0.762, IR: 0.722, RRE: 1.110, RTE: 0.036, RMSE: 0.021, RR: 1.000, aRR: 1.000, aRR@0.3: 1.000, sRR: 1.000, lr: 6.859e-04, time: 0.154s/0.797s
[2025-07-04 11:44:15] [INFO] Epoch: 4/30, iter: 1130/2438, loss: 0.254, c_loss: 0.581, f_loss: 0.408, facw_loss: 0.254, PIR: 0.754, IR: 0.715, RRE: 1.236, RTE: 0.038, RMSE: 0.021, RR: 1.000, aRR: 1.000, aRR@0.3: 1.000, sRR: 1.000, lr: 6.859e-04, time: 0.154s/0.797s
[2025-07-04 11:44:24] [INFO] Epoch: 4/30, iter: 1140/2438, loss: 0.210, c_loss: 0.578, f_loss: 0.373, facw_loss: 0.210, PIR: 0.732, IR: 0.722, RRE: 1.302, RTE: 0.035, RMSE: 0.020, RR: 1.000, aRR: 1.000, aRR@0.3: 1.000, sRR: 1.000, lr: 6.859e-04, time: 0.154s/0.797s
[2025-07-04 11:44:33] [INFO] Epoch: 4/30, iter: 1150/2438, loss: 0.214, c_loss: 0.579, f_loss: 0.362, facw_loss: 0.214, PIR: 0.715, IR: 0.694, RRE: 1.329, RTE: 0.043, RMSE: 0.023, RR: 1.000, aRR: 1.000, aRR@0.3: 1.000, sRR: 1.000, lr: 6.859e-04, time: 0.154s/0.797s
[2025-07-04 11:44:42] [INFO] Epoch: 4/30, iter: 1160/2438, loss: 0.246, c_loss: 0.575, f_loss: 0.427, facw_loss: 0.246, PIR: 0.743, IR: 0.703, RRE: 1.204, RTE: 0.038, RMSE: 0.020, RR: 1.000, aRR: 1.000, aRR@0.3: 1.000, sRR: 1.000, lr: 6.859e-04, time: 0.154s/0.797s
[2025-07-04 11:44:51] [INFO] Epoch: 4/30, iter: 1170/2438, loss: 0.264, c_loss: 0.578, f_loss: 0.393, facw_loss: 0.264, PIR: 0.727, IR: 0.711, RRE: 1.218, RTE: 0.040, RMSE: 0.021, RR: 1.000, aRR: 1.000, aRR@0.3: 1.000, sRR: 1.000, lr: 6.859e-04, time: 0.154s/0.797s
[2025-07-04 11:45:01] [INFO] Epoch: 4/30, iter: 1180/2438, loss: 0.184, c_loss: 0.582, f_loss: 0.450, facw_loss: 0.184, PIR: 0.797, IR: 0.720, RRE: 1.259, RTE: 0.039, RMSE: 0.021, RR: 1.000, aRR: 1.000, aRR@0.3: 1.000, sRR: 1.000, lr: 6.859e-04, time: 0.153s/0.797s
[2025-07-04 11:45:10] [INFO] Epoch: 4/30, iter: 1190/2438, loss: 0.237, c_loss: 0.579, f_loss: 0.451, facw_loss: 0.237, PIR: 0.739, IR: 0.711, RRE: 1.073, RTE: 0.030, RMSE: 0.020, RR: 1.000, aRR: 1.000, aRR@0.3: 1.000, sRR: 1.000, lr: 6.859e-04, time: 0.153s/0.797s
[2025-07-04 11:45:19] [INFO] Epoch: 4/30, iter: 1200/2438, loss: 0.340, c_loss: 0.581, f_loss: 0.390, facw_loss: 0.340, PIR: 0.686, IR: 0.686, RRE: 1.251, RTE: 0.040, RMSE: 0.022, RR: 1.000, aRR: 1.000, aRR@0.3: 1.000, sRR: 1.000, lr: 6.859e-04, time: 0.153s/0.797s
[2025-07-04 11:45:28] [INFO] Epoch: 4/30, iter: 1210/2438, loss: 0.268, c_loss: 0.578, f_loss: 0.415, facw_loss: 0.268, PIR: 0.729, IR: 0.709, RRE: 3.131, RTE: 0.062, RMSE: 0.046, RR: 0.988, aRR: 1.000, aRR@0.3: 1.000, sRR: 1.000, lr: 6.859e-04, time: 0.153s/0.797s
[2025-07-04 11:45:37] [INFO] Epoch: 4/30, iter: 1220/2438, loss: 0.232, c_loss: 0.576, f_loss: 0.422, facw_loss: 0.232, PIR: 0.752, IR: 0.722, RRE: 1.209, RTE: 0.037, RMSE: 0.020, RR: 1.000, aRR: 1.000, aRR@0.3: 1.000, sRR: 1.000, lr: 6.859e-04, time: 0.153s/0.797s
[2025-07-04 11:45:47] [INFO] Epoch: 4/30, iter: 1230/2438, loss: 0.273, c_loss: 0.576, f_loss: 0.416, facw_loss: 0.273, PIR: 0.716, IR: 0.713, RRE: 1.807, RTE: 0.039, RMSE: 0.028, RR: 0.988, aRR: 1.000, aRR@0.3: 1.000, sRR: 1.000, lr: 6.859e-04, time: 0.153s/0.797s
[2025-07-04 11:45:56] [INFO] Epoch: 4/30, iter: 1240/2438, loss: 0.240, c_loss: 0.574, f_loss: 0.437, facw_loss: 0.240, PIR: 0.761, IR: 0.716, RRE: 1.133, RTE: 0.035, RMSE: 0.019, RR: 1.000, aRR: 1.000, aRR@0.3: 1.000, sRR: 1.000, lr: 6.859e-04, time: 0.153s/0.797s
[2025-07-04 11:46:05] [INFO] Epoch: 4/30, iter: 1250/2438, loss: 0.235, c_loss: 0.580, f_loss: 0.427, facw_loss: 0.235, PIR: 0.726, IR: 0.725, RRE: 1.131, RTE: 0.035, RMSE: 0.019, RR: 1.000, aRR: 1.000, aRR@0.3: 1.000, sRR: 1.000, lr: 6.859e-04, time: 0.153s/0.797s
[2025-07-04 11:46:14] [INFO] Epoch: 4/30, iter: 1260/2438, loss: 0.220, c_loss: 0.582, f_loss: 0.426, facw_loss: 0.220, PIR: 0.739, IR: 0.682, RRE: 1.202, RTE: 0.039, RMSE: 0.020, RR: 1.000, aRR: 1.000, aRR@0.3: 1.000, sRR: 1.000, lr: 6.859e-04, time: 0.153s/0.797s
[2025-07-04 11:46:24] [INFO] Epoch: 4/30, iter: 1270/2438, loss: 0.295, c_loss: 0.584, f_loss: 0.415, facw_loss: 0.295, PIR: 0.768, IR: 0.710, RRE: 1.134, RTE: 0.035, RMSE: 0.019, RR: 1.000, aRR: 1.000, aRR@0.3: 1.000, sRR: 1.000, lr: 6.859e-04, time: 0.153s/0.797s
[2025-07-04 11:46:34] [INFO] Epoch: 4/30, iter: 1280/2438, loss: 0.266, c_loss: 0.580, f_loss: 0.428, facw_loss: 0.266, PIR: 0.785, IR: 0.717, RRE: 1.029, RTE: 0.031, RMSE: 0.018, RR: 1.000, aRR: 1.000, aRR@0.3: 1.000, sRR: 1.000, lr: 6.859e-04, time: 0.153s/0.797s
[2025-07-04 11:46:43] [INFO] Epoch: 4/30, iter: 1290/2438, loss: 0.218, c_loss: 0.576, f_loss: 0.428, facw_loss: 0.218, PIR: 0.761, IR: 0.730, RRE: 1.156, RTE: 0.036, RMSE: 0.019, RR: 1.000, aRR: 1.000, aRR@0.3: 1.000, sRR: 1.000, lr: 6.859e-04, time: 0.153s/0.797s
[2025-07-04 11:46:52] [INFO] Epoch: 4/30, iter: 1300/2438, loss: 0.344, c_loss: 0.582, f_loss: 0.402, facw_loss: 0.344, PIR: 0.743, IR: 0.722, RRE: 1.237, RTE: 0.037, RMSE: 0.019, RR: 1.000, aRR: 1.000, aRR@0.3: 1.000, sRR: 1.000, lr: 6.859e-04, time: 0.153s/0.797s
[2025-07-04 11:47:01] [INFO] Epoch: 4/30, iter: 1310/2438, loss: 0.205, c_loss: 0.578, f_loss: 0.425, facw_loss: 0.205, PIR: 0.768, IR: 0.734, RRE: 1.063, RTE: 0.032, RMSE: 0.017, RR: 1.000, aRR: 1.000, aRR@0.3: 1.000, sRR: 1.000, lr: 6.859e-04, time: 0.153s/0.797s
[2025-07-04 11:47:10] [INFO] Epoch: 4/30, iter: 1320/2438, loss: 0.265, c_loss: 0.579, f_loss: 0.441, facw_loss: 0.265, PIR: 0.753, IR: 0.721, RRE: 2.343, RTE: 0.057, RMSE: 0.044, RR: 0.988, aRR: 1.000, aRR@0.3: 1.000, sRR: 1.000, lr: 6.859e-04, time: 0.153s/0.797s
[2025-07-04 11:47:19] [INFO] Epoch: 4/30, iter: 1330/2438, loss: 0.321, c_loss: 0.579, f_loss: 0.380, facw_loss: 0.321, PIR: 0.723, IR: 0.693, RRE: 1.302, RTE: 0.039, RMSE: 0.022, RR: 1.000, aRR: 1.000, aRR@0.3: 1.000, sRR: 1.000, lr: 6.859e-04, time: 0.153s/0.797s
[2025-07-04 11:47:28] [INFO] Epoch: 4/30, iter: 1340/2438, loss: 0.219, c_loss: 0.577, f_loss: 0.379, facw_loss: 0.219, PIR: 0.739, IR: 0.713, RRE: 1.239, RTE: 0.036, RMSE: 0.020, RR: 1.000, aRR: 1.000, aRR@0.3: 1.000, sRR: 1.000, lr: 6.859e-04, time: 0.153s/0.797s
[2025-07-04 11:47:37] [INFO] Epoch: 4/30, iter: 1350/2438, loss: 0.259, c_loss: 0.577, f_loss: 0.399, facw_loss: 0.259, PIR: 0.713, IR: 0.709, RRE: 1.074, RTE: 0.033, RMSE: 0.018, RR: 1.000, aRR: 1.000, aRR@0.3: 1.000, sRR: 1.000, lr: 6.859e-04, time: 0.153s/0.797s
[2025-07-04 11:47:47] [INFO] Epoch: 4/30, iter: 1360/2438, loss: 0.249, c_loss: 0.579, f_loss: 0.378, facw_loss: 0.249, PIR: 0.748, IR: 0.715, RRE: 1.187, RTE: 0.036, RMSE: 0.021, RR: 1.000, aRR: 1.000, aRR@0.3: 1.000, sRR: 1.000, lr: 6.859e-04, time: 0.153s/0.797s
[2025-07-04 11:47:56] [INFO] Epoch: 4/30, iter: 1370/2438, loss: 0.347, c_loss: 0.582, f_loss: 0.424, facw_loss: 0.347, PIR: 0.757, IR: 0.710, RRE: 1.255, RTE: 0.039, RMSE: 0.022, RR: 1.000, aRR: 1.000, aRR@0.3: 1.000, sRR: 1.000, lr: 6.859e-04, time: 0.153s/0.797s
[2025-07-04 11:48:05] [INFO] Epoch: 4/30, iter: 1380/2438, loss: 0.235, c_loss: 0.577, f_loss: 0.441, facw_loss: 0.235, PIR: 0.774, IR: 0.724, RRE: 1.035, RTE: 0.031, RMSE: 0.017, RR: 1.000, aRR: 1.000, aRR@0.3: 1.000, sRR: 1.000, lr: 6.859e-04, time: 0.153s/0.797s
[2025-07-04 11:48:14] [INFO] Epoch: 4/30, iter: 1390/2438, loss: 0.155, c_loss: 0.578, f_loss: 0.424, facw_loss: 0.155, PIR: 0.772, IR: 0.737, RRE: 1.134, RTE: 0.034, RMSE: 0.019, RR: 1.000, aRR: 1.000, aRR@0.3: 1.000, sRR: 1.000, lr: 6.859e-04, time: 0.153s/0.797s
[2025-07-04 11:48:23] [INFO] Epoch: 4/30, iter: 1400/2438, loss: 0.260, c_loss: 0.581, f_loss: 0.393, facw_loss: 0.260, PIR: 0.735, IR: 0.702, RRE: 1.247, RTE: 0.039, RMSE: 0.022, RR: 1.000, aRR: 1.000, aRR@0.3: 1.000, sRR: 1.000, lr: 6.859e-04, time: 0.153s/0.797s
[2025-07-04 11:48:33] [INFO] Epoch: 4/30, iter: 1410/2438, loss: 0.298, c_loss: 0.579, f_loss: 0.409, facw_loss: 0.298, PIR: 0.728, IR: 0.706, RRE: 1.756, RTE: 0.044, RMSE: 0.029, RR: 0.988, aRR: 1.000, aRR@0.3: 1.000, sRR: 1.000, lr: 6.859e-04, time: 0.153s/0.797s
[2025-07-04 11:48:42] [INFO] Epoch: 4/30, iter: 1420/2438, loss: 0.330, c_loss: 0.578, f_loss: 0.416, facw_loss: 0.330, PIR: 0.715, IR: 0.690, RRE: 1.201, RTE: 0.038, RMSE: 0.020, RR: 1.000, aRR: 1.000, aRR@0.3: 1.000, sRR: 1.000, lr: 6.859e-04, time: 0.152s/0.797s
[2025-07-04 11:48:51] [INFO] Epoch: 4/30, iter: 1430/2438, loss: 0.249, c_loss: 0.580, f_loss: 0.384, facw_loss: 0.249, PIR: 0.735, IR: 0.719, RRE: 1.195, RTE: 0.036, RMSE: 0.022, RR: 1.000, aRR: 1.000, aRR@0.3: 1.000, sRR: 1.000, lr: 6.859e-04, time: 0.152s/0.797s
[2025-07-04 11:49:00] [INFO] Epoch: 4/30, iter: 1440/2438, loss: 0.212, c_loss: 0.578, f_loss: 0.462, facw_loss: 0.212, PIR: 0.766, IR: 0.736, RRE: 1.094, RTE: 0.032, RMSE: 0.018, RR: 1.000, aRR: 1.000, aRR@0.3: 1.000, sRR: 1.000, lr: 6.859e-04, time: 0.152s/0.797s
[2025-07-04 11:49:10] [INFO] Epoch: 4/30, iter: 1450/2438, loss: 0.351, c_loss: 0.581, f_loss: 0.427, facw_loss: 0.351, PIR: 0.720, IR: 0.698, RRE: 1.103, RTE: 0.034, RMSE: 0.019, RR: 1.000, aRR: 1.000, aRR@0.3: 1.000, sRR: 1.000, lr: 6.859e-04, time: 0.152s/0.797s
[2025-07-04 11:49:19] [INFO] Epoch: 4/30, iter: 1460/2438, loss: 0.310, c_loss: 0.581, f_loss: 0.395, facw_loss: 0.310, PIR: 0.729, IR: 0.704, RRE: 1.255, RTE: 0.037, RMSE: 0.021, RR: 1.000, aRR: 1.000, aRR@0.3: 1.000, sRR: 1.000, lr: 6.859e-04, time: 0.152s/0.797s
[2025-07-04 11:49:28] [INFO] Epoch: 4/30, iter: 1470/2438, loss: 0.261, c_loss: 0.574, f_loss: 0.416, facw_loss: 0.261, PIR: 0.716, IR: 0.683, RRE: 1.141, RTE: 0.035, RMSE: 0.020, RR: 1.000, aRR: 1.000, aRR@0.3: 1.000, sRR: 1.000, lr: 6.859e-04, time: 0.152s/0.797s
[2025-07-04 11:49:37] [INFO] Epoch: 4/30, iter: 1480/2438, loss: 0.154, c_loss: 0.578, f_loss: 0.431, facw_loss: 0.154, PIR: 0.813, IR: 0.758, RRE: 1.179, RTE: 0.035, RMSE: 0.019, RR: 1.000, aRR: 1.000, aRR@0.3: 1.000, sRR: 1.000, lr: 6.859e-04, time: 0.152s/0.797s
[2025-07-04 11:49:46] [INFO] Epoch: 4/30, iter: 1490/2438, loss: 0.315, c_loss: 0.578, f_loss: 0.410, facw_loss: 0.315, PIR: 0.729, IR: 0.719, RRE: 1.122, RTE: 0.036, RMSE: 0.020, RR: 1.000, aRR: 1.000, aRR@0.3: 1.000, sRR: 1.000, lr: 6.859e-04, time: 0.152s/0.797s
[2025-07-04 11:49:56] [INFO] Epoch: 4/30, iter: 1500/2438, loss: 0.246, c_loss: 0.582, f_loss: 0.402, facw_loss: 0.246, PIR: 0.742, IR: 0.715, RRE: 1.070, RTE: 0.031, RMSE: 0.018, RR: 1.000, aRR: 1.000, aRR@0.3: 1.000, sRR: 1.000, lr: 6.859e-04, time: 0.152s/0.797s
[2025-07-04 11:50:05] [INFO] Epoch: 4/30, iter: 1510/2438, loss: 0.221, c_loss: 0.578, f_loss: 0.429, facw_loss: 0.221, PIR: 0.726, IR: 0.714, RRE: 1.167, RTE: 0.036, RMSE: 0.021, RR: 1.000, aRR: 1.000, aRR@0.3: 1.000, sRR: 1.000, lr: 6.859e-04, time: 0.152s/0.797s
[2025-07-04 11:50:14] [INFO] Epoch: 4/30, iter: 1520/2438, loss: 0.239, c_loss: 0.576, f_loss: 0.415, facw_loss: 0.239, PIR: 0.766, IR: 0.734, RRE: 1.248, RTE: 0.038, RMSE: 0.022, RR: 1.000, aRR: 1.000, aRR@0.3: 1.000, sRR: 1.000, lr: 6.859e-04, time: 0.152s/0.797s
[2025-07-04 11:50:23] [INFO] Epoch: 4/30, iter: 1530/2438, loss: 0.255, c_loss: 0.578, f_loss: 0.418, facw_loss: 0.255, PIR: 0.768, IR: 0.733, RRE: 1.152, RTE: 0.036, RMSE: 0.020, RR: 1.000, aRR: 1.000, aRR@0.3: 1.000, sRR: 1.000, lr: 6.859e-04, time: 0.152s/0.797s
[2025-07-04 11:50:32] [INFO] Epoch: 4/30, iter: 1540/2438, loss: 0.224, c_loss: 0.580, f_loss: 0.450, facw_loss: 0.224, PIR: 0.747, IR: 0.716, RRE: 1.067, RTE: 0.032, RMSE: 0.017, RR: 1.000, aRR: 1.000, aRR@0.3: 1.000, sRR: 1.000, lr: 6.859e-04, time: 0.152s/0.797s
[2025-07-04 11:50:42] [INFO] Epoch: 4/30, iter: 1550/2438, loss: 0.257, c_loss: 0.584, f_loss: 0.416, facw_loss: 0.257, PIR: 0.713, IR: 0.691, RRE: 1.234, RTE: 0.037, RMSE: 0.021, RR: 1.000, aRR: 1.000, aRR@0.3: 1.000, sRR: 1.000, lr: 6.859e-04, time: 0.152s/0.797s
[2025-07-04 11:50:51] [INFO] Epoch: 4/30, iter: 1560/2438, loss: 0.217, c_loss: 0.578, f_loss: 0.416, facw_loss: 0.217, PIR: 0.759, IR: 0.724, RRE: 1.018, RTE: 0.032, RMSE: 0.018, RR: 1.000, aRR: 1.000, aRR@0.3: 1.000, sRR: 1.000, lr: 6.859e-04, time: 0.152s/0.797s
[2025-07-04 11:51:00] [INFO] Epoch: 4/30, iter: 1570/2438, loss: 0.319, c_loss: 0.577, f_loss: 0.413, facw_loss: 0.319, PIR: 0.752, IR: 0.727, RRE: 1.190, RTE: 0.039, RMSE: 0.022, RR: 1.000, aRR: 1.000, aRR@0.3: 1.000, sRR: 1.000, lr: 6.859e-04, time: 0.152s/0.797s
[2025-07-04 11:51:09] [INFO] Epoch: 4/30, iter: 1580/2438, loss: 0.259, c_loss: 0.582, f_loss: 0.390, facw_loss: 0.259, PIR: 0.665, IR: 0.668, RRE: 1.349, RTE: 0.045, RMSE: 0.024, RR: 1.000, aRR: 1.000, aRR@0.3: 1.000, sRR: 1.000, lr: 6.859e-04, time: 0.152s/0.797s
[2025-07-04 11:51:18] [INFO] Epoch: 4/30, iter: 1590/2438, loss: 0.301, c_loss: 0.582, f_loss: 0.383, facw_loss: 0.301, PIR: 0.734, IR: 0.709, RRE: 1.310, RTE: 0.045, RMSE: 0.023, RR: 1.000, aRR: 1.000, aRR@0.3: 1.000, sRR: 1.000, lr: 6.859e-04, time: 0.152s/0.797s
[2025-07-04 11:51:27] [INFO] Epoch: 4/30, iter: 1600/2438, loss: 0.340, c_loss: 0.581, f_loss: 0.379, facw_loss: 0.340, PIR: 0.705, IR: 0.682, RRE: 2.504, RTE: 0.080, RMSE: 0.047, RR: 0.988, aRR: 1.000, aRR@0.3: 1.000, sRR: 1.000, lr: 6.859e-04, time: 0.152s/0.797s
[2025-07-04 11:51:36] [INFO] Epoch: 4/30, iter: 1610/2438, loss: 0.200, c_loss: 0.574, f_loss: 0.428, facw_loss: 0.200, PIR: 0.766, IR: 0.725, RRE: 1.007, RTE: 0.028, RMSE: 0.017, RR: 1.000, aRR: 1.000, aRR@0.3: 1.000, sRR: 1.000, lr: 6.859e-04, time: 0.152s/0.797s
[2025-07-04 11:51:46] [INFO] Epoch: 4/30, iter: 1620/2438, loss: 0.318, c_loss: 0.581, f_loss: 0.414, facw_loss: 0.318, PIR: 0.743, IR: 0.721, RRE: 1.260, RTE: 0.042, RMSE: 0.021, RR: 1.000, aRR: 1.000, aRR@0.3: 1.000, sRR: 1.000, lr: 6.859e-04, time: 0.152s/0.797s
[2025-07-04 11:51:55] [INFO] Epoch: 4/30, iter: 1630/2438, loss: 0.266, c_loss: 0.578, f_loss: 0.398, facw_loss: 0.266, PIR: 0.728, IR: 0.716, RRE: 1.217, RTE: 0.038, RMSE: 0.020, RR: 1.000, aRR: 1.000, aRR@0.3: 1.000, sRR: 1.000, lr: 6.859e-04, time: 0.152s/0.797s
[2025-07-04 11:52:03] [INFO] Epoch: 4/30, iter: 1640/2438, loss: 0.222, c_loss: 0.576, f_loss: 0.419, facw_loss: 0.222, PIR: 0.786, IR: 0.743, RRE: 1.252, RTE: 0.040, RMSE: 0.021, RR: 1.000, aRR: 1.000, aRR@0.3: 1.000, sRR: 1.000, lr: 6.859e-04, time: 0.152s/0.797s
[2025-07-04 11:52:13] [INFO] Epoch: 4/30, iter: 1650/2438, loss: 0.235, c_loss: 0.582, f_loss: 0.397, facw_loss: 0.235, PIR: 0.730, IR: 0.718, RRE: 1.215, RTE: 0.040, RMSE: 0.022, RR: 1.000, aRR: 1.000, aRR@0.3: 1.000, sRR: 1.000, lr: 6.859e-04, time: 0.152s/0.797s
[2025-07-04 11:52:22] [INFO] Epoch: 4/30, iter: 1660/2438, loss: 0.207, c_loss: 0.579, f_loss: 0.436, facw_loss: 0.207, PIR: 0.744, IR: 0.716, RRE: 1.021, RTE: 0.032, RMSE: 0.018, RR: 1.000, aRR: 1.000, aRR@0.3: 1.000, sRR: 1.000, lr: 6.859e-04, time: 0.151s/0.797s
[2025-07-04 11:52:31] [INFO] Epoch: 4/30, iter: 1670/2438, loss: 0.198, c_loss: 0.578, f_loss: 0.404, facw_loss: 0.198, PIR: 0.768, IR: 0.726, RRE: 1.211, RTE: 0.036, RMSE: 0.021, RR: 1.000, aRR: 1.000, aRR@0.3: 1.000, sRR: 1.000, lr: 6.859e-04, time: 0.151s/0.797s
[2025-07-04 11:52:40] [INFO] Epoch: 4/30, iter: 1680/2438, loss: 0.266, c_loss: 0.576, f_loss: 0.378, facw_loss: 0.266, PIR: 0.738, IR: 0.728, RRE: 1.177, RTE: 0.031, RMSE: 0.019, RR: 1.000, aRR: 1.000, aRR@0.3: 1.000, sRR: 1.000, lr: 6.859e-04, time: 0.151s/0.797s
[2025-07-04 11:52:49] [INFO] Epoch: 4/30, iter: 1690/2438, loss: 0.229, c_loss: 0.577, f_loss: 0.374, facw_loss: 0.229, PIR: 0.763, IR: 0.736, RRE: 1.059, RTE: 0.032, RMSE: 0.018, RR: 1.000, aRR: 1.000, aRR@0.3: 1.000, sRR: 1.000, lr: 6.859e-04, time: 0.151s/0.797s
[2025-07-04 11:52:57] [INFO] Epoch: 4/30, iter: 1700/2438, loss: 0.216, c_loss: 0.578, f_loss: 0.454, facw_loss: 0.216, PIR: 0.772, IR: 0.737, RRE: 1.158, RTE: 0.038, RMSE: 0.020, RR: 1.000, aRR: 1.000, aRR@0.3: 1.000, sRR: 1.000, lr: 6.859e-04, time: 0.151s/0.797s
[2025-07-04 11:53:07] [INFO] Epoch: 4/30, iter: 1710/2438, loss: 0.316, c_loss: 0.580, f_loss: 0.386, facw_loss: 0.316, PIR: 0.731, IR: 0.720, RRE: 1.268, RTE: 0.042, RMSE: 0.021, RR: 1.000, aRR: 1.000, aRR@0.3: 1.000, sRR: 1.000, lr: 6.859e-04, time: 0.151s/0.797s
[2025-07-04 11:53:16] [INFO] Epoch: 4/30, iter: 1720/2438, loss: 0.281, c_loss: 0.578, f_loss: 0.421, facw_loss: 0.281, PIR: 0.717, IR: 0.684, RRE: 1.274, RTE: 0.039, RMSE: 0.022, RR: 1.000, aRR: 1.000, aRR@0.3: 1.000, sRR: 1.000, lr: 6.859e-04, time: 0.151s/0.797s
[2025-07-04 11:53:25] [INFO] Epoch: 4/30, iter: 1730/2438, loss: 0.243, c_loss: 0.581, f_loss: 0.397, facw_loss: 0.243, PIR: 0.712, IR: 0.711, RRE: 1.164, RTE: 0.038, RMSE: 0.021, RR: 1.000, aRR: 1.000, aRR@0.3: 1.000, sRR: 1.000, lr: 6.859e-04, time: 0.151s/0.797s
[2025-07-04 11:53:34] [INFO] Epoch: 4/30, iter: 1740/2438, loss: 0.192, c_loss: 0.580, f_loss: 0.414, facw_loss: 0.192, PIR: 0.762, IR: 0.723, RRE: 1.177, RTE: 0.039, RMSE: 0.021, RR: 1.000, aRR: 1.000, aRR@0.3: 1.000, sRR: 1.000, lr: 6.859e-04, time: 0.151s/0.797s
[2025-07-04 11:53:43] [INFO] Epoch: 4/30, iter: 1750/2438, loss: 0.237, c_loss: 0.576, f_loss: 0.421, facw_loss: 0.237, PIR: 0.768, IR: 0.730, RRE: 1.097, RTE: 0.032, RMSE: 0.019, RR: 1.000, aRR: 1.000, aRR@0.3: 1.000, sRR: 1.000, lr: 6.859e-04, time: 0.151s/0.797s
[2025-07-04 11:53:52] [INFO] Epoch: 4/30, iter: 1760/2438, loss: 0.237, c_loss: 0.582, f_loss: 0.423, facw_loss: 0.237, PIR: 0.756, IR: 0.710, RRE: 1.212, RTE: 0.042, RMSE: 0.022, RR: 1.000, aRR: 1.000, aRR@0.3: 1.000, sRR: 1.000, lr: 6.859e-04, time: 0.151s/0.797s
[2025-07-04 11:54:01] [INFO] Epoch: 4/30, iter: 1770/2438, loss: 0.250, c_loss: 0.580, f_loss: 0.403, facw_loss: 0.250, PIR: 0.767, IR: 0.739, RRE: 1.025, RTE: 0.029, RMSE: 0.017, RR: 1.000, aRR: 1.000, aRR@0.3: 1.000, sRR: 1.000, lr: 6.859e-04, time: 0.151s/0.797s
[2025-07-04 11:54:10] [INFO] Epoch: 4/30, iter: 1780/2438, loss: 0.240, c_loss: 0.577, f_loss: 0.431, facw_loss: 0.240, PIR: 0.750, IR: 0.727, RRE: 1.236, RTE: 0.036, RMSE: 0.020, RR: 1.000, aRR: 1.000, aRR@0.3: 1.000, sRR: 1.000, lr: 6.859e-04, time: 0.151s/0.797s
[2025-07-04 11:54:20] [INFO] Epoch: 4/30, iter: 1790/2438, loss: 0.154, c_loss: 0.576, f_loss: 0.420, facw_loss: 0.154, PIR: 0.791, IR: 0.732, RRE: 1.217, RTE: 0.039, RMSE: 0.021, RR: 1.000, aRR: 1.000, aRR@0.3: 1.000, sRR: 1.000, lr: 6.859e-04, time: 0.151s/0.797s
[2025-07-04 11:54:29] [INFO] Epoch: 4/30, iter: 1800/2438, loss: 0.320, c_loss: 0.581, f_loss: 0.375, facw_loss: 0.320, PIR: 0.713, IR: 0.680, RRE: 1.172, RTE: 0.039, RMSE: 0.021, RR: 1.000, aRR: 1.000, aRR@0.3: 1.000, sRR: 1.000, lr: 6.859e-04, time: 0.151s/0.797s
[2025-07-04 11:54:38] [INFO] Epoch: 4/30, iter: 1810/2438, loss: 0.252, c_loss: 0.574, f_loss: 0.406, facw_loss: 0.252, PIR: 0.749, IR: 0.731, RRE: 1.290, RTE: 0.040, RMSE: 0.021, RR: 1.000, aRR: 1.000, aRR@0.3: 1.000, sRR: 1.000, lr: 6.859e-04, time: 0.151s/0.797s
[2025-07-04 11:54:47] [INFO] Epoch: 4/30, iter: 1820/2438, loss: 0.206, c_loss: 0.579, f_loss: 0.401, facw_loss: 0.206, PIR: 0.774, IR: 0.726, RRE: 1.244, RTE: 0.038, RMSE: 0.020, RR: 1.000, aRR: 1.000, aRR@0.3: 1.000, sRR: 1.000, lr: 6.859e-04, time: 0.151s/0.797s
[2025-07-04 11:54:56] [INFO] Epoch: 4/30, iter: 1830/2438, loss: 0.190, c_loss: 0.578, f_loss: 0.421, facw_loss: 0.190, PIR: 0.765, IR: 0.733, RRE: 1.207, RTE: 0.038, RMSE: 0.020, RR: 1.000, aRR: 1.000, aRR@0.3: 1.000, sRR: 1.000, lr: 6.859e-04, time: 0.151s/0.797s
[2025-07-04 11:55:05] [INFO] Epoch: 4/30, iter: 1840/2438, loss: 0.304, c_loss: 0.578, f_loss: 0.414, facw_loss: 0.304, PIR: 0.729, IR: 0.712, RRE: 1.208, RTE: 0.037, RMSE: 0.020, RR: 1.000, aRR: 1.000, aRR@0.3: 1.000, sRR: 1.000, lr: 6.859e-04, time: 0.151s/0.797s
[2025-07-04 11:55:14] [INFO] Epoch: 4/30, iter: 1850/2438, loss: 0.259, c_loss: 0.578, f_loss: 0.415, facw_loss: 0.259, PIR: 0.731, IR: 0.719, RRE: 1.116, RTE: 0.030, RMSE: 0.018, RR: 1.000, aRR: 1.000, aRR@0.3: 1.000, sRR: 1.000, lr: 6.859e-04, time: 0.151s/0.797s
[2025-07-04 11:55:23] [INFO] Epoch: 4/30, iter: 1860/2438, loss: 0.347, c_loss: 0.581, f_loss: 0.374, facw_loss: 0.347, PIR: 0.715, IR: 0.712, RRE: 1.291, RTE: 0.038, RMSE: 0.023, RR: 1.000, aRR: 1.000, aRR@0.3: 1.000, sRR: 1.000, lr: 6.859e-04, time: 0.151s/0.797s
[2025-07-04 11:55:32] [INFO] Epoch: 4/30, iter: 1870/2438, loss: 0.249, c_loss: 0.576, f_loss: 0.417, facw_loss: 0.249, PIR: 0.743, IR: 0.708, RRE: 1.216, RTE: 0.034, RMSE: 0.019, RR: 1.000, aRR: 1.000, aRR@0.3: 1.000, sRR: 1.000, lr: 6.859e-04, time: 0.151s/0.797s
[2025-07-04 11:55:41] [INFO] Epoch: 4/30, iter: 1880/2438, loss: 0.199, c_loss: 0.580, f_loss: 0.433, facw_loss: 0.199, PIR: 0.756, IR: 0.722, RRE: 1.203, RTE: 0.037, RMSE: 0.020, RR: 1.000, aRR: 1.000, aRR@0.3: 1.000, sRR: 1.000, lr: 6.859e-04, time: 0.151s/0.797s
[2025-07-04 11:55:50] [INFO] Epoch: 4/30, iter: 1890/2438, loss: 0.256, c_loss: 0.577, f_loss: 0.399, facw_loss: 0.256, PIR: 0.721, IR: 0.716, RRE: 1.276, RTE: 0.038, RMSE: 0.021, RR: 1.000, aRR: 1.000, aRR@0.3: 1.000, sRR: 1.000, lr: 6.859e-04, time: 0.151s/0.797s
[2025-07-04 11:55:59] [INFO] Epoch: 4/30, iter: 1900/2438, loss: 0.212, c_loss: 0.577, f_loss: 0.409, facw_loss: 0.212, PIR: 0.773, IR: 0.735, RRE: 1.238, RTE: 0.036, RMSE: 0.020, RR: 1.000, aRR: 1.000, aRR@0.3: 1.000, sRR: 1.000, lr: 6.859e-04, time: 0.150s/0.797s
[2025-07-04 11:56:08] [INFO] Epoch: 4/30, iter: 1910/2438, loss: 0.204, c_loss: 0.576, f_loss: 0.378, facw_loss: 0.204, PIR: 0.723, IR: 0.716, RRE: 1.395, RTE: 0.043, RMSE: 0.022, RR: 1.000, aRR: 1.000, aRR@0.3: 1.000, sRR: 1.000, lr: 6.859e-04, time: 0.150s/0.797s
[2025-07-04 11:56:17] [INFO] Epoch: 4/30, iter: 1920/2438, loss: 0.177, c_loss: 0.577, f_loss: 0.450, facw_loss: 0.177, PIR: 0.759, IR: 0.715, RRE: 1.099, RTE: 0.030, RMSE: 0.018, RR: 1.000, aRR: 1.000, aRR@0.3: 1.000, sRR: 1.000, lr: 6.859e-04, time: 0.150s/0.797s
[2025-07-04 11:56:26] [INFO] Epoch: 4/30, iter: 1930/2438, loss: 0.187, c_loss: 0.579, f_loss: 0.415, facw_loss: 0.187, PIR: 0.753, IR: 0.740, RRE: 1.184, RTE: 0.036, RMSE: 0.018, RR: 1.000, aRR: 1.000, aRR@0.3: 1.000, sRR: 1.000, lr: 6.859e-04, time: 0.150s/0.797s
[2025-07-04 11:56:35] [INFO] Epoch: 4/30, iter: 1940/2438, loss: 0.319, c_loss: 0.577, f_loss: 0.373, facw_loss: 0.319, PIR: 0.735, IR: 0.714, RRE: 1.871, RTE: 0.042, RMSE: 0.032, RR: 0.988, aRR: 1.000, aRR@0.3: 1.000, sRR: 1.000, lr: 6.859e-04, time: 0.150s/0.797s
[2025-07-04 11:56:44] [INFO] Epoch: 4/30, iter: 1950/2438, loss: 0.269, c_loss: 0.580, f_loss: 0.387, facw_loss: 0.269, PIR: 0.752, IR: 0.733, RRE: 1.283, RTE: 0.037, RMSE: 0.020, RR: 1.000, aRR: 1.000, aRR@0.3: 1.000, sRR: 1.000, lr: 6.859e-04, time: 0.150s/0.797s
[2025-07-04 11:56:54] [INFO] Epoch: 4/30, iter: 1960/2438, loss: 0.154, c_loss: 0.583, f_loss: 0.401, facw_loss: 0.154, PIR: 0.743, IR: 0.715, RRE: 1.233, RTE: 0.040, RMSE: 0.021, RR: 1.000, aRR: 1.000, aRR@0.3: 1.000, sRR: 1.000, lr: 6.859e-04, time: 0.150s/0.797s
[2025-07-04 11:57:03] [INFO] Epoch: 4/30, iter: 1970/2438, loss: 0.230, c_loss: 0.580, f_loss: 0.412, facw_loss: 0.230, PIR: 0.775, IR: 0.723, RRE: 1.197, RTE: 0.034, RMSE: 0.020, RR: 1.000, aRR: 1.000, aRR@0.3: 1.000, sRR: 1.000, lr: 6.859e-04, time: 0.150s/0.797s
[2025-07-04 11:57:12] [INFO] Epoch: 4/30, iter: 1980/2438, loss: 0.197, c_loss: 0.576, f_loss: 0.407, facw_loss: 0.197, PIR: 0.754, IR: 0.752, RRE: 1.033, RTE: 0.027, RMSE: 0.016, RR: 1.000, aRR: 1.000, aRR@0.3: 1.000, sRR: 1.000, lr: 6.859e-04, time: 0.150s/0.797s
[2025-07-04 11:57:21] [INFO] Epoch: 4/30, iter: 1990/2438, loss: 0.297, c_loss: 0.579, f_loss: 0.400, facw_loss: 0.297, PIR: 0.736, IR: 0.722, RRE: 1.313, RTE: 0.044, RMSE: 0.022, RR: 1.000, aRR: 1.000, aRR@0.3: 1.000, sRR: 1.000, lr: 6.859e-04, time: 0.150s/0.797s
[2025-07-04 11:57:31] [INFO] Epoch: 4/30, iter: 2000/2438, loss: 0.244, c_loss: 0.579, f_loss: 0.410, facw_loss: 0.244, PIR: 0.769, IR: 0.735, RRE: 1.215, RTE: 0.039, RMSE: 0.020, RR: 1.000, aRR: 1.000, aRR@0.3: 1.000, sRR: 1.000, lr: 6.859e-04, time: 0.150s/0.797s
[2025-07-04 11:57:40] [INFO] Epoch: 4/30, iter: 2010/2438, loss: 0.350, c_loss: 0.578, f_loss: 0.419, facw_loss: 0.350, PIR: 0.711, IR: 0.691, RRE: 1.687, RTE: 0.050, RMSE: 0.028, RR: 0.988, aRR: 1.000, aRR@0.3: 1.000, sRR: 1.000, lr: 6.859e-04, time: 0.150s/0.797s
[2025-07-04 11:57:48] [INFO] Epoch: 4/30, iter: 2020/2438, loss: 0.232, c_loss: 0.573, f_loss: 0.440, facw_loss: 0.232, PIR: 0.750, IR: 0.733, RRE: 1.253, RTE: 0.039, RMSE: 0.020, RR: 1.000, aRR: 1.000, aRR@0.3: 1.000, sRR: 1.000, lr: 6.859e-04, time: 0.150s/0.797s
[2025-07-04 11:57:57] [INFO] Epoch: 4/30, iter: 2030/2438, loss: 0.243, c_loss: 0.577, f_loss: 0.395, facw_loss: 0.243, PIR: 0.752, IR: 0.711, RRE: 1.221, RTE: 0.037, RMSE: 0.020, RR: 1.000, aRR: 1.000, aRR@0.3: 1.000, sRR: 1.000, lr: 6.859e-04, time: 0.150s/0.797s
[2025-07-04 11:58:06] [INFO] Epoch: 4/30, iter: 2040/2438, loss: 0.272, c_loss: 0.576, f_loss: 0.381, facw_loss: 0.272, PIR: 0.717, IR: 0.699, RRE: 1.315, RTE: 0.042, RMSE: 0.023, RR: 1.000, aRR: 1.000, aRR@0.3: 1.000, sRR: 1.000, lr: 6.859e-04, time: 0.150s/0.797s
[2025-07-04 11:58:16] [INFO] Epoch: 4/30, iter: 2050/2438, loss: 0.368, c_loss: 0.581, f_loss: 0.396, facw_loss: 0.368, PIR: 0.714, IR: 0.714, RRE: 1.301, RTE: 0.033, RMSE: 0.022, RR: 1.000, aRR: 1.000, aRR@0.3: 1.000, sRR: 1.000, lr: 6.859e-04, time: 0.150s/0.797s
[2025-07-04 11:58:25] [INFO] Epoch: 4/30, iter: 2060/2438, loss: 0.221, c_loss: 0.577, f_loss: 0.406, facw_loss: 0.221, PIR: 0.730, IR: 0.714, RRE: 1.171, RTE: 0.035, RMSE: 0.019, RR: 1.000, aRR: 1.000, aRR@0.3: 1.000, sRR: 1.000, lr: 6.859e-04, time: 0.150s/0.797s
[2025-07-04 11:58:34] [INFO] Epoch: 4/30, iter: 2070/2438, loss: 0.238, c_loss: 0.581, f_loss: 0.405, facw_loss: 0.238, PIR: 0.752, IR: 0.728, RRE: 1.226, RTE: 0.038, RMSE: 0.020, RR: 1.000, aRR: 1.000, aRR@0.3: 1.000, sRR: 1.000, lr: 6.859e-04, time: 0.150s/0.797s
[2025-07-04 11:58:43] [INFO] Epoch: 4/30, iter: 2080/2438, loss: 0.244, c_loss: 0.577, f_loss: 0.406, facw_loss: 0.244, PIR: 0.751, IR: 0.735, RRE: 1.114, RTE: 0.030, RMSE: 0.018, RR: 1.000, aRR: 1.000, aRR@0.3: 1.000, sRR: 1.000, lr: 6.859e-04, time: 0.150s/0.797s
[2025-07-04 11:58:52] [INFO] Epoch: 4/30, iter: 2090/2438, loss: 0.161, c_loss: 0.579, f_loss: 0.419, facw_loss: 0.161, PIR: 0.751, IR: 0.738, RRE: 1.228, RTE: 0.036, RMSE: 0.020, RR: 1.000, aRR: 1.000, aRR@0.3: 1.000, sRR: 1.000, lr: 6.859e-04, time: 0.150s/0.797s
[2025-07-04 11:59:01] [INFO] Epoch: 4/30, iter: 2100/2438, loss: 0.194, c_loss: 0.580, f_loss: 0.410, facw_loss: 0.194, PIR: 0.738, IR: 0.722, RRE: 1.183, RTE: 0.036, RMSE: 0.020, RR: 1.000, aRR: 1.000, aRR@0.3: 1.000, sRR: 1.000, lr: 6.859e-04, time: 0.150s/0.797s
[2025-07-04 11:59:10] [INFO] Epoch: 4/30, iter: 2110/2438, loss: 0.283, c_loss: 0.584, f_loss: 0.397, facw_loss: 0.283, PIR: 0.716, IR: 0.696, RRE: 1.341, RTE: 0.044, RMSE: 0.023, RR: 1.000, aRR: 1.000, aRR@0.3: 1.000, sRR: 1.000, lr: 6.859e-04, time: 0.150s/0.797s
[2025-07-04 11:59:19] [INFO] Epoch: 4/30, iter: 2120/2438, loss: 0.221, c_loss: 0.575, f_loss: 0.414, facw_loss: 0.221, PIR: 0.766, IR: 0.735, RRE: 1.155, RTE: 0.036, RMSE: 0.019, RR: 1.000, aRR: 1.000, aRR@0.3: 1.000, sRR: 1.000, lr: 6.859e-04, time: 0.150s/0.797s
[2025-07-04 11:59:28] [INFO] Epoch: 4/30, iter: 2130/2438, loss: 0.260, c_loss: 0.578, f_loss: 0.428, facw_loss: 0.260, PIR: 0.751, IR: 0.721, RRE: 1.111, RTE: 0.033, RMSE: 0.019, RR: 1.000, aRR: 1.000, aRR@0.3: 1.000, sRR: 1.000, lr: 6.859e-04, time: 0.150s/0.797s
[2025-07-04 11:59:37] [INFO] Epoch: 4/30, iter: 2140/2438, loss: 0.208, c_loss: 0.579, f_loss: 0.420, facw_loss: 0.208, PIR: 0.738, IR: 0.726, RRE: 1.144, RTE: 0.038, RMSE: 0.020, RR: 1.000, aRR: 1.000, aRR@0.3: 1.000, sRR: 1.000, lr: 6.859e-04, time: 0.150s/0.797s
[2025-07-04 11:59:46] [INFO] Epoch: 4/30, iter: 2150/2438, loss: 0.219, c_loss: 0.577, f_loss: 0.420, facw_loss: 0.219, PIR: 0.708, IR: 0.695, RRE: 3.175, RTE: 0.048, RMSE: 0.043, RR: 0.988, aRR: 1.000, aRR@0.3: 1.000, sRR: 1.000, lr: 6.859e-04, time: 0.150s/0.797s
[2025-07-04 11:59:55] [INFO] Epoch: 4/30, iter: 2160/2438, loss: 0.219, c_loss: 0.583, f_loss: 0.421, facw_loss: 0.219, PIR: 0.747, IR: 0.718, RRE: 2.684, RTE: 0.071, RMSE: 0.064, RR: 0.988, aRR: 1.000, aRR@0.3: 1.000, sRR: 1.000, lr: 6.859e-04, time: 0.150s/0.797s
[2025-07-04 12:00:04] [INFO] Epoch: 4/30, iter: 2170/2438, loss: 0.134, c_loss: 0.578, f_loss: 0.432, facw_loss: 0.134, PIR: 0.800, IR: 0.740, RRE: 1.065, RTE: 0.030, RMSE: 0.017, RR: 1.000, aRR: 1.000, aRR@0.3: 1.000, sRR: 1.000, lr: 6.859e-04, time: 0.150s/0.797s
[2025-07-04 12:00:13] [INFO] Epoch: 4/30, iter: 2180/2438, loss: 0.182, c_loss: 0.581, f_loss: 0.414, facw_loss: 0.182, PIR: 0.743, IR: 0.712, RRE: 1.022, RTE: 0.035, RMSE: 0.019, RR: 1.000, aRR: 1.000, aRR@0.3: 1.000, sRR: 1.000, lr: 6.859e-04, time: 0.150s/0.797s
[2025-07-04 12:00:22] [INFO] Epoch: 4/30, iter: 2190/2438, loss: 0.242, c_loss: 0.578, f_loss: 0.439, facw_loss: 0.242, PIR: 0.777, IR: 0.745, RRE: 1.122, RTE: 0.037, RMSE: 0.019, RR: 1.000, aRR: 1.000, aRR@0.3: 1.000, sRR: 1.000, lr: 6.859e-04, time: 0.149s/0.797s
[2025-07-04 12:00:31] [INFO] Epoch: 4/30, iter: 2200/2438, loss: 0.232, c_loss: 0.579, f_loss: 0.407, facw_loss: 0.232, PIR: 0.767, IR: 0.736, RRE: 1.252, RTE: 0.042, RMSE: 0.021, RR: 1.000, aRR: 1.000, aRR@0.3: 1.000, sRR: 1.000, lr: 6.859e-04, time: 0.149s/0.797s
[2025-07-04 12:00:41] [INFO] Epoch: 4/30, iter: 2210/2438, loss: 0.228, c_loss: 0.575, f_loss: 0.427, facw_loss: 0.228, PIR: 0.772, IR: 0.728, RRE: 1.215, RTE: 0.040, RMSE: 0.020, RR: 1.000, aRR: 1.000, aRR@0.3: 1.000, sRR: 1.000, lr: 6.859e-04, time: 0.149s/0.797s
[2025-07-04 12:00:50] [INFO] Epoch: 4/30, iter: 2220/2438, loss: 0.203, c_loss: 0.579, f_loss: 0.392, facw_loss: 0.203, PIR: 0.737, IR: 0.721, RRE: 1.254, RTE: 0.039, RMSE: 0.020, RR: 1.000, aRR: 1.000, aRR@0.3: 1.000, sRR: 1.000, lr: 6.859e-04, time: 0.149s/0.797s
[2025-07-04 12:00:59] [INFO] Epoch: 4/30, iter: 2230/2438, loss: 0.166, c_loss: 0.580, f_loss: 0.424, facw_loss: 0.166, PIR: 0.763, IR: 0.735, RRE: 1.073, RTE: 0.033, RMSE: 0.018, RR: 1.000, aRR: 1.000, aRR@0.3: 1.000, sRR: 1.000, lr: 6.859e-04, time: 0.149s/0.797s
[2025-07-04 12:01:09] [INFO] Epoch: 4/30, iter: 2240/2438, loss: 0.287, c_loss: 0.583, f_loss: 0.402, facw_loss: 0.287, PIR: 0.733, IR: 0.716, RRE: 1.153, RTE: 0.034, RMSE: 0.019, RR: 1.000, aRR: 1.000, aRR@0.3: 1.000, sRR: 1.000, lr: 6.859e-04, time: 0.149s/0.797s
[2025-07-04 12:01:18] [INFO] Epoch: 4/30, iter: 2250/2438, loss: 0.217, c_loss: 0.576, f_loss: 0.384, facw_loss: 0.217, PIR: 0.753, IR: 0.720, RRE: 2.791, RTE: 0.054, RMSE: 0.039, RR: 0.988, aRR: 1.000, aRR@0.3: 1.000, sRR: 1.000, lr: 6.859e-04, time: 0.149s/0.797s
[2025-07-04 12:01:27] [INFO] Epoch: 4/30, iter: 2260/2438, loss: 0.222, c_loss: 0.576, f_loss: 0.425, facw_loss: 0.222, PIR: 0.754, IR: 0.710, RRE: 1.196, RTE: 0.037, RMSE: 0.020, RR: 1.000, aRR: 1.000, aRR@0.3: 1.000, sRR: 1.000, lr: 6.859e-04, time: 0.149s/0.797s
[2025-07-04 12:01:36] [INFO] Epoch: 4/30, iter: 2270/2438, loss: 0.336, c_loss: 0.577, f_loss: 0.406, facw_loss: 0.336, PIR: 0.745, IR: 0.722, RRE: 1.101, RTE: 0.031, RMSE: 0.019, RR: 1.000, aRR: 1.000, aRR@0.3: 1.000, sRR: 1.000, lr: 6.859e-04, time: 0.149s/0.797s
[2025-07-04 12:01:45] [INFO] Epoch: 4/30, iter: 2280/2438, loss: 0.199, c_loss: 0.578, f_loss: 0.420, facw_loss: 0.199, PIR: 0.785, IR: 0.738, RRE: 1.212, RTE: 0.040, RMSE: 0.020, RR: 1.000, aRR: 1.000, aRR@0.3: 1.000, sRR: 1.000, lr: 6.859e-04, time: 0.149s/0.797s
[2025-07-04 12:01:53] [INFO] Epoch: 4/30, iter: 2290/2438, loss: 0.201, c_loss: 0.580, f_loss: 0.445, facw_loss: 0.201, PIR: 0.790, IR: 0.737, RRE: 1.063, RTE: 0.030, RMSE: 0.018, RR: 1.000, aRR: 1.000, aRR@0.3: 1.000, sRR: 1.000, lr: 6.859e-04, time: 0.149s/0.797s
[2025-07-04 12:02:03] [INFO] Epoch: 4/30, iter: 2300/2438, loss: 0.246, c_loss: 0.583, f_loss: 0.405, facw_loss: 0.246, PIR: 0.747, IR: 0.700, RRE: 1.017, RTE: 0.032, RMSE: 0.018, RR: 1.000, aRR: 1.000, aRR@0.3: 1.000, sRR: 1.000, lr: 6.859e-04, time: 0.149s/0.797s
[2025-07-04 12:02:12] [INFO] Epoch: 4/30, iter: 2310/2438, loss: 0.229, c_loss: 0.578, f_loss: 0.428, facw_loss: 0.229, PIR: 0.777, IR: 0.729, RRE: 1.053, RTE: 0.029, RMSE: 0.017, RR: 1.000, aRR: 1.000, aRR@0.3: 1.000, sRR: 1.000, lr: 6.859e-04, time: 0.149s/0.797s
[2025-07-04 12:02:21] [INFO] Epoch: 4/30, iter: 2320/2438, loss: 0.193, c_loss: 0.577, f_loss: 0.441, facw_loss: 0.193, PIR: 0.749, IR: 0.735, RRE: 1.109, RTE: 0.029, RMSE: 0.018, RR: 1.000, aRR: 1.000, aRR@0.3: 1.000, sRR: 1.000, lr: 6.859e-04, time: 0.149s/0.797s
[2025-07-04 12:02:31] [INFO] Epoch: 4/30, iter: 2330/2438, loss: 0.186, c_loss: 0.580, f_loss: 0.424, facw_loss: 0.186, PIR: 0.758, IR: 0.715, RRE: 1.136, RTE: 0.035, RMSE: 0.020, RR: 1.000, aRR: 1.000, aRR@0.3: 1.000, sRR: 1.000, lr: 6.859e-04, time: 0.149s/0.797s
[2025-07-04 12:02:40] [INFO] Epoch: 4/30, iter: 2340/2438, loss: 0.279, c_loss: 0.578, f_loss: 0.394, facw_loss: 0.279, PIR: 0.755, IR: 0.716, RRE: 1.077, RTE: 0.034, RMSE: 0.019, RR: 1.000, aRR: 1.000, aRR@0.3: 1.000, sRR: 1.000, lr: 6.859e-04, time: 0.149s/0.797s
[2025-07-04 12:02:49] [INFO] Epoch: 4/30, iter: 2350/2438, loss: 0.248, c_loss: 0.579, f_loss: 0.400, facw_loss: 0.248, PIR: 0.726, IR: 0.724, RRE: 1.200, RTE: 0.033, RMSE: 0.020, RR: 1.000, aRR: 1.000, aRR@0.3: 1.000, sRR: 1.000, lr: 6.859e-04, time: 0.149s/0.797s
[2025-07-04 12:02:59] [INFO] Epoch: 4/30, iter: 2360/2438, loss: 0.222, c_loss: 0.581, f_loss: 0.440, facw_loss: 0.222, PIR: 0.755, IR: 0.709, RRE: 1.212, RTE: 0.035, RMSE: 0.021, RR: 1.000, aRR: 1.000, aRR@0.3: 1.000, sRR: 1.000, lr: 6.859e-04, time: 0.149s/0.797s
[2025-07-04 12:03:08] [INFO] Epoch: 4/30, iter: 2370/2438, loss: 0.169, c_loss: 0.576, f_loss: 0.437, facw_loss: 0.169, PIR: 0.794, IR: 0.754, RRE: 1.137, RTE: 0.034, RMSE: 0.019, RR: 1.000, aRR: 1.000, aRR@0.3: 1.000, sRR: 1.000, lr: 6.859e-04, time: 0.149s/0.797s
[2025-07-04 12:03:16] [INFO] Epoch: 4/30, iter: 2380/2438, loss: 0.244, c_loss: 0.574, f_loss: 0.414, facw_loss: 0.244, PIR: 0.759, IR: 0.727, RRE: 1.207, RTE: 0.035, RMSE: 0.020, RR: 1.000, aRR: 1.000, aRR@0.3: 1.000, sRR: 1.000, lr: 6.859e-04, time: 0.149s/0.797s
[2025-07-04 12:03:26] [INFO] Epoch: 4/30, iter: 2390/2438, loss: 0.282, c_loss: 0.579, f_loss: 0.398, facw_loss: 0.282, PIR: 0.731, IR: 0.702, RRE: 1.153, RTE: 0.035, RMSE: 0.020, RR: 1.000, aRR: 1.000, aRR@0.3: 1.000, sRR: 1.000, lr: 6.859e-04, time: 0.149s/0.797s
[2025-07-04 12:03:35] [INFO] Epoch: 4/30, iter: 2400/2438, loss: 0.257, c_loss: 0.580, f_loss: 0.384, facw_loss: 0.257, PIR: 0.742, IR: 0.710, RRE: 1.141, RTE: 0.035, RMSE: 0.019, RR: 1.000, aRR: 1.000, aRR@0.3: 1.000, sRR: 1.000, lr: 6.859e-04, time: 0.149s/0.797s
[2025-07-04 12:03:44] [INFO] Epoch: 4/30, iter: 2410/2438, loss: 0.199, c_loss: 0.580, f_loss: 0.417, facw_loss: 0.199, PIR: 0.762, IR: 0.722, RRE: 1.238, RTE: 0.036, RMSE: 0.021, RR: 1.000, aRR: 1.000, aRR@0.3: 1.000, sRR: 1.000, lr: 6.859e-04, time: 0.149s/0.797s
[2025-07-04 12:03:53] [INFO] Epoch: 4/30, iter: 2420/2438, loss: 0.137, c_loss: 0.579, f_loss: 0.442, facw_loss: 0.137, PIR: 0.775, IR: 0.740, RRE: 1.125, RTE: 0.031, RMSE: 0.017, RR: 1.000, aRR: 1.000, aRR@0.3: 1.000, sRR: 1.000, lr: 6.859e-04, time: 0.149s/0.797s
[2025-07-04 12:04:02] [INFO] Epoch: 4/30, iter: 2430/2438, loss: 0.224, c_loss: 0.578, f_loss: 0.429, facw_loss: 0.224, PIR: 0.722, IR: 0.694, RRE: 1.317, RTE: 0.044, RMSE: 0.022, RR: 1.000, aRR: 1.000, aRR@0.3: 1.000, sRR: 1.000, lr: 6.859e-04, time: 0.149s/0.797s
[2025-07-04 12:04:10] [CRIT] Epoch: 4, loss: 0.209, c_loss: 0.578, f_loss: 0.420, facw_loss: 0.209, PIR: 0.782, IR: 0.737, RRE: 1.161, RTE: 0.033, RMSE: 0.018, RR: 1.000, aRR: 1.000, aRR@0.3: 1.000, sRR: 1.000, time: 0.149s/0.797s
[2025-07-04 12:04:10] [INFO] Model saved to "/root/SOAR/output/SOAR/snapshots/epoch-4.pth.tar"
[2025-07-04 12:04:10] [INFO] Snapshot saved to "/root/SOAR/output/SOAR/snapshots/snapshot.pth.tar"
[2025-07-04 12:05:49] [CRIT] [Val] Epoch: 4, loss: 0.350, c_loss: 0.700, f_loss: 1.916, facw_loss: 0.350, PIR: 0.896, IR: 0.798, RRE: 10.854, RTE: 0.130, RMSE: 0.101, RR: 0.933, aRR: 0.955, aRR@0.3: 0.955, sRR: 0.955, time: 0.195s/0.429s
[2025-07-04 12:06:01] [INFO] Epoch: 5/30, iter: 10/2438, loss: 0.244, c_loss: 0.577, f_loss: 0.415, facw_loss: 0.244, PIR: 0.758, IR: 0.738, RRE: 1.131, RTE: 0.032, RMSE: 0.019, RR: 1.000, aRR: 1.000, aRR@0.3: 1.000, sRR: 1.000, lr: 6.516e-04, time: 0.159s/0.797s
[2025-07-04 12:06:10] [INFO] Epoch: 5/30, iter: 20/2438, loss: 0.168, c_loss: 0.576, f_loss: 0.423, facw_loss: 0.168, PIR: 0.747, IR: 0.724, RRE: 1.237, RTE: 0.037, RMSE: 0.020, RR: 1.000, aRR: 1.000, aRR@0.3: 1.000, sRR: 1.000, lr: 6.516e-04, time: 0.159s/0.797s
[2025-07-04 12:06:19] [INFO] Epoch: 5/30, iter: 30/2438, loss: 0.248, c_loss: 0.580, f_loss: 0.382, facw_loss: 0.248, PIR: 0.736, IR: 0.703, RRE: 1.169, RTE: 0.038, RMSE: 0.020, RR: 1.000, aRR: 1.000, aRR@0.3: 1.000, sRR: 1.000, lr: 6.516e-04, time: 0.159s/0.797s
[2025-07-04 12:06:27] [INFO] Epoch: 5/30, iter: 40/2438, loss: 0.195, c_loss: 0.579, f_loss: 0.403, facw_loss: 0.195, PIR: 0.765, IR: 0.731, RRE: 1.126, RTE: 0.032, RMSE: 0.019, RR: 1.000, aRR: 1.000, aRR@0.3: 1.000, sRR: 1.000, lr: 6.516e-04, time: 0.159s/0.797s
[2025-07-04 12:06:36] [INFO] Epoch: 5/30, iter: 50/2438, loss: 0.249, c_loss: 0.573, f_loss: 0.454, facw_loss: 0.249, PIR: 0.746, IR: 0.724, RRE: 1.077, RTE: 0.031, RMSE: 0.017, RR: 1.000, aRR: 1.000, aRR@0.3: 1.000, sRR: 1.000, lr: 6.516e-04, time: 0.159s/0.797s
[2025-07-04 12:06:46] [INFO] Epoch: 5/30, iter: 60/2438, loss: 0.282, c_loss: 0.582, f_loss: 0.390, facw_loss: 0.282, PIR: 0.719, IR: 0.695, RRE: 3.216, RTE: 0.040, RMSE: 0.049, RR: 0.988, aRR: 1.000, aRR@0.3: 1.000, sRR: 1.000, lr: 6.516e-04, time: 0.159s/0.797s
[2025-07-04 12:06:55] [INFO] Epoch: 5/30, iter: 70/2438, loss: 0.232, c_loss: 0.579, f_loss: 0.445, facw_loss: 0.232, PIR: 0.771, IR: 0.723, RRE: 1.220, RTE: 0.037, RMSE: 0.019, RR: 1.000, aRR: 1.000, aRR@0.3: 1.000, sRR: 1.000, lr: 6.516e-04, time: 0.159s/0.797s
[2025-07-04 12:07:04] [INFO] Epoch: 5/30, iter: 80/2438, loss: 0.297, c_loss: 0.580, f_loss: 0.401, facw_loss: 0.297, PIR: 0.735, IR: 0.703, RRE: 1.230, RTE: 0.039, RMSE: 0.021, RR: 1.000, aRR: 1.000, aRR@0.3: 1.000, sRR: 1.000, lr: 6.516e-04, time: 0.159s/0.797s
[2025-07-04 12:07:13] [INFO] Epoch: 5/30, iter: 90/2438, loss: 0.283, c_loss: 0.578, f_loss: 0.408, facw_loss: 0.283, PIR: 0.772, IR: 0.730, RRE: 1.331, RTE: 0.040, RMSE: 0.020, RR: 1.000, aRR: 1.000, aRR@0.3: 1.000, sRR: 1.000, lr: 6.516e-04, time: 0.159s/0.797s
[2025-07-04 12:07:22] [INFO] Epoch: 5/30, iter: 100/2438, loss: 0.172, c_loss: 0.581, f_loss: 0.436, facw_loss: 0.172, PIR: 0.744, IR: 0.712, RRE: 1.151, RTE: 0.034, RMSE: 0.020, RR: 1.000, aRR: 1.000, aRR@0.3: 1.000, sRR: 1.000, lr: 6.516e-04, time: 0.159s/0.797s
[2025-07-04 12:07:31] [INFO] Epoch: 5/30, iter: 110/2438, loss: 0.207, c_loss: 0.577, f_loss: 0.431, facw_loss: 0.207, PIR: 0.749, IR: 0.730, RRE: 1.212, RTE: 0.036, RMSE: 0.019, RR: 1.000, aRR: 1.000, aRR@0.3: 1.000, sRR: 1.000, lr: 6.516e-04, time: 0.158s/0.797s
[2025-07-04 12:07:41] [INFO] Epoch: 5/30, iter: 120/2438, loss: 0.274, c_loss: 0.582, f_loss: 0.403, facw_loss: 0.274, PIR: 0.736, IR: 0.711, RRE: 1.121, RTE: 0.034, RMSE: 0.021, RR: 1.000, aRR: 1.000, aRR@0.3: 1.000, sRR: 1.000, lr: 6.516e-04, time: 0.158s/0.797s
[2025-07-04 12:07:50] [INFO] Epoch: 5/30, iter: 130/2438, loss: 0.249, c_loss: 0.576, f_loss: 0.393, facw_loss: 0.249, PIR: 0.685, IR: 0.695, RRE: 1.291, RTE: 0.040, RMSE: 0.021, RR: 1.000, aRR: 1.000, aRR@0.3: 1.000, sRR: 1.000, lr: 6.516e-04, time: 0.158s/0.797s
[2025-07-04 12:07:59] [INFO] Epoch: 5/30, iter: 140/2438, loss: 0.314, c_loss: 0.579, f_loss: 0.371, facw_loss: 0.314, PIR: 0.718, IR: 0.687, RRE: 2.035, RTE: 0.053, RMSE: 0.034, RR: 0.988, aRR: 1.000, aRR@0.3: 1.000, sRR: 1.000, lr: 6.516e-04, time: 0.158s/0.797s
[2025-07-04 12:08:09] [INFO] Epoch: 5/30, iter: 150/2438, loss: 0.250, c_loss: 0.582, f_loss: 0.397, facw_loss: 0.250, PIR: 0.756, IR: 0.716, RRE: 1.050, RTE: 0.031, RMSE: 0.019, RR: 1.000, aRR: 1.000, aRR@0.3: 1.000, sRR: 1.000, lr: 6.516e-04, time: 0.158s/0.797s
[2025-07-04 12:08:18] [INFO] Epoch: 5/30, iter: 160/2438, loss: 0.168, c_loss: 0.579, f_loss: 0.411, facw_loss: 0.168, PIR: 0.756, IR: 0.723, RRE: 1.159, RTE: 0.038, RMSE: 0.020, RR: 1.000, aRR: 1.000, aRR@0.3: 1.000, sRR: 1.000, lr: 6.516e-04, time: 0.158s/0.797s
