ply
format ascii 1.0
element vertex 8000
property float x
property float y
property float z
end_header
1.4040000438690186 -0.3659999370574951 3.068000078201294
1.3980000019073486 -0.3539999723434448 3.055999994277954
1.4040000438690186 -0.38999998569488525 3.0320000648498535
1.3919999599456787 -0.3659999370574951 3.0260000228881836
1.3980000019073486 -0.38399994373321533 3.0260000228881836
1.3859999179840088 -0.34200000762939453 3.0260000228881836
1.380000114440918 -0.37199997901916504 3.002000093460083
1.3919999599456787 -0.38999998569488525 3.002000093460083
1.380000114440918 -0.34800004959106445 3.002000093460083
1.374000072479248 -0.34200000762939453 3.002000093460083
1.380000114440918 -0.34800004959106445 2.990000009536743
1.380000114440918 -0.37199997901916504 2.9839999675750732
1.374000072479248 -0.3659999370574951 2.9779999256134033
1.380000114440918 -0.38999998569488525 2.9779999256134033
1.3680000305175781 -0.34800004959106445 2.9779999256134033
1.380000114440918 -0.3960000276565552 2.9720001220703125
1.3559999465942383 -0.3240000009536743 2.9779999256134033
1.3980000019073486 -0.4320000410079956 2.9779999256134033
1.3919999599456787 -0.4320000410079956 2.9720001220703125
1.3680000305175781 -0.37199997901916504 2.9539999961853027
1.3680000305175781 -0.37800002098083496 2.9539999961853027
1.380000114440918 -0.3240000009536743 2.9539999961853027
1.3500001430511475 -0.34800004959106445 2.9539999961853027
1.3559999465942383 -0.3240000009536743 2.9539999961853027
1.434000015258789 -0.2940000295639038 2.9600000381469727
1.3440001010894775 -0.2999999523162842 2.9660000801086426
1.4219999313354492 -0.2940000295639038 2.9539999961853027
1.4040000438690186 -0.37199997901916504 2.930000066757202
1.3380000591278076 -0.3059999942779541 2.9600000381469727
1.4040000438690186 -0.38999998569488525 2.930000066757202
1.380000114440918 -0.37199997901916504 2.930000066757202
1.3859999179840088 -0.34800004959106445 2.930000066757202
1.4040000438690186 -0.3359999656677246 2.930000066757202
1.374000072479248 -0.34800004959106445 2.930000066757202
1.3680000305175781 -0.37199997901916504 2.930000066757202
1.380000114440918 -0.3960000276565552 2.930000066757202
1.4040000438690186 -0.3240000009536743 2.930000066757202
1.3980000019073486 -0.3240000009536743 2.930000066757202
1.3619999885559082 -0.3960000276565552 2.930000066757202
1.3680000305175781 -0.37800002098083496 2.9240000247955322
1.380000114440918 -0.41999995708465576 2.930000066757202
1.3980000019073486 -0.3659999370574951 2.9179999828338623
1.4160001277923584 -0.4859999418258667 2.9779999256134033
1.3919999599456787 -0.34800004959106445 2.9179999828338623
1.380000114440918 -0.4259999990463257 2.930000066757202
1.3680000305175781 -0.41999995708465576 2.930000066757202
1.4040000438690186 -0.2999999523162842 2.930000066757202
1.3919999599456787 -0.2999999523162842 2.930000066757202
1.374000072479248 -0.4320000410079956 2.930000066757202
1.3500001430511475 -0.3059999942779541 2.930000066757202
1.4279999732971191 -0.2879999876022339 2.930000066757202
1.4100000858306885 -0.37199997901916504 2.9060001373291016
1.4219999313354492 -0.3240000009536743 2.9119999408721924
1.4100000858306885 -0.34800004959106445 2.9060001373291016
1.3380000591278076 -0.3059999942779541 2.930000066757202
1.3980000019073486 -0.3960000276565552 2.9060001373291016
1.3500001430511475 -0.3059999942779541 2.9240000247955322
1.4040000438690186 -0.4859999418258667 2.9539999961853027
1.3440001010894775 -0.3059999942779541 2.9240000247955322
1.4279999732971191 -0.3240000009536743 2.9060001373291016
1.4279999732971191 -0.40799999237060547 2.9060001373291016
1.3320000171661377 -0.2999999523162842 2.930000066757202
1.4040000438690186 -0.3960000276565552 2.9000000953674316
1.434000015258789 -0.37199997901916504 2.9000000953674316
1.4279999732971191 -0.3960000276565552 2.9000000953674316
1.446000099182129 -0.34800004959106445 2.9000000953674316
1.4520001411437988 -0.3659999370574951 2.9000000953674316
1.3919999599456787 -0.4739999771118164 2.930000066757202
1.4040000438690186 -0.41999995708465576 2.9000000953674316
1.3859999179840088 -0.41999995708465576 2.9000000953674316
1.4040000438690186 -0.4259999990463257 2.9000000953674316
1.4639999866485596 -0.34800004959106445 2.9000000953674316
1.4520001411437988 -0.3240000009536743 2.9000000953674316
1.3500001430511475 -0.4140000343322754 2.9000000953674316
1.3859999179840088 -0.41999995708465576 2.8940000534057617
1.4760000705718994 -0.34200000762939453 2.9000000953674316
1.4040000438690186 -0.49800002574920654 2.936000108718872
1.380000114440918 -0.2879999876022339 2.9000000953674316
1.380000114440918 -0.4440000057220459 2.9000000953674316
1.446000099182129 -0.2940000295639038 2.9000000953674316
1.4760000705718994 -0.3240000009536743 2.9000000953674316
1.374000072479248 -0.2879999876022339 2.9000000953674316
1.4100000858306885 -0.28199994564056396 2.9000000953674316
1.4579999446868896 -0.2999999523162842 2.9000000953674316
1.3680000305175781 -0.4440000057220459 2.9000000953674316
1.4219999313354492 -0.3960000276565552 2.881999969482422
1.4040000438690186 -0.4559999704360962 2.9000000953674316
1.3980000019073486 -0.49800002574920654 2.930000066757202
1.374000072479248 -0.4559999704360962 2.9000000953674316
1.434000015258789 -0.37199997901916504 2.875999927520752
1.4279999732971191 -0.3960000276565552 2.875999927520752
1.4520001411437988 -0.37199997901916504 2.875999927520752
1.3259999752044678 -0.2940000295639038 2.9000000953674316
1.4520001411437988 -0.38399994373321533 2.875999927520752
1.4279999732971191 -0.4140000343322754 2.875999927520752
1.4100000858306885 -0.41999995708465576 2.875999927520752
1.4279999732971191 -0.26999998092651367 2.8940000534057617
1.3859999179840088 -0.4739999771118164 2.9000000953674316
1.4639999866485596 -0.34800004959106445 2.875999927520752
1.4040000438690186 -0.2760000228881836 2.881999969482422
1.4760000705718994 -0.3359999656677246 2.875999927520752
1.4040000438690186 -0.4440000057220459 2.875999927520752
1.4700000286102295 -0.3240000009536743 2.875999927520752
1.3559999465942383 -0.4440000057220459 2.881999969482422
1.3980000019073486 -0.4440000057220459 2.875999927520752
1.4040000438690186 -0.5099999904632568 2.9179999828338623
1.446000099182129 -0.37199997901916504 2.864000082015991
1.4760000705718994 -0.3240000009536743 2.875999927520752
1.4520001411437988 -0.26999998092651367 2.888000011444092
1.380000114440918 -0.28199994564056396 2.875999927520752
1.4639999866485596 -0.2999999523162842 2.875999927520752
1.4219999313354492 -0.41999995708465576 2.864000082015991
1.3619999885559082 -0.4620000123977661 2.881999969482422
1.434000015258789 -0.2760000228881836 2.875999927520752
1.3859999179840088 -0.49800002574920654 2.9000000953674316
1.4100000858306885 -0.26999998092651367 2.875999927520752
1.3559999465942383 -0.28199994564056396 2.875999927520752
1.440000057220459 -0.3960000276565552 2.8580000400543213
1.3440001010894775 -0.4259999990463257 2.870000123977661
1.4040000438690186 -0.4679999351501465 2.875999927520752
1.374000072479248 -0.4859999418258667 2.888000011444092
1.4760000705718994 -0.3240000009536743 2.864000082015991
1.3859999179840088 -0.4739999771118164 2.875999927520752
1.3919999599456787 -0.515999972820282 2.9060001373291016
1.3259999752044678 -0.2879999876022339 2.875999927520752
1.4520001411437988 -0.3960000276565552 2.8519999980926514
1.434000015258789 -0.41999995708465576 2.8519999980926514
1.4219999313354492 -0.4440000057220459 2.8580000400543213
1.4639999866485596 -0.34800004959106445 2.8519999980926514
1.4700000286102295 -0.37199997901916504 2.8519999980926514
1.4520001411437988 -0.41999995708465576 2.8519999980926514
1.308000087738037 -0.2879999876022339 2.875999927520752
1.4760000705718994 -0.3960000276565552 2.8519999980926514
1.380000114440918 -0.2760000228881836 2.8580000400543213
1.4700000286102295 -0.3240000009536743 2.8519999980926514
1.434000015258789 -0.41999995708465576 2.8459999561309814
1.3980000019073486 -0.4739999771118164 2.864000082015991
1.434000015258789 -0.4440000057220459 2.8519999980926514
1.4639999866485596 -0.3960000276565552 2.8459999561309814
1.446000099182129 -0.2760000228881836 2.8580000400543213
1.4879999160766602 -0.22800004482269287 2.9000000953674316
1.4639999866485596 -0.2999999523162842 2.8519999980926514
1.380000114440918 -0.49800002574920654 2.875999927520752
1.4520001411437988 -0.4440000057220459 2.8519999980926514
1.4879999160766602 -0.22200000286102295 2.9000000953674316
1.4520001411437988 -0.4500000476837158 2.8519999980926514
1.380000114440918 -0.26999998092651367 2.8519999980926514
1.374000072479248 -0.26999998092651367 2.8519999980926514
1.434000015258789 -0.26999998092651367 2.8519999980926514
1.3559999465942383 -0.2760000228881836 2.8519999980926514
1.4040000438690186 -0.26399993896484375 2.8519999980926514
1.446000099182129 -0.4259999990463257 2.8399999141693115
1.4879999160766602 -0.1979999542236328 2.9179999828338623
1.4520001411437988 -0.26999998092651367 2.8519999980926514
1.380000114440918 -0.5099999904632568 2.875999927520752
1.4879999160766602 -0.24599993228912354 2.875999927520752
1.4160001277923584 -0.4739999771118164 2.8519999980926514
1.4279999732971191 -0.4739999771118164 2.8519999980926514
1.3259999752044678 -0.28199994564056396 2.8519999980926514
1.3500001430511475 -0.2760000228881836 2.8459999561309814
1.4760000705718994 -0.22200000286102295 2.881999969482422
1.4160001277923584 -0.4739999771118164 2.8459999561309814
1.4760000705718994 -0.24599993228912354 2.864000082015991
1.4639999866485596 -0.34800004959106445 2.828000068664551
1.4879999160766602 -0.2760000228881836 2.8519999980926514
1.4700000286102295 -0.22200000286102295 2.875999927520752
1.4820001125335693 -0.26999998092651367 2.8519999980926514
1.4700000286102295 -0.37199997901916504 2.828000068664551
1.4700000286102295 -0.41999995708465576 2.8340001106262207
1.4760000705718994 -0.37199997901916504 2.828000068664551
1.2960000038146973 -0.28199994564056396 2.8580000400543213
1.4639999866485596 -0.3240000009536743 2.828000068664551
1.4760000705718994 -0.3960000276565552 2.828000068664551
1.4760000705718994 -0.26999998092651367 2.8459999561309814
1.4040000438690186 -0.49800002574920654 2.8519999980926514
1.3020000457763672 -0.28199994564056396 2.8519999980926514
1.4579999446868896 -0.26999998092651367 2.8399999141693115
1.3980000019073486 -0.49800002574920654 2.8519999980926514
1.4639999866485596 -0.24599993228912354 2.8519999980926514
1.4639999866485596 -0.2999999523162842 2.828000068664551
1.4820001125335693 -0.41999995708465576 2.828000068664551
1.4760000705718994 -0.2999999523162842 2.828000068664551
1.4639999866485596 -0.4440000057220459 2.828000068664551
1.4040000438690186 -0.5099999904632568 2.8519999980926514
1.446000099182129 -0.22800004482269287 2.8519999980926514
1.4579999446868896 -0.22200000286102295 2.8580000400543213
1.4700000286102295 -0.37199997901916504 2.815999984741211
1.49399995803833 -0.3179999589920044 2.828000068664551
1.4700000286102295 -0.38399994373321533 2.815999984741211
1.4520001411437988 -0.24599993228912354 2.8399999141693115
1.4760000705718994 -0.4440000057220459 2.828000068664551
1.3259999752044678 -0.2760000228881836 2.8340001106262207
1.4040000438690186 -0.2580000162124634 2.828000068664551
1.49399995803833 -0.17400002479553223 2.9119999408721924
1.3919999599456787 -0.2580000162124634 2.828000068664551
1.3500001430511475 -0.26999998092651367 2.828000068664551
1.4279999732971191 -0.2580000162124634 2.828000068664551
1.440000057220459 -0.4739999771118164 2.828000068664551
1.3380000591278076 -0.26999998092651367 2.828000068664551
1.4700000286102295 -0.34800004959106445 2.809999942779541
1.3859999179840088 -0.5220000147819519 2.8519999980926514
1.4520001411437988 -0.4739999771118164 2.828000068664551
1.374000072479248 -0.5220000147819519 2.8519999980926514
1.4639999866485596 -0.3240000009536743 2.809999942779541
1.4520001411437988 -0.22200000286102295 2.8459999561309814
1.434000015258789 -0.24599993228912354 2.828000068664551
1.3680000305175781 -0.515999972820282 2.8459999561309814
1.3859999179840088 -0.527999997138977 2.8519999980926514
1.4760000705718994 -0.3240000009536743 2.809999942779541
1.4040000438690186 -0.5640000104904175 2.881999969482422
1.4279999732971191 -0.25199997425079346 2.822000026702881
1.4760000705718994 -0.4739999771118164 2.828000068664551
1.446000099182129 -0.22200000286102295 2.8399999141693115
1.308000087738037 -0.2760000228881836 2.828000068664551
1.4760000705718994 -0.37199997901916504 2.803999900817871
1.4219999313354492 -0.49800002574920654 2.828000068664551
1.4279999732971191 -0.49800002574920654 2.828000068664551
1.4520001411437988 -0.4919999837875366 2.828000068664551
1.3980000019073486 -0.5640000104904175 2.875999927520752
1.446000099182129 -0.4739999771118164 2.815999984741211
1.4879999160766602 -0.34800004959106445 2.803999900817871
1.3020000457763672 -0.26999998092651367 2.828000068664551
1.4879999160766602 -0.3960000276565552 2.803999900817871
1.4579999446868896 -0.4739999771118164 2.815999984741211
1.4219999313354492 -0.49800002574920654 2.822000026702881
1.2899999618530273 -0.2760000228881836 2.828000068664551
1.4820001125335693 -0.41999995708465576 2.803999900817871
1.3980000019073486 -0.5220000147819519 2.8340001106262207
1.4279999732971191 -0.24000000953674316 2.815999984741211
1.308000087738037 -0.2760000228881836 2.815999984741211
1.4040000438690186 -0.5759999752044678 2.875999927520752
1.380000114440918 -0.2580000162124634 2.803999900817871
1.4100000858306885 -0.5220000147819519 2.828000068664551
1.4820001125335693 -0.37199997901916504 2.7920000553131104
1.4279999732971191 -0.5220000147819519 2.828000068664551
1.3680000305175781 -0.2580000162124634 2.803999900817871
1.446000099182129 -0.49800002574920654 2.815999984741211
1.4100000858306885 -0.25199997425079346 2.803999900817871
1.4879999160766602 -0.4440000057220459 2.803999900817871
1.4820001125335693 -0.4320000410079956 2.7980000972747803
1.4160001277923584 -0.24599993228912354 2.803999900817871
1.4279999732971191 -0.527999997138977 2.828000068664551
1.4219999313354492 -0.5099999904632568 2.815999984741211
1.4040000438690186 -0.25199997425079346 2.7980000972747803
1.4879999160766602 -0.4620000123977661 2.803999900817871
1.3259999752044678 -0.26399993896484375 2.803999900817871
1.4579999446868896 -0.49800002574920654 2.809999942779541
1.3680000305175781 -0.5339999794960022 2.828000068664551
1.4879999160766602 -0.515999972820282 2.828000068664551
1.4700000286102295 -0.38399994373321533 2.7799999713897705
1.4279999732971191 -0.22200000286102295 2.809999942779541
1.3919999599456787 -0.5699999928474426 2.8519999980926514
1.4760000705718994 -0.3960000276565552 2.7799999713897705
1.3020000457763672 -0.26999998092651367 2.803999900817871
1.4760000705718994 -0.40799999237060547 2.7799999713897705
1.4040000438690186 -0.5460000038146973 2.828000068664551
1.3980000019073486 -0.5460000038146973 2.828000068664551
1.2960000038146973 -0.26999998092651367 2.803999900817871
1.4879999160766602 -0.49800002574920654 2.809999942779541
1.4700000286102295 -0.38399994373321533 2.7739999294281006
1.2780001163482666 -0.2760000228881836 2.803999900817871
1.2720000743865967 -0.26399993896484375 2.809999942779541
1.2720000743865967 -0.2760000228881836 2.803999900817871
1.446000099182129 -0.5220000147819519 2.803999900817871
1.4160001277923584 -0.5460000038146973 2.815999984741211
1.4520001411437988 -0.5220000147819519 2.803999900817871
1.380000114440918 -0.25199997425079346 2.7799999713897705
1.3680000305175781 -0.25199997425079346 2.7799999713897705
1.3919999599456787 -0.24599993228912354 2.7799999713897705
1.4040000438690186 -0.24000000953674316 2.7799999713897705
1.4040000438690186 -0.5699999928474426 2.828000068664551
1.4760000705718994 -0.5220000147819519 2.803999900817871
1.380000114440918 -0.5699999928474426 2.828000068664551
1.4100000858306885 -0.22200000286102295 2.7860000133514404
1.3259999752044678 -0.2580000162124634 2.7799999713897705
1.4219999313354492 -0.6179999709129333 2.875999927520752
1.3619999885559082 -0.5460000038146973 2.809999942779541
1.3980000019073486 -0.5699999928474426 2.822000026702881
1.3500001430511475 -0.25199997425079346 2.7739999294281006
1.4760000705718994 -0.5339999794960022 2.803999900817871
1.440000057220459 -0.5460000038146973 2.803999900817871
1.4579999446868896 -0.5220000147819519 2.7920000553131104
1.3020000457763672 -0.26399993896484375 2.7799999713897705
1.4520001411437988 -0.5460000038146973 2.803999900817871
1.4040000438690186 -0.22800004482269287 2.7739999294281006
1.2899999618530273 -0.26399993896484375 2.7799999713897705
1.2720000743865967 -0.26999998092651367 2.7799999713897705
1.4040000438690186 -0.6179999709129333 2.8519999980926514
1.446000099182129 -0.5460000038146973 2.7920000553131104
1.4520001411437988 -0.5640000104904175 2.803999900817871
1.4219999313354492 -0.5699999928474426 2.803999900817871
1.4279999732971191 -0.5699999928474426 2.803999900817871
1.4040000438690186 -0.5999999642372131 2.828000068664551
1.4760000705718994 -0.5220000147819519 2.7799999713897705
1.3919999599456787 -0.5999999642372131 2.828000068664551
1.3259999752044678 -0.25199997425079346 2.76200008392334
1.4760000705718994 -0.527999997138977 2.7799999713897705
1.4219999313354492 -0.5699999928474426 2.7980000972747803
1.4160001277923584 -0.6299999952316284 2.8519999980926514
1.380000114440918 -0.24000000953674316 2.75
1.3500001430511475 -0.24599993228912354 2.75
1.3980000019073486 -0.593999981880188 2.809999942779541
1.4700000286102295 -0.5339999794960022 2.7739999294281006
1.4700000286102295 -0.5460000038146973 2.7799999713897705
1.3020000457763672 -0.25199997425079346 2.75600004196167
1.3259999752044678 -0.24599993228912354 2.75
1.3859999179840088 -0.22200000286102295 2.75
1.4279999732971191 -0.593999981880188 2.803999900817871
1.380000114440918 -0.23399996757507324 2.74399995803833
1.434000015258789 -0.6420000195503235 2.8519999980926514
1.3980000019073486 -0.6240000128746033 2.828000068664551
1.4100000858306885 -0.6240000128746033 2.828000068664551
1.4100000858306885 -0.5999999642372131 2.803999900817871
1.308000087738037 -0.24599993228912354 2.75
1.440000057220459 -0.5699999928474426 2.7799999713897705
1.4279999732971191 -0.6420000195503235 2.8459999561309814
1.380000114440918 -0.22200000286102295 2.74399995803833
1.4520001411437988 -0.5699999928474426 2.7799999713897705
1.4279999732971191 -0.6119999885559082 2.809999942779541
1.2780001163482666 -0.25199997425079346 2.75
1.4100000858306885 -0.6359999775886536 2.828000068664551
1.2839999198913574 -0.25199997425079346 2.74399995803833
1.4279999732971191 -0.6119999885559082 2.7980000972747803
1.4520001411437988 -0.5879999995231628 2.7799999713897705
1.4279999732971191 -0.6599999666213989 2.8459999561309814
1.4160001277923584 -0.6240000128746033 2.803999900817871
1.253999948501587 -0.25199997425079346 2.75
1.3500001430511475 -0.23399996757507324 2.7260000705718994
1.4160001277923584 -0.5999999642372131 2.7799999713897705
1.4279999732971191 -0.5999999642372131 2.7799999713897705
1.2420001029968262 -0.2580000162124634 2.75
1.4279999732971191 -0.6299999952316284 2.803999900817871
1.3259999752044678 -0.23399996757507324 2.7260000705718994
1.3500001430511475 -0.22200000286102295 2.7260000705718994
1.3440001010894775 -0.22200000286102295 2.7260000705718994
1.4639999866485596 -0.5699999928474426 2.75600004196167
1.2599999904632568 -0.25199997425079346 2.73799991607666
1.3500001430511475 -0.22800004482269287 2.7200000286102295
1.3020000457763672 -0.24000000953674316 2.7260000705718994
1.4219999313354492 -0.6599999666213989 2.828000068664551
1.4219999313354492 -0.5999999642372131 2.7680001258850098
1.3919999599456787 -0.6240000128746033 2.7860000133514404
1.3500001430511475 -0.5820000171661377 2.75600004196167
1.2780001163482666 -0.24000000953674316 2.7260000705718994
1.4040000438690186 -0.6480000019073486 2.803999900817871
1.3980000019073486 -0.6480000019073486 2.803999900817871
1.4100000858306885 -0.6240000128746033 2.7799999713897705
1.3259999752044678 -0.22800004482269287 2.7139999866485596
1.446000099182129 -0.5879999995231628 2.75
1.4160001277923584 -0.6539999842643738 2.803999900817871
1.253999948501587 -0.24000000953674316 2.7260000705718994
1.3500001430511475 -0.22200000286102295 2.7019999027252197
1.4520001411437988 -0.5999999642372131 2.75
1.3020000457763672 -0.22800004482269287 2.7079999446868896
1.3980000019073486 -0.6660000085830688 2.803999900817871
1.2300000190734863 -0.25199997425079346 2.7260000705718994
1.3259999752044678 -0.22200000286102295 2.7019999027252197
1.4040000438690186 -0.6779999732971191 2.815999984741211
1.2300000190734863 -0.24599993228912354 2.7260000705718994
1.4040000438690186 -0.6480000019073486 2.7799999713897705
1.4579999446868896 -0.5999999642372131 2.74399995803833
1.3859999179840088 -0.6480000019073486 2.7799999713897705
1.2780001163482666 -0.22800004482269287 2.7079999446868896
1.3020000457763672 -0.22200000286102295 2.7019999027252197
1.2239999771118164 -0.24000000953674316 2.7260000705718994
1.2780001163482666 -0.22200000286102295 2.7079999446868896
1.3980000019073486 -0.6779999732971191 2.803999900817871
1.4219999313354492 -0.6240000128746033 2.75
1.434000015258789 -0.6240000128746033 2.75
1.4040000438690186 -0.6599999666213989 2.7799999713897705
1.4520001411437988 -0.6240000128746033 2.75
1.2720000743865967 -0.22200000286102295 2.7019999027252197
1.440000057220459 -0.6240000128746033 2.74399995803833
1.380000114440918 -0.6480000019073486 2.76200008392334
1.4040000438690186 -0.6840000152587891 2.7980000972747803
1.374000072479248 -0.6480000019073486 2.76200008392334
1.253999948501587 -0.22800004482269287 2.7019999027252197
1.3919999599456787 -0.671999990940094 2.7799999713897705
1.3619999885559082 -0.1979999542236328 2.684000015258789
1.374000072479248 -0.6539999842643738 2.76200008392334
1.4520001411437988 -0.6240000128746033 2.73799991607666
1.3500001430511475 -0.21000003814697266 2.677999973297119
1.253999948501587 -0.22800004482269287 2.696000099182129
1.3259999752044678 -0.21599996089935303 2.677999973297119
1.4219999313354492 -0.6480000019073486 2.75
1.4279999732971191 -0.6480000019073486 2.75
1.3199999332427979 -0.21599996089935303 2.677999973297119
1.2300000190734863 -0.23399996757507324 2.7019999027252197
1.2239999771118164 -0.24000000953674316 2.7019999027252197
1.4520001411437988 -0.6480000019073486 2.75
1.3980000019073486 -0.6840000152587891 2.7799999713897705
1.2360000610351562 -0.22800004482269287 2.690000057220459
1.2780001163482666 -0.21599996089935303 2.677999973297119
1.4520001411437988 -0.6480000019073486 2.73799991607666
1.3500001430511475 -0.20399999618530273 2.6660001277923584
1.3980000019073486 -0.671999990940094 2.75600004196167
1.4579999446868896 -0.6660000085830688 2.75
1.446000099182129 -0.6480000019073486 2.7320001125335693
1.4040000438690186 -0.671999990940094 2.75
1.434000015258789 -0.671999990940094 2.75
1.253999948501587 -0.21599996089935303 2.677999973297119
1.3980000019073486 -0.6840000152587891 2.75
1.4219999313354492 -0.671999990940094 2.73799991607666
1.2300000190734863 -0.22200000286102295 2.677999973297119
1.3259999752044678 -0.20399999618530273 2.6540000438690186
1.3380000591278076 -0.1979999542236328 2.6540000438690186
1.4219999313354492 -0.7319999933242798 2.803999900817871
1.4520001411437988 -0.671999990940094 2.73799991607666
1.2060000896453857 -0.22800004482269287 2.684000015258789
1.314000129699707 -0.20399999618530273 2.6540000438690186
1.434000015258789 -0.671999990940094 2.7320001125335693
1.3199999332427979 -0.20399999618530273 2.6480000019073486
1.3020000457763672 -0.1979999542236328 2.6540000438690186
1.4040000438690186 -0.6959999799728394 2.75
1.2839999198913574 -0.20399999618530273 2.6540000438690186
1.2060000896453857 -0.22200000286102295 2.677999973297119
1.4520001411437988 -0.6840000152587891 2.73799991607666
1.3259999752044678 -0.20399999618530273 2.6419999599456787
1.3919999599456787 -0.75 2.809999942779541
1.2780001163482666 -0.1979999542236328 2.6540000438690186
1.2000000476837158 -0.23399996757507324 2.671999931335449
1.2660000324249268 -0.1979999542236328 2.6540000438690186
1.253999948501587 -0.20399999618530273 2.6540000438690186
1.4040000438690186 -0.7379999756813049 2.7799999713897705
1.4160001277923584 -0.6899999976158142 2.7260000705718994
1.2300000190734863 -0.21000003814697266 2.6540000438690186
1.3259999752044678 -0.1979999542236328 2.630000114440918
1.3680000305175781 -0.7559999823570251 2.7980000972747803
1.380000114440918 -0.7440000176429749 2.7799999713897705
1.4279999732971191 -0.6959999799728394 2.7260000705718994
1.4040000438690186 -0.7199999690055847 2.75
1.3980000019073486 -0.7199999690055847 2.75
1.4040000438690186 -0.7260000109672546 2.75600004196167
1.434000015258789 -0.6959999799728394 2.7200000286102295
1.3020000457763672 -0.19200003147125244 2.630000114440918
1.3559999465942383 -0.75 2.7799999713897705
1.2960000038146973 -0.19200003147125244 2.630000114440918
1.3320000171661377 -0.17400002479553223 2.630000114440918
1.3980000019073486 -0.7199999690055847 2.73799991607666
1.434000015258789 -0.7020000219345093 2.7200000286102295
1.380000114440918 -0.7319999933242798 2.75
1.187999963760376 -0.22800004482269287 2.6540000438690186
1.2000000476837158 -0.21000003814697266 2.6540000438690186
1.2300000190734863 -0.20399999618530273 2.6419999599456787
1.187999963760376 -0.22200000286102295 2.6540000438690186
1.3559999465942383 -0.7199999690055847 2.7320001125335693
1.4100000858306885 -0.7199999690055847 2.7260000705718994
1.4279999732971191 -0.7199999690055847 2.7260000705718994
1.253999948501587 -0.19200003147125244 2.630000114440918
1.3259999752044678 -0.17400002479553223 2.618000030517578
1.2300000190734863 -0.1979999542236328 2.630000114440918
1.3500001430511475 -0.75 2.75
1.2060000896453857 -0.20399999618530273 2.635999917984009
1.3380000591278076 -0.75 2.75
1.308000087738037 -0.7680000066757202 2.7799999713897705
1.3259999752044678 -0.1799999475479126 2.6059999465942383
1.308000087738037 -0.18599998950958252 2.6059999465942383
1.3440001010894775 -0.7559999823570251 2.75
1.3199999332427979 -0.17400002479553223 2.6059999465942383
1.308000087738037 -0.75 2.75
1.2899999618530273 -0.1799999475479126 2.6059999465942383
1.2000000476837158 -0.1979999542236328 2.630000114440918
1.2899999618530273 -0.17400002479553223 2.6059999465942383
1.4040000438690186 -0.75 2.7260000705718994
1.4279999732971191 -0.75 2.7260000705718994
1.380000114440918 -0.75 2.7260000705718994
1.3680000305175781 -0.75 2.7260000705718994
1.3259999752044678 -0.75 2.7320001125335693
1.1760001182556152 -0.21000003814697266 2.630000114440918
1.3020000457763672 -0.7619999647140503 2.75
1.4160001277923584 -0.75 2.7200000286102295
1.4279999732971191 -0.75 2.7200000286102295
1.380000114440918 -0.75 2.7200000286102295
1.181999921798706 -0.1979999542236328 2.630000114440918
1.253999948501587 -0.1799999475479126 2.6059999465942383
1.2899999618530273 -0.7619999647140503 2.75
1.2660000324249268 -0.1799999475479126 2.5999999046325684
1.314000129699707 -0.1799999475479126 2.5880000591278076
1.314000129699707 -0.7559999823570251 2.7320001125335693
1.3020000457763672 -0.75 2.7260000705718994
1.1760001182556152 -0.20399999618530273 2.624000072479248
1.2300000190734863 -0.18599998950958252 2.6059999465942383
1.2899999618530273 -0.75 2.7260000705718994
1.434000015258789 -0.7680000066757202 2.7260000705718994
1.1700000762939453 -0.22800004482269287 2.611999988555908
1.4160001277923584 -0.7739999890327454 2.7260000705718994
1.2300000190734863 -0.1799999475479126 2.5999999046325684
1.380000114440918 -0.7739999890327454 2.7260000705718994
1.2780001163482666 -0.7559999823570251 2.7260000705718994
1.3500001430511475 -0.7739999890327454 2.7260000705718994
1.2000000476837158 -0.18599998950958252 2.6059999465942383
1.3320000171661377 -0.7739999890327454 2.7260000705718994
1.2899999618530273 -0.7559999823570251 2.7139999866485596
1.2720000743865967 -0.7559999823570251 2.7200000286102295
1.3020000457763672 -0.1679999828338623 2.5759999752044678
1.3020000457763672 -0.75 2.7019999027252197
1.1640000343322754 -0.21599996089935303 2.6059999465942383
1.3259999752044678 -0.7739999890327454 2.7200000286102295
1.2839999198913574 -0.75 2.7019999027252197
1.2179999351501465 -0.7619999647140503 2.74399995803833
1.4279999732971191 -0.7739999890327454 2.7079999446868896
1.2780001163482666 -0.1679999828338623 2.5759999752044678
1.1760001182556152 -0.18599998950958252 2.6059999465942383
1.1640000343322754 -0.1979999542236328 2.6059999465942383
1.4219999313354492 -0.7739999890327454 2.7019999027252197
1.380000114440918 -0.7739999890327454 2.7019999027252197
1.2599999904632568 -0.1679999828338623 2.5759999752044678
1.2599999904632568 -0.75 2.7019999027252197
1.3619999885559082 -0.7739999890327454 2.7019999027252197
1.380000114440918 -0.7739999890327454 2.696000099182129
1.374000072479248 -0.7739999890327454 2.696000099182129
1.434000015258789 -0.7799999713897705 2.7019999027252197
1.3500001430511475 -0.7979999780654907 2.7260000705718994
1.2000000476837158 -0.1799999475479126 2.5880000591278076
1.3380000591278076 -0.7979999780654907 2.7260000705718994
1.314000129699707 -0.7739999890327454 2.7019999027252197
1.194000005722046 -0.1799999475479126 2.5880000591278076
1.2300000190734863 -0.1679999828338623 2.5759999752044678
1.3500001430511475 -0.8040000200271606 2.7260000705718994
1.2899999618530273 -0.75 2.677999973297119
1.1579999923706055 -0.23399996757507324 2.5820000171661377
1.4040000438690186 -0.7799999713897705 2.690000057220459
1.4040000438690186 -0.7919999957084656 2.7019999027252197
1.3919999599456787 -0.7919999957084656 2.7019999027252197
1.3020000457763672 -0.1679999828338623 2.552000045776367
1.2960000038146973 -0.1679999828338623 2.552000045776367
1.2120001316070557 -0.75 2.7019999027252197
1.4040000438690186 -0.7739999890327454 2.677999973297119
1.1519999504089355 -0.16199994087219238 2.6059999465942383
1.2660000324249268 -0.75 2.677999973297119
1.2000000476837158 -0.17400002479553223 2.5759999752044678
1.2060000896453857 -0.7559999823570251 2.7079999446868896
1.1459999084472656 -0.16199994087219238 2.6059999465942383
1.3259999752044678 -0.7979999780654907 2.7079999446868896
1.3199999332427979 -0.7919999957084656 2.7019999027252197
1.3559999465942383 -0.7979999780654907 2.7019999027252197
1.3020000457763672 -0.1499999761581421 2.552000045776367
1.3380000591278076 -0.8159999847412109 2.7260000705718994
1.247999906539917 -0.75 2.677999973297119
1.187999963760376 -0.17400002479553223 2.5759999752044678
1.2899999618530273 -0.1499999761581421 2.552000045776367
1.1519999504089355 -0.22200000286102295 2.5759999752044678
1.2720000743865967 -0.7379999756813049 2.6540000438690186
1.1519999504089355 -0.1979999542236328 2.5820000171661377
1.4040000438690186 -0.7739999890327454 2.6660001277923584
1.3020000457763672 -0.7739999890327454 2.677999973297119
1.2780001163482666 -0.7440000176429749 2.6540000438690186
1.2960000038146973 -0.7739999890327454 2.677999973297119
1.3020000457763672 -0.14399993419647217 2.5460000038146973
1.253999948501587 -0.156000018119812 2.552000045776367
1.3199999332427979 -0.8040000200271606 2.7019999027252197
1.1459999084472656 -0.21000003814697266 2.5759999752044678
1.3680000305175781 -0.7979999780654907 2.684000015258789
1.2120001316070557 -0.75 2.677999973297119
1.1459999084472656 -0.1979999542236328 2.5759999752044678
1.247999906539917 -0.1499999761581421 2.552000045776367
1.3980000019073486 -0.7799999713897705 2.6600000858306885
1.3859999179840088 -0.7979999780654907 2.677999973297119
1.3500001430511475 -0.8159999847412109 2.7019999027252197
1.2780001163482666 -0.75 2.6480000019073486
1.2300000190734863 -0.7379999756813049 2.6540000438690186
1.2300000190734863 -0.156000018119812 2.552000045776367
1.2899999618530273 -0.156000018119812 2.5339999198913574
1.194000005722046 -0.75 2.677999973297119
1.1519999504089355 -0.1679999828338623 2.5759999752044678
1.2960000038146973 -0.7919999957084656 2.677999973297119
1.1459999084472656 -0.22800004482269287 2.558000087738037
1.2300000190734863 -0.156000018119812 2.5460000038146973
1.3320000171661377 -0.8219999670982361 2.7019999027252197
1.2300000190734863 -0.7199999690055847 2.630000114440918
1.3980000019073486 -0.828000009059906 2.7019999027252197
1.2179999351501465 -0.1499999761581421 2.552000045776367
1.1459999084472656 -0.1679999828338623 2.5759999752044678
1.4040000438690186 -0.7919999957084656 2.6600000858306885
1.3980000019073486 -0.8040000200271606 2.671999931335449
1.4160001277923584 -0.8040000200271606 2.671999931335449
1.3020000457763672 -0.7979999780654907 2.677999973297119
1.2239999771118164 -0.7199999690055847 2.630000114440918
1.2000000476837158 -0.156000018119812 2.552000045776367
1.2839999198913574 -0.7739999890327454 2.6540000438690186
1.2660000324249268 -0.7440000176429749 2.630000114440918
1.3020000457763672 -0.7979999780654907 2.671999931335449
1.247999906539917 -0.7379999756813049 2.630000114440918
1.1519999504089355 -0.14399993419647217 2.5759999752044678
1.2060000896453857 -0.156000018119812 2.5460000038146973
1.2000000476837158 -0.7440000176429749 2.6540000438690186
1.3500001430511475 -0.8339999914169312 2.7019999027252197
1.1400001049041748 -0.22200000286102295 2.552000045776367
1.2780001163482666 -0.14399993419647217 2.5280001163482666
1.3500001430511475 -0.8219999670982361 2.684000015258789
1.3380000591278076 -0.8219999670982361 2.684000015258789
1.1760001182556152 -0.16199994087219238 2.552000045776367
1.3980000019073486 -0.8219999670982361 2.677999973297119
1.4219999313354492 -0.8219999670982361 2.677999973297119
1.1340000629425049 -0.1499999761581421 2.5759999752044678
1.253999948501587 -0.14399993419647217 2.5280001163482666
1.1340000629425049 -0.1979999542236328 2.552000045776367
1.314000129699707 -0.8219999670982361 2.677999973297119
1.1760001182556152 -0.156000018119812 2.5460000038146973
1.3380000591278076 -0.8460000157356262 2.7019999027252197
1.2780001163482666 -0.7739999890327454 2.635999917984009
1.1760001182556152 -0.75 2.6540000438690186
1.194000005722046 -0.7260000109672546 2.624000072479248
1.2899999618530273 -0.7979999780654907 2.6540000438690186
1.2300000190734863 -0.14399993419647217 2.5280001163482666
1.2120001316070557 -0.7139999866485596 2.6059999465942383
1.253999948501587 -0.7440000176429749 2.611999988555908
1.1519999504089355 -0.156000018119812 2.552000045776367
1.2720000743865967 -0.7739999890327454 2.630000114440918
1.3199999332427979 -0.8339999914169312 2.677999973297119
1.2780001163482666 -0.1380000114440918 2.509999990463257
1.1400001049041748 -0.7379999756813049 2.6540000438690186
1.187999963760376 -0.7199999690055847 2.611999988555908
1.2960000038146973 -0.8100000023841858 2.6540000438690186
1.128000020980835 -0.7559999823570251 2.677999973297119
1.2000000476837158 -0.75 2.630000114440918
1.128000020980835 -0.1679999828338623 2.552000045776367
1.1519999504089355 -0.75 2.6540000438690186
1.2000000476837158 -0.14399993419647217 2.5280001163482666
1.4040000438690186 -0.8460000157356262 2.677999973297119
1.3919999599456787 -0.8460000157356262 2.677999973297119
1.1519999504089355 -0.33000004291534424 2.503999948501587
1.128000020980835 -0.1979999542236328 2.5399999618530273
1.194000005722046 -0.75 2.630000114440918
1.1340000629425049 -0.22800004482269287 2.5280001163482666
1.121999979019165 -0.7379999756813049 2.6600000858306885
1.3500001430511475 -0.8460000157356262 2.677999973297119
1.128000020980835 -0.17400002479553223 2.5460000038146973
1.2720000743865967 -0.7860000133514404 2.630000114440918
1.1519999504089355 -0.156000018119812 2.5399999618530273
1.1159999370574951 -0.7559999823570251 2.677999973297119
1.4040000438690186 -0.8460000157356262 2.671999931335449
1.121999979019165 -0.16199994087219238 2.552000045776367
1.3259999752044678 -0.8460000157356262 2.677999973297119
1.3619999885559082 -0.8460000157356262 2.671999931335449
1.128000020980835 -0.1499999761581421 2.552000045776367
1.1519999504089355 -0.7319999933242798 2.630000114440918
1.181999921798706 -0.7139999866485596 2.5999999046325684
1.3020000457763672 -0.8219999670982361 2.6540000438690186
1.2000000476837158 -0.7619999647140503 2.630000114440918
1.2300000190734863 -0.75 2.6059999465942383
1.1519999504089355 -0.7199999690055847 2.618000030517578
1.128000020980835 -0.21000003814697266 2.5280001163482666
1.121999979019165 -0.1499999761581421 2.552000045776367
1.380000114440918 -0.8460000157356262 2.6660001277923584
1.1760001182556152 -0.14399993419647217 2.5280001163482666
1.2839999198913574 -0.12000000476837158 2.503999948501587
1.3259999752044678 -0.8460000157356262 2.671999931335449
1.128000020980835 -0.7199999690055847 2.630000114440918
1.0799999237060547 -0.1499999761581421 2.5759999752044678
1.3919999599456787 -0.8579999804496765 2.677999973297119
1.2239999771118164 -0.7440000176429749 2.5999999046325684
1.2780001163482666 -0.7979999780654907 2.630000114440918
1.253999948501587 -0.13199996948242188 2.503999948501587
1.2179999351501465 -0.75 2.6059999465942383
1.2780001163482666 -0.13199996948242188 2.498000144958496
1.121999979019165 -0.20399999618530273 2.5280001163482666
1.0740001201629639 -0.1499999761581421 2.5759999752044678
1.1340000629425049 -0.2760000228881836 2.503999948501587
1.0920000076293945 -0.26399993896484375 2.5280001163482666
1.121999979019165 -0.1979999542236328 2.5280001163482666
1.2780001163482666 -0.7979999780654907 2.624000072479248
1.1459999084472656 -0.7199999690055847 2.611999988555908
1.1340000629425049 -0.26999998092651367 2.503999948501587
1.2360000610351562 -0.75 2.5940001010894775
1.2599999904632568 -0.7739999890327454 2.6059999465942383
1.1400001049041748 -0.7319999933242798 2.624000072479248
1.1519999504089355 -0.7739999890327454 2.6540000438690186
1.128000020980835 -0.22200000286102295 2.5160000324249268
1.1519999504089355 -0.1499999761581421 2.5280001163482666
1.2300000190734863 -0.13199996948242188 2.503999948501587
1.1100001335144043 -0.7199999690055847 2.630000114440918
0.9960000514984131 -0.2760000228881836 2.5880000591278076
1.4160001277923584 -0.8700000047683716 2.677999973297119
1.128000020980835 -0.7379999756813049 2.630000114440918
1.3020000457763672 -0.8399999737739563 2.6540000438690186
1.1700000762939453 -0.7739999890327454 2.635999917984009
1.1400001049041748 -0.1499999761581421 2.5280001163482666
1.253999948501587 -0.7739999890327454 2.5999999046325684
1.3500001430511475 -0.8700000047683716 2.677999973297119
1.0799999237060547 -0.156000018119812 2.558000087738037
1.4040000438690186 -0.8640000224113464 2.6660001277923584
1.128000020980835 -0.24000000953674316 2.503999948501587
1.2300000190734863 -0.7739999890327454 2.6059999465942383
1.1760001182556152 -0.7739999890327454 2.630000114440918
1.1519999504089355 -0.7860000133514404 2.6540000438690186
1.3320000171661377 -0.8700000047683716 2.677999973297119
1.1159999370574951 -0.17400002479553223 2.5280001163482666
1.4279999732971191 -0.8880000114440918 2.696000099182129
1.253999948501587 -0.1260000467300415 2.492000102996826
1.0980000495910645 -0.34800004959106445 2.503999948501587
1.2360000610351562 -0.10800004005432129 2.503999948501587
1.194000005722046 -0.7739999890327454 2.618000030517578
1.1459999084472656 -0.33000004291534424 2.4800000190734863
1.128000020980835 -0.7739999890327454 2.6540000438690186
1.2839999198913574 -0.8219999670982361 2.630000114440918
1.2000000476837158 -0.13199996948242188 2.503999948501587
1.2179999351501465 -0.7739999890327454 2.6059999465942383
1.0920000076293945 -0.2879999876022339 2.509999990463257
1.0920000076293945 -0.1380000114440918 2.552000045776367
1.3680000305175781 -0.8700000047683716 2.6660001277923584
1.3020000457763672 -0.8460000157356262 2.6480000019073486
1.2360000610351562 -0.1260000467300415 2.492000102996826
1.1040000915527344 -0.7199999690055847 2.618000030517578
1.121999979019165 -0.22200000286102295 2.503999948501587
1.2120001316070557 -0.11399996280670166 2.503999948501587
1.2000000476837158 -0.7979999780654907 2.630000114440918
1.1040000915527344 -0.7379999756813049 2.630000114440918
1.2599999904632568 -0.7979999780654907 2.6059999465942383
1.380000114440918 -0.8700000047683716 2.6600000858306885
1.1040000915527344 -0.7319999933242798 2.624000072479248
1.3259999752044678 -0.8700000047683716 2.6660001277923584
1.128000020980835 -0.24599993228912354 2.492000102996826
1.2420001029968262 -0.7739999890327454 2.5880000591278076
1.2000000476837158 -0.1260000467300415 2.498000144958496
1.128000020980835 -0.7739999890327454 2.6419999599456787
1.0740001201629639 -0.14399993419647217 2.552000045776367
1.1760001182556152 -0.13199996948242188 2.503999948501587
1.2780001163482666 -0.8219999670982361 2.618000030517578
0.9839999675750732 -0.26999998092651367 2.5759999752044678
1.1040000915527344 -0.7739999890327454 2.6540000438690186
1.194000005722046 -0.7979999780654907 2.624000072479248
1.2420001029968262 -0.7799999713897705 2.5880000591278076
1.1040000915527344 -0.1499999761581421 2.5280001163482666
1.0859999656677246 -0.26999998092651367 2.503999948501587
1.253999948501587 -0.12000000476837158 2.4800000190734863
1.1100001335144043 -0.7680000066757202 2.6419999599456787
1.128000020980835 -0.2760000228881836 2.4800000190734863
1.2300000190734863 -0.7979999780654907 2.6059999465942383
1.1760001182556152 -0.7979999780654907 2.630000114440918
1.1760001182556152 -0.12000000476837158 2.503999948501587
1.1519999504089355 -0.37199997901916504 2.4619998931884766
1.4040000438690186 -0.8939999938011169 2.677999973297119
1.128000020980835 -0.26999998092651367 2.4800000190734863
1.1040000915527344 -0.17400002479553223 2.5160000324249268
1.068000078201294 -0.75 2.6540000438690186
1.2420001029968262 -0.12000000476837158 2.4800000190734863
1.1700000762939453 -0.12000000476837158 2.503999948501587
1.253999948501587 -0.7979999780654907 2.5940001010894775
1.128000020980835 -0.7979999780654907 2.6540000438690186
1.0859999656677246 -0.7199999690055847 2.611999988555908
1.1760001182556152 -0.1260000467300415 2.498000144958496
1.308000087738037 -0.8700000047683716 2.6540000438690186
1.2179999351501465 -0.7979999780654907 2.6059999465942383
1.0799999237060547 -0.7379999756813049 2.630000114440918
1.2899999618530273 -0.8460000157356262 2.630000114440918
1.2000000476837158 -0.8159999847412109 2.630000114440918
1.1640000343322754 -0.7979999780654907 2.630000114440918
1.0799999237060547 -0.7319999933242798 2.624000072479248
1.1040000915527344 -0.1979999542236328 2.503999948501587
1.1519999504089355 -0.13199996948242188 2.503999948501587
1.0859999656677246 -0.156000018119812 2.5280001163482666
1.121999979019165 -0.2580000162124634 2.4800000190734863
1.0799999237060547 -0.24599993228912354 2.503999948501587
1.2239999771118164 -0.7979999780654907 2.5999999046325684
1.0799999237060547 -0.7559999823570251 2.6419999599456787
1.002000093460083 -0.23399996757507324 2.558000087738037
1.121999979019165 -0.24599993228912354 2.4800000190734863
1.0740001201629639 -0.7319999933242798 2.624000072479248
1.3500001430511475 -0.8999999761581421 2.677999973297119
1.2660000324249268 -0.8219999670982361 2.6059999465942383
1.3440001010894775 -0.8999999761581421 2.677999973297119
1.128000020980835 -0.2940000295639038 2.4679999351501465
1.0980000495910645 -0.7799999713897705 2.6480000019073486
1.0740001201629639 -0.7680000066757202 2.6540000438690186
1.0799999237060547 -0.7739999890327454 2.6540000438690186
1.1340000629425049 -0.1380000114440918 2.503999948501587
1.068000078201294 -0.7379999756813049 2.630000114440918
1.0799999237060547 -0.22200000286102295 2.503999948501587
1.128000020980835 -0.7979999780654907 2.6419999599456787
1.2060000896453857 -0.12000000476837158 2.4800000190734863
1.0920000076293945 -0.17400002479553223 2.509999990463257
1.0799999237060547 -0.14399993419647217 2.5280001163482666
1.1519999504089355 -0.1260000467300415 2.498000144958496
1.0740001201629639 -0.22800004482269287 2.503999948501587
0.9000000953674316 -0.7919999957084656 2.9600000381469727
1.0859999656677246 -0.1979999542236328 2.503999948501587
1.121999979019165 -0.7979999780654907 2.6419999599456787
1.0740001201629639 -0.22200000286102295 2.503999948501587
1.1040000915527344 -0.7979999780654907 2.6540000438690186
1.0859999656677246 -0.33000004291534424 2.4800000190734863
1.0439999103546143 -0.75 2.6540000438690186
1.0859999656677246 -0.3240000009536743 2.4800000190734863
1.1040000915527344 -0.13199996948242188 2.5160000324249268
1.055999994277954 -0.7559999823570251 2.6480000019073486
1.1459999084472656 -0.8040000200271606 2.630000114440918
1.0920000076293945 -0.1979999542236328 2.498000144958496
0.9360001087188721 -0.8339999914169312 2.9539999961853027
1.3020000457763672 -0.8700000047683716 2.635999917984009
1.1400001049041748 -0.3659999370574951 2.450000047683716
1.4040000438690186 -0.8999999761581421 2.6600000858306885
1.2300000190734863 -0.8219999670982361 2.6059999465942383
1.187999963760376 -0.8219999670982361 2.624000072479248
1.1760001182556152 -0.8219999670982361 2.630000114440918
1.1400001049041748 -0.34800004959106445 2.450000047683716
1.2660000324249268 -0.09599995613098145 2.4679999351501465
1.0260000228881836 -0.7739999890327454 2.690000057220459
1.3559999465942383 -0.9120000004768372 2.677999973297119
1.1700000762939453 -0.8219999670982361 2.630000114440918
0.9779999256134033 -0.28199994564056396 2.552000045776367
1.253999948501587 -0.8219999670982361 2.5940001010894775
0.9479999542236328 -0.2940000295639038 2.5759999752044678
1.062000036239624 -0.1499999761581421 2.5280001163482666
1.0740001201629639 -0.1979999542236328 2.503999948501587
1.128000020980835 -0.8219999670982361 2.6540000438690186
1.2720000743865967 -0.8399999737739563 2.6059999465942383
1.2179999351501465 -0.8219999670982361 2.6059999465942383
1.1040000915527344 -0.22200000286102295 2.4800000190734863
1.380000114440918 -0.8999999761581421 2.6540000438690186
1.2960000038146973 -0.8700000047683716 2.630000114440918
0.9539999961853027 -0.8579999804496765 2.9539999961853027
1.3259999752044678 -0.8999999761581421 2.6600000858306885
1.0740001201629639 -0.23399996757507324 2.492000102996826
1.3619999885559082 -0.8999999761581421 2.6540000438690186
1.068000078201294 -0.22200000286102295 2.498000144958496
1.0799999237060547 -0.2760000228881836 2.4800000190734863
0.9539999961853027 -0.20399999618530273 2.5880000591278076
0.9000000953674316 -0.7979999780654907 2.930000066757202
1.2780001163482666 -0.8460000157356262 2.6059999465942383
1.0799999237060547 -0.26999998092651367 2.4800000190734863
0.9839999675750732 -0.23399996757507324 2.552000045776367
1.128000020980835 -0.312000036239624 2.450000047683716
1.068000078201294 -0.17400002479553223 2.509999990463257
1.1760001182556152 -0.11399996280670166 2.4800000190734863
1.0139999389648438 -0.7739999890327454 2.690000057220459
0.9539999961853027 -0.23399996757507324 2.5759999752044678
1.247999906539917 -0.8219999670982361 2.5880000591278076
1.3680000305175781 -0.8999999761581421 2.6480000019073486
0.9479999542236328 -0.8579999804496765 2.9539999961853027
1.0799999237060547 -0.7979999780654907 2.6540000438690186
0.9179999828338623 -0.8219999670982361 2.930000066757202
1.2960000038146973 -0.8759999871253967 2.630000114440918
1.3199999332427979 -0.8999999761581421 2.6540000438690186
1.0920000076293945 -0.22200000286102295 2.4800000190734863
1.2000000476837158 -0.8460000157356262 2.630000114440918
1.1700000762939453 -0.11399996280670166 2.4800000190734863
0.9360001087188721 -0.18599998950958252 2.6059999465942383
1.0799999237060547 -0.24599993228912354 2.4800000190734863
1.0799999237060547 -0.14399993419647217 2.509999990463257
1.121999979019165 -0.2999999523162842 2.450000047683716
1.187999963760376 -0.10800004005432129 2.4739999771118164
1.3919999599456787 -0.8999999761581421 2.6419999599456787
1.128000020980835 -0.3240000009536743 2.444000005722046
0.9479999542236328 -0.23399996757507324 2.5759999752044678
1.1100001335144043 -0.24599993228912354 2.4619998931884766
0.9360001087188721 -0.8460000157356262 2.930000066757202
0.9600000381469727 -0.2940000295639038 2.552000045776367
0.9419999122619629 -0.8519999980926514 2.930000066757202
0.9000000953674316 -0.7979999780654907 2.9000000953674316
1.121999979019165 -0.8219999670982361 2.6419999599456787
1.002000093460083 -0.24000000953674316 2.5280001163482666
1.1040000915527344 -0.8219999670982361 2.6540000438690186
0.8940000534057617 -0.8100000023841858 2.9539999961853027
0.9479999542236328 -0.20399999618530273 2.5820000171661377
0.875999927520752 -0.7739999890327454 2.9060001373291016
0.8819999694824219 -0.7979999780654907 2.9539999961853027
0.9000000953674316 -0.7919999957084656 2.875999927520752
1.3500001430511475 -0.9120000004768372 2.6540000438690186
0.9539999961853027 -0.1979999542236328 2.5759999752044678
1.1040000915527344 -0.26999998092651367 2.4559998512268066
1.2120001316070557 -0.10199999809265137 2.4619998931884766
1.253999948501587 -0.10199999809265137 2.450000047683716
0.9240000247955322 -0.8399999737739563 2.930000066757202
1.2300000190734863 -0.8460000157356262 2.6059999465942383
1.055999994277954 -0.7979999780654907 2.6600000858306885
1.187999963760376 -0.8460000157356262 2.624000072479248
1.1760001182556152 -0.8460000157356262 2.630000114440918
1.0980000495910645 -0.24599993228912354 2.4619998931884766
1.2000000476837158 -0.8579999804496765 2.630000114440918
1.002000093460083 -0.24000000953674316 2.5220000743865967
1.2420001029968262 -0.8339999914169312 2.5880000591278076
1.4040000438690186 -0.9179999828338623 2.6540000438690186
1.0320000648498535 -0.7739999890327454 2.6540000438690186
1.0260000228881836 -0.7559999823570251 2.6419999599456787
1.380000114440918 -0.9179999828338623 2.6540000438690186
1.0920000076293945 -0.8219999670982361 2.6540000438690186
1.1700000762939453 -0.8460000157356262 2.630000114440918
0.9000000953674316 -0.7919999957084656 2.864000082015991
0.9839999675750732 -0.26999998092651367 2.5280001163482666
1.1519999504089355 -0.40799999237060547 2.4260001182556152
1.253999948501587 -0.8399999737739563 2.5880000591278076
1.0260000228881836 -0.7440000176429749 2.630000114440918
1.2420001029968262 -0.10199999809265137 2.450000047683716
0.8700001239776611 -0.7739999890327454 2.9060001373291016
0.9179999828338623 -0.1979999542236328 2.6059999465942383
0.9360001087188721 -0.2940000295639038 2.564000129699707
0.8819999694824219 -0.3059999942779541 2.618000030517578
1.2720000743865967 -0.8640000224113464 2.6059999465942383
1.1340000629425049 -0.12000000476837158 2.4800000190734863
1.0260000228881836 -0.7319999933242798 2.618000030517578
1.128000020980835 -0.1260000467300415 2.4800000190734863
1.1459999084472656 -0.3960000276565552 2.4260001182556152
1.1100001335144043 -0.6959999799728394 2.5339999198913574
1.2120001316070557 -0.8460000157356262 2.6059999465942383
0.9600000381469727 -0.23399996757507324 2.552000045776367
1.3020000457763672 -0.8939999938011169 2.630000114440918
1.0920000076293945 -0.26999998092651367 2.4559998512268066
0.9779999256134033 -0.2760000228881836 2.5280001163482666
1.3320000171661377 -0.9179999828338623 2.6540000438690186
1.2239999771118164 -0.8460000157356262 2.5999999046325684
1.1400001049041748 -0.37199997901916504 2.4260001182556152
0.875999927520752 -0.7739999890327454 2.875999927520752
1.055999994277954 -0.17400002479553223 2.498000144958496
1.2360000610351562 -0.09599995613098145 2.450000047683716
0.9240000247955322 -0.8399999737739563 2.9000000953674316
0.9300000667572021 -0.8460000157356262 2.9000000953674316
1.2780001163482666 -0.8700000047683716 2.6059999465942383
0.9360001087188721 -0.8519999980926514 2.9000000953674316
0.875999927520752 -0.8100000023841858 2.9779999256134033
1.062000036239624 -0.36000001430511475 2.4619998931884766
0.875999927520752 -0.7979999780654907 2.930000066757202
0.875999927520752 -0.7739999890327454 2.870000123977661
0.9000000953674316 -0.8159999847412109 2.9000000953674316
1.2300000190734863 -0.8579999804496765 2.6059999465942383
0.8940000534057617 -0.8219999670982361 2.930000066757202
1.062000036239624 -0.23399996757507324 2.4739999771118164
0.9779999256134033 -0.24599993228912354 2.5280001163482666
1.0799999237060547 -0.34200000762939453 2.450000047683716
0.9839999675750732 -0.37800002098083496 2.509999990463257
1.055999994277954 -0.14399993419647217 2.503999948501587
1.2420001029968262 -0.09599995613098145 2.444000005722046
1.128000020980835 -0.34800004959106445 2.4260001182556152
1.0799999237060547 -0.3240000009536743 2.450000047683716
0.9900000095367432 -0.37199997901916504 2.503999948501587
0.9300000667572021 -0.8460000157356262 2.881999969482422
1.181999921798706 -0.5099999904632568 2.4200000762939453
1.1340000629425049 -0.8460000157356262 2.635999917984009
1.0139999389648438 -0.7739999890327454 2.6540000438690186
1.0499999523162842 -0.1499999761581421 2.503999948501587
0.8819999694824219 -0.7739999890327454 2.8399999141693115
1.0740001201629639 -0.34800004959106445 2.450000047683716
1.0799999237060547 -0.2999999523162842 2.450000047683716
1.008000135421753 -0.7440000176429749 2.630000114440918
1.1040000915527344 -0.8460000157356262 2.6540000438690186
1.068000078201294 -0.2940000295639038 2.4559998512268066
1.0139999389648438 -0.7379999756813049 2.618000030517578
0.875999927520752 -0.7979999780654907 2.9000000953674316
0.9600000381469727 -0.2940000295639038 2.5280001163482666
1.1519999504089355 -0.41999995708465576 2.4140000343322754
0.9779999256134033 -0.2760000228881836 2.5160000324249268
0.9240000247955322 -0.8519999980926514 2.9000000953674316
0.9240000247955322 -0.1979999542236328 2.5820000171661377
1.0980000495910645 -0.2999999523162842 2.437999963760376
0.9300000667572021 -0.1979999542236328 2.5759999752044678
1.181999921798706 -0.8700000047683716 2.630000114440918
1.1100001335144043 -0.2999999523162842 2.432000160217285
1.055999994277954 -0.8219999670982361 2.6600000858306885
1.008000135421753 -0.7559999823570251 2.635999917984009
0.8819999694824219 -0.7979999780654907 2.875999927520752
1.0499999523162842 -0.1679999828338623 2.492000102996826
1.128000020980835 -0.34800004959106445 2.4200000762939453
1.121999979019165 -0.8460000157356262 2.635999917984009
0.8640000820159912 -0.7979999780654907 2.930000066757202
1.068000078201294 -0.312000036239624 2.450000047683716
1.0139999389648438 -0.3659999370574951 2.4800000190734863
0.9600000381469727 -0.1799999475479126 2.552000045776367
1.3020000457763672 -0.8999999761581421 2.618000030517578
0.9000000953674316 -0.8159999847412109 2.864000082015991
0.8940000534057617 -0.7979999780654907 2.8399999141693115
0.9000000953674316 -0.8219999670982361 2.875999927520752
1.3500001430511475 -0.9179999828338623 2.630000114440918
1.1579999923706055 -0.8640000224113464 2.630000114440918
1.0980000495910645 -0.8460000157356262 2.6480000019073486
1.0260000228881836 -0.7979999780654907 2.6540000438690186
1.253999948501587 -0.8640000224113464 2.5880000591278076
0.875999927520752 -0.3059999942779541 2.5999999046325684
1.1040000915527344 -0.3539999723434448 2.4260001182556152
1.1040000915527344 -0.34800004959106445 2.4260001182556152
0.9300000667572021 -0.2580000162124634 2.552000045776367
1.0859999656677246 -0.8460000157356262 2.6540000438690186
0.8580000400543213 -0.25199997425079346 2.630000114440918
0.9600000381469727 -0.24599993228912354 2.5280001163482666
0.8880000114440918 -0.7860000133514404 2.822000026702881
1.187999963760376 -0.8700000047683716 2.618000030517578
0.9539999961853027 -0.26999998092651367 2.5280001163482666
1.3199999332427979 -0.9179999828338623 2.630000114440918
0.9119999408721924 -0.8399999737739563 2.875999927520752
0.9839999675750732 -0.26999998092651367 2.503999948501587
1.380000114440918 -0.9240000247955322 2.630000114440918
0.9900000095367432 -0.24599993228912354 2.503999948501587
1.1040000915527344 -0.3240000009536743 2.4260001182556152
0.9600000381469727 -0.1799999475479126 2.5460000038146973
0.8519999980926514 -0.7979999780654907 2.9539999961853027
1.2120001316070557 -0.8700000047683716 2.6059999465942383
0.875999927520752 -0.828000009059906 2.9539999961853027
0.9300000667572021 -0.24599993228912354 2.552000045776367
0.8640000820159912 -0.7979999780654907 2.9000000953674316
1.2360000610351562 -0.8700000047683716 2.5940001010894775
0.875999927520752 -0.7919999957084656 2.8519999980926514
1.3559999465942383 -0.9300000071525574 2.635999917984009
0.9720001220703125 -0.26999998092651367 2.509999990463257
1.2179999351501465 -0.8640000224113464 2.5940001010894775
1.0859999656677246 -0.3240000009536743 2.432000160217285
1.0439999103546143 -0.1499999761581421 2.492000102996826
0.9600000381469727 -0.7919999957084656 2.7079999446868896
1.3320000171661377 -0.9240000247955322 2.630000114440918
0.8700001239776611 -0.7979999780654907 2.875999927520752
0.8819999694824219 -0.8219999670982361 2.9000000953674316
0.9660000801086426 -0.37800002098083496 2.503999948501587
0.875999927520752 -0.7680000066757202 2.803999900817871
1.0139999389648438 -0.7979999780654907 2.6540000438690186
0.8580000400543213 -0.8219999670982361 3.002000093460083
0.9360001087188721 -0.38399994373321533 2.5280001163482666
1.1159999370574951 -0.34800004959106445 2.4140000343322754
0.9479999542236328 -0.7979999780654907 2.7260000705718994
1.2899999618530273 -0.8999999761581421 2.6059999465942383
0.875999927520752 -0.7619999647140503 2.7920000553131104
1.128000020980835 -0.37199997901916504 2.4079999923706055
0.9000000953674316 -0.24000000953674316 2.5759999752044678
1.1459999084472656 -0.4140000343322754 2.4019999504089355
1.1519999504089355 -0.4440000057220459 2.4019999504089355
0.9360001087188721 -0.26999998092651367 2.5339999198913574
1.0740001201629639 -0.34800004959106445 2.432000160217285
1.0980000495910645 -0.34200000762939453 2.4200000762939453
0.9419999122619629 -0.1799999475479126 2.552000045776367
0.9779999256134033 -0.7680000066757202 2.6540000438690186
0.8880000114440918 -0.8399999737739563 2.9119999408721924
1.1040000915527344 -0.8700000047683716 2.6540000438690186
1.1400001049041748 -0.8700000047683716 2.630000114440918
0.9839999675750732 -0.24599993228912354 2.498000144958496
0.9479999542236328 -0.8040000200271606 2.7260000705718994
1.1340000629425049 -0.38399994373321533 2.4019999504089355
0.9479999542236328 -0.23399996757507324 2.5280001163482666
1.0799999237060547 -0.37199997901916504 2.4260001182556152
1.0799999237060547 -0.34800004959106445 2.4260001182556152
0.9419999122619629 -0.2879999876022339 2.5220000743865967
1.2239999771118164 -0.8819999694824219 2.5999999046325684
1.0799999237060547 -0.38999998569488525 2.4260001182556152
1.380000114440918 -0.9120000004768372 2.5999999046325684
0.9660000801086426 -0.2760000228881836 2.503999948501587
0.9240000247955322 -0.26999998092651367 2.5399999618530273
1.380000114440918 -0.9179999828338623 2.6059999465942383
0.8519999980926514 -0.8219999670982361 2.9839999675750732
0.8519999980926514 -0.25199997425079346 2.618000030517578
0.9779999256134033 -0.7979999780654907 2.677999973297119
0.9779999256134033 -0.7559999823570251 2.635999917984009
1.0320000648498535 -0.37199997901916504 2.450000047683716
0.9419999122619629 -0.1799999475479126 2.5460000038146973
0.9779999256134033 -0.75 2.630000114440918
0.8519999980926514 -0.312000036239624 2.6059999465942383
1.314000129699707 -0.9419999718666077 2.6419999599456787
0.8700001239776611 -0.7619999647140503 2.7860000133514404
1.128000020980835 -0.11399996280670166 2.450000047683716
0.875999927520752 -0.7619999647140503 2.7739999294281006
1.0260000228881836 -0.8219999670982361 2.6540000438690186
0.9300000667572021 -0.2879999876022339 2.5280001163482666
0.875999927520752 -0.8399999737739563 2.930000066757202
0.8819999694824219 -0.828000009059906 2.875999927520752
0.9419999122619629 -0.17400002479553223 2.5460000038146973
1.055999994277954 -0.8460000157356262 2.6540000438690186
0.9179999828338623 -0.24599993228912354 2.5460000038146973
0.875999927520752 -0.8219999670982361 2.875999927520752
1.1159999370574951 -0.8700000047683716 2.635999917984009
1.187999963760376 -0.8999999761581421 2.630000114440918
1.0980000495910645 -0.8700000047683716 2.6480000019073486
0.9900000095367432 -0.7979999780654907 2.6600000858306885
1.0260000228881836 -0.37800002098083496 2.450000047683716
1.0920000076293945 -0.37199997901916504 2.4140000343322754
0.9000000953674316 -0.8399999737739563 2.8519999980926514
0.8519999980926514 -0.8219999670982361 2.9539999961853027
1.2780001163482666 -0.8999999761581421 2.5940001010894775
0.8039999008178711 -0.26999998092651367 2.671999931335449
0.9000000953674316 -0.2879999876022339 2.552000045776367
0.8459999561309814 -0.8219999670982361 2.9839999675750732
0.9419999122619629 -0.8040000200271606 2.7200000286102295
1.1159999370574951 -0.37199997901916504 2.4019999504089355
0.9060001373291016 -0.8579999804496765 2.875999927520752
0.8580000400543213 -0.8399999737739563 3.002000093460083
1.0260000228881836 -0.8219999670982361 2.6480000019073486
0.9779999256134033 -0.37199997901916504 2.4800000190734863
0.9779999256134033 -0.37800002098083496 2.4800000190734863
1.3500001430511475 -0.9240000247955322 2.6059999465942383
0.9779999256134033 -0.7379999756813049 2.611999988555908
0.9060001373291016 -0.24599993228912354 2.552000045776367
1.2300000190734863 -0.8999999761581421 2.6059999465942383
1.062000036239624 -0.37199997901916504 2.4260001182556152
0.9000000953674316 -0.26999998092651367 2.552000045776367
1.1159999370574951 -0.8759999871253967 2.635999917984009
0.9300000667572021 -0.38399994373321533 2.5160000324249268
1.2960000038146973 -0.9179999828338623 2.6059999465942383
1.0980000495910645 -0.8759999871253967 2.6480000019073486
1.0799999237060547 -0.8700000047683716 2.6540000438690186
0.9119999408721924 -0.8579999804496765 2.8519999980926514
1.3259999752044678 -0.9240000247955322 2.6059999465942383
1.2239999771118164 -0.8999999761581421 2.6059999465942383
1.380000114440918 -0.9480000138282776 2.630000114440918
0.875999927520752 -0.26399993896484375 2.5759999752044678
1.0139999389648438 -0.8219999670982361 2.6540000438690186
0.8519999980926514 -0.8219999670982361 2.930000066757202
0.8519999980926514 -0.8339999914169312 2.9779999256134033
0.8880000114440918 -0.8339999914169312 2.8519999980926514
1.380000114440918 -0.9300000071525574 2.6059999465942383
0.8519999980926514 -0.24599993228912354 2.6059999465942383
1.068000078201294 -0.37199997901916504 2.4200000762939453
0.8459999561309814 -0.828000009059906 2.9779999256134033
0.875999927520752 -0.8219999670982361 2.8519999980926514
0.8340001106262207 -0.7979999780654907 2.9179999828338623
1.308000087738037 -0.9240000247955322 2.6059999465942383
1.055999994277954 -0.3960000276565552 2.4260001182556152
1.1040000915527344 -0.3960000276565552 2.4019999504089355
1.3500001430511475 -0.9300000071525574 2.6059999465942383
1.2660000324249268 -0.8999999761581421 2.5880000591278076
0.9600000381469727 -0.7799999713897705 2.6600000858306885
0.9839999675750732 -0.25199997425079346 2.4800000190734863
0.875999927520752 -0.24599993228912354 2.5759999752044678
1.1040000915527344 -0.40799999237060547 2.4019999504089355
0.9539999961853027 -0.7680000066757202 2.6540000438690186
0.8880000114440918 -0.26999998092651367 2.558000087738037
1.055999994277954 -0.4140000343322754 2.4260001182556152
0.9600000381469727 -0.37199997901916504 2.4860000610351562
1.2420001029968262 -0.8999999761581421 2.5940001010894775
1.3259999752044678 -0.9240000247955322 2.5999999046325684
1.0499999523162842 -0.36000001430511475 2.4260001182556152
1.3919999599456787 -0.9539999961853027 2.630000114440918
0.8459999561309814 -0.25199997425079346 2.6059999465942383
1.0980000495910645 -0.3960000276565552 2.4019999504089355
0.8700001239776611 -0.7559999823570251 2.75
0.875999927520752 -0.8219999670982361 2.8399999141693115
1.3500001430511475 -0.9240000247955322 2.5940001010894775
0.8399999141693115 -0.8219999670982361 2.9539999961853027
0.8700001239776611 -0.8219999670982361 2.8519999980926514
1.187999963760376 -0.8999999761581421 2.611999988555908
1.3500001430511475 -0.9300000071525574 2.5999999046325684
0.8640000820159912 -0.75 2.75
0.875999927520752 -0.7799999713897705 2.7680001258850098
0.9179999828338623 -0.2879999876022339 2.5220000743865967
1.1519999504089355 -0.8999999761581421 2.630000114440918
1.3020000457763672 -0.9240000247955322 2.5999999046325684
0.8519999980926514 -0.8219999670982361 2.9000000953674316
0.9600000381469727 -0.7559999823570251 2.630000114440918
0.9539999961853027 -0.7979999780654907 2.677999973297119
0.8340001106262207 -0.312000036239624 2.6059999465942383
1.068000078201294 -0.3960000276565552 2.4140000343322754
0.9779999256134033 -0.8219999670982361 2.677999973297119
0.8700001239776611 -0.24599993228912354 2.5759999752044678
0.9539999961853027 -0.75 2.630000114440918
0.9000000953674316 -0.8460000157356262 2.828000068664551
0.8280000686645508 -0.7739999890327454 2.8580000400543213
1.1700000762939453 -0.8999999761581421 2.618000030517578
1.0439999103546143 -0.3960000276565552 2.4260001182556152
0.875999927520752 -0.8519999980926514 2.9000000953674316
0.8640000820159912 -0.7440000176429749 2.73799991607666
1.002000093460083 -0.37199997901916504 2.450000047683716
0.8940000534057617 -0.2940000295639038 2.5399999618530273
1.002000093460083 -0.8460000157356262 2.677999973297119
1.008000135421753 -0.8819999694824219 2.7200000286102295
1.0199999809265137 -0.3659999370574951 2.437999963760376
1.002000093460083 -0.3960000276565552 2.450000047683716
1.1640000343322754 -0.5040000081062317 2.384000062942505
0.8399999141693115 -0.828000009059906 2.9539999961853027
1.0260000228881836 -0.8460000157356262 2.6540000438690186
1.1340000629425049 -0.8999999761581421 2.635999917984009
1.128000020980835 -0.3960000276565552 2.384000062942505
0.875999927520752 -0.8519999980926514 2.8940000534057617
1.002000093460083 -0.40799999237060547 2.450000047683716
0.9900000095367432 -0.8219999670982361 2.6600000858306885
1.0499999523162842 -0.3960000276565552 2.4200000762939453
1.055999994277954 -0.8700000047683716 2.6540000438690186
1.1040000915527344 -0.8999999761581421 2.6540000438690186
0.8459999561309814 -0.8219999670982361 2.9000000953674316
0.9000000953674316 -0.8519999980926514 2.828000068664551
0.8700001239776611 -0.8219999670982361 2.8340001106262207
0.8519999980926514 -0.8460000157356262 2.9539999961853027
0.8519999980926514 -0.8399999737739563 2.930000066757202
1.1459999084472656 -0.4440000057220459 2.378000020980835
1.1519999504089355 -0.4620000123977661 2.378000020980835
0.9539999961853027 -0.3960000276565552 2.4800000190734863
0.9960000514984131 -0.3960000276565552 2.450000047683716
0.875999927520752 -0.2999999523162842 2.552000045776367
0.8519999980926514 -0.8219999670982361 2.875999927520752
0.9539999961853027 -0.40199995040893555 2.4800000190734863
1.0260000228881836 -0.8460000157356262 2.6480000019073486
1.3259999752044678 -0.9359999895095825 2.5999999046325684
0.8519999980926514 -0.3059999942779541 2.5759999752044678
0.9000000953674316 -0.2940000295639038 2.5280001163482666
1.2780001163482666 -0.9179999828338623 2.5880000591278076
0.9000000953674316 -0.8460000157356262 2.809999942779541
1.1640000343322754 -0.49800002574920654 2.378000020980835
0.8519999980926514 -0.2999999523162842 2.5759999752044678
1.0799999237060547 -0.41999995708465576 2.4019999504089355
1.055999994277954 -0.8700000047683716 2.6480000019073486
0.8340001106262207 -0.8219999670982361 2.930000066757202
0.9479999542236328 -0.7559999823570251 2.630000114440918
1.0199999809265137 -0.3960000276565552 2.432000160217285
1.0799999237060547 -0.4320000410079956 2.4019999504089355
0.9779999256134033 -0.7260000109672546 2.5759999752044678
0.9900000095367432 -0.3659999370574951 2.450000047683716
0.8640000820159912 -0.7619999647140503 2.74399995803833
0.8640000820159912 -0.8700000047683716 2.9779999256134033
0.9000000953674316 -0.8519999980926514 2.815999984741211
1.0199999809265137 -0.8460000157356262 2.6480000019073486
0.9539999961853027 -0.7379999756813049 2.6059999465942383
0.9720001220703125 -0.3960000276565552 2.4619998931884766
1.2300000190734863 -0.9240000247955322 2.6059999465942383
1.1760001182556152 -0.9240000247955322 2.630000114440918
1.128000020980835 -0.41999995708465576 2.378000020980835
0.8580000400543213 -0.26999998092651367 2.569999933242798
1.0740001201629639 -0.41999995708465576 2.4019999504089355
1.1700000762939453 -0.9120000004768372 2.618000030517578
0.8700001239776611 -0.2999999523162842 2.552000045776367
0.8519999980926514 -0.26999998092651367 2.5759999752044678
0.9720001220703125 -0.8219999670982361 2.6660001277923584
0.8819999694824219 -0.23399996757507324 2.552000045776367
0.9900000095367432 -0.8339999914169312 2.6600000858306885
0.8519999980926514 -0.8460000157356262 2.9179999828338623
1.0260000228881836 -0.41999995708465576 2.4260001182556152
1.3259999752044678 -0.9480000138282776 2.6059999465942383
1.008000135421753 -0.8460000157356262 2.6540000438690186
1.3199999332427979 -0.9480000138282776 2.6059999465942383
1.2179999351501465 -0.9240000247955322 2.6059999465942383
1.247999906539917 -0.9179999828338623 2.5880000591278076
1.1519999504089355 -0.4739999771118164 2.371999979019165
1.1159999370574951 -0.3960000276565552 2.378000020980835
1.0920000076293945 -0.41999995708465576 2.3899998664855957
1.0439999103546143 -0.41999995708465576 2.4140000343322754
0.8819999694824219 -0.8460000157356262 2.828000068664551
1.187999963760376 -0.9240000247955322 2.618000030517578
0.8459999561309814 -0.8519999980926514 2.9539999961853027
0.8399999141693115 -0.8219999670982361 2.881999969482422
1.2660000324249268 -0.9240000247955322 2.5880000591278076
0.8459999561309814 -0.8460000157356262 2.930000066757202
1.0260000228881836 -0.4440000057220459 2.4260001182556152
1.0799999237060547 -0.8999999761581421 2.6540000438690186
0.9479999542236328 -0.3960000276565552 2.4739999771118164
0.8700001239776611 -0.2999999523162842 2.5460000038146973
1.0199999809265137 -0.41999995708465576 2.4260001182556152
0.9300000667572021 -0.7799999713897705 2.6600000858306885
0.9300000667572021 -0.7739999890327454 2.6540000438690186
0.9539999961853027 -0.8219999670982361 2.677999973297119
0.8459999561309814 -0.26999998092651367 2.5759999752044678
1.2239999771118164 -0.9240000247955322 2.5999999046325684
0.9300000667572021 -0.7979999780654907 2.677999973297119
0.9660000801086426 -0.7260000109672546 2.5759999752044678
0.9300000667572021 -0.75 2.630000114440918
0.9779999256134033 -0.8460000157356262 2.677999973297119
0.8580000400543213 -0.8519999980926514 2.8940000534057617
0.8580000400543213 -0.8700000047683716 2.9539999961853027
0.8580000400543213 -0.8640000224113464 2.930000066757202
1.1100001335144043 -0.41999995708465576 2.378000020980835
0.9360001087188721 -0.3960000276565552 2.4800000190734863
0.9720001220703125 -0.7199999690055847 2.564000129699707
0.8519999980926514 -0.8399999737739563 2.875999927520752
0.9960000514984131 -0.41999995708465576 2.437999963760376
0.9779999256134033 -0.41999995708465576 2.450000047683716
0.8880000114440918 -0.8460000157356262 2.803999900817871
1.1519999504089355 -0.9240000247955322 2.630000114440918
1.3020000457763672 -0.9419999718666077 2.5940001010894775
1.121999979019165 -0.41999995708465576 2.371999979019165
1.380000114440918 -0.9779999852180481 2.630000114440918
1.247999906539917 -0.9300000071525574 2.5940001010894775
0.8519999980926514 -0.8519999980926514 2.9060001373291016
0.8700001239776611 -0.8460000157356262 2.8399999141693115
1.002000093460083 -0.8700000047683716 2.677999973297119
0.8880000114440918 -0.8219999670982361 2.76200008392334
1.0260000228881836 -0.8700000047683716 2.6540000438690186
0.8519999980926514 -0.3059999942779541 2.558000087738037
0.9779999256134033 -0.437999963760376 2.450000047683716
1.055999994277954 -0.4440000057220459 2.4019999504089355
1.1040000915527344 -0.437999963760376 2.378000020980835
1.0439999103546143 -0.4440000057220459 2.4079999923706055
0.9720001220703125 -0.41999995708465576 2.450000047683716
1.128000020980835 -0.41999995708465576 2.366000175476074
0.9479999542236328 -0.8219999670982361 2.671999931335449
1.1040000915527344 -0.9240000247955322 2.6540000438690186
1.055999994277954 -0.4559999704360962 2.4019999504089355
0.9000000953674316 -0.3960000276565552 2.503999948501587
1.0260000228881836 -0.8700000047683716 2.6480000019073486
0.9300000667572021 -0.41999995708465576 2.4800000190734863
0.9839999675750732 -0.36000001430511475 2.437999963760376
0.9300000667572021 -0.4259999990463257 2.4800000190734863
1.253999948501587 -0.9480000138282776 2.6059999465942383
0.9000000953674316 -0.41999995708465576 2.503999948501587
0.8459999561309814 -0.3059999942779541 2.558000087738037
0.9779999256134033 -0.7139999866485596 2.5460000038146973
0.8459999561309814 -0.8519999980926514 2.9000000953674316
1.1340000629425049 -0.9240000247955322 2.630000114440918
0.9240000247955322 -0.37800002098083496 2.4800000190734863
0.8340001106262207 -0.2999999523162842 2.569999933242798
0.8280000686645508 -0.3059999942779541 2.5759999752044678
1.0139999389648438 -0.8700000047683716 2.6540000438690186
1.121999979019165 -0.9240000247955322 2.635999917984009
1.055999994277954 -0.8999999761581421 2.6540000438690186
0.9479999542236328 -0.41999995708465576 2.4619998931884766
0.8280000686645508 -0.2999999523162842 2.5759999752044678
0.8459999561309814 -0.8640000224113464 2.930000066757202
1.002000093460083 -0.4440000057220459 2.4260001182556152
1.002000093460083 -0.8819999694824219 2.677999973297119
0.9300000667572021 -0.7440000176429749 2.6059999465942383
1.0199999809265137 -0.4440000057220459 2.4140000343322754
1.380000114440918 -0.972000002861023 2.6059999465942383
1.0380001068115234 -0.8819999694824219 2.6419999599456787
0.8519999980926514 -0.8460000157356262 2.8519999980926514
0.875999927520752 -0.7979999780654907 2.7260000705718994
1.2300000190734863 -0.9480000138282776 2.6059999465942383
1.1760001182556152 -0.9480000138282776 2.630000114440918
1.055999994277954 -0.8999999761581421 2.6480000019073486
1.0740001201629639 -0.4440000057220459 2.384000062942505
1.3500001430511475 -0.972000002861023 2.6059999465942383
0.8039999008178711 -0.26399993896484375 2.6059999465942383
1.002000093460083 -0.4679999351501465 2.4260001182556152
0.8220000267028809 -0.3059999942779541 2.5759999752044678
0.9960000514984131 -0.4440000057220459 2.4260001182556152
0.9300000667572021 -0.8219999670982361 2.677999973297119
0.9179999828338623 -0.41999995708465576 2.4800000190734863
1.2780001163482666 -0.9480000138282776 2.5880000591278076
0.9539999961853027 -0.8460000157356262 2.677999973297119
0.7860000133514404 -0.2580000162124634 2.630000114440918
0.8819999694824219 -0.8460000157356262 2.7799999713897705
1.3320000171661377 -0.972000002861023 2.6059999465942383
0.9119999408721924 -0.7559999823570251 2.630000114440918
1.0799999237060547 -0.9179999828338623 2.6480000019073486
0.9960000514984131 -0.8700000047683716 2.6600000858306885
1.0799999237060547 -0.4440000057220459 2.378000020980835
1.1400001049041748 -0.5699999928474426 2.378000020980835
0.9779999256134033 -0.8700000047683716 2.677999973297119
1.0799999237060547 -0.9240000247955322 2.6540000438690186
1.1459999084472656 -0.4739999771118164 2.3540000915527344
0.8280000686645508 -0.24599993228912354 2.5759999752044678
0.8459999561309814 -0.8460000157356262 2.8519999980926514
1.253999948501587 -0.9599999785423279 2.6059999465942383
1.0859999656677246 -0.6119999885559082 2.4140000343322754
0.9720001220703125 -0.4440000057220459 2.437999963760376
0.9539999961853027 -0.8460000157356262 2.671999931335449
1.308000087738037 -0.972000002861023 2.6059999465942383
1.2239999771118164 -0.9480000138282776 2.5999999046325684
0.8819999694824219 -0.8640000224113464 2.803999900817871
1.1159999370574951 -0.4440000057220459 2.3600001335144043
1.055999994277954 -0.5879999995231628 2.4200000762939453
0.8280000686645508 -0.8460000157356262 2.9000000953674316
0.875999927520752 -0.8700000047683716 2.828000068664551
0.9539999961853027 -0.4440000057220459 2.450000047683716
1.3380000591278076 -0.972000002861023 2.5999999046325684
1.1519999504089355 -0.49800002574920654 2.3540000915527344
1.194000005722046 -0.9480000138282776 2.611999988555908
0.9720001220703125 -0.36000001430511475 2.432000160217285
0.9119999408721924 -0.7559999823570251 2.624000072479248
1.0799999237060547 -0.4679999351501465 2.378000020980835
1.1640000343322754 -0.5220000147819519 2.3540000915527344
0.875999927520752 -0.8040000200271606 2.7200000286102295
0.9000000953674316 -0.7739999890327454 2.6540000438690186
1.0139999389648438 -0.6840000152587891 2.4860000610351562
0.9300000667572021 -0.37199997901916504 2.4619998931884766
1.128000020980835 -0.4440000057220459 2.3540000915527344
0.8159999847412109 -0.2999999523162842 2.5759999752044678
1.2720000743865967 -0.9480000138282776 2.5820000171661377
1.0980000495910645 -0.4440000057220459 2.366000175476074
0.9179999828338623 -0.7440000176429749 2.6059999465942383
0.9000000953674316 -0.7979999780654907 2.677999973297119
0.875999927520752 -0.8100000023841858 2.7260000705718994
0.9539999961853027 -0.4620000123977661 2.450000047683716
1.2000000476837158 -0.9480000138282776 2.6059999465942383
0.8700001239776611 -0.8700000047683716 2.8340001106262207
1.1519999504089355 -0.9480000138282776 2.630000114440918
1.380000114440918 -0.9779999852180481 2.5999999046325684
1.3559999465942383 -0.972000002861023 2.5940001010894775
1.1159999370574951 -0.5339999794960022 2.371999979019165
1.380000114440918 -0.9839999675750732 2.6059999465942383
1.3020000457763672 -0.972000002861023 2.5999999046325684
0.9000000953674316 -0.7799999713897705 2.6540000438690186
0.8519999980926514 -0.3960000276565552 2.5280001163482666
0.8700001239776611 -0.3960000276565552 2.509999990463257
0.8819999694824219 -0.8579999804496765 2.7799999713897705
0.8519999980926514 -0.40199995040893555 2.5280001163482666
0.809999942779541 -0.24599993228912354 2.5880000591278076
0.875999927520752 -0.3960000276565552 2.503999948501587
0.8220000267028809 -0.8399999737739563 2.881999969482422
1.0260000228881836 -0.4739999771118164 2.4019999504089355
0.8280000686645508 -0.8460000157356262 2.875999927520752
0.8940000534057617 -0.38399994373321533 2.4860000610351562
0.8280000686645508 -0.40199995040893555 2.552000045776367
1.1519999504089355 -0.49800002574920654 2.3480000495910645
1.1519999504089355 -0.9480000138282776 2.624000072479248
1.0260000228881836 -0.8999999761581421 2.6540000438690186
0.9479999542236328 -0.7199999690055847 2.552000045776367
0.9360001087188721 -0.4440000057220459 2.4559998512268066
1.062000036239624 -0.9240000247955322 2.6540000438690186
0.875999927520752 -0.41999995708465576 2.503999948501587
1.1040000915527344 -0.9480000138282776 2.6540000438690186
0.8819999694824219 -0.41999995708465576 2.498000144958496
0.9660000801086426 -0.7080000042915344 2.5280001163482666
1.3680000305175781 -0.9779999852180481 2.5940001010894775
1.128000020980835 -0.4440000057220459 2.3480000495910645
0.9300000667572021 -0.7319999933242798 2.5759999752044678
1.0260000228881836 -0.4859999418258667 2.4019999504089355
1.2660000324249268 -0.9539999961853027 2.5820000171661377
0.875999927520752 -0.828000009059906 2.73799991607666
0.9660000801086426 -0.8700000047683716 2.671999931335449
0.7920000553131104 -0.4259999990463257 2.5940001010894775
0.875999927520752 -0.4440000057220459 2.503999948501587
0.9240000247955322 -0.4440000057220459 2.4619998931884766
1.008000135421753 -0.4739999771118164 2.4079999923706055
1.121999979019165 -0.9480000138282776 2.635999917984009
0.8940000534057617 -0.4440000057220459 2.4860000610351562
0.7799999713897705 -0.3179999589920044 2.6059999465942383
0.9779999256134033 -0.4739999771118164 2.4260001182556152
0.8519999980926514 -0.8700000047683716 2.8519999980926514
0.7560000419616699 -0.24599993228912354 2.6540000438690186
0.8700001239776611 -0.7979999780654907 2.7019999027252197
0.9960000514984131 -0.4739999771118164 2.4140000343322754
0.9000000953674316 -0.4440000057220459 2.4800000190734863
1.0799999237060547 -0.9359999895095825 2.6480000019073486
1.128000020980835 -0.9480000138282776 2.630000114440918
1.128000020980835 -0.5999999642372131 2.378000020980835
0.9300000667572021 -0.8460000157356262 2.677999973297119
0.7980000972747803 -0.2999999523162842 2.5820000171661377
1.181999921798706 -0.972000002861023 2.630000114440918
0.7920000553131104 -0.7860000133514404 2.828000068664551
0.9539999961853027 -0.8700000047683716 2.677999973297119
1.0139999389648438 -0.8999999761581421 2.6540000438690186
1.1340000629425049 -0.9480000138282776 2.624000072479248
1.055999994277954 -0.4739999771118164 2.378000020980835
0.7799999713897705 -0.2879999876022339 2.6059999465942383
1.0199999809265137 -0.8999999761581421 2.6480000019073486
1.0439999103546143 -0.4739999771118164 2.384000062942505
0.8039999008178711 -0.25199997425079346 2.5820000171661377
0.8700001239776611 -0.8219999670982361 2.7260000705718994
0.9000000953674316 -0.4679999351501465 2.4800000190734863
0.875999927520752 -0.8460000157356262 2.75
1.2300000190734863 -0.972000002861023 2.6059999465942383
0.9779999256134033 -0.49800002574920654 2.4260001182556152
1.1040000915527344 -0.4739999771118164 2.3540000915527344
0.9300000667572021 -0.8460000157356262 2.671999931335449
0.7799999713897705 -0.26999998092651367 2.6059999465942383
0.8580000400543213 -0.41999995708465576 2.509999990463257
1.1519999504089355 -0.9959999918937683 2.677999973297119
1.3500001430511475 -0.9959999918937683 2.6059999465942383
1.0740001201629639 -0.4739999771118164 2.366000175476074
1.2780001163482666 -0.972000002861023 2.5880000591278076
1.055999994277954 -0.9240000247955322 2.6419999599456787
0.9000000953674316 -0.8219999670982361 2.677999973297119
1.008000135421753 -0.6779999732971191 2.4679999351501465
1.1040000915527344 -0.4859999418258667 2.3540000915527344
0.9300000667572021 -0.7260000109672546 2.558000087738037
1.3259999752044678 -0.9900000095367432 2.5999999046325684
1.055999994277954 -0.49800002574920654 2.378000020980835
0.8880000114440918 -0.7619999647140503 2.630000114440918
1.0980000495910645 -0.4739999771118164 2.3540000915527344
1.0799999237060547 -0.9480000138282776 2.6540000438690186
0.9660000801086426 -0.4739999771118164 2.4260001182556152
1.308000087738037 -0.9839999675750732 2.5940001010894775
1.3259999752044678 -0.9959999918937683 2.6059999465942383
0.9479999542236328 -0.4739999771118164 2.437999963760376
0.8280000686645508 -0.8640000224113464 2.875999927520752
0.875999927520752 -0.7739999890327454 2.6540000438690186
1.2000000476837158 -1.0199999809265137 2.684000015258789
1.1519999504089355 -0.9959999918937683 2.671999931335449
0.875999927520752 -0.7979999780654907 2.677999973297119
0.8519999980926514 -0.8819999694824219 2.8519999980926514
1.008000135421753 -0.671999990940094 2.4619998931884766
1.055999994277954 -0.5099999904632568 2.378000020980835
0.9960000514984131 -0.8999999761581421 2.6600000858306885
0.9119999408721924 -0.7319999933242798 2.5759999752044678
1.2420001029968262 -0.972000002861023 2.5940001010894775
0.9300000667572021 -0.4739999771118164 2.450000047683716
1.1400001049041748 -0.9959999918937683 2.677999973297119
0.9779999256134033 -0.8999999761581421 2.677999973297119
0.9000000953674316 -0.8219999670982361 2.671999931335449
1.2179999351501465 -0.9660000205039978 2.5940001010894775
1.194000005722046 -1.0199999809265137 2.684000015258789
1.194000005722046 -0.972000002861023 2.611999988555908
1.121999979019165 -0.9959999918937683 2.690000057220459
0.7739999294281006 -0.4259999990463257 2.5999999046325684
0.7680001258850098 -0.3240000009536743 2.6059999465942383
0.9720001220703125 -0.8880000114440918 2.6660001277923584
1.3020000457763672 -0.9959999918937683 2.6059999465942383
0.7860000133514404 -0.312000036239624 2.5820000171661377
0.8880000114440918 -0.8999999761581421 2.803999900817871
0.9600000381469727 -0.7020000219345093 2.509999990463257
0.875999927520752 -0.8999999761581421 2.828000068664551
1.2300000190734863 -1.0139999389648438 2.6540000438690186
0.875999927520752 -0.7799999713897705 2.6540000438690186
1.2000000476837158 -0.972000002861023 2.6059999465942383
1.128000020980835 -1.0080000162124634 2.7019999027252197
0.9179999828338623 -0.4739999771118164 2.4559998512268066
1.3500001430511475 -1.0199999809265137 2.630000114440918
0.9300000667572021 -0.4919999837875366 2.450000047683716
1.002000093460083 -0.49800002574920654 2.4019999504089355
1.1519999504089355 -0.972000002861023 2.630000114440918
0.8159999847412109 -0.8460000157356262 2.8519999980926514
0.8700001239776611 -0.7799999713897705 2.6600000858306885
0.8700001239776611 -0.7739999890327454 2.6540000438690186
0.8399999141693115 -0.8939999938011169 2.9060001373291016
1.128000020980835 -0.4739999771118164 2.3359999656677246
0.8399999141693115 -0.3960000276565552 2.5160000324249268
0.8700001239776611 -0.7979999780654907 2.677999973297119
1.002000093460083 -0.5040000081062317 2.4019999504089355
0.8280000686645508 -0.3960000276565552 2.5280001163482666
0.7860000133514404 -0.7860000133514404 2.809999942779541
0.75 -0.24000000953674316 2.6419999599456787
0.7739999294281006 -0.26999998092651367 2.5999999046325684
1.2420001029968262 -0.9779999852180481 2.5940001010894775
1.0260000228881836 -0.9240000247955322 2.6540000438690186
0.8459999561309814 -0.41999995708465576 2.509999990463257
1.121999979019165 -0.9660000205039978 2.635999917984009
1.2780001163482666 -0.9959999918937683 2.6059999465942383
0.8280000686645508 -0.41999995708465576 2.5280001163482666
1.121999979019165 -0.4739999771118164 2.3359999656677246
0.7680001258850098 -0.26999998092651367 2.6059999465942383
0.8880000114440918 -0.75 2.6059999465942383
1.1640000343322754 -0.972000002861023 2.618000030517578
1.0740001201629639 -0.49800002574920654 2.3600001335144043
1.128000020980835 -0.5699999928474426 2.3540000915527344
0.75 -0.2760000228881836 2.630000114440918
0.875999927520752 -0.8640000224113464 2.75
0.8039999008178711 -0.40799999237060547 2.552000045776367
0.8640000820159912 -0.8159999847412109 2.7019999027252197
1.2839999198913574 -0.9900000095367432 2.5940001010894775
1.3500001430511475 -1.0080000162124634 2.6059999465942383
0.9960000514984131 -0.6060000061988831 2.432000160217285
1.1040000915527344 -0.972000002861023 2.6540000438690186
0.8280000686645508 -0.8759999871253967 2.875999927520752
0.75 -0.26999998092651367 2.630000114440918
0.8519999980926514 -0.4440000057220459 2.503999948501587
0.8580000400543213 -0.4440000057220459 2.498000144958496
0.9360001087188721 -0.8700000047683716 2.671999931335449
0.9479999542236328 -0.6420000195503235 2.4800000190734863
1.2000000476837158 -0.9959999918937683 2.630000114440918
1.3500001430511475 -1.0260000228881836 2.630000114440918
0.7139999866485596 -0.28199994564056396 2.684000015258789
1.1519999504089355 -0.515999972820282 2.3299999237060547
0.9300000667572021 -0.8700000047683716 2.677999973297119
1.1459999084472656 -0.972000002861023 2.624000072479248
1.055999994277954 -0.9480000138282776 2.6540000438690186
1.0320000648498535 -0.9240000247955322 2.6419999599456787
1.0439999103546143 -0.49800002574920654 2.371999979019165
0.9720001220703125 -0.49800002574920654 2.4140000343322754
0.8940000534057617 -0.4739999771118164 2.4679999351501465
1.0320000648498535 -0.49800002574920654 2.378000020980835
1.1340000629425049 -0.5879999995231628 2.3540000915527344
1.1340000629425049 -0.972000002861023 2.630000114440918
0.8519999980926514 -0.4620000123977661 2.503999948501587
0.9539999961853027 -0.49800002574920654 2.4260001182556152
1.0799999237060547 -0.49800002574920654 2.3540000915527344
0.809999942779541 -0.8399999737739563 2.8340001106262207
0.8280000686645508 -0.8700000047683716 2.8519999980926514
0.8700001239776611 -0.8460000157356262 2.7260000705718994
1.253999948501587 -0.9959999918937683 2.6059999465942383
1.0799999237060547 -0.593999981880188 2.378000020980835
0.8700001239776611 -0.7739999890327454 2.6419999599456787
1.2239999771118164 -0.9839999675750732 2.5999999046325684
0.7680001258850098 -0.2999999523162842 2.5940001010894775
0.7260000705718994 -0.2760000228881836 2.6600000858306885
0.8880000114440918 -0.8999999761581421 2.7799999713897705
1.2599999904632568 -0.9900000095367432 2.5940001010894775
0.8280000686645508 -0.8700000047683716 2.8459999561309814
1.0199999809265137 -0.9240000247955322 2.6480000019073486
0.9419999122619629 -0.49800002574920654 2.432000160217285
0.9539999961853027 -0.5099999904632568 2.4260001182556152
0.9960000514984131 -0.49800002574920654 2.3959999084472656
0.8459999561309814 -0.4440000057220459 2.503999948501587
0.875999927520752 -0.4739999771118164 2.4800000190734863
1.380000114440918 -1.0199999809265137 2.611999988555908
0.9000000953674316 -0.8460000157356262 2.677999973297119
0.7860000133514404 -0.25199997425079346 2.5759999752044678
0.9300000667572021 -0.7139999866485596 2.5280001163482666
1.0139999389648438 -0.49800002574920654 2.384000062942505
0.9839999675750732 -0.49800002574920654 2.4019999504089355
0.9060001373291016 -0.7260000109672546 2.558000087738037
1.0980000495910645 -0.49800002574920654 2.3420000076293945
1.128000020980835 -0.49800002574920654 2.3299999237060547
1.1459999084472656 -1.0139999389648438 2.677999973297119
1.2360000610351562 -0.9959999918937683 2.6059999465942383
0.875999927520752 -0.8219999670982361 2.677999973297119
1.0799999237060547 -0.5220000147819519 2.3540000915527344
0.9360001087188721 -0.6959999799728394 2.509999990463257
0.8220000267028809 -0.8700000047683716 2.8519999980926514
0.9960000514984131 -0.6420000195503235 2.437999963760376
1.008000135421753 -0.9240000247955322 2.6540000438690186
1.0859999656677246 -0.972000002861023 2.6540000438690186
0.9539999961853027 -0.8999999761581421 2.677999973297119
0.7260000705718994 -0.26999998092651367 2.6540000438690186
1.1040000915527344 -0.6060000061988831 2.366000175476074
0.875999927520752 -0.4919999837875366 2.4800000190734863
0.8880000114440918 -0.9179999828338623 2.803999900817871
1.1400001049041748 -0.49800002574920654 2.3239998817443848
1.1760001182556152 -0.9959999918937683 2.630000114440918
1.2000000476837158 -1.0199999809265137 2.6540000438690186
0.8580000400543213 -0.8999999761581421 2.828000068664551
1.1340000629425049 -0.9959999918937683 2.6540000438690186
0.9000000953674316 -0.8460000157356262 2.671999931335449
0.8880000114440918 -0.828000009059906 2.6660001277923584
1.055999994277954 -0.9480000138282776 2.6419999599456787
1.1040000915527344 -0.5699999928474426 2.3540000915527344
1.194000005722046 -0.9900000095367432 2.611999988555908
1.128000020980835 -0.5099999904632568 2.3299999237060547
1.121999979019165 -0.49800002574920654 2.3299999237060547
0.7439999580383301 -0.26999998092651367 2.624000072479248
0.8819999694824219 -0.8219999670982361 2.6660001277923584
0.8700001239776611 -0.4739999771118164 2.4800000190734863
0.7920000553131104 -0.24599993228912354 2.564000129699707
0.9360001087188721 -0.7020000219345093 2.509999990463257
1.0260000228881836 -0.5220000147819519 2.378000020980835
1.1519999504089355 -1.0199999809265137 2.677999973297119
0.8399999141693115 -0.8939999938011169 2.8519999980926514
1.121999979019165 -1.0080000162124634 2.677999973297119
0.9960000514984131 -0.9240000247955322 2.6600000858306885
1.0799999237060547 -0.6179999709129333 2.378000020980835
1.1159999370574951 -1.0199999809265137 2.7019999027252197
0.9240000247955322 -0.49800002574920654 2.437999963760376
0.9779999256134033 -0.9240000247955322 2.677999973297119
0.8700001239776611 -0.8219999670982361 2.677999973297119
1.055999994277954 -0.9599999785423279 2.6540000438690186
0.75 -0.2999999523162842 2.6059999465942383
1.2000000476837158 -1.0199999809265137 2.6480000019073486
0.8819999694824219 -0.8880000114440918 2.75
0.8880000114440918 -0.7379999756813049 2.5759999752044678
0.8159999847412109 -0.41999995708465576 2.5220000743865967
1.3259999752044678 -1.0199999809265137 2.6059999465942383
0.875999927520752 -0.9240000247955322 2.828000068664551
1.0199999809265137 -0.5220000147819519 2.378000020980835
1.181999921798706 -1.0199999809265137 2.6540000438690186
1.0799999237060547 -0.972000002861023 2.6480000019073486
1.3380000591278076 -1.0139999389648438 2.5940001010894775
1.0260000228881836 -0.5399999618530273 2.378000020980835
0.9779999256134033 -0.5220000147819519 2.4019999504089355
0.8700001239776611 -0.8460000157356262 2.7019999027252197
1.2060000896453857 -0.9959999918937683 2.6059999465942383
0.875999927520752 -0.8700000047683716 2.7260000705718994
1.0439999103546143 -0.9480000138282776 2.6419999599456787
0.8700001239776611 -0.8219999670982361 2.671999931335449
1.002000093460083 -0.6420000195503235 2.4260001182556152
0.7980000972747803 -0.828000009059906 2.803999900817871
0.9479999542236328 -0.6119999885559082 2.450000047683716
0.7799999713897705 -0.25199997425079346 2.569999933242798
1.0499999523162842 -0.5220000147819519 2.3600001335144043
1.062000036239624 -0.5220000147819519 2.3540000915527344
1.1640000343322754 -1.0440000295639038 2.7019999027252197
1.3020000457763672 -1.0199999809265137 2.6059999465942383
0.8940000534057617 -0.7199999690055847 2.552000045776367
1.1040000915527344 -0.593999981880188 2.3540000915527344
1.055999994277954 -0.5999999642372131 2.378000020980835
1.1519999504089355 -0.9959999918937683 2.630000114440918
1.1519999504089355 -0.527999997138977 2.317999839782715
0.7560000419616699 -0.3179999589920044 2.5880000591278076
0.7320001125335693 -0.26999998092651367 2.630000114440918
1.0260000228881836 -0.9480000138282776 2.6540000438690186
1.1459999084472656 -0.9900000095367432 2.624000072479248
0.9779999256134033 -0.5339999794960022 2.4019999504089355
0.9000000953674316 -0.49800002574920654 2.450000047683716
0.8340001106262207 -0.906000018119812 2.875999927520752
0.7739999294281006 -0.7739999890327454 2.7680001258850098
1.128000020980835 -0.5699999928474426 2.3359999656677246
1.1760001182556152 -1.0499999523162842 2.7019999027252197
1.1700000762939453 -1.0199999809265137 2.6540000438690186
0.7019999027252197 -0.26999998092651367 2.677999973297119
1.2060000896453857 -1.0320000648498535 2.6540000438690186
0.8940000534057617 -0.9240000247955322 2.7799999713897705
0.8039999008178711 -0.41999995708465576 2.5280001163482666
0.9119999408721924 -0.7139999866485596 2.5280001163482666
0.8459999561309814 -0.4739999771118164 2.492000102996826
1.314000129699707 -1.0199999809265137 2.5999999046325684
0.8700001239776611 -0.8519999980926514 2.7019999027252197
0.8700001239776611 -0.828000009059906 2.671999931335449
1.1100001335144043 -0.5220000147819519 2.3299999237060547
1.2839999198913574 -1.0199999809265137 2.6059999465942383
0.809999942779541 -0.8640000224113464 2.8340001106262207
1.121999979019165 -0.5879999995231628 2.3420000076293945
0.8220000267028809 -0.4440000057220459 2.509999990463257
1.0799999237060547 -0.5699999928474426 2.3540000915527344
1.062000036239624 -0.6179999709129333 2.378000020980835
0.7260000705718994 -0.2940000295639038 2.630000114440918
0.7139999866485596 -0.26999998092651367 2.6540000438690186
0.7860000133514404 -0.8040000200271606 2.7799999713897705
1.1640000343322754 -0.9959999918937683 2.618000030517578
1.0920000076293945 -0.5220000147819519 2.3359999656677246
0.8039999008178711 -0.4440000057220459 2.5280001163482666
0.7320001125335693 -0.24599993228912354 2.630000114440918
0.7799999713897705 -0.4140000343322754 2.552000045776367
0.8880000114440918 -0.49800002574920654 2.4559998512268066
1.2660000324249268 -1.0499999523162842 2.6540000438690186
1.1040000915527344 -0.9959999918937683 2.6540000438690186
0.9300000667572021 -0.6959999799728394 2.498000144958496
0.8039999008178711 -0.4500000476837158 2.5280001163482666
1.062000036239624 -0.5460000038146973 2.3540000915527344
0.8700001239776611 -0.8519999980926514 2.696000099182129
1.2899999618530273 -1.0199999809265137 2.5999999046325684
1.3919999599456787 -1.0499999523162842 2.630000114440918
1.002000093460083 -0.5999999642372131 2.4019999504089355
0.9000000953674316 -0.8700000047683716 2.677999973297119
0.9000000953674316 -0.5220000147819519 2.450000047683716
1.0740001201629639 -0.5699999928474426 2.3540000915527344
1.0740001201629639 -0.5220000147819519 2.3420000076293945
0.9839999675750732 -0.5220000147819519 2.3899998664855957
1.0439999103546143 -0.5999999642372131 2.378000020980835
0.8640000820159912 -0.9240000247955322 2.828000068664551
1.121999979019165 -0.5579999685287476 2.3299999237060547
0.9300000667572021 -0.5220000147819519 2.4260001182556152
0.875999927520752 -0.8460000157356262 2.677999973297119
0.7379999160766602 -0.2999999523162842 2.6059999465942383
0.8280000686645508 -0.4739999771118164 2.503999948501587
1.2000000476837158 -1.0499999523162842 2.677999973297119
1.1340000629425049 -0.5759999752044678 2.3299999237060547
0.7980000972747803 -0.41999995708465576 2.5280001163482666
0.8700001239776611 -0.8399999737739563 2.677999973297119
0.9300000667572021 -0.8999999761581421 2.677999973297119
0.9720001220703125 -0.5220000147819519 2.3959999084472656
0.8700001239776611 -0.49800002574920654 2.4679999351501465
1.0199999809265137 -0.9480000138282776 2.6480000019073486
1.121999979019165 -0.9959999918937683 2.635999917984009
1.253999948501587 -1.0199999809265137 2.6059999465942383
0.7200000286102295 -0.26999998092651367 2.635999917984009
1.0980000495910645 -0.593999981880188 2.3480000495910645
0.8220000267028809 -0.8939999938011169 2.8519999980926514
1.3440001010894775 -1.062000036239624 2.6480000019073486
0.9000000953674316 -0.8700000047683716 2.671999931335449
1.128000020980835 -0.9959999918937683 2.630000114440918
0.9600000381469727 -0.5220000147819519 2.4019999504089355
0.7019999027252197 -0.3359999656677246 2.6540000438690186
1.0859999656677246 -0.5999999642372131 2.3540000915527344
0.8280000686645508 -0.4919999837875366 2.503999948501587
1.2239999771118164 -1.0139999389648438 2.6059999465942383
1.3259999752044678 -1.0499999523162842 2.630000114440918
0.9539999961853027 -0.9240000247955322 2.677999973297119
0.9300000667572021 -0.8999999761581421 2.671999931335449
0.875999927520752 -0.8700000047683716 2.7019999027252197
1.2360000610351562 -1.0499999523162842 2.6540000438690186
1.2899999618530273 -1.0260000228881836 2.5999999046325684
0.8519999980926514 -0.49800002574920654 2.4800000190734863
0.9479999542236328 -0.5220000147819519 2.4079999923706055
1.3500001430511475 -1.0379999876022339 2.6059999465942383
1.0859999656677246 -0.6060000061988831 2.3540000915527344
0.8940000534057617 -0.9480000138282776 2.803999900817871
0.9300000667572021 -0.5460000038146973 2.4260001182556152
1.253999948501587 -1.0199999809265137 2.5999999046325684
1.055999994277954 -0.972000002861023 2.6419999599456787
1.2000000476837158 -1.055999994277954 2.677999973297119
1.128000020980835 -1.0440000295639038 2.7019999027252197
0.7320001125335693 -0.24000000953674316 2.618000030517578
0.9600000381469727 -0.9240000247955322 2.6660001277923584
1.002000093460083 -0.5460000038146973 2.378000020980835
1.062000036239624 -0.6119999885559082 2.366000175476074
0.8700001239776611 -0.9359999895095825 2.822000026702881
1.1159999370574951 -0.5519999861717224 2.3239998817443848
0.7980000972747803 -0.4440000057220459 2.5220000743865967
0.9300000667572021 -0.5519999861717224 2.4260001182556152
1.2300000190734863 -1.0199999809265137 2.6059999465942383
1.1760001182556152 -1.0199999809265137 2.630000114440918
0.8280000686645508 -0.8999999761581421 2.8340001106262207
1.002000093460083 -0.9480000138282776 2.6540000438690186
1.002000093460083 -0.6240000128746033 2.4019999504089355
1.1760001182556152 -1.0499999523162842 2.677999973297119
1.002000093460083 -0.5519999861717224 2.378000020980835
0.7019999027252197 -0.2760000228881836 2.6540000438690186
0.9179999828338623 -0.5220000147819519 2.4260001182556152
0.75 -0.41999995708465576 2.5759999752044678
0.9119999408721924 -0.7020000219345093 2.503999948501587
1.0799999237060547 -0.9959999918937683 2.6540000438690186
1.0740001201629639 -0.5999999642372131 2.3540000915527344
0.9360001087188721 -0.6359999775886536 2.450000047683716
1.0499999523162842 -0.972000002861023 2.6419999599456787
0.8399999141693115 -0.49800002574920654 2.4860000610351562
1.2060000896453857 -1.0740000009536743 2.7019999027252197
0.8819999694824219 -0.8999999761581421 2.7260000705718994
0.8519999980926514 -0.5220000147819519 2.4800000190734863
0.7260000705718994 -0.3240000009536743 2.6059999465942383
1.3199999332427979 -1.055999994277954 2.630000114440918
0.875999927520752 -0.9480000138282776 2.828000068664551
1.128000020980835 -1.0199999809265137 2.6540000438690186
0.8159999847412109 -0.4739999771118164 2.503999948501587
0.8580000400543213 -0.75 2.5880000591278076
1.3859999179840088 -1.0499999523162842 2.611999988555908
0.9960000514984131 -0.9480000138282776 2.6540000438690186
1.2300000190734863 -1.0199999809265137 2.5999999046325684
1.181999921798706 -1.0139999389648438 2.611999988555908
1.1640000343322754 -1.0499999523162842 2.677999973297119
1.002000093460083 -0.6359999775886536 2.4019999504089355
1.0859999656677246 -0.5460000038146973 2.3299999237060547
0.9539999961853027 -0.5460000038146973 2.4019999504089355
0.8880000114440918 -0.9240000247955322 2.75
1.1579999923706055 -1.062000036239624 2.7019999027252197
0.9000000953674316 -0.9480000138282776 2.7739999294281006
1.3259999752044678 -1.0440000295639038 2.6059999465942383
1.0740001201629639 -0.5519999861717224 2.3359999656677246
0.7860000133514404 -0.4440000057220459 2.5280001163482666
1.0260000228881836 -0.5759999752044678 2.366000175476074
1.0859999656677246 -0.5519999861717224 2.3299999237060547
0.9539999961853027 -0.6240000128746033 2.4260001182556152
0.8940000534057617 -0.5220000147819519 2.437999963760376
0.8220000267028809 -0.8999999761581421 2.828000068664551
1.0260000228881836 -0.972000002861023 2.6540000438690186
0.8940000534057617 -0.9480000138282776 2.7799999713897705
0.7260000705718994 -0.4259999990463257 2.5999999046325684
1.0260000228881836 -0.6179999709129333 2.378000020980835
1.1519999504089355 -1.0199999809265137 2.630000114440918
1.2300000190734863 -1.0980000495910645 2.7260000705718994
0.8819999694824219 -0.8700000047683716 2.671999931335449
0.7739999294281006 -0.7919999957084656 2.74399995803833
1.0799999237060547 -0.9959999918937683 2.6419999599456787
0.9360001087188721 -0.6660000085830688 2.4559998512268066
0.9000000953674316 -0.9660000205039978 2.803999900817871
0.7320001125335693 -0.3240000009536743 2.5880000591278076
0.9660000801086426 -0.5460000038146973 2.3899998664855957
0.9539999961853027 -0.6299999952316284 2.4260001182556152
1.002000093460083 -0.5820000171661377 2.378000020980835
1.181999921798706 -1.0740000009536743 2.7019999027252197
0.8459999561309814 -0.9480000138282776 2.881999969482422
0.9839999675750732 -0.5460000038146973 2.378000020980835
1.2300000190734863 -1.0260000228881836 2.5999999046325684
0.875999927520752 -0.8700000047683716 2.677999973297119
1.0980000495910645 -1.0139999389648438 2.6540000438690186
0.875999927520752 -0.5220000147819519 2.450000047683716
1.0260000228881836 -0.5460000038146973 2.3540000915527344
0.8819999694824219 -0.7139999866485596 2.5280001163482666
1.2239999771118164 -1.0980000495910645 2.7260000705718994
0.9539999961853027 -0.5640000104904175 2.4019999504089355
0.7079999446868896 -0.2999999523162842 2.624000072479248
1.2420001029968262 -1.0499999523162842 2.630000114440918
0.7019999027252197 -0.33000004291534424 2.630000114440918
0.7680001258850098 -0.41999995708465576 2.5399999618530273
0.7019999027252197 -0.3240000009536743 2.630000114440918
0.9360001087188721 -0.5460000038146973 2.4079999923706055
0.9900000095367432 -0.6359999775886536 2.4019999504089355
0.8220000267028809 -0.49800002574920654 2.492000102996826
0.8640000820159912 -0.9480000138282776 2.828000068664551
0.9300000667572021 -0.9240000247955322 2.677999973297119
0.7739999294281006 -0.4440000057220459 2.5339999198913574
1.1100001335144043 -1.0499999523162842 2.7019999027252197
0.8459999561309814 -0.5220000147819519 2.4739999771118164
0.8940000534057617 -0.9539999961853027 2.7799999713897705
0.7019999027252197 -0.2999999523162842 2.630000114440918
1.1040000915527344 -1.0199999809265137 2.6540000438690186
0.8519999980926514 -0.9480000138282776 2.8519999980926514
1.002000093460083 -0.5759999752044678 2.371999979019165
0.7980000972747803 -0.4739999771118164 2.509999990463257
1.128000020980835 -0.5220000147819519 2.3000001907348633
0.8640000820159912 -0.5220000147819519 2.4559998512268066
1.1579999923706055 -1.0199999809265137 2.618000030517578
0.875999927520752 -0.5399999618530273 2.450000047683716
1.1760001182556152 -1.0499999523162842 2.6540000438690186
0.7019999027252197 -0.33000004291534424 2.624000072479248
0.9000000953674316 -0.8999999761581421 2.677999973297119
1.1760001182556152 -1.0799999237060547 2.7079999446868896
0.8819999694824219 -0.8999999761581421 2.7019999027252197
0.9779999256134033 -0.6240000128746033 2.4019999504089355
0.9839999675750732 -0.5640000104904175 2.378000020980835
1.3020000457763672 -1.0499999523162842 2.6059999465942383
0.8640000820159912 -0.7319999933242798 2.552000045776367
1.0260000228881836 -0.5640000104904175 2.3540000915527344
1.2300000190734863 -1.1039999723434448 2.7260000705718994
0.7799999713897705 -0.4739999771118164 2.5280001163482666
0.9119999408721924 -0.6899999976158142 2.4800000190734863
0.9300000667572021 -0.9240000247955322 2.671999931335449
1.1579999923706055 -1.0260000228881836 2.624000072479248
0.9539999961853027 -0.9480000138282776 2.677999973297119
1.380000114440918 -1.0740000009536743 2.630000114440918
1.121999979019165 -1.0199999809265137 2.635999917984009
0.7799999713897705 -0.48000001907348633 2.5280001163482666
1.2239999771118164 -1.1039999723434448 2.7260000705718994
1.0139999389648438 -0.5460000038146973 2.3540000915527344
1.2899999618530273 -1.0499999523162842 2.6059999465942383
1.3680000305175781 -1.0740000009536743 2.630000114440918
1.1400001049041748 -1.0199999809265137 2.624000072479248
0.8880000114440918 -0.9240000247955322 2.7260000705718994
0.8880000114440918 -0.7080000042915344 2.509999990463257
0.8340001106262207 -0.5220000147819519 2.4800000190734863
0.8039999008178711 -0.49800002574920654 2.503999948501587
1.194000005722046 -1.0440000295639038 2.630000114440918
1.128000020980835 -1.0199999809265137 2.630000114440918
0.9000000953674316 -0.8999999761581421 2.671999931335449
1.308000087738037 -1.0499999523162842 2.5999999046325684
1.128000020980835 -1.0499999523162842 2.677999973297119
1.1340000629425049 -0.5220000147819519 2.2940001487731934
0.9720001220703125 -0.6240000128746033 2.4019999504089355
0.8459999561309814 -0.9480000138282776 2.8519999980926514
0.75 -0.41999995708465576 2.552000045776367
0.8940000534057617 -0.972000002861023 2.803999900817871
1.1100001335144043 -0.5399999618530273 2.305999994277954
0.9539999961853027 -0.6539999842643738 2.4260001182556152
0.9900000095367432 -0.6240000128746033 2.3899998664855957
1.055999994277954 -0.5460000038146973 2.3299999237060547
1.194000005722046 -1.0379999876022339 2.618000030517578
0.9000000953674316 -0.5460000038146973 2.4260001182556152
0.7439999580383301 -0.41999995708465576 2.558000087738037
1.1519999504089355 -1.0320000648498535 2.630000114440918
1.002000093460083 -0.6299999952316284 2.384000062942505
1.0260000228881836 -0.6179999709129333 2.366000175476074
0.6540000438690186 -0.312000036239624 2.7019999027252197
1.121999979019165 -1.0499999523162842 2.677999973297119
0.7079999446868896 -0.3240000009536743 2.6059999465942383
1.194000005722046 -1.062000036239624 2.6540000438690186
0.8940000534057617 -0.9480000138282776 2.75
0.8640000820159912 -0.9900000095367432 2.930000066757202
0.75 -0.4440000057220459 2.552000045776367
0.8519999980926514 -0.972000002861023 2.9000000953674316
1.002000093460083 -0.972000002861023 2.6540000438690186
0.9060001373291016 -0.5460000038146973 2.4200000762939453
1.1100001335144043 -0.5220000147819519 2.3000001907348633
0.8039999008178711 -0.515999972820282 2.503999948501587
0.8280000686645508 -0.9240000247955322 2.828000068664551
0.9539999961853027 -0.5999999642372131 2.4019999504089355
0.8580000400543213 -0.9779999852180481 2.9000000953674316
0.8700001239776611 -1.0019999742507935 2.9600000381469727
1.2000000476837158 -1.0499999523162842 2.630000114440918
1.3919999599456787 -1.0799999237060547 2.630000114440918
0.9839999675750732 -0.5879999995231628 2.378000020980835
0.75 -0.4559999704360962 2.552000045776367
0.8940000534057617 -0.8999999761581421 2.671999931335449
1.2239999771118164 -1.0980000495910645 2.7019999027252197
1.1400001049041748 -1.0260000228881836 2.624000072479248
1.1519999504089355 -1.0499999523162842 2.6540000438690186
0.7980000972747803 -0.49800002574920654 2.503999948501587
0.9539999961853027 -0.9480000138282776 2.6660001277923584
0.9300000667572021 -0.6240000128746033 2.4260001182556152
0.8880000114440918 -0.8999999761581421 2.677999973297119
0.875999927520752 -0.972000002861023 2.828000068664551
1.253999948501587 -1.0499999523162842 2.6059999465942383
0.9000000953674316 -0.972000002861023 2.7799999713897705
1.002000093460083 -0.6240000128746033 2.378000020980835
0.8519999980926514 -0.972000002861023 2.888000011444092
1.380000114440918 -1.0740000009536743 2.618000030517578
0.6779999732971191 -0.2879999876022339 2.6540000438690186
1.055999994277954 -0.9959999918937683 2.635999917984009
1.1400001049041748 -1.0799999237060547 2.7139999866485596
0.9960000514984131 -0.972000002861023 2.6540000438690186
0.7079999446868896 -0.3240000009536743 2.5999999046325684
1.1760001182556152 -1.0740000009536743 2.677999973297119
0.8640000820159912 -0.5460000038146973 2.450000047683716
1.2899999618530273 -1.0740000009536743 2.630000114440918
0.8880000114440918 -0.6359999775886536 2.4619998931884766
0.8700001239776611 -0.5460000038146973 2.444000005722046
1.3440001010894775 -1.062000036239624 2.5999999046325684
0.8280000686645508 -0.9300000071525574 2.828000068664551
0.8220000267028809 -0.9240000247955322 2.828000068664551
1.0980000495910645 -0.5220000147819519 2.3000001907348633
0.9000000953674316 -0.5699999928474426 2.4260001182556152
1.008000135421753 -0.6240000128746033 2.371999979019165
1.3500001430511475 -1.0859999656677246 2.635999917984009
1.1340000629425049 -1.0740000009536743 2.7019999027252197
0.690000057220459 -0.3240000009536743 2.624000072479248
0.8159999847412109 -0.5220000147819519 2.4860000610351562
0.8940000534057617 -0.9419999718666077 2.7260000705718994
1.1100001335144043 -1.0799999237060547 2.7320001125335693
1.3500001430511475 -1.0679999589920044 2.6059999465942383
0.6840000152587891 -0.2999999523162842 2.635999917984009
0.9300000667572021 -0.6359999775886536 2.4260001182556152
1.1100001335144043 -0.5220000147819519 2.2940001487731934
1.3500001430511475 -1.0799999237060547 2.624000072479248
0.9360001087188721 -0.9480000138282776 2.677999973297119
0.9300000667572021 -0.5699999928474426 2.4019999504089355
0.8280000686645508 -0.5460000038146973 2.4800000190734863
0.8700001239776611 -0.972000002861023 2.828000068664551
0.9000000953674316 -0.5759999752044678 2.4260001182556152
1.2300000190734863 -1.0859999656677246 2.6660001277923584
1.002000093460083 -0.5640000104904175 2.3540000915527344
1.3380000591278076 -1.0679999589920044 2.6059999465942383
0.8880000114440918 -0.5460000038146973 2.4260001182556152
1.1519999504089355 -1.055999994277954 2.6540000438690186
1.0260000228881836 -0.9959999918937683 2.6540000438690186
0.9000000953674316 -0.9660000205039978 2.75600004196167
1.128000020980835 -1.0320000648498535 2.630000114440918
1.2300000190734863 -1.0499999523162842 2.6059999465942383
0.8880000114440918 -0.9240000247955322 2.7019999027252197
0.6840000152587891 -0.3240000009536743 2.630000114440918
1.0380001068115234 -0.9959999918937683 2.6419999599456787
0.9960000514984131 -0.9779999852180481 2.6540000438690186
1.1159999370574951 -1.0320000648498535 2.635999917984009
1.3199999332427979 -1.0679999589920044 2.6059999465942383
1.0260000228881836 -0.5519999861717224 2.3359999656677246
1.2300000190734863 -1.0980000495910645 2.684000015258789
1.2239999771118164 -1.0499999523162842 2.6059999465942383
1.2780001163482666 -1.062000036239624 2.6059999465942383
0.8940000534057617 -0.5699999928474426 2.4260001182556152
0.8159999847412109 -0.9179999828338623 2.815999984741211
0.7680001258850098 -0.4739999771118164 2.5220000743865967
1.2000000476837158 -1.0740000009536743 2.6540000438690186
1.1640000343322754 -1.0920000076293945 2.7079999446868896
0.9539999961853027 -0.9660000205039978 2.677999973297119
1.3500001430511475 -1.0679999589920044 2.5999999046325684
0.8700001239776611 -0.7199999690055847 2.5160000324249268
1.128000020980835 -1.0499999523162842 2.6540000438690186
0.8459999561309814 -0.972000002861023 2.875999927520752
1.0199999809265137 -0.5460000038146973 2.3359999656677246
0.7379999160766602 -0.4440000057220459 2.552000045776367
1.1040000915527344 -1.0679999589920044 2.7019999027252197
1.1519999504089355 -1.0740000009536743 2.677999973297119
0.9900000095367432 -0.6299999952316284 2.378000020980835
1.0920000076293945 -1.0499999523162842 2.677999973297119
0.9360001087188721 -0.5999999642372131 2.4019999504089355
0.9000000953674316 -0.9240000247955322 2.677999973297119
0.8399999141693115 -0.5460000038146973 2.4619998931884766
1.2300000190734863 -1.1039999723434448 2.690000057220459
0.6540000438690186 -0.3059999942779541 2.677999973297119
0.9779999256134033 -0.5759999752044678 2.366000175476074
0.8519999980926514 -0.972000002861023 2.8519999980926514
1.1459999084472656 -1.055999994277954 2.6480000019073486
0.6719999313354492 -0.3240000009536743 2.6419999599456787
1.0799999237060547 -1.0199999809265137 2.635999917984009
1.0260000228881836 -0.5460000038146973 2.3299999237060547
1.2120001316070557 -1.1100000143051147 2.7079999446868896
0.6779999732971191 -0.33000004291534424 2.630000114440918
0.9539999961853027 -0.5699999928474426 2.378000020980835
1.1340000629425049 -1.055999994277954 2.6540000438690186
0.9000000953674316 -0.9959999918937683 2.803999900817871
0.9119999408721924 -0.6240000128746033 2.4260001182556152
0.8880000114440918 -0.6959999799728394 2.4800000190734863
0.8940000534057617 -0.9660000205039978 2.75
0.9179999828338623 -0.5699999928474426 2.4019999504089355
0.7439999580383301 -0.7559999823570251 2.7019999027252197
0.6840000152587891 -0.33000004291534424 2.618000030517578
0.75 -0.75 2.684000015258789
1.0799999237060547 -0.5339999794960022 2.3000001907348633
1.2780001163482666 -1.0980000495910645 2.6540000438690186
0.7560000419616699 -0.4739999771118164 2.5280001163482666
0.9300000667572021 -0.6599999666213989 2.4260001182556152
0.7980000972747803 -0.5220000147819519 2.492000102996826
1.2300000190734863 -1.0740000009536743 2.630000114440918
0.9720001220703125 -0.5759999752044678 2.366000175476074
0.8940000534057617 -0.9959999918937683 2.809999942779541
0.8700001239776611 -0.5699999928474426 2.437999963760376
1.3259999752044678 -1.0799999237060547 2.611999988555908
0.6779999732971191 -0.437999963760376 2.630000114440918
0.8399999141693115 -0.9660000205039978 2.8519999980926514
1.0740001201629639 -0.527999997138977 2.3000001907348633
0.9300000667572021 -0.9480000138282776 2.6660001277923584
0.9539999961853027 -0.5820000171661377 2.378000020980835
0.9839999675750732 -0.5640000104904175 2.3540000915527344
0.9539999961853027 -0.6480000019073486 2.4019999504089355
0.6600000858306885 -0.3359999656677246 2.6540000438690186
0.9300000667572021 -0.6060000061988831 2.4019999504089355
0.6480000019073486 -0.3179999589920044 2.677999973297119
0.9000000953674316 -0.9900000095367432 2.7799999713897705
0.7680001258850098 -0.49800002574920654 2.5160000324249268
1.194000005722046 -1.0740000009536743 2.6419999599456787
0.9000000953674316 -0.9240000247955322 2.6660001277923584
1.2599999904632568 -1.0679999589920044 2.6059999465942383
0.8880000114440918 -0.6599999666213989 2.4559998512268066
0.8159999847412109 -0.9300000071525574 2.815999984741211
0.8580000400543213 -0.9959999918937683 2.888000011444092
0.8220000267028809 -0.9419999718666077 2.828000068664551
1.3020000457763672 -1.0799999237060547 2.611999988555908
1.2300000190734863 -1.062000036239624 2.6059999465942383
0.8519999980926514 -0.5699999928474426 2.450000047683716
0.6719999313354492 -0.3359999656677246 2.630000114440918
1.1040000915527344 -1.0499999523162842 2.6540000438690186
0.6600000858306885 -0.2999999523162842 2.6540000438690186
0.6779999732971191 -0.437999963760376 2.624000072479248
1.128000020980835 -1.0740000009536743 2.677999973297119
1.2000000476837158 -1.0980000495910645 2.677999973297119
1.253999948501587 -1.0980000495910645 2.6540000438690186
0.8880000114440918 -0.9240000247955322 2.677999973297119
1.002000093460083 -0.9959999918937683 2.6540000438690186
1.068000078201294 -1.0139999389648438 2.624000072479248
1.2239999771118164 -1.062000036239624 2.6059999465942383
1.194000005722046 -1.0799999237060547 2.6480000019073486
1.0799999237060547 -0.527999997138977 2.2940001487731934
0.9600000381469727 -0.972000002861023 2.6600000858306885
0.809999942779541 -0.5460000038146973 2.4800000190734863
0.8159999847412109 -0.5460000038146973 2.4739999771118164
1.1579999923706055 -1.0859999656677246 2.677999973297119
1.0139999389648438 -0.5519999861717224 2.3299999237060547
0.7620000839233398 -0.7860000133514404 2.690000057220459
0.7799999713897705 -0.5220000147819519 2.503999948501587
1.194000005722046 -1.0980000495910645 2.677999973297119
0.7439999580383301 -0.4739999771118164 2.5339999198913574
1.0920000076293945 -1.0740000009536743 2.7019999027252197
0.9660000801086426 -0.6359999775886536 2.384000062942505
1.0980000495910645 -1.0499999523162842 2.6540000438690186
0.6660001277923584 -0.4500000476837158 2.6419999599456787
1.0799999237060547 -1.055999994277954 2.677999973297119
0.9000000953674316 -0.6779999732971191 2.450000047683716
0.8519999980926514 -0.5820000171661377 2.450000047683716
0.875999927520752 -0.9959999918937683 2.828000068664551
1.3259999752044678 -1.0980000495910645 2.630000114440918
0.6719999313354492 -0.3359999656677246 2.624000072479248
0.8940000534057617 -1.0019999742507935 2.803999900817871
0.9479999542236328 -0.9779999852180481 2.677999973297119
0.9660000801086426 -0.5699999928474426 2.3600001335144043
1.2000000476837158 -1.0740000009536743 2.630000114440918
0.9300000667572021 -0.6539999842643738 2.4140000343322754
0.6540000438690186 -0.3240000009536743 2.6540000438690186
1.0380001068115234 -0.5399999618530273 2.312000036239624
1.314000129699707 -1.0980000495910645 2.630000114440918
0.9060001373291016 -0.6420000195503235 2.4260001182556152
1.187999963760376 -1.0859999656677246 2.6540000438690186
1.062000036239624 -1.0199999809265137 2.630000114440918
0.75 -0.49800002574920654 2.5280001163482666
0.9360001087188721 -0.5699999928474426 2.378000020980835
0.9960000514984131 -0.5519999861717224 2.3359999656677246
1.3259999752044678 -1.1039999723434448 2.635999917984009
0.7260000705718994 -0.4739999771118164 2.552000045776367
0.7980000972747803 -0.5460000038146973 2.4860000610351562
0.9360001087188721 -0.972000002861023 2.677999973297119
0.7560000419616699 -0.7739999890327454 2.677999973297119
0.8580000400543213 -1.0080000162124634 2.9000000953674316
1.253999948501587 -1.1039999723434448 2.6540000438690186
0.7260000705718994 -0.48000001907348633 2.552000045776367
0.8880000114440918 -0.9480000138282776 2.7019999027252197
0.8880000114440918 -0.9240000247955322 2.6660001277923584
0.7739999294281006 -0.5220000147819519 2.503999948501587
1.0499999523162842 -1.0199999809265137 2.635999917984009
0.7799999713897705 -0.5460000038146973 2.503999948501587
0.8700001239776611 -0.6359999775886536 2.450000047683716
0.875999927520752 -0.5879999995231628 2.4260001182556152
1.253999948501587 -1.0799999237060547 2.611999988555908
1.0799999237060547 -1.0320000648498535 2.630000114440918
0.7019999027252197 -0.4440000057220459 2.5759999752044678
1.0260000228881836 -1.0199999809265137 2.6540000438690186
0.8220000267028809 -0.9539999961853027 2.828000068664551
0.9479999542236328 -0.5699999928474426 2.366000175476074
0.8459999561309814 -0.5699999928474426 2.444000005722046
0.7379999160766602 -0.75 2.677999973297119
0.6480000019073486 -0.2940000295639038 2.6600000858306885
1.1040000915527344 -1.0740000009536743 2.677999973297119
1.2780001163482666 -1.0980000495910645 2.630000114440918
0.75 -0.5220000147819519 2.5280001163482666
1.2120001316070557 -1.0980000495910645 2.6540000438690186
1.0740001201629639 -1.0740000009536743 2.7019999027252197
0.6480000019073486 -0.33000004291534424 2.6540000438690186
0.8940000534057617 -0.972000002861023 2.7260000705718994
0.7139999866485596 -0.4140000343322754 2.552000045776367
0.6480000019073486 -0.3240000009536743 2.6540000438690186
0.9000000953674316 -0.9480000138282776 2.677999973297119
1.2780001163482666 -1.0920000076293945 2.618000030517578
0.8640000820159912 -0.9959999918937683 2.828000068664551
1.2660000324249268 -1.0980000495910645 2.630000114440918
0.9000000953674316 -0.5879999995231628 2.4019999504089355
0.8039999008178711 -0.5699999928474426 2.4800000190734863
0.9300000667572021 -0.6480000019073486 2.4019999504089355
0.9179999828338623 -0.6420000195503235 2.4079999923706055
1.3320000171661377 -1.121999979019165 2.6540000438690186
0.6600000858306885 -0.2760000228881836 2.635999917984009
0.8340001106262207 -0.5699999928474426 2.450000047683716
1.0799999237060547 -1.0920000076293945 2.7260000705718994
1.2300000190734863 -1.0920000076293945 2.630000114440918
1.1040000915527344 -1.0679999589920044 2.6600000858306885
0.9300000667572021 -0.5879999995231628 2.378000020980835
1.0799999237060547 -1.1039999723434448 2.75
0.9000000953674316 -1.0199999809265137 2.803999900817871
0.8519999980926514 -1.0080000162124634 2.881999969482422
1.0199999809265137 -1.0199999809265137 2.6480000019073486
0.9000000953674316 -0.9959999918937683 2.75
1.3020000457763672 -1.1039999723434448 2.624000072479248
1.062000036239624 -1.0320000648498535 2.630000114440918
0.7379999160766602 -0.49800002574920654 2.5280001163482666
0.9000000953674316 -0.6599999666213989 2.4260001182556152
0.9360001087188721 -0.972000002861023 2.6600000858306885
0.7560000419616699 -0.7739999890327454 2.6600000858306885
0.7019999027252197 -0.4440000057220459 2.564000129699707
0.9060001373291016 -0.9480000138282776 2.6600000858306885
0.8280000686645508 -0.6539999842643738 2.4860000610351562
1.068000078201294 -1.0320000648498535 2.624000072479248
0.8280000686645508 -0.972000002861023 2.8340001106262207
0.7439999580383301 -0.75 2.6540000438690186
0.8220000267028809 -0.5699999928474426 2.4559998512268066
1.0499999523162842 -1.0320000648498535 2.635999917984009
0.8819999694824219 -0.6840000152587891 2.450000047683716
0.9300000667572021 -0.5820000171661377 2.371999979019165
0.7320001125335693 -0.7619999647140503 2.684000015258789
0.8700001239776611 -0.6240000128746033 2.432000160217285
1.1519999504089355 -1.0920000076293945 2.6600000858306885
0.8880000114440918 -0.9480000138282776 2.677999973297119
1.0799999237060547 -1.0859999656677246 2.7019999027252197
1.0799999237060547 -1.055999994277954 2.6480000019073486
0.875999927520752 -0.6240000128746033 2.4260001182556152
0.9000000953674316 -0.6119999885559082 2.4019999504089355
0.9060001373291016 -0.6539999842643738 2.4140000343322754
0.9060001373291016 -1.0199999809265137 2.7799999713897705
1.2960000038146973 -1.1039999723434448 2.618000030517578
1.0199999809265137 -1.0260000228881836 2.6480000019073486
0.6960000991821289 -0.4320000410079956 2.564000129699707
0.7139999866485596 -0.4739999771118164 2.5460000038146973
0.9000000953674316 -0.9900000095367432 2.7260000705718994
1.055999994277954 -1.0499999523162842 2.6540000438690186
0.8459999561309814 -1.0080000162124634 2.875999927520752
0.8940000534057617 -0.9480000138282776 2.6660001277923584
1.002000093460083 -1.0199999809265137 2.6540000438690186
1.0799999237060547 -1.062000036239624 2.6540000438690186
0.8940000534057617 -0.972000002861023 2.7019999027252197
0.8399999141693115 -0.9959999918937683 2.8519999980926514
0.7980000972747803 -0.5699999928474426 2.4739999771118164
1.2179999351501465 -1.0980000495910645 2.630000114440918
1.0740001201629639 -1.1100000143051147 2.75
0.875999927520752 -1.0199999809265137 2.828000068664551
1.128000020980835 -1.0980000495910645 2.677999973297119
0.6960000991821289 -0.41999995708465576 2.558000087738037
1.0439999103546143 -1.0859999656677246 2.7260000705718994
1.1040000915527344 -1.0859999656677246 2.671999931335449
1.2000000476837158 -1.121999979019165 2.677999973297119
0.875999927520752 -0.6779999732971191 2.444000005722046
0.9539999961853027 -0.9959999918937683 2.6600000858306885
0.7620000839233398 -0.8100000023841858 2.671999931335449
1.2420001029968262 -1.1100000143051147 2.635999917984009
1.1400001049041748 -1.0980000495910645 2.6660001277923584
0.9119999408721924 -0.5879999995231628 2.378000020980835
0.7560000419616699 -0.7860000133514404 2.6540000438690186
0.8280000686645508 -0.5999999642372131 2.450000047683716
0.8940000534057617 -0.9779999852180481 2.7019999027252197
0.7860000133514404 -0.5699999928474426 2.4800000190734863
0.7620000839233398 -0.5460000038146973 2.498000144958496
1.062000036239624 -1.0740000009536743 2.677999973297119
0.875999927520752 -0.6480000019073486 2.4260001182556152
0.7019999027252197 -0.4739999771118164 2.552000045776367
0.9000000953674316 -0.6060000061988831 2.3899998664855957
0.8519999980926514 -0.5999999642372131 2.4260001182556152
1.0859999656677246 -1.0799999237060547 2.6660001277923584
1.3020000457763672 -1.128000020980835 2.6419999599456787
0.7379999160766602 -0.5220000147819519 2.5160000324249268
1.2179999351501465 -1.0980000495910645 2.618000030517578
0.9119999408721924 -0.5820000171661377 2.371999979019165
0.9000000953674316 -0.972000002861023 2.677999973297119
0.8700001239776611 -1.0199999809265137 2.822000026702881
1.055999994277954 -1.055999994277954 2.6480000019073486
1.0320000648498535 -1.0740000009536743 2.7019999027252197
0.8580000400543213 -0.671999990940094 2.450000047683716
1.3020000457763672 -1.121999979019165 2.630000114440918
1.055999994277954 -1.0980000495910645 2.7260000705718994
1.2300000190734863 -1.0980000495910645 2.611999988555908
0.875999927520752 -0.593999981880188 2.4019999504089355
0.8819999694824219 -0.6660000085830688 2.4260001182556152
0.6779999732971191 -0.4440000057220459 2.5759999752044678
1.0439999103546143 -1.1039999723434448 2.75
0.7260000705718994 -0.5220000147819519 2.5280001163482666
1.1760001182556152 -1.121999979019165 2.677999973297119
0.7019999027252197 -0.49800002574920654 2.552000045776367
0.7920000553131104 -0.6779999732971191 2.5160000324249268
0.9060001373291016 -1.0199999809265137 2.75
1.055999994277954 -1.062000036239624 2.6540000438690186
0.7739999294281006 -0.5699999928474426 2.4860000610351562
0.8580000400543213 -0.6779999732971191 2.450000047683716
0.7260000705718994 -0.527999997138977 2.5280001163482666
1.2839999198913574 -1.121999979019165 2.630000114440918
1.0499999523162842 -1.055999994277954 2.6480000019073486
1.1040000915527344 -1.0980000495910645 2.677999973297119
0.75 -0.5460000038146973 2.503999948501587
0.8340001106262207 -0.9959999918937683 2.828000068664551
0.8940000534057617 -0.972000002861023 2.677999973297119
0.8399999141693115 -0.6480000019073486 2.450000047683716
0.9119999408721924 -1.0499999523162842 2.803999900817871
0.9779999256134033 -1.0199999809265137 2.6540000438690186
0.7079999446868896 -0.49800002574920654 2.5399999618530273
0.6779999732971191 -0.4739999771118164 2.5759999752044678
0.75 -0.7739999890327454 2.635999917984009
1.0499999523162842 -1.062000036239624 2.6540000438690186
0.8880000114440918 -0.6480000019073486 2.4079999923706055
0.690000057220459 -0.4739999771118164 2.558000087738037
1.0980000495910645 -1.0980000495910645 2.677999973297119
0.8940000534057617 -0.9660000205039978 2.6660001277923584
1.0920000076293945 -1.121999979019165 2.7320001125335693
1.2060000896453857 -1.121999979019165 2.6540000438690186
1.0260000228881836 -1.0499999523162842 2.6540000438690186
1.2300000190734863 -1.128000020980835 2.6540000438690186
1.2660000324249268 -1.121999979019165 2.630000114440918
1.2780001163482666 -1.128000020980835 2.635999917984009
0.7739999294281006 -0.6840000152587891 2.5339999198913574
1.2000000476837158 -1.1340000629425049 2.677999973297119
0.6719999313354492 -0.4440000057220459 2.5759999752044678
0.9000000953674316 -0.9959999918937683 2.7019999027252197
0.8399999141693115 -0.5999999642372131 2.4260001182556152
0.875999927520752 -0.6179999709129333 2.4019999504089355
0.7680001258850098 -0.8460000157356262 2.677999973297119
0.7799999713897705 -0.593999981880188 2.4800000190734863
1.1519999504089355 -1.121999979019165 2.677999973297119
1.0380001068115234 -1.0740000009536743 2.677999973297119
0.75 -0.5699999928474426 2.503999948501587
0.9000000953674316 -0.972000002861023 2.6600000858306885
0.7019999027252197 -0.7619999647140503 2.696000099182129
0.9300000667572021 -0.9959999918937683 2.6600000858306885
1.0740001201629639 -1.0920000076293945 2.677999973297119
1.068000078201294 -1.0859999656677246 2.671999931335449
0.8340001106262207 -0.6539999842643738 2.450000047683716
0.8580000400543213 -0.6480000019073486 2.4260001182556152
0.8640000820159912 -0.5999999642372131 2.4019999504089355
0.75 -0.5759999752044678 2.503999948501587
1.1760001182556152 -1.121999979019165 2.6600000858306885
0.8519999980926514 -1.0199999809265137 2.828000068664551
0.7200000286102295 -0.5220000147819519 2.5220000743865967
0.8220000267028809 -0.5999999642372131 2.437999963760376
1.055999994277954 -1.0980000495910645 2.7019999027252197
0.6960000991821289 -0.49800002574920654 2.5460000038146973
0.7139999866485596 -0.5220000147819519 2.5280001163482666
1.0799999237060547 -1.1100000143051147 2.7019999027252197
0.8220000267028809 -0.6480000019073486 2.4559998512268066
0.9119999408721924 -1.0499999523162842 2.7799999713897705
0.690000057220459 -0.49800002574920654 2.552000045776367
0.7860000133514404 -0.671999990940094 2.503999948501587
1.1760001182556152 -1.1340000629425049 2.677999973297119
0.8940000534057617 -1.0499999523162842 2.809999942779541
0.6719999313354492 -0.4739999771118164 2.569999933242798
1.1640000343322754 -1.121999979019165 2.6600000858306885
1.0199999809265137 -1.0980000495910645 2.7320001125335693
0.8880000114440918 -0.6599999666213989 2.4019999504089355
1.253999948501587 -1.121999979019165 2.618000030517578
1.1340000629425049 -1.121999979019165 2.677999973297119
0.8039999008178711 -0.5999999642372131 2.450000047683716
0.7379999160766602 -0.7680000066757202 2.630000114440918
0.7739999294281006 -0.8700000047683716 2.684000015258789
0.9000000953674316 -1.0199999809265137 2.7260000705718994
0.7260000705718994 -0.75 2.630000114440918
0.875999927520752 -0.6119999885559082 2.3899998664855957
0.8700001239776611 -0.5999999642372131 2.3899998664855957
1.2300000190734863 -1.1159999370574951 2.611999988555908
1.0199999809265137 -1.0740000009536743 2.677999973297119
1.002000093460083 -1.0499999523162842 2.6540000438690186
0.75 -0.7919999957084656 2.630000114440918
0.875999927520752 -0.5999999642372131 2.384000062942505
0.8940000534057617 -0.9900000095367432 2.677999973297119
0.9539999961853027 -1.0199999809265137 2.6540000438690186
0.8459999561309814 -0.5999999642372131 2.4079999923706055
0.8039999008178711 -0.6119999885559082 2.450000047683716
1.2060000896453857 -1.121999979019165 2.630000114440918
0.8940000534057617 -1.055999994277954 2.809999942779541
1.2000000476837158 -1.1340000629425049 2.6540000438690186
0.9000000953674316 -0.9959999918937683 2.677999973297119
0.7079999446868896 -0.75 2.6540000438690186
0.8519999980926514 -0.6599999666213989 2.4260001182556152
0.8399999141693115 -1.0199999809265137 2.828000068664551
0.7260000705718994 -0.5460000038146973 2.509999990463257
0.7920000553131104 -0.5999999642372131 2.4559998512268066
1.0499999523162842 -1.1039999723434448 2.7019999027252197
0.875999927520752 -1.0499999523162842 2.828000068664551
0.8280000686645508 -0.6119999885559082 2.4260001182556152
1.0260000228881836 -1.0799999237060547 2.677999973297119
0.7200000286102295 -0.5460000038146973 2.5160000324249268
1.2179999351501465 -1.1159999370574951 2.611999988555908
1.2060000896453857 -1.128000020980835 2.635999917984009
0.7860000133514404 -0.671999990940094 2.492000102996826
0.8940000534057617 -1.0019999742507935 2.690000057220459
0.8340001106262207 -0.6840000152587891 2.450000047683716
0.6480000019073486 -0.4440000057220459 2.5880000591278076
0.7620000839233398 -0.8399999737739563 2.6540000438690186
0.8580000400543213 -0.6240000128746033 2.4019999504089355
1.1760001182556152 -1.1340000629425049 2.6600000858306885
1.002000093460083 -1.055999994277954 2.6540000438690186
1.128000020980835 -1.121999979019165 2.6660001277923584
1.055999994277954 -1.121999979019165 2.7260000705718994
0.8340001106262207 -0.6359999775886536 2.4260001182556152
0.9119999408721924 -1.0499999523162842 2.75
0.8940000534057617 -0.9900000095367432 2.6660001277923584
0.75 -0.7979999780654907 2.624000072479248
1.1579999923706055 -1.1399999856948853 2.677999973297119
1.0260000228881836 -1.0980000495910645 2.7019999027252197
0.690000057220459 -0.5220000147819519 2.5399999618530273
0.9119999408721924 -1.0740000009536743 2.803999900817871
0.6719999313354492 -0.49800002574920654 2.558000087738037
1.1040000915527344 -1.121999979019165 2.677999973297119
1.0499999523162842 -1.121999979019165 2.7260000705718994
0.8159999847412109 -0.6599999666213989 2.450000047683716
0.8459999561309814 -0.6539999842643738 2.4200000762939453
0.8459999561309814 -1.0440000295639038 2.8580000400543213
0.9000000953674316 -1.0199999809265137 2.7019999027252197
0.8340001106262207 -1.0199999809265137 2.815999984741211
0.6540000438690186 -0.4739999771118164 2.5759999752044678
0.7079999446868896 -0.7260000109672546 2.618000030517578
0.7019999027252197 -0.5460000038146973 2.5280001163482666
0.9000000953674316 -0.9959999918937683 2.6600000858306885
0.6779999732971191 -0.5220000147819519 2.552000045776367
0.8519999980926514 -0.6299999952316284 2.4019999504089355
0.7320001125335693 -0.5699999928474426 2.498000144958496
1.1040000915527344 -1.121999979019165 2.671999931335449
0.630000114440918 -0.4440000057220459 2.6059999465942383
0.8519999980926514 -0.6599999666213989 2.4140000343322754
0.7680001258850098 -0.5999999642372131 2.4679999351501465
0.7260000705718994 -0.5699999928474426 2.503999948501587
0.690000057220459 -0.7379999756813049 2.6540000438690186
0.630000114440918 -0.4500000476837158 2.6059999465942383
0.6779999732971191 -0.527999997138977 2.552000045776367
1.0799999237060547 -1.128000020980835 2.7019999027252197
0.7560000419616699 -0.8219999670982361 2.630000114440918
1.1519999504089355 -1.1340000629425049 2.6600000858306885
0.8640000820159912 -1.0499999523162842 2.822000026702881
0.9179999828338623 -1.0740000009536743 2.7799999713897705
0.6540000438690186 -0.4919999837875366 2.5759999752044678
0.9779999256134033 -1.0499999523162842 2.6540000438690186
1.0920000076293945 -1.121999979019165 2.677999973297119
0.8459999561309814 -0.6240000128746033 2.4019999504089355
0.8700001239776611 -1.055999994277954 2.822000026702881
0.8280000686645508 -0.6840000152587891 2.444000005722046
1.002000093460083 -1.0799999237060547 2.677999973297119
0.7019999027252197 -0.5640000104904175 2.5280001163482666
0.7079999446868896 -0.75 2.630000114440918
0.9300000667572021 -1.0199999809265137 2.6540000438690186
0.9839999675750732 -1.055999994277954 2.6540000438690186
0.7680001258850098 -0.8700000047683716 2.6600000858306885
1.055999994277954 -1.121999979019165 2.7019999027252197
1.121999979019165 -1.128000020980835 2.6600000858306885
0.6779999732971191 -0.75 2.677999973297119
1.068000078201294 -1.121999979019165 2.690000057220459
0.7200000286102295 -0.5699999928474426 2.503999948501587
0.7739999294281006 -0.8939999938011169 2.677999973297119
1.055999994277954 -1.1340000629425049 2.7260000705718994
0.8519999980926514 -0.6179999709129333 2.3899998664855957
1.1040000915527344 -1.1460000276565552 2.7079999446868896
0.75 -0.5999999642372131 2.4800000190734863
0.6419999599456787 -0.4739999771118164 2.5820000171661377
1.008000135421753 -1.121999979019165 2.75
0.9240000247955322 -1.0199999809265137 2.6540000438690186
0.7260000705718994 -0.593999981880188 2.503999948501587
0.8519999980926514 -1.0499999523162842 2.828000068664551
1.1400001049041748 -1.1460000276565552 2.677999973297119
1.055999994277954 -1.1460000276565552 2.75
1.002000093460083 -1.0980000495910645 2.7019999027252197
0.7019999027252197 -0.7199999690055847 2.6059999465942383
0.5699999332427979 -0.3179999589920044 2.7019999027252197
1.1040000915527344 -1.1340000629425049 2.677999973297119
0.6840000152587891 -0.7739999890327454 2.684000015258789
0.8039999008178711 -0.6539999842643738 2.444000005722046
1.128000020980835 -1.1340000629425049 2.6600000858306885
0.6719999313354492 -0.5220000147819519 2.5460000038146973
0.9060001373291016 -1.0499999523162842 2.7260000705718994
0.9179999828338623 -1.0920000076293945 2.803999900817871
1.1040000915527344 -1.1519999504089355 2.7139999866485596
0.9000000953674316 -1.0199999809265137 2.677999973297119
0.7260000705718994 -0.7739999890327454 2.611999988555908
0.7799999713897705 -0.6179999709129333 2.450000047683716
0.6660001277923584 -0.7559999823570251 2.696000099182129
0.7260000705718994 -0.6060000061988831 2.503999948501587
0.6719999313354492 -0.75 2.677999973297119
0.8039999008178711 -0.6179999709129333 2.4260001182556152
0.75 -0.6660000085830688 2.503999948501587
1.002000093460083 -1.1039999723434448 2.7079999446868896
0.6779999732971191 -0.7799999713897705 2.696000099182129
0.7379999160766602 -0.5999999642372131 2.4860000610351562
0.6180000305175781 -0.4440000057220459 2.6059999465942383
0.875999927520752 -1.0740000009536743 2.828000068664551
0.5759999752044678 -0.38399994373321533 2.677999973297119
0.75 -0.8219999670982361 2.618000030517578
0.8340001106262207 -0.6299999952316284 2.4019999504089355
0.9179999828338623 -1.0740000009536743 2.75
1.0439999103546143 -1.1460000276565552 2.75
0.6960000991821289 -0.7199999690055847 2.6059999465942383
0.75 -0.6240000128746033 2.4800000190734863
0.7680001258850098 -0.6660000085830688 2.4800000190734863
0.8280000686645508 -1.0260000228881836 2.7980000972747803
0.8459999561309814 -0.6299999952316284 2.3899998664855957
0.8220000267028809 -0.6240000128746033 2.4079999923706055
0.9539999961853027 -1.0499999523162842 2.6540000438690186
0.8940000534057617 -1.0859999656677246 2.815999984741211
0.7680001258850098 -0.8819999694824219 2.6540000438690186
0.7560000419616699 -0.8460000157356262 2.630000114440918
0.7200000286102295 -0.7739999890327454 2.611999988555908
0.6840000152587891 -0.5460000038146973 2.5280001163482666
0.8340001106262207 -1.0379999876022339 2.809999942779541
0.9300000667572021 -1.0980000495910645 2.7799999713897705
0.8399999141693115 -1.0499999523162842 2.828000068664551
0.7379999160766602 -0.7979999780654907 2.6059999465942383
0.8519999980926514 -1.0679999589920044 2.8519999980926514
0.6419999599456787 -0.49800002574920654 2.569999933242798
0.9000000953674316 -1.0980000495910645 2.828000068664551
0.6960000991821289 -0.5699999928474426 2.5160000324249268
0.9779999256134033 -1.0799999237060547 2.671999931335449
0.8039999008178711 -0.6420000195503235 2.4260001182556152
1.0920000076293945 -1.1340000629425049 2.6660001277923584
0.9240000247955322 -1.0980000495910645 2.7799999713897705
0.9060001373291016 -1.0499999523162842 2.7019999027252197
0.9539999961853027 -1.055999994277954 2.6540000438690186
1.002000093460083 -1.121999979019165 2.7260000705718994
0.624000072479248 -0.4739999771118164 2.5880000591278076
0.6840000152587891 -0.7260000109672546 2.618000030517578
0.8159999847412109 -0.6299999952316284 2.4079999923706055
0.7019999027252197 -0.7739999890327454 2.630000114440918
0.6119999885559082 -0.437999963760376 2.5999999046325684
0.8159999847412109 -1.0080000162124634 2.76200008392334
0.9119999408721924 -1.0679999589920044 2.7260000705718994
0.9779999256134033 -1.0859999656677246 2.677999973297119
0.7799999713897705 -0.9240000247955322 2.677999973297119
0.6540000438690186 -0.5220000147819519 2.552000045776367
1.068000078201294 -1.1340000629425049 2.677999973297119
0.9839999675750732 -1.1039999723434448 2.7019999027252197
0.6660001277923584 -0.5460000038146973 2.5399999618530273
0.6480000019073486 -0.5220000147819519 2.558000087738037
1.0799999237060547 -1.1399999856948853 2.677999973297119
1.0439999103546143 -1.1519999504089355 2.73799991607666
0.5759999752044678 -0.4320000410079956 2.6600000858306885
0.5759999752044678 -0.3539999723434448 2.6540000438690186
0.5759999752044678 -0.38999998569488525 2.6540000438690186
0.8399999141693115 -1.055999994277954 2.815999984741211
0.564000129699707 -0.37199997901916504 2.677999973297119
0.5099999904632568 -0.3359999656677246 2.828000068664551
0.7799999713897705 -0.6599999666213989 2.450000047683716
0.7620000839233398 -0.8700000047683716 2.630000114440918
0.9060001373291016 -1.055999994277954 2.7019999027252197
0.630000114440918 -0.49800002574920654 2.5759999752044678
0.6719999313354492 -0.7799999713897705 2.677999973297119
0.7799999713897705 -0.9300000071525574 2.677999973297119
0.5759999752044678 -0.41999995708465576 2.6540000438690186
0.6779999732971191 -0.5699999928474426 2.5280001163482666
0.75 -0.8460000157356262 2.618000030517578
0.7620000839233398 -0.6240000128746033 2.450000047683716
0.6059999465942383 -0.4679999351501465 2.6059999465942383
0.6540000438690186 -0.5460000038146973 2.552000045776367
0.7980000972747803 -0.6240000128746033 2.4140000343322754
0.9300000667572021 -1.0980000495910645 2.75
1.0260000228881836 -1.1519999504089355 2.75
0.7439999580383301 -0.6240000128746033 2.4679999351501465
1.055999994277954 -1.1460000276565552 2.7019999027252197
0.8519999980926514 -1.0740000009536743 2.828000068664551
0.5099999904632568 -0.3359999656677246 2.815999984741211
0.9300000667572021 -1.0499999523162842 2.6540000438690186
0.5399999618530273 -0.38999998569488525 2.7260000705718994
0.7079999446868896 -0.5999999642372131 2.498000144958496
0.7980000972747803 -0.6299999952316284 2.4140000343322754
0.630000114440918 -0.8700000047683716 2.9600000381469727
0.6779999732971191 -0.5820000171661377 2.5280001163482666
0.630000114440918 -0.5220000147819519 2.5759999752044678
0.6540000438690186 -0.5579999685287476 2.552000045776367
0.7019999027252197 -0.5999999642372131 2.503999948501587
0.9300000667572021 -1.121999979019165 2.803999900817871
0.5999999046325684 -0.4440000057220459 2.6059999465942383
0.6779999732971191 -0.75 2.630000114440918
0.9300000667572021 -1.1039999723434448 2.75600004196167
0.5759999752044678 -0.37199997901916504 2.6419999599456787
0.9600000381469727 -1.0859999656677246 2.677999973297119
0.9060001373291016 -1.0499999523162842 2.677999973297119
0.7739999294281006 -0.6240000128746033 2.432000160217285
0.7799999713897705 -0.6240000128746033 2.4260001182556152
1.0260000228881836 -1.1460000276565552 2.7260000705718994
0.564000129699707 -0.3240000009536743 2.6660001277923584
0.7799999713897705 -0.6539999842643738 2.437999963760376
0.9240000247955322 -1.0499999523162842 2.6540000438690186
0.9779999256134033 -1.121999979019165 2.7260000705718994
0.8459999561309814 -1.0740000009536743 2.828000068664551
1.002000093460083 -1.1460000276565552 2.75
0.9240000247955322 -1.121999979019165 2.803999900817871
1.0439999103546143 -1.1460000276565552 2.7019999027252197
0.7260000705718994 -0.6240000128746033 2.4800000190734863
0.630000114440918 -0.8700000047683716 2.930000066757202
0.875999927520752 -1.0980000495910645 2.828000068664551
0.5759999752044678 -0.38399994373321533 2.635999917984009
1.055999994277954 -1.1519999504089355 2.7019999027252197
0.7739999294281006 -0.9179999828338623 2.6540000438690186
0.9179999828338623 -1.0980000495910645 2.75
0.630000114440918 -0.8700000047683716 2.9240000247955322
0.9539999961853027 -1.0799999237060547 2.6660001277923584
0.6960000991821289 -0.5999999642372131 2.503999948501587
0.7260000705718994 -0.6299999952316284 2.4800000190734863
0.6719999313354492 -0.75 2.630000114440918
0.7260000705718994 -0.8219999670982361 2.611999988555908
0.9960000514984131 -1.1460000276565552 2.75
1.0499999523162842 -1.1519999504089355 2.7019999027252197
0.5999999046325684 -0.4739999771118164 2.5999999046325684
1.055999994277954 -1.1519999504089355 2.696000099182129
0.564000129699707 -0.34800004959106445 2.6540000438690186
0.7920000553131104 -0.9660000205039978 2.690000057220459
0.6840000152587891 -0.7080000042915344 2.5759999752044678
0.7019999027252197 -0.6240000128746033 2.503999948501587
0.7799999713897705 -0.6420000195503235 2.4260001182556152
0.6660001277923584 -0.5699999928474426 2.5280001163482666
0.5520000457763672 -0.34800004959106445 2.677999973297119
0.9300000667572021 -1.121999979019165 2.7799999713897705
0.6419999599456787 -0.5460000038146973 2.552000045776367
0.5520000457763672 -0.3240000009536743 2.677999973297119
1.008000135421753 -1.1340000629425049 2.7019999027252197
0.809999942779541 -0.6420000195503235 2.3959999084472656
0.624000072479248 -0.8640000224113464 2.9119999408721924
0.6119999885559082 -0.49800002574920654 2.5820000171661377
0.6660001277923584 -0.7319999933242798 2.618000030517578
0.6540000438690186 -0.75 2.6540000438690186
0.7139999866485596 -0.6240000128746033 2.4860000610351562
0.7680001258850098 -0.8999999761581421 2.630000114440918
0.5699999332427979 -0.37199997901916504 2.635999917984009
0.75 -0.6359999775886536 2.450000047683716
0.9360001087188721 -1.128000020980835 2.7799999713897705
0.9000000953674316 -1.121999979019165 2.828000068664551
0.5759999752044678 -0.4440000057220459 2.630000114440918
0.9300000667572021 -1.1340000629425049 2.803999900817871
0.9240000247955322 -1.121999979019165 2.7799999713897705
0.6779999732971191 -0.7739999890327454 2.630000114440918
0.9539999961853027 -1.1039999723434448 2.696000099182129
0.6540000438690186 -0.7559999823570251 2.6540000438690186
0.8880000114440918 -1.1159999370574951 2.828000068664551
0.5759999752044678 -0.4620000123977661 2.630000114440918
1.002000093460083 -1.1460000276565552 2.7260000705718994
0.5580000877380371 -0.37199997901916504 2.6540000438690186
0.8519999980926514 -1.0980000495910645 2.8519999980926514
0.7019999027252197 -0.7979999780654907 2.611999988555908
0.7139999866485596 -0.671999990940094 2.503999948501587
0.7680001258850098 -0.906000018119812 2.630000114440918
0.9300000667572021 -1.0679999589920044 2.6540000438690186
0.9179999828338623 -1.0980000495910645 2.7260000705718994
0.5699999332427979 -0.4140000343322754 2.630000114440918
1.002000093460083 -1.1579999923706055 2.75
0.9539999961853027 -1.1100000143051147 2.7019999027252197
0.6180000305175781 -0.5220000147819519 2.569999933242798
0.6180000305175781 -0.8700000047683716 2.930000066757202
0.9539999961853027 -1.121999979019165 2.7260000705718994
0.6419999599456787 -0.9120000004768372 2.9539999961853027
0.630000114440918 -0.8999999761581421 2.9779999256134033
0.564000129699707 -0.38999998569488525 2.635999917984009
0.6059999465942383 -0.8640000224113464 2.9779999256134033
0.5460000038146973 -0.34800004959106445 2.671999931335449
0.8459999561309814 -1.0980000495910645 2.8519999980926514
1.0260000228881836 -1.1460000276565552 2.690000057220459
0.5039999485015869 -0.33000004291534424 2.7799999713897705
0.5999999046325684 -0.49800002574920654 2.5880000591278076
0.8580000400543213 -1.0980000495910645 2.822000026702881
0.8399999141693115 -1.0799999237060547 2.809999942779541
0.9240000247955322 -1.0679999589920044 2.6540000438690186
0.630000114440918 -0.906000018119812 3.002000093460083
0.75 -0.8700000047683716 2.6059999465942383
0.9839999675750732 -1.1519999504089355 2.75
0.7260000705718994 -0.6660000085830688 2.4800000190734863
0.7320001125335693 -0.8460000157356262 2.6059999465942383
0.9119999408721924 -1.0740000009536743 2.677999973297119
0.6779999732971191 -0.7739999890327454 2.618000030517578
0.75 -0.6599999666213989 2.450000047683716
0.630000114440918 -0.8939999938011169 2.930000066757202
0.630000114440918 -0.8999999761581421 2.9539999961853027
0.7799999713897705 -0.9419999718666077 2.6480000019073486
0.630000114440918 -0.906000018119812 2.9839999675750732
0.8519999980926514 -1.0980000495910645 2.828000068664551
0.5520000457763672 -0.3960000276565552 2.6540000438690186
0.9360001087188721 -1.0920000076293945 2.677999973297119
0.5399999618530273 -0.34800004959106445 2.677999973297119
1.0260000228881836 -1.1519999504089355 2.696000099182129
0.7799999713897705 -0.9480000138282776 2.6540000438690186
0.6419999599456787 -0.75 2.6540000438690186
0.5520000457763672 -0.4140000343322754 2.6540000438690186
0.8519999980926514 -1.1159999370574951 2.888000011444092
0.8519999980926514 -1.1100000143051147 2.864000082015991
0.75 -0.8700000047683716 2.5999999046325684
0.5820000171661377 -0.4739999771118164 2.6059999465942383
0.690000057220459 -0.6240000128746033 2.498000144958496
0.5460000038146973 -0.3059999942779541 2.6660001277923584
0.7799999713897705 -0.9539999961853027 2.6600000858306885
0.5280001163482666 -0.34800004959106445 2.7019999027252197
0.9240000247955322 -1.121999979019165 2.75
0.5280001163482666 -0.3240000009536743 2.7019999027252197
0.6059999465942383 -0.5220000147819519 2.5759999752044678
1.0139999389648438 -1.1399999856948853 2.677999973297119
0.630000114440918 -0.9179999828338623 3.068000078201294
0.6059999465942383 -0.8700000047683716 2.9539999961853027
0.7620000839233398 -0.6480000019073486 2.4260001182556152
0.7920000553131104 -0.9839999675750732 2.684000015258789
0.6660001277923584 -0.5999999642372131 2.5160000324249268
0.9300000667572021 -1.0859999656677246 2.6660001277923584
0.7019999027252197 -0.6840000152587891 2.509999990463257
0.9179999828338623 -1.0980000495910645 2.7019999027252197
0.9360001087188721 -1.1039999723434448 2.690000057220459
0.9779999256134033 -1.1460000276565552 2.7260000705718994
0.630000114440918 -0.5699999928474426 2.552000045776367
0.8519999980926514 -1.1039999723434448 2.828000068664551
0.5999999046325684 -0.5220000147819519 2.5820000171661377
0.9419999122619629 -1.128000020980835 2.7320001125335693
0.5460000038146973 -0.38399994373321533 2.6540000438690186
0.5399999618530273 -0.37199997901916504 2.6660001277923584
0.9779999256134033 -1.1519999504089355 2.73799991607666
1.002000093460083 -1.1340000629425049 2.671999931335449
0.8459999561309814 -1.1159999370574951 2.881999969482422
0.9240000247955322 -1.1460000276565552 2.803999900817871
0.7019999027252197 -0.8219999670982361 2.611999988555908
0.6540000438690186 -0.5999999642372131 2.5280001163482666
0.9240000247955322 -1.1039999723434448 2.7019999027252197
0.630000114440918 -0.5759999752044678 2.552000045776367
0.9240000247955322 -1.1159999370574951 2.7260000705718994
0.6359999179840088 -0.5699999928474426 2.5399999618530273
0.6180000305175781 -0.5460000038146973 2.558000087738037
0.7620000839233398 -0.8999999761581421 2.6059999465942383
0.6180000305175781 -0.8999999761581421 2.9779999256134033
0.6059999465942383 -0.5460000038146973 2.5759999752044678
0.8399999141693115 -1.0980000495910645 2.828000068664551
0.7200000286102295 -0.8460000157356262 2.6059999465942383
0.6779999732971191 -0.6240000128746033 2.503999948501587
0.5699999332427979 -0.41999995708465576 2.6059999465942383
0.5339999198913574 -0.312000036239624 2.677999973297119
0.9539999961853027 -1.1460000276565552 2.75
0.9240000247955322 -1.128000020980835 2.75
0.9300000667572021 -1.1100000143051147 2.7019999027252197
0.5220000743865967 -0.34800004959106445 2.7019999027252197
0.630000114440918 -0.8999999761581421 2.9000000953674316
0.624000072479248 -0.8999999761581421 2.930000066757202
0.5880000591278076 -0.8399999737739563 2.9179999828338623
0.9300000667572021 -1.121999979019165 2.7260000705718994
0.9240000247955322 -1.1039999723434448 2.696000099182129
0.6660001277923584 -0.7739999890327454 2.618000030517578
0.8459999561309814 -1.1039999723434448 2.828000068664551
0.5220000743865967 -0.3179999589920044 2.7019999027252197
0.6119999885559082 -0.8999999761581421 3.0260000228881836
0.630000114440918 -0.8939999938011169 2.875999927520752
0.7019999027252197 -0.6420000195503235 2.4800000190734863
0.75 -0.6539999842643738 2.432000160217285
0.5699999332427979 -0.4739999771118164 2.611999988555908
0.9179999828338623 -1.0920000076293945 2.677999973297119
0.9179999828338623 -1.0859999656677246 2.6660001277923584
0.5759999752044678 -0.49800002574920654 2.6059999465942383
0.630000114440918 -0.8939999938011169 2.870000123977661
0.9660000801086426 -1.1460000276565552 2.7260000705718994
0.6540000438690186 -0.6179999709129333 2.5280001163482666
0.6180000305175781 -0.7739999890327454 2.7019999027252197
0.9839999675750732 -1.1460000276565552 2.7019999027252197
0.5220000743865967 -0.312000036239624 2.696000099182129
0.5280001163482666 -0.37199997901916504 2.677999973297119
0.624000072479248 -0.8939999938011169 2.888000011444092
0.564000129699707 -0.4440000057220459 2.611999988555908
0.5759999752044678 -0.5099999904632568 2.6059999465942383
0.9000000953674316 -1.1460000276565552 2.828000068664551
0.6359999179840088 -0.9240000247955322 2.930000066757202
0.5280001163482666 -0.3960000276565552 2.677999973297119
0.6960000991821289 -0.6840000152587891 2.503999948501587
0.6719999313354492 -0.6240000128746033 2.503999948501587
0.6540000438690186 -0.7739999890327454 2.630000114440918
0.5220000743865967 -0.34800004959106445 2.690000057220459
0.7260000705718994 -0.6480000019073486 2.450000047683716
0.6779999732971191 -0.6420000195503235 2.503999948501587
0.6779999732971191 -0.7979999780654907 2.611999988555908
0.9240000247955322 -1.1460000276565552 2.7799999713897705
0.624000072479248 -0.7680000066757202 2.677999973297119
0.624000072479248 -0.5699999928474426 2.5460000038146973
0.9419999122619629 -1.1460000276565552 2.75
0.6719999313354492 -0.6959999799728394 2.5399999618530273
0.6660001277923584 -0.7020000219345093 2.552000045776367
0.5520000457763672 -0.4440000057220459 2.630000114440918
0.48000001907348633 -0.3359999656677246 2.803999900817871
0.7320001125335693 -0.8700000047683716 2.5999999046325684
0.5820000171661377 -0.8460000157356262 2.930000066757202
0.6119999885559082 -0.9120000004768372 3.055999994277954
0.6180000305175781 -0.5699999928474426 2.552000045776367
0.6540000438690186 -0.7139999866485596 2.5759999752044678
0.5460000038146973 -0.41999995708465576 2.635999917984009
0.6540000438690186 -0.7799999713897705 2.630000114440918
0.6059999465942383 -0.8999999761581421 3.002000093460083
0.5699999332427979 -0.49800002574920654 2.6059999465942383
0.624000072479248 -0.9300000071525574 3.068000078201294
0.7980000972747803 -1.0080000162124634 2.684000015258789
0.6419999599456787 -0.5999999642372131 2.5280001163482666
0.7260000705718994 -0.8700000047683716 2.6059999465942383
0.5039999485015869 -0.34800004959106445 2.7260000705718994
0.7739999294281006 -0.9480000138282776 2.630000114440918
0.7379999160766602 -0.6480000019073486 2.432000160217285
0.9839999675750732 -1.1399999856948853 2.677999973297119
0.5880000591278076 -0.8700000047683716 2.9779999256134033
0.7260000705718994 -0.6599999666213989 2.450000047683716
0.5039999485015869 -0.3240000009536743 2.7260000705718994
0.6359999179840088 -0.75 2.630000114440918
0.5820000171661377 -0.8519999980926514 2.936000108718872
0.5520000457763672 -0.4739999771118164 2.630000114440918
0.5220000743865967 -0.37199997901916504 2.677999973297119
0.630000114440918 -0.9300000071525574 2.9539999961853027
0.7439999580383301 -0.6539999842643738 2.4260001182556152
0.6359999179840088 -0.7379999756813049 2.618000030517578
0.9539999961853027 -1.1579999923706055 2.75
0.5339999198913574 -0.41999995708465576 2.6540000438690186
0.630000114440918 -0.7680000066757202 2.6540000438690186
0.5520000457763672 -0.4859999418258667 2.630000114440918
0.7019999027252197 -0.671999990940094 2.4800000190734863
0.5339999198913574 -0.2999999523162842 2.6540000438690186
0.5999999046325684 -0.5460000038146973 2.564000129699707
0.9779999256134033 -1.1519999504089355 2.7019999027252197
0.5099999904632568 -0.37199997901916504 2.7019999027252197
0.8640000820159912 -1.1340000629425049 2.8399999141693115
0.6359999179840088 -0.9359999895095825 2.930000066757202
0.875999927520752 -1.1460000276565552 2.8519999980926514
0.5460000038146973 -0.4440000057220459 2.630000114440918
0.6840000152587891 -0.8219999670982361 2.611999988555908
0.7739999294281006 -0.9539999961853027 2.630000114440918
0.4919999837875366 -0.3240000009536743 2.75
0.6059999465942383 -0.8999999761581421 2.9539999961853027
0.5220000743865967 -0.3960000276565552 2.671999931335449
0.6059999465942383 -0.9120000004768372 3.0260000228881836
0.9539999961853027 -1.1519999504089355 2.7260000705718994
0.75 -0.8999999761581421 2.5940001010894775
0.48000001907348633 -0.33000004291534424 2.7799999713897705
0.630000114440918 -0.9240000247955322 2.9000000953674316
0.7439999580383301 -0.8939999938011169 2.5940001010894775
0.875999927520752 -1.1460000276565552 2.8399999141693115
0.5940001010894775 -0.8939999938011169 3.002000093460083
0.5460000038146973 -0.4739999771118164 2.630000114440918
0.6119999885559082 -0.9179999828338623 2.9779999256134033
0.6359999179840088 -0.9240000247955322 2.870000123977661
0.6119999885559082 -0.8999999761581421 2.9000000953674316
0.9300000667572021 -1.1759999990463257 2.822000026702881
0.6059999465942383 -0.906000018119812 2.9539999961853027
0.5160000324249268 -0.3960000276565552 2.677999973297119
0.5999999046325684 -0.906000018119812 3.008000135421753
0.6419999599456787 -0.7199999690055847 2.5820000171661377
0.49800002574920654 -0.34800004959106445 2.7200000286102295
0.5940001010894775 -0.8999999761581421 3.0320000648498535
0.5820000171661377 -0.8700000047683716 2.9539999961853027
0.7860000133514404 -0.9900000095367432 2.6540000438690186
0.6480000019073486 -0.6240000128746033 2.5160000324249268
0.875999927520752 -1.1519999504089355 2.8519999980926514
0.6840000152587891 -0.6480000019073486 2.4800000190734863
0.6660001277923584 -0.8040000200271606 2.611999988555908
0.5039999485015869 -0.38999998569488525 2.7019999027252197
0.5999999046325684 -0.9120000004768372 3.055999994277954
0.7560000419616699 -0.9240000247955322 2.6059999465942383
0.5280001163482666 -0.4440000057220459 2.6540000438690186
0.9539999961853027 -1.1460000276565552 2.7019999027252197
0.8039999008178711 -1.0859999656677246 2.809999942779541
0.6540000438690186 -0.9660000205039978 2.9179999828338623
0.630000114440918 -0.9240000247955322 2.881999969482422
0.6540000438690186 -0.972000002861023 2.941999912261963
0.6059999465942383 -0.9179999828338623 3.002000093460083
0.6719999313354492 -0.6480000019073486 2.492000102996826
0.5220000743865967 -0.41999995708465576 2.6600000858306885
0.5280001163482666 -0.4620000123977661 2.6540000438690186
0.6600000858306885 -0.7979999780654907 2.611999988555908
0.9300000667572021 -1.1820000410079956 2.828000068664551
0.4739999771118164 -0.34200000762939453 2.7799999713897705
0.7799999713897705 -0.972000002861023 2.630000114440918
0.6419999599456787 -0.9539999961853027 2.9179999828338623
0.4919999837875366 -0.34800004959106445 2.7260000705718994
0.9539999961853027 -1.1399999856948853 2.684000015258789
0.8280000686645508 -1.121999979019165 2.8519999980926514
0.5820000171661377 -0.5460000038146973 2.5759999752044678
0.49800002574920654 -0.37199997901916504 2.7079999446868896
0.8459999561309814 -1.1340000629425049 2.8459999561309814
0.5999999046325684 -0.906000018119812 2.9539999961853027
0.7439999580383301 -0.906000018119812 2.5940001010894775
0.8580000400543213 -1.1460000276565552 2.8519999980926514
0.7980000972747803 -1.0799999237060547 2.7920000553131104
0.630000114440918 -0.7260000109672546 2.5940001010894775
0.6359999179840088 -0.7739999890327454 2.624000072479248
0.8039999008178711 -1.0980000495910645 2.828000068664551
0.5940001010894775 -0.906000018119812 2.990000009536743
0.5940001010894775 -0.8999999761581421 2.9539999961853027
0.9539999961853027 -1.1519999504089355 2.7019999027252197
0.7019999027252197 -0.6480000019073486 2.450000047683716
0.48000001907348633 -0.34800004959106445 2.75
0.5940001010894775 -0.9120000004768372 3.0320000648498535
0.6779999732971191 -0.6539999842643738 2.4800000190734863
0.6359999179840088 -0.9480000138282776 2.9000000953674316
0.75 -0.9179999828338623 2.5940001010894775
0.630000114440918 -0.6240000128746033 2.5280001163482666
0.630000114440918 -0.7739999890327454 2.630000114440918
0.624000072479248 -0.7559999823570251 2.624000072479248
0.9479999542236328 -1.1640000343322754 2.7320001125335693
0.5940001010894775 -0.5699999928474426 2.558000087738037
0.6059999465942383 -0.5999999642372131 2.552000045776367
0.9000000953674316 -1.1699999570846558 2.828000068664551
0.9119999408721924 -1.1699999570846558 2.803999900817871
0.7260000705718994 -0.8999999761581421 2.6059999465942383
0.8039999008178711 -1.1039999723434448 2.8340001106262207
0.6419999599456787 -0.9660000205039978 2.930000066757202
0.9479999542236328 -1.1519999504089355 2.7019999027252197
0.6540000438690186 -0.6480000019073486 2.503999948501587
0.5999999046325684 -0.7680000066757202 2.677999973297119
0.7019999027252197 -0.8700000047683716 2.6059999465942383
0.630000114440918 -0.6299999952316284 2.5280001163482666
0.6059999465942383 -0.6060000061988831 2.552000045776367
0.6119999885559082 -0.5999999642372131 2.5399999618530273
0.6180000305175781 -0.9240000247955322 2.888000011444092
0.7019999027252197 -0.6480000019073486 2.444000005722046
0.6540000438690186 -0.972000002861023 2.888000011444092
0.7920000553131104 -1.0859999656677246 2.803999900817871
0.8280000686645508 -1.1460000276565552 2.9179999828338623
0.6960000991821289 -0.6480000019073486 2.450000047683716
0.7799999713897705 -0.9839999675750732 2.630000114440918
0.6540000438690186 -0.6539999842643738 2.503999948501587
0.5520000457763672 -0.5220000147819519 2.6059999465942383
0.8399999141693115 -1.1399999856948853 2.8519999980926514
0.8940000534057617 -1.1699999570846558 2.828000068664551
0.5699999332427979 -0.5460000038146973 2.5820000171661377
0.5580000877380371 -0.5220000147819519 2.5940001010894775
0.7019999027252197 -0.6660000085830688 2.450000047683716
0.5039999485015869 -0.41999995708465576 2.677999973297119
0.6779999732971191 -0.8460000157356262 2.611999988555908
0.5160000324249268 -0.4440000057220459 2.6540000438690186
0.8220000267028809 -1.128000020980835 2.8519999980926514
0.5399999618530273 -0.49800002574920654 2.618000030517578
0.6119999885559082 -0.75 2.630000114440918
0.9419999122619629 -1.1759999990463257 2.75600004196167
0.8940000534057617 -1.1699999570846558 2.822000026702881
0.5039999485015869 -0.437999963760376 2.677999973297119
0.630000114440918 -0.7860000133514404 2.630000114440918
0.7079999446868896 -0.6599999666213989 2.437999963760376
0.7920000553131104 -1.0980000495910645 2.828000068664551
0.8039999008178711 -1.121999979019165 2.875999927520752
0.6719999313354492 -0.8399999737739563 2.611999988555908
0.6540000438690186 -0.9839999675750732 2.9119999408721924
0.5820000171661377 -0.8999999761581421 2.9779999256134033
0.5759999752044678 -0.5699999928474426 2.5759999752044678
0.6059999465942383 -0.7680000066757202 2.6540000438690186
0.5880000591278076 -0.8999999761581421 2.930000066757202
0.6779999732971191 -0.6779999732971191 2.4800000190734863
0.48000001907348633 -0.37199997901916504 2.7260000705718994
0.4919999837875366 -0.3960000276565552 2.696000099182129
0.809999942779541 -1.121999979019165 2.8519999980926514
0.48000001907348633 -0.38399994373321533 2.7260000705718994
0.5220000743865967 -0.4739999771118164 2.6419999599456787
0.7860000133514404 -1.0440000295639038 2.7079999446868896
0.6419999599456787 -0.6480000019073486 2.509999990463257
0.9300000667572021 -1.1699999570846558 2.75
0.6359999179840088 -0.9480000138282776 2.8580000400543213
0.48000001907348633 -0.3179999589920044 2.7260000705718994
0.6359999179840088 -0.7080000042915344 2.552000045776367
0.7860000133514404 -1.0139999389648438 2.6540000438690186
0.5999999046325684 -0.5999999642372131 2.5460000038146973
0.4739999771118164 -0.34800004959106445 2.73799991607666
0.9240000247955322 -1.1699999570846558 2.75600004196167
0.630000114440918 -0.9480000138282776 2.875999927520752
0.5699999332427979 -0.8880000114440918 2.9839999675750732
0.6719999313354492 -0.671999990940094 2.4800000190734863
0.6180000305175781 -0.6240000128746033 2.5280001163482666
0.6059999465942383 -0.9240000247955322 2.9000000953674316
0.5280001163482666 -0.49800002574920654 2.630000114440918
0.48000001907348633 -0.3179999589920044 2.7200000286102295
0.690000057220459 -0.8700000047683716 2.6059999465942383
0.9060001373291016 -1.1699999570846558 2.7799999713897705
0.9000000953674316 -1.1820000410079956 2.828000068664551
0.48600006103515625 -0.3960000276565552 2.7019999027252197
0.7739999294281006 -0.972000002861023 2.6059999465942383
0.5280001163482666 -0.5040000081062317 2.630000114440918
0.564000129699707 -0.8700000047683716 2.930000066757202
0.5460000038146973 -0.5220000147819519 2.5999999046325684
0.75 -0.9480000138282776 2.6059999465942383
0.7860000133514404 -1.1039999723434448 2.8340001106262207
0.4559999704360962 -0.36000001430511475 2.7799999713897705
0.8159999847412109 -1.1519999504089355 2.930000066757202
0.7920000553131104 -1.121999979019165 2.875999927520752
0.624000072479248 -0.9480000138282776 2.875999927520752
0.6059999465942383 -0.7319999933242798 2.6059999465942383
0.6540000438690186 -0.9900000095367432 2.888000011444092
0.8159999847412109 -1.1519999504089355 2.9240000247955322
0.5399999618530273 -0.5220000147819519 2.6059999465942383
0.7260000705718994 -0.9240000247955322 2.6059999465942383
0.7980000972747803 -1.128000020980835 2.875999927520752
0.5699999332427979 -0.5699999928474426 2.569999933242798
0.6480000019073486 -0.9900000095367432 2.9119999408721924
0.6119999885559082 -0.7739999890327454 2.630000114440918
0.6540000438690186 -0.6899999976158142 2.503999948501587
0.8700001239776611 -1.1699999570846558 2.8340001106262207
0.4919999837875366 -0.41999995708465576 2.677999973297119
0.5880000591278076 -0.5999999642372131 2.552000045776367
0.5220000743865967 -0.49800002574920654 2.630000114440918
0.630000114440918 -0.7979999780654907 2.618000030517578
0.7799999713897705 -1.0379999876022339 2.684000015258789
0.4620000123977661 -0.34800004959106445 2.75
0.7799999713897705 -1.1100000143051147 2.8519999980926514
0.7799999713897705 -1.0320000648498535 2.671999931335449
0.48000001907348633 -0.4140000343322754 2.7019999027252197
0.6359999179840088 -0.6959999799728394 2.5280001163482666
0.46800005435943604 -0.3240000009536743 2.7320001125335693
0.75 -0.9480000138282776 2.5940001010894775
0.7019999027252197 -0.8999999761581421 2.6059999465942383
0.6779999732971191 -0.6779999732971191 2.4619998931884766
0.624000072479248 -0.6480000019073486 2.5160000324249268
0.9000000953674316 -1.1759999990463257 2.7799999713897705
0.6119999885559082 -0.7260000109672546 2.5820000171661377
0.5039999485015869 -0.4739999771118164 2.6540000438690186
0.46800005435943604 -0.37199997901916504 2.7260000705718994
0.690000057220459 -0.6599999666213989 2.437999963760376
0.7799999713897705 -0.9959999918937683 2.611999988555908
0.4919999837875366 -0.4440000057220459 2.671999931335449
0.5580000877380371 -0.8819999694824219 2.9539999961853027
0.4739999771118164 -0.3960000276565552 2.7079999446868896
0.7799999713897705 -1.0019999742507935 2.618000030517578
0.8039999008178711 -1.1460000276565552 2.9000000953674316
0.5880000591278076 -0.8100000023841858 2.7019999027252197
0.7739999294281006 -1.1100000143051147 2.8519999980926514
0.5039999485015869 -0.4919999837875366 2.6540000438690186
0.8519999980926514 -1.1699999570846558 2.8519999980926514
0.809999942779541 -1.1460000276565552 2.875999927520752
0.8220000267028809 -1.1699999570846558 2.9539999961853027
0.5999999046325684 -0.6240000128746033 2.5339999198913574
0.6540000438690186 -0.9959999918937683 2.870000123977661
0.5759999752044678 -0.8999999761581421 2.9000000953674316
0.5580000877380371 -0.5699999928474426 2.5759999752044678
0.9000000953674316 -1.187999963760376 2.803999900817871
0.7799999713897705 -1.0139999389648438 2.630000114440918
0.6359999179840088 -0.972000002861023 2.8580000400543213
0.6779999732971191 -0.671999990940094 2.450000047683716
0.630000114440918 -0.972000002861023 2.875999927520752
0.630000114440918 -0.7020000219345093 2.5280001163482666
0.5399999618530273 -0.5460000038146973 2.5940001010894775
0.9000000953674316 -1.1759999990463257 2.76200008392334
0.7320001125335693 -0.9480000138282776 2.6059999465942383
0.6059999465942383 -0.9480000138282776 2.9000000953674316
0.49800002574920654 -0.4739999771118164 2.6540000438690186
0.8459999561309814 -1.1699999570846558 2.8519999980926514
0.5999999046325684 -0.7739999890327454 2.630000114440918
0.8940000534057617 -1.187999963760376 2.803999900817871
0.6540000438690186 -0.6779999732971191 2.4800000190734863
0.5820000171661377 -0.9300000071525574 2.9539999961853027
0.630000114440918 -0.6660000085830688 2.503999948501587
0.5580000877380371 -0.8880000114440918 2.930000066757202
0.7739999294281006 -0.9959999918937683 2.6059999465942383
0.6059999465942383 -0.6480000019073486 2.5280001163482666
0.5520000457763672 -0.8700000047683716 2.9000000953674316
0.8340001106262207 -1.1699999570846558 2.875999927520752
0.5460000038146973 -0.8700000047683716 2.930000066757202
0.5759999752044678 -0.9179999828338623 2.930000066757202
0.6600000858306885 -1.0199999809265137 2.9000000953674316
0.630000114440918 -0.8219999670982361 2.618000030517578
0.5520000457763672 -0.8700000047683716 2.8940000534057617
0.5699999332427979 -0.5999999642372131 2.558000087738037
0.7320001125335693 -0.9539999961853027 2.6059999465942383
0.7920000553131104 -1.1460000276565552 2.9000000953674316
0.4500000476837158 -0.37199997901916504 2.75
0.8940000534057617 -1.187999963760376 2.7920000553131104
0.48000001907348633 -0.4440000057220459 2.677999973297119
0.8940000534057617 -1.1820000410079956 2.7739999294281006
0.6480000019073486 -0.9959999918937683 2.8580000400543213
0.6540000438690186 -0.6779999732971191 2.4739999771118164
0.5280001163482666 -0.5460000038146973 2.6059999465942383
0.5699999332427979 -0.9179999828338623 2.9539999961853027
0.5820000171661377 -0.7739999890327454 2.6540000438690186
0.5460000038146973 -0.5699999928474426 2.5820000171661377
0.624000072479248 -0.972000002861023 2.870000123977661
0.6059999465942383 -0.6599999666213989 2.5280001163482666
0.6059999465942383 -0.7979999780654907 2.630000114440918
0.5820000171661377 -0.9240000247955322 2.9000000953674316
0.5160000324249268 -0.5220000147819519 2.618000030517578
0.7560000419616699 -1.0320000648498535 2.677999973297119
0.48000001907348633 -0.4679999351501465 2.677999973297119
0.6119999885559082 -0.7979999780654907 2.618000030517578
0.7799999713897705 -1.1460000276565552 2.930000066757202
0.7739999294281006 -1.1340000629425049 2.8940000534057617
0.8220000267028809 -1.1640000343322754 2.864000082015991
0.6600000858306885 -1.0260000228881836 2.9000000953674316
0.46800005435943604 -0.41999995708465576 2.696000099182129
0.7019999027252197 -0.9240000247955322 2.6059999465942383
0.5280001163482666 -0.5579999685287476 2.6059999465942383
0.5880000591278076 -0.7379999756813049 2.6059999465942383
0.5759999752044678 -0.6240000128746033 2.552000045776367
0.5699999332427979 -0.7799999713897705 2.677999973297119
0.5759999752044678 -0.9300000071525574 2.941999912261963
0.49800002574920654 -0.49800002574920654 2.6419999599456787
0.6600000858306885 -0.671999990940094 2.4559998512268066
0.6480000019073486 -0.6779999732971191 2.4739999771118164
0.6180000305175781 -0.972000002861023 2.875999927520752
0.875999927520752 -1.194000005722046 2.828000068664551
0.7860000133514404 -1.1579999923706055 2.9539999961853027
0.5520000457763672 -0.5999999642372131 2.5759999752044678
0.7260000705718994 -0.9480000138282776 2.5940001010894775
0.7019999027252197 -0.9240000247955322 2.5999999046325684
0.5820000171661377 -0.7860000133514404 2.6540000438690186
0.6059999465942383 -0.7139999866485596 2.552000045776367
0.5759999752044678 -0.7979999780654907 2.677999973297119
0.6540000438690186 -0.8700000047683716 2.611999988555908
0.5759999752044678 -0.6359999775886536 2.552000045776367
0.5759999752044678 -0.75 2.630000114440918
0.75 -1.055999994277954 2.7200000286102295
0.75 -1.062000036239624 2.7320001125335693
0.6480000019073486 -0.671999990940094 2.4679999351501465
0.75 -0.972000002861023 2.5880000591278076
0.5520000457763672 -0.6060000061988831 2.5759999752044678
0.6779999732971191 -0.8999999761581421 2.6059999465942383
0.6059999465942383 -0.8100000023841858 2.630000114440918
0.5699999332427979 -0.9240000247955322 2.930000066757202
0.630000114440918 -0.6959999799728394 2.503999948501587
0.5039999485015869 -0.5220000147819519 2.630000114440918
0.7799999713897705 -1.1519999504089355 2.930000066757202
0.6180000305175781 -0.7080000042915344 2.5280001163482666
0.7560000419616699 -1.0260000228881836 2.6540000438690186
0.8519999980926514 -1.187999963760376 2.8519999980926514
0.6540000438690186 -1.0199999809265137 2.875999927520752
0.5940001010894775 -0.6480000019073486 2.5280001163482666
0.4500000476837158 -0.3960000276565552 2.7260000705718994
0.5699999332427979 -0.6240000128746033 2.552000045776367
0.4500000476837158 -0.40799999237060547 2.7260000705718994
0.624000072479248 -0.9839999675750732 2.870000123977661
0.46800005435943604 -0.4440000057220459 2.684000015258789
0.5759999752044678 -0.9240000247955322 2.881999969482422
0.8819999694824219 -1.2000000476837158 2.815999984741211
0.6540000438690186 -1.0199999809265137 2.864000082015991
0.875999927520752 -1.2000000476837158 2.828000068664551
0.630000114440918 -0.8460000157356262 2.618000030517578
0.5940001010894775 -0.8579999804496765 2.7019999027252197
0.5039999485015869 -0.5399999618530273 2.630000114440918
0.6059999465942383 -0.972000002861023 2.9000000953674316
0.5880000591278076 -0.9480000138282776 2.9000000953674316
0.630000114440918 -0.9959999918937683 2.875999927520752
0.6480000019073486 -0.8700000047683716 2.611999988555908
0.5160000324249268 -0.5460000038146973 2.6059999465942383
0.5759999752044678 -0.7559999823570251 2.624000072479248
0.5759999752044678 -0.8100000023841858 2.677999973297119
0.624000072479248 -0.6959999799728394 2.503999948501587
0.4559999704360962 -0.41999995708465576 2.7019999027252197
0.7439999580383301 -1.0440000295639038 2.690000057220459
0.630000114440918 -0.671999990940094 2.4800000190734863
0.564000129699707 -0.9179999828338623 2.9000000953674316
0.5520000457763672 -0.8999999761581421 2.9000000953674316
0.6059999465942383 -0.9779999852180481 2.9000000953674316
0.690000057220459 -0.9240000247955322 2.5999999046325684
0.6480000019073486 -1.0139999389648438 2.8459999561309814
0.7980000972747803 -1.1640000343322754 2.875999927520752
0.7560000419616699 -0.9959999918937683 2.5940001010894775
0.624000072479248 -0.9959999918937683 2.875999927520752
0.48000001907348633 -0.49800002574920654 2.6540000438690186
0.4919999837875366 -0.5220000147819519 2.635999917984009
0.4739999771118164 -0.4739999771118164 2.6600000858306885
0.5460000038146973 -0.8939999938011169 2.9000000953674316
0.6180000305175781 -0.671999990940094 2.492000102996826
0.8039999008178711 -1.1699999570846558 2.875999927520752
0.7560000419616699 -1.0019999742507935 2.5999999046325684
0.564000129699707 -0.7739999890327454 2.6540000438690186
0.5699999332427979 -0.9240000247955322 2.875999927520752
0.5220000743865967 -0.5699999928474426 2.5940001010894775
0.5280001163482666 -0.8460000157356262 2.8519999980926514
0.8640000820159912 -1.2000000476837158 2.828000068664551
0.5699999332427979 -0.7559999823570251 2.624000072479248
0.7379999160766602 -1.055999994277954 2.7139999866485596
0.7019999027252197 -0.9480000138282776 2.6059999465942383
0.8519999980926514 -1.194000005722046 2.8340001106262207
0.5820000171661377 -0.7319999933242798 2.5820000171661377
0.630000114440918 -0.6840000152587891 2.4800000190734863
0.7860000133514404 -1.1759999990463257 2.9779999256134033
0.6059999465942383 -0.8219999670982361 2.618000030517578
0.75 -1.0199999809265137 2.630000114440918
0.48000001907348633 -0.515999972820282 2.6540000438690186
0.5520000457763672 -0.8999999761581421 2.875999927520752
0.5699999332427979 -0.7919999957084656 2.6540000438690186
0.6059999465942383 -0.671999990940094 2.503999948501587
0.5399999618530273 -0.5999999642372131 2.569999933242798
0.5280001163482666 -0.8700000047683716 2.9000000953674316
0.5880000591278076 -0.7979999780654907 2.624000072479248
0.7439999580383301 -1.0199999809265137 2.635999917984009
0.6600000858306885 -1.0440000295639038 2.875999927520752
0.4500000476837158 -0.4440000057220459 2.7019999027252197
0.437999963760376 -0.3960000276565552 2.7260000705718994
0.5940001010894775 -0.972000002861023 2.9000000953674316
0.7260000705718994 -0.972000002861023 2.5940001010894775
0.5460000038146973 -0.8939999938011169 2.875999927520752
0.6779999732971191 -0.9240000247955322 2.6059999465942383
0.4500000476837158 -0.4559999704360962 2.7019999027252197
0.5820000171661377 -0.8399999737739563 2.677999973297119
0.8039999008178711 -1.1759999990463257 2.875999927520752
0.5820000171661377 -0.7260000109672546 2.569999933242798
0.6059999465942383 -0.8399999737739563 2.630000114440918
0.75 -1.0080000162124634 2.6059999465942383
0.5699999332427979 -0.7799999713897705 2.635999917984009
0.4739999771118164 -0.49800002574920654 2.6540000438690186
0.5699999332427979 -0.6480000019073486 2.5399999618530273
0.5820000171661377 -0.7979999780654907 2.630000114440918
0.6419999599456787 -1.0199999809265137 2.8519999980926514
0.75 -1.0260000228881836 2.630000114440918
0.6540000438690186 -0.8999999761581421 2.611999988555908
0.7799999713897705 -1.1759999990463257 2.9660000801086426
0.7019999027252197 -0.9480000138282776 2.5940001010894775
0.5999999046325684 -0.8219999670982361 2.618000030517578
0.5339999198913574 -0.8700000047683716 2.8519999980926514
0.4259999990463257 -0.37199997901916504 2.75
0.5520000457763672 -0.8999999761581421 2.8519999980926514
0.4259999990463257 -0.38399994373321533 2.75
0.5999999046325684 -0.671999990940094 2.503999948501587
0.5280001163482666 -0.8700000047683716 2.875999927520752
0.5699999332427979 -0.8040000200271606 2.6540000438690186
0.564000129699707 -0.7680000066757202 2.630000114440918
0.7200000286102295 -0.972000002861023 2.5940001010894775
0.5880000591278076 -0.8579999804496765 2.677999973297119
0.5520000457763672 -0.8999999761581421 2.8459999561309814
0.7680001258850098 -1.1640000343322754 2.930000066757202
0.6059999465942383 -0.8999999761581421 2.696000099182129
0.5759999752044678 -0.9480000138282776 2.875999927520752
0.4919999837875366 -0.5460000038146973 2.624000072479248
0.437999963760376 -0.41999995708465576 2.7139999866485596
0.5460000038146973 -0.8939999938011169 2.8519999980926514
0.6480000019073486 -1.0199999809265137 2.815999984741211
0.7439999580383301 -1.1399999856948853 2.9000000953674316
0.630000114440918 -1.0199999809265137 2.875999927520752
0.7799999713897705 -1.1699999570846558 2.9000000953674316
0.8280000686645508 -1.194000005722046 2.8519999980926514
0.5280001163482666 -0.5999999642372131 2.5759999752044678
0.75 -1.1460000276565552 2.9000000953674316
0.6180000305175781 -0.6840000152587891 2.4800000190734863
0.5759999752044678 -0.8219999670982361 2.6540000438690186
0.5039999485015869 -0.5699999928474426 2.6059999465942383
0.4259999990463257 -0.37199997901916504 2.73799991607666
0.5160000324249268 -0.8460000157356262 2.8519999980926514
0.6359999179840088 -0.9900000095367432 2.7739999294281006
0.4320000410079956 -0.3659999370574951 2.7200000286102295
0.5940001010894775 -0.9839999675750732 2.9000000953674316
0.6540000438690186 -1.0320000648498535 2.822000026702881
0.5399999618530273 -0.6240000128746033 2.564000129699707
0.6059999465942383 -0.7020000219345093 2.503999948501587
0.5699999332427979 -0.8040000200271606 2.6419999599456787
0.8280000686645508 -1.194000005722046 2.8399999141693115
0.6059999465942383 -0.8460000157356262 2.618000030517578
0.7260000705718994 -0.9959999918937683 2.6059999465942383
0.5039999485015869 -0.5820000171661377 2.6059999465942383
0.4739999771118164 -0.5220000147819519 2.6419999599456787
0.5759999752044678 -0.671999990940094 2.5280001163482666
0.5759999752044678 -0.7199999690055847 2.558000087738037
0.5580000877380371 -0.75 2.611999988555908
0.5699999332427979 -0.9480000138282776 2.875999927520752
0.5520000457763672 -0.6480000019073486 2.552000045776367
0.624000072479248 -1.0199999809265137 2.875999927520752
0.6180000305175781 -0.9480000138282776 2.7260000705718994
0.7019999027252197 -0.972000002861023 2.6059999465942383
0.8220000267028809 -1.194000005722046 2.8459999561309814
0.7260000705718994 -0.9900000095367432 2.5940001010894775
0.5580000877380371 -0.9240000247955322 2.8519999980926514
0.6419999599456787 -0.8999999761581421 2.611999988555908
0.4500000476837158 -0.4739999771118164 2.677999973297119
0.8280000686645508 -1.2000000476837158 2.8519999980926514
0.5940001010894775 -0.8819999694824219 2.677999973297119
0.7200000286102295 -0.9839999675750732 2.5940001010894775
0.5759999752044678 -0.6779999732971191 2.5280001163482666
0.7260000705718994 -1.0320000648498535 2.6540000438690186
0.5220000743865967 -0.5999999642372131 2.5759999752044678
0.5280001163482666 -0.6240000128746033 2.5759999752044678
0.5759999752044678 -0.8339999914169312 2.6540000438690186
0.4259999990463257 -0.41999995708465576 2.7260000705718994
0.4500000476837158 -0.4859999418258667 2.677999973297119
0.6540000438690186 -1.0499999523162842 2.8519999980926514
0.4200000762939453 -0.37199997901916504 2.73799991607666
0.4259999990463257 -0.4320000410079956 2.7260000705718994
0.48000001907348633 -0.5460000038146973 2.630000114440918
0.4200000762939453 -0.3960000276565552 2.73799991607666
0.5280001163482666 -0.8700000047683716 2.828000068664551
0.7680001258850098 -1.1699999570846558 2.9000000953674316
0.6779999732971191 -0.9480000138282776 2.6059999465942383
0.7560000419616699 -1.1699999570846558 2.9539999961853027
0.5999999046325684 -0.8460000157356262 2.618000030517578
0.6480000019073486 -1.0440000295639038 2.8459999561309814
0.5699999332427979 -0.671999990940094 2.5280001163482666
0.5099999904632568 -0.8339999914169312 2.815999984741211
0.5280001163482666 -0.8700000047683716 2.822000026702881
0.5820000171661377 -0.7139999866485596 2.5339999198913574
0.6059999465942383 -0.9240000247955322 2.7019999027252197
0.5280001163482666 -0.6359999775886536 2.5759999752044678
0.6540000438690186 -1.0499999523162842 2.8399999141693115
0.48000001907348633 -0.5579999685287476 2.630000114440918
0.7799999713897705 -1.1820000410079956 2.9000000953674316
0.4320000410079956 -0.4440000057220459 2.7019999027252197
0.6779999732971191 -0.9480000138282776 2.5999999046325684
0.809999942779541 -1.194000005722046 2.8519999980926514
0.4440000057220459 -0.4739999771118164 2.677999973297119
0.5759999752044678 -0.8219999670982361 2.630000114440918
0.5520000457763672 -0.671999990940094 2.552000045776367
0.5039999485015869 -0.8640000224113464 2.9000000953674316
0.6059999465942383 -0.9240000247955322 2.696000099182129
0.4919999837875366 -0.5699999928474426 2.6059999465942383
0.7260000705718994 -1.0260000228881836 2.630000114440918
0.5099999904632568 -0.8460000157356262 2.828000068664551
0.6540000438690186 -0.9240000247955322 2.6059999465942383
0.4200000762939453 -0.41999995708465576 2.7260000705718994
0.624000072479248 -0.972000002861023 2.7320001125335693
0.7560000419616699 -1.1759999990463257 2.9539999961853027
0.5520000457763672 -0.9240000247955322 2.8399999141693115
0.5399999618530273 -0.8999999761581421 2.828000068664551
0.5220000743865967 -0.8700000047683716 2.828000068664551
0.5759999752044678 -0.972000002861023 2.875999927520752
0.5999999046325684 -0.6899999976158142 2.4860000610351562
0.5880000591278076 -0.8700000047683716 2.6540000438690186
0.8280000686645508 -1.2059999704360962 2.8340001106262207
0.5399999618530273 -0.6480000019073486 2.552000045776367
0.7260000705718994 -1.0260000228881836 2.624000072479248
0.5220000743865967 -0.6240000128746033 2.569999933242798
0.6480000019073486 -1.0379999876022339 2.803999900817871
0.6059999465942383 -0.8700000047683716 2.618000030517578
0.5099999904632568 -0.8640000224113464 2.8519999980926514
0.5580000877380371 -0.9419999718666077 2.8519999980926514
0.5759999752044678 -0.972000002861023 2.864000082015991
0.7439999580383301 -1.1699999570846558 2.9539999961853027
0.49800002574920654 -0.8640000224113464 2.9060001373291016
0.46800005435943604 -0.5460000038146973 2.635999917984009
0.6419999599456787 -1.0499999523162842 2.8519999980926514
0.6480000019073486 -0.9240000247955322 2.6059999465942383
0.5160000324249268 -0.6240000128746033 2.5759999752044678
0.5820000171661377 -0.8460000157356262 2.630000114440918
0.7260000705718994 -1.0139999389648438 2.5999999046325684
0.6119999885559082 -0.9480000138282776 2.7019999027252197
0.49800002574920654 -0.5999999642372131 2.5940001010894775
0.49800002574920654 -0.8399999737739563 2.8340001106262207
0.4440000057220459 -0.49800002574920654 2.6660001277923584
0.7260000705718994 -1.0199999809265137 2.6059999465942383
0.5039999485015869 -0.8700000047683716 2.875999927520752
0.5460000038146973 -0.7559999823570251 2.6059999465942383
0.7920000553131104 -1.194000005722046 2.864000082015991
0.5220000743865967 -0.8819999694824219 2.828000068664551
0.5520000457763672 -0.7319999933242798 2.5759999752044678
0.4259999990463257 -0.4739999771118164 2.7019999027252197
0.7019999027252197 -0.9959999918937683 2.6059999465942383
0.5999999046325684 -0.9179999828338623 2.677999973297119
0.4259999990463257 -0.48000001907348633 2.7019999027252197
0.7560000419616699 -1.187999963760376 2.9779999256134033
0.630000114440918 -1.0499999523162842 2.875999927520752
0.4200000762939453 -0.4440000057220459 2.7079999446868896
0.6180000305175781 -0.9599999785423279 2.7019999027252197
0.4919999837875366 -0.8519999980926514 2.875999927520752
0.5460000038146973 -0.9240000247955322 2.828000068664551
0.6180000305175781 -0.8999999761581421 2.618000030517578
0.4500000476837158 -0.5220000147819519 2.6540000438690186
0.4020000696182251 -0.3960000276565552 2.75
0.5940001010894775 -0.8700000047683716 2.624000072479248
0.3840000629425049 -0.38399994373321533 2.809999942779541
0.5580000877380371 -0.7199999690055847 2.552000045776367
0.4020000696182251 -0.4140000343322754 2.75
0.6779999732971191 -0.972000002861023 2.6059999465942383
0.4739999771118164 -0.5699999928474426 2.618000030517578
0.5699999332427979 -0.972000002861023 2.8519999980926514
0.6540000438690186 -1.0740000009536743 2.8519999980926514
0.5880000591278076 -0.8700000047683716 2.630000114440918
0.7079999446868896 -1.1399999856948853 2.9000000953674316
0.7799999713897705 -1.194000005722046 2.875999927520752
0.5759999752044678 -0.6959999799728394 2.503999948501587
0.5399999618530273 -0.671999990940094 2.5460000038146973
0.5940001010894775 -0.8999999761581421 2.6540000438690186
0.6540000438690186 -1.0679999589920044 2.828000068664551
0.809999942779541 -1.2059999704360962 2.8340001106262207
0.6779999732971191 -0.972000002861023 2.5999999046325684
0.6059999465942383 -0.8999999761581421 2.630000114440918
0.4200000762939453 -0.4739999771118164 2.7019999027252197
0.4500000476837158 -0.5460000038146973 2.6540000438690186
0.6540000438690186 -0.9480000138282776 2.6059999465942383
0.7260000705718994 -1.1579999923706055 2.9000000953674316
0.809999942779541 -1.2120000123977661 2.8519999980926514
0.5460000038146973 -0.7440000176429749 2.5820000171661377
0.624000072479248 -1.0499999523162842 2.870000123977661
0.5999999046325684 -0.8880000114440918 2.624000072479248
0.5759999752044678 -0.9900000095367432 2.864000082015991
0.5759999752044678 -0.7020000219345093 2.503999948501587
0.6480000019073486 -0.9419999718666077 2.6059999465942383
0.7320001125335693 -1.1699999570846558 2.930000066757202
0.6660001277923584 -1.0980000495910645 2.875999927520752
0.7439999580383301 -1.187999963760376 2.990000009536743
0.6719999313354492 -1.1100000143051147 2.9000000953674316
0.4200000762939453 -0.4739999771118164 2.696000099182129
0.7739999294281006 -1.194000005722046 2.875999927520752
0.5759999752044678 -0.9959999918937683 2.875999927520752
0.7019999027252197 -1.1340000629425049 2.875999927520752
0.5520000457763672 -0.7319999933242798 2.558000087738037
0.7320001125335693 -1.1759999990463257 2.9539999961853027
0.6059999465942383 -0.9419999718666077 2.677999973297119
0.3960000276565552 -0.37199997901916504 2.74399995803833
0.3960000276565552 -0.3960000276565552 2.74399995803833
0.48000001907348633 -0.5999999642372131 2.6059999465942383
0.7320001125335693 -1.1759999990463257 2.947999954223633
0.5160000324249268 -0.6480000019073486 2.564000129699707
0.5280001163482666 -0.8999999761581421 2.803999900817871
0.5520000457763672 -0.9480000138282776 2.828000068664551
0.48600006103515625 -0.8339999914169312 2.822000026702881
0.5520000457763672 -0.6899999976158142 2.5280001163482666
0.6180000305175781 -1.0499999523162842 2.875999927520752
0.5999999046325684 -0.8999999761581421 2.630000114440918
0.624000072479248 -1.055999994277954 2.870000123977661
0.437999963760376 -0.5220000147819519 2.6600000858306885
0.7799999713897705 -1.2239999771118164 3.0859999656677246
0.4259999990463257 -0.49800002574920654 2.677999973297119
0.6180000305175781 -0.9779999852180481 2.7019999027252197
0.4020000696182251 -0.4440000057220459 2.7260000705718994
0.5280001163482666 -0.671999990940094 2.552000045776367
0.6480000019073486 -1.0740000009536743 2.8340001106262207
0.624000072479248 -0.9240000247955322 2.611999988555908
0.3960000276565552 -0.41999995708465576 2.73799991607666
0.7620000839233398 -1.2120000123977661 3.062000036239624
0.4020000696182251 -0.4500000476837158 2.7260000705718994
0.7019999027252197 -1.0320000648498535 2.630000114440918
0.5580000877380371 -0.7139999866485596 2.5280001163482666
0.6419999599456787 -1.0740000009536743 2.8519999980926514
0.4919999837875366 -0.6240000128746033 2.5880000591278076
0.5999999046325684 -0.9240000247955322 2.6540000438690186
0.38999998569488525 -0.3960000276565552 2.75
0.4440000057220459 -0.5460000038146973 2.6480000019073486
0.48000001907348633 -0.6179999709129333 2.6059999465942383
0.48000001907348633 -0.8460000157356262 2.8519999980926514
0.5039999485015869 -0.6480000019073486 2.5759999752044678
0.7019999027252197 -1.0139999389648438 2.5999999046325684
0.5699999332427979 -0.6899999976158142 2.492000102996826
0.4259999990463257 -0.5220000147819519 2.677999973297119
0.4739999771118164 -0.5999999642372131 2.6059999465942383
0.7739999294281006 -1.2239999771118164 3.0799999237060547
0.7019999027252197 -1.1399999856948853 2.864000082015991
0.5039999485015869 -0.8700000047683716 2.803999900817871
0.7019999027252197 -1.0199999809265137 2.6059999465942383
0.7920000553131104 -1.2120000123977661 2.8580000400543213
0.5759999752044678 -1.0080000162124634 2.875999927520752
0.37800002098083496 -0.37199997901916504 2.7799999713897705
0.5999999046325684 -0.9300000071525574 2.6540000438690186
0.7019999027252197 -1.0260000228881836 2.611999988555908
0.5999999046325684 -0.9120000004768372 2.630000114440918
0.630000114440918 -1.0740000009536743 2.875999927520752
0.6779999732971191 -0.9959999918937683 2.6059999465942383
0.4200000762939453 -0.49800002574920654 2.677999973297119
0.5339999198913574 -0.9240000247955322 2.803999900817871
0.6600000858306885 -1.0920000076293945 2.828000068664551
0.5280001163482666 -0.6899999976158142 2.552000045776367
0.6059999465942383 -0.9240000247955322 2.630000114440918
0.5580000877380371 -0.972000002861023 2.828000068664551
0.75 -1.194000005722046 2.9000000953674316
0.4739999771118164 -0.8399999737739563 2.8399999141693115
0.4739999771118164 -0.8460000157356262 2.8519999980926514
0.6059999465942383 -0.9480000138282776 2.6600000858306885
0.624000072479248 -1.0019999742507935 2.7079999446868896
0.6779999732971191 -0.9959999918937683 2.5999999046325684
0.6540000438690186 -0.972000002861023 2.6059999465942383
0.4500000476837158 -0.5699999928474426 2.630000114440918
0.6480000019073486 -1.0859999656677246 2.8340001106262207
0.6540000438690186 -1.0980000495910645 2.8519999980926514
0.5039999485015869 -0.671999990940094 2.5759999752044678
0.624000072479248 -1.0740000009536743 2.875999927520752
0.6119999885559082 -0.972000002861023 2.677999973297119
0.5999999046325684 -1.0499999523162842 2.888000011444092
0.6660001277923584 -1.0980000495910645 2.809999942779541
0.7439999580383301 -1.194000005722046 2.9060001373291016
0.6779999732971191 -1.121999979019165 2.8459999561309814
0.5399999618530273 -0.9419999718666077 2.803999900817871
0.49800002574920654 -0.6480000019073486 2.569999933242798
0.48000001907348633 -0.8640000224113464 2.8519999980926514
0.6540000438690186 -0.972000002861023 2.5999999046325684
0.5520000457763672 -0.9660000205039978 2.815999984741211
0.4440000057220459 -0.5699999928474426 2.635999917984009
0.37800002098083496 -0.3659999370574951 2.75600004196167
0.38999998569488525 -0.4440000057220459 2.7260000705718994
0.6600000858306885 -1.1159999370574951 2.875999927520752
0.5520000457763672 -0.6959999799728394 2.503999948501587
0.5099999904632568 -0.671999990940094 2.558000087738037
0.6119999885559082 -0.9779999852180481 2.677999973297119
0.6480000019073486 -1.0980000495910645 2.8519999980926514
0.7019999027252197 -1.1579999923706055 2.881999969482422
0.5280001163482666 -0.9240000247955322 2.7920000553131104
0.4020000696182251 -0.49800002574920654 2.7019999027252197
0.4919999837875366 -0.8700000047683716 2.803999900817871
0.4739999771118164 -0.8700000047683716 2.875999927520752
0.4739999771118164 -0.6240000128746033 2.5940001010894775
0.630000114440918 -1.0199999809265137 2.7079999446868896
0.4500000476837158 -0.5999999642372131 2.630000114440918
0.37800002098083496 -0.41999995708465576 2.75
0.5520000457763672 -0.7020000219345093 2.503999948501587
0.6840000152587891 -1.0139999389648438 2.5999999046325684
0.7139999866485596 -1.1820000410079956 2.941999912261963
0.5999999046325684 -0.9359999895095825 2.635999917984009
0.5520000457763672 -0.9779999852180481 2.828000068664551
0.37800002098083496 -0.4320000410079956 2.75
0.6779999732971191 -1.0440000295639038 2.6540000438690186
0.4020000696182251 -0.5099999904632568 2.7019999027252197
0.7680001258850098 -1.2120000123977661 2.870000123977661
0.6660001277923584 -1.128000020980835 2.881999969482422
0.3539999723434448 -0.37199997901916504 2.828000068664551
0.4259999990463257 -0.5460000038146973 2.6540000438690186
0.4140000343322754 -0.5220000147819519 2.671999931335449
0.5339999198913574 -0.7379999756813049 2.552000045776367
0.6600000858306885 -1.1039999723434448 2.815999984741211
0.6840000152587891 -1.0379999876022339 2.630000114440918
0.7799999713897705 -1.2239999771118164 2.875999927520752
0.3539999723434448 -0.37199997901916504 2.822000026702881
0.5460000038146973 -0.6959999799728394 2.503999948501587
0.37199997901916504 -0.3960000276565552 2.75600004196167
0.5399999618530273 -0.7199999690055847 2.5280001163482666
0.5520000457763672 -0.7020000219345093 2.498000144958496
0.48600006103515625 -0.6480000019073486 2.5759999752044678
0.6180000305175781 -0.9480000138282776 2.611999988555908
0.6600000858306885 -1.1100000143051147 2.828000068664551
0.5039999485015869 -0.8999999761581421 2.803999900817871
0.6480000019073486 -0.9779999852180481 2.5999999046325684
0.38999998569488525 -0.4739999771118164 2.7139999866485596
0.48000001907348633 -0.8700000047683716 2.828000068664551
0.5580000877380371 -1.0019999742507935 2.8519999980926514
0.6059999465942383 -0.9480000138282776 2.630000114440918
0.7019999027252197 -1.1699999570846558 2.9000000953674316
0.3960000276565552 -0.49800002574920654 2.7019999027252197
0.5280001163482666 -0.6959999799728394 2.5280001163482666
0.6779999732971191 -1.0199999809265137 2.6059999465942383
0.49800002574920654 -0.671999990940094 2.564000129699707
0.6779999732971191 -1.1340000629425049 2.8399999141693115
0.5520000457763672 -0.9959999918937683 2.8519999980926514
0.4259999990463257 -0.5699999928474426 2.6540000438690186
0.36600005626678467 -0.37199997901916504 2.76200008392334
0.5039999485015869 -0.906000018119812 2.803999900817871
0.5039999485015869 -0.8999999761581421 2.7920000553131104
0.48000001907348633 -0.8759999871253967 2.828000068664551
0.6600000858306885 -1.1340000629425049 2.9000000953674316
0.75 -1.2120000123977661 2.9000000953674316
0.630000114440918 -1.0980000495910645 2.875999927520752
0.4259999990463257 -0.5759999752044678 2.6540000438690186
0.4200000762939453 -0.5460000038146973 2.6540000438690186
0.624000072479248 -1.0920000076293945 2.875999927520752
0.6779999732971191 -1.1460000276565552 2.875999927520752
0.6779999732971191 -1.1399999856948853 2.8519999980926514
0.6540000438690186 -0.9959999918937683 2.6059999465942383
0.4440000057220459 -0.5999999642372131 2.624000072479248
0.34200000762939453 -0.37800002098083496 2.8519999980926514
0.6719999313354492 -1.0139999389648438 2.5999999046325684
0.6059999465942383 -0.972000002861023 2.6540000438690186
0.5339999198913574 -0.7319999933242798 2.5339999198913574
0.6779999732971191 -1.0260000228881836 2.6059999465942383
0.46800005435943604 -0.8700000047683716 2.8519999980926514
0.7019999027252197 -1.1759999990463257 2.9000000953674316
0.6719999313354492 -1.1340000629425049 2.8399999141693115
0.4739999771118164 -0.8999999761581421 2.9000000953674316
0.5220000743865967 -0.6959999799728394 2.5280001163482666
0.6540000438690186 -0.9959999918937683 2.5999999046325684
0.630000114440918 -0.972000002861023 2.6059999465942383
0.34200000762939453 -0.37800002098083496 2.8399999141693115
0.37199997901916504 -0.4440000057220459 2.73799991607666
0.5999999046325684 -1.0740000009536743 2.888000011444092
0.4020000696182251 -0.5220000147819519 2.677999973297119
0.4739999771118164 -0.8939999938011169 2.875999927520752
0.6540000438690186 -1.121999979019165 2.8519999980926514
0.37800002098083496 -0.4739999771118164 2.7260000705718994
0.5759999752044678 -1.0499999523162842 2.9000000953674316
0.5520000457763672 -1.0139999389648438 2.875999927520752
0.7560000419616699 -1.2179999351501465 2.875999927520752
0.6480000019073486 -1.1159999370574951 2.8459999561309814
0.5039999485015869 -0.6959999799728394 2.552000045776367
0.34200000762939453 -0.37199997901916504 2.828000068664551
0.3539999723434448 -0.37199997901916504 2.7799999713897705
0.46800005435943604 -0.6480000019073486 2.5880000591278076
0.3539999723434448 -0.38999998569488525 2.7799999713897705
0.6119999885559082 -0.972000002861023 2.630000114440918
0.6779999732971191 -1.1519999504089355 2.864000082015991
0.37800002098083496 -0.49800002574920654 2.7260000705718994
0.3960000276565552 -0.5220000147819519 2.684000015258789
0.46800005435943604 -0.906000018119812 2.9240000247955322
0.4020000696182251 -0.5460000038146973 2.677999973297119
0.37800002098083496 -0.5040000081062317 2.7260000705718994
0.5280001163482666 -0.9480000138282776 2.7799999713897705
0.624000072479248 -0.972000002861023 2.6059999465942383
0.5039999485015869 -0.7020000219345093 2.552000045776367
0.48000001907348633 -0.671999990940094 2.5759999752044678
0.6480000019073486 -1.121999979019165 2.8519999980926514
0.6180000305175781 -1.0139999389648438 2.677999973297119
0.4919999837875366 -0.8999999761581421 2.7980000972747803
0.4500000476837158 -0.6240000128746033 2.6059999465942383
0.46800005435943604 -0.8700000047683716 2.822000026702881
0.6779999732971191 -1.1579999923706055 2.875999927520752
0.5699999332427979 -1.0499999523162842 2.9000000953674316
0.6540000438690186 -1.0440000295639038 2.6540000438690186
0.5520000457763672 -1.0260000228881836 2.888000011444092
0.36000001430511475 -0.41999995708465576 2.75
0.6719999313354492 -1.1519999504089355 2.864000082015991
0.6119999885559082 -0.9959999918937683 2.6540000438690186
0.5280001163482666 -0.9539999961853027 2.7799999713897705
0.690000057220459 -1.1759999990463257 2.8940000534057617
0.48600006103515625 -0.8999999761581421 2.803999900817871
0.37199997901916504 -0.4739999771118164 2.7200000286102295
0.4140000343322754 -0.5699999928474426 2.6480000019073486
0.6480000019073486 -1.128000020980835 2.8519999980926514
0.4620000123977661 -0.8700000047683716 2.828000068664551
0.6419999599456787 -1.062000036239624 2.7019999027252197
0.6600000858306885 -1.1399999856948853 2.8519999980926514
0.6540000438690186 -1.055999994277954 2.6660001277923584
0.4919999837875366 -0.6959999799728394 2.558000087738037
0.630000114440918 -1.0499999523162842 2.7019999027252197
0.6779999732971191 -1.1699999570846558 2.9000000953674316
0.5280001163482666 -0.7080000042915344 2.503999948501587
0.4259999990463257 -0.5999999642372131 2.630000114440918
0.4500000476837158 -0.6480000019073486 2.6059999465942383
0.6119999885559082 -1.0019999742507935 2.6540000438690186
0.5280001163482666 -0.9900000095367432 2.8519999980926514
0.6540000438690186 -1.0199999809265137 2.6059999465942383
0.5280001163482666 -0.972000002861023 2.803999900817871
0.5039999485015869 -0.9240000247955322 2.7799999713897705
0.48000001907348633 -0.6959999799728394 2.5759999752044678
0.40799999237060547 -0.5699999928474426 2.6540000438690186
0.3960000276565552 -0.5460000038146973 2.671999931335449
0.5999999046325684 -1.0920000076293945 2.888000011444092
0.6540000438690186 -1.0379999876022339 2.630000114440918
0.6540000438690186 -1.0260000228881836 2.611999988555908
0.630000114440918 -1.0440000295639038 2.684000015258789
0.630000114440918 -1.121999979019165 2.875999927520752
0.437999963760376 -0.6240000128746033 2.611999988555908
0.5039999485015869 -0.9240000247955322 2.7739999294281006
0.46800005435943604 -0.8999999761581421 2.8519999980926514
0.5280001163482666 -0.9779999852180481 2.809999942779541
0.46800005435943604 -0.8819999694824219 2.809999942779541
0.630000114440918 -0.9959999918937683 2.6059999465942383
0.3539999723434448 -0.4440000057220459 2.75
0.5039999485015869 -0.7319999933242798 2.552000045776367
0.34200000762939453 -0.37199997901916504 2.7799999713897705
0.37800002098083496 -0.5220000147819519 2.7019999027252197
0.46800005435943604 -0.671999990940094 2.5759999752044678
0.7320001125335693 -1.2179999351501465 2.881999969482422
0.6840000152587891 -1.1820000410079956 2.9000000953674316
0.6419999599456787 -1.062000036239624 2.684000015258789
0.3539999723434448 -0.4620000123977661 2.75
0.5280001163482666 -0.9900000095367432 2.828000068664551
0.37800002098083496 -0.5339999794960022 2.7019999027252197
0.4259999990463257 -0.6240000128746033 2.630000114440918
0.5759999752044678 -1.0740000009536743 2.9000000953674316
0.49800002574920654 -0.9240000247955322 2.7799999713897705
0.34800004959106445 -0.41999995708465576 2.75600004196167
0.6119999885559082 -0.9959999918937683 2.630000114440918
0.5699999332427979 -1.0679999589920044 2.9000000953674316
0.5280001163482666 -1.0019999742507935 2.8519999980926514
0.5160000324249268 -1.0199999809265137 3.0199999809265137
0.36000001430511475 -0.4739999771118164 2.7260000705718994
0.5039999485015869 -0.7080000042915344 2.5280001163482666
0.34200000762939453 -0.3960000276565552 2.7680001258850098
0.624000072479248 -0.9959999918937683 2.6059999465942383
0.46800005435943604 -0.8999999761581421 2.828000068664551
0.624000072479248 -1.121999979019165 2.870000123977661
0.36600005626678467 -0.49800002574920654 2.7139999866485596
0.624000072479248 -1.0440000295639038 2.677999973297119
0.5280001163482666 -1.0019999742507935 2.8459999561309814
0.5280001163482666 -1.0199999809265137 2.9060001373291016
0.5339999198913574 -1.0199999809265137 2.875999927520752
0.4140000343322754 -0.5999999642372131 2.635999917984009
0.4500000476837158 -0.8519999980926514 2.7920000553131104
0.33000004291534424 -0.37199997901916504 2.803999900817871
0.7260000705718994 -1.2239999771118164 2.9000000953674316
0.3960000276565552 -0.5699999928474426 2.6600000858306885
0.5099999904632568 -0.9480000138282776 2.7739999294281006
0.3840000629425049 -0.5460000038146973 2.677999973297119
0.5160000324249268 -0.7199999690055847 2.509999990463257
0.49800002574920654 -0.7379999756813049 2.552000045776367
0.5399999618530273 -1.0379999876022339 2.9000000953674316
0.6540000438690186 -1.1579999923706055 2.875999927520752
0.5099999904632568 -0.7260000109672546 2.5220000743865967
0.4020000696182251 -0.593999981880188 2.6540000438690186
0.6059999465942383 -1.1159999370574951 2.9000000953674316
0.6359999179840088 -1.055999994277954 2.6660001277923584
0.5099999904632568 -1.0199999809265137 3.0380001068115234
0.6600000858306885 -1.1699999570846558 2.9000000953674316
0.4919999837875366 -0.9959999918937683 3.0380001068115234
0.48000001907348633 -0.9599999785423279 2.9119999408721924
0.5039999485015869 -0.7260000109672546 2.5280001163482666
0.5039999485015869 -0.9480000138282776 2.7799999713897705
0.437999963760376 -0.6480000019073486 2.5999999046325684
0.49800002574920654 -0.9359999895095825 2.7739999294281006
0.5160000324249268 -1.0320000648498535 3.0799999237060547
0.5280001163482666 -1.0440000295639038 2.996000051498413
0.630000114440918 -1.0139999389648438 2.6059999465942383
0.46800005435943604 -0.6959999799728394 2.569999933242798
0.624000072479248 -1.0080000162124634 2.6059999465942383
0.7260000705718994 -1.2300000190734863 2.9000000953674316
0.5220000743865967 -1.0139999389648438 2.875999927520752
0.48000001907348633 -0.9240000247955322 2.803999900817871
0.5099999904632568 -0.9599999785423279 2.7799999713897705
0.5280001163482666 -1.0260000228881836 2.888000011444092
0.6119999885559082 -1.121999979019165 2.875999927520752
0.36600005626678467 -0.5220000147819519 2.7019999027252197
0.7260000705718994 -1.2300000190734863 2.8940000534057617
0.5280001163482666 -1.0499999523162842 3.0320000648498535
0.5460000038146973 -1.055999994277954 2.9119999408721924
0.5099999904632568 -1.0260000228881836 3.1100001335144043
0.3539999723434448 -0.49800002574920654 2.7260000705718994
0.33000004291534424 -0.3960000276565552 2.7799999713897705
0.6180000305175781 -1.0199999809265137 2.630000114440918
0.5039999485015869 -1.0199999809265137 3.055999994277954
0.5039999485015869 -1.0199999809265137 3.0799999237060547
0.3359999656677246 -0.36000001430511475 2.75600004196167
0.33000004291534424 -0.40799999237060547 2.7799999713897705
0.630000114440918 -1.0499999523162842 2.6540000438690186
0.7139999866485596 -1.2239999771118164 2.9060001373291016
0.4140000343322754 -0.6240000128746033 2.630000114440918
0.5039999485015869 -1.0199999809265137 3.1040000915527344
0.5220000743865967 -1.0440000295639038 3.0260000228881836
0.624000072479248 -1.0440000295639038 2.6540000438690186
0.5280001163482666 -1.0499999523162842 3.002000093460083
0.34800004959106445 -0.4739999771118164 2.7320001125335693
0.48600006103515625 -0.9959999918937683 3.055999994277954
0.49800002574920654 -0.7319999933242798 2.5339999198913574
0.4739999771118164 -0.9480000138282776 2.875999927520752
0.48000001907348633 -0.7139999866485596 2.552000045776367
0.3539999723434448 -0.515999972820282 2.7260000705718994
0.630000114440918 -1.0379999876022339 2.630000114440918
0.49800002574920654 -0.9480000138282776 2.7799999713897705
0.7200000286102295 -1.2300000190734863 2.9000000953674316
0.630000114440918 -1.0260000228881836 2.611999988555908
0.4620000123977661 -0.9240000247955322 2.8580000400543213
0.4739999771118164 -0.9240000247955322 2.809999942779541
0.48000001907348633 -0.9599999785423279 2.875999927520752
0.624000072479248 -1.0320000648498535 2.630000114440918
0.630000114440918 -1.1460000276565552 2.875999927520752
0.6419999599456787 -1.1579999923706055 2.875999927520752
0.37800002098083496 -0.5699999928474426 2.677999973297119
0.624000072479248 -1.0260000228881836 2.618000030517578
0.6540000438690186 -1.1759999990463257 2.9000000953674316
0.48600006103515625 -1.0019999742507935 3.049999952316284
0.3359999656677246 -0.4440000057220459 2.75
0.5280001163482666 -1.0499999523162842 2.9539999961853027
0.5220000743865967 -1.0499999523162842 3.008000135421753
0.4259999990463257 -0.6480000019073486 2.6059999465942383
0.5759999752044678 -1.0980000495910645 2.9000000953674316
0.4559999704360962 -0.6959999799728394 2.5759999752044678
0.3240000009536743 -0.38999998569488525 2.7799999713897705
0.4739999771118164 -0.9539999961853027 2.864000082015991
0.5160000324249268 -1.0260000228881836 2.9000000953674316
0.36600005626678467 -0.5460000038146973 2.690000057220459
0.5099999904632568 -1.0019999742507935 2.8459999561309814
0.49800002574920654 -0.9599999785423279 2.7860000133514404
0.5039999485015869 -0.9959999918937683 2.8519999980926514
0.5220000743865967 -1.0499999523162842 2.9779999256134033
0.6719999313354492 -1.2000000476837158 2.9179999828338623
0.5039999485015869 -0.9779999852180481 2.803999900817871
0.5280001163482666 -1.0499999523162842 2.930000066757202
0.5160000324249268 -1.0260000228881836 2.8940000534057617
0.49800002574920654 -0.9959999918937683 2.875999927520752
0.5099999904632568 -1.0199999809265137 2.9000000953674316
0.624000072479248 -1.1460000276565552 2.870000123977661
0.630000114440918 -1.1519999504089355 2.870000123977661
0.4620000123977661 -0.9240000247955322 2.828000068664551
0.5460000038146973 -1.0740000009536743 2.930000066757202
0.48600006103515625 -0.972000002861023 2.8519999980926514
0.5220000743865967 -1.0440000295639038 2.930000066757202
0.5039999485015869 -0.9900000095367432 2.828000068664551
0.437999963760376 -0.671999990940094 2.5880000591278076
0.5220000743865967 -1.0499999523162842 2.9539999961853027
0.4620000123977661 -0.9359999895095825 2.8519999980926514
0.38999998569488525 -0.5999999642372131 2.6480000019073486
0.4440000057220459 -0.8640000224113464 2.7680001258850098
0.4919999837875366 -1.0199999809265137 3.055999994277954
0.49800002574920654 -1.0019999742507935 2.881999969482422
0.4259999990463257 -0.6660000085830688 2.6059999465942383
0.5940001010894775 -1.121999979019165 2.888000011444092
0.5039999485015869 -1.0019999742507935 2.8519999980926514
0.4739999771118164 -0.9959999918937683 3.068000078201294
0.5220000743865967 -1.055999994277954 2.9779999256134033
0.48000001907348633 -0.9480000138282776 2.803999900817871
0.34200000762939453 -0.49800002574920654 2.7260000705718994
0.3059999942779541 -0.37800002098083496 2.828000068664551
0.37199997901916504 -0.5699999928474426 2.671999931335449
0.49800002574920654 -0.9959999918937683 2.8519999980926514
0.46800005435943604 -0.9419999718666077 2.828000068664551
0.30000007152557373 -0.38399994373321533 2.8519999980926514
0.46800005435943604 -0.9900000095367432 3.0859999656677246
0.3240000009536743 -0.4440000057220459 2.76200008392334
0.33000004291534424 -0.4739999771118164 2.75
0.5339999198913574 -1.0740000009536743 2.9779999256134033
0.48000001907348633 -0.7139999866485596 2.5280001163482666
0.5220000743865967 -1.062000036239624 3.002000093460083
0.4140000343322754 -0.6480000019073486 2.611999988555908
0.33000004291534424 -0.48000001907348633 2.75
0.690000057220459 -1.2239999771118164 2.9179999828338623
0.4919999837875366 -0.972000002861023 2.803999900817871
0.3179999589920044 -0.41999995708465576 2.7739999294281006
0.5280001163482666 -1.0740000009536743 3.0799999237060547
0.3539999723434448 -0.5460000038146973 2.7019999027252197
0.4739999771118164 -0.9419999718666077 2.7980000972747803
0.564000129699707 -1.0980000495910645 2.9000000953674316
0.5280001163482666 -1.0740000009536743 3.0260000228881836
0.5339999198913574 -1.0740000009536743 2.9539999961853027
0.49800002574920654 -1.0019999742507935 2.8519999980926514
0.6779999732971191 -1.2179999351501465 2.930000066757202
0.6180000305175781 -1.1519999504089355 2.875999927520752
0.5220000743865967 -1.0679999589920044 3.0260000228881836
0.6119999885559082 -1.1460000276565552 2.875999927520752
0.49800002574920654 -1.0379999876022339 3.055999994277954
0.4919999837875366 -0.9779999852180481 2.809999942779541
0.5280001163482666 -1.0740000009536743 3.002000093460083
0.4500000476837158 -0.7139999866485596 2.5759999752044678
0.4739999771118164 -0.9480000138282776 2.803999900817871
0.5399999618530273 -1.0920000076293945 3.055999994277954
0.48000001907348633 -1.0080000162124634 3.1579999923706055
0.5160000324249268 -1.062000036239624 3.1040000915527344
0.46800005435943604 -0.9959999918937683 3.1040000915527344
0.4739999771118164 -0.9599999785423279 2.828000068664551
0.3059999942779541 -0.37199997901916504 2.803999900817871
0.4020000696182251 -0.6480000019073486 2.630000114440918
0.3539999723434448 -0.5640000104904175 2.7019999027252197
0.5160000324249268 -1.062000036239624 3.128000020980835
0.34200000762939453 -0.5220000147819519 2.7139999866485596
0.5039999485015869 -1.0499999523162842 3.055999994277954
0.312000036239624 -0.41999995708465576 2.7799999713897705
0.48000001907348633 -0.972000002861023 2.828000068664551
0.4919999837875366 -0.9900000095367432 2.828000068664551
0.37800002098083496 -0.5999999642372131 2.6540000438690186
0.4620000123977661 -0.7199999690055847 2.552000045776367
0.3240000009536743 -0.4739999771118164 2.75
0.5220000743865967 -1.0740000009536743 3.0980000495910645
0.4739999771118164 -0.9539999961853027 2.803999900817871
0.4200000762939453 -0.671999990940094 2.5999999046325684
0.34800004959106445 -0.5460000038146973 2.7019999027252197
0.48000001907348633 -1.0199999809265137 3.0799999237060547
0.6960000991821289 -1.2360000610351562 2.9119999408721924
0.630000114440918 -1.1759999990463257 2.9000000953674316
0.36000001430511475 -0.5699999928474426 2.677999973297119
0.5520000457763672 -1.1100000143051147 3.002000093460083
0.5460000038146973 -1.0920000076293945 2.9240000247955322
0.4739999771118164 -1.0139999389648438 3.062000036239624
0.5759999752044678 -1.121999979019165 2.9000000953674316
0.5399999618530273 -1.0920000076293945 2.9539999961853027
0.3840000629425049 -0.6240000128746033 2.6419999599456787
0.5220000743865967 -1.0799999237060547 3.0320000648498535
0.30000007152557373 -0.3960000276565552 2.803999900817871
0.4320000410079956 -0.6959999799728394 2.5820000171661377
0.5399999618530273 -1.0980000495910645 2.9779999256134033
0.48000001907348633 -0.7199999690055847 2.509999990463257
0.37800002098083496 -0.6240000128746033 2.6540000438690186
0.30000007152557373 -0.4140000343322754 2.803999900817871
0.5460000038146973 -1.0980000495910645 2.930000066757202
0.48000001907348633 -1.0199999809265137 3.1760001182556152
0.37800002098083496 -0.6299999952316284 2.6540000438690186
0.33000004291534424 -0.5220000147819519 2.7260000705718994
0.624000072479248 -1.1759999990463257 2.8940000534057617
0.5699999332427979 -1.121999979019165 2.9000000953674316
0.5940001010894775 -1.1460000276565552 2.888000011444092
0.5339999198913574 -1.0980000495910645 3.002000093460083
0.5999999046325684 -1.1519999504089355 2.881999969482422
0.40799999237060547 -0.671999990940094 2.6059999465942383
0.38999998569488525 -0.6480000019073486 2.630000114440918
0.34800004959106445 -0.5699999928474426 2.690000057220459
0.5460000038146973 -1.1039999723434448 2.930000066757202
0.4440000057220459 -0.7199999690055847 2.564000129699707
0.48000001907348633 -0.7260000109672546 2.503999948501587
0.4739999771118164 -0.7199999690055847 2.509999990463257
0.33000004291534424 -0.5460000038146973 2.7260000705718994
0.48000001907348633 -1.0260000228881836 3.187999963760376
0.4620000123977661 -0.7199999690055847 2.5280001163482666
0.5280001163482666 -1.0980000495910645 3.0260000228881836
0.3539999723434448 -0.593999981880188 2.677999973297119
0.4200000762939453 -0.6959999799728394 2.5880000591278076
0.3240000009536743 -0.5220000147819519 2.7260000705718994
0.30000007152557373 -0.4440000057220459 2.7799999713897705
0.48000001907348633 -1.0260000228881836 3.2060000896453857
0.4739999771118164 -1.0320000648498535 3.068000078201294
0.30000007152557373 -0.4559999704360962 2.7799999713897705
0.4739999771118164 -0.7319999933242798 2.509999990463257
0.36000001430511475 -0.5999999642372131 2.6600000858306885
0.2940000295639038 -0.41999995708465576 2.7920000553131104
0.5039999485015869 -1.0740000009536743 3.055999994277954
0.5820000171661377 -1.1460000276565552 2.9000000953674316
0.6779999732971191 -1.2419999837875366 2.930000066757202
0.4500000476837158 -0.9959999918937683 3.1519999504089355
0.5460000038146973 -1.121999979019165 2.9779999256134033
0.2879999876022339 -0.3960000276565552 2.803999900817871
0.6359999179840088 -1.2059999704360962 2.9240000247955322
0.5520000457763672 -1.121999979019165 2.930000066757202
0.5520000457763672 -1.1340000629425049 3.0260000228881836
0.3960000276565552 -0.671999990940094 2.611999988555908
0.6540000438690186 -1.2239999771118164 2.930000066757202
0.312000036239624 -0.49800002574920654 2.73799991607666
0.36600005626678467 -0.6240000128746033 2.6480000019073486
0.5460000038146973 -1.121999979019165 2.9539999961853027
0.6059999465942383 -1.1759999990463257 2.9000000953674316
0.48000001907348633 -1.0499999523162842 3.0799999237060547
0.49800002574920654 -1.0740000009536743 3.062000036239624
0.5399999618530273 -1.121999979019165 3.002000093460083
0.4500000476837158 -0.75 2.552000045776367
0.4259999990463257 -0.7199999690055847 2.5759999752044678
0.4020000696182251 -0.6959999799728394 2.6059999465942383
0.5460000038146973 -1.128000020980835 2.9600000381469727
0.4559999704360962 -0.7379999756813049 2.5280001163482666
0.33000004291534424 -0.5699999928474426 2.7019999027252197
0.5699999332427979 -1.1460000276565552 2.9060001373291016
0.5339999198913574 -1.121999979019165 3.0260000228881836
0.2760000228881836 -0.3960000276565552 2.828000068664551
0.2760000228881836 -0.40199995040893555 2.828000068664551
0.4259999990463257 -0.7319999933242798 2.5759999752044678
0.3179999589920044 -0.5460000038146973 2.7200000286102295
0.33000004291534424 -0.5820000171661377 2.7019999027252197
0.4020000696182251 -0.7080000042915344 2.6059999465942383
0.2879999876022339 -0.4440000057220459 2.7799999713897705
0.30000007152557373 -0.49800002574920654 2.75
0.4500000476837158 -1.0199999809265137 3.0799999237060547
0.37800002098083496 -0.671999990940094 2.630000114440918
0.4500000476837158 -1.0199999809265137 3.1040000915527344
0.46800005435943604 -1.0379999876022339 3.1760001182556152
0.34200000762939453 -0.5999999642372131 2.671999931335449
0.3539999723434448 -0.6240000128746033 2.6540000438690186
0.30000007152557373 -0.5099999904632568 2.75
0.4500000476837158 -1.0199999809265137 3.128000020980835
0.4140000343322754 -0.7199999690055847 2.5820000171661377
0.37800002098083496 -0.6779999732971191 2.630000114440918
0.5520000457763672 -1.1460000276565552 2.9779999256134033
0.5580000877380371 -1.1460000276565552 2.930000066757202
0.5460000038146973 -1.1399999856948853 2.9779999256134033
0.4500000476837158 -1.0199999809265137 3.1519999504089355
0.2760000228881836 -0.41999995708465576 2.803999900817871
0.6359999179840088 -1.2239999771118164 2.930000066757202
0.5039999485015869 -1.0980000495910645 3.055999994277954
0.4620000123977661 -1.0379999876022339 3.1519999504089355
0.2760000228881836 -0.437999963760376 2.803999900817871
0.5520000457763672 -1.1460000276565552 2.9539999961853027
0.3359999656677246 -0.5999999642372131 2.677999973297119
0.34800004959106445 -0.6240000128746033 2.6600000858306885
0.6540000438690186 -1.2419999837875366 2.930000066757202
0.5460000038146973 -1.1460000276565552 3.002000093460083
0.4440000057220459 -1.0199999809265137 3.0799999237060547
0.4500000476837158 -1.0199999809265137 3.1760001182556152
0.5220000743865967 -1.121999979019165 3.0380001068115234
0.6540000438690186 -1.2419999837875366 2.9240000247955322
0.3179999589920044 -0.5699999928474426 2.7079999446868896
0.4440000057220459 -1.0199999809265137 3.1040000915527344
0.4259999990463257 -0.7559999823570251 2.5759999752044678
0.2879999876022339 -0.4739999771118164 2.76200008392334
0.36000001430511475 -0.6480000019073486 2.6419999599456787
0.3539999723434448 -0.6480000019073486 2.6540000438690186
0.6119999885559082 -1.2059999704360962 2.9240000247955322
0.312000036239624 -0.34800004959106445 2.6660001277923584
0.4440000057220459 -1.0139999389648438 3.181999921798706
0.3059999942779541 -0.5460000038146973 2.7260000705718994
0.4500000476837158 -1.0320000648498535 3.1040000915527344
0.48000001907348633 -1.0740000009536743 3.0799999237060547
0.4620000123977661 -1.0499999523162842 3.0799999237060547
0.38999998569488525 -0.6959999799728394 2.5999999046325684
0.4259999990463257 -0.7559999823570251 2.569999933242798
0.3539999723434448 -0.6539999842643738 2.6540000438690186
0.4500000476837158 -1.0199999809265137 3.2060000896453857
0.4500000476837158 -1.0320000648498535 3.128000020980835
0.4320000410079956 -0.75 2.552000045776367
0.4259999990463257 -0.9959999918937683 3.140000104904175
0.5880000591278076 -1.1820000410079956 2.9000000953674316
0.5759999752044678 -1.1699999570846558 2.9000000953674316
0.2879999876022339 -0.49800002574920654 2.75600004196167
0.4259999990463257 -0.9959999918937683 3.1519999504089355
0.5460000038146973 -1.1519999504089355 2.9839999675750732
0.5820000171661377 -1.1759999990463257 2.8940000534057617
0.36600005626678467 -0.671999990940094 2.630000114440918
0.4440000057220459 -1.0260000228881836 3.1519999504089355
0.4440000057220459 -0.7379999756813049 2.5160000324249268
0.2940000295639038 -0.5220000147819519 2.73799991607666
0.4739999771118164 -1.0740000009536743 3.074000120162964
0.4739999771118164 -1.0740000009536743 3.0799999237060547
0.2760000228881836 -0.4739999771118164 2.7799999713897705
0.5520000457763672 -1.1640000343322754 3.002000093460083
0.6419999599456787 -1.2419999837875366 2.930000066757202
0.4200000762939453 -0.7619999647140503 2.5759999752044678
0.5699999332427979 -1.1699999570846558 2.9060001373291016
0.26999998092651367 -0.4440000057220459 2.7920000553131104
0.3240000009536743 -0.5999999642372131 2.684000015258789
0.33000004291534424 -0.6179999709129333 2.677999973297119
0.2640000581741333 -0.38999998569488525 2.803999900817871
0.564000129699707 -1.1699999570846558 2.930000066757202
0.4500000476837158 -1.0320000648498535 3.200000047683716
0.6059999465942383 -1.2120000123977661 2.930000066757202
0.2580000162124634 -0.3960000276565552 2.828000068664551
0.2640000581741333 -0.38999998569488525 2.7980000972747803
0.37800002098083496 -0.6959999799728394 2.6059999465942383
0.5580000877380371 -1.1699999570846558 2.9539999961853027
0.4020000696182251 -0.972000002861023 3.134000062942505
0.30000007152557373 -0.5699999928474426 2.7260000705718994
0.2940000295639038 -0.5460000038146973 2.7320001125335693
0.5280001163482666 -1.1460000276565552 3.0260000228881836
0.5699999332427979 -1.1759999990463257 2.9060001373291016
0.4320000410079956 -1.0199999809265137 3.1519999504089355
0.30000007152557373 -0.5759999752044678 2.7260000705718994
0.5520000457763672 -1.1699999570846558 2.9779999256134033
0.5039999485015869 -1.121999979019165 3.055999994277954
0.37199997901916504 -0.6959999799728394 2.611999988555908
0.2580000162124634 -0.41999995708465576 2.809999942779541
0.4140000343322754 -0.9959999918937683 3.1459999084472656
0.26999998092651367 -0.4739999771118164 2.7739999294281006
0.4020000696182251 -0.7379999756813049 2.5759999752044678
0.437999963760376 -1.0379999876022339 3.074000120162964
0.4259999990463257 -0.7379999756813049 2.5280001163482666
0.5460000038146973 -1.1699999570846558 3.002000093460083
0.630000114440918 -1.2419999837875366 2.9240000247955322
0.25199997425079346 -0.41999995708465576 2.828000068664551
0.4259999990463257 -1.0199999809265137 3.128000020980835
0.48000001907348633 -1.0980000495910645 3.062000036239624
0.48000001907348633 -1.0980000495910645 3.0799999237060547
0.5759999752044678 -1.194000005722046 2.930000066757202
0.5039999485015869 -1.128000020980835 3.055999994277954
0.37800002098083496 -0.7199999690055847 2.6059999465942383
0.49800002574920654 -1.121999979019165 3.049999952316284
0.437999963760376 -1.0440000295639038 3.0799999237060547
0.624000072479248 -1.2419999837875366 2.936000108718872
0.5820000171661377 -1.2000000476837158 2.9179999828338623
0.2640000581741333 -0.4739999771118164 2.7799999713897705
0.3240000009536743 -0.6240000128746033 2.6660001277923584
0.40799999237060547 -0.9959999918937683 3.1519999504089355
0.624000072479248 -1.2419999837875366 2.9240000247955322
0.3359999656677246 -0.6480000019073486 2.6480000019073486
0.6119999885559082 -1.2360000610351562 2.9539999961853027
0.2760000228881836 -0.5220000147819519 2.75
0.5699999332427979 -1.194000005722046 2.930000066757202
0.4739999771118164 -1.0980000495910645 3.068000078201294
0.4259999990463257 -1.0199999809265137 3.200000047683716
0.37800002098083496 -0.7199999690055847 2.5940001010894775
0.25199997425079346 -0.4440000057220459 2.803999900817871
0.3539999723434448 -0.6959999799728394 2.630000114440918
0.33000004291534424 -0.6480000019073486 2.6540000438690186
0.25199997425079346 -0.4559999704360962 2.803999900817871
0.4259999990463257 -1.0260000228881836 3.181999921798706
0.2760000228881836 -0.5460000038146973 2.75
0.5520000457763672 -1.187999963760376 3.002000093460083
0.4440000057220459 -1.062000036239624 3.0920000076293945
0.2640000581741333 -0.49800002574920654 2.7680001258850098
0.3539999723434448 -0.7020000219345093 2.630000114440918
0.30000007152557373 -0.5999999642372131 2.7019999027252197
0.37199997901916504 -0.7199999690055847 2.5999999046325684
0.30000007152557373 -0.6060000061988831 2.7019999027252197
0.2760000228881836 -0.5579999685287476 2.75
0.5759999752044678 -1.2120000123977661 2.9720001220703125
0.5880000591278076 -1.2179999351501465 2.930000066757202
0.4140000343322754 -1.0199999809265137 3.128000020980835
0.5699999332427979 -1.2000000476837158 2.9240000247955322
0.4020000696182251 -0.9959999918937683 3.1760001182556152
0.4500000476837158 -1.0740000009536743 3.1040000915527344
0.5580000877380371 -1.194000005722046 2.9539999961853027
0.4320000410079956 -1.0379999876022339 3.2060000896453857
0.5280001163482666 -1.1699999570846558 3.0260000228881836
0.34800004959106445 -0.6959999799728394 2.630000114440918
0.24000000953674316 -0.3960000276565552 2.822000026702881
0.24600005149841309 -0.4440000057220459 2.803999900817871
0.4020000696182251 -0.75 2.552000045776367
0.4259999990463257 -1.0260000228881836 3.2300000190734863
0.24000000953674316 -0.41999995708465576 2.822000026702881
0.33000004291534424 -0.671999990940094 2.6540000438690186
0.5039999485015869 -1.1460000276565552 3.0380001068115234
0.5520000457763672 -1.194000005722046 2.9779999256134033
0.4259999990463257 -1.0440000295639038 3.128000020980835
0.5699999332427979 -1.2059999704360962 2.930000066757202
0.2940000295639038 -0.5999999642372131 2.7019999027252197
0.4020000696182251 -0.7919999957084656 2.5820000171661377
0.4020000696182251 -0.7559999823570251 2.552000045776367
0.4620000123977661 -1.0980000495910645 3.0799999237060547
0.3960000276565552 -0.9959999918937683 3.1760001182556152
0.3179999589920044 -0.6480000019073486 2.6600000858306885
0.48000001907348633 -1.121999979019165 3.055999994277954
0.4259999990463257 -1.0499999523162842 3.1040000915527344
0.5460000038146973 -1.194000005722046 3.002000093460083
0.23399996757507324 -0.3960000276565552 2.828000068664551
0.25199997425079346 -0.49800002574920654 2.7799999713897705
0.5460000038146973 -1.194000005722046 2.990000009536743
0.4200000762939453 -1.0440000295639038 3.0920000076293945
0.4020000696182251 -0.7559999823570251 2.5460000038146973
0.33000004291534424 -0.671999990940094 2.6419999599456787
0.24600005149841309 -0.4739999771118164 2.7920000553131104
0.4320000410079956 -1.055999994277954 3.1579999923706055
0.25199997425079346 -0.5040000081062317 2.7799999713897705
0.4020000696182251 -0.75 2.5399999618530273
0.2760000228881836 -0.5699999928474426 2.7260000705718994
0.4140000343322754 -1.0260000228881836 3.200000047683716
0.4140000343322754 -1.0199999809265137 3.2300000190734863
0.2580000162124634 -0.5220000147819519 2.75600004196167
0.4020000696182251 -1.0139999389648438 3.1760001182556152
0.3240000009536743 -0.671999990940094 2.6480000019073486
0.4739999771118164 -1.121999979019165 3.055999994277954
0.2640000581741333 -0.5460000038146973 2.74399995803833
0.30000007152557373 -0.6240000128746033 2.677999973297119
0.37800002098083496 -0.7440000176429749 2.5759999752044678
0.6059999465942383 -1.253999948501587 2.9539999961853027
0.2760000228881836 -0.5879999995231628 2.7260000705718994
0.4020000696182251 -1.0199999809265137 3.1519999504089355
0.5940001010894775 -1.2419999837875366 2.941999912261963
0.3539999723434448 -0.7199999690055847 2.6059999465942383
0.24600005149841309 -0.49800002574920654 2.7799999713897705
0.38999998569488525 -0.75 2.552000045776367
0.4259999990463257 -1.0379999876022339 3.253999948501587
0.22800004482269287 -0.41999995708465576 2.828000068664551
0.22800004482269287 -0.4320000410079956 2.828000068664551
0.4020000696182251 -0.7440000176429749 2.5220000743865967
0.4500000476837158 -1.0980000495910645 3.1040000915527344
0.5099999904632568 -1.1699999570846558 3.0260000228881836
0.4620000123977661 -1.1100000143051147 3.1519999504089355
0.5099999904632568 -1.1699999570846558 3.0199999809265137
0.34800004959106445 -0.7199999690055847 2.611999988555908
0.4020000696182251 -1.0199999809265137 3.200000047683716
0.4140000343322754 -1.0499999523162842 3.1040000915527344
0.30000007152557373 -0.6480000019073486 2.677999973297119
0.2940000295639038 -0.6240000128746033 2.677999973297119
0.48600006103515625 -1.1460000276565552 3.0439999103546143
0.4200000762939453 -1.062000036239624 3.1040000915527344
0.2640000581741333 -0.5699999928474426 2.7320001125335693
0.40799999237060547 -1.0199999809265137 3.253999948501587
0.38999998569488525 -0.75 2.5399999618530273
0.30000007152557373 -0.6599999666213989 2.677999973297119
0.3960000276565552 -0.7619999647140503 2.5339999198913574
0.3539999723434448 -0.7440000176429749 2.6059999465942383
0.24600005149841309 -0.5220000147819519 2.76200008392334
0.4259999990463257 -1.0740000009536743 3.1040000915527344
0.25199997425079346 -0.5460000038146973 2.75
0.3960000276565552 -1.0139999389648438 3.2300000190734863
0.48000001907348633 -1.1460000276565552 3.055999994277954
0.22800004482269287 -0.4739999771118164 2.803999900817871
0.3960000276565552 -1.0260000228881836 3.187999963760376
0.4140000343322754 -1.0379999876022339 3.253999948501587
0.22200000286102295 -0.4440000057220459 2.815999984741211
0.2940000295639038 -0.6480000019073486 2.671999931335449
0.49800002574920654 -1.1699999570846558 3.0320000648498535
0.22800004482269287 -0.4919999837875366 2.803999900817871
0.437999963760376 -1.0980000495910645 3.0859999656677246
0.3179999589920044 -0.6959999799728394 2.6419999599456787
0.25199997425079346 -0.5699999928474426 2.75
0.5520000457763672 -1.2239999771118164 2.9779999256134033
0.33000004291534424 -0.7199999690055847 2.630000114440918
0.3059999942779541 -0.671999990940094 2.6540000438690186
0.4020000696182251 -1.0440000295639038 3.1519999504089355
0.48000001907348633 -1.1519999504089355 3.055999994277954
0.21599996089935303 -0.41999995708465576 2.828000068664551
0.37199997901916504 -0.75 2.558000087738037
0.3960000276565552 -0.7799999713897705 2.5339999198913574
0.2760000228881836 -0.6240000128746033 2.7019999027252197
0.4500000476837158 -1.1159999370574951 3.1040000915527344
0.24600005149841309 -0.5460000038146973 2.75
0.33000004291534424 -0.7260000109672546 2.630000114440918
0.5520000457763672 -1.2239999771118164 2.9539999961853027
0.3840000629425049 -1.0199999809265137 3.1519999504089355
0.4020000696182251 -1.0499999523162842 3.128000020980835
0.37800002098083496 -0.7619999647140503 2.552000045776367
0.2760000228881836 -0.6299999952316284 2.7019999027252197
0.5759999752044678 -1.2480000257492065 2.9539999961853027
0.5820000171661377 -1.253999948501587 2.9539999961853027
0.4020000696182251 -1.0440000295639038 3.187999963760376
0.22200000286102295 -0.4739999771118164 2.803999900817871
0.36000001430511475 -0.75 2.5759999752044678
0.5460000038146973 -1.2239999771118164 2.9720001220703125
0.4500000476837158 -1.121999979019165 3.0799999237060547
0.4020000696182251 -1.0379999876022339 3.2300000190734863
0.3240000009536743 -0.7199999690055847 2.630000114440918
0.3960000276565552 -1.0499999523162842 3.115999937057495
0.3960000276565552 -1.0379999876022339 3.2060000896453857
0.34800004959106445 -0.75 2.5940001010894775
0.2940000295639038 -0.671999990940094 2.6660001277923584
0.5099999904632568 -1.194000005722046 3.0139999389648438
0.20399999618530273 -0.40799999237060547 2.8519999980926514
0.2580000162124634 -0.5999999642372131 2.7200000286102295
0.36000001430511475 -0.8040000200271606 2.611999988555908
0.37800002098083496 -1.0139999389648438 3.200000047683716
0.36000001430511475 -0.7979999780654907 2.6059999465942383
0.22800004482269287 -0.5220000147819519 2.7799999713897705
0.2820000648498535 -0.6480000019073486 2.677999973297119
0.22200000286102295 -0.49800002574920654 2.7920000553131104
0.5399999618530273 -1.2239999771118164 2.9779999256134033
0.37800002098083496 -1.0199999809265137 3.1760001182556152
0.22800004482269287 -0.527999997138977 2.7799999713897705
0.4440000057220459 -1.121999979019165 3.074000120162964
0.4259999990463257 -1.0980000495910645 3.1040000915527344
0.36600005626678467 -0.7559999823570251 2.552000045776367
0.4620000123977661 -1.1460000276565552 3.049999952316284
0.437999963760376 -1.1159999370574951 3.1040000915527344
0.5039999485015869 -1.194000005722046 3.0260000228881836
0.564000129699707 -1.2480000257492065 2.947999954223633
0.25199997425079346 -0.5999999642372131 2.7260000705718994
0.30000007152557373 -0.6959999799728394 2.6540000438690186
0.34800004959106445 -0.828000009059906 2.6540000438690186
0.2640000581741333 -0.6240000128746033 2.7019999027252197
0.24000000953674316 -0.5699999928474426 2.74399995803833
0.3359999656677246 -0.75 2.6059999465942383
0.20399999618530273 -0.4440000057220459 2.828000068664551
0.4200000762939453 -1.0980000495910645 3.1040000915527344
0.25199997425079346 -0.6179999709129333 2.7260000705718994
0.5280001163482666 -1.2239999771118164 3.002000093460083
0.22200000286102295 -0.5220000147819519 2.7739999294281006
0.20399999618530273 -0.4679999351501465 2.828000068664551
0.36600005626678467 -0.7559999823570251 2.5399999618530273
0.49800002574920654 -1.194000005722046 3.0199999809265137
0.4020000696182251 -1.0740000009536743 3.128000020980835
0.4500000476837158 -1.1399999856948853 3.0799999237060547
0.3539999723434448 -0.7799999713897705 2.5820000171661377
0.3539999723434448 -0.7739999890327454 2.5759999752044678
0.30000007152557373 -0.7139999866485596 2.6540000438690186
0.23399996757507324 -0.5699999928474426 2.75
0.3840000629425049 -1.0499999523162842 3.128000020980835
0.4739999771118164 -1.1699999570846558 3.0380001068115234
0.24600005149841309 -0.5999999642372131 2.7260000705718994
0.38999998569488525 -1.0440000295639038 3.2300000190734863
0.34800004959106445 -0.8219999670982361 2.630000114440918
0.5520000457763672 -1.2480000257492065 2.9539999961853027
0.2760000228881836 -0.671999990940094 2.677999973297119
0.21599996089935303 -0.5220000147819519 2.7799999713897705
0.4500000476837158 -1.1460000276565552 3.055999994277954
0.37199997901916504 -1.0199999809265137 3.2300000190734863
0.33000004291534424 -0.7559999823570251 2.6059999465942383
0.4919999837875366 -1.194000005722046 3.0260000228881836
0.5220000743865967 -1.2239999771118164 2.996000051498413
0.3960000276565552 -1.0740000009536743 3.115999937057495
0.3240000009536743 -0.75 2.611999988555908
0.2760000228881836 -0.6779999732971191 2.677999973297119
0.38999998569488525 -1.0440000295639038 3.253999948501587
0.36600005626678467 -1.0199999809265137 3.200000047683716
0.7620000839233398 -0.1499999761581421 2.0360000133514404
0.36000001430511475 -1.0199999809265137 3.1519999504089355
0.19200003147125244 -0.40799999237060547 2.8340001106262207
0.2879999876022339 -0.6959999799728394 2.6540000438690186
0.5520000457763672 -1.253999948501587 2.9600000381469727
0.2640000581741333 -0.6480000019073486 2.684000015258789
0.5460000038146973 -1.2480000257492065 2.9539999961853027
0.20399999618530273 -0.49800002574920654 2.803999900817871
0.5039999485015869 -1.2120000123977661 3.0260000228881836
0.37800002098083496 -1.0499999523162842 3.1519999504089355
0.4259999990463257 -1.121999979019165 3.0799999237060547
0.5160000324249268 -1.2239999771118164 3.002000093460083
0.19800007343292236 -0.4739999771118164 2.815999984741211
0.4440000057220459 -1.1460000276565552 3.055999994277954
0.34800004959106445 -0.8159999847412109 2.6059999465942383
0.20399999618530273 -0.515999972820282 2.803999900817871
0.19200003147125244 -0.4440000057220459 2.828000068664551
0.24600005149841309 -0.6240000128746033 2.7139999866485596
0.18599998950958252 -0.41999995708465576 2.8519999980926514
0.37199997901916504 -1.0499999523162842 3.1040000915527344
0.5460000038146973 -1.253999948501587 2.9600000381469727
0.21599996089935303 -0.5460000038146973 2.76200008392334
0.36600005626678467 -1.0440000295639038 3.0920000076293945
0.22800004482269287 -0.5999999642372131 2.75
0.2940000295639038 -0.7199999690055847 2.6419999599456787
0.37199997901916504 -1.0499999523162842 3.1519999504089355
0.4200000762939453 -1.121999979019165 3.0920000076293945
0.25199997425079346 -0.6480000019073486 2.7019999027252197
0.36000001430511475 -1.0379999876022339 3.068000078201294
0.19800007343292236 -0.49800002574920654 2.803999900817871
0.3539999723434448 -1.0199999809265137 3.1760001182556152
0.37199997901916504 -1.0379999876022339 3.2300000190734863
0.4020000696182251 -1.0980000495910645 3.128000020980835
0.34200000762939453 -0.7680000066757202 2.564000129699707
0.34800004959106445 -0.7979999780654907 2.5759999752044678
0.25199997425079346 -0.6539999842643738 2.7019999027252197
0.34200000762939453 -0.8040000200271606 2.5940001010894775
0.2640000581741333 -0.671999990940094 2.677999973297119
0.8340001106262207 -0.1260000467300415 1.9880000352859497
0.3539999723434448 -1.0260000228881836 3.1760001182556152
0.18000006675720215 -0.437999963760376 2.8519999980926514
0.37199997901916504 -1.0499999523162842 3.200000047683716
0.21599996089935303 -0.5699999928474426 2.75600004196167
0.4739999771118164 -1.194000005722046 3.0320000648498535
0.37800002098083496 -1.0679999589920044 3.1519999504089355
0.5280001163482666 -1.2480000257492065 2.9779999256134033
0.19800007343292236 -0.5220000147819519 2.7920000553131104
0.20399999618530273 -0.5460000038146973 2.7799999713897705
0.4500000476837158 -1.1699999570846558 3.055999994277954
0.37800002098083496 -1.0740000009536743 3.128000020980835
0.30000007152557373 -0.75 2.630000114440918
0.3359999656677246 -0.7799999713897705 2.569999933242798
0.26999998092651367 -0.6959999799728394 2.6600000858306885
0.33000004291534424 -0.7739999890327454 2.5759999752044678
0.34200000762939453 -1.0199999809265137 3.1579999923706055
0.5220000743865967 -1.2480000257492065 2.9779999256134033
0.4259999990463257 -1.1460000276565552 3.0799999237060547
0.22800004482269287 -0.6240000128746033 2.7260000705718994
0.18000006675720215 -0.4739999771118164 2.828000068664551
0.30000007152557373 -0.7619999647140503 2.630000114440918
0.24000000953674316 -0.6480000019073486 2.7019999027252197
0.2760000228881836 -0.7199999690055847 2.6540000438690186
0.21599996089935303 -0.5999999642372131 2.74399995803833
0.48000001907348633 -1.2120000123977661 3.0260000228881836
0.18000006675720215 -0.4919999837875366 2.828000068664551
0.22800004482269287 -0.6359999775886536 2.7260000705718994
0.34200000762939453 -1.0199999809265137 3.200000047683716
0.36000001430511475 -1.055999994277954 3.1519999504089355
0.19800007343292236 -0.5460000038146973 2.7739999294281006
0.36600005626678467 -1.062000036239624 3.1760001182556152
0.3539999723434448 -1.0499999523162842 3.128000020980835
0.4259999990463257 -1.1519999504089355 3.0799999237060547
0.37800002098083496 -1.0740000009536743 3.2120001316070557
0.5280001163482666 -1.2599999904632568 2.9779999256134033
0.36000001430511475 -1.062000036239624 3.1100001335144043
0.4200000762939453 -1.1460000276565552 3.068000078201294
0.4020000696182251 -1.121999979019165 3.1040000915527344
0.1679999828338623 -0.41999995708465576 2.8459999561309814
0.4140000343322754 -1.1399999856948853 3.1040000915527344
0.5099999904632568 -1.2480000257492065 3.002000093460083
0.5280001163482666 -1.2660000324249268 3.002000093460083
0.17400002479553223 -0.4739999771118164 2.828000068664551
0.2760000228881836 -0.7379999756813049 2.6540000438690186
0.36600005626678467 -1.0740000009536743 3.128000020980835
0.26999998092651367 -0.7199999690055847 2.6540000438690186
0.19200003147125244 -0.5460000038146973 2.7799999713897705
0.8280000686645508 -0.12000000476837158 1.9760000705718994
0.2879999876022339 -0.75 2.630000114440918
0.48600006103515625 -1.2239999771118164 2.990000009536743
0.1679999828338623 -0.4440000057220459 2.8399999141693115
0.5160000324249268 -1.253999948501587 2.9720001220703125
0.156000018119812 -0.40199995040893555 2.9000000953674316
0.8399999141693115 -0.21000003814697266 1.9520000219345093
0.3179999589920044 -0.7739999890327454 2.5759999752044678
0.25199997425079346 -0.6959999799728394 2.677999973297119
0.19800007343292236 -0.5699999928474426 2.76200008392334
0.156000018119812 -0.40199995040893555 2.888000011444092
0.1499999761581421 -0.40199995040893555 2.936000108718872
0.37800002098083496 -1.0980000495910645 3.121999979019165
0.4320000410079956 -1.1699999570846558 3.049999952316284
0.37800002098083496 -1.0980000495910645 3.128000020980835
0.25199997425079346 -0.7020000219345093 2.677999973297119
0.16200006008148193 -0.41999995708465576 2.8519999980926514
0.18000006675720215 -0.5220000147819519 2.803999900817871
0.33000004291534424 -1.0199999809265137 3.1760001182556152
0.17400002479553223 -0.49800002574920654 2.815999984741211
0.48000001907348633 -1.2239999771118164 3.002000093460083
0.8220000267028809 -0.11399996280670166 1.9760000705718994
0.21599996089935303 -0.6240000128746033 2.7260000705718994
0.1499999761581421 -0.4140000343322754 2.9240000247955322
0.5160000324249268 -1.2599999904632568 2.9779999256134033
0.20399999618530273 -0.5999999642372131 2.75
0.18000006675720215 -0.5339999794960022 2.803999900817871
0.7680001258850098 -0.20399999618530273 1.9880000352859497
0.8340001106262207 -0.16199994087219238 1.9580000638961792
0.30000007152557373 -0.7739999890327454 2.6059999465942383
0.40799999237060547 -1.1460000276565552 3.0799999237060547
0.38999998569488525 -1.121999979019165 3.1040000915527344
0.34800004959106445 -1.055999994277954 3.1760001182556152
0.4259999990463257 -1.1699999570846558 3.055999994277954
0.3359999656677246 -1.0440000295639038 3.121999979019165
0.37199997901916504 -1.0980000495910645 3.121999979019165
0.3359999656677246 -1.0379999876022339 3.1760001182556152
0.48600006103515625 -1.2360000610351562 3.002000093460083
0.37199997901916504 -1.0980000495910645 3.128000020980835
0.20399999618530273 -0.6179999709129333 2.75
0.8340001106262207 -0.1799999475479126 1.9520000219345093
0.156000018119812 -0.3960000276565552 2.8519999980926514
0.3059999942779541 -0.8219999670982361 2.630000114440918
0.23399996757507324 -0.671999990940094 2.690000057220459
0.33000004291534424 -1.0260000228881836 3.200000047683716
0.3359999656677246 -0.7919999957084656 2.5339999198913574
0.36000001430511475 -1.0740000009536743 3.200000047683716
0.30000007152557373 -0.8339999914169312 2.6540000438690186
0.156000018119812 -0.4440000057220459 2.8519999980926514
0.19800007343292236 -0.5999999642372131 2.75
0.22800004482269287 -0.671999990940094 2.7019999027252197
0.2940000295639038 -0.7739999890327454 2.6059999465942383
0.156000018119812 -0.4559999704360962 2.8519999980926514
0.7680001258850098 -0.13199996948242188 1.99399995803833
0.156000018119812 -0.38999998569488525 2.8340001106262207
0.30000007152557373 -0.7919999957084656 2.6059999465942383
0.5160000324249268 -1.2719999551773071 3.002000093460083
0.34200000762939453 -1.0379999876022339 3.253999948501587
0.22800004482269287 -0.6779999732971191 2.7019999027252197
0.4200000762939453 -1.1699999570846558 3.055999994277954
0.36000001430511475 -1.0859999656677246 3.1519999504089355
0.4739999771118164 -1.2300000190734863 3.002000093460083
0.24000000953674316 -0.6959999799728394 2.677999973297119
0.14400005340576172 -0.3960000276565552 2.9000000953674316
0.1679999828338623 -0.5220000147819519 2.809999942779541
0.37800002098083496 -1.1159999370574951 3.128000020980835
0.30000007152557373 -0.828000009059906 2.635999917984009
0.1499999761581421 -0.41999995708465576 2.8580000400543213
0.17400002479553223 -0.5460000038146973 2.7920000553131104
0.18000006675720215 -0.5699999928474426 2.7799999713897705
0.7439999580383301 -0.1499999761581421 2.0
0.33000004291534424 -1.0320000648498535 3.2300000190734863
0.8280000686645508 -0.1499999761581421 1.9520000219345093
0.8399999141693115 -0.28199994564056396 1.9279999732971191
0.3960000276565552 -1.1460000276565552 3.0859999656677246
0.33000004291534424 -1.0499999523162842 3.140000104904175
0.1499999761581421 -0.37800002098083496 2.8340001106262207
0.4500000476837158 -1.2120000123977661 3.0260000228881836
0.49800002574920654 -1.2599999904632568 2.9779999256134033
0.33000004291534424 -1.0499999523162842 3.1519999504089355
0.2640000581741333 -0.75 2.6419999599456787
0.48600006103515625 -1.2480000257492065 2.9779999256134033
0.22200000286102295 -0.671999990940094 2.696000099182129
0.30000007152557373 -0.8100000023841858 2.6059999465942383
0.30000007152557373 -0.8040000200271606 2.5999999046325684
0.4739999771118164 -1.2360000610351562 2.9779999256134033
0.21000003814697266 -0.6480000019073486 2.7139999866485596
0.2760000228881836 -0.7739999890327454 2.630000114440918
0.8399999141693115 -0.25199997425079346 1.9279999732971191
0.4320000410079956 -1.194000005722046 3.0439999103546143
0.8399999141693115 -0.24599993228912354 1.9279999732971191
0.30000007152557373 -0.7799999713897705 2.5759999752044678
0.156000018119812 -0.49800002574920654 2.828000068664551
0.34800004959106445 -1.0740000009536743 3.200000047683716
0.14400005340576172 -0.38399994373321533 2.8519999980926514
0.3059999942779541 -1.0139999389648438 3.1640000343322754
0.2760000228881836 -0.7799999713897705 2.630000114440918
0.156000018119812 -0.5099999904632568 2.828000068664551
0.20399999618530273 -0.6480000019073486 2.7260000705718994
0.30000007152557373 -1.0080000162124634 3.1459999084472656
0.37199997901916504 -1.121999979019165 3.1100001335144043
0.312000036239624 -1.0199999809265137 3.2120001316070557
0.8280000686645508 -0.17400002479553223 1.940000057220459
0.8220000267028809 -0.1260000467300415 1.9520000219345093
0.4259999990463257 -1.194000005722046 3.055999994277954
0.7560000419616699 -0.19200003147125244 1.9760000705718994
0.4559999704360962 -1.2239999771118164 2.9779999256134033
0.48000001907348633 -1.2480000257492065 2.9600000381469727
0.20399999618530273 -0.6599999666213989 2.7260000705718994
0.4559999704360962 -1.2239999771118164 2.9720001220703125
0.26999998092651367 -0.7739999890327454 2.630000114440918
0.14400005340576172 -0.37199997901916504 2.828000068664551
0.8340001106262207 -0.22200000286102295 1.9279999732971191
0.25199997425079346 -0.75 2.6540000438690186
0.1499999761581421 -0.49800002574920654 2.828000068664551
0.3359999656677246 -1.0740000009536743 3.1519999504089355
0.1380000114440918 -0.37199997901916504 2.8519999980926514
0.4020000696182251 -1.1699999570846558 3.0799999237060547
0.4500000476837158 -1.2239999771118164 3.002000093460083
0.14400005340576172 -0.4739999771118164 2.8399999141693115
0.8159999847412109 -0.12000000476837158 1.9520000219345093
0.4259999990463257 -1.2000000476837158 3.055999994277954
0.21000003814697266 -0.671999990940094 2.7019999027252197
0.22200000286102295 -0.6959999799728394 2.684000015258789
0.48000001907348633 -1.253999948501587 2.9600000381469727
0.4200000762939453 -1.194000005722046 3.049999952316284
0.13199996948242188 -0.37199997901916504 2.875999927520752
0.2820000648498535 -0.8399999737739563 2.6540000438690186
0.34800004959106445 -1.0980000495910645 3.134000062942505
0.1380000114440918 -0.4440000057220459 2.8519999980926514
0.1679999828338623 -0.5699999928474426 2.7739999294281006
0.23399996757507324 -0.7199999690055847 2.6660001277923584
0.2879999876022339 -0.8040000200271606 2.5999999046325684
0.33000004291534424 -1.0740000009536743 3.128000020980835
0.809999942779541 -0.2879999876022339 1.9279999732971191
0.2820000648498535 -0.8219999670982361 2.630000114440918
0.3179999589920044 -1.0499999523162842 3.1760001182556152
0.2820000648498535 -0.7979999780654907 2.6059999465942383
0.30000007152557373 -1.0199999809265137 3.181999921798706
0.156000018119812 -0.5460000038146973 2.803999900817871
0.8280000686645508 -0.1979999542236328 1.9279999732971191
0.24600005149841309 -0.75 2.6540000438690186
0.25199997425079346 -0.7680000066757202 2.6540000438690186
0.1499999761581421 -0.5220000147819519 2.815999984741211
0.22800004482269287 -0.7199999690055847 2.677999973297119
0.1260000467300415 -0.37199997901916504 2.9000000953674316
0.37800002098083496 -1.1460000276565552 3.1040000915527344
0.7439999580383301 -0.1799999475479126 1.9760000705718994
0.4440000057220459 -1.2239999771118164 2.990000009536743
0.156000018119812 -0.5579999685287476 2.803999900817871
0.2820000648498535 -0.828000009059906 2.630000114440918
0.4739999771118164 -1.253999948501587 2.9600000381469727
0.19200003147125244 -0.6480000019073486 2.7260000705718994
0.18000006675720215 -0.6240000128746033 2.75
0.1260000467300415 -0.34800004959106445 2.888000011444092
0.312000036239624 -1.0499999523162842 3.1459999084472656
0.12000000476837158 -0.36000001430511475 2.930000066757202
0.22800004482269287 -0.7319999933242798 2.677999973297119
0.2820000648498535 -0.8100000023841858 2.6059999465942383
0.18000006675720215 -0.6240000128746033 2.74399995803833
0.1260000467300415 -0.3960000276565552 2.875999927520752
0.18000006675720215 -0.6359999775886536 2.75
0.4020000696182251 -1.1820000410079956 3.121999979019165
0.7980000972747803 -0.2879999876022339 1.9279999732971191
0.1260000467300415 -0.41999995708465576 2.875999927520752
0.437999963760376 -1.2239999771118164 3.002000093460083
0.2879999876022339 -1.0139999389648438 3.1640000343322754
0.1499999761581421 -0.5460000038146973 2.803999900817871
0.38999998569488525 -1.1699999570846558 3.074000120162964
0.37199997901916504 -1.1460000276565552 3.1040000915527344
0.38999998569488525 -1.1699999570846558 3.0799999237060547
0.1260000467300415 -0.437999963760376 2.875999927520752
0.1679999828338623 -0.5999999642372131 2.76200008392334
0.3539999723434448 -1.121999979019165 3.128000020980835
0.40799999237060547 -1.194000005722046 3.055999994277954
0.4620000123977661 -1.2480000257492065 2.9539999961853027
0.8280000686645508 -0.22200000286102295 1.9160000085830688
0.156000018119812 -0.5699999928474426 2.7799999713897705
0.20399999618530273 -0.6959999799728394 2.7019999027252197
0.4559999704360962 -1.2419999837875366 2.936000108718872
0.7379999160766602 -0.1799999475479126 1.9700000286102295
0.8039999008178711 -0.21000003814697266 1.9279999732971191
0.12000000476837158 -0.3960000276565552 2.881999969482422
0.2879999876022339 -1.0199999809265137 3.1760001182556152
0.2760000228881836 -0.7860000133514404 2.5820000171661377
0.20399999618530273 -0.7020000219345093 2.7019999027252197
0.8280000686645508 -0.24599993228912354 1.909999966621399
0.12000000476837158 -0.4140000343322754 2.875999927520752
0.8039999008178711 -0.1979999542236328 1.9279999732971191
0.19200003147125244 -0.671999990940094 2.7139999866485596
0.75 -0.1979999542236328 1.9580000638961792
0.21599996089935303 -0.7199999690055847 2.677999973297119
0.4020000696182251 -1.194000005722046 3.0799999237060547
0.11399996280670166 -0.34800004959106445 2.9060001373291016
0.7980000972747803 -0.21000003814697266 1.9279999732971191
0.1260000467300415 -0.4739999771118164 2.8519999980926514
0.11399996280670166 -0.37199997901916504 2.9000000953674316
0.26999998092651367 -0.7860000133514404 2.5880000591278076
0.8039999008178711 -0.12000000476837158 1.940000057220459
0.30000007152557373 -1.0499999523162842 3.1519999504089355
0.7260000705718994 -0.16199994087219238 1.9760000705718994
0.1260000467300415 -0.4859999418258667 2.8519999980926514
0.11399996280670166 -0.37199997901916504 2.8940000534057617
0.4259999990463257 -1.2239999771118164 3.0260000228881836
0.7379999160766602 -0.22800004482269287 1.9580000638961792
0.8280000686645508 -0.2760000228881836 1.9040000438690186
0.156000018119812 -0.5999999642372131 2.7799999713897705
0.7799999713897705 -0.12000000476837158 1.9520000219345093
0.1679999828338623 -0.6240000128746033 2.75
0.8280000686645508 -0.26999998092651367 1.9040000438690186
0.30000007152557373 -1.0440000295639038 3.200000047683716
0.12000000476837158 -0.4440000057220459 2.864000082015991
0.33000004291534424 -1.0980000495910645 3.1519999504089355
0.8039999008178711 -0.17400002479553223 1.9279999732971191
0.75 -0.21000003814697266 1.9520000219345093
0.7260000705718994 -0.1499999761581421 1.9760000705718994
0.7980000972747803 -0.12000000476837158 1.940000057220459
0.37800002098083496 -1.1699999570846558 3.1040000915527344
0.25199997425079346 -0.7919999957084656 2.630000114440918
0.8039999008178711 -0.1979999542236328 1.9220000505447388
0.4440000057220459 -1.2419999837875366 2.941999912261963
0.8039999008178711 -0.1499999761581421 1.9279999732971191
0.12000000476837158 -0.4739999771118164 2.8519999980926514
0.4259999990463257 -1.2300000190734863 3.002000093460083
0.8039999008178711 -0.22200000286102295 1.9160000085830688
0.4200000762939453 -1.2239999771118164 3.008000135421753
0.7200000286102295 -0.1799999475479126 1.9700000286102295
0.2940000295639038 -1.0499999523162842 3.1579999923706055
0.14400005340576172 -0.5699999928474426 2.7860000133514404
0.18000006675720215 -0.671999990940094 2.7260000705718994
0.7379999160766602 -0.22200000286102295 1.9520000219345093
0.8039999008178711 -0.17400002479553223 1.9220000505447388
0.7680001258850098 -0.12000000476837158 1.9520000219345093
0.23399996757507324 -0.7739999890327454 2.6480000019073486
0.19200003147125244 -0.6959999799728394 2.7019999027252197
0.37199997901916504 -1.1699999570846558 3.0920000076293945
0.7139999866485596 -0.156000018119812 1.9760000705718994
0.30000007152557373 -1.0499999523162842 3.2300000190734863
0.38999998569488525 -1.194000005722046 3.068000078201294
0.3059999942779541 -1.0740000009536743 3.1519999504089355
0.3539999723434448 -1.1460000276565552 3.128000020980835
0.10199999809265137 -0.34200000762939453 2.930000066757202
0.1260000467300415 -0.5220000147819519 2.828000068664551
0.7139999866485596 -0.1499999761581421 1.9760000705718994
0.8039999008178711 -0.24599993228912354 1.909999966621399
0.10199999809265137 -0.3240000009536743 2.930000066757202
0.1679999828338623 -0.6480000019073486 2.73799991607666
0.7799999713897705 -0.1979999542236328 1.9279999732971191
0.10199999809265137 -0.3240000009536743 2.9240000247955322
0.12000000476837158 -0.49800002574920654 2.8399999141693115
0.3359999656677246 -1.121999979019165 3.1519999504089355
0.18000006675720215 -0.6899999976158142 2.7260000705718994
0.22800004482269287 -0.7739999890327454 2.6540000438690186
0.1260000467300415 -0.5399999618530273 2.828000068664551
0.8039999008178711 -0.28199994564056396 1.9040000438690186
0.7680001258850098 -0.12000000476837158 1.9459999799728394
0.3539999723434448 -1.1519999504089355 3.128000020980835
0.8039999008178711 -0.26999998092651367 1.9040000438690186
0.2580000162124634 -0.8040000200271606 2.5999999046325684
0.10199999809265137 -0.3960000276565552 2.9000000953674316
0.75 -0.1380000114440918 1.9520000219345093
0.10199999809265137 -0.40799999237060547 2.9000000953674316
0.30000007152557373 -1.0740000009536743 3.140000104904175
0.7799999713897705 -0.17400002479553223 1.9279999732971191
0.2940000295639038 -1.0499999523162842 3.2300000190734863
0.26999998092651367 -1.0199999809265137 3.181999921798706
0.25199997425079346 -0.8219999670982361 2.630000114440918
0.25199997425079346 -0.7979999780654907 2.6059999465942383
0.7139999866485596 -0.22800004482269287 1.9580000638961792
0.14400005340576172 -0.5999999642372131 2.7739999294281006
0.6840000152587891 -0.156000018119812 1.9880000352859497
0.25199997425079346 -0.8460000157356262 2.6540000438690186
0.33000004291534424 -1.121999979019165 3.134000062942505
0.4020000696182251 -1.2179999351501465 3.055999994277954
0.22800004482269287 -0.7860000133514404 2.6540000438690186
0.7799999713897705 -0.1979999542236328 1.9220000505447388
0.30000007152557373 -1.0740000009536743 3.1760001182556152
0.7860000133514404 -0.17400002479553223 1.9220000505447388
0.75 -0.2940000295639038 1.9279999732971191
0.22200000286102295 -0.7739999890327454 2.6540000438690186
0.09599995613098145 -0.34800004959106445 2.9119999408721924
0.7799999713897705 -0.1499999761581421 1.9279999732971191
0.24600005149841309 -0.8399999737739563 2.6540000438690186
0.19200003147125244 -0.7199999690055847 2.690000057220459
0.7799999713897705 -0.22200000286102295 1.9160000085830688
0.25199997425079346 -0.8100000023841858 2.6059999465942383
0.25199997425079346 -0.8339999914169312 2.630000114440918
0.10199999809265137 -0.4440000057220459 2.875999927520752
0.156000018119812 -0.6480000019073486 2.75
0.1679999828338623 -0.671999990940094 2.7260000705718994
0.37800002098083496 -1.194000005722046 3.0799999237060547
0.30000007152557373 -1.0740000009536743 3.2060000896453857
0.34200000762939453 -1.1460000276565552 3.121999979019165
0.20399999618530273 -0.75 2.677999973297119
0.30000007152557373 -1.0799999237060547 3.1760001182556152
0.2940000295639038 -1.0740000009536743 3.1519999504089355
0.1380000114440918 -0.5999999642372131 2.7799999713897705
0.10199999809265137 -0.4620000123977661 2.875999927520752
0.4020000696182251 -1.2239999771118164 3.0260000228881836
0.4259999990463257 -1.2480000257492065 2.9779999256134033
0.11399996280670166 -0.5220000147819519 2.8340001106262207
0.25199997425079346 -0.8339999914169312 2.624000072479248
0.12000000476837158 -0.5460000038146973 2.815999984741211
0.1260000467300415 -0.5699999928474426 2.803999900817871
0.7799999713897705 -0.24599993228912354 1.909999966621399
0.2940000295639038 -1.0740000009536743 3.1760001182556152
0.30000007152557373 -1.0740000009536743 3.2300000190734863
0.7320001125335693 -0.14399993419647217 1.9520000219345093
0.4259999990463257 -1.2480000257492065 2.9539999961853027
0.14400005340576172 -0.6240000128746033 2.76200008392334
0.7379999160766602 -0.2940000295639038 1.9279999732971191
0.156000018119812 -0.6660000085830688 2.75
0.20399999618530273 -0.75 2.6660001277923584
0.1260000467300415 -0.5820000171661377 2.803999900817871
0.75 -0.21599996089935303 1.9279999732971191
0.3539999723434448 -1.1699999570846558 3.1040000915527344
0.37199997901916504 -1.194000005722046 3.074000120162964
0.7799999713897705 -0.28199994564056396 1.9040000438690186
0.24600005149841309 -0.8100000023841858 2.6059999465942383
0.09599995613098145 -0.4440000057220459 2.881999969482422
0.2760000228881836 -1.0499999523162842 3.1760001182556152
0.4020000696182251 -1.2300000190734863 3.0260000228881836
0.09000003337860107 -0.3659999370574951 2.9060001373291016
0.3960000276565552 -1.2239999771118164 3.0380001068115234
0.7799999713897705 -0.26999998092651367 1.9040000438690186
0.7620000839233398 -0.1979999542236328 1.9220000505447388
0.3240000009536743 -1.128000020980835 3.1519999504089355
0.30000007152557373 -1.0859999656677246 3.200000047683716
0.7680001258850098 -0.17400002479553223 1.9220000505447388
0.2940000295639038 -1.0799999237060547 3.181999921798706
0.24000000953674316 -0.7979999780654907 2.6059999465942383
0.75 -0.1979999542236328 1.9279999732971191
0.09000003337860107 -0.3960000276565552 2.9000000953674316
0.4200000762939453 -1.2480000257492065 2.9660000801086426
0.4259999990463257 -1.253999948501587 2.9600000381469727
0.24600005149841309 -0.8100000023841858 2.5999999046325684
0.18000006675720215 -0.7199999690055847 2.7019999027252197
0.2760000228881836 -1.0499999523162842 3.200000047683716
0.19800007343292236 -0.75 2.671999931335449
0.10199999809265137 -0.49800002574920654 2.8519999980926514
0.09000003337860107 -0.41999995708465576 2.8940000534057617
0.30000007152557373 -1.0980000495910645 3.140000104904175
0.75 -0.1499999761581421 1.934000015258789
0.24000000953674316 -0.7979999780654907 2.5999999046325684
0.22800004482269287 -0.7979999780654907 2.630000114440918
0.30000007152557373 -1.0980000495910645 3.1519999504089355
0.1679999828338623 -0.6959999799728394 2.7139999866485596
0.34800004959106445 -1.1699999570846558 3.0980000495910645
0.10199999809265137 -0.5099999904632568 2.8519999980926514
0.24600005149841309 -0.8399999737739563 2.624000072479248
0.34800004959106445 -1.1699999570846558 3.1040000915527344
0.75 -0.17400002479553223 1.9279999732971191
0.33000004291534424 -1.1460000276565552 3.128000020980835
0.6960000991821289 -0.22800004482269287 1.9520000219345093
0.630000114440918 -0.1679999828338623 2.00600004196167
0.4140000343322754 -1.2480000257492065 2.9779999256134033
0.14400005340576172 -0.6480000019073486 2.75
0.4200000762939453 -1.253999948501587 2.9600000381469727
0.19200003147125244 -0.75 2.677999973297119
0.23399996757507324 -0.8219999670982361 2.630000114440918
0.22800004482269287 -0.8640000224113464 2.696000099182129
0.3539999723434448 -1.1820000410079956 3.1040000915527344
0.18000006675720215 -0.7379999756813049 2.7019999027252197
0.2879999876022339 -1.0859999656677246 3.1519999504089355
0.24000000953674316 -0.8399999737739563 2.630000114440918
0.2820000648498535 -1.0799999237060547 3.121999979019165
0.17400002479553223 -0.7199999690055847 2.7019999027252197
0.07800006866455078 -0.3179999589920044 2.9539999961853027
0.09599995613098145 -0.49800002574920654 2.8519999980926514
0.11399996280670166 -0.5699999928474426 2.803999900817871
0.75 -0.22200000286102295 1.9160000085830688
0.2760000228881836 -1.0740000009536743 3.115999937057495
0.2760000228881836 -1.0740000009536743 3.128000020980835
0.07800006866455078 -0.36000001430511475 2.930000066757202
0.2820000648498535 -1.0740000009536743 3.200000047683716
0.07800006866455078 -0.34800004959106445 2.930000066757202
0.7379999160766602 -0.1799999475479126 1.9279999732971191
0.07800006866455078 -0.3240000009536743 2.930000066757202
0.30000007152557373 -1.1100000143051147 3.1519999504089355
0.12000000476837158 -0.5999999642372131 2.7920000553131104
0.7260000705718994 -0.22200000286102295 1.9279999732971191
0.07800006866455078 -0.3240000009536743 2.9240000247955322
0.26999998092651367 -1.0679999589920044 3.128000020980835
0.1260000467300415 -0.6240000128746033 2.7799999713897705
0.75 -0.24599993228912354 1.909999966621399
0.156000018119812 -0.6959999799728394 2.7260000705718994
0.7320001125335693 -0.1499999761581421 1.934000015258789
0.7019999027252197 -0.1499999761581421 1.9520000219345093
0.10199999809265137 -0.5460000038146973 2.828000068664551
0.1260000467300415 -0.6299999952316284 2.7799999713897705
0.4020000696182251 -1.2480000257492065 3.002000093460083
0.156000018119812 -0.7020000219345093 2.7260000705718994
0.3539999723434448 -1.194000005722046 3.0799999237060547
0.37800002098083496 -1.2239999771118164 3.055999994277954
0.37800002098083496 -1.2239999771118164 3.0799999237060547
0.07800006866455078 -0.41999995708465576 2.9000000953674316
0.75 -0.28199994564056396 1.9040000438690186
0.10199999809265137 -0.5579999685287476 2.828000068664551
0.2879999876022339 -1.0799999237060547 3.253999948501587
0.14400005340576172 -0.671999990940094 2.73799991607666
0.26999998092651367 -1.055999994277954 3.2360000610351562
0.75 -0.26999998092651367 1.9040000438690186
0.07800006866455078 -0.4440000057220459 2.9000000953674316
0.07200002670288086 -0.3240000009536743 2.936000108718872
0.07200002670288086 -0.34800004959106445 2.930000066757202
0.2760000228881836 -1.0859999656677246 3.128000020980835
0.30000007152557373 -1.121999979019165 3.134000062942505
0.07200002670288086 -0.34200000762939453 2.9240000247955322
0.7260000705718994 -0.17400002479553223 1.9279999732971191
0.7019999027252197 -0.2999999523162842 1.9279999732971191
0.3840000629425049 -1.2360000610351562 3.0799999237060547
0.20399999618530273 -0.7979999780654907 2.6540000438690186
0.3960000276565552 -1.2480000257492065 3.002000093460083
0.21000003814697266 -0.7979999780654907 2.635999917984009
0.22200000286102295 -0.8460000157356262 2.6540000438690186
0.3960000276565552 -1.2480000257492065 2.996000051498413
0.2760000228881836 -1.0679999589920044 3.253999948501587
0.2760000228881836 -1.0740000009536743 3.2300000190734863
0.09599995613098145 -0.5460000038146973 2.828000068664551
0.34800004959106445 -1.194000005722046 3.0859999656677246
0.12000000476837158 -0.6240000128746033 2.7739999294281006
0.7079999446868896 -0.1499999761581421 1.940000057220459
0.33000004291534424 -1.1699999570846558 3.128000020980835
0.6779999732971191 -0.18599998950958252 1.9520000219345093
0.26999998092651367 -1.062000036239624 3.253999948501587
0.6779999732971191 -0.22800004482269287 1.9459999799728394
0.6960000991821289 -0.2999999523162842 1.9279999732971191
0.07200002670288086 -0.41999995708465576 2.9000000953674316
0.2580000162124634 -1.0679999589920044 3.0859999656677246
0.25199997425079346 -1.0499999523162842 3.1760001182556152
0.07800006866455078 -0.4739999771118164 2.875999927520752
0.7260000705718994 -0.22200000286102295 1.9160000085830688
0.06599998474121094 -0.2999999523162842 2.9539999961853027
0.2760000228881836 -1.0799999237060547 3.2300000190734863
0.6660001277923584 -0.18599998950958252 1.9580000638961792
0.07800006866455078 -0.4739999771118164 2.870000123977661
0.37800002098083496 -1.2360000610351562 3.055999994277954
0.2760000228881836 -1.0859999656677246 3.2060000896453857
0.6840000152587891 -0.1499999761581421 1.9520000219345093
0.07800006866455078 -0.4919999837875366 2.875999927520752
0.06599998474121094 -0.37199997901916504 2.9240000247955322
0.4020000696182251 -1.2599999904632568 2.9779999256134033
0.37800002098083496 -1.2360000610351562 3.0260000228881836
0.18000006675720215 -0.7680000066757202 2.677999973297119
0.25199997425079346 -1.0499999523162842 3.200000047683716
0.7019999027252197 -0.22200000286102295 1.9279999732971191
0.7019999027252197 -0.1799999475479126 1.934000015258789
0.14400005340576172 -0.6959999799728394 2.7260000705718994
0.20399999618530273 -0.8159999847412109 2.6540000438690186
0.6419999599456787 -0.16199994087219238 1.9760000705718994
0.7260000705718994 -0.24599993228912354 1.909999966621399
0.3240000009536743 -1.1699999570846558 3.115999937057495
0.09599995613098145 -0.5699999928474426 2.815999984741211
0.21000003814697266 -0.8640000224113464 2.690000057220459
0.19800007343292236 -0.7979999780654907 2.6480000019073486
0.1679999828338623 -0.75 2.690000057220459
0.4020000696182251 -1.2660000324249268 3.002000093460083
0.08399999141693115 -0.5220000147819519 2.8399999141693115
0.10199999809265137 -0.5999999642372131 2.803999900817871
0.7260000705718994 -0.2879999876022339 1.9040000438690186
0.6960000991821289 -0.22200000286102295 1.9279999732971191
0.12000000476837158 -0.6480000019073486 2.76200008392334
0.7260000705718994 -0.26999998092651367 1.9040000438690186
0.36600005626678467 -1.2300000190734863 3.0799999237060547
0.06599998474121094 -0.4440000057220459 2.9000000953674316
0.6540000438690186 -0.23399996757507324 1.9520000219345093
0.21000003814697266 -0.8219999670982361 2.630000114440918
0.18000006675720215 -0.7739999890327454 2.6660001277923584
0.2580000162124634 -1.0740000009536743 3.1760001182556152
0.624000072479248 -0.1679999828338623 1.9819999933242798
0.6719999313354492 -0.1499999761581421 1.9520000219345093
0.1260000467300415 -0.671999990940094 2.75
0.21000003814697266 -0.8519999980926514 2.6600000858306885
0.10199999809265137 -0.6179999709129333 2.803999900817871
0.10800004005432129 -0.6240000128746033 2.7799999713897705
0.07800006866455078 -0.5220000147819519 2.8519999980926514
0.060000061988830566 -0.28199994564056396 2.941999912261963
0.7019999027252197 -0.17400002479553223 1.9279999732971191
0.2820000648498535 -1.1159999370574951 3.1579999923706055
0.30000007152557373 -1.1460000276565552 3.128000020980835
0.07800006866455078 -0.527999997138977 2.8519999980926514
0.060000061988830566 -0.3960000276565552 2.9119999408721924
0.07200002670288086 -0.49800002574920654 2.864000082015991
0.2820000648498535 -1.121999979019165 3.134000062942505
0.25199997425079346 -1.0740000009536743 3.1519999504089355
0.054000020027160645 -0.34800004959106445 2.9539999961853027
0.054000020027160645 -0.3240000009536743 2.9539999961853027
0.3539999723434448 -1.2239999771118164 3.062000036239624
0.06599998474121094 -0.4739999771118164 2.875999927520752
0.3539999723434448 -1.2239999771118164 3.0799999237060547
0.156000018119812 -0.75 2.7019999027252197
0.1260000467300415 -0.6899999976158142 2.75
0.20399999618530273 -0.828000009059906 2.635999917984009
0.33000004291534424 -1.194000005722046 3.1040000915527344
0.7019999027252197 -0.22200000286102295 1.9160000085830688
0.17400002479553223 -0.7739999890327454 2.6660001277923584
0.18599998950958252 -0.7979999780654907 2.6540000438690186
0.054000020027160645 -0.37199997901916504 2.930000066757202
0.054000020027160645 -0.38999998569488525 2.930000066757202
0.38999998569488525 -1.2660000324249268 3.002000093460083
0.156000018119812 -0.7559999823570251 2.7019999027252197
0.38999998569488525 -1.2660000324249268 2.990000009536743
0.25199997425079346 -1.0740000009536743 3.200000047683716
0.37199997901916504 -1.2480000257492065 3.0139999389648438
0.630000114440918 -0.24000000953674316 1.9580000638961792
0.25199997425079346 -1.0859999656677246 3.115999937057495
0.2640000581741333 -1.1039999723434448 3.128000020980835
0.7019999027252197 -0.24599993228912354 1.909999966621399
0.19200003147125244 -0.8219999670982361 2.6540000438690186
0.6960000991821289 -0.22200000286102295 1.9160000085830688
0.2580000162124634 -1.0859999656677246 3.200000047683716
0.20399999618530273 -0.8100000023841858 2.6059999465942383
0.34800004959106445 -1.2239999771118164 3.068000078201294
0.2580000162124634 -1.0980000495910645 3.128000020980835
0.7019999027252197 -0.2940000295639038 1.9040000438690186
0.3240000009536743 -1.194000005722046 3.0980000495910645
0.1380000114440918 -0.7199999690055847 2.7139999866485596
0.04799997806549072 -0.3240000009536743 2.9539999961853027
0.1499999761581421 -0.75 2.7019999027252197
0.04799997806549072 -0.2999999523162842 2.9539999961853027
0.624000072479248 -0.24000000953674316 1.9580000638961792
0.7019999027252197 -0.26999998092651367 1.9040000438690186
0.07800006866455078 -0.5699999928474426 2.828000068664551
0.04799997806549072 -0.2999999523162842 2.947999954223633
0.10199999809265137 -0.6480000019073486 2.7799999713897705
0.11399996280670166 -0.671999990940094 2.75
0.6779999732971191 -0.1499999761581421 1.934000015258789
0.2760000228881836 -1.128000020980835 3.1519999504089355
0.04799997806549072 -0.26999998092651367 2.9539999961853027
0.10199999809265137 -0.6539999842643738 2.7799999713897705
0.16200006008148193 -0.7739999890327454 2.677999973297119
0.054000020027160645 -0.4679999351501465 2.9000000953674316
0.22800004482269287 -1.0499999523162842 3.1700000762939453
0.6779999732971191 -0.1799999475479126 1.9279999732971191
0.38999998569488525 -1.277999997138977 3.0260000228881836
0.22800004482269287 -1.0499999523162842 3.1760001182556152
0.6779999732971191 -0.17400002479553223 1.9279999732971191
0.04200005531311035 -0.2999999523162842 3.002000093460083
0.06599998474121094 -0.5220000147819519 2.8459999561309814
0.07800006866455078 -0.5879999995231628 2.828000068664551
0.6540000438690186 -0.3059999942779541 1.9279999732971191
0.6359999179840088 -0.23399996757507324 1.9459999799728394
0.08399999141693115 -0.5999999642372131 2.803999900817871
0.25199997425079346 -1.0799999237060547 3.242000102996826
0.22800004482269287 -1.0499999523162842 3.200000047683716
0.6719999313354492 -0.1499999761581421 1.934000015258789
0.30000007152557373 -1.1699999570846558 3.128000020980835
0.09000003337860107 -0.6240000128746033 2.7920000553131104
0.25199997425079346 -1.0980000495910645 3.1519999504089355
0.3539999723434448 -1.2419999837875366 3.055999994277954
0.24000000953674316 -1.0679999589920044 3.2300000190734863
0.19200003147125244 -0.828000009059906 2.630000114440918
0.25199997425079346 -1.0980000495910645 3.1760001182556152
0.06599998474121094 -0.5460000038146973 2.8399999141693115
0.630000114440918 -0.19200003147125244 1.9520000219345093
0.1260000467300415 -0.7199999690055847 2.7260000705718994
0.19800007343292236 -0.8219999670982361 2.6059999465942383
0.054000020027160645 -0.49800002574920654 2.875999927520752
0.09599995613098145 -0.6480000019073486 2.7739999294281006
0.060000061988830566 -0.5220000147819519 2.8519999980926514
0.18599998950958252 -0.8159999847412109 2.630000114440918
0.312000036239624 -1.194000005722046 3.1040000915527344
0.6540000438690186 -0.3059999942779541 1.9220000505447388
0.19200003147125244 -0.828000009059906 2.624000072479248
0.054000020027160645 -0.5099999904632568 2.875999927520752
0.1679999828338623 -0.7979999780654907 2.6600000858306885
0.6540000438690186 -0.22800004482269287 1.9279999732971191
0.11399996280670166 -0.6959999799728394 2.73799991607666
0.3539999723434448 -1.2480000257492065 3.0260000228881836
0.04200005531311035 -0.41999995708465576 2.9119999408721924
0.6779999732971191 -0.24599993228912354 1.909999966621399
0.04799997806549072 -0.4739999771118164 2.888000011444092
0.26999998092651367 -1.1340000629425049 3.1519999504089355
0.6419999599456787 -0.3059999942779541 1.9279999732971191
0.2760000228881836 -1.1460000276565552 3.134000062942505
0.156000018119812 -0.7860000133514404 2.677999973297119
0.1499999761581421 -0.7739999890327454 2.684000015258789
0.37800002098083496 -1.277999997138977 3.0199999809265137
0.6779999732971191 -0.2940000295639038 1.9040000438690186
0.04200005531311035 -0.4440000057220459 2.9060001373291016
0.2580000162124634 -1.1159999370574951 3.1760001182556152
0.03600001335144043 -0.34800004959106445 2.941999912261963
0.25199997425079346 -1.1100000143051147 3.1519999504089355
0.22800004482269287 -1.0740000009536743 3.128000020980835
0.03600001335144043 -0.37199997901916504 2.936000108718872
0.09000003337860107 -0.6480000019073486 2.7799999713897705
0.33000004291534424 -1.2239999771118164 3.0799999237060547
0.23399996757507324 -1.0799999237060547 3.1760001182556152
0.12000000476837158 -0.7199999690055847 2.7260000705718994
0.33000004291534424 -1.2239999771118164 3.1040000915527344
0.6779999732971191 -0.26999998092651367 1.9040000438690186
0.22800004482269287 -1.0740000009536743 3.1519999504089355
0.04799997806549072 -0.49800002574920654 2.875999927520752
0.03600001335144043 -0.3960000276565552 2.9240000247955322
0.1260000467300415 -0.7440000176429749 2.7260000705718994
0.07800006866455078 -0.6240000128746033 2.803999900817871
0.22800004482269287 -1.0740000009536743 3.1760001182556152
0.6540000438690186 -0.1799999475479126 1.9279999732971191
0.07800006866455078 -0.6299999952316284 2.803999900817871
0.029999971389770508 -0.3240000009536743 2.9779999256134033
0.6540000438690186 -0.17400002479553223 1.9279999732971191
0.029999971389770508 -0.2999999523162842 2.9779999256134033
0.029999971389770508 -0.3539999723434448 2.9539999961853027
0.36600005626678467 -1.2719999551773071 3.0139999389648438
0.029999971389770508 -0.34800004959106445 2.9539999961853027
0.33000004291534424 -1.2300000190734863 3.1040000915527344
0.054000020027160645 -0.5460000038146973 2.8519999980926514
0.22800004482269287 -1.0740000009536743 3.200000047683716
0.060000061988830566 -0.5699999928474426 2.8340001106262207
0.04799997806549072 -0.5220000147819519 2.864000082015991
0.23399996757507324 -1.0859999656677246 3.200000047683716
0.029999971389770508 -0.26999998092651367 2.9779999256134033
0.10199999809265137 -0.6959999799728394 2.75
0.22800004482269287 -1.0859999656677246 3.134000062942505
0.054000020027160645 -0.5579999685287476 2.8519999980926514
0.34200000762939453 -1.2480000257492065 3.0260000228881836
0.029999971389770508 -0.3960000276565552 2.930000066757202
0.30000007152557373 -1.194000005722046 3.128000020980835
0.34200000762939453 -1.2480000257492065 3.0199999809265137
0.029999971389770508 -0.4140000343322754 2.930000066757202
0.10199999809265137 -0.7020000219345093 2.75
0.06599998474121094 -0.5999999642372131 2.809999942779541
0.07200002670288086 -0.6240000128746033 2.7980000972747803
0.09000003337860107 -0.671999990940094 2.76200008392334
0.6119999885559082 -0.16199994087219238 1.9520000219345093
0.20399999618530273 -1.0499999523162842 3.1519999504089355
0.21599996089935303 -1.0740000009536743 3.121999979019165
0.22200000286102295 -1.0740000009536743 3.200000047683716
0.3179999589920044 -1.2239999771118164 3.0859999656677246
0.21599996089935303 -1.0740000009536743 3.128000020980835
0.04799997806549072 -0.5460000038146973 2.8519999980926514
0.6540000438690186 -0.24599993228912354 1.909999966621399
0.30000007152557373 -1.2000000476837158 3.128000020980835
0.13199996948242188 -0.7739999890327454 2.7019999027252197
0.20399999618530273 -1.0499999523162842 3.1760001182556152
0.19200003147125244 -1.0320000648498535 3.1519999504089355
0.024000048637390137 -0.28199994564056396 2.9720001220703125
0.1499999761581421 -0.7979999780654907 2.6660001277923584
0.33000004291534424 -1.2419999837875366 3.0799999237060547
0.024000048637390137 -0.26999998092651367 2.9779999256134033
0.1679999828338623 -0.8219999670982361 2.635999917984009
0.2760000228881836 -1.1699999570846558 3.128000020980835
0.6540000438690186 -0.1499999761581421 1.9220000505447388
0.6540000438690186 -0.2940000295639038 1.9040000438690186
0.024000048637390137 -0.26999998092651367 2.9720001220703125
0.21599996089935303 -1.0799999237060547 3.121999979019165
0.024000048637390137 -0.3960000276565552 2.930000066757202
0.3539999723434448 -1.2719999551773071 3.0260000228881836
0.20399999618530273 -1.0499999523162842 3.200000047683716
0.22800004482269287 -1.0980000495910645 3.1519999504089355
0.6540000438690186 -0.26999998092651367 1.9040000438690186
0.22800004482269287 -1.0859999656677246 3.2300000190734863
0.029999971389770508 -0.4739999771118164 2.9000000953674316
0.024000048637390137 -0.41999995708465576 2.9240000247955322
0.630000114440918 -0.3059999942779541 1.9160000085830688
0.24000000953674316 -1.121999979019165 3.134000062942505
0.630000114440918 -0.18599998950958252 1.9279999732971191
0.33000004291534424 -1.2480000257492065 3.055999994277954
0.029999971389770508 -0.4919999837875366 2.9000000953674316
0.07200002670288086 -0.6480000019073486 2.7860000133514404
0.2879999876022339 -1.194000005722046 3.115999937057495
0.018000006675720215 -0.2999999523162842 2.9779999256134033
0.21000003814697266 -1.0740000009536743 3.1519999504089355
0.018000006675720215 -0.34800004959106445 2.9539999961853027
0.07800006866455078 -0.671999990940094 2.7799999713897705
0.054000020027160645 -0.5999999642372131 2.828000068664551
0.630000114440918 -0.17400002479553223 1.9279999732971191
0.3539999723434448 -1.277999997138977 3.0199999809265137
0.156000018119812 -0.8219999670982361 2.6540000438690186
0.018000006675720215 -0.37199997901916504 2.941999912261963
0.34800004959106445 -1.2719999551773071 3.0260000228881836
0.25199997425079346 -1.1460000276565552 3.121999979019165
0.21000003814697266 -1.0740000009536743 3.1760001182556152
0.25199997425079346 -1.1460000276565552 3.128000020980835
0.6059999465942383 -0.312000036239624 1.9279999732971191
0.1380000114440918 -0.7979999780654907 2.677999973297119
0.33000004291534424 -1.253999948501587 3.055999994277954
0.1260000467300415 -0.7860000133514404 2.7019999027252197
0.3240000009536743 -1.2480000257492065 3.062000036239624
0.12000000476837158 -0.7739999890327454 2.7079999446868896
0.6359999179840088 -0.16199994087219238 1.9220000505447388
0.21599996089935303 -1.0740000009536743 3.247999906539917
0.09599995613098145 -0.7199999690055847 2.73799991607666
0.10800004005432129 -0.75 2.7200000286102295
0.19200003147125244 -1.0499999523162842 3.1760001182556152
0.04200005531311035 -0.5699999928474426 2.8399999141693115
0.029999971389770508 -0.5220000147819519 2.875999927520752
0.5820000171661377 -0.1979999542236328 1.9520000219345093
0.011999964714050293 -0.3240000009536743 2.9660000801086426
0.018000006675720215 -0.4440000057220459 2.9119999408721924
0.08399999141693115 -0.6959999799728394 2.75
0.6059999465942383 -0.23399996757507324 1.9279999732971191
0.024000048637390137 -0.49800002574920654 2.888000011444092
0.07200002670288086 -0.671999990940094 2.7739999294281006
0.630000114440918 -0.24599993228912354 1.909999966621399
0.5880000591278076 -0.312000036239624 1.934000015258789
0.029999971389770508 -0.5399999618530273 2.875999927520752
0.21599996089935303 -1.0920000076293945 3.200000047683716
0.30000007152557373 -1.2239999771118164 3.1040000915527344
0.25199997425079346 -1.1579999923706055 3.121999979019165
0.630000114440918 -0.2999999523162842 1.9040000438690186
0.054000020027160645 -0.6240000128746033 2.803999900817871
0.018000006675720215 -0.4739999771118164 2.9060001373291016
0.156000018119812 -0.8460000157356262 2.6540000438690186
0.10199999809265137 -0.75 2.7260000705718994
0.011999964714050293 -0.41999995708465576 2.930000066757202
0.22800004482269287 -1.121999979019165 3.1519999504089355
0.2760000228881836 -1.194000005722046 3.128000020980835
0.1499999761581421 -0.8219999670982361 2.6419999599456787
0.20399999618530273 -1.0859999656677246 3.128000020980835
0.24600005149841309 -1.1460000276565552 3.181999921798706
0.630000114440918 -0.26999998092651367 1.9040000438690186
0.20399999618530273 -1.0859999656677246 3.1579999923706055
0.6059999465942383 -0.19200003147125244 1.9279999732971191
0.14400005340576172 -0.8219999670982361 2.6540000438690186
0.25199997425079346 -1.1640000343322754 3.128000020980835
0.156000018119812 -0.828000009059906 2.624000072479248
0.156000018119812 -0.8339999914169312 2.630000114440918
0.18599998950958252 -1.0499999523162842 3.200000047683716
0.04200005531311035 -0.5999999642372131 2.822000026702881
0.312000036239624 -1.2480000257492065 3.0799999237060547
0.054000020027160645 -0.6480000019073486 2.803999900817871
0.630000114440918 -0.2940000295639038 1.8980000019073486
0.6059999465942383 -0.17400002479553223 1.9279999732971191
0.24000000953674316 -1.1519999504089355 3.115999937057495
0.054000020027160645 -0.6539999842643738 2.803999900817871
0.19200003147125244 -1.0740000009536743 3.140000104904175
0.029999971389770508 -0.5699999928474426 2.8519999980926514
0.19800007343292236 -1.0859999656677246 3.128000020980835
0.21599996089935303 -1.1100000143051147 3.1760001182556152
0.33000004291534424 -1.2719999551773071 3.0139999389648438
0.024000048637390137 -0.5460000038146973 2.864000082015991
0.10199999809265137 -0.7739999890327454 2.7260000705718994
0.006000041961669922 -0.23399996757507324 2.9839999675750732
0.23399996757507324 -1.1460000276565552 3.115999937057495
0.018000006675720215 -0.5220000147819519 2.881999969482422
0.0 -0.3359999656677246 2.9779999256134033
0.07200002670288086 -0.6959999799728394 2.75600004196167
0.23399996757507324 -1.1460000276565552 3.128000020980835
0.0 -0.3240000009536743 2.9779999256134033
0.6059999465942383 -0.3059999942779541 1.909999966621399
0.0 -0.2879999876022339 3.002000093460083
0.5880000591278076 -0.23399996757507324 1.9279999732971191
0.060000061988830566 -0.671999990940094 2.7799999713897705
0.1499999761581421 -0.8339999914169312 2.630000114440918
0.0 -0.37199997901916504 2.9539999961853027
0.20399999618530273 -1.0859999656677246 3.2300000190734863
0.07800006866455078 -0.7199999690055847 2.75
0.0 -0.26999998092651367 3.002000093460083
0.0 -0.38999998569488525 2.9539999961853027
0.24000000953674316 -1.1519999504089355 3.181999921798706
0.5520000457763672 -0.24599993228912354 1.9520000219345093
0.33000004291534424 -1.277999997138977 3.0199999809265137
0.22800004482269287 -1.1399999856948853 3.1519999504089355
0.6059999465942383 -0.1679999828338623 1.9220000505447388
0.0 -0.24599993228912354 3.002000093460083
0.20399999618530273 -1.0980000495910645 3.187999963760376
0.20399999618530273 -1.1039999723434448 3.1459999084472656
0.09000003337860107 -0.75 2.7260000705718994
0.18599998950958252 -1.0740000009536743 3.1519999504089355
0.6059999465942383 -0.24599993228912354 1.909999966621399
0.5520000457763672 -0.1799999475479126 1.9580000638961792
0.1260000467300415 -0.8219999670982361 2.677999973297119
0.0 -0.22200000286102295 3.0260000228881836
0.0 -0.22200000286102295 3.008000135421753
0.6059999465942383 -0.2999999523162842 1.9040000438690186
0.0 -0.4440000057220459 2.930000066757202
-0.006000041961669922 -0.3240000009536743 2.9779999256134033
0.30000007152557373 -1.2480000257492065 3.1040000915527344
0.0 -0.4559999704360962 2.930000066757202
-0.006000041961669922 -0.2999999523162842 2.990000009536743
-0.006000041961669922 -0.34800004959106445 2.9660000801086426
0.029999971389770508 -0.5999999642372131 2.828000068664551
0.20399999618530273 -1.1100000143051147 3.1519999504089355
0.6059999465942383 -0.26999998092651367 1.9040000438690186
-0.006000041961669922 -0.26999998092651367 3.002000093460083
0.18599998950958252 -1.0740000009536743 3.200000047683716
0.07800006866455078 -0.7440000176429749 2.75
0.09599995613098145 -0.7739999890327454 2.7139999866485596
0.2580000162124634 -1.194000005722046 3.134000062942505
-0.006000041961669922 -0.3960000276565552 2.947999954223633
0.03600001335144043 -0.6240000128746033 2.809999942779541
0.5399999618530273 -0.24599993228912354 1.9520000219345093
-0.006000041961669922 -0.24000000953674316 3.002000093460083
0.029999971389770508 -0.6179999709129333 2.828000068664551
0.10800004005432129 -0.7979999780654907 2.690000057220459
0.23399996757507324 -1.1640000343322754 3.128000020980835
0.6059999465942383 -0.2999999523162842 1.8980000019073486
0.2760000228881836 -1.2239999771118164 3.1100001335144043
0.22200000286102295 -1.1460000276565552 3.140000104904175
0.18000006675720215 -1.0740000009536743 3.1760001182556152
0.04799997806549072 -0.671999990940094 2.7860000133514404
0.2760000228881836 -1.2239999771118164 3.128000020980835
0.054000020027160645 -0.6959999799728394 2.7799999713897705
0.24000000953674316 -1.1759999990463257 3.134000062942505
0.5759999752044678 -0.19200003147125244 1.9279999732971191
0.3059999942779541 -1.2660000324249268 3.055999994277954
0.10199999809265137 -0.7979999780654907 2.7019999027252197
0.312000036239624 -1.2719999551773071 3.0139999389648438
0.06599998474121094 -0.7199999690055847 2.75
0.6600000858306885 -0.1380000114440918 1.8799999952316284
0.0 -0.49800002574920654 2.9000000953674316
0.5580000877380371 -0.3179999589920044 1.9279999732971191
-0.011999964714050293 -0.37199997901916504 2.9539999961853027
0.30000007152557373 -1.2599999904632568 3.0799999237060547
0.12000000476837158 -0.8219999670982361 2.6660001277923584
0.18599998950958252 -1.0859999656677246 3.200000047683716
0.03600001335144043 -0.6480000019073486 2.803999900817871
0.10199999809265137 -0.8040000200271606 2.7019999027252197
0.5759999752044678 -0.17400002479553223 1.9279999732971191
0.0 -0.5220000147819519 2.9000000953674316
0.2879999876022339 -1.2480000257492065 3.0920000076293945
-0.006000041961669922 -0.4739999771118164 2.9119999408721924
0.18000006675720215 -1.0740000009536743 3.2300000190734863
0.17400002479553223 -1.0740000009536743 3.1760001182556152
0.5399999618530273 -0.1799999475479126 1.9520000219345093
0.21599996089935303 -1.1460000276565552 3.1519999504089355
-0.011999964714050293 -0.23399996757507324 2.996000051498413
-0.018000006675720215 -0.3179999589920044 3.002000093460083
0.5759999752044678 -0.19200003147125244 1.9220000505447388
-0.011999964714050293 -0.22200000286102295 3.002000093460083
0.07200002670288086 -0.75 2.73799991607666
0.6600000858306885 -0.1380000114440918 1.8739999532699585
0.17400002479553223 -1.0740000009536743 3.200000047683716
0.04799997806549072 -0.6959999799728394 2.7739999294281006
0.1679999828338623 -1.0740000009536743 3.140000104904175
0.17400002479553223 -1.0799999237060547 3.1760001182556152
0.1260000467300415 -0.8460000157356262 2.6540000438690186
0.5759999752044678 -0.17400002479553223 1.9220000505447388
0.09599995613098145 -0.7979999780654907 2.696000099182129
0.1679999828338623 -1.0740000009536743 3.1519999504089355
0.22800004482269287 -1.1699999570846558 3.1519999504089355
0.13199996948242188 -0.8640000224113464 2.6540000438690186
0.2640000581741333 -1.2239999771118164 3.115999937057495
0.22200000286102295 -1.1640000343322754 3.134000062942505
0.5280001163482666 -0.20399999618530273 1.9520000219345093
0.10800004005432129 -0.8219999670982361 2.677999973297119
0.3059999942779541 -1.277999997138977 3.0199999809265137
0.0 -0.5460000038146973 2.875999927520752
0.30000007152557373 -1.2719999551773071 3.1040000915527344
0.5759999752044678 -0.24599993228912354 1.909999966621399
0.18000006675720215 -1.0980000495910645 3.1519999504089355
0.5520000457763672 -0.24000000953674316 1.9279999732971191
0.30000007152557373 -1.2719999551773071 3.0260000228881836
0.07800006866455078 -0.7739999890327454 2.7260000705718994
-0.018000006675720215 -0.41999995708465576 2.936000108718872
0.006000041961669922 -0.5699999928474426 2.8519999980926514
0.2760000228881836 -1.2419999837875366 3.128000020980835
0.5759999752044678 -0.3059999942779541 1.9040000438690186
0.17400002479553223 -1.0920000076293945 3.134000062942505
0.5759999752044678 -0.2999999523162842 1.9040000438690186
0.0 -0.5579999685287476 2.875999927520752
0.18599998950958252 -1.0920000076293945 3.253999948501587
0.18000006675720215 -1.0980000495910645 3.1760001182556152
0.07800006866455078 -0.7799999713897705 2.7260000705718994
0.09000003337860107 -0.7979999780654907 2.7019999027252197
0.011999964714050293 -0.5999999642372131 2.8340001106262207
-0.023999929428100586 -0.36000001430511475 2.9779999256134033
-0.023999929428100586 -0.34800004959106445 2.9779999256134033
-0.023999929428100586 -0.2999999523162842 3.002000093460083
0.18000006675720215 -1.1039999723434448 3.140000104904175
0.018000006675720215 -0.6240000128746033 2.822000026702881
0.5759999752044678 -0.26999998092651367 1.9040000438690186
0.024000048637390137 -0.6480000019073486 2.809999942779541
0.029999971389770508 -0.671999990940094 2.803999900817871
-0.023999929428100586 -0.26399993896484375 3.0260000228881836
0.18000006675720215 -1.0920000076293945 3.2300000190734863
0.2760000228881836 -1.2480000257492065 3.1040000915527344
0.5460000038146973 -0.24000000953674316 1.9279999732971191
0.30000007152557373 -1.277999997138977 3.0320000648498535
-0.023999929428100586 -0.3960000276565552 2.9539999961853027
0.5520000457763672 -0.1979999542236328 1.9279999732971191
0.18599998950958252 -1.1100000143051147 3.200000047683716
0.1679999828338623 -1.0920000076293945 3.074000120162964
0.029999971389770508 -0.6779999732971191 2.803999900817871
0.1679999828338623 -1.0920000076293945 3.0799999237060547
-0.023999929428100586 -0.41999995708465576 2.9539999961853027
-0.023999929428100586 -0.24599993228912354 3.0260000228881836
0.12000000476837158 -0.8519999980926514 2.6540000438690186
0.07200002670288086 -0.7739999890327454 2.7260000705718994
0.22200000286102295 -1.1759999990463257 3.140000104904175
0.5759999752044678 -0.2999999523162842 1.8980000019073486
0.17400002479553223 -1.0920000076293945 3.2060000896453857
0.20399999618530273 -1.1460000276565552 3.1760001182556152
0.5160000324249268 -0.20399999618530273 1.9520000219345093
0.12000000476837158 -0.8759999871253967 2.677999973297119
0.30000007152557373 -1.284000039100647 3.074000120162964
-0.011999964714050293 -0.5220000147819519 2.888000011444092
0.011999964714050293 -0.6240000128746033 2.828000068664551
0.5520000457763672 -0.17400002479553223 1.9279999732971191
0.03600001335144043 -0.6959999799728394 2.7799999713897705
0.18000006675720215 -1.1100000143051147 3.1760001182556152
-0.023999929428100586 -0.4440000057220459 2.930000066757202
0.2940000295639038 -1.277999997138977 3.0320000648498535
0.11399996280670166 -0.8460000157356262 2.6540000438690186
0.5280001163482666 -0.20399999618530273 1.940000057220459
-0.029999971389770508 -0.37199997901916504 2.9660000801086426
0.25199997425079346 -1.2239999771118164 3.128000020980835
-0.018000006675720215 -0.49800002574920654 2.9000000953674316
0.5039999485015869 -0.25199997425079346 1.9520000219345093
-0.029999971389770508 -0.26999998092651367 3.0139999389648438
0.18000006675720215 -1.0920000076293945 3.2780001163482666
0.20399999618530273 -1.1519999504089355 3.1760001182556152
0.0 -0.593999981880188 2.8519999980926514
-0.023999929428100586 -0.4739999771118164 2.930000066757202
-0.029999971389770508 -0.3960000276565552 2.9539999961853027
0.1679999828338623 -1.0980000495910645 3.1519999504089355
0.9000000953674316 -0.06599998474121094 1.7540000677108765
0.17400002479553223 -1.1100000143051147 3.134000062942505
0.16200006008148193 -1.0920000076293945 3.1040000915527344
0.054000020027160645 -0.75 2.75
0.5039999485015869 -0.19200003147125244 1.9580000638961792
-0.029999971389770508 -0.24599993228912354 3.0260000228881836
0.5460000038146973 -0.17400002479553223 1.9279999732971191
-0.029999971389770508 -0.24599993228912354 3.0199999809265137
0.17400002479553223 -1.1100000143051147 3.1519999504089355
-0.006000041961669922 -0.5699999928474426 2.8580000400543213
0.04200005531311035 -0.7199999690055847 2.76200008392334
0.22800004482269287 -1.194000005722046 3.1519999504089355
0.18000006675720215 -1.121999979019165 3.1519999504089355
0.09000003337860107 -0.8219999670982361 2.690000057220459
0.10199999809265137 -0.8460000157356262 2.677999973297119
0.2640000581741333 -1.2480000257492065 3.1100001335144043
0.2820000648498535 -1.2719999551773071 3.0799999237060547
0.054000020027160645 -0.7619999647140503 2.75
0.5520000457763672 -0.24599993228912354 1.909999966621399
-0.03600001335144043 -0.3240000009536743 2.990000009536743
-0.03600001335144043 -0.34800004959106445 2.9779999256134033
-0.03600001335144043 -0.2999999523162842 3.002000093460083
0.2760000228881836 -1.2660000324249268 3.055999994277954
0.5520000457763672 -0.312000036239624 1.9040000438690186
0.018000006675720215 -0.671999990940094 2.803999900817871
0.5520000457763672 -0.2999999523162842 1.9040000438690186
0.10800004005432129 -0.8700000047683716 2.677999973297119
0.5099999904632568 -0.24599993228912354 1.940000057220459
0.04799997806549072 -0.75 2.75
0.5520000457763672 -0.1799999475479126 1.9160000085830688
0.18000006675720215 -1.128000020980835 3.1640000343322754
0.5520000457763672 -0.26999998092651367 1.9040000438690186
0.10199999809265137 -0.8819999694824219 2.7079999446868896
-0.018000006675720215 -0.5460000038146973 2.875999927520752
-0.023999929428100586 -0.5220000147819519 2.9000000953674316
-0.006000041961669922 -0.5999999642372131 2.8459999561309814
0.024000048637390137 -0.6959999799728394 2.7860000133514404
0.20399999618530273 -1.1699999570846558 3.1519999504089355
0.2760000228881836 -1.2719999551773071 3.0380001068115234
0.2760000228881836 -1.2719999551773071 3.1040000915527344
0.24000000953674316 -1.2239999771118164 3.128000020980835
0.5280001163482666 -0.1979999542236328 1.9279999732971191
-0.023999929428100586 -0.5339999794960022 2.9000000953674316
0.5580000877380371 -0.1679999828338623 1.909999966621399
0.029999971389770508 -0.7199999690055847 2.7799999713897705
0.49800002574920654 -0.19200003147125244 1.9520000219345093
0.5520000457763672 -0.3059999942779541 1.8980000019073486
0.5520000457763672 -0.2999999523162842 1.8980000019073486
0.07800006866455078 -0.8219999670982361 2.7019999027252197
0.10199999809265137 -0.8399999737739563 2.6419999599456787
-0.0419999361038208 -0.26999998092651367 3.0260000228881836
-0.0419999361038208 -0.2580000162124634 3.055999994277954
0.09599995613098145 -0.8759999871253967 2.7019999027252197
-0.0419999361038208 -0.24599993228912354 3.055999994277954
0.26999998092651367 -1.2719999551773071 3.0439999103546143
-0.0419999361038208 -0.41999995708465576 2.947999954223633
0.0 -0.6480000019073486 2.828000068664551
0.25199997425079346 -1.2480000257492065 3.128000020980835
-0.04799997806549072 -0.3539999723434448 3.049999952316284
-0.04799997806549072 -0.34800004959106445 3.049999952316284
0.07800006866455078 -0.8339999914169312 2.7019999027252197
0.5039999485015869 -0.3240000009536743 1.9279999732971191
0.09599995613098145 -0.8399999737739563 2.6480000019073486
0.1380000114440918 -1.0799999237060547 3.0380001068115234
-0.04799997806549072 -0.33000004291534424 3.002000093460083
0.5460000038146973 -0.17400002479553223 1.909999966621399
-0.04799997806549072 -0.3240000009536743 3.002000093460083
-0.04799997806549072 -0.2999999523162842 3.0260000228881836
0.0 -0.6599999666213989 2.828000068664551
0.17400002479553223 -1.1399999856948853 3.128000020980835
-0.04799997806549072 -0.37199997901916504 2.9779999256134033
-0.04799997806549072 -0.38999998569488525 2.9779999256134033
-0.03600001335144043 -0.49800002574920654 2.9060001373291016
-0.023999929428100586 -0.5699999928474426 2.875999927520752
0.26999998092651367 -1.277999997138977 3.049999952316284
0.18000006675720215 -1.1460000276565552 3.1760001182556152
0.060000061988830566 -0.7979999780654907 2.7139999866485596
0.1679999828338623 -1.1340000629425049 3.1040000915527344
0.25199997425079346 -1.253999948501587 3.128000020980835
-0.023999929428100586 -0.5820000171661377 2.875999927520752
-0.029999971389770508 -0.5460000038146973 2.881999969482422
0.14400005340576172 -1.0980000495910645 3.062000036239624
0.48000001907348633 -0.21000003814697266 1.9520000219345093
0.18000006675720215 -1.1460000276565552 3.200000047683716
-0.04799997806549072 -0.41999995708465576 2.9539999961853027
0.5280001163482666 -0.312000036239624 1.9040000438690186
0.054000020027160645 -0.7979999780654907 2.7260000705718994
0.22800004482269287 -1.2239999771118164 3.1519999504089355
0.5280001163482666 -0.2999999523162842 1.9040000438690186
-0.054000020027160645 -0.3359999656677246 3.062000036239624
0.19200003147125244 -1.1699999570846558 3.1760001182556152
-0.04799997806549072 -0.4440000057220459 2.9539999961853027
-0.054000020027160645 -0.3240000009536743 3.062000036239624
0.13199996948242188 -1.0799999237060547 3.0799999237060547
0.09000003337860107 -0.8460000157356262 2.6540000438690186
0.09000003337860107 -0.8519999980926514 2.6600000858306885
0.17400002479553223 -1.1399999856948853 3.200000047683716
-0.054000020027160645 -0.3179999589920044 3.0260000228881836
0.04200005531311035 -0.7739999890327454 2.73799991607666
0.5099999904632568 -0.18599998950958252 1.9279999732971191
0.054000020027160645 -0.8040000200271606 2.7260000705718994
0.5280001163482666 -0.26999998092651367 1.9040000438690186
0.18000006675720215 -1.1579999923706055 3.1459999084472656
-0.04799997806549072 -0.4679999351501465 2.9539999961853027
0.5339999198913574 -0.1799999475479126 1.909999966621399
0.18000006675720215 -1.1579999923706055 3.1519999504089355
0.20399999618530273 -1.194000005722046 3.1519999504089355
0.018000006675720215 -0.7199999690055847 2.7739999294281006
0.4739999771118164 -0.21599996089935303 1.9520000219345093
0.17400002479553223 -1.1460000276565552 3.1760001182556152
-0.04799997806549072 -0.4440000057220459 2.930000066757202
0.1679999828338623 -1.1399999856948853 3.1519999504089355
0.2580000162124634 -1.2719999551773071 3.055999994277954
0.2580000162124634 -1.2719999551773071 3.0799999237060547
0.2580000162124634 -1.2719999551773071 3.1040000915527344
0.5039999485015869 -0.20399999618530273 1.9279999732971191
-0.054000020027160645 -0.3960000276565552 2.9720001220703125
0.5280001163482666 -0.24599993228912354 1.9040000438690186
0.19800007343292236 -1.1759999990463257 3.2300000190734863
-0.029999971389770508 -0.5699999928474426 2.870000123977661
-0.054000020027160645 -0.4500000476837158 3.002000093460083
0.13199996948242188 -1.0859999656677246 3.1100001335144043
-0.04799997806549072 -0.4739999771118164 2.930000066757202
-0.054000020027160645 -0.4559999704360962 2.996000051498413
0.5280001163482666 -0.312000036239624 1.8980000019073486
0.26999998092651367 -1.2899999618530273 3.055999994277954
0.13199996948242188 -1.0859999656677246 3.128000020980835
-0.023999929428100586 -0.5999999642372131 2.8519999980926514
0.5280001163482666 -0.2999999523162842 1.8980000019073486
-0.04799997806549072 -0.4739999771118164 2.9240000247955322
0.07800006866455078 -0.8460000157356262 2.677999973297119
0.48000001907348633 -0.3240000009536743 1.934000015258789
0.9000000953674316 -0.054000020027160645 1.7300000190734863
0.060000061988830566 -0.8219999670982361 2.7079999446868896
-0.04799997806549072 -0.49800002574920654 2.930000066757202
-0.054000020027160645 -0.4440000057220459 2.9539999961853027
-0.0419999361038208 -0.5220000147819519 2.8940000534057617
0.04799997806549072 -0.7979999780654907 2.7200000286102295
-0.059999942779541016 -0.2940000295639038 3.055999994277954
0.1679999828338623 -1.1519999504089355 3.128000020980835
-0.054000020027160645 -0.4679999351501465 2.9539999961853027
0.17400002479553223 -1.1579999923706055 3.1640000343322754
0.23399996757507324 -1.2480000257492065 3.121999979019165
0.0 -0.6959999799728394 2.803999900817871
-0.023999929428100586 -0.6240000128746033 2.8519999980926514
0.18000006675720215 -1.1640000343322754 3.200000047683716
-0.059999942779541016 -0.26999998092651367 3.055999994277954
0.029999971389770508 -0.7739999890327454 2.75
0.875999927520752 -0.07200002670288086 1.7300000190734863
0.1499999761581421 -1.128000020980835 3.121999979019165
0.18599998950958252 -1.1699999570846558 3.2300000190734863
0.18000006675720215 -1.1759999990463257 3.115999937057495
0.07200002670288086 -0.8460000157356262 2.677999973297119
0.5160000324249268 -0.24599993228912354 1.9040000438690186
0.0 -0.7080000042915344 2.803999900817871
0.14400005340576172 -1.121999979019165 3.0859999656677246
0.029999971389770508 -0.7799999713897705 2.75
-0.023999929428100586 -0.6240000128746033 2.8340001106262207
-0.04799997806549072 -0.5220000147819519 2.9000000953674316
-0.06599998474121094 -0.37199997901916504 3.055999994277954
-0.06599998474121094 -0.37800002098083496 3.055999994277954
0.07200002670288086 -0.8460000157356262 2.671999931335449
0.19200003147125244 -1.194000005722046 3.1519999504089355
0.018000006675720215 -0.75 2.76200008392334
-0.018000006675720215 -0.6480000019073486 2.822000026702881
0.006000041961669922 -0.7199999690055847 2.7799999713897705
-0.06599998474121094 -0.37199997901916504 3.0260000228881836
0.8039999008178711 -0.09000003337860107 1.7540000677108765
-0.06599998474121094 -0.38399994373321533 3.0260000228881836
0.07800006866455078 -0.8700000047683716 2.677999973297119
0.22800004482269287 -1.2480000257492065 3.128000020980835
0.2640000581741333 -1.2960000038146973 3.0799999237060547
-0.06599998474121094 -0.34800004959106445 3.002000093460083
0.14400005340576172 -1.121999979019165 3.1519999504089355
-0.04799997806549072 -0.5399999618530273 2.9000000953674316
-0.06599998474121094 -0.2879999876022339 3.0799999237060547
0.5039999485015869 -0.3179999589920044 1.9040000438690186
0.1260000467300415 -1.0920000076293945 3.1519999504089355
0.48000001907348633 -0.24599993228912354 1.9279999732971191
0.48600006103515625 -0.20399999618530273 1.9279999732971191
0.5039999485015869 -0.2999999523162842 1.9040000438690186
0.7320001125335693 -0.10199999809265137 1.784000039100647
-0.06599998474121094 -0.26999998092651367 3.0799999237060547
-0.03600001335144043 -0.5999999642372131 2.8580000400543213
-0.04799997806549072 -0.5579999685287476 2.9000000953674316
0.5039999485015869 -0.26999998092651367 1.9040000438690186
0.8580000400543213 -0.07200002670288086 1.7300000190734863
-0.029999971389770508 -0.6240000128746033 2.8399999141693115
0.03600001335144043 -0.7979999780654907 2.7260000705718994
0.17400002479553223 -1.1759999990463257 3.1459999084472656
0.024000048637390137 -0.7739999890327454 2.74399995803833
0.19200003147125244 -1.2000000476837158 3.1760001182556152
-0.023999929428100586 -0.6480000019073486 2.828000068664551
-0.054000020027160645 -0.5220000147819519 2.9060001373291016
0.14400005340576172 -1.128000020980835 3.1579999923706055
0.07800006866455078 -0.8819999694824219 2.677999973297119
0.18000006675720215 -1.187999963760376 3.128000020980835
0.24000000953674316 -1.2719999551773071 3.1100001335144043
0.06599998474121094 -0.8700000047683716 2.7019999027252197
0.17400002479553223 -1.1759999990463257 3.1700000762939453
0.20399999618530273 -1.2239999771118164 3.134000062942505
0.17400002479553223 -1.1759999990463257 3.1760001182556152
-0.07200002670288086 -0.34800004959106445 3.0260000228881836
-0.07200002670288086 -0.37199997901916504 3.0199999809265137
-0.07200002670288086 -0.37800002098083496 3.0199999809265137
0.5039999485015869 -0.19200003147125244 1.909999966621399
0.07800006866455078 -0.8819999694824219 2.671999931335449
0.5039999485015869 -0.312000036239624 1.8980000019073486
0.1260000467300415 -1.0980000495910645 3.181999921798706
0.20399999618530273 -1.2239999771118164 3.1519999504089355
-0.059999942779541016 -0.49800002574920654 2.9179999828338623
0.5039999485015869 -0.2999999523162842 1.8980000019073486
0.48000001907348633 -0.19200003147125244 1.9279999732971191
-0.06599998474121094 -0.4919999837875366 2.9839999675750732
-0.07200002670288086 -0.3240000009536743 3.002000093460083
-0.07200002670288086 -0.2999999523162842 3.0260000228881836
0.18000006675720215 -1.187999963760376 3.1760001182556152
-0.07200002670288086 -0.34800004959106445 2.9839999675750732
-0.07200002670288086 -0.37199997901916504 2.9779999256134033
-0.04799997806549072 -0.5699999928474426 2.875999927520752
0.054000020027160645 -0.8460000157356262 2.7019999027252197
-0.07200002670288086 -0.4500000476837158 3.0260000228881836
-0.07200002670288086 -0.3960000276565552 2.9779999256134033
-0.07200002670288086 -0.4320000410079956 2.996000051498413
0.04200005531311035 -0.8219999670982361 2.7139999866485596
-0.054000020027160645 -0.5460000038146973 2.8940000534057617
0.7799999713897705 -0.09599995613098145 1.7540000677108765
-0.07200002670288086 -0.4440000057220459 3.002000093460083
-0.07200002670288086 -0.41999995708465576 2.9779999256134033
0.1260000467300415 -1.0980000495910645 3.2120001316070557
-0.07200002670288086 -0.28199994564056396 3.002000093460083
0.9000000953674316 -0.054000020027160645 1.7120000123977661
-0.023999929428100586 -0.671999990940094 2.828000068664551
-0.07200002670288086 -0.26399993896484375 3.0260000228881836
-0.07200002670288086 -0.26999998092651367 3.002000093460083
0.12000000476837158 -1.0980000495910645 3.1579999923706055
-0.07200002670288086 -0.26999998092651367 2.996000051498413
0.46800005435943604 -0.23399996757507324 1.9279999732971191
-0.07200002670288086 -0.41999995708465576 2.9600000381469727
0.25199997425079346 -1.2960000038146973 3.1040000915527344
0.630000114440918 -0.1380000114440918 1.8259999752044678
-0.023999929428100586 -0.6779999732971191 2.828000068664551
-0.023999929428100586 -0.671999990940094 2.815999984741211
0.18599998950958252 -1.2000000476837158 3.200000047683716
0.8340001106262207 -0.07799994945526123 1.7300000190734863
0.46800005435943604 -0.21599996089935303 1.9279999732971191
0.14400005340576172 -1.1399999856948853 3.1760001182556152
0.17400002479553223 -1.194000005722046 3.1040000915527344
-0.04799997806549072 -0.5999999642372131 2.875999927520752
0.21000003814697266 -1.2419999837875366 3.1519999504089355
-0.018000006675720215 -0.6959999799728394 2.803999900817871
-0.07200002670288086 -0.48000001907348633 2.9720001220703125
0.0 -0.75 2.7799999713897705
-0.07799994945526123 -0.3059999942779541 3.0260000228881836
-0.07799994945526123 -0.33000004291534424 3.002000093460083
0.6660001277923584 -0.13199996948242188 1.8020000457763672
-0.07799994945526123 -0.2999999523162842 3.0260000228881836
-0.07799994945526123 -0.3240000009536743 3.002000093460083
0.04799997806549072 -0.8460000157356262 2.7019999027252197
0.25199997425079346 -1.3020000457763672 3.0799999237060547
-0.07200002670288086 -0.4440000057220459 2.930000066757202
0.024000048637390137 -0.7979999780654907 2.7320001125335693
0.1260000467300415 -1.1039999723434448 3.2300000190734863
-0.054000020027160645 -0.5699999928474426 2.875999927520752
-0.07799994945526123 -0.37199997901916504 2.9779999256134033
0.25199997425079346 -1.3020000457763672 3.1040000915527344
-0.07799994945526123 -0.34800004959106445 2.9779999256134033
0.011999964714050293 -0.7739999890327454 2.75
-0.07799994945526123 -0.3960000276565552 2.9779999256134033
-0.07200002670288086 -0.4440000057220459 2.9240000247955322
-0.07799994945526123 -0.3659999370574951 2.9720001220703125
-0.07799994945526123 -0.34800004959106445 2.9720001220703125
-0.07799994945526123 -0.38399994373321533 2.9720001220703125
-0.07799994945526123 -0.4140000343322754 2.9779999256134033
-0.07799994945526123 -0.4320000410079956 2.990000009536743
0.48000001907348633 -0.20399999618530273 1.9160000085830688
0.24600005149841309 -1.2960000038146973 3.1040000915527344
0.22800004482269287 -1.2719999551773071 3.128000020980835
-0.07799994945526123 -0.28199994564056396 3.002000093460083
0.4440000057220459 -0.33000004291534424 1.934000015258789
0.48000001907348633 -0.24599993228912354 1.909999966621399
-0.07200002670288086 -0.4739999771118164 2.930000066757202
0.1260000467300415 -1.1100000143051147 3.2179999351501465
-0.07799994945526123 -0.26999998092651367 3.002000093460083
-0.07200002670288086 -0.4620000123977661 2.9179999828338623
-0.07799994945526123 -0.2760000228881836 2.990000009536743
-0.07799994945526123 -0.26999998092651367 2.996000051498413
-0.03600001335144043 -0.6480000019073486 2.828000068664551
0.48000001907348633 -0.3179999589920044 1.9040000438690186
0.4500000476837158 -0.33000004291534424 1.9279999732971191
0.060000061988830566 -0.9179999828338623 2.75
-0.07799994945526123 -0.41999995708465576 2.9539999961853027
0.029999971389770508 -0.8219999670982361 2.7260000705718994
0.48000001907348633 -0.2999999523162842 1.9040000438690186
0.6059999465942383 -0.14399993419647217 1.8320000171661377
-0.07200002670288086 -0.49800002574920654 2.930000066757202
-0.07799994945526123 -0.41999995708465576 2.941999912261963
-0.07799994945526123 -0.4440000057220459 2.9539999961853027
0.1260000467300415 -1.121999979019165 3.1760001182556152
0.24600005149841309 -1.3020000457763672 3.0859999656677246
0.48000001907348633 -0.26999998092651367 1.9040000438690186
-0.07799994945526123 -0.4440000057220459 2.936000108718872
0.24000000953674316 -1.2960000038146973 3.0859999656677246
-0.07200002670288086 -0.515999972820282 2.930000066757202
0.22200000286102295 -1.2719999551773071 3.121999979019165
-0.07799994945526123 -0.4739999771118164 2.9539999961853027
0.18599998950958252 -1.2239999771118164 3.1040000915527344
0.8280000686645508 -0.07799994945526123 1.7239999771118164
0.20399999618530273 -1.2480000257492065 3.128000020980835
-0.04799997806549072 -0.6240000128746033 2.8519999980926514
0.060000061988830566 -0.8700000047683716 2.6660001277923584
0.11399996280670166 -1.0980000495910645 3.2179999351501465
0.809999942779541 -0.08399999141693115 1.7300000190734863
-0.08399999141693115 -0.3059999942779541 2.996000051498413
0.18599998950958252 -1.2239999771118164 3.128000020980835
0.18000006675720215 -1.2179999351501465 3.068000078201294
0.060000061988830566 -0.8819999694824219 2.677999973297119
0.48000001907348633 -0.3179999589920044 1.8980000019073486
0.1679999828338623 -1.2000000476837158 3.0260000228881836
0.18599998950958252 -1.2239999771118164 3.1519999504089355
-0.018000006675720215 -0.7199999690055847 2.7860000133514404
-0.07799994945526123 -0.4739999771118164 2.930000066757202
0.48000001907348633 -0.2999999523162842 1.8980000019073486
0.75 -0.09599995613098145 1.7540000677108765
-0.07799994945526123 -0.4679999351501465 2.9240000247955322
0.054000020027160645 -0.8700000047683716 2.677999973297119
0.22800004482269287 -1.284000039100647 3.128000020980835
0.029999971389770508 -0.8399999737739563 2.7260000705718994
0.16200006008148193 -1.194000005722046 3.0260000228881836
-0.023999929428100586 -0.7139999866485596 2.803999900817871
0.1260000467300415 -1.1159999370574951 3.253999948501587
0.054000020027160645 -0.9300000071525574 2.7680001258850098
-0.04799997806549072 -0.6420000195503235 2.8519999980926514
-0.07799994945526123 -0.49800002574920654 2.930000066757202
0.024000048637390137 -0.8219999670982361 2.7200000286102295
0.14400005340576172 -1.1640000343322754 3.1640000343322754
0.060000061988830566 -0.8819999694824219 2.6660001277923584
-0.07799994945526123 -0.49800002574920654 2.9240000247955322
0.18000006675720215 -1.2239999771118164 3.0799999237060547
0.7019999027252197 0.5460000038146973 2.113999843597412
0.7260000705718994 0.5520000457763672 2.1019999980926514
-0.059999942779541016 -0.5999999642372131 2.870000123977661
0.4500000476837158 -0.33000004291534424 1.9160000085830688
0.40799999237060547 -0.33000004291534424 1.9520000219345093
-0.011999964714050293 -0.75 2.7739999294281006
0.48000001907348633 -0.19200003147125244 1.9040000438690186
-0.07200002670288086 -0.5460000038146973 2.9000000953674316
0.9119999408721924 0.6059999465942383 2.0420000553131104
0.054000020027160645 -0.8999999761581421 2.7019999027252197
0.10800004005432129 -1.0980000495910645 3.2300000190734863
0.04799997806549072 -0.8579999804496765 2.6660001277923584
0.9000000953674316 -0.04799997806549072 1.694000005722046
0.156000018119812 -1.194000005722046 3.055999994277954
-0.08399999141693115 -0.5040000081062317 2.9660000801086426
0.875999927520752 -0.059999942779541016 1.7000000476837158
0.1499999761581421 -1.1699999570846558 3.2300000190734863
0.46800005435943604 -0.24599993228912354 1.9040000438690186
0.14400005340576172 -1.1699999570846558 3.1760001182556152
0.12000000476837158 -1.121999979019165 3.2300000190734863
-0.07799994945526123 -0.5220000147819519 2.9060001373291016
0.7320001125335693 -0.10199999809265137 1.7540000677108765
-0.07200002670288086 -0.5699999928474426 2.9000000953674316
0.17400002479553223 -1.2239999771118164 3.055999994277954
0.4020000696182251 -0.3240000009536743 1.9520000219345093
0.6779999732971191 -0.12000000476837158 1.777999997138977
0.10199999809265137 -1.1100000143051147 3.134000062942505
-0.07200002670288086 -0.5820000171661377 2.9000000953674316
0.630000114440918 -0.1380000114440918 1.8020000457763672
0.18000006675720215 -1.2360000610351562 3.0859999656677246
0.10199999809265137 -1.1100000143051147 3.1519999504089355
-0.059999942779541016 -0.6240000128746033 2.8519999980926514
-0.07799994945526123 -0.5460000038146973 2.9000000953674316
0.23399996757507324 -1.3079999685287476 3.1040000915527344
0.04799997806549072 -0.8999999761581421 2.7019999027252197
0.16200006008148193 -1.2120000123977661 3.0799999237060547
0.0 -0.7979999780654907 2.75
0.1260000467300415 -1.1460000276565552 3.200000047683716
0.7799999713897705 -0.08399999141693115 1.7300000190734863
0.17400002479553223 -1.2300000190734863 3.068000078201294
0.10800004005432129 -1.1159999370574951 3.200000047683716
-0.04799997806549072 -0.671999990940094 2.828000068664551
0.024000048637390137 -0.8460000157356262 2.7139999866485596
0.7260000705718994 0.5399999618530273 2.078000068664551
-0.08399999141693115 -0.5339999794960022 2.930000066757202
-0.09000003337860107 -0.49800002574920654 2.9539999961853027
-0.04799997806549072 -0.671999990940094 2.822000026702881
0.011999964714050293 -0.8219999670982361 2.7260000705718994
0.10800004005432129 -1.121999979019165 3.1760001182556152
0.20399999618530273 -1.2719999551773071 3.128000020980835
0.5820000171661377 -0.1499999761581421 1.8259999752044678
0.18599998950958252 -1.2480000257492065 3.128000020980835
-0.011999964714050293 -0.7739999890327454 2.76200008392334
0.8039999008178711 -0.07799994945526123 1.718000054359436
0.10199999809265137 -1.0980000495910645 3.253999948501587
0.10199999809265137 -1.0920000076293945 3.2780001163482666
0.4500000476837158 -0.3240000009536743 1.9040000438690186
0.18000006675720215 -1.2419999837875366 3.1040000915527344
0.21599996089935303 -1.2899999618530273 3.1100001335144043
0.07200002670288086 -1.0679999589920044 3.055999994277954
0.07800006866455078 -1.0799999237060547 3.074000120162964
0.7200000286102295 0.5399999618530273 2.078000068664551
0.7560000419616699 0.5399999618530273 2.053999900817871
0.48000001907348633 -0.18599998950958252 1.8919999599456787
0.4500000476837158 -0.2999999523162842 1.9040000438690186
0.0 -0.8100000023841858 2.75
-0.023999929428100586 -0.75 2.7799999713897705
0.8519999980926514 -0.059999942779541016 1.7000000476837158
0.029999971389770508 -0.8640000224113464 2.7019999027252197
0.17400002479553223 -1.2360000610351562 3.0799999237060547
-0.07200002670288086 -0.5999999642372131 2.875999927520752
-0.07799994945526123 -0.5699999928474426 2.888000011444092
0.7260000705718994 -0.10199999809265137 1.7480000257492065
0.04200005531311035 -0.8819999694824219 2.677999973297119
-0.09000003337860107 -0.515999972820282 2.930000066757202
0.14400005340576172 -1.187999963760376 3.1700000762939453
0.4500000476837158 -0.26999998092651367 1.9040000438690186
0.690000057220459 0.5460000038146973 2.1019999980926514
-0.04799997806549072 -0.6959999799728394 2.828000068664551
0.14400005340576172 -1.187999963760376 3.1760001182556152
0.06599998474121094 -1.062000036239624 3.0380001068115234
-0.054000020027160645 -0.671999990940094 2.828000068664551
0.09599995613098145 -1.1100000143051147 3.181999921798706
0.6119999885559082 -0.14399993419647217 1.8020000457763672
0.875999927520752 -0.054000020027160645 1.687999963760376
0.4500000476837158 -0.3240000009536743 1.8980000019073486
0.09599995613098145 -1.0980000495910645 3.253999948501587
0.6540000438690186 -0.13199996948242188 1.777999997138977
0.08399999141693115 -1.0859999656677246 3.2120001316070557
0.4559999704360962 -0.1979999542236328 1.9040000438690186
0.08399999141693115 -1.0980000495910645 3.128000020980835
-0.07200002670288086 -0.6240000128746033 2.875999927520752
0.8580000400543213 0.6119999885559082 2.053999900817871
0.4500000476837158 -0.2999999523162842 1.8980000019073486
0.6600000858306885 0.5520000457763672 2.125999927520752
-0.04799997806549072 -0.6959999799728394 2.809999942779541
-0.08399999141693115 -0.5699999928474426 2.9000000953674316
0.38999998569488525 -0.26399993896484375 1.9520000219345093
0.7019999027252197 -0.10800004005432129 1.7540000677108765
0.18000006675720215 -1.253999948501587 3.1100001335144043
0.1499999761581421 -1.2120000123977661 3.0859999656677246
-0.023999929428100586 -0.7739999890327454 2.7799999713897705
0.437999963760376 -0.3240000009536743 1.9040000438690186
0.5280001163482666 -0.1679999828338623 1.850000023841858
0.7560000419616699 0.5520000457763672 2.053999900817871
0.4500000476837158 -0.20399999618530273 1.9040000438690186
0.6119999885559082 0.5220000743865967 2.131999969482422
0.17400002479553223 -1.2480000257492065 3.1040000915527344
-0.06599998474121094 -0.6480000019073486 2.8399999141693115
0.8280000686645508 -0.06599998474121094 1.7000000476837158
-0.023999929428100586 -0.7799999713897705 2.7799999713897705
0.029999971389770508 -0.8700000047683716 2.677999973297119
0.75 -0.09000003337860107 1.7300000190734863
0.6960000991821289 -0.10800004005432129 1.7540000677108765
0.07800006866455078 -1.0980000495910645 3.0859999656677246
0.7799999713897705 -0.07799994945526123 1.718000054359436
0.156000018119812 -1.2239999771118164 3.1040000915527344
0.07800006866455078 -1.0980000495910645 3.1040000915527344
0.10199999809265137 -1.1340000629425049 3.1700000762939453
0.22800004482269287 -1.3199999332427979 3.128000020980835
0.1260000467300415 -1.1699999570846558 3.200000047683716
0.156000018119812 -1.2239999771118164 3.128000020980835
0.22200000286102295 -1.3140000104904175 3.1100001335144043
0.09000003337860107 -1.0920000076293945 3.2780001163482666
-0.054000020027160645 -0.6959999799728394 2.815999984741211
0.4259999990463257 -0.33000004291534424 1.909999966621399
0.1499999761581421 -1.2179999351501465 3.1040000915527344
0.06599998474121094 -1.0799999237060547 3.062000036239624
-0.03600001335144043 -0.75 2.7860000133514404
0.6719999313354492 0.5460000038146973 2.1019999980926514
0.09000003337860107 -1.1100000143051147 3.2120001316070557
0.10199999809265137 -1.121999979019165 3.253999948501587
0.1499999761581421 -1.2179999351501465 3.128000020980835
0.10199999809265137 -1.128000020980835 3.2300000190734863
0.5580000877380371 -0.156000018119812 1.8259999752044678
0.6779999732971191 0.5520000457763672 2.1019999980926514
-0.04799997806549072 -0.7199999690055847 2.803999900817871
0.8700001239776611 -0.054000020027160645 1.6820000410079956
0.8519999980926514 0.5940001010894775 2.0299999713897705
0.3960000276565552 -0.3240000009536743 1.934000015258789
0.07800006866455078 -1.1039999723434448 3.0980000495910645
-0.07200002670288086 -0.6480000019073486 2.8519999980926514
0.4020000696182251 -0.33000004291534424 1.9279999732971191
0.09000003337860107 -1.121999979019165 3.1519999504089355
0.10199999809265137 -1.1399999856948853 3.1760001182556152
-0.04799997806549072 -0.7199999690055847 2.7980000972747803
0.024000048637390137 -0.8999999761581421 2.7260000705718994
0.20399999618530273 -1.2960000038146973 3.128000020980835
0.7260000705718994 0.5399999618530273 2.053999900817871
0.7139999866485596 0.564000129699707 2.0840001106262207
0.029999971389770508 -0.9179999828338623 2.7260000705718994
-0.018000006675720215 -0.7979999780654907 2.75
0.6359999179840088 0.5220000743865967 2.1019999980926514
0.4259999990463257 -0.24599993228912354 1.909999966621399
-0.029999971389770508 -0.7739999890327454 2.7680001258850098
0.029999971389770508 -0.906000018119812 2.7019999027252197
0.809999942779541 -0.06599998474121094 1.7000000476837158
0.7379999160766602 0.5520000457763672 2.053999900817871
0.5520000457763672 0.5039999485015869 2.1560001373291016
0.630000114440918 -0.1380000114440918 1.777999997138977
-0.07200002670288086 -0.6660000085830688 2.8519999980926514
0.6540000438690186 -0.1260000467300415 1.7660000324249268
0.4259999990463257 -0.2999999523162842 1.9040000438690186
0.9000000953674316 0.5940001010894775 2.0
0.7560000419616699 0.5460000038146973 2.0360000133514404
0.09000003337860107 -1.1159999370574951 3.2360000610351562
0.08399999141693115 -1.121999979019165 3.128000020980835
0.875999927520752 0.5820000171661377 2.0
0.38999998569488525 -0.2999999523162842 1.934000015258789
0.0 -0.8460000157356262 2.7260000705718994
0.6840000152587891 0.5399999618530273 2.078000068664551
0.10199999809265137 -1.1340000629425049 3.253999948501587
0.6660001277923584 0.5520000457763672 2.1019999980926514
0.4259999990463257 -0.26999998092651367 1.9040000438690186
-0.04799997806549072 -0.7440000176429749 2.803999900817871
0.10199999809265137 -1.1460000276565552 3.200000047683716
0.875999927520752 -0.0419999361038208 1.6759999990463257
-0.011999964714050293 -0.8219999670982361 2.73799991607666
0.07800006866455078 -1.1159999370574951 3.1040000915527344
-0.08399999141693115 -0.6240000128746033 2.864000082015991
0.18000006675720215 -1.2719999551773071 3.128000020980835
0.4919999837875366 -0.17400002479553223 1.8619999885559082
0.024000048637390137 -0.9120000004768372 2.7200000286102295
0.04799997806549072 -1.062000036239624 3.0439999103546143
-0.09599995613098145 -0.5999999642372131 2.930000066757202
0.8700001239776611 -0.04799997806549072 1.6759999990463257
0.10800004005432129 -1.1519999504089355 3.2360000610351562
0.7260000705718994 -0.09000003337860107 1.7300000190734863
0.8519999980926514 0.6059999465942383 2.0299999713897705
0.06599998474121094 -1.0980000495910645 3.1040000915527344
0.4320000410079956 -0.1979999542236328 1.9040000438690186
0.4259999990463257 -0.2999999523162842 1.8980000019073486
0.4320000410079956 -0.3179999589920044 1.8919999599456787
0.5039999485015869 -0.17400002479553223 1.850000023841858
0.5399999618530273 -0.16199994087219238 1.8259999752044678
0.09599995613098145 -1.128000020980835 3.2660000324249268
0.1499999761581421 -1.2360000610351562 3.115999937057495
0.09000003337860107 -1.121999979019165 3.253999948501587
0.19800007343292236 -1.3020000457763672 3.115999937057495
-0.09599995613098145 -0.5999999642372131 2.9000000953674316
0.156000018119812 -1.2419999837875366 3.1579999923706055
0.8280000686645508 -0.054000020027160645 1.687999963760376
0.8459999561309814 0.6059999465942383 2.0299999713897705
0.7439999580383301 0.5399999618530273 2.0299999713897705
0.5759999752044678 -0.1499999761581421 1.8020000457763672
-0.006000041961669922 -0.8460000157356262 2.7260000705718994
0.4259999990463257 -0.21000003814697266 1.9040000438690186
-0.09599995613098145 -0.6060000061988831 2.9000000953674316
0.0 -0.8640000224113464 2.7260000705718994
0.1260000467300415 -1.194000005722046 3.200000047683716
0.7019999027252197 -0.10199999809265137 1.7360000610351562
0.8580000400543213 0.5820000171661377 2.0
0.5520000457763672 0.4919999837875366 2.131999969482422
-0.059999942779541016 -0.7199999690055847 2.803999900817871
0.156000018119812 -1.2480000257492065 3.128000020980835
-0.09599995613098145 -0.5999999642372131 2.881999969482422
0.018000006675720215 -0.8999999761581421 2.7019999027252197
0.4559999704360962 -0.19200003147125244 1.8799999952316284
-0.08399999141693115 -0.6480000019073486 2.8519999980926514
0.054000020027160645 -1.0859999656677246 3.0799999237060547
-0.10199999809265137 -0.6060000061988831 2.941999912261963
0.09000003337860107 -1.1460000276565552 3.1519999504089355
0.7799999713897705 0.5699999332427979 2.0299999713897705
0.09000003337860107 -1.1399999856948853 3.200000047683716
0.16200006008148193 -1.2599999904632568 3.1100001335144043
0.7200000286102295 0.5280001163482666 2.0299999713897705
-0.07200002670288086 -0.6959999799728394 2.828000068664551
0.9600000381469727 0.6119999885559082 1.9760000705718994
0.09000003337860107 -1.1460000276565552 3.1760001182556152
0.6359999179840088 0.5160000324249268 2.078000068664551
0.6059999465942383 0.5160000324249268 2.1019999980926514
0.75 0.5520000457763672 2.0299999713897705
0.14400005340576172 -1.2360000610351562 3.128000020980835
0.40799999237060547 -0.33000004291534424 1.9040000438690186
-0.023999929428100586 -0.8219999670982361 2.75
0.07200002670288086 -1.121999979019165 3.128000020980835
-0.054000020027160645 -0.75 2.7920000553131104
0.75 -0.07799994945526123 1.7120000123977661
0.9300000667572021 0.5999999046325684 1.9760000705718994
0.3840000629425049 -0.26399993896484375 1.9279999732971191
0.7799999713897705 -0.06599998474121094 1.7000000476837158
-0.10199999809265137 -0.5999999642372131 2.9000000953674316
0.630000114440918 -0.1260000467300415 1.7660000324249268
0.10199999809265137 -1.1699999570846558 3.1700000762939453
-0.10199999809265137 -0.593999981880188 2.888000011444092
0.6540000438690186 0.5339999198913574 2.078000068664551
0.6540000438690186 -0.11399996280670166 1.7540000677108765
0.011999964714050293 -0.9120000004768372 2.7260000705718994
0.7019999027252197 0.5460000038146973 2.053999900817871
0.8399999141693115 0.6059999465942383 2.0240001678466797
0.07200002670288086 -1.121999979019165 3.1519999504089355
0.6059999465942383 -0.1380000114440918 1.777999997138977
0.10199999809265137 -1.1699999570846558 3.1760001182556152
-0.09599995613098145 -0.6240000128746033 2.875999927520752
0.4200000762939453 -0.3179999589920044 1.8919999599456787
0.20399999618530273 -1.3199999332427979 3.128000020980835
0.690000057220459 -0.10199999809265137 1.7360000610351562
-0.03600001335144043 -0.7979999780654907 2.76200008392334
0.7799999713897705 0.5759999752044678 2.0299999713897705
0.3840000629425049 -0.24599993228912354 1.9279999732971191
0.1260000467300415 -1.194000005722046 3.259999990463257
-0.09599995613098145 -0.6299999952316284 2.875999927520752
-0.07200002670288086 -0.7139999866485596 2.828000068664551
0.5520000457763672 -0.156000018119812 1.8079999685287476
-0.04799997806549072 -0.7739999890327454 2.7799999713897705
0.10199999809265137 -1.1699999570846558 3.200000047683716
0.0 -0.8700000047683716 2.7019999027252197
0.7019999027252197 -0.09000003337860107 1.7300000190734863
-0.023999929428100586 -0.8339999914169312 2.75
0.4020000696182251 -0.24599993228912354 1.909999966621399
-0.08399999141693115 -0.671999990940094 2.8399999141693115
0.4020000696182251 -0.3240000009536743 1.9040000438690186
0.48600006103515625 -0.1799999475479126 1.850000023841858
0.4020000696182251 -0.2999999523162842 1.9040000438690186
0.7019999027252197 0.5520000457763672 2.053999900817871
0.09599995613098145 -1.1579999923706055 3.2300000190734863
0.40799999237060547 -0.2999999523162842 1.8980000019073486
0.4259999990463257 -0.20399999618530273 1.8919999599456787
0.5820000171661377 0.5039999485015869 2.1019999980926514
0.18000006675720215 -1.2960000038146973 3.121999979019165
0.1260000467300415 -1.2179999351501465 3.1519999504089355
0.6660001277923584 0.5580000877380371 2.0840001106262207
0.18000006675720215 -1.2960000038146973 3.128000020980835
0.8459999561309814 0.5699999332427979 1.9819999933242798
0.10800004005432129 -1.194000005722046 3.1100001335144043
0.6540000438690186 0.5220000743865967 2.059999942779541
0.07800006866455078 -1.1460000276565552 3.0980000495910645
0.07800006866455078 -1.1460000276565552 3.1040000915527344
0.9000000953674316 0.5940001010894775 1.9760000705718994
0.4020000696182251 -0.26999998092651367 1.9040000438690186
0.8399999141693115 0.5880000591278076 2.0
0.09599995613098145 -1.1699999570846558 3.1760001182556152
-0.029999971389770508 -0.8219999670982361 2.74399995803833
0.7200000286102295 0.5280001163482666 2.0180001258850098
0.875999927520752 0.5820000171661377 1.9760000705718994
0.5339999198913574 0.48600006103515625 2.125999927520752
0.07800006866455078 -1.1460000276565552 3.128000020980835
0.8280000686645508 -0.04799997806549072 1.6759999990463257
0.07200002670288086 -1.1340000629425049 3.1519999504089355
-0.006000041961669922 -0.8700000047683716 2.7079999446868896
-0.054000020027160645 -0.7739999890327454 2.7860000133514404
0.3960000276565552 -0.3240000009536743 1.9040000438690186
-0.10199999809265137 -0.6240000128746033 2.870000123977661
0.04799997806549072 -1.0980000495910645 3.0859999656677246
0.3960000276565552 -0.2999999523162842 1.9040000438690186
0.6779999732971191 0.5399999618530273 2.053999900817871
0.75 0.5399999618530273 2.00600004196167
0.9720001220703125 0.6059999465942383 1.9520000219345093
0.10800004005432129 -1.194000005722046 3.1760001182556152
0.14400005340576172 -1.2480000257492065 3.1760001182556152
0.0 -0.8700000047683716 2.677999973297119
-0.04799997806549072 -0.7979999780654907 2.7799999713897705
0.7799999713897705 0.5820000171661377 2.0240001678466797
0.060000061988830566 -1.121999979019165 3.0799999237060547
0.04799997806549072 -1.0980000495910645 3.128000020980835
0.8039999008178711 -0.054000020027160645 1.6820000410079956
0.38999998569488525 -0.26999998092651367 1.909999966621399
0.630000114440918 0.5280001163482666 2.078000068664551
0.0 -0.8759999871253967 2.684000015258789
0.7139999866485596 0.5220000743865967 2.01200008392334
0.7260000705718994 0.5520000457763672 2.0299999713897705
0.13199996948242188 -1.2239999771118164 3.2300000190734863
-0.08399999141693115 -0.6959999799728394 2.828000068664551
0.10199999809265137 -1.194000005722046 3.0799999237060547
0.10199999809265137 -1.194000005722046 3.055999994277954
0.5099999904632568 -0.1679999828338623 1.8259999752044678
0.1260000467300415 -1.2239999771118164 3.1760001182556152
0.10199999809265137 -1.194000005722046 3.049999952316284
0.11399996280670166 -1.2120000123977661 3.1040000915527344
0.624000072479248 0.5039999485015869 2.059999942779541
0.7260000705718994 -0.07799994945526123 1.7120000123977661
0.4020000696182251 -0.21599996089935303 1.9040000438690186
0.156000018119812 -1.2719999551773071 3.128000020980835
0.10800004005432129 -1.194000005722046 3.200000047683716
-0.04799997806549072 -0.8040000200271606 2.7799999713897705
0.11399996280670166 -1.2120000123977661 3.128000020980835
0.07200002670288086 -1.1460000276565552 3.1040000915527344
0.4320000410079956 -0.1979999542236328 1.8799999952316284
0.6719999313354492 0.5399999618530273 2.053999900817871
0.10800004005432129 -1.2059999704360962 3.0799999237060547
0.75 -0.07200002670288086 1.7000000476837158
0.10199999809265137 -1.194000005722046 3.140000104904175
0.07200002670288086 -1.1460000276565552 3.128000020980835
0.48000001907348633 -0.1799999475479126 1.843999981880188
0.1260000467300415 -1.2239999771118164 3.200000047683716
0.14400005340576172 -1.253999948501587 3.1760001182556152
1.0320000648498535 0.6359999179840088 1.9520000219345093
0.10199999809265137 -1.194000005722046 3.1519999504089355
0.7200000286102295 0.5520000457763672 2.0299999713897705
-0.07799994945526123 -0.7199999690055847 2.809999942779541
0.6779999732971191 0.5399999618530273 2.047999858856201
0.13199996948242188 -1.2239999771118164 3.253999948501587
0.630000114440918 -0.11399996280670166 1.7540000677108765
0.8580000400543213 0.5820000171661377 1.9760000705718994
-0.10800004005432129 -0.6240000128746033 2.875999927520752
0.6059999465942383 -0.1260000467300415 1.7660000324249268
0.9839999675750732 0.6180000305175781 1.9520000219345093
0.08399999141693115 -1.1699999570846558 3.1040000915527344
0.6779999732971191 -0.09599995613098145 1.7300000190734863
-0.09599995613098145 -0.671999990940094 2.8519999980926514
0.10199999809265137 -1.2000000476837158 3.055999994277954
0.10199999809265137 -1.2000000476837158 3.049999952316284
0.12000000476837158 -1.2239999771118164 3.1519999504089355
0.156000018119812 -1.277999997138977 3.121999979019165
0.08399999141693115 -1.1699999570846558 3.128000020980835
0.6059999465942383 0.5160000324249268 2.078000068664551
0.5999999046325684 0.5039999485015869 2.072000026702881
0.054000020027160645 -1.121999979019165 3.1040000915527344
-0.029999971389770508 -0.8460000157356262 2.73799991607666
-0.07200002670288086 -0.75 2.803999900817871
0.08399999141693115 -1.1699999570846558 3.1519999504089355
0.6359999179840088 0.5160000324249268 2.053999900817871
-0.12000000476837158 -0.5999999642372131 2.930000066757202
-0.006000041961669922 -0.906000018119812 2.7260000705718994
0.875999927520752 -0.029999971389770508 1.6519999504089355
0.07200002670288086 -1.1460000276565552 3.187999963760376
0.7439999580383301 0.5399999618530273 2.0
1.0139999389648438 0.6600000858306885 1.9760000705718994
0.6359999179840088 0.5099999904632568 2.047999858856201
0.9360001087188721 0.5999999046325684 1.9520000219345093
0.09599995613098145 -1.194000005722046 3.1040000915527344
-0.09599995613098145 -0.6840000152587891 2.8519999980926514
0.6779999732971191 0.5520000457763672 2.053999900817871
0.06599998474121094 -1.1460000276565552 3.068000078201294
0.8039999008178711 -0.04799997806549072 1.6759999990463257
0.5759999752044678 -0.14399993419647217 1.777999997138977
0.04799997806549072 -1.1100000143051147 3.1519999504089355
0.7560000419616699 0.564000129699707 2.01200008392334
1.0320000648498535 0.6359999179840088 1.9459999799728394
0.8640000820159912 0.564000129699707 1.9520000219345093
0.12000000476837158 -1.2239999771118164 3.200000047683716
0.5820000171661377 0.49800002574920654 2.078000068664551
0.5099999904632568 0.48000001907348633 2.125999927520752
0.09599995613098145 -1.194000005722046 3.1519999504089355
0.5940001010894775 0.5099999904632568 2.078000068664551
0.07800006866455078 -1.1699999570846558 3.068000078201294
0.07800006866455078 -1.1699999570846558 3.0799999237060547
-0.07200002670288086 -0.7619999647140503 2.803999900817871
0.5460000038146973 0.4919999837875366 2.1019999980926514
0.5520000457763672 0.49800002574920654 2.1019999980926514
0.1260000467300415 -1.2300000190734863 3.2300000190734863
0.08399999141693115 -1.1699999570846558 3.200000047683716
0.6540000438690186 -0.10199999809265137 1.7360000610351562
-0.10800004005432129 -0.6480000019073486 2.864000082015991
0.12000000476837158 -1.2300000190734863 3.181999921798706
-0.023999929428100586 -0.8700000047683716 2.7260000705718994
0.16200006008148193 -1.2960000038146973 3.128000020980835
-0.12000000476837158 -0.6119999885559082 2.9000000953674316
0.18000006675720215 -1.3199999332427979 3.128000020980835
0.11399996280670166 -1.2239999771118164 3.1760001182556152
0.09000003337860107 -1.194000005722046 3.0799999237060547
0.12000000476837158 -1.2300000190734863 3.200000047683716
0.1260000467300415 -1.2360000610351562 3.2179999351501465
0.37800002098083496 -0.22800004482269287 1.909999966621399
0.09599995613098145 -1.2000000476837158 3.1519999504089355
0.011999964714050293 -1.0499999523162842 2.9779999256134033
0.09000003337860107 -1.194000005722046 3.0260000228881836
0.5280001163482666 -0.156000018119812 1.8020000457763672
0.09000003337860107 -1.194000005722046 3.0199999809265137
0.4559999704360962 -0.18599998950958252 1.850000023841858
0.9300000667572021 0.6059999465942383 1.9520000219345093
0.12000000476837158 -1.2239999771118164 3.242000102996826
0.09000003337860107 -1.194000005722046 3.128000020980835
0.3840000629425049 -0.22200000286102295 1.9040000438690186
0.6059999465942383 0.5280001163482666 2.078000068664551
-0.023999929428100586 -0.8759999871253967 2.7260000705718994
-0.059999942779541016 -0.7979999780654907 2.7739999294281006
0.5099999904632568 0.46800005435943604 2.1080000400543213
-0.07799994945526123 -0.75 2.7980000972747803
-0.04799997806549072 -0.8219999670982361 2.75
0.7260000705718994 -0.07200002670288086 1.7000000476837158
-0.011999964714050293 -0.906000018119812 2.7200000286102295
-0.011999964714050293 -0.8939999938011169 2.7019999027252197
0.1260000467300415 -1.2480000257492065 3.1519999504089355
0.624000072479248 0.5520000457763672 2.0840001106262207
0.12000000476837158 -1.2239999771118164 3.253999948501587
0.9539999961853027 0.6059999465942383 1.940000057220459
0.09000003337860107 -1.187999963760376 3.200000047683716
0.08399999141693115 -1.1820000410079956 3.1760001182556152
0.564000129699707 0.49800002574920654 2.0840001106262207
0.9119999408721924 0.5999999046325684 1.9520000219345093
0.07200002670288086 -1.1699999570846558 3.062000036239624
1.002000093460083 0.6540000438690186 1.9639999866485596
0.6540000438690186 0.5520000457763672 2.059999942779541
0.07800006866455078 -1.1640000343322754 2.9060001373291016
0.12000000476837158 -1.2300000190734863 3.2300000190734863
0.9539999961853027 0.5999999046325684 1.934000015258789
0.09000003337860107 -1.2000000476837158 3.0799999237060547
0.8519999980926514 -0.029999971389770508 1.6519999504089355
0.09000003337860107 -1.2000000476837158 3.1040000915527344
0.07800006866455078 -1.1699999570846558 2.930000066757202
0.6059999465942383 -0.12000000476837158 1.7540000677108765
0.7799999713897705 -0.054000020027160645 1.6759999990463257
-0.07200002670288086 -0.7860000133514404 2.803999900817871
0.1260000467300415 -1.2360000610351562 3.253999948501587
0.07200002670288086 -1.1699999570846558 3.134000062942505
0.029999971389770508 -1.0980000495910645 3.1040000915527344
0.08399999141693115 -1.187999963760376 2.9839999675750732
0.9900000095367432 0.6180000305175781 1.934000015258789
0.6540000438690186 -0.09599995613098145 1.7300000190734863
0.5759999752044678 0.4919999837875366 2.065999984741211
-0.10800004005432129 -0.671999990940094 2.8519999980926514
0.04200005531311035 -1.121999979019165 3.0920000076293945
0.8340001106262207 0.5880000591278076 1.9760000705718994
0.09599995613098145 -1.2059999704360962 3.1760001182556152
0.9479999542236328 0.5940001010894775 1.9279999732971191
0.1679999828338623 -1.3140000104904175 3.121999979019165
0.40799999237060547 -0.20399999618530273 1.8799999952316284
0.12000000476837158 -1.2300000190734863 3.253999948501587
0.09599995613098145 -1.2120000123977661 3.128000020980835
-0.06599998474121094 -0.7979999780654907 2.7799999713897705
0.875999927520752 0.5999999046325684 1.9639999866485596
0.7019999027252197 -0.07799994945526123 1.7059999704360962
-0.054000020027160645 -0.8219999670982361 2.75600004196167
0.054000020027160645 -1.1460000276565552 3.0799999237060547
-0.029999971389770508 -0.8700000047683716 2.7200000286102295
-0.10199999809265137 -0.6959999799728394 2.8340001106262207
0.011999964714050293 -1.0679999589920044 3.0260000228881836
-0.09599995613098145 -0.7199999690055847 2.828000068664551
0.48000001907348633 -0.17400002479553223 1.8259999752044678
0.0 -1.0379999876022339 2.9660000801086426
0.6480000019073486 -0.09599995613098145 1.7300000190734863
1.002000093460083 0.6480000019073486 1.9520000219345093
0.9720001220703125 0.6359999179840088 1.9520000219345093
-0.13199996948242188 -0.5999999642372131 2.9179999828338623
0.03600001335144043 -1.1159999370574951 3.128000020980835
-0.12000000476837158 -0.6480000019073486 2.875999927520752
0.37199997901916504 -0.22800004482269287 1.9040000438690186
1.002000093460083 0.630000114440918 1.934000015258789
-0.04799997806549072 -0.8460000157356262 2.75
1.002000093460083 0.624000072479248 1.9279999732971191
0.1679999828338623 -1.3199999332427979 3.128000020980835
0.5520000457763672 -0.1380000114440918 1.777999997138977
0.7079999446868896 -0.07200002670288086 1.7000000476837158
-0.12000000476837158 -0.6539999842643738 2.875999927520752
0.8340001106262207 -0.029999971389770508 1.6519999504089355
0.9779999256134033 0.6419999599456787 1.9520000219345093
0.07200002670288086 -1.1640000343322754 2.888000011444092
0.024000048637390137 -1.0980000495910645 3.128000020980835
0.07800006866455078 -1.194000005722046 3.055999994277954
0.09599995613098145 -1.2120000123977661 3.200000047683716
0.9000000953674316 0.6059999465942383 1.9520000219345093
0.9060001373291016 0.6359999179840088 1.9760000705718994
-0.03600001335144043 -0.8700000047683716 2.7260000705718994
-0.04799997806549072 -0.8519999980926514 2.75
0.48000001907348633 0.4739999771118164 2.125999927520752
0.630000114440918 0.5460000038146973 2.059999942779541
0.04799997806549072 -1.1460000276565552 3.0799999237060547
0.4919999837875366 0.4739999771118164 2.113999843597412
0.5160000324249268 0.48600006103515625 2.1019999980926514
0.9360001087188721 0.6119999885559082 1.940000057220459
0.11399996280670166 -1.2480000257492065 3.1519999504089355
0.07200002670288086 -1.1759999990463257 2.930000066757202
0.9900000095367432 0.630000114440918 1.934000015258789
0.6840000152587891 0.5580000877380371 2.0299999713897705
0.9419999122619629 0.5880000591278076 1.9160000085830688
0.7260000705718994 0.5699999332427979 2.01200008392334
0.5460000038146973 0.49800002574920654 2.0840001106262207
-0.023999929428100586 -0.8819999694824219 2.684000015258789
0.37199997901916504 -0.22800004482269287 1.8980000019073486
0.5759999752044678 -0.1260000467300415 1.7599999904632568
0.08399999141693115 -1.194000005722046 3.2300000190734863
0.5039999485015869 -0.16199994087219238 1.8020000457763672
0.7560000419616699 -0.054000020027160645 1.6759999990463257
-0.09599995613098145 -0.75 2.828000068664551
0.75 0.5759999752044678 2.0
0.4020000696182251 -0.20399999618530273 1.8739999532699585
0.8519999980926514 0.5999999046325684 1.9639999866485596
0.48000001907348633 0.48000001907348633 2.125999927520752
0.1260000467300415 -1.2719999551773071 3.121999979019165
-0.054000020027160645 -0.8460000157356262 2.75
0.1260000467300415 -1.2719999551773071 3.128000020980835
0.630000114440918 0.5520000457763672 2.059999942779541
0.018000006675720215 -1.0980000495910645 3.1040000915527344
0.08399999141693115 -1.2120000123977661 3.055999994277954
0.630000114440918 -0.10199999809265137 1.7300000190734863
0.08399999141693115 -1.2120000123977661 3.0380001068115234
-0.14399993419647217 -0.5999999642372131 2.9779999256134033
-0.09599995613098145 -0.7559999823570251 2.828000068664551
0.0 -1.062000036239624 3.002000093460083
0.029999971389770508 -1.121999979019165 3.1040000915527344
0.07200002670288086 -1.194000005722046 3.0320000648498535
0.1260000467300415 -1.2719999551773071 3.1519999504089355
0.07200002670288086 -1.187999963760376 2.9600000381469727
0.6059999465942383 0.5399999618530273 2.065999984741211
0.5699999332427979 0.48600006103515625 2.047999858856201
-0.07799994945526123 -0.7979999780654907 2.7860000133514404
0.5520000457763672 0.5039999485015869 2.078000068664551
0.0 -1.062000036239624 2.9779999256134033
-0.14399993419647217 -0.5999999642372131 2.9539999961853027
-0.006000041961669922 -1.0499999523162842 2.9779999256134033
0.06599998474121094 -1.1699999570846558 2.9000000953674316
0.5759999752044678 0.5280001163482666 2.078000068664551
-0.023999929428100586 -1.0019999742507935 2.9179999828338623
0.8280000686645508 -0.029999971389770508 1.6460000276565552
0.4620000123977661 -0.17400002479553223 1.8259999752044678
0.9539999961853027 0.630000114440918 1.940000057220459
-0.09599995613098145 -0.75 2.803999900817871
0.4739999771118164 0.48000001907348633 2.125999927520752
0.875999927520752 0.6059999465942383 1.9520000219345093
0.054000020027160645 -1.1699999570846558 3.0799999237060547
-0.10800004005432129 -0.7199999690055847 2.828000068664551
0.16200006008148193 -1.3259999752044678 3.140000104904175
-0.07200002670288086 -0.8219999670982361 2.7799999713897705
0.624000072479248 0.49800002574920654 2.01200008392334
0.4259999990463257 -0.19200003147125244 1.850000023841858
0.06599998474121094 -1.1759999990463257 2.9119999408721924
0.49800002574920654 0.4739999771118164 2.0959999561309814
0.8159999847412109 0.5999999046325684 1.9760000705718994
-0.09000003337860107 -0.7739999890327454 2.7980000972747803
0.1260000467300415 -1.2719999551773071 3.200000047683716
0.1260000467300415 -1.277999997138977 3.1519999504089355
0.5039999485015869 -0.156000018119812 1.7960000038146973
0.4500000476837158 -0.1799999475479126 1.8320000171661377
0.5759999752044678 -0.12000000476837158 1.7540000677108765
0.5339999198913574 -0.1380000114440918 1.777999997138977
0.10199999809265137 -1.2480000257492065 3.062000036239624
0.10199999809265137 -1.2480000257492065 3.0799999237060547
0.011999964714050293 -1.0980000495910645 3.0799999237060547
0.8039999008178711 -0.03600001335144043 1.6519999504089355
0.07200002670288086 -1.2000000476837158 3.002000093460083
0.10199999809265137 -1.2480000257492065 3.1040000915527344
-0.07200002670288086 -0.828000009059906 2.7799999713897705
-0.029999971389770508 -0.8999999761581421 2.7019999027252197
-0.13199996948242188 -0.6480000019073486 2.875999927520752
0.06599998474121094 -1.194000005722046 3.055999994277954
0.10199999809265137 -1.2480000257492065 3.128000020980835
-0.1380000114440918 -0.6240000128746033 2.888000011444092
-0.023999929428100586 -1.0139999389648438 2.930000066757202
-0.12000000476837158 -0.6959999799728394 2.8519999980926514
0.75 -0.054000020027160645 1.6699999570846558
0.3960000276565552 0.4559999704360962 2.180000066757202
0.8039999008178711 0.624000072479248 2.0
-0.029999971389770508 -0.8880000114440918 2.677999973297119
0.6779999732971191 -0.07799994945526123 1.7000000476837158
0.006000041961669922 -1.0920000076293945 3.055999994277954
0.8159999847412109 0.6059999465942383 1.9760000705718994
0.14400005340576172 -1.3079999685287476 3.1579999923706055
0.5999999046325684 0.5399999618530273 2.059999942779541
0.8280000686645508 0.5999999046325684 1.9639999866485596
0.7019999027252197 0.5699999332427979 2.01200008392334
0.11399996280670166 -1.2719999551773071 3.0799999237060547
0.5039999485015869 0.46800005435943604 2.078000068664551
-0.011999964714050293 -1.0499999523162842 2.9539999961853027
-0.09599995613098145 -0.7739999890327454 2.803999900817871
0.0 -1.0799999237060547 2.996000051498413
0.11399996280670166 -1.2719999551773071 3.1040000915527344
0.37800002098083496 -0.21599996089935303 1.8799999952316284
-0.029999971389770508 -1.0080000162124634 2.930000066757202
0.7260000705718994 0.5759999752044678 2.0
0.11399996280670166 -1.2719999551773071 3.128000020980835
-0.1499999761581421 -0.5999999642372131 2.930000066757202
0.09599995613098145 -1.2480000257492065 3.0799999237060547
-0.006000041961669922 -1.0679999589920044 2.9779999256134033
0.13199996948242188 -1.2899999618530273 3.200000047683716
-0.029999971389770508 -1.0080000162124634 2.9240000247955322
0.14400005340576172 -1.3140000104904175 3.128000020980835
0.09599995613098145 -1.2480000257492065 3.1040000915527344
-0.07799994945526123 -0.8219999670982361 2.7739999294281006
0.7260000705718994 -0.059999942779541016 1.6759999990463257
0.0 -1.0859999656677246 3.0260000228881836
-0.17400002479553223 -0.36000001430511475 3.0320000648498535
-0.1499999761581421 -0.6060000061988831 2.930000066757202
-0.17400002479553223 -0.34800004959106445 3.0320000648498535
-0.054000020027160645 -0.8700000047683716 2.7320001125335693
0.564000129699707 -0.12000000476837158 1.7540000677108765
0.809999942779541 0.5940001010894775 1.9639999866485596
0.0 -1.0859999656677246 3.002000093460083
0.5460000038146973 0.5160000324249268 2.078000068664551
-0.13199996948242188 -0.671999990940094 2.864000082015991
0.13199996948242188 -1.2960000038146973 3.1760001182556152
-0.12000000476837158 -0.7199999690055847 2.8519999980926514
0.8519999980926514 0.6059999465942383 1.9520000219345093
0.6059999465942383 -0.10199999809265137 1.7300000190734863
0.029999971389770508 -1.1460000276565552 3.1040000915527344
0.48000001907348633 -0.16199994087219238 1.8020000457763672
0.1260000467300415 -1.2960000038146973 3.0920000076293945
-0.1260000467300415 -0.6959999799728394 2.8459999561309814
0.8519999980926514 -0.018000006675720215 1.628000020980835
0.7799999713897705 -0.0419999361038208 1.6519999504089355
0.1260000467300415 -1.2960000038146973 3.1040000915527344
0.09599995613098145 -1.253999948501587 3.0799999237060547
0.018000006675720215 -1.121999979019165 3.1519999504089355
-0.10800004005432129 -0.75 2.809999942779541
0.10800004005432129 -1.2719999551773071 3.055999994277954
0.5039999485015869 0.49800002574920654 2.0959999561309814
-0.023999929428100586 -1.0320000648498535 2.930000066757202
0.1260000467300415 -1.2960000038146973 3.128000020980835
-0.006000041961669922 -1.0740000009536743 2.9539999961853027
0.9300000667572021 0.630000114440918 1.934000015258789
0.11399996280670166 -1.277999997138977 3.1519999504089355
0.12000000476837158 -1.284000039100647 3.1760001182556152
0.5520000457763672 0.5280001163482666 2.078000068664551
0.09000003337860107 -1.2480000257492065 3.0380001068115234
-0.09599995613098145 -0.7979999780654907 2.803999900817871
0.6600000858306885 -0.07799994945526123 1.7000000476837158
0.054000020027160645 -1.194000005722046 3.0799999237060547
-0.1499999761581421 -0.6240000128746033 2.9000000953674316
0.1260000467300415 -1.3020000457763672 3.0920000076293945
0.13199996948242188 -1.3020000457763672 3.194000005722046
0.5520000457763672 -0.1260000467300415 1.7540000677108765
-0.04799997806549072 -0.8999999761581421 2.7260000705718994
0.11399996280670166 -1.284000039100647 3.128000020980835
-0.1799999475479126 -0.34800004959106445 3.0320000648498535
0.34200000762939453 0.4320000410079956 2.2039999961853027
0.809999942779541 0.630000114440918 1.9880000352859497
0.09599995613098145 -1.2599999904632568 3.1040000915527344
-0.1799999475479126 -0.3539999723434448 3.0199999809265137
0.10800004005432129 -1.2719999551773071 3.1760001182556152
-0.1799999475479126 -0.3240000009536743 3.0320000648498535
-0.1499999761581421 -0.6299999952316284 2.9000000953674316
0.6059999465942383 -0.10199999809265137 1.7239999771118164
0.12000000476837158 -1.2960000038146973 3.0799999237060547
0.12000000476837158 -1.2960000038146973 3.1040000915527344
0.4020000696182251 -0.1979999542236328 1.850000023841858
0.3359999656677246 -0.22200000286102295 1.9040000438690186
-0.1799999475479126 -0.41999995708465576 3.002000093460083
0.0 -1.1039999723434448 3.0380001068115234
0.10199999809265137 -1.2719999551773071 3.0380001068115234
0.3539999723434448 0.4320000410079956 2.185999870300293
0.06599998474121094 -1.2179999351501465 3.0260000228881836
0.054000020027160645 -1.2000000476837158 3.0799999237060547
0.03600001335144043 -1.1699999570846558 3.1040000915527344
0.8340001106262207 -0.018000006675720215 1.628000020980835
0.12000000476837158 -1.2899999618530273 3.200000047683716
0.9000000953674316 0.624000072479248 1.934000015258789
-0.1799999475479126 -0.41999995708465576 2.9779999256134033
0.7019999027252197 0.5759999752044678 2.0
-0.1260000467300415 -0.7199999690055847 2.8340001106262207
0.7439999580383301 0.6059999465942383 2.0
0.1260000467300415 -1.3079999685287476 3.1040000915527344
0.8280000686645508 0.6059999465942383 1.9520000219345093
0.6840000152587891 0.5699999332427979 2.00600004196167
-0.09000003337860107 -0.8219999670982361 2.7799999713897705
0.10199999809265137 -1.2719999551773071 3.1519999504089355
0.48000001907348633 0.4919999837875366 2.1019999980926514
-0.006000041961669922 -1.0920000076293945 2.9779999256134033
0.5039999485015869 -0.14399993419647217 1.777999997138977
0.7019999027252197 -0.059999942779541016 1.6759999990463257
0.4200000762939453 0.4919999837875366 2.1620001792907715
-0.1799999475479126 -0.4500000476837158 2.9720001220703125
0.006000041961669922 -1.121999979019165 3.0799999237060547
-0.16199994087219238 -0.5999999642372131 2.930000066757202
0.3240000009536743 -0.22800004482269287 1.909999966621399
0.006000041961669922 -1.121999979019165 3.1040000915527344
-0.12000000476837158 -0.75 2.828000068664551
0.10199999809265137 -1.277999997138977 3.0380001068115234
0.7260000705718994 -0.054000020027160645 1.6640000343322754
-0.006000041961669922 -1.0980000495910645 3.002000093460083
0.8039999008178711 -0.029999971389770508 1.6340000629425049
-0.18599998950958252 -0.36000001430511475 3.0320000648498535
0.006000041961669922 -1.121999979019165 3.128000020980835
0.75 0.5880000591278076 1.9760000705718994
-0.156000018119812 -0.6240000128746033 2.8940000534057617
-0.10199999809265137 -0.7979999780654907 2.7920000553131104
0.48000001907348633 -0.156000018119812 1.7899999618530273
-0.054000020027160645 -0.9179999828338623 2.75
0.4020000696182251 0.4620000123977661 2.1500000953674316
0.6540000438690186 -0.07799994945526123 1.694000005722046
0.10800004005432129 -1.2899999618530273 3.055999994277954
0.4259999990463257 -0.1799999475479126 1.8259999752044678
-0.07200002670288086 -0.8700000047683716 2.75
-0.054000020027160645 -0.8939999938011169 2.7079999446868896
0.029999971389770508 -1.1699999570846558 3.0799999237060547
0.3539999723434448 -0.22200000286102295 1.8799999952316284
0.7379999160766602 0.5820000171661377 1.9760000705718994
0.07800006866455078 -1.2480000257492065 3.055999994277954
0.12000000476837158 -1.3079999685287476 3.1040000915527344
0.75 -0.0419999361038208 1.6519999504089355
-0.08399999141693115 -0.8460000157356262 2.76200008392334
-0.07200002670288086 -0.8759999871253967 2.75
0.11399996280670166 -1.3020000457763672 3.0859999656677246
-0.018000006675720215 -1.0740000009536743 2.930000066757202
0.5759999752044678 -0.10800004005432129 1.7300000190734863
-0.0419999361038208 -1.0320000648498535 2.9779999256134033
0.060000061988830566 -1.2239999771118164 3.055999994277954
0.0 -1.121999979019165 3.055999994277954
0.809999942779541 0.6059999465942383 1.9520000219345093
0.75 0.5880000591278076 1.9700000286102295
-0.03600001335144043 -1.0379999876022339 2.930000066757202
0.13199996948242188 -1.3259999752044678 3.140000104904175
0.48000001907348633 0.49800002574920654 2.0959999561309814
0.4919999837875366 -0.14399993419647217 1.777999997138977
-0.18599998950958252 -0.4620000123977661 2.9779999256134033
-0.1499999761581421 -0.671999990940094 2.875999927520752
0.9000000953674316 0.630000114440918 1.9279999732971191
-0.006000041961669922 -1.1100000143051147 3.002000093460083
0.6840000152587891 0.5759999752044678 2.0
0.4620000123977661 0.48600006103515625 2.1019999980926514
-0.12000000476837158 -0.7739999890327454 2.828000068664551
0.5280001163482666 0.5280001163482666 2.078000068664551
0.07800006866455078 -1.253999948501587 3.055999994277954
0.0 -1.121999979019165 3.002000093460083
0.12000000476837158 -1.3020000457763672 3.2179999351501465
-0.059999942779541016 -0.906000018119812 2.7320001125335693
0.37800002098083496 -0.20399999618530273 1.8560000658035278
0.5339999198913574 0.5280001163482666 2.072000026702881
-0.17400002479553223 -0.13199996948242188 3.128000020980835
0.4259999990463257 -0.1799999475479126 1.8200000524520874
0.3840000629425049 0.4500000476837158 2.1500000953674316
-0.04799997806549072 -1.0199999809265137 2.9539999961853027
-0.19200003147125244 -0.3240000009536743 3.055999994277954
-0.006000041961669922 -1.1100000143051147 2.9779999256134033
0.630000114440918 -0.08399999141693115 1.7000000476837158
0.011999964714050293 -1.1460000276565552 3.002000093460083
0.8039999008178711 -0.023999929428100586 1.628000020980835
0.0 -1.121999979019165 2.9779999256134033
0.5280001163482666 -0.1260000467300415 1.7540000677108765
-0.12000000476837158 -0.7799999713897705 2.828000068664551
-0.14399993419647217 -0.6959999799728394 2.8519999980926514
-0.1499999761581421 -0.6840000152587891 2.875999927520752
-0.19200003147125244 -0.312000036239624 3.0139999389648438
-0.011999964714050293 -1.0980000495910645 2.9539999961853027
0.011999964714050293 -1.1460000276565552 2.9779999256134033
0.4500000476837158 -0.16199994087219238 1.8020000457763672
0.6779999732971191 -0.06599998474121094 1.6759999990463257
-0.10199999809265137 -0.8219999670982361 2.7860000133514404
0.0 -1.121999979019165 2.9539999961853027
-0.19200003147125244 -0.4440000057220459 3.002000093460083
-0.17400002479553223 -0.5999999642372131 2.9539999961853027
0.875999927520752 0.624000072479248 1.9279999732971191
-0.12000000476837158 -0.7739999890327454 2.803999900817871
0.4140000343322754 0.48600006103515625 2.1440000534057617
-0.17400002479553223 -0.6060000061988831 2.9539999961853027
-0.19200003147125244 -0.48000001907348633 3.0380001068115234
0.7019999027252197 -0.054000020027160645 1.6640000343322754
-0.006000041961669922 -1.121999979019165 3.0260000228881836
0.011999964714050293 -1.1519999504089355 3.1519999504089355
0.006000041961669922 -1.1460000276565552 3.055999994277954
-0.09599995613098145 -0.8460000157356262 2.7799999713897705
0.006000041961669922 -1.1460000276565552 3.1040000915527344
-0.156000018119812 -0.671999990940094 2.875999927520752
0.37800002098083496 -0.1979999542236328 1.850000023841858
0.006000041961669922 -1.1460000276565552 3.0260000228881836
-0.04799997806549072 -1.0320000648498535 2.9539999961853027
0.40799999237060547 0.4620000123977661 2.125999927520752
0.7920000553131104 -0.023999929428100586 1.628000020980835
0.7260000705718994 -0.04799997806549072 1.6519999504089355
0.006000041961669922 -1.1460000276565552 3.128000020980835
-0.1979999542236328 -0.37800002098083496 3.068000078201294
-0.1979999542236328 -0.37199997901916504 3.055999994277954
-0.1979999542236328 -0.37199997901916504 3.0799999237060547
-0.17400002479553223 -0.6060000061988831 2.930000066757202
-0.1979999542236328 -0.34800004959106445 3.055999994277954
0.5280001163482666 -0.1260000467300415 1.7480000257492065
0.018000006675720215 -1.1699999570846558 3.055999994277954
0.5160000324249268 0.5280001163482666 2.078000068664551
-0.1979999542236328 -0.3240000009536743 3.0859999656677246
0.011999964714050293 -1.1579999923706055 3.128000020980835
0.33000004291534424 0.4259999990463257 2.180000066757202
-0.08399999141693115 -0.8700000047683716 2.75
0.006000041961669922 -1.1460000276565552 3.1519999504089355
0.054000020027160645 -1.2300000190734863 3.0320000648498535
0.875999927520752 0.630000114440918 1.9279999732971191
-0.1979999542236328 -0.41999995708465576 3.0260000228881836
-0.006000041961669922 -1.128000020980835 3.0139999389648438
0.018000006675720215 -1.1699999570846558 3.002000093460083
-0.1979999542236328 -0.4259999990463257 3.0260000228881836
0.5580000877380371 -0.10800004005432129 1.7300000190734863
0.3359999656677246 -0.22200000286102295 1.8799999952316284
0.029999971389770508 -1.194000005722046 3.0799999237060547
0.029999971389770508 -1.194000005722046 3.055999994277954
0.029999971389770508 -1.194000005722046 3.049999952316284
-0.1260000467300415 -0.7739999890327454 2.809999942779541
0.07200002670288086 -1.2599999904632568 3.0380001068115234
-0.059999942779541016 -1.0080000162124634 2.930000066757202
0.2940000295639038 0.4320000410079956 2.2280001640319824
-0.006000041961669922 -1.128000020980835 2.990000009536743
-0.09599995613098145 -0.8579999804496765 2.7799999713897705
0.018000006675720215 -1.1699999570846558 2.9779999256134033
0.006000041961669922 -1.1460000276565552 2.9539999961853027
0.7799999713897705 -0.029999971389770508 1.628000020980835
0.8519999980926514 -0.006000041961669922 1.6039999723434448
0.5759999752044678 -0.10199999809265137 1.718000054359436
-0.006000041961669922 -1.1340000629425049 3.055999994277954
0.6119999885559082 -0.08399999141693115 1.7000000476837158
0.5039999485015869 0.5220000743865967 2.078000068664551
-0.12000000476837158 -0.7979999780654907 2.803999900817871
0.4020000696182251 -0.18599998950958252 1.8259999752044678
-0.006000041961669922 -1.1340000629425049 3.0320000648498535
0.0 -1.1460000276565552 3.0799999237060547
-0.1979999542236328 -0.4739999771118164 3.0260000228881836
0.07800006866455078 -1.2719999551773071 3.0380001068115234
-0.011999964714050293 -1.1159999370574951 2.9539999961853027
0.3539999723434448 0.437999963760376 2.1560001373291016
-0.07200002670288086 -0.8999999761581421 2.7260000705718994
0.7980000972747803 0.6180000305175781 1.9520000219345093
-0.1979999542236328 -0.4679999351501465 3.002000093460083
0.8039999008178711 0.5339999198913574 1.8799999952316284
-0.1679999828338623 -0.6480000019073486 2.888000011444092
-0.156000018119812 -0.6959999799728394 2.864000082015991
0.011999964714050293 -1.1699999570846558 3.0799999237060547
0.8519999980926514 0.624000072479248 1.9279999732971191
0.029999971389770508 -1.2000000476837158 3.1040000915527344
-0.17400002479553223 -0.6240000128746033 2.9000000953674316
-0.1380000114440918 -0.75 2.822000026702881
0.011999964714050293 -1.1699999570846558 3.0260000228881836
0.24600005149841309 0.4200000762939453 2.2760000228881836
0.630000114440918 -0.07799994945526123 1.687999963760376
-0.011999964714050293 -1.1159999370574951 2.930000066757202
-0.1499999761581421 -0.7199999690055847 2.8519999980926514
-0.20399999618530273 -0.37199997901916504 3.0260000228881836
0.2580000162124634 0.4140000343322754 2.251999855041504
-0.20399999618530273 -0.3179999589920044 3.055999994277954
-0.20399999618530273 -0.3179999589920044 3.049999952316284
0.054000020027160645 -1.2419999837875366 3.0799999237060547
0.024000048637390137 -1.194000005722046 3.0799999237060547
0.024000048637390137 -1.194000005722046 3.055999994277954
0.6540000438690186 -0.06599998474121094 1.6759999990463257
0.5039999485015869 0.5220000743865967 2.072000026702881
0.07800006866455078 -1.277999997138977 3.0380001068115234
-0.07200002670288086 -0.906000018119812 2.7200000286102295
0.04200005531311035 -1.2239999771118164 3.055999994277954
0.5039999485015869 -0.13199996948242188 1.7540000677108765
0.024000048637390137 -1.194000005722046 3.0260000228881836
-0.023999929428100586 -1.0980000495910645 2.936000108718872
0.006000041961669922 -1.1640000343322754 3.1040000915527344
0.024000048637390137 -1.194000005722046 3.002000093460083
0.34800004959106445 0.4320000410079956 2.1500000953674316
0.690000057220459 0.6059999465942383 2.0
-0.20399999618530273 -0.4440000057220459 3.008000135421753
0.7019999027252197 0.5880000591278076 1.9760000705718994
-0.18599998950958252 -0.5999999642372131 2.9539999961853027
0.4020000696182251 -0.1799999475479126 1.8200000524520874
0.8519999980926514 0.630000114440918 1.9279999732971191
0.0 -1.1460000276565552 2.936000108718872
0.011999964714050293 -1.1699999570846558 2.9539999961853027
0.8340001106262207 -0.006000041961669922 1.6039999723434448
-0.17400002479553223 -0.6480000019073486 2.9000000953674316
0.024000048637390137 -1.194000005722046 2.9779999256134033
0.4259999990463257 -0.1679999828338623 1.8020000457763672
0.7019999027252197 -0.04799997806549072 1.6519999504089355
0.4919999837875366 0.5280001163482666 2.0840001106262207
-0.006000041961669922 -1.1460000276565552 3.121999979019165
0.8280000686645508 0.6180000305175781 1.9279999732971191
0.018000006675720215 -1.1820000410079956 2.9539999961853027
-0.1499999761581421 -0.7379999756813049 2.8519999980926514
0.024000048637390137 -1.2000000476837158 3.074000120162964
-0.12000000476837158 -0.8219999670982361 2.803999900817871
0.054000020027160645 -1.2480000257492065 3.055999994277954
0.48000001907348633 0.5099999904632568 2.078000068664551
-0.14399993419647217 -0.75 2.828000068664551
-0.06599998474121094 -1.0199999809265137 2.9539999961853027
0.5099999904632568 0.5280001163482666 2.065999984741211
0.4500000476837158 -0.156000018119812 1.784000039100647
0.6960000991821289 0.5880000591278076 1.9760000705718994
-0.156000018119812 -0.7199999690055847 2.8519999980926514
-0.04799997806549072 -1.062000036239624 2.9539999961853027
0.04799997806549072 -1.2419999837875366 3.0799999237060547
0.7379999160766602 0.6059999465942383 1.9639999866485596
-0.18599998950958252 -0.6119999885559082 2.930000066757202
0.40799999237060547 0.4739999771118164 2.113999843597412
-0.21000003814697266 -0.3179999589920044 3.1040000915527344
-0.006000041961669922 -1.1519999504089355 3.121999979019165
0.03600001335144043 -1.2239999771118164 3.0260000228881836
0.24000000953674316 0.4200000762939453 2.2699999809265137
-0.029999971389770508 -1.0980000495910645 2.936000108718872
0.024000048637390137 -1.2059999704360962 3.0799999237060547
0.3539999723434448 0.4500000476837158 2.1500000953674316
0.024000048637390137 -1.2059999704360962 3.1040000915527344
-0.19200003147125244 -0.11399996280670166 3.0980000495910645
-0.19200003147125244 -0.11399996280670166 3.1040000915527344
0.3539999723434448 -0.20399999618530273 1.850000023841858
0.6779999732971191 -0.054000020027160645 1.6579999923706055
0.49800002574920654 0.5220000743865967 2.065999984741211
0.75 -0.029999971389770508 1.628000020980835
0.4500000476837158 0.4919999837875366 2.0840001106262207
-0.04799997806549072 -1.0740000009536743 2.996000051498413
0.7260000705718994 0.5880000591278076 1.9520000219345093
-0.11399996280670166 -0.8460000157356262 2.7799999713897705
0.024000048637390137 -1.2059999704360962 2.9779999256134033
0.006000041961669922 -1.1699999570846558 2.936000108718872
0.4500000476837158 -0.1499999761581421 1.777999997138977
-0.18599998950958252 -0.6240000128746033 2.9060001373291016
0.018000006675720215 -1.2000000476837158 3.002000093460083
-0.19200003147125244 -0.5999999642372131 2.930000066757202
0.5280001163482666 -0.11399996280670166 1.7300000190734863
0.029999971389770508 -1.2179999351501465 2.9779999256134033
0.024000048637390137 -1.2120000123977661 3.0260000228881836
0.8280000686645508 -0.006000041961669922 1.5980000495910645
-0.07200002670288086 -1.0260000228881836 2.9779999256134033
0.312000036239624 -0.22800004482269287 1.8799999952316284
0.2820000648498535 0.4200000762939453 2.2039999961853027
0.630000114440918 -0.07200002670288086 1.6759999990463257
0.8280000686645508 0.630000114440918 1.9279999732971191
-0.09599995613098145 -0.8880000114440918 2.75
0.029999971389770508 -1.2239999771118164 3.0799999237060547
0.6840000152587891 -0.04799997806549072 1.6519999504089355
0.8280000686645508 0.624000072479248 1.9220000505447388
0.5039999485015869 -0.1260000467300415 1.7419999837875366
-0.04799997806549072 -1.0740000009536743 2.936000108718872
-0.21000003814697266 -0.4739999771118164 2.9660000801086426
0.060000061988830566 -1.2719999551773071 3.0799999237060547
-0.1979999542236328 -0.1260000467300415 3.128000020980835
0.37800002098083496 -0.18599998950958252 1.8259999752044678
0.8039999008178711 0.6180000305175781 1.9279999732971191
0.029999971389770508 -1.2239999771118164 3.002000093460083
-0.059999942779541016 -1.0499999523162842 2.936000108718872
0.8039999008178711 -0.011999964714050293 1.6039999723434448
-0.08399999141693115 -0.9120000004768372 2.7260000705718994
0.7379999160766602 -0.029999971389770508 1.628000020980835
-0.10800004005432129 -0.8700000047683716 2.7680001258850098
0.8220000267028809 0.630000114440918 1.9279999732971191
-0.011999964714050293 -1.1460000276565552 2.936000108718872
-0.21599996089935303 -0.4440000057220459 3.0260000228881836
0.4440000057220459 -0.1499999761581421 1.777999997138977
0.5759999752044678 -0.09000003337860107 1.7000000476837158
-0.1979999542236328 -0.11399996280670166 3.128000020980835
0.3240000009536743 0.437999963760376 2.1620001792907715
-0.07799994945526123 -1.0139999389648438 2.936000108718872
0.5520000457763672 -0.10199999809265137 1.7120000123977661
0.30000007152557373 0.4259999990463257 2.180000066757202
0.7200000286102295 0.5940001010894775 1.9520000219345093
0.48000001907348633 -0.13199996948242188 1.7540000677108765
0.37800002098083496 0.46800005435943604 2.125999927520752
-0.17400002479553223 -0.6959999799728394 2.875999927520752
0.4440000057220459 0.49800002574920654 2.0840001106262207
0.34200000762939453 0.4500000476837158 2.1500000953674316
-0.07799994945526123 -1.0199999809265137 2.9539999961853027
0.875999927520752 0.6359999179840088 1.9040000438690186
-0.21599996089935303 -0.4739999771118164 3.0260000228881836
-0.18599998950958252 -0.6480000019073486 2.8940000534057617
0.7860000133514404 0.6119999885559082 1.9279999732971191
0.060000061988830566 -1.277999997138977 3.055999994277954
0.2940000295639038 0.4200000762939453 2.180000066757202
-0.1499999761581421 -0.7739999890327454 2.828000068664551
-0.20399999618530273 -0.1380000114440918 3.115999937057495
0.011999964714050293 -1.194000005722046 2.936000108718872
0.6059999465942383 -0.07799994945526123 1.6820000410079956
0.25199997425079346 0.4140000343322754 2.2280001640319824
0.4020000696182251 0.48000001907348633 2.1080000400543213
0.8039999008178711 0.6180000305175781 1.9220000505447388
0.7260000705718994 0.5280001163482666 1.8919999599456787
0.054000020027160645 -1.2719999551773071 3.055999994277954
-0.1979999542236328 -0.5999999642372131 2.9179999828338623
-0.22200000286102295 -0.3659999370574951 3.055999994277954
-0.22200000286102295 -0.37199997901916504 3.0799999237060547
-0.22200000286102295 -0.34800004959106445 3.0799999237060547
-0.22200000286102295 -0.34800004959106445 3.055999994277954
-0.22200000286102295 -0.34800004959106445 3.049999952316284
-0.22200000286102295 -0.3240000009536743 3.0799999237060547
0.4020000696182251 -0.1679999828338623 1.8020000457763672
0.4559999704360962 0.5099999904632568 2.078000068664551
-0.22200000286102295 -0.41999995708465576 3.055999994277954
0.690000057220459 0.6059999465942383 1.9760000705718994
-0.22200000286102295 -0.4259999990463257 3.055999994277954
-0.22200000286102295 -0.41999995708465576 3.0260000228881836
-0.22200000286102295 -0.41999995708465576 3.0139999389648438
0.8640000820159912 0.6359999179840088 1.9040000438690186
0.2940000295639038 0.4140000343322754 2.1679999828338623
-0.1260000467300415 -0.8460000157356262 2.7860000133514404
-0.16199994087219238 -0.75 2.8399999141693115
-0.09599995613098145 -0.8999999761581421 2.7260000705718994
-0.17400002479553223 -0.7199999690055847 2.875999927520752
-0.14399993419647217 -0.7979999780654907 2.803999900817871
0.6960000991821289 0.5999999046325684 1.9639999866485596
0.03600001335144043 -1.2480000257492065 3.002000093460083
0.054000020027160645 -1.277999997138977 3.0799999237060547
-0.1799999475479126 -0.6959999799728394 2.875999927520752
0.054000020027160645 -1.277999997138977 3.0380001068115234
-0.17400002479553223 -0.7260000109672546 2.875999927520752
0.3179999589920044 0.4020000696182251 2.125999927520752
0.3059999942779541 0.4140000343322754 2.1500000953674316
-0.04799997806549072 -1.0980000495910645 2.9539999961853027
0.03600001335144043 -1.2480000257492065 2.9779999256134033
0.7799999713897705 -0.011999964714050293 1.6039999723434448
-0.22200000286102295 -0.4859999418258667 3.055999994277954
-0.1380000114440918 -0.8219999670982361 2.7980000972747803
-0.22200000286102295 -0.48000001907348633 3.0260000228881836
-0.1499999761581421 -0.7979999780654907 2.828000068664551
-0.07200002670288086 -1.0499999523162842 2.9539999961853027
-0.12000000476837158 -0.8700000047683716 2.7799999713897705
0.04799997806549072 -1.2719999551773071 3.055999994277954
0.37800002098083496 -0.1799999475479126 1.8140000104904175
-0.22200000286102295 -0.4739999771118164 3.002000093460083
-0.20399999618530273 -0.5820000171661377 2.9000000953674316
0.5039999485015869 -0.12000000476837158 1.7300000190734863
0.6059999465942383 -0.07200002670288086 1.6759999990463257
-0.22200000286102295 -0.48000001907348633 3.002000093460083
0.33000004291534424 -0.20399999618530273 1.850000023841858
0.5580000877380371 -0.09000003337860107 1.7000000476837158
0.7260000705718994 -0.029999971389770508 1.621999979019165
-0.22800004482269287 -0.3539999723434448 3.0980000495910645
0.4259999990463257 -0.156000018119812 1.777999997138977
-0.09599995613098145 -0.8999999761581421 2.7079999446868896
0.6540000438690186 -0.054000020027160645 1.6519999504089355
-0.12000000476837158 -0.8759999871253967 2.7799999713897705
0.029999971389770508 -1.2480000257492065 3.055999994277954
0.029999971389770508 -1.2419999837875366 2.9600000381469727
0.21599996089935303 0.4020000696182251 2.251999855041504
0.7260000705718994 0.5940001010894775 1.934000015258789
0.029999971389770508 -1.2480000257492065 3.0260000228881836
0.8039999008178711 -0.006000041961669922 1.5920000076293945
0.37800002098083496 0.4739999771118164 2.113999843597412
-0.19200003147125244 -0.671999990940094 2.9000000953674316
0.04200005531311035 -1.2660000324249268 3.002000093460083
0.48000001907348633 -0.1260000467300415 1.7419999837875366
0.5999999046325684 -0.07200002670288086 1.6759999990463257
0.04799997806549072 -1.277999997138977 3.055999994277954
0.03600001335144043 -1.2599999904632568 3.0799999237060547
-0.09599995613098145 -0.906000018119812 2.7079999446868896
0.8280000686645508 0.6540000438690186 1.9279999732971191
-0.1979999542236328 -0.6480000019073486 2.9000000953674316
0.8700001239776611 0.630000114440918 1.8860000371932983
-0.1499999761581421 -0.8159999847412109 2.828000068664551
0.7019999027252197 -0.03600001335144043 1.628000020980835
0.3539999723434448 -0.19200003147125244 1.8259999752044678
0.5280001163482666 -0.10199999809265137 1.7120000123977661
-0.1799999475479126 -0.7199999690055847 2.864000082015991
-0.19200003147125244 -0.6840000152587891 2.9000000953674316
-0.22800004482269287 -0.4739999771118164 3.0260000228881836
0.7200000286102295 0.5880000591278076 1.9279999732971191
0.04200005531311035 -1.2719999551773071 3.0260000228881836
-0.22800004482269287 -0.48000001907348633 3.0320000648498535
0.33000004291534424 -0.20399999618530273 1.843999981880188
0.22800004482269287 0.4020000696182251 2.2280001640319824
0.7200000286102295 0.5280001163482666 1.8799999952316284
-0.10199999809265137 -0.8999999761581421 2.7139999866485596
-0.07799994945526123 -1.0499999523162842 2.947999954223633
0.024000048637390137 -1.2419999837875366 2.9839999675750732
-0.16199994087219238 -0.7739999890327454 2.822000026702881
0.011999964714050293 -1.2179999351501465 2.941999912261963
-0.22800004482269287 -0.4739999771118164 2.996000051498413
-0.1260000467300415 -0.8700000047683716 2.7739999294281006
-0.21000003814697266 -0.10199999809265137 3.1519999504089355
0.25199997425079346 0.4140000343322754 2.2039999961853027
0.21000003814697266 -0.2580000162124634 1.9520000219345093
0.7019999027252197 0.6059999465942383 1.9520000219345093
-0.23399996757507324 -0.34800004959106445 3.049999952316284
-0.23399996757507324 -0.37199997901916504 3.0380001068115234
-0.17400002479553223 -0.75 2.8519999980926514
0.8280000686645508 0.006000041961669922 1.5800000429153442
0.029999971389770508 -1.253999948501587 2.9779999256134033
-0.22800004482269287 -0.48000001907348633 2.9779999256134033
0.3840000629425049 0.5039999485015869 2.125999927520752
-0.059999942779541016 -1.0920000076293945 2.947999954223633
-0.23399996757507324 -0.3179999589920044 3.062000036239624
0.3539999723434448 0.46800005435943604 2.125999927520752
0.029999971389770508 -1.253999948501587 2.9720001220703125
-0.22800004482269287 -0.48000001907348633 2.9660000801086426
-0.23399996757507324 -0.33000004291534424 3.128000020980835
0.04200005531311035 -1.277999997138977 3.0320000648498535
0.2760000228881836 0.4259999990463257 2.180000066757202
0.4500000476837158 -0.1380000114440918 1.7540000677108765
0.8280000686645508 0.6419999599456787 1.909999966621399
0.7320001125335693 0.5039999485015869 1.850000023841858
0.75 -0.018000006675720215 1.6039999723434448
0.37800002098083496 -0.17400002479553223 1.8020000457763672
-0.1979999542236328 -0.671999990940094 2.888000011444092
-0.1499999761581421 -0.8219999670982361 2.803999900817871
-0.04799997806549072 -1.121999979019165 2.9539999961853027
-0.07200002670288086 -1.0740000009536743 2.9539999961853027
0.809999942779541 0.6540000438690186 1.9279999732971191
-0.07799994945526123 -1.0679999589920044 3.002000093460083
-0.17400002479553223 -0.7619999647140503 2.8519999980926514
-0.07200002670288086 -1.0740000009536743 2.947999954223633
0.4559999704360962 0.5099999904632568 2.053999900817871
-0.08399999141693115 -1.0499999523162842 2.9539999961853027
-0.22200000286102295 -0.14399993419647217 3.128000020980835
-0.04799997806549072 -1.121999979019165 2.936000108718872
0.7799999713897705 -0.006000041961669922 1.5920000076293945
0.7799999713897705 0.6180000305175781 1.909999966621399
0.7200000286102295 0.5699999332427979 1.9040000438690186
0.2580000162124634 0.4140000343322754 2.185999870300293
0.4020000696182251 0.48000001907348633 2.078000068664551
0.630000114440918 -0.054000020027160645 1.6519999504089355
0.37800002098083496 0.48000001907348633 2.1019999980926514
-0.16199994087219238 -0.7979999780654907 2.815999984741211
-0.12000000476837158 -0.8939999938011169 2.75
-0.22200000286102295 -0.1380000114440918 3.1519999504089355
-0.023999929428100586 -1.1699999570846558 2.936000108718872
-0.24000000953674316 -0.34800004959106445 3.055999994277954
-0.24000000953674316 -0.37800002098083496 3.0439999103546143
0.48000001907348633 -0.12000000476837158 1.7300000190734863
-0.24000000953674316 -0.41999995708465576 3.055999994277954
0.5759999752044678 -0.07799994945526123 1.6759999990463257
-0.22200000286102295 -0.12000000476837158 3.115999937057495
-0.10800004005432129 -0.906000018119812 2.7079999446868896
-0.22200000286102295 -0.12000000476837158 3.128000020980835
0.8039999008178711 0.0 1.5800000429153442
0.6840000152587891 0.6059999465942383 1.9520000219345093
0.6779999732971191 -0.03600001335144043 1.628000020980835
-0.09599995613098145 -1.0379999876022339 2.9779999256134033
0.5280001163482666 -0.09599995613098145 1.7000000476837158
0.4020000696182251 -0.156000018119812 1.777999997138977
-0.21000003814697266 -0.6480000019073486 2.9000000953674316
0.37199997901916504 0.48000001907348633 2.1019999980926514
0.7019999027252197 -0.029999971389770508 1.6160000562667847
-0.17400002479553223 -0.7739999890327454 2.828000068664551
0.7079999446868896 0.49800002574920654 1.850000023841858
0.7260000705718994 0.5039999485015869 1.843999981880188
-0.1499999761581421 -0.8460000157356262 2.803999900817871
0.7680001258850098 0.6119999885559082 1.9040000438690186
0.2760000228881836 0.4020000696182251 2.1440000534057617
0.5699999332427979 -0.07799994945526123 1.6759999990463257
0.7139999866485596 0.5039999485015869 1.850000023841858
-0.22200000286102295 -0.5999999642372131 2.930000066757202
0.3539999723434448 0.4739999771118164 2.113999843597412
0.630000114440918 -0.054000020027160645 1.6460000276565552
0.7079999446868896 0.4919999837875366 1.843999981880188
0.8039999008178711 0.6359999179840088 1.9040000438690186
0.22800004482269287 0.4020000696182251 2.2039999961853027
0.011999964714050293 -1.2419999837875366 2.947999954223633
0.0 -1.2239999771118164 2.9539999961853027
-0.1499999761581421 -0.8519999980926514 2.803999900817871
0.21000003814697266 0.4020000696182251 2.2280001640319824
-0.22200000286102295 -0.09599995613098145 3.140000104904175
-0.18599998950958252 -0.75 2.8519999980926514
0.5220000743865967 -0.09599995613098145 1.7000000476837158
-0.24599993228912354 -0.37199997901916504 3.055999994277954
-0.24599993228912354 -0.38399994373321533 3.062000036239624
-0.24599993228912354 -0.34200000762939453 3.0799999237060547
-0.22200000286102295 -0.6119999885559082 2.930000066757202
0.7260000705718994 -0.018000006675720215 1.6039999723434448
-0.24599993228912354 -0.3240000009536743 3.0799999237060547
0.8280000686645508 0.011999964714050293 1.5679999589920044
-0.12000000476837158 -0.8999999761581421 2.7260000705718994
0.3539999723434448 -0.1799999475479126 1.8079999685287476
0.33000004291534424 -0.19200003147125244 1.8259999752044678
0.30000007152557373 -0.21000003814697266 1.850000023841858
-0.24599993228912354 -0.41999995708465576 3.0320000648498535
-0.07200002670288086 -1.0980000495910645 2.9539999961853027
-0.22800004482269287 -0.593999981880188 2.9539999961853027
-0.1979999542236328 -0.7199999690055847 2.875999927520752
0.7079999446868896 0.6059999465942383 1.9279999732971191
0.7139999866485596 0.5820000171661377 1.9040000438690186
-0.04799997806549072 -1.1460000276565552 2.9539999961853027
-0.08399999141693115 -1.0740000009536743 2.947999954223633
-0.16199994087219238 -0.8219999670982361 2.803999900817871
0.7139999866485596 0.5520000457763672 1.8799999952316284
-0.24599993228912354 -0.4440000057220459 3.0260000228881836
-0.24599993228912354 -0.4440000057220459 3.008000135421753
-0.054000020027160645 -1.1340000629425049 2.936000108718872
-0.1799999475479126 -0.7739999890327454 2.828000068664551
-0.14399993419647217 -0.8700000047683716 2.7799999713897705
-0.23399996757507324 -0.1499999761581421 3.128000020980835
-0.023999929428100586 -1.187999963760376 2.930000066757202
-0.04799997806549072 -1.1460000276565552 2.936000108718872
-0.17400002479553223 -0.7979999780654907 2.828000068664551
0.5039999485015869 -0.10199999809265137 1.7059999704360962
-0.22200000286102295 -0.6240000128746033 2.9119999408721924
0.4259999990463257 -0.1380000114440918 1.7540000677108765
-0.12000000476837158 -0.9240000247955322 2.75
0.6059999465942383 -0.059999942779541016 1.6519999504089355
0.33000004291534424 0.46800005435943604 2.125999927520752
-0.1679999828338623 -0.8219999670982361 2.828000068664551
-0.156000018119812 -0.8460000157356262 2.7980000972747803
-0.24599993228912354 -0.4859999418258667 3.062000036239624
0.30000007152557373 0.4559999704360962 2.1500000953674316
0.7799999713897705 0.0 1.5800000429153442
-0.12000000476837158 -0.9120000004768372 2.7260000705718994
-0.023999929428100586 -1.194000005722046 2.9539999961853027
-0.08399999141693115 -1.0799999237060547 2.947999954223633
-0.24599993228912354 -0.4739999771118164 3.002000093460083
-0.03600001335144043 -1.1699999570846558 2.930000066757202
-0.24599993228912354 -0.48000001907348633 3.002000093460083
0.6540000438690186 -0.0419999361038208 1.628000020980835
-0.11399996280670166 -0.972000002861023 2.803999900817871
-0.011999964714050293 -1.2179999351501465 2.9660000801086426
0.4500000476837158 -0.1260000467300415 1.7360000610351562
0.3539999723434448 -0.17400002479553223 1.8020000457763672
-0.1679999828338623 -0.828000009059906 2.828000068664551
-0.09599995613098145 -1.062000036239624 2.9779999256134033
-0.25199997425079346 -0.37199997901916504 3.055999994277954
-0.25199997425079346 -0.34800004959106445 3.062000036239624
0.25199997425079346 0.4259999990463257 2.180000066757202
0.6960000991821289 0.6119999885559082 1.934000015258789
0.7739999294281006 0.630000114440918 1.9040000438690186
-0.25199997425079346 -0.3240000009536743 3.074000120162964
-0.11399996280670166 -0.972000002861023 2.7980000972747803
0.38999998569488525 0.4919999837875366 2.078000068664551
-0.11399996280670166 -0.9419999718666077 2.73799991607666
-0.13199996948242188 -0.8999999761581421 2.75
-0.25199997425079346 -0.40799999237060547 3.0260000228881836
-0.23399996757507324 -0.12000000476837158 3.128000020980835
0.7799999713897705 0.6359999179840088 1.9040000438690186
-0.11399996280670166 -0.9779999852180481 2.803999900817871
-0.12000000476837158 -0.9359999895095825 2.75
0.2760000228881836 0.4440000057220459 2.1620001792907715
0.4559999704360962 -0.12000000476837158 1.7300000190734863
0.20399999618530273 -0.26399993896484375 1.9279999732971191
-0.21599996089935303 -0.671999990940094 2.888000011444092
0.24000000953674316 0.4200000762939453 2.185999870300293
-0.1979999542236328 -0.75 2.875999927520752
-0.24000000953674316 -0.1499999761581421 3.1100001335144043
-0.25199997425079346 -0.4440000057220459 3.0139999389648438
0.0 -1.2419999837875366 2.9539999961853027
0.22800004482269287 0.3960000276565552 2.180000066757202
0.7680001258850098 0.0 1.5800000429153442
0.18000006675720215 -0.26999998092651367 1.9520000219345093
0.7019999027252197 -0.023999929428100586 1.6039999723434448
-0.13199996948242188 -0.8999999761581421 2.73799991607666
0.5460000038146973 -0.08399999141693115 1.6759999990463257
0.8519999980926514 0.6180000305175781 1.850000023841858
-0.25199997425079346 -0.4679999351501465 3.002000093460083
0.30000007152557373 -0.20399999618530273 1.8380000591278076
-0.10800004005432129 -1.0499999523162842 3.002000093460083
0.37800002098083496 -0.16199994087219238 1.777999997138977
-0.10800004005432129 -1.0440000295639038 2.9539999961853027
-0.23399996757507324 -0.09599995613098145 3.134000062942505
0.18599998950958252 0.38999998569488525 2.2280001640319824
-0.2580000162124634 -0.38399994373321533 3.068000078201294
-0.07200002670288086 -1.121999979019165 2.9539999961853027
-0.25199997425079346 -0.4859999418258667 2.9839999675750732
-0.2580000162124634 -0.3240000009536743 3.0799999237060547
-0.09599995613098145 -1.0740000009536743 2.9539999961853027
0.6779999732971191 -0.029999971389770508 1.6100000143051147
-0.22200000286102295 -0.671999990940094 2.9000000953674316
-0.2580000162124634 -0.40799999237060547 3.0139999389648438
0.20399999618530273 0.3960000276565552 2.2039999961853027
-0.156000018119812 -0.8700000047683716 2.7860000133514404
-0.21000003814697266 -0.7199999690055847 2.875999927520752
0.7200000286102295 0.5039999485015869 1.8259999752044678
-0.04799997806549072 -1.1699999570846558 2.9539999961853027
-0.006000041961669922 -1.2419999837875366 2.9539999961853027
0.1679999828338623 -0.26999998092651367 1.9580000638961792
0.33000004291534424 0.4739999771118164 2.113999843597412
0.75 -0.006000041961669922 1.5800000429153442
-0.23399996757507324 -0.6240000128746033 2.9179999828338623
-0.24599993228912354 -0.156000018119812 3.1459999084472656
0.6059999465942383 -0.054000020027160645 1.6399999856948853
-0.0419999361038208 -1.1820000410079956 2.936000108718872
-0.24000000953674316 -0.5879999995231628 2.9179999828338623
0.7019999027252197 0.5280001163482666 1.850000023841858
0.37800002098083496 -0.156000018119812 1.7719999551773071
-0.22200000286102295 -0.6899999976158142 2.9000000953674316
0.630000114440918 -0.0419999361038208 1.628000020980835
-0.1979999542236328 -0.7739999890327454 2.8519999980926514
0.4020000696182251 -0.14399993419647217 1.7540000677108765
0.5520000457763672 -0.07799994945526123 1.6640000343322754
0.5759999752044678 -0.06599998474121094 1.6519999504089355
0.2760000228881836 0.4500000476837158 2.1500000953674316
0.1679999828338623 -0.2760000228881836 1.9520000219345093
-0.1260000467300415 -1.0080000162124634 2.9000000953674316
0.19800007343292236 0.3960000276565552 2.2039999961853027
-0.26399993896484375 -0.38399994373321533 3.0799999237060547
-0.1499999761581421 -0.8999999761581421 2.7799999713897705
0.48600006103515625 -0.10199999809265137 1.7000000476837158
-0.24599993228912354 -0.12000000476837158 3.1040000915527344
-0.22200000286102295 -0.6959999799728394 2.888000011444092
-0.26399993896484375 -0.41999995708465576 3.055999994277954
0.20399999618530273 0.40799999237060547 2.2039999961853027
0.2940000295639038 -0.20399999618530273 1.8320000171661377
-0.26399993896484375 -0.2999999523162842 3.0799999237060547
0.7620000839233398 0.630000114440918 1.8919999599456787
0.6779999732971191 -0.023999929428100586 1.6039999723434448
-0.22800004482269287 -0.671999990940094 2.8940000534057617
0.75 0.5220000743865967 1.8140000104904175
-0.23399996757507324 -0.6480000019073486 2.9060001373291016
0.8039999008178711 0.011999964714050293 1.555999994277954
0.17400002479553223 0.3960000276565552 2.2339999675750732
0.30000007152557373 -0.1979999542236328 1.8259999752044678
0.37800002098083496 0.5039999485015869 2.078000068664551
0.7019999027252197 0.5520000457763672 1.8619999885559082
-0.17400002479553223 -0.8460000157356262 2.803999900817871
0.33000004291534424 -0.1799999475479126 1.8020000457763672
-0.023999929428100586 -1.2239999771118164 2.941999912261963
0.7019999027252197 0.5759999752044678 1.8799999952316284
-0.25199997425079346 -0.156000018119812 3.140000104904175
0.30000007152557373 0.4620000123977661 2.125999927520752
0.7019999027252197 0.6059999465942383 1.9040000438690186
-0.24599993228912354 -0.10199999809265137 3.0859999656677246
-0.13199996948242188 -0.9900000095367432 2.8580000400543213
0.20399999618530273 -0.25199997425079346 1.909999966621399
-0.21000003814697266 -0.75 2.864000082015991
-0.24599993228912354 -0.5999999642372131 2.930000066757202
-0.12000000476837158 -1.0499999523162842 2.9779999256134033
-0.09599995613098145 -1.0980000495910645 2.9539999961853027
-0.1380000114440918 -0.9480000138282776 2.7799999713897705
-0.18599998950958252 -0.8219999670982361 2.815999984741211
-0.1979999542236328 -0.7979999780654907 2.8519999980926514
-0.07200002670288086 -1.1460000276565552 2.9539999961853027
-0.10800004005432129 -1.0740000009536743 2.9539999961853027
0.3840000629425049 0.5039999485015869 2.065999984741211
-0.20399999618530273 -0.7739999890327454 2.8459999561309814
0.33000004291534424 0.48000001907348633 2.1019999980926514
0.5160000324249268 -0.09000003337860107 1.6759999990463257
-0.26999998092651367 -0.37199997901916504 3.0799999237060547
-0.26999998092651367 -0.34800004959106445 3.0799999237060547
0.2940000295639038 -0.1979999542236328 1.8259999752044678
0.7260000705718994 -0.006000041961669922 1.5800000429153442
0.75 0.5940001010894775 1.8619999885559082
-0.059999942779541016 -1.1699999570846558 2.947999954223633
0.4259999990463257 -0.1260000467300415 1.7300000190734863
0.6660001277923584 -0.023999929428100586 1.6039999723434448
-0.156000018119812 -0.8999999761581421 2.7739999294281006
0.7019999027252197 0.5759999752044678 1.8739999532699585
-0.26999998092651367 -0.4259999990463257 3.055999994277954
-0.04799997806549072 -1.194000005722046 2.9539999961853027
0.18000006675720215 -0.26999998092651367 1.9279999732971191
-0.26999998092651367 -0.3059999942779541 3.1040000915527344
0.5580000877380371 -0.07200002670288086 1.6519999504089355
-0.26999998092651367 -0.437999963760376 3.0920000076293945
-0.24599993228912354 -0.6240000128746033 2.930000066757202
0.3539999723434448 -0.16199994087219238 1.777999997138977
0.22800004482269287 0.4320000410079956 2.180000066757202
-0.054000020027160645 -1.1820000410079956 2.936000108718872
-0.1799999475479126 -0.8460000157356262 2.803999900817871
0.20399999618530273 -0.24599993228912354 1.9040000438690186
-0.029999971389770508 -1.2239999771118164 2.936000108718872
-0.26999998092651367 -0.4440000057220459 3.0260000228881836
-0.1979999542236328 -0.7979999780654907 2.828000068664551
-0.12000000476837158 -1.062000036239624 3.002000093460083
0.6059999465942383 -0.04799997806549072 1.628000020980835
-0.26999998092651367 -0.4559999704360962 3.0260000228881836
0.75 0.5520000457763672 1.8259999752044678
-0.1979999542236328 -0.7979999780654907 2.822000026702881
-0.17400002479553223 -0.8700000047683716 2.803999900817871
-0.07200002670288086 -1.1579999923706055 2.9779999256134033
-0.24599993228912354 -0.6359999775886536 2.930000066757202
-0.1380000114440918 -0.9839999675750732 2.8340001106262207
0.6960000991821289 0.6059999465942383 1.8980000019073486
0.25199997425079346 0.4440000057220459 2.1560001373291016
0.3840000629425049 0.49800002574920654 2.053999900817871
-0.023999929428100586 -1.2360000610351562 2.930000066757202
-0.14399993419647217 -0.9120000004768372 2.7200000286102295
-0.2580000162124634 -0.1499999761581421 3.1519999504089355
0.36000001430511475 0.49800002574920654 2.078000068664551
-0.09000003337860107 -1.121999979019165 2.9539999961853027
0.7799999713897705 0.011999964714050293 1.555999994277954
0.6540000438690186 -0.029999971389770508 1.6039999723434448
-0.1499999761581421 -0.9179999828338623 2.75
-0.26999998092651367 -0.4859999418258667 3.002000093460083
-0.2760000228881836 -0.37199997901916504 3.0799999237060547
-0.2760000228881836 -0.38399994373321533 3.0859999656677246
0.1679999828338623 0.4020000696182251 2.2280001640319824
-0.12000000476837158 -1.0679999589920044 2.9779999256134033
0.37199997901916504 0.5099999904632568 2.072000026702881
-0.2760000228881836 -0.3240000009536743 3.0859999656677246
-0.14399993419647217 -0.9539999961853027 2.7799999713897705
0.20399999618530273 0.4200000762939453 2.191999912261963
0.7139999866485596 0.49800002574920654 1.8020000457763672
-0.2760000228881836 -0.40799999237060547 3.0199999809265137
0.75 0.6059999465942383 1.8619999885559082
-0.2760000228881836 -0.4320000410079956 3.0859999656677246
0.48000001907348633 -0.10199999809265137 1.687999963760376
-0.25199997425079346 -0.6240000128746033 2.930000066757202
0.7079999446868896 -0.006000041961669922 1.5800000429153442
-0.22200000286102295 -0.75 2.875999927520752
0.37800002098083496 -0.14399993419647217 1.7540000677108765
-0.2760000228881836 -0.437999963760376 3.1040000915527344
0.75 0.5280001163482666 1.8020000457763672
-0.20399999618530273 -0.7979999780654907 2.828000068664551
-0.1499999761581421 -0.9120000004768372 2.7260000705718994
-0.07799994945526123 -1.1579999923706055 2.9839999675750732
-0.13199996948242188 -1.0440000295639038 2.9600000381469727
-0.1380000114440918 -1.0260000228881836 2.936000108718872
-0.26999998092651367 -0.23399996757507324 3.1760001182556152
-0.1979999542236328 -0.8219999670982361 2.828000068664551
-0.2580000162124634 -0.10199999809265137 3.074000120162964
-0.029999971389770508 -1.2360000610351562 2.930000066757202
-0.26399993896484375 -0.1499999761581421 3.128000020980835
0.5399999618530273 -0.07799994945526123 1.6519999504089355
0.7019999027252197 0.5280001163482666 1.8259999752044678
0.25199997425079346 0.4500000476837158 2.1500000953674316
-0.2580000162124634 -0.5999999642372131 2.930000066757202
0.1679999828338623 -0.26999998092651367 1.9279999732971191
0.4559999704360962 -0.10800004005432129 1.7000000476837158
-0.21599996089935303 -0.7739999890327454 2.8519999980926514
-0.22200000286102295 -0.7619999647140503 2.875999927520752
-0.07200002670288086 -1.1699999570846558 2.9539999961853027
0.5759999752044678 -0.054000020027160645 1.6340000629425049
-0.1679999828338623 -0.8999999761581421 2.7799999713897705
0.7439999580383301 0.5699999332427979 1.8320000171661377
0.3539999723434448 0.5039999485015869 2.078000068664551
-0.2760000228881836 -0.4859999418258667 3.002000093460083
0.18000006675720215 0.40799999237060547 2.2039999961853027
-0.24000000953674316 -0.6959999799728394 2.888000011444092
0.7079999446868896 0.5039999485015869 1.8020000457763672
-0.24599993228912354 -0.671999990940094 2.9000000953674316
-0.25199997425079346 -0.6480000019073486 2.9179999828338623
-0.28199994564056396 -0.38999998569488525 3.1040000915527344
0.2760000228881836 0.4620000123977661 2.125999927520752
0.30000007152557373 0.4739999771118164 2.1080000400543213
-0.26399993896484375 -0.13199996948242188 3.1760001182556152
0.75 0.5039999485015869 1.777999997138977
-0.26399993896484375 -0.6119999885559082 2.990000009536743
0.4020000696182251 -0.13199996948242188 1.7300000190734863
0.6960000991821289 0.564000129699707 1.850000023841858
-0.1499999761581421 -0.9300000071525574 2.7260000705718994
-0.28199994564056396 -0.4440000057220459 3.0260000228881836
0.156000018119812 -0.2760000228881836 1.934000015258789
-0.1499999761581421 -0.972000002861023 2.803999900817871
0.75 0.006000041961669922 1.555999994277954
-0.10199999809265137 -1.121999979019165 2.9539999961853027
-0.28199994564056396 -0.437999963760376 3.140000104904175
0.8039999008178711 0.024000048637390137 1.5379999876022339
-0.26999998092651367 -0.1679999828338623 3.1760001182556152
-0.26399993896484375 -0.5820000171661377 2.9119999408721924
0.48600006103515625 -0.09599995613098145 1.6759999990463257
-0.26999998092651367 -0.156000018119812 3.1519999504089355
-0.1380000114440918 -1.0499999523162842 2.9779999256134033
-0.1260000467300415 -1.0740000009536743 2.9600000381469727
0.30000007152557373 -0.18599998950958252 1.8020000457763672
-0.1499999761581421 -0.9300000071525574 2.7200000286102295
-0.1979999542236328 -0.8460000157356262 2.828000068664551
0.7019999027252197 -0.006000041961669922 1.5740000009536743
-0.1499999761581421 -0.9480000138282776 2.75
0.630000114440918 -0.029999971389770508 1.6039999723434448
-0.26399993896484375 -0.09599995613098145 3.0799999237060547
0.33000004291534424 -0.1679999828338623 1.777999997138977
-0.28199994564056396 -0.4739999771118164 3.0139999389648438
-0.04799997806549072 -1.2239999771118164 2.9539999961853027
0.3539999723434448 -0.156000018119812 1.7599999904632568
0.7439999580383301 0.5399999618530273 1.8020000457763672
-0.06599998474121094 -1.194000005722046 2.9539999961853027
-0.24599993228912354 -0.6959999799728394 2.9000000953674316
-0.1979999542236328 -0.8519999980926514 2.828000068664551
0.5759999752044678 -0.04799997806549072 1.628000020980835
-0.26999998092651367 -0.1260000467300415 3.1040000915527344
0.7320001125335693 0.49800002574920654 1.777999997138977
-0.24000000953674316 -0.7199999690055847 2.881999969482422
0.36000001430511475 -0.1499999761581421 1.7540000677108765
-0.2879999876022339 -0.34800004959106445 3.0859999656677246
-0.24599993228912354 -0.7020000219345093 2.9000000953674316
-0.26999998092651367 -0.12000000476837158 3.1040000915527344
0.18000006675720215 -0.2580000162124634 1.9040000438690186
0.20399999618530273 0.4320000410079956 2.180000066757202
-0.2879999876022339 -0.40799999237060547 3.0260000228881836
0.6779999732971191 -0.011999964714050293 1.5800000429153442
-0.23399996757507324 -0.75 2.875999927520752
0.30000007152557373 0.48000001907348633 2.1019999980926514
0.20399999618530273 -0.23399996757507324 1.8799999952316284
-0.1499999761581421 -0.9599999785423279 2.75
-0.26999998092651367 -0.5999999642372131 2.9539999961853027
0.2940000295639038 0.4739999771118164 2.1019999980926514
0.30000007152557373 -0.1799999475479126 1.7960000038146973
-0.09599995613098145 -1.1460000276565552 2.9539999961853027
-0.12000000476837158 -1.0980000495910645 2.9539999961853027
-0.22200000286102295 -0.7919999957084656 2.8519999980926514
-0.26999998092651367 -0.10199999809265137 3.0799999237060547
0.6960000991821289 0.5759999752044678 1.850000023841858
-0.09599995613098145 -1.1460000276565552 2.947999954223633
0.630000114440918 -0.029999971389770508 1.5980000495910645
0.1679999828338623 0.40799999237060547 2.2039999961853027
-0.19200003147125244 -0.8700000047683716 2.7980000972747803
-0.26999998092651367 -0.09599995613098145 3.074000120162964
0.16200006008148193 0.4259999990463257 2.2280001640319824
-0.156000018119812 -0.9839999675750732 2.822000026702881
-0.26999998092651367 -0.6179999709129333 2.9539999961853027
0.4320000410079956 -0.11399996280670166 1.7000000476837158
0.33000004291534424 0.49800002574920654 2.078000068664551
0.18000006675720215 -0.25199997425079346 1.8980000019073486
0.2879999876022339 -0.18599998950958252 1.8020000457763672
-0.2760000228881836 -0.1679999828338623 3.2060000896453857
0.7260000705718994 0.5039999485015869 1.777999997138977
0.22800004482269287 0.4440000057220459 2.1500000953674316
-0.2580000162124634 -0.671999990940094 2.9060001373291016
-0.16199994087219238 -0.9179999828338623 2.7139999866485596
0.312000036239624 0.5039999485015869 2.1019999980926514
0.5580000877380371 -0.059999942779541016 1.628000020980835
0.18000006675720215 0.4200000762939453 2.191999912261963
0.4020000696182251 -0.1260000467300415 1.718000054359436
0.7260000705718994 0.006000041961669922 1.555999994277954
-0.17400002479553223 -0.9240000247955322 2.7799999713897705
0.1260000467300415 -0.2879999876022339 1.9520000219345093
-0.059999942779541016 -1.2239999771118164 2.990000009536743
0.6960000991821289 0.5520000457763672 1.8259999752044678
0.7139999866485596 0.49800002574920654 1.777999997138977
-0.2940000295639038 -0.2999999523162842 3.0920000076293945
-0.04799997806549072 -1.2419999837875366 2.9539999961853027
0.6059999465942383 -0.03600001335144043 1.6039999723434448
0.7379999160766602 0.5520000457763672 1.8020000457763672
0.5280001163482666 -0.07799994945526123 1.6399999856948853
-0.1260000467300415 -1.0980000495910645 2.9539999961853027
-0.1979999542236328 -0.8700000047683716 2.803999900817871
0.33000004291534424 0.5039999485015869 2.078000068664551
0.22800004482269287 0.4500000476837158 2.1500000953674316
0.6600000858306885 -0.011999964714050293 1.5800000429153442
-0.23399996757507324 -0.7739999890327454 2.8580000400543213
0.7200000286102295 0.49800002574920654 1.7719999551773071
0.8039999008178711 0.029999971389770508 1.5260000228881836
0.5039999485015869 -0.08399999141693115 1.6519999504089355
0.7019999027252197 0.5280001163482666 1.8020000457763672
-0.054000020027160645 -1.2360000610351562 2.9539999961853027
0.16200006008148193 0.4259999990463257 2.2160000801086426
-0.17400002479553223 -0.9179999828338623 2.75
-0.2760000228881836 -0.09599995613098145 3.1100001335144043
0.37800002098083496 -0.13199996948242188 1.7300000190734863
0.2879999876022339 -0.1799999475479126 1.7960000038146973
-0.1679999828338623 -0.9240000247955322 2.7260000705718994
0.25199997425079346 0.4620000123977661 2.125999927520752
0.6960000991821289 0.6059999465942383 1.8619999885559082
0.7799999713897705 0.024000048637390137 1.5320000648498535
-0.26999998092651367 -0.6480000019073486 2.930000066757202
-0.2940000295639038 -0.4919999837875366 3.0260000228881836
-0.156000018119812 -1.0440000295639038 2.9779999256134033
-0.2580000162124634 -0.6959999799728394 2.8940000534057617
0.3359999656677246 0.5039999485015869 2.065999984741211
-0.22800004482269287 -0.7979999780654907 2.8399999141693115
0.3240000009536743 0.5039999485015869 2.078000068664551
0.7320001125335693 0.5039999485015869 1.7660000324249268
0.7320001125335693 0.5880000591278076 1.8259999752044678
-0.2760000228881836 -0.6240000128746033 2.941999912261963
0.7079999446868896 0.5039999485015869 1.777999997138977
-0.28199994564056396 -0.5999999642372131 2.9779999256134033
-0.28199994564056396 -0.5879999995231628 2.947999954223633
-0.2999999523162842 -0.3240000009536743 3.1040000915527344
-0.2999999523162842 -0.41999995708465576 3.055999994277954
0.6779999732971191 -0.006000041961669922 1.5679999589920044
-0.2999999523162842 -0.4320000410079956 3.055999994277954
-0.2999999523162842 -0.2999999523162842 3.1040000915527344
-0.09599995613098145 -1.1699999570846558 2.9539999961853027
-0.22200000286102295 -0.8219999670982361 2.828000068664551
-0.1499999761581421 -1.0679999589920044 3.0260000228881836
-0.06599998474121094 -1.2239999771118164 2.9539999961853027
-0.28199994564056396 -0.5999999642372131 2.9539999961853027
-0.09599995613098145 -1.1699999570846558 2.947999954223633
-0.26999998092651367 -0.6660000085830688 2.930000066757202
-0.19200003147125244 -0.8999999761581421 2.7860000133514404
-0.1499999761581421 -1.0679999589920044 3.002000093460083
-0.22200000286102295 -0.8219999670982361 2.822000026702881
0.7139999866485596 0.5039999485015869 1.7719999551773071
-0.2879999876022339 -0.1679999828338623 3.1760001182556152
0.18000006675720215 0.4259999990463257 2.180000066757202
0.3240000009536743 0.5039999485015869 2.072000026702881
-0.28199994564056396 -0.10199999809265137 3.128000020980835
-0.2999999523162842 -0.4739999771118164 3.0260000228881836
0.7019999027252197 0.006000041961669922 1.555999994277954
0.4500000476837158 -0.10199999809265137 1.6759999990463257
0.36600005626678467 -0.1380000114440918 1.7300000190734863
0.21599996089935303 0.4500000476837158 2.1500000953674316
0.2760000228881836 0.48000001907348633 2.1019999980926514
-0.1979999542236328 -0.8999999761581421 2.803999900817871
0.30000007152557373 -0.1679999828338623 1.777999997138977
0.7260000705718994 0.4919999837875366 1.7540000677108765
0.7260000705718994 0.5280001163482666 1.777999997138977
0.1679999828338623 0.4200000762939453 2.185999870300293
0.7799999713897705 0.029999971389770508 1.5260000228881836
0.156000018119812 -0.2580000162124634 1.9040000438690186
0.33000004291534424 -0.156000018119812 1.7540000677108765
-0.1499999761581421 -1.0740000009536743 2.9779999256134033
-0.1679999828338623 -0.9599999785423279 2.75
0.18000006675720215 -0.24000000953674316 1.8799999952316284
-0.24599993228912354 -0.7739999890327454 2.875999927520752
0.21000003814697266 -0.23399996757507324 1.850000023841858
-0.3059999942779541 -0.3240000009536743 3.0980000495910645
-0.1679999828338623 -0.9480000138282776 2.7260000705718994
-0.3059999942779541 -0.41999995708465576 3.049999952316284
0.5280001163482666 -0.07200002670288086 1.628000020980835
-0.2999999523162842 -0.24000000953674316 3.1579999923706055
0.6059999465942383 -0.029999971389770508 1.5920000076293945
-0.21000003814697266 -0.8700000047683716 2.803999900817871
-0.22800004482269287 -0.8219999670982361 2.828000068664551
-0.3059999942779541 -0.2999999523162842 3.0920000076293945
-0.07200002670288086 -1.2239999771118164 2.947999954223633
-0.17400002479553223 -0.9480000138282776 2.75
-0.09599995613098145 -1.1820000410079956 2.947999954223633
-0.24599993228912354 -0.7799999713897705 2.875999927520752
-0.2999999523162842 -0.24000000953674316 3.1760001182556152
0.6960000991821289 0.5759999752044678 1.8259999752044678
-0.2940000295639038 -0.16199994087219238 3.1519999504089355
-0.22200000286102295 -0.8460000157356262 2.828000068664551
0.630000114440918 -0.018000006675720215 1.5800000429153442
0.7260000705718994 0.5759999752044678 1.8079999685287476
0.48000001907348633 -0.09000003337860107 1.6519999504089355
0.7260000705718994 0.5520000457763672 1.7899999618530273
0.4020000696182251 -0.12000000476837158 1.7000000476837158
-0.06599998474121094 -1.2419999837875366 2.9779999256134033
0.8039999008178711 0.03600001335144043 1.5140000581741333
-0.2999999523162842 -0.24000000953674316 3.200000047683716
-0.1799999475479126 -0.9240000247955322 2.7260000705718994
-0.22200000286102295 -0.8460000157356262 2.815999984741211
0.5759999752044678 -0.03600001335144043 1.6039999723434448
0.7019999027252197 0.5520000457763672 1.8020000457763672
0.20399999618530273 0.4440000057220459 2.1500000953674316
-0.26999998092651367 -0.6959999799728394 2.9000000953674316
0.7139999866485596 0.5280001163482666 1.777999997138977
-0.26399993896484375 -0.7199999690055847 2.888000011444092
0.1260000467300415 -0.28199994564056396 1.9279999732971191
-0.2999999523162842 -0.22200000286102295 3.194000005722046
-0.17400002479553223 -0.9539999961853027 2.74399995803833
-0.059999942779541016 -1.253999948501587 2.9720001220703125
-0.28199994564056396 -0.6480000019073486 2.930000066757202
-0.2999999523162842 -0.22200000286102295 3.200000047683716
-0.10199999809265137 -1.1820000410079956 2.9779999256134033
0.7200000286102295 0.5520000457763672 1.7899999618530273
-0.12000000476837158 -1.1460000276565552 2.9539999961853027
-0.156000018119812 -1.0740000009536743 2.9720001220703125
0.20399999618530273 -0.22200000286102295 1.850000023841858
0.30000007152557373 0.49800002574920654 2.078000068664551
-0.312000036239624 -0.34800004959106445 3.0920000076293945
-0.1799999475479126 -0.9240000247955322 2.7139999866485596
0.10199999809265137 -0.2879999876022339 1.9520000219345093
0.7260000705718994 0.6059999465942383 1.8259999752044678
0.6779999732971191 0.0 1.555999994277954
-0.25199997425079346 -0.7739999890327454 2.870000123977661
-0.09599995613098145 -1.194000005722046 2.9539999961853027
-0.2999999523162842 -0.16199994087219238 3.128000020980835
0.5520000457763672 -0.054000020027160645 1.6100000143051147
0.5039999485015869 -0.07799994945526123 1.6340000629425049
0.20399999618530273 0.4440000057220459 2.1440000534057617
-0.2999999523162842 -0.156000018119812 3.121999979019165
-0.312000036239624 -0.4440000057220459 3.0380001068115234
-0.1799999475479126 -0.9300000071525574 2.7139999866485596
0.156000018119812 -0.25199997425079346 1.8919999599456787
-0.2999999523162842 -0.1499999761581421 3.128000020980835
0.564000129699707 -0.0419999361038208 1.6039999723434448
0.1260000467300415 -0.2760000228881836 1.9220000505447388
-0.24599993228912354 -0.7979999780654907 2.8519999980926514
-0.26999998092651367 -0.7199999690055847 2.9000000953674316
0.22800004482269287 0.4620000123977661 2.125999927520752
-0.1799999475479126 -0.9539999961853027 2.75
-0.2999999523162842 -0.1499999761581421 3.1519999504089355
0.75 0.024000048637390137 1.5260000228881836
0.7079999446868896 0.48000001907348633 1.7419999837875366
-0.28199994564056396 -0.671999990940094 2.9179999828338623
-0.1499999761581421 -1.0980000495910645 2.9779999256134033
-0.1799999475479126 -0.9539999961853027 2.74399995803833
0.6540000438690186 -0.006000041961669922 1.562000036239624
0.4259999990463257 -0.10800004005432129 1.6759999990463257
-0.1979999542236328 -0.9240000247955322 2.7799999713897705
0.2820000648498535 -0.1679999828338623 1.777999997138977
-0.2999999523162842 -0.1260000467300415 3.1040000915527344
-0.2940000295639038 -0.6240000128746033 2.9539999961853027
0.09599995613098145 -0.28199994564056396 1.9520000219345093
-0.26399993896484375 -0.75 2.881999969482422
0.6960000991821289 0.5699999332427979 1.8079999685287476
0.37800002098083496 -0.1260000467300415 1.7059999704360962
-0.2999999523162842 -0.12000000476837158 3.1040000915527344
-0.3179999589920044 -0.37199997901916504 3.0859999656677246
0.25199997425079346 0.4739999771118164 2.1019999980926514
-0.24599993228912354 -0.8100000023841858 2.8519999980926514
0.34200000762939453 -0.14399993419647217 1.7300000190734863
-0.1979999542236328 -0.9419999718666077 2.803999900817871
0.6059999465942383 -0.023999929428100586 1.5800000429153442
-0.3179999589920044 -0.3240000009536743 3.1040000915527344
-0.3179999589920044 -0.41999995708465576 3.055999994277954
-0.3059999942779541 -0.16199994087219238 3.121999979019165
0.5039999485015869 -0.07200002670288086 1.628000020980835
-0.2999999523162842 -0.5759999752044678 2.9179999828338623
-0.312000036239624 -0.25199997425079346 3.187999963760376
0.156000018119812 0.4259999990463257 2.180000066757202
-0.2999999523162842 -0.10199999809265137 3.0799999237060547
-0.3059999942779541 -0.1499999761581421 3.128000020980835
0.7079999446868896 0.5759999752044678 1.8020000457763672
-0.07200002670288086 -1.253999948501587 2.9779999256134033
-0.25199997425079346 -0.7979999780654907 2.8519999980926514
0.25199997425079346 0.48000001907348633 2.1019999980926514
-0.1499999761581421 -1.1100000143051147 2.9779999256134033
-0.2999999523162842 -0.09599995613098145 3.0799999237060547
0.2760000228881836 0.4919999837875366 2.0840001106262207
-0.3059999942779541 -0.1499999761581421 3.1519999504089355
0.7139999866485596 0.6059999465942383 1.8200000524520874
-0.1979999542236328 -0.9240000247955322 2.75
-0.2999999523162842 -0.09000003337860107 3.055999994277954
-0.1979999542236328 -0.9419999718666077 2.7799999713897705
-0.3179999589920044 -0.48000001907348633 3.0139999389648438
-0.3179999589920044 -0.4859999418258667 3.0260000228881836
-0.12000000476837158 -1.1699999570846558 2.9539999961853027
0.6540000438690186 0.0 1.555999994277954
0.156000018119812 -0.24599993228912354 1.8799999952316284
-0.12000000476837158 -1.1699999570846558 2.947999954223633
-0.20399999618530273 -0.9240000247955322 2.7739999294281006
-0.2999999523162842 -0.08399999141693115 3.0380001068115234
0.4140000343322754 -0.10800004005432129 1.6759999990463257
-0.26399993896484375 -0.7739999890327454 2.875999927520752
-0.3240000009536743 -0.37800002098083496 3.074000120162964
0.18000006675720215 -0.22800004482269287 1.8560000658035278
-0.3240000009536743 -0.37800002098083496 3.0799999237060547
-0.19200003147125244 -0.9480000138282776 2.75
-0.3240000009536743 -0.3539999723434448 3.1040000915527344
-0.3240000009536743 -0.38399994373321533 3.1040000915527344
-0.3240000009536743 -0.34800004959106445 3.1040000915527344
-0.3240000009536743 -0.40799999237060547 3.0799999237060547
0.4500000476837158 -0.09599995613098145 1.6519999504089355
-0.09599995613098145 -1.2179999351501465 2.9539999961853027
0.30000007152557373 -0.156000018119812 1.7540000677108765
0.7260000705718994 0.024000048637390137 1.5260000228881836
-0.312000036239624 -0.16199994087219238 3.128000020980835
0.26999998092651367 0.4919999837875366 2.0840001106262207
-0.21599996089935303 -0.9240000247955322 2.8340001106262207
-0.3240000009536743 -0.437999963760376 3.055999994277954
-0.3240000009536743 -0.2999999523162842 3.1040000915527344
0.6480000019073486 0.0 1.555999994277954
-0.07799994945526123 -1.253999948501587 2.9839999675750732
-0.17400002479553223 -1.0740000009536743 3.0260000228881836
-0.3240000009536743 -0.3059999942779541 3.128000020980835
-0.09599995613098145 -1.2179999351501465 2.936000108718872
-0.1679999828338623 -1.0859999656677246 3.002000093460083
0.5759999752044678 -0.029999971389770508 1.5859999656677246
-0.3179999589920044 -0.25199997425079346 3.200000047683716
-0.17400002479553223 -1.0740000009536743 3.002000093460083
-0.19200003147125244 -0.9419999718666077 2.7260000705718994
-0.2999999523162842 -0.6480000019073486 2.9539999961853027
0.18000006675720215 0.4440000057220459 2.1500000953674316
-0.3240000009536743 -0.312000036239624 3.1640000343322754
-0.28199994564056396 -0.7199999690055847 2.8940000534057617
0.1260000467300415 -0.26399993896484375 1.9040000438690186
-0.3179999589920044 -0.24000000953674316 3.200000047683716
-0.22200000286102295 -0.8999999761581421 2.803999900817871
-0.3240000009536743 -0.4739999771118164 3.0260000228881836
-0.1499999761581421 -1.121999979019165 2.9539999961853027
-0.17400002479553223 -1.0740000009536743 2.9779999256134033
0.22800004482269287 0.46800005435943604 2.1080000400543213
-0.3240000009536743 -0.4859999418258667 3.068000078201294
0.10199999809265137 -0.28199994564056396 1.9279999732971191
-0.3179999589920044 -0.22200000286102295 3.194000005722046
-0.3059999942779541 -0.6240000128746033 2.9600000381469727
0.18000006675720215 -0.22200000286102295 1.850000023841858
0.6960000991821289 0.5820000171661377 1.8020000457763672
0.20399999618530273 0.4559999704360962 2.125999927520752
-0.11399996280670166 -1.194000005722046 2.947999954223633
0.5280001163482666 -0.059999942779541016 1.6039999723434448
-0.3240000009536743 -0.48000001907348633 2.990000009536743
-0.22200000286102295 -0.8999999761581421 2.7920000553131104
0.30000007152557373 -0.156000018119812 1.7480000257492065
0.20399999618530273 -0.21000003814697266 1.8259999752044678
-0.33000004291534424 -0.37800002098083496 3.055999994277954
0.7260000705718994 0.024000048637390137 1.5199999809265137
0.09000003337860107 -0.26999998092651367 1.940000057220459
0.7799999713897705 0.04200005531311035 1.5019999742507935
-0.33000004291534424 -0.41999995708465576 3.068000078201294
0.48000001907348633 -0.07799994945526123 1.628000020980835
-0.24599993228912354 -0.8460000157356262 2.828000068664551
-0.09599995613098145 -1.2300000190734863 2.947999954223633
-0.22200000286102295 -0.9120000004768372 2.803999900817871
-0.33000004291534424 -0.2999999523162842 3.1100001335144043
0.14400005340576172 -0.24599993228912354 1.8799999952316284
-0.3240000009536743 -0.24599993228912354 3.181999921798706
-0.24599993228912354 -0.8460000157356262 2.822000026702881
-0.21599996089935303 -0.9419999718666077 2.828000068664551
-0.13199996948242188 -1.1699999570846558 2.9779999256134033
0.4259999990463257 -0.10199999809265137 1.6579999923706055
0.630000114440918 -0.006000041961669922 1.555999994277954
-0.1260000467300415 -1.1820000410079956 2.9779999256134033
0.2879999876022339 -0.156000018119812 1.7540000677108765
-0.2999999523162842 -0.671999990940094 2.930000066757202
0.3179999589920044 -0.1499999761581421 1.7300000190734863
-0.3179999589920044 -0.156000018119812 3.1519999504089355
0.5759999752044678 -0.023999929428100586 1.5800000429153442
0.09599995613098145 -0.28199994564056396 1.9279999732971191
-0.3059999942779541 -0.6480000019073486 2.947999954223633
0.7019999027252197 0.018000006675720215 1.5260000228881836
-0.2940000295639038 -0.6959999799728394 2.9060001373291016
-0.10199999809265137 -1.2239999771118164 2.947999954223633
-0.21599996089935303 -0.9240000247955322 2.7799999713897705
0.36000001430511475 -0.1260000467300415 1.7000000476837158
0.18000006675720215 0.4440000057220459 2.138000011444092
-0.33000004291534424 -0.48000001907348633 3.0799999237060547
-0.2999999523162842 -0.6779999732971191 2.930000066757202
-0.12000000476837158 -1.194000005722046 2.9539999961853027
-0.312000036239624 -0.09599995613098145 3.128000020980835
0.19800007343292236 -0.21000003814697266 1.8259999752044678
-0.24599993228912354 -0.8579999804496765 2.828000068664551
-0.28199994564056396 -0.75 2.888000011444092
-0.24000000953674316 -0.8700000047683716 2.809999942779541
0.20399999618530273 -0.20399999618530273 1.8200000524520874
-0.3240000009536743 -0.22200000286102295 3.200000047683716
-0.26999998092651367 -0.7979999780654907 2.875999927520752
-0.3240000009536743 -0.24599993228912354 3.2300000190734863
0.5699999332427979 -0.023999929428100586 1.5800000429153442
-0.17400002479553223 -1.0980000495910645 3.0380001068115234
-0.20399999618530273 -0.9359999895095825 2.7260000705718994
0.48000001907348633 -0.07799994945526123 1.621999979019165
-0.3359999656677246 -0.34800004959106445 3.1040000915527344
-0.3240000009536743 -0.25199997425079346 3.242000102996826
-0.09000003337860107 -1.253999948501587 2.9720001220703125
-0.09599995613098145 -1.2419999837875366 2.9539999961853027
0.10199999809265137 -0.2760000228881836 1.9160000085830688
-0.3359999656677246 -0.3240000009536743 3.115999937057495
0.22800004482269287 0.48000001907348633 2.1019999980926514
-0.17400002479553223 -1.0980000495910645 2.9779999256134033
0.4259999990463257 -0.09599995613098145 1.6519999504089355
-0.3179999589920044 -0.10199999809265137 3.074000120162964
-0.3059999942779541 -0.671999990940094 2.936000108718872
-0.09599995613098145 -1.2480000257492065 2.9779999256134033
-0.1499999761581421 -1.1460000276565552 2.9539999961853027
0.156000018119812 0.4320000410079956 2.1500000953674316
-0.312000036239624 -0.6480000019073486 2.9539999961853027
-0.17400002479553223 -1.0980000495910645 2.9600000381469727
-0.1499999761581421 -1.1460000276565552 2.947999954223633
-0.3240000009536743 -0.23399996757507324 3.253999948501587
-0.3179999589920044 -0.09599995613098145 3.0799999237060547
-0.1380000114440918 -1.1699999570846558 2.947999954223633
-0.3240000009536743 -0.1380000114440918 3.1040000915527344
-0.3179999589920044 -0.09599995613098145 3.1040000915527344
-0.20399999618530273 -0.9359999895095825 2.7079999446868896
0.20399999618530273 -0.1979999542236328 1.8140000104904175
-0.156000018119812 -1.1399999856948853 2.9779999256134033
-0.33000004291534424 -0.21000003814697266 3.1700000762939453
-0.3179999589920044 -0.09000003337860107 3.055999994277954
0.75 0.03600001335144043 1.5019999742507935
-0.1679999828338623 -1.1159999370574951 2.9779999256134033
-0.26399993896484375 -0.8219999670982361 2.8399999141693115
0.5280001163482666 -0.054000020027160645 1.5920000076293945
-0.12000000476837158 -1.2120000123977661 2.996000051498413
-0.33000004291534424 -0.21000003814697266 3.181999921798706
-0.3240000009536743 -0.1260000467300415 3.0980000495910645
-0.3359999656677246 -0.48000001907348633 3.002000093460083
0.16200006008148193 -0.22800004482269287 1.850000023841858
-0.3179999589920044 -0.08399999141693115 3.049999952316284
0.4200000762939453 -0.09599995613098145 1.6519999504089355
-0.3240000009536743 -0.5879999995231628 2.9600000381469727
0.5039999485015869 -0.059999942779541016 1.6039999723434448
-0.3240000009536743 -0.12000000476837158 3.1040000915527344
-0.34200000762939453 -0.37199997901916504 3.0799999237060547
-0.34200000762939453 -0.37800002098083496 3.0799999237060547
-0.3240000009536743 -0.5999999642372131 2.9779999256134033
0.5520000457763672 -0.03600001335144043 1.5800000429153442
-0.34200000762939453 -0.37800002098083496 3.1040000915527344
-0.2580000162124634 -0.8460000157356262 2.828000068664551
0.7799999713897705 0.04799997806549072 1.4900000095367432
0.6779999732971191 0.018000006675720215 1.5260000228881836
0.6059999465942383 -0.006000041961669922 1.555999994277954
-0.19200003147125244 -1.0740000009536743 3.002000093460083
-0.11399996280670166 -1.2239999771118164 2.9539999961853027
-0.34200000762939453 -0.2999999523162842 3.0980000495910645
0.37800002098083496 -0.11399996280670166 1.6759999990463257
0.34200000762939453 -0.13199996948242188 1.7000000476837158
-0.10199999809265137 -1.2480000257492065 2.9779999256134033
-0.34200000762939453 -0.4440000057220459 3.055999994277954
-0.10800004005432129 -1.2300000190734863 2.9179999828338623
-0.3240000009536743 -0.10199999809265137 3.0799999237060547
-0.26999998092651367 -0.8219999670982361 2.8519999980926514
-0.2999999523162842 -0.7199999690055847 2.9000000953674316
-0.21599996089935303 -0.9419999718666077 2.75
-0.3059999942779541 -0.6959999799728394 2.9119999408721924
0.1260000467300415 -0.25199997425079346 1.8799999952316284
-0.22200000286102295 -0.9419999718666077 2.7799999713897705
-0.19200003147125244 -1.0799999237060547 3.0260000228881836
0.10199999809265137 -0.26999998092651367 1.9040000438690186
-0.18599998950958252 -1.0920000076293945 3.002000093460083
0.7019999027252197 0.024000048637390137 1.5140000581741333
-0.3240000009536743 -0.6240000128746033 2.9779999256134033
0.18000006675720215 0.4559999704360962 2.125999927520752
0.4020000696182251 -0.10199999809265137 1.6579999923706055
-0.34200000762939453 -0.4739999771118164 3.0260000228881836
-0.26999998092651367 -0.828000009059906 2.8519999980926514
0.4500000476837158 -0.08399999141693115 1.628000020980835
-0.3240000009536743 -0.6299999952316284 2.9779999256134033
0.3539999723434448 -0.1260000467300415 1.687999963760376
-0.34200000762939453 -0.4859999418258667 3.0260000228881836
0.22800004482269287 0.48600006103515625 2.0900001525878906
-0.33000004291534424 -0.1380000114440918 3.1579999923706055
-0.3359999656677246 -0.21599996089935303 3.200000047683716
0.19200003147125244 -0.20399999618530273 1.8140000104904175
-0.3359999656677246 -0.24599993228912354 3.2300000190734863
-0.28199994564056396 -0.7979999780654907 2.870000123977661
-0.33000004291534424 -0.5999999642372131 2.9779999256134033
0.6059999465942383 -0.006000041961669922 1.5499999523162842
-0.34800004959106445 -0.3659999370574951 3.1040000915527344
0.5520000457763672 -0.029999971389770508 1.5740000009536743
-0.34800004959106445 -0.41999995708465576 3.0799999237060547
-0.34800004959106445 -0.4140000343322754 3.1040000915527344
0.7260000705718994 0.03600001335144043 1.5019999742507935
-0.16199994087219238 -1.1460000276565552 2.9539999961853027
-0.34800004959106445 -0.4320000410079956 3.0799999237060547
-0.1499999761581421 -1.1699999570846558 2.9539999961853027
-0.34800004959106445 -0.33000004291534424 3.128000020980835
-0.34200000762939453 -0.24599993228912354 3.1760001182556152
-0.17400002479553223 -1.121999979019165 2.9539999961853027
0.156000018119812 -0.22800004482269287 1.843999981880188
-0.34800004959106445 -0.3240000009536743 3.128000020980835
0.09000003337860107 -0.2760000228881836 1.909999966621399
-0.1979999542236328 -1.0740000009536743 2.9779999256134033
-0.3359999656677246 -0.156000018119812 3.134000062942505
-0.1380000114440918 -1.194000005722046 2.9539999961853027
-0.24599993228912354 -0.8999999761581421 2.803999900817871
0.156000018119812 0.4440000057220459 2.138000011444092
0.20399999618530273 0.4739999771118164 2.1019999980926514
-0.2999999523162842 -0.75 2.9000000953674316
-0.34800004959106445 -0.4679999351501465 3.055999994277954
-0.34800004959106445 -0.3059999942779541 3.1519999504089355
-0.24599993228912354 -0.8999999761581421 2.7980000972747803
-0.10800004005432129 -1.253999948501587 2.9839999675750732
0.5280001163482666 -0.04799997806549072 1.5800000429153442
0.6540000438690186 0.011999964714050293 1.5260000228881836
-0.33000004291534424 -0.09599995613098145 3.134000062942505
-0.2940000295639038 -0.7739999890327454 2.881999969482422
0.48000001907348633 -0.06599998474121094 1.6039999723434448
-0.3359999656677246 -0.5879999995231628 2.9660000801086426
-0.34200000762939453 -0.25199997425079346 3.2300000190734863
-0.13199996948242188 -1.2120000123977661 2.9539999961853027
-0.2999999523162842 -0.7619999647140503 2.9000000953674316
0.20399999618530273 0.48000001907348633 2.1019999980926514
0.2760000228881836 -0.156000018119812 1.7360000610351562
-0.3240000009536743 -0.671999990940094 2.9539999961853027
-0.3539999723434448 -0.34800004959106445 3.1100001335144043
-0.156000018119812 -1.1699999570846558 2.9539999961853027
0.5220000743865967 -0.04799997806549072 1.5800000429153442
-0.34200000762939453 -0.1979999542236328 3.200000047683716
-0.12000000476837158 -1.2419999837875366 3.002000093460083
-0.20399999618530273 -1.0740000009536743 2.9779999256134033
-0.3539999723434448 -0.3240000009536743 3.121999979019165
-0.12000000476837158 -1.2360000610351562 2.941999912261963
-0.24599993228912354 -0.9179999828338623 2.803999900817871
0.5759999752044678 -0.011999964714050293 1.555999994277954
-0.28199994564056396 -0.8219999670982361 2.8519999980926514
-0.18599998950958252 -1.1159999370574951 2.9779999256134033
-0.34200000762939453 -0.156000018119812 3.1519999504089355
-0.26399993896484375 -0.8700000047683716 2.815999984741211
0.19200003147125244 -0.1979999542236328 1.8020000457763672
-0.34800004959106445 -0.25199997425079346 3.200000047683716
0.3539999723434448 -0.12000000476837158 1.6759999990463257
-0.34800004959106445 -0.24599993228912354 3.200000047683716
0.7019999027252197 0.029999971389770508 1.5019999742507935
-0.156000018119812 -1.1759999990463257 2.9539999961853027
-0.12000000476837158 -1.2419999837875366 2.9539999961853027
-0.3359999656677246 -0.6240000128746033 2.9720001220703125
0.5039999485015869 -0.054000020027160645 1.5859999656677246
-0.34200000762939453 -0.22200000286102295 3.253999948501587
0.10800004005432129 -0.25199997425079346 1.8799999952316284
-0.3539999723434448 -0.48000001907348633 3.0380001068115234
-0.23399996757507324 -0.9480000138282776 2.7799999713897705
0.4259999990463257 -0.09000003337860107 1.628000020980835
-0.2940000295639038 -0.7979999780654907 2.875999927520752
0.37800002098083496 -0.10800004005432129 1.6579999923706055
0.75 0.04799997806549072 1.4839999675750732
-0.3359999656677246 -0.09599995613098145 3.1579999923706055
0.2760000228881836 -0.1499999761581421 1.7300000190734863
-0.1380000114440918 -1.2179999351501465 2.990000009536743
-0.1979999542236328 -1.0980000495910645 2.9779999256134033
0.156000018119812 0.4500000476837158 2.125999927520752
-0.18599998950958252 -1.121999979019165 2.9600000381469727
0.09599995613098145 0.36600005626678467 2.138000011444092
-0.34800004959106445 -0.1979999542236328 3.187999963760376
-0.21000003814697266 -1.0679999589920044 2.947999954223633
0.6779999732971191 0.024000048637390137 1.5080000162124634
0.7799999713897705 0.054000020027160645 1.472000002861023
-0.24599993228912354 -0.9240000247955322 2.7860000133514404
-0.1979999542236328 -1.0980000495910645 2.9600000381469727
-0.26999998092651367 -0.8700000047683716 2.828000068664551
-0.3240000009536743 -0.6959999799728394 2.930000066757202
-0.36000001430511475 -0.41999995708465576 3.0799999237060547
-0.33000004291534424 -0.671999990940094 2.947999954223633
-0.36000001430511475 -0.38399994373321533 3.121999979019165
0.312000036239624 -0.1380000114440918 1.7000000476837158
0.1499999761581421 0.4440000057220459 2.125999927520752
-0.34800004959106445 -0.22200000286102295 3.2300000190734863
-0.3179999589920044 -0.7199999690055847 2.9060001373291016
-0.3359999656677246 -0.6480000019073486 2.9660000801086426
-0.36000001430511475 -0.4440000057220459 3.068000078201294
-0.3240000009536743 -0.7020000219345093 2.930000066757202
0.4500000476837158 -0.07799994945526123 1.6100000143051147
-0.34200000762939453 -0.10199999809265137 3.1040000915527344
0.630000114440918 0.011999964714050293 1.5260000228881836
-0.34800004959106445 -0.1499999761581421 3.128000020980835
-0.34800004959106445 -0.24000000953674316 3.253999948501587
-0.312000036239624 -0.75 2.9000000953674316
-0.1260000467300415 -1.2419999837875366 2.9539999961853027
-0.3539999723434448 -0.24000000953674316 3.194000005722046
0.07800006866455078 -0.26999998092651367 1.9040000438690186
0.156000018119812 -0.21599996089935303 1.8259999752044678
-0.34800004959106445 -0.1380000114440918 3.1040000915527344
-0.3059999942779541 -0.7739999890327454 2.888000011444092
-0.36000001430511475 -0.4739999771118164 3.0439999103546143
-0.28199994564056396 -0.8460000157356262 2.8399999141693115
-0.34800004959106445 -0.5999999642372131 3.0320000648498535
0.1499999761581421 0.4500000476837158 2.125999927520752
0.6719999313354492 0.4620000123977661 1.687999963760376
-0.36000001430511475 -0.4859999418258667 3.055999994277954
0.18000006675720215 0.46800005435943604 2.1019999980926514
-0.34800004959106445 -0.1260000467300415 3.0859999656677246
-0.34800004959106445 -0.5999999642372131 3.002000093460083
-0.34200000762939453 -0.08399999141693115 3.0380001068115234
-0.18599998950958252 -1.1340000629425049 2.9600000381469727
-0.3539999723434448 -0.25199997425079346 3.2300000190734863
-0.25199997425079346 -0.9240000247955322 2.7920000553131104
-0.34800004959106445 -0.12000000476837158 3.0799999237060547
0.21000003814697266 0.48600006103515625 2.078000068664551
0.75 0.054000020027160645 1.4779999256134033
-0.3659999370574951 -0.37800002098083496 3.074000120162964
-0.20399999618530273 -1.0980000495910645 2.9600000381469727
0.5520000457763672 -0.018000006675720215 1.555999994277954
-0.3659999370574951 -0.37800002098083496 3.0799999237060547
-0.3659999370574951 -0.37199997901916504 3.0859999656677246
0.10199999809265137 -0.25199997425079346 1.8739999532699585
0.1260000467300415 -0.23399996757507324 1.850000023841858
-0.3539999723434448 -0.21000003814697266 3.2120001316070557
0.6779999732971191 0.029999971389770508 1.5019999742507935
-0.2760000228881836 -0.8700000047683716 2.822000026702881
-0.21599996089935303 -1.0740000009536743 2.9600000381469727
-0.3539999723434448 -0.18599998950958252 3.187999963760376
0.5759999752044678 -0.006000041961669922 1.5440000295639038
-0.3659999370574951 -0.3240000009536743 3.128000020980835
-0.3539999723434448 -0.19200003147125244 3.200000047683716
-0.34800004959106445 -0.10199999809265137 3.062000036239624
0.5460000038146973 -0.023999929428100586 1.555999994277954
-0.24000000953674316 -0.9419999718666077 2.74399995803833
0.07200002670288086 -0.26399993896484375 1.9040000438690186
0.4500000476837158 -0.07200002670288086 1.6039999723434448
-0.3659999370574951 -0.3179999589920044 3.1519999504089355
-0.34800004959106445 -0.09599995613098145 3.0799999237060547
-0.34800004959106445 -0.09599995613098145 3.055999994277954
0.4919999837875366 -0.054000020027160645 1.5800000429153442
-0.36000001430511475 -0.24599993228912354 3.200000047683716
-0.34800004959106445 -0.09599995613098145 3.1040000915527344
-0.34800004959106445 -0.6240000128746033 2.9779999256134033
-0.17400002479553223 -1.1699999570846558 2.9779999256134033
-0.3659999370574951 -0.4739999771118164 3.055999994277954
-0.21000003814697266 -1.0980000495910645 3.002000093460083
0.18000006675720215 0.48000001907348633 2.1019999980926514
0.24600005149841309 -0.24000000953674316 1.7300000190734863
0.6540000438690186 0.024000048637390137 1.5080000162124634
-0.2999999523162842 -0.8219999670982361 2.875999927520752
0.18000006675720215 0.4739999771118164 2.0959999561309814
0.33000004291534424 -0.1260000467300415 1.6759999990463257
-0.20399999618530273 -1.1100000143051147 2.9660000801086426
0.5339999198913574 -0.03600001335144043 1.555999994277954
0.6059999465942383 0.006000041961669922 1.5260000228881836
-0.26999998092651367 -0.9179999828338623 2.8519999980926514
0.4020000696182251 -0.09000003337860107 1.628000020980835
-0.34200000762939453 -0.671999990940094 2.9539999961853027
-0.37199997901916504 -0.37199997901916504 3.1040000915527344
-0.3359999656677246 -0.6959999799728394 2.930000066757202
-0.33000004291534424 -0.7199999690055847 2.9119999408721924
-0.34800004959106445 -0.6480000019073486 2.9779999256134033
-0.26999998092651367 -0.8999999761581421 2.803999900817871
-0.37199997901916504 -0.4140000343322754 3.1040000915527344
0.20399999618530273 0.48600006103515625 2.072000026702881
-0.37199997901916504 -0.34200000762939453 3.128000020980835
0.7260000705718994 0.04799997806549072 1.4779999256134033
-0.36000001430511475 -0.156000018119812 3.128000020980835
-0.37199997901916504 -0.4440000057220459 3.0799999237060547
-0.37199997901916504 -0.4500000476837158 3.0799999237060547
0.37800002098083496 -0.10199999809265137 1.6399999856948853
-0.37199997901916504 -0.4140000343322754 3.140000104904175
-0.24599993228912354 -0.9480000138282776 2.75
0.19200003147125244 -0.19200003147125244 1.777999997138977
-0.34800004959106445 -0.6599999666213989 2.9779999256134033
0.34800004959106445 0.3960000276565552 1.8560000658035278
0.1260000467300415 -0.22800004482269287 1.8380000591278076
-0.3539999723434448 -0.6240000128746033 2.9779999256134033
-0.18599998950958252 -1.1579999923706055 2.9600000381469727
0.1679999828338623 0.46800005435943604 2.0959999561309814
-0.24599993228912354 -0.9539999961853027 2.75
-0.37199997901916504 -0.4919999837875366 3.0799999237060547
-0.37199997901916504 -0.3240000009536743 3.187999963760376
0.4320000410079956 -0.07799994945526123 1.6039999723434448
0.3539999723434448 -0.11399996280670166 1.6519999504089355
-0.156000018119812 -1.2179999351501465 2.9600000381469727
0.16200006008148193 0.46800005435943604 2.1019999980926514
0.6540000438690186 0.029999971389770508 1.5019999742507935
0.19800007343292236 0.48600006103515625 2.072000026702881
-0.36000001430511475 -0.12000000476837158 3.0799999237060547
-0.3659999370574951 -0.24599993228912354 3.2300000190734863
-0.36000001430511475 -0.6060000061988831 3.002000093460083
-0.17400002479553223 -1.187999963760376 2.9779999256134033
-0.1380000114440918 -1.253999948501587 2.9779999256134033
0.3179999589920044 -0.1260000467300415 1.6759999990463257
0.19200003147125244 0.48600006103515625 2.078000068664551
-0.37800002098083496 -0.37800002098083496 3.0980000495910645
-0.37800002098083496 -0.37800002098083496 3.1040000915527344
-0.37800002098083496 -0.34800004959106445 3.121999979019165
-0.25199997425079346 -0.9419999718666077 2.74399995803833
-0.04799997806549072 0.36000001430511475 2.3299999237060547
-0.2999999523162842 -0.8460000157356262 2.8519999980926514
-0.3240000009536743 -0.7739999890327454 2.9000000953674316
-0.26999998092651367 -0.9419999718666077 2.8519999980926514
0.07800006866455078 -0.2580000162124634 1.8799999952316284
-0.37800002098083496 -0.4440000057220459 3.0799999237060547
-0.37800002098083496 -0.4140000343322754 3.134000062942505
-0.14399993419647217 -1.2480000257492065 2.9779999256134033
-0.37800002098083496 -0.3240000009536743 3.140000104904175
-0.1979999542236328 -1.1460000276565552 2.9779999256134033
-0.26999998092651367 -0.9240000247955322 2.803999900817871
-0.3659999370574951 -0.24000000953674316 3.253999948501587
-0.34800004959106445 -0.6840000152587891 2.9539999961853027
0.7079999446868896 0.04799997806549072 1.4779999256134033
-0.3539999723434448 -0.07200002670288086 2.9779999256134033
0.156000018119812 -0.20399999618530273 1.8020000457763672
-0.3179999589920044 -0.7979999780654907 2.881999969482422
-0.37800002098083496 -0.4739999771118164 3.062000036239624
0.1679999828338623 -0.20399999618530273 1.7899999618530273
-0.22200000286102295 -1.0980000495910645 2.9779999256134033
0.2640000581741333 -0.23399996757507324 1.7000000476837158
-0.37199997901916504 -0.25199997425079346 3.2179999351501465
0.5099999904632568 -0.0419999361038208 1.555999994277954
-0.03600001335144043 0.36000001430511475 2.3000001907348633
-0.312000036239624 -0.8219999670982361 2.870000123977661
-0.22200000286102295 -1.1039999723434448 3.008000135421753
-0.2999999523162842 -0.8579999804496765 2.8519999980926514
0.07800006866455078 0.34200000762939453 2.1019999980926514
0.09000003337860107 0.34800004959106445 2.0900001525878906
0.054000020027160645 0.33000004291534424 2.125999927520752
-0.28199994564056396 -0.8999999761581421 2.809999942779541
0.10199999809265137 -0.24000000953674316 1.850000023841858
-0.37800002098083496 -0.3240000009536743 3.200000047683716
-0.2940000295639038 -0.8700000047683716 2.828000068664551
-0.3240000009536743 -0.7919999957084656 2.9000000953674316
0.5520000457763672 -0.006000041961669922 1.5379999876022339
0.34200000762939453 -0.11399996280670166 1.6519999504089355
0.1260000467300415 -0.22200000286102295 1.8259999752044678
-0.26999998092651367 -0.9359999895095825 2.803999900817871
0.07200002670288086 -0.2580000162124634 1.8799999952316284
-0.38399994373321533 -0.37199997901916504 3.1040000915527344
0.2760000228881836 -0.13199996948242188 1.7000000476837158
0.37800002098083496 -0.09599995613098145 1.628000020980835
-0.22200000286102295 -1.1100000143051147 3.0260000228881836
-0.38399994373321533 -0.41999995708465576 3.0859999656677246
0.4259999990463257 -0.07799994945526123 1.5980000495910645
-0.2760000228881836 -0.9419999718666077 2.8519999980926514
0.48000001907348633 -0.054000020027160645 1.5679999589920044
-0.37199997901916504 -0.22200000286102295 3.2300000190734863
-0.3059999942779541 -0.8460000157356262 2.8519999980926514
-0.3359999656677246 -0.75 2.9060001373291016
-0.19200003147125244 -1.1699999570846558 2.9779999256134033
0.5759999752044678 0.006000041961669922 1.5260000228881836
-0.2580000162124634 -0.9480000138282776 2.75
0.630000114440918 0.024000048637390137 1.5019999742507935
-0.37199997901916504 -0.14399993419647217 3.1040000915527344
-0.37199997901916504 -0.1499999761581421 3.134000062942505
-0.37199997901916504 -0.1380000114440918 3.0799999237060547
-0.22800004482269287 -1.0980000495910645 2.9839999675750732
0.156000018119812 0.48000001907348633 2.1019999980926514
-0.37199997901916504 -0.1979999542236328 3.2300000190734863
-0.16199994087219238 -1.2300000190734863 2.9660000801086426
0.07800006866455078 0.3539999723434448 2.1019999980926514
0.07800006866455078 -0.25199997425079346 1.8680000305175781
0.7019999027252197 0.04799997806549072 1.472000002861023
0.7560000419616699 0.06599998474121094 1.4539999961853027
-0.37199997901916504 -0.1260000467300415 3.055999994277954
-0.37199997901916504 -0.5999999642372131 3.002000093460083
-0.34800004959106445 -0.7199999690055847 2.930000066757202
0.4500000476837158 -0.06599998474121094 1.5800000429153442
-0.37199997901916504 -0.12000000476837158 3.055999994277954
0.09599995613098145 0.36600005626678467 2.0840001106262207
-0.37199997901916504 -0.20399999618530273 3.253999948501587
-0.37199997901916504 -0.5999999642372131 2.990000009536743
-0.38399994373321533 -0.3359999656677246 3.200000047683716
-0.3539999723434448 -0.6959999799728394 2.941999912261963
0.36000001430511475 -0.10199999809265137 1.6340000629425049
0.14400005340576172 0.46800005435943604 2.1019999980926514
0.07800006866455078 0.38999998569488525 2.125999927520752
0.2640000581741333 -0.1499999761581421 1.7000000476837158
0.07800006866455078 0.4200000762939453 2.1500000953674316
-0.3659999370574951 -0.07200002670288086 3.062000036239624
0.1679999828338623 -0.1979999542236328 1.777999997138977
-0.3659999370574951 -0.6480000019073486 2.9779999256134033
0.5280001163482666 -0.029999971389770508 1.5379999876022339
0.1499999761581421 0.48000001907348633 2.1019999980926514
0.6779999732971191 0.04200005531311035 1.4779999256134033
-0.23399996757507324 -1.0920000076293945 2.9600000381469727
-0.3359999656677246 -0.7739999890327454 2.9000000953674316
-0.37800002098083496 -0.21000003814697266 3.2179999351501465
-0.21000003814697266 -1.1460000276565552 2.9720001220703125
-0.22200000286102295 -1.121999979019165 2.9779999256134033
-0.28199994564056396 -0.9240000247955322 2.803999900817871
-0.3659999370574951 -0.07200002670288086 3.002000093460083
-0.26999998092651367 -0.9480000138282776 2.7799999713897705
-0.18599998950958252 -1.194000005722046 2.9660000801086426
-0.37199997901916504 -0.10199999809265137 3.0439999103546143
0.4440000057220459 -0.06599998474121094 1.5800000429153442
-0.33000004291534424 -0.7979999780654907 2.888000011444092
-0.37800002098083496 -0.14399993419647217 3.1040000915527344
-0.37800002098083496 -0.1499999761581421 3.134000062942505
0.4020000696182251 -0.08399999141693115 1.6039999723434448
-0.37199997901916504 -0.09599995613098145 3.055999994277954
-0.22800004482269287 -1.1159999370574951 3.0260000228881836
0.06599998474121094 0.3539999723434448 2.1080000400543213
-0.3240000009536743 -0.8219999670982361 2.875999927520752
-0.26999998092651367 -0.9539999961853027 2.7799999713897705
0.09000003337860107 0.38999998569488525 2.1019999980926514
-0.38999998569488525 -0.3359999656677246 3.181999921798706
0.2760000228881836 -0.21599996089935303 1.6759999990463257
-0.38999998569488525 -0.4859999418258667 3.074000120162964
-0.3059999942779541 -0.8700000047683716 2.8340001106262207
-0.17400002479553223 -1.2239999771118164 2.9779999256134033
0.03600001335144043 0.3240000009536743 2.125999927520752
-0.1799999475479126 -1.2120000123977661 2.9660000801086426
0.07800006866455078 0.4020000696182251 2.125999927520752
-0.37800002098083496 -0.20399999618530273 3.253999948501587
-0.37800002098083496 -0.5999999642372131 2.990000009536743
0.6059999465942383 0.018000006675720215 1.5019999742507935
-0.3659999370574951 -0.671999990940094 2.9660000801086426
0.5520000457763672 0.0 1.5260000228881836
0.07800006866455078 0.4320000410079956 2.1500000953674316
0.07200002670288086 0.37800002098083496 2.113999843597412
-0.37199997901916504 -0.07799994945526123 3.0260000228881836
0.054000020027160645 0.33000004291534424 2.1019999980926514
0.18599998950958252 -0.19200003147125244 1.7540000677108765
-0.21599996089935303 -1.1460000276565552 2.9779999256134033
0.48000001907348633 -0.04799997806549072 1.555999994277954
-0.37199997901916504 -0.07200002670288086 3.0439999103546143
0.156000018119812 0.48000001907348633 2.0840001106262207
0.07200002670288086 -0.25199997425079346 1.8619999885559082
0.10199999809265137 -0.22800004482269287 1.8320000171661377
0.10800004005432129 -0.22200000286102295 1.8259999752044678
0.1380000114440918 0.46800005435943604 2.0959999561309814
-0.3960000276565552 -0.3659999370574951 3.128000020980835
-0.3960000276565552 -0.4140000343322754 3.1040000915527344
-0.3960000276565552 -0.34800004959106445 3.128000020980835
-0.04799997806549072 0.34800004959106445 2.2760000228881836
0.054000020027160645 0.36600005626678467 2.125999927520752
0.7260000705718994 0.060000061988830566 1.4539999961853027
-0.2999999523162842 -0.8999999761581421 2.828000068664551
0.13199996948242188 -0.20399999618530273 1.8020000457763672
-0.3960000276565552 -0.37199997901916504 3.1519999504089355
0.30000007152557373 -0.1260000467300415 1.6640000343322754
-0.3960000276565552 -0.3359999656677246 3.1519999504089355
-0.26999998092651367 -0.9599999785423279 2.76200008392334
-0.3960000276565552 -0.3240000009536743 3.1519999504089355
-0.03600001335144043 0.34800004959106445 2.251999855041504
0.09000003337860107 0.4020000696182251 2.1019999980926514
-0.20399999618530273 -1.1759999990463257 2.9720001220703125
0.18000006675720215 -0.20399999618530273 1.7540000677108765
-0.21000003814697266 -1.1640000343322754 2.9720001220703125
-0.2760000228881836 -0.9480000138282776 2.7680001258850098
-0.33000004291534424 -0.8219999670982361 2.875999927520752
-0.3960000276565552 -0.4739999771118164 3.0799999237060547
-0.2999999523162842 -0.906000018119812 2.828000068664551
-0.3240000009536743 -0.8460000157356262 2.875999927520752
-0.37199997901916504 -0.06599998474121094 2.9720001220703125
0.26999998092651367 -0.19200003147125244 1.6759999990463257
-0.3960000276565552 -0.3179999589920044 3.1760001182556152
-0.3960000276565552 -0.4859999418258667 3.0799999237060547
-0.37199997901916504 -0.671999990940094 2.9779999256134033
0.06599998474121094 0.4020000696182251 2.131999969482422
0.04799997806549072 0.33000004291534424 2.1019999980926514
0.6540000438690186 0.04200005531311035 1.4779999256134033
0.07800006866455078 -0.24000000953674316 1.850000023841858
0.2640000581741333 -0.22200000286102295 1.6759999990463257
-0.3240000009536743 -0.8519999980926514 2.875999927520752
-0.37199997901916504 -0.6779999732971191 2.9779999256134033
-0.38399994373321533 -0.1979999542236328 3.253999948501587
-0.1979999542236328 -1.194000005722046 2.9779999256134033
0.6059999465942383 0.024000048637390137 1.496000051498413
0.2940000295639038 -0.1260000467300415 1.6640000343322754
0.5280001163482666 -0.023999929428100586 1.5260000228881836
-0.04799997806549072 0.36000001430511475 2.2760000228881836
-0.23399996757507324 -1.121999979019165 2.9779999256134033
-0.40199995040893555 -0.37199997901916504 3.1040000915527344
-0.37800002098083496 -0.6480000019073486 2.9779999256134033
0.054000020027160645 0.37800002098083496 2.125999927520752
0.09000003337860107 0.3960000276565552 2.0900001525878906
0.17400002479553223 -0.21000003814697266 1.7540000677108765
-0.28199994564056396 -0.9480000138282776 2.7799999713897705
-0.38999998569488525 -0.1799999475479126 3.1760001182556152
0.6779999732971191 0.04799997806549072 1.4660000801086426
-0.23399996757507324 -1.128000020980835 3.0260000228881836
-0.38999998569488525 -0.25199997425079346 3.253999948501587
0.25199997425079346 -0.22800004482269287 1.6820000410079956
0.04799997806549072 0.3539999723434448 2.113999843597412
0.2760000228881836 -0.1260000467300415 1.6759999990463257
0.029999971389770508 0.3359999656677246 2.125999927520752
-0.3960000276565552 -0.3179999589920044 3.2300000190734863
0.5339999198913574 0.0 1.5260000228881836
0.4200000762939453 -0.07200002670288086 1.5800000429153442
0.03600001335144043 0.3240000009536743 2.1080000400543213
-0.24000000953674316 -1.1159999370574951 3.002000093460083
0.22800004482269287 -0.24000000953674316 1.7000000476837158
-0.3960000276565552 -0.25199997425079346 3.200000047683716
-0.38399994373321533 -0.6240000128746033 2.9839999675750732
0.3059999942779541 -0.12000000476837158 1.6519999504089355
-0.40199995040893555 -0.3240000009536743 3.1579999923706055
-0.23399996757507324 -1.128000020980835 2.9779999256134033
0.37800002098083496 -0.09000003337860107 1.6039999723434448
-0.18599998950958252 -1.2239999771118164 2.9779999256134033
-0.23399996757507324 -1.1340000629425049 3.055999994277954
-0.38999998569488525 -0.1499999761581421 3.1579999923706055
0.22800004482269287 -0.22200000286102295 1.7000000476837158
-0.37199997901916504 -0.6959999799728394 2.9539999961853027
-0.17400002479553223 -1.2480000257492065 2.9779999256134033
-0.22800004482269287 -1.1460000276565552 3.002000093460083
-0.38999998569488525 -0.1260000467300415 3.049999952316284
-0.33000004291534424 -0.8460000157356262 2.870000123977661
-0.3960000276565552 -0.24599993228912354 3.2179999351501465
-0.3659999370574951 -0.7199999690055847 2.930000066757202
0.1260000467300415 -0.20399999618530273 1.7960000038146973
-0.21599996089935303 -1.1699999570846558 2.9779999256134033
0.0 0.3240000009536743 2.1560001373291016
0.7019999027252197 0.060000061988830566 1.4539999961853027
-0.20399999618530273 -1.194000005722046 2.9779999256134033
0.04799997806549072 0.37800002098083496 2.125999927520752
-0.37199997901916504 -0.7020000219345093 2.9539999961853027
0.3539999723434448 -0.10199999809265137 1.6160000562667847
-0.3960000276565552 -0.24599993228912354 3.2300000190734863
-0.3960000276565552 -0.25199997425079346 3.2360000610351562
-0.40199995040893555 -0.3359999656677246 3.2060000896453857
0.1679999828338623 -0.1979999542236328 1.7540000677108765
0.75 0.07200002670288086 1.4359999895095825
0.054000020027160645 0.4200000762939453 2.1500000953674316
0.2640000581741333 -0.1499999761581421 1.6759999990463257
-0.34800004959106445 -0.7979999780654907 2.9000000953674316
0.5759999752044678 0.018000006675720215 1.5019999742507935
-0.22800004482269287 -1.1519999504089355 3.002000093460083
-0.28199994564056396 -0.9539999961853027 2.75600004196167
-0.04799997806549072 -0.17400002479553223 2.0
-0.3240000009536743 -0.8700000047683716 2.8519999980926514
-0.17400002479553223 -1.253999948501587 2.9779999256134033
0.2760000228881836 -0.20399999618530273 1.6579999923706055
-0.3960000276565552 -0.22200000286102295 3.2300000190734863
-0.40799999237060547 -0.41999995708465576 3.0980000495910645
-0.312000036239624 -0.8999999761581421 2.828000068664551
-0.38399994373321533 -0.07200002670288086 3.002000093460083
-0.40799999237060547 -0.34800004959106445 3.134000062942505
-0.20399999618530273 -1.2000000476837158 2.9839999675750732
0.36000001430511475 -0.09599995613098145 1.6100000143051147
0.630000114440918 0.03600001335144043 1.4779999256134033
-0.054000020027160645 0.36600005626678467 2.2760000228881836
-0.03600001335144043 0.34800004959106445 2.2280001640319824
0.5280001163482666 -0.011999964714050293 1.5199999809265137
-0.3960000276565552 -0.18599998950958252 3.200000047683716
-0.40799999237060547 -0.37199997901916504 3.1519999504089355
-0.054000020027160645 -0.17400002479553223 2.00600004196167
0.07800006866455078 0.437999963760376 2.125999927520752
-0.40199995040893555 -0.25199997425079346 3.200000047683716
-0.3960000276565552 -0.1380000114440918 3.0799999237060547
0.054000020027160645 0.4259999990463257 2.1500000953674316
-0.04799997806549072 0.3539999723434448 2.251999855041504
0.4500000476837158 -0.054000020027160645 1.555999994277954
0.33000004291534424 -0.10800004005432129 1.628000020980835
0.029999971389770508 0.3539999723434448 2.125999927520752
-0.3960000276565552 -0.1979999542236328 3.2300000190734863
-0.22200000286102295 -1.1699999570846558 3.002000093460083
-0.3960000276565552 -0.13199996948242188 3.055999994277954
0.08399999141693115 0.4500000476837158 2.125999927520752
-0.006000041961669922 0.3240000009536743 2.1560001373291016
0.18599998950958252 -0.21599996089935303 1.7300000190734863
-0.03600001335144043 0.3539999723434448 2.2280001640319824
-0.40199995040893555 -0.3179999589920044 3.253999948501587
-0.054000020027160645 -0.18599998950958252 2.0
-0.3240000009536743 -0.8819999694824219 2.8519999980926514
-0.3960000276565552 -0.5999999642372131 3.002000093460083
-0.34800004959106445 -0.8159999847412109 2.9000000953674316
-0.3960000276565552 -0.12000000476837158 3.055999994277954
0.5039999485015869 -0.029999971389770508 1.5260000228881836
0.4020000696182251 -0.07799994945526123 1.5800000429153442
0.029999971389770508 0.38999998569488525 2.1500000953674316
-0.029999971389770508 0.34800004959106445 2.2100000381469727
-0.3659999370574951 -0.75 2.9179999828338623
0.060000061988830566 -0.24599993228912354 1.850000023841858
-0.36000001430511475 -0.7739999890327454 2.9060001373291016
0.5039999485015869 -0.023999929428100586 1.5260000228881836
0.22800004482269287 -0.23399996757507324 1.687999963760376
0.24600005149841309 -0.20399999618530273 1.6759999990463257
-0.33000004291534424 -0.8700000047683716 2.8580000400543213
-0.054000020027160645 -0.1979999542236328 1.99399995803833
-0.3960000276565552 -0.6179999709129333 3.002000093460083
0.75 0.07800006866455078 1.4300000667572021
0.6779999732971191 0.054000020027160645 1.4539999961853027
0.024000048637390137 0.3539999723434448 2.125999927520752
-0.4140000343322754 -0.40799999237060547 3.128000020980835
-0.3960000276565552 -0.10199999809265137 3.0320000648498535
0.3539999723434448 0.37199997901916504 1.777999997138977
-0.22200000286102295 -1.1820000410079956 3.0260000228881836
-0.22800004482269287 -1.1699999570846558 3.0260000228881836
0.4500000476837158 -0.054000020027160645 1.5499999523162842
-0.40799999237060547 -0.3179999589920044 3.2300000190734863
-0.2999999523162842 -0.9480000138282776 2.803999900817871
-0.18599998950958252 -1.2480000257492065 2.9779999256134033
-0.21599996089935303 -1.194000005722046 3.002000093460083
-0.3960000276565552 -0.09599995613098145 3.0260000228881836
0.03600001335144043 0.4020000696182251 2.1440000534057617
0.26999998092651367 -0.21000003814697266 1.6519999504089355
-0.38999998569488525 -0.06599998474121094 2.9839999675750732
-0.34200000762939453 -0.8460000157356262 2.875999927520752
-0.40199995040893555 -0.13199996948242188 3.055999994277954
0.18000006675720215 -0.1979999542236328 1.7300000190734863
-0.37800002098083496 -0.7199999690055847 2.936000108718872
-0.312000036239624 -0.9240000247955322 2.815999984741211
0.6540000438690186 0.04799997806549072 1.4600000381469727
-0.4140000343322754 -0.4859999418258667 3.0799999237060547
0.07800006866455078 -0.22800004482269287 1.8259999752044678
0.029999971389770508 0.4020000696182251 2.1500000953674316
-0.37199997901916504 -0.75 2.930000066757202
0.011999964714050293 0.33000004291534424 2.119999885559082
-0.22800004482269287 -1.1759999990463257 3.0320000648498535
0.5520000457763672 0.011999964714050293 1.5019999742507935
-0.029999971389770508 0.3539999723434448 2.2039999961853027
0.26999998092651367 -0.19200003147125244 1.6519999504089355
0.10199999809265137 -0.21000003814697266 1.8020000457763672
0.3359999656677246 0.3960000276565552 1.8020000457763672
0.5160000324249268 -0.018000006675720215 1.5140000581741333
-0.18599998950958252 -1.253999948501587 2.9779999256134033
-0.37199997901916504 -0.7559999823570251 2.930000066757202
-0.2999999523162842 -0.9599999785423279 2.803999900817871
-0.20399999618530273 -1.2239999771118164 3.002000093460083
0.0 0.3179999589920044 2.125999927520752
0.6059999465942383 0.03600001335144043 1.4779999256134033
-0.3960000276565552 -0.07799994945526123 3.008000135421753
-0.36000001430511475 -0.7979999780654907 2.9000000953674316
0.20399999618530273 -0.24000000953674316 1.7000000476837158
-0.054000020027160645 0.36600005626678467 2.251999855041504
0.1260000467300415 -0.19200003147125244 1.777999997138977
-0.054000020027160645 -0.26399993896484375 1.9760000705718994
-0.054000020027160645 -0.21000003814697266 1.9819999933242798
0.3359999656677246 0.437999963760376 1.8259999752044678
-0.41999995708465576 -0.3659999370574951 3.128000020980835
-0.41999995708465576 -0.41999995708465576 3.1040000915527344
0.7320001125335693 0.07800006866455078 1.4300000667572021
-0.3059999942779541 -0.9480000138282776 2.803999900817871
-0.054000020027160645 -0.24599993228912354 1.9760000705718994
-0.40799999237060547 -0.18599998950958252 3.200000047683716
-0.40199995040893555 -0.6240000128746033 2.996000051498413
-0.41999995708465576 -0.437999963760376 3.1040000915527344
-0.41999995708465576 -0.4440000057220459 3.0920000076293945
-0.41999995708465576 -0.34800004959106445 3.1519999504089355
0.7260000705718994 0.07200002670288086 1.4300000667572021
0.37800002098083496 0.4200000762939453 1.777999997138977
-0.1979999542236328 -1.2419999837875366 3.0260000228881836
0.4259999990463257 -0.059999942779541016 1.555999994277954
-0.04799997806549072 -0.17400002479553223 1.9760000705718994
0.2760000228881836 -0.12000000476837158 1.6519999504089355
-0.41999995708465576 -0.37199997901916504 3.1760001182556152
-0.41999995708465576 -0.4739999771118164 3.0799999237060547
-0.38999998569488525 -0.6959999799728394 2.9600000381469727
-0.22800004482269287 -1.187999963760376 3.062000036239624
0.018000006675720215 0.37800002098083496 2.138000011444092
-0.41999995708465576 -0.3359999656677246 3.1760001182556152
-0.24000000953674316 -1.1640000343322754 3.068000078201294
0.17400002479553223 -0.17400002479553223 1.7300000190734863
0.060000061988830566 0.437999963760376 2.125999927520752
-0.41999995708465576 -0.3240000009536743 3.1760001182556152
0.1679999828338623 -0.21599996089935303 1.7300000190734863
0.48000001907348633 -0.03600001335144043 1.5260000228881836
0.3359999656677246 0.36600005626678467 1.777999997138977
-0.054000020027160645 -0.26999998092651367 1.9700000286102295
-0.40799999237060547 -0.1260000467300415 3.049999952316284
-0.41999995708465576 -0.4859999418258667 3.068000078201294
0.2640000581741333 -0.17400002479553223 1.6519999504089355
-0.3960000276565552 -0.671999990940094 2.9779999256134033
-0.21599996089935303 -1.2120000123977661 3.0260000228881836
-0.40799999237060547 -0.5999999642372131 3.002000093460083
0.0 0.33000004291534424 2.125999927520752
0.6540000438690186 0.054000020027160645 1.4539999961853027
-0.33000004291534424 -0.8999999761581421 2.8399999141693115
-0.029999971389770508 0.34200000762939453 2.180000066757202
0.37800002098083496 -0.08399999141693115 1.5800000429153442
-0.41999995708465576 -0.3179999589920044 3.200000047683716
0.5759999752044678 0.024000048637390137 1.4839999675750732
-0.04799997806549072 -0.1499999761581421 1.9760000705718994
0.3840000629425049 0.3960000276565552 1.7540000677108765
-0.2999999523162842 -0.9779999852180481 2.803999900817871
0.2640000581741333 -0.20399999618530273 1.6460000276565552
0.1679999828338623 -0.19200003147125244 1.7300000190734863
-0.40199995040893555 -0.6480000019073486 2.9839999675750732
0.48000001907348633 -0.023999929428100586 1.5260000228881836
-0.1979999542236328 -1.2480000257492065 3.002000093460083
-0.22200000286102295 -1.2059999704360962 3.068000078201294
0.0 0.36600005626678467 2.1500000953674316
-0.4259999990463257 -0.3659999370574951 3.128000020980835
-0.4140000343322754 -0.25199997425079346 3.253999948501587
0.6480000019073486 0.054000020027160645 1.4539999961853027
-0.4259999990463257 -0.41999995708465576 3.1040000915527344
0.018000006675720215 0.4020000696182251 2.1500000953674316
0.09000003337860107 -0.21000003814697266 1.8020000457763672
-0.2999999523162842 -0.972000002861023 2.7799999713897705
-0.4140000343322754 -0.20399999618530273 3.2179999351501465
0.10199999809265137 -0.20399999618530273 1.7899999618530273
-0.3240000009536743 -0.9240000247955322 2.828000068664551
-0.4259999990463257 -0.34800004959106445 3.1459999084472656
-0.04799997806549072 -0.16199994087219238 1.9700000286102295
0.30000007152557373 -0.11399996280670166 1.628000020980835
-0.4259999990463257 -0.34800004959106445 3.1519999504089355
0.37199997901916504 0.4259999990463257 1.777999997138977
-0.0419999361038208 -0.1499999761581421 1.9639999866485596
-0.3960000276565552 -0.6959999799728394 2.9779999256134033
-0.20399999618530273 -1.2419999837875366 3.002000093460083
-0.2999999523162842 -0.9779999852180481 2.7860000133514404
0.029999971389770508 0.4259999990463257 2.1500000953674316
0.3359999656677246 0.37800002098083496 1.777999997138977
-0.34800004959106445 -0.8700000047683716 2.875999927520752
-0.3059999942779541 -0.972000002861023 2.803999900817871
-0.4259999990463257 -0.3240000009536743 3.1700000762939453
-0.04799997806549072 -0.12000000476837158 1.9760000705718994
-0.4140000343322754 -0.5999999642372131 3.0260000228881836
-0.41999995708465576 -0.24599993228912354 3.2120001316070557
0.5280001163482666 0.011999964714050293 1.5019999742507935
0.48000001907348633 -0.029999971389770508 1.5199999809265137
-0.4259999990463257 -0.4859999418258667 3.068000078201294
-0.38399994373321533 -0.75 2.930000066757202
0.0 0.312000036239624 2.1019999980926514
-0.37800002098083496 -0.7739999890327454 2.9179999828338623
-0.054000020027160645 -0.1499999761581421 1.9760000705718994
-0.20399999618530273 -1.2480000257492065 3.0260000228881836
-0.41999995708465576 -0.25199997425079346 3.2300000190734863
0.33000004291534424 -0.10199999809265137 1.6039999723434448
0.0 0.37800002098083496 2.1500000953674316
-0.41999995708465576 -0.24599993228912354 3.2300000190734863
0.7019999027252197 0.07200002670288086 1.4300000667572021
-0.3240000009536743 -0.9359999895095825 2.828000068664551
0.34800004959106445 0.36000001430511475 1.7540000677108765
-0.1979999542236328 -1.2599999904632568 3.002000093460083
0.5759999752044678 0.029999971389770508 1.4779999256134033
0.36600005626678467 -0.08399999141693115 1.5800000429153442
-0.3659999370574951 -0.8219999670982361 2.8940000534057617
0.18000006675720215 -0.1799999475479126 1.7120000123977661
-0.4140000343322754 -0.18599998950958252 3.253999948501587
0.18599998950958252 -0.23399996757507324 1.7000000476837158
0.75 0.08399999141693115 1.4119999408721924
-0.054000020027160645 -0.3179999589920044 1.9520000219345093
