ply
format ascii 1.0
element vertex 8000
property float x
property float y
property float z
end_header
-1.1759999990463257 0.3840000629425049 1.9220000505447388
-1.1759999990463257 0.3840000629425049 1.9279999732971191
-1.1699999570846558 0.37800002098083496 1.9279999732971191
-1.1640000343322754 0.3960000276565552 1.9040000438690186
-1.1640000343322754 0.4020000696182251 1.9040000438690186
-1.1460000276565552 0.3840000629425049 1.9279999732971191
-1.1759999990463257 0.3539999723434448 1.9279999732971191
-1.1579999923706055 0.3960000276565552 1.8980000019073486
-1.1699999570846558 0.3539999723434448 1.934000015258789
-1.1460000276565552 0.3960000276565552 1.9040000438690186
-1.1460000276565552 0.37199997901916504 1.9459999799728394
-1.1460000276565552 0.3960000276565552 1.8980000019073486
-1.1759999990463257 0.3539999723434448 1.9520000219345093
-1.1699999570846558 0.34200000762939453 1.9220000505447388
-1.1699999570846558 0.3539999723434448 1.9520000219345093
-1.1460000276565552 0.37199997901916504 1.9520000219345093
-1.1699999570846558 0.3359999656677246 1.9279999732971191
-1.1519999504089355 0.40799999237060547 1.8860000371932983
-1.128000020980835 0.4020000696182251 1.9040000438690186
-1.121999979019165 0.3840000629425049 1.9279999732971191
-1.121999979019165 0.3960000276565552 1.9040000438690186
-1.121999979019165 0.4020000696182251 1.9040000438690186
-1.121999979019165 0.37199997901916504 1.9459999799728394
-1.1399999856948853 0.40799999237060547 1.8799999952316284
-1.1759999990463257 0.33000004291534424 1.9520000219345093
-1.1699999570846558 0.33000004291534424 1.9520000219345093
-1.121999979019165 0.37199997901916504 1.9520000219345093
-1.1640000343322754 0.3539999723434448 1.9760000705718994
-1.1640000343322754 0.3179999589920044 1.9220000505447388
-1.1159999370574951 0.37800002098083496 1.9520000219345093
-1.1640000343322754 0.3179999589920044 1.9279999732971191
-1.1460000276565552 0.3539999723434448 1.9760000705718994
-1.121999979019165 0.40799999237060547 1.8799999952316284
-1.1460000276565552 0.34800004959106445 1.9819999933242798
-1.1640000343322754 0.33000004291534424 1.9760000705718994
-1.0980000495910645 0.3840000629425049 1.9279999732971191
-1.128000020980835 0.4140000343322754 1.8680000305175781
-1.0980000495910645 0.3960000276565552 1.909999966621399
-1.121999979019165 0.36000001430511475 1.9760000705718994
-1.0980000495910645 0.4020000696182251 1.9040000438690186
-1.1579999923706055 0.3059999942779541 1.8980000019073486
-1.0980000495910645 0.37800002098083496 1.9520000219345093
-1.0980000495910645 0.37199997901916504 1.9580000638961792
-1.121999979019165 0.4200000762939453 1.8619999885559082
-1.1519999504089355 0.30000007152557373 1.9520000219345093
-1.0980000495910645 0.4140000343322754 1.8799999952316284
-1.1460000276565552 0.30000007152557373 1.9580000638961792
-1.1579999923706055 0.33000004291534424 2.0
-1.121999979019165 0.34800004959106445 1.99399995803833
-1.0980000495910645 0.36000001430511475 1.9760000705718994
-1.128000020980835 0.4320000410079956 1.850000023841858
-1.1460000276565552 0.33000004291534424 2.0
-1.1519999504089355 0.2940000295639038 1.9580000638961792
-1.121999979019165 0.34800004959106445 2.0
-1.0740000009536743 0.38999998569488525 1.9279999732971191
-1.1519999504089355 0.30000007152557373 1.9760000705718994
-1.128000020980835 0.4320000410079956 1.843999981880188
-1.1460000276565552 0.30000007152557373 1.9760000705718994
-1.0980000495910645 0.4200000762939453 1.8619999885559082
-1.0740000009536743 0.4020000696182251 1.9040000438690186
-1.1100000143051147 0.4259999990463257 1.850000023841858
-1.1100000143051147 0.3539999723434448 2.0
-1.0740000009536743 0.37800002098083496 1.9520000219345093
-1.1519999504089355 0.2820000648498535 1.8980000019073486
-1.1519999504089355 0.2940000295639038 1.9760000705718994
-1.0679999589920044 0.3960000276565552 1.9160000085830688
-1.1460000276565552 0.2820000648498535 1.8980000019073486
-1.1399999856948853 0.2820000648498535 1.940000057220459
-1.1460000276565552 0.2940000295639038 1.9819999933242798
-1.1399999856948853 0.2820000648498535 1.9520000219345093
-1.0980000495910645 0.4259999990463257 1.850000023841858
-1.0980000495910645 0.3539999723434448 2.0
-1.0740000009536743 0.4140000343322754 1.8799999952316284
-1.0679999589920044 0.37199997901916504 1.9580000638961792
-1.1399999856948853 0.3059999942779541 2.0
-1.0740000009536743 0.36600005626678467 1.9760000705718994
-1.1519999504089355 0.30000007152557373 2.0
-1.0980000495910645 0.34800004959106445 2.00600004196167
-1.0740000009536743 0.4200000762939453 1.8680000305175781
-1.1519999504089355 0.2940000295639038 2.0
-1.1519999504089355 0.2640000581741333 1.8980000019073486
-1.1159999370574951 0.437999963760376 1.8259999752044678
-1.1399999856948853 0.33000004291534424 2.0299999713897705
-1.0499999523162842 0.3960000276565552 1.9220000505447388
-1.0499999523162842 0.3960000276565552 1.9279999732971191
-1.1399999856948853 0.2879999876022339 2.0
-1.0499999523162842 0.40799999237060547 1.9040000438690186
-1.0499999523162842 0.3840000629425049 1.9520000219345093
-1.0740000009536743 0.3539999723434448 2.0
-1.121999979019165 0.33000004291534424 2.0299999713897705
-1.0440000295639038 0.4020000696182251 1.9279999732971191
-1.0740000009536743 0.4320000410079956 1.850000023841858
-1.0499999523162842 0.37199997901916504 1.9700000286102295
-1.0980000495910645 0.4440000057220459 1.8259999752044678
-1.0499999523162842 0.37199997901916504 1.9760000705718994
-1.0499999523162842 0.4200000762939453 1.8799999952316284
-1.1340000629425049 0.25199997425079346 1.9279999732971191
-1.0499999523162842 0.4200000762939453 1.8739999532699585
-1.1340000629425049 0.25199997425079346 1.9040000438690186
-1.1100000143051147 0.4440000057220459 1.8140000104904175
-1.0740000009536743 0.34800004959106445 2.01200008392334
-1.1399999856948853 0.25199997425079346 1.9580000638961792
-1.0980000495910645 0.3359999656677246 2.0299999713897705
-1.121999979019165 0.2820000648498535 2.00600004196167
-1.1340000629425049 0.30000007152557373 2.0299999713897705
-1.1340000629425049 0.25199997425079346 1.8860000371932983
-1.121999979019165 0.3240000009536743 2.0420000553131104
-1.0920000076293945 0.4440000057220459 1.8200000524520874
-1.1399999856948853 0.25199997425079346 1.9760000705718994
-1.128000020980835 0.24600005149841309 1.9040000438690186
-1.0499999523162842 0.36000001430511475 2.0
-1.1039999723434448 0.4500000476837158 1.8079999685287476
-1.128000020980835 0.24600005149841309 1.8799999952316284
-1.128000020980835 0.24000000953674316 1.934000015258789
-1.0740000009536743 0.4440000057220459 1.8259999752044678
-1.0499999523162842 0.4320000410079956 1.850000023841858
-1.0320000648498535 0.37800002098083496 1.9760000705718994
-1.0980000495910645 0.3240000009536743 2.0420000553131104
-1.128000020980835 0.2820000648498535 2.0299999713897705
-1.0740000009536743 0.3359999656677246 2.0299999713897705
-1.1340000629425049 0.25199997425079346 1.850000023841858
-1.0199999809265137 0.3960000276565552 1.9279999732971191
-1.121999979019165 0.3179999589920044 2.053999900817871
-1.0199999809265137 0.4020000696182251 1.9279999732971191
-1.0980000495910645 0.4500000476837158 1.8020000457763672
-1.121999979019165 0.2820000648498535 2.0299999713897705
-1.0679999589920044 0.4500000476837158 1.8259999752044678
-1.0199999809265137 0.38999998569488525 1.9520000219345093
-1.0499999523162842 0.34800004959106445 2.01200008392334
-1.0199999809265137 0.4140000343322754 1.9040000438690186
-1.128000020980835 0.25199997425079346 2.0
-1.0260000228881836 0.4259999990463257 1.8799999952316284
-1.1159999370574951 0.23399996757507324 1.9279999732971191
-1.1340000629425049 0.30000007152557373 2.053999900817871
-1.121999979019165 0.25199997425079346 2.0
-1.0980000495910645 0.3240000009536743 2.053999900817871
-1.0199999809265137 0.37800002098083496 1.9760000705718994
-1.0199999809265137 0.4200000762939453 1.8799999952316284
-1.128000020980835 0.22800004482269287 1.9520000219345093
-1.128000020980835 0.23399996757507324 1.9760000705718994
-1.128000020980835 0.25199997425079346 1.8320000171661377
-1.0199999809265137 0.4259999990463257 1.8799999952316284
-1.0199999809265137 0.37199997901916504 1.9819999933242798
-1.1159999370574951 0.22800004482269287 1.9040000438690186
-1.121999979019165 0.23399996757507324 1.9760000705718994
-1.0499999523162842 0.4440000057220459 1.8259999752044678
-1.1159999370574951 0.22800004482269287 1.9520000219345093
-1.128000020980835 0.2879999876022339 2.053999900817871
-1.0499999523162842 0.34200000762939453 2.0299999713897705
-1.0499999523162842 0.4500000476837158 1.8259999752044678
-1.1159999370574951 0.22800004482269287 1.8799999952316284
-1.0740000009536743 0.4559999704360962 1.8020000457763672
-1.0740000009536743 0.33000004291534424 2.053999900817871
-1.0199999809265137 0.36600005626678467 2.0
-1.128000020980835 0.22800004482269287 1.850000023841858
-1.121999979019165 0.2760000228881836 2.053999900817871
-1.121999979019165 0.25199997425079346 2.0299999713897705
-1.0199999809265137 0.437999963760376 1.850000023841858
-1.121999979019165 0.22800004482269287 1.850000023841858
-0.9959999918937683 0.3960000276565552 1.934000015258789
-0.9959999918937683 0.4020000696182251 1.9279999732971191
-1.0740000009536743 0.3240000009536743 2.059999942779541
-0.9959999918937683 0.38999998569488525 1.9520000219345093
-1.121999979019165 0.22800004482269287 2.0
-1.1039999723434448 0.21599996089935303 1.9279999732971191
-0.9959999918937683 0.4140000343322754 1.9040000438690186
-1.128000020980835 0.30000007152557373 2.078000068664551
-1.121999979019165 0.22800004482269287 1.8380000591278076
-1.121999979019165 0.30000007152557373 2.078000068664551
-1.1039999723434448 0.21599996089935303 1.9520000219345093
-1.128000020980835 0.22800004482269287 1.8320000171661377
-1.0199999809265137 0.4440000057220459 1.8380000591278076
-0.9959999918937683 0.4200000762939453 1.8860000371932983
-0.9959999918937683 0.37800002098083496 1.9760000705718994
-1.0980000495910645 0.312000036239624 2.078000068664551
-1.0859999656677246 0.46800005435943604 1.777999997138977
-0.9959999918937683 0.4259999990463257 1.8799999952316284
-1.1100000143051147 0.2640000581741333 2.053999900817871
-1.0499999523162842 0.33000004291534424 2.053999900817871
-1.1039999723434448 0.21599996089935303 1.9760000705718994
-1.0499999523162842 0.4620000123977661 1.8020000457763672
-1.128000020980835 0.2940000295639038 2.0840001106262207
-0.9959999918937683 0.37199997901916504 1.9880000352859497
-1.0980000495910645 0.21000003814697266 1.9520000219345093
-1.0199999809265137 0.34800004959106445 2.0299999713897705
-1.0199999809265137 0.4500000476837158 1.8259999752044678
-1.1039999723434448 0.20399999618530273 1.9040000438690186
-1.0740000009536743 0.46800005435943604 1.777999997138977
-1.0980000495910645 0.20399999618530273 1.9279999732971191
-1.1100000143051147 0.20399999618530273 1.8799999952316284
-1.128000020980835 0.21599996089935303 1.8320000171661377
-0.9959999918937683 0.36600005626678467 2.0
-1.0980000495910645 0.20399999618530273 1.9040000438690186
-1.0740000009536743 0.3179999589920044 2.078000068664551
-1.1159999370574951 0.2760000228881836 2.078000068664551
-1.1039999723434448 0.19800007343292236 1.9040000438690186
-1.0499999523162842 0.3240000009536743 2.065999984741211
-1.1100000143051147 0.22800004482269287 2.0299999713897705
-0.9959999918937683 0.4440000057220459 1.850000023841858
-1.1159999370574951 0.20399999618530273 1.850000023841858
-1.1039999723434448 0.21000003814697266 2.0
-1.0799999237060547 0.4739999771118164 1.7660000324249268
-0.9959999918937683 0.4440000057220459 1.843999981880188
-0.972000002861023 0.40799999237060547 1.9279999732971191
-0.972000002861023 0.3960000276565552 1.9459999799728394
-1.0920000076293945 0.20399999618530273 1.9760000705718994
-0.972000002861023 0.3960000276565552 1.9520000219345093
-1.0799999237060547 0.48000001907348633 1.7660000324249268
-1.0019999742507935 0.3539999723434448 2.0299999713897705
-0.972000002861023 0.4200000762939453 1.9040000438690186
-1.1100000143051147 0.30000007152557373 2.1019999980926514
-0.972000002861023 0.4200000762939453 1.8919999599456787
-1.0199999809265137 0.3359999656677246 2.053999900817871
-1.0679999589920044 0.4739999771118164 1.7660000324249268
-1.1159999370574951 0.2640000581741333 2.0840001106262207
-1.1100000143051147 0.23399996757507324 2.053999900817871
-0.972000002861023 0.3840000629425049 1.9760000705718994
-1.121999979019165 0.20399999618530273 1.8259999752044678
-1.0499999523162842 0.3179999589920044 2.078000068664551
-1.0499999523162842 0.4739999771118164 1.777999997138977
-1.0199999809265137 0.4620000123977661 1.8020000457763672
-0.9959999918937683 0.3539999723434448 2.0299999713897705
-0.972000002861023 0.4259999990463257 1.8799999952316284
-0.9959999918937683 0.34800004959106445 2.0299999713897705
-1.0980000495910645 0.30000007152557373 2.1019999980926514
-1.0980000495910645 0.20399999618530273 2.00600004196167
-1.121999979019165 0.20399999618530273 1.8200000524520874
-1.0499999523162842 0.4739999771118164 1.7719999551773071
-0.9959999918937683 0.4559999704360962 1.8259999752044678
-0.972000002861023 0.37199997901916504 1.99399995803833
-1.0440000295639038 0.48000001907348633 1.777999997138977
-1.1159999370574951 0.2760000228881836 2.1019999980926514
-0.972000002861023 0.37199997901916504 2.0
-1.0980000495910645 0.18000006675720215 1.9040000438690186
-1.1039999723434448 0.18000006675720215 1.8799999952316284
-1.0920000076293945 0.18000006675720215 1.9279999732971191
-0.9779999852180481 0.4500000476837158 1.850000023841858
-1.0980000495910645 0.2940000295639038 2.1080000400543213
-1.0740000009536743 0.3059999942779541 2.1019999980926514
-1.0980000495910645 0.18000006675720215 1.8860000371932983
-1.1159999370574951 0.26999998092651367 2.1019999980926514
-1.0740000009536743 0.48600006103515625 1.7540000677108765
-1.1039999723434448 0.20399999618530273 2.0299999713897705
-1.1039999723434448 0.24000000953674316 2.078000068664551
-0.972000002861023 0.4440000057220459 1.850000023841858
-1.0859999656677246 0.18000006675720215 1.9520000219345093
-1.1039999723434448 0.17400002479553223 1.8799999952316284
-1.1100000143051147 0.18000006675720215 1.850000023841858
-0.972000002861023 0.4500000476837158 1.850000023841858
-0.972000002861023 0.4440000057220459 1.843999981880188
-0.9539999961853027 0.4259999990463257 1.9040000438690186
-0.9959999918937683 0.34200000762939453 2.053999900817871
-1.0199999809265137 0.33000004291534424 2.078000068664551
-1.0199999809265137 0.3240000009536743 2.078000068664551
-0.9480000138282776 0.40799999237060547 1.9279999732971191
-0.9480000138282776 0.3960000276565552 1.9520000219345093
-1.0199999809265137 0.4739999771118164 1.777999997138977
-0.9480000138282776 0.4020000696182251 1.9520000219345093
-0.9480000138282776 0.4200000762939453 1.9040000438690186
-1.121999979019165 0.18000006675720215 1.8259999752044678
-1.0799999237060547 0.18000006675720215 1.9760000705718994
-0.9959999918937683 0.46800005435943604 1.8020000457763672
-0.9480000138282776 0.4259999990463257 1.9040000438690186
-0.972000002861023 0.3539999723434448 2.0299999713897705
-1.0199999809265137 0.48000001907348633 1.777999997138977
-1.0499999523162842 0.3059999942779541 2.1019999980926514
-1.0499999523162842 0.48600006103515625 1.7540000677108765
-1.0799999237060547 0.18599998950958252 2.0
-0.9480000138282776 0.3840000629425049 1.9760000705718994
-1.1039999723434448 0.20399999618530273 2.053999900817871
-1.0740000009536743 0.2940000295639038 2.113999843597412
-0.9539999961853027 0.37800002098083496 2.0
-1.0980000495910645 0.20399999618530273 2.053999900817871
-0.9480000138282776 0.4320000410079956 1.8799999952316284
-1.0859999656677246 0.19200003147125244 2.0299999713897705
-1.1159999370574951 0.2760000228881836 2.125999927520752
-1.1159999370574951 0.18000006675720215 1.8140000104904175
-0.972000002861023 0.4620000123977661 1.8259999752044678
-1.0740000009536743 0.18000006675720215 1.99399995803833
-0.972000002861023 0.34800004959106445 2.0420000553131104
-1.0980000495910645 0.2820000648498535 2.125999927520752
-0.9480000138282776 0.37800002098083496 2.0
-1.0740000009536743 0.18000006675720215 2.0
-1.0980000495910645 0.22800004482269287 2.0900001525878906
-1.0980000495910645 0.21599996089935303 2.078000068664551
-0.9480000138282776 0.37199997901916504 2.00600004196167
-0.9480000138282776 0.4440000057220459 1.8619999885559082
-1.0920000076293945 0.156000018119812 1.9040000438690186
-0.9959999918937683 0.4739999771118164 1.784000039100647
-0.9959999918937683 0.33000004291534424 2.078000068664551
-1.1039999723434448 0.21000003814697266 2.078000068664551
-1.0980000495910645 0.156000018119812 1.8799999952316284
-0.972000002861023 0.34800004959106445 2.053999900817871
-1.062000036239624 0.49800002574920654 1.7360000610351562
-1.0199999809265137 0.3179999589920044 2.1019999980926514
-1.1039999723434448 0.2640000581741333 2.125999927520752
-1.0740000009536743 0.2879999876022339 2.125999927520752
-1.0799999237060547 0.156000018119812 1.9279999732971191
-0.9480000138282776 0.4500000476837158 1.850000023841858
-1.0799999237060547 0.156000018119812 1.9520000219345093
-0.9959999918937683 0.3240000009536743 2.0840001106262207
-0.9959999918937683 0.48000001907348633 1.777999997138977
-1.1039999723434448 0.156000018119812 1.850000023841858
-1.0980000495910645 0.156000018119812 1.850000023841858
-1.0740000009536743 0.156000018119812 1.9580000638961792
-0.972000002861023 0.4739999771118164 1.8020000457763672
-0.9480000138282776 0.36000001430511475 2.0299999713897705
-1.0199999809265137 0.4919999837875366 1.7540000677108765
-0.9240000247955322 0.4140000343322754 1.9279999732971191
-1.0499999523162842 0.30000007152557373 2.125999927520752
-0.9240000247955322 0.4200000762939453 1.9160000085830688
-0.9240000247955322 0.40799999237060547 1.9520000219345093
-1.1039999723434448 0.1499999761581421 1.850000023841858
-1.0740000009536743 0.156000018119812 1.9760000705718994
-0.9240000247955322 0.3960000276565552 1.9639999866485596
-1.1100000143051147 0.156000018119812 1.8259999752044678
-1.0499999523162842 0.2940000295639038 2.125999927520752
-0.9240000247955322 0.4259999990463257 1.9040000438690186
-0.972000002861023 0.4739999771118164 1.7960000038146973
-1.0980000495910645 0.26999998092651367 2.138000011444092
-1.0499999523162842 0.49800002574920654 1.7300000190734863
-1.1159999370574951 0.16200006008148193 1.8079999685287476
-0.9240000247955322 0.38999998569488525 1.9760000705718994
-1.0499999523162842 0.5039999485015869 1.7300000190734863
-0.9480000138282776 0.4620000123977661 1.8259999752044678
-0.9539999961853027 0.3539999723434448 2.053999900817871
-1.0799999237060547 0.14400005340576172 1.9520000219345093
-1.1039999723434448 0.21000003814697266 2.1019999980926514
-0.9240000247955322 0.437999963760376 1.8799999952316284
-1.0799999237060547 0.18000006675720215 2.053999900817871
-0.972000002861023 0.3359999656677246 2.078000068664551
-0.9959999918937683 0.3179999589920044 2.1019999980926514
-0.9240000247955322 0.37800002098083496 2.0
-1.0679999589920044 0.156000018119812 2.0
-1.0980000495910645 0.2760000228881836 2.1500000953674316
-0.9240000247955322 0.4440000057220459 1.8680000305175781
-1.1039999723434448 0.19800007343292236 2.0959999561309814
-0.9480000138282776 0.3539999723434448 2.053999900817871
-0.9480000138282776 0.34800004959106445 2.053999900817871
-1.0859999656677246 0.22800004482269287 2.119999885559082
-0.9240000247955322 0.37199997901916504 2.01200008392334
-1.0920000076293945 0.20399999618530273 2.1019999980926514
-1.0980000495910645 0.18000006675720215 2.078000068664551
-0.9959999918937683 0.4919999837875366 1.7540000677108765
-0.972000002861023 0.48600006103515625 1.777999997138977
-1.0799999237060547 0.13199996948242188 1.9279999732971191
-1.0740000009536743 0.2820000648498535 2.1500000953674316
-1.0199999809265137 0.30000007152557373 2.125999927520752
-1.1039999723434448 0.2580000162124634 2.1500000953674316
-0.9240000247955322 0.4559999704360962 1.850000023841858
-1.0859999656677246 0.22800004482269287 2.125999927520752
-1.0199999809265137 0.49800002574920654 1.7300000190734863
-1.1039999723434448 0.19800007343292236 2.1080000400543213
-0.9480000138282776 0.4739999771118164 1.8020000457763672
-0.9240000247955322 0.36600005626678467 2.0299999713897705
-1.0980000495910645 0.25199997425079346 2.1500000953674316
-0.9480000138282776 0.48000001907348633 1.8020000457763672
-1.0199999809265137 0.5039999485015869 1.7300000190734863
-1.0799999237060547 0.1260000467300415 1.9040000438690186
-1.0859999656677246 0.1260000467300415 1.8799999952316284
-1.062000036239624 0.156000018119812 2.0299999713897705
-1.0740000009536743 0.1260000467300415 1.9160000085830688
-1.0740000009536743 0.1260000467300415 1.9279999732971191
-1.0499999523162842 0.2879999876022339 2.1500000953674316
-0.8999999761581421 0.4200000762939453 1.9220000505447388
-0.8999999761581421 0.4200000762939453 1.9279999732971191
-0.972000002861023 0.3240000009536743 2.1019999980926514
-0.8999999761581421 0.40799999237060547 1.9520000219345093
-1.0980000495910645 0.1260000467300415 1.850000023841858
-1.0740000009536743 0.1260000467300415 1.9520000219345093
-0.9660000205039978 0.3240000009536743 2.0959999561309814
-0.9480000138282776 0.3359999656677246 2.078000068664551
-0.8999999761581421 0.4320000410079956 1.9040000438690186
-0.8999999761581421 0.3960000276565552 1.9760000705718994
-1.0799999237060547 0.17400002479553223 2.0840001106262207
-0.9240000247955322 0.46800005435943604 1.8259999752044678
-0.9959999918937683 0.49800002574920654 1.7360000610351562
-0.9959999918937683 0.3059999942779541 2.125999927520752
-1.0980000495910645 0.1260000467300415 1.8320000171661377
-1.1039999723434448 0.1260000467300415 1.8259999752044678
-0.8999999761581421 0.4440000057220459 1.8799999952316284
-1.0199999809265137 0.2940000295639038 2.1440000534057617
-0.9240000247955322 0.3539999723434448 2.053999900817871
-0.9599999785423279 0.33000004291534424 2.1019999980926514
-0.8999999761581421 0.4440000057220459 1.8739999532699585
-1.1100000143051147 0.13199996948242188 1.8020000457763672
-0.8999999761581421 0.38999998569488525 2.0
-1.062000036239624 0.156000018119812 2.053999900817871
-1.062000036239624 0.1260000467300415 1.9760000705718994
-0.8939999938011169 0.4020000696182251 1.9760000705718994
-0.972000002861023 0.49800002574920654 1.7540000677108765
-0.9480000138282776 0.48600006103515625 1.777999997138977
-1.0799999237060547 0.20399999618530273 2.125999927520752
-1.0799999237060547 0.18000006675720215 2.1019999980926514
-0.9959999918937683 0.5039999485015869 1.7300000190734863
-1.0740000009536743 0.26999998092651367 2.1679999828338623
-1.1039999723434448 0.12000000476837158 1.8259999752044678
-1.0740000009536743 0.18000006675720215 2.1019999980926514
-1.0199999809265137 0.2940000295639038 2.1500000953674316
-0.8880000114440918 0.4259999990463257 1.9279999732971191
-0.972000002861023 0.49800002574920654 1.7480000257492065
-0.9240000247955322 0.34800004959106445 2.065999984741211
-1.062000036239624 0.1260000467300415 2.0
-1.0799999237060547 0.10800004005432129 1.9040000438690186
-1.0379999876022339 0.5160000324249268 1.7000000476837158
-0.9240000247955322 0.4739999771118164 1.8020000457763672
-1.0920000076293945 0.22800004482269287 2.1560001373291016
-0.8999999761581421 0.4559999704360962 1.850000023841858
-1.055999994277954 0.1499999761581421 2.053999900817871
-0.8999999761581421 0.37199997901916504 2.0240001678466797
-1.1100000143051147 0.1260000467300415 1.7960000038146973
-0.9240000247955322 0.48000001907348633 1.8020000457763672
-0.9480000138282776 0.33000004291534424 2.1019999980926514
-1.0799999237060547 0.19200003147125244 2.125999927520752
-1.1039999723434448 0.24600005149841309 2.1740000247955322
-0.8999999761581421 0.37199997901916504 2.0299999713897705
-0.8880000114440918 0.4500000476837158 1.8799999952316284
-0.9599999785423279 0.5039999485015869 1.7540000677108765
-0.972000002861023 0.3059999942779541 2.125999927520752
-1.0019999742507935 0.30000007152557373 2.1500000953674316
-1.0740000009536743 0.20399999618530273 2.138000011444092
-0.9240000247955322 0.34200000762939453 2.078000068664551
-0.9480000138282776 0.3240000009536743 2.1080000400543213
-1.0740000009536743 0.10199999809265137 1.9040000438690186
-1.0859999656677246 0.21000003814697266 2.1500000953674316
-1.0740000009536743 0.10199999809265137 1.8980000019073486
-1.0799999237060547 0.10199999809265137 1.8799999952316284
-1.0740000009536743 0.21599996089935303 2.1500000953674316
-1.055999994277954 0.156000018119812 2.078000068664551
-1.0199999809265137 0.5160000324249268 1.7000000476837158
-1.0920000076293945 0.25199997425079346 2.180000066757202
-1.0679999589920044 0.10199999809265137 1.9279999732971191
-1.0740000009536743 0.2640000581741333 2.180000066757202
-0.9959999918937683 0.30000007152557373 2.1500000953674316
-1.0679999589920044 0.10199999809265137 1.9520000219345093
-1.0499999523162842 0.26999998092651367 2.1740000247955322
-0.8999999761581421 0.46800005435943604 1.8259999752044678
-0.9959999918937683 0.2940000295639038 2.1500000953674316
-1.055999994277954 0.1260000467300415 2.0299999713897705
-1.0859999656677246 0.10199999809265137 1.850000023841858
-1.0499999523162842 0.1260000467300415 2.0240001678466797
-0.9480000138282776 0.49800002574920654 1.7540000677108765
-1.0499999523162842 0.1260000467300415 2.0299999713897705
-0.8999999761581421 0.36000001430511475 2.053999900817871
-1.0320000648498535 0.5220000743865967 1.687999963760376
-0.9480000138282776 0.5039999485015869 1.7540000677108765
-0.8880000114440918 0.37800002098083496 2.0299999713897705
-1.0980000495910645 0.10199999809265137 1.8259999752044678
-0.8700000047683716 0.4200000762939453 1.9279999732971191
-0.9660000205039978 0.5039999485015869 1.7300000190734863
-1.055999994277954 0.1499999761581421 2.0840001106262207
-0.8700000047683716 0.4259999990463257 1.9279999732971191
-0.8700000047683716 0.4140000343322754 1.9520000219345093
-1.062000036239624 0.10199999809265137 1.9760000705718994
-1.0499999523162842 0.26999998092651367 2.180000066757202
-0.9240000247955322 0.4919999837875366 1.777999997138977
-0.8700000047683716 0.4320000410079956 1.9040000438690186
-0.8700000047683716 0.4020000696182251 1.9760000705718994
-0.8999999761581421 0.4739999771118164 1.8079999685287476
-1.062000036239624 0.156000018119812 2.1019999980926514
-1.0799999237060547 0.09000003337860107 1.8799999952316284
-0.8700000047683716 0.3960000276565552 1.9880000352859497
-1.0199999809265137 0.5220000743865967 1.687999963760376
-0.9480000138282776 0.312000036239624 2.125999927520752
-0.9240000247955322 0.33000004291534424 2.1019999980926514
-1.0320000648498535 0.2760000228881836 2.180000066757202
-0.8700000047683716 0.4440000057220459 1.8799999952316284
-1.1039999723434448 0.10199999809265137 1.8020000457763672
-0.8700000047683716 0.38999998569488525 2.0
-0.8700000047683716 0.4500000476837158 1.8799999952316284
-0.8999999761581421 0.48000001907348633 1.8020000457763672
-1.0499999523162842 0.1260000467300415 2.053999900817871
-1.0679999589920044 0.18000006675720215 2.138000011444092
-0.8999999761581421 0.34800004959106445 2.072000026702881
-1.0799999237060547 0.1679999828338623 2.131999969482422
-1.055999994277954 0.10199999809265137 2.0
-1.0980000495910645 0.10199999809265137 1.8020000457763672
-1.0799999237060547 0.22800004482269287 2.180000066757202
-1.1039999723434448 0.10800004005432129 1.784000039100647
-0.972000002861023 0.30000007152557373 2.1500000953674316
-0.9959999918937683 0.5220000743865967 1.7000000476837158
-1.0260000228881836 0.5280001163482666 1.6820000410079956
-1.055999994277954 0.1499999761581421 2.1019999980926514
-1.0499999523162842 0.18000006675720215 2.131999969482422
-0.8999999761581421 0.34800004959106445 2.078000068664551
-1.0199999809265137 0.2760000228881836 2.180000066757202
-0.9240000247955322 0.49800002574920654 1.7599999904632568
-1.0799999237060547 0.18000006675720215 2.1500000953674316
-1.0740000009536743 0.22200000286102295 2.180000066757202
-0.9959999918937683 0.5220000743865967 1.694000005722046
-1.0499999523162842 0.10199999809265137 2.01200008392334
-0.9240000247955322 0.3240000009536743 2.113999843597412
-1.0920000076293945 0.25199997425079346 2.2039999961853027
-1.0740000009536743 0.18000006675720215 2.1500000953674316
-1.0799999237060547 0.21599996089935303 2.180000066757202
-0.972000002861023 0.2940000295639038 2.1560001373291016
-0.9480000138282776 0.5099999904632568 1.7300000190734863
-0.8700000047683716 0.4620000123977661 1.850000023841858
-0.8700000047683716 0.37800002098083496 2.0299999713897705
-0.8700000047683716 0.37199997901916504 2.0299999713897705
-1.0679999589920044 0.07800006866455078 1.9040000438690186
-1.0740000009536743 0.07800006866455078 1.8799999952316284
-1.1039999723434448 0.09000003337860107 1.8020000457763672
-0.9240000247955322 0.5039999485015869 1.7540000677108765
-1.0740000009536743 0.07800006866455078 1.8739999532699585
-1.062000036239624 0.156000018119812 2.125999927520752
-1.062000036239624 0.07800006866455078 1.9279999732971191
-1.055999994277954 0.09000003337860107 2.0
-1.0199999809265137 0.26999998092651367 2.185999870300293
-1.0499999523162842 0.10199999809265137 2.0299999713897705
-1.055999994277954 0.08399999141693115 1.9760000705718994
-1.0740000009536743 0.25199997425079346 2.2039999961853027
-1.0139999389648438 0.5280001163482666 1.6759999990463257
-1.0799999237060547 0.07800006866455078 1.850000023841858
-0.8880000114440918 0.3539999723434448 2.078000068664551
-1.0440000295639038 0.1260000467300415 2.078000068664551
-0.8999999761581421 0.4919999837875366 1.777999997138977
-1.055999994277954 0.07800006866455078 1.9520000219345093
-0.9779999852180481 0.5280001163482666 1.7000000476837158
-0.9959999918937683 0.2820000648498535 2.180000066757202
-0.9240000247955322 0.3179999589920044 2.125999927520752
-1.1100000143051147 0.24600005149841309 2.2160000801086426
-0.972000002861023 0.5220000743865967 1.7000000476837158
-0.8460000157356262 0.4200000762939453 1.934000015258789
-0.8460000157356262 0.4259999990463257 1.9279999732971191
-1.055999994277954 0.1499999761581421 2.125999927520752
-0.8999999761581421 0.3359999656677246 2.1019999980926514
-0.8700000047683716 0.4739999771118164 1.8259999752044678
-1.0859999656677246 0.07800006866455078 1.8259999752044678
-0.9480000138282776 0.30000007152557373 2.1500000953674316
-0.8460000157356262 0.4200000762939453 1.9520000219345093
-1.0499999523162842 0.2580000162124634 2.2039999961853027
-0.8700000047683716 0.36600005626678467 2.053999900817871
-0.972000002861023 0.5280001163482666 1.7000000476837158
-0.8460000157356262 0.437999963760376 1.9040000438690186
-0.8460000157356262 0.4020000696182251 1.9760000705718994
-1.0499999523162842 0.07800006866455078 1.9760000705718994
-1.0799999237060547 0.22800004482269287 2.2039999961853027
-1.0799999237060547 0.16200006008148193 2.1560001373291016
-0.8700000047683716 0.4739999771118164 1.8140000104904175
-0.8999999761581421 0.49800002574920654 1.7660000324249268
-0.8460000157356262 0.4440000057220459 1.8860000371932983
-1.0980000495910645 0.07800006866455078 1.8020000457763672
-0.8460000157356262 0.3960000276565552 1.99399995803833
-1.0740000009536743 0.22800004482269287 2.2039999961853027
-1.0440000295639038 0.10199999809265137 2.053999900817871
-0.8460000157356262 0.4500000476837158 1.8799999952316284
-0.8460000157356262 0.3960000276565552 2.0
-0.9959999918937683 0.5339999198913574 1.6759999990463257
-1.0799999237060547 0.06599998474121094 1.850000023841858
-1.0499999523162842 0.07800006866455078 2.0
-1.0679999589920044 0.156000018119812 2.1500000953674316
-1.1039999723434448 0.08399999141693115 1.777999997138977
-1.0799999237060547 0.21599996089935303 2.2039999961853027
-0.9480000138282776 0.2940000295639038 2.1620001792907715
-0.9240000247955322 0.5160000324249268 1.7300000190734863
-0.9419999718666077 0.5220000743865967 1.7120000123977661
-1.0379999876022339 0.1260000467300415 2.1019999980926514
-1.0740000009536743 0.21599996089935303 2.2039999961853027
-1.0199999809265137 0.2640000581741333 2.2039999961853027
-0.8700000047683716 0.48600006103515625 1.8020000457763672
-0.972000002861023 0.2820000648498535 2.180000066757202
-0.8999999761581421 0.5039999485015869 1.7540000677108765
-0.8700000047683716 0.3539999723434448 2.078000068664551
-0.8999999761581421 0.3240000009536743 2.119999885559082
-0.8579999804496765 0.48000001907348633 1.8259999752044678
-0.8460000157356262 0.4620000123977661 1.850000023841858
-1.055999994277954 0.060000061988830566 1.9520000219345093
-1.0980000495910645 0.07800006866455078 1.777999997138977
-0.8460000157356262 0.37800002098083496 2.0299999713897705
-0.8700000047683716 0.34800004959106445 2.0840001106262207
-0.8999999761581421 0.3240000009536743 2.125999927520752
-0.9959999918937683 0.26999998092651367 2.197999954223633
-0.9240000247955322 0.3059999942779541 2.1500000953674316
-0.9480000138282776 0.5280001163482666 1.7000000476837158
-1.062000036239624 0.054000020027160645 1.9040000438690186
-1.0980000495910645 0.07800006866455078 1.7719999551773071
-1.0679999589920044 0.054000020027160645 1.8799999952316284
-1.0440000295639038 0.07800006866455078 2.0299999713897705
-1.0379999876022339 0.10199999809265137 2.078000068664551
-1.055999994277954 0.054000020027160645 1.9279999732971191
-0.8460000157356262 0.37199997901916504 2.0420000553131104
-1.055999994277954 0.14400005340576172 2.1500000953674316
-0.8939999938011169 0.33000004291534424 2.125999927520752
-0.9240000247955322 0.5220000743865967 1.718000054359436
-1.062000036239624 0.18000006675720215 2.185999870300293
-1.0740000009536743 0.054000020027160645 1.850000023841858
-1.0499999523162842 0.054000020027160645 1.9279999732971191
-0.9959999918937683 0.26999998092651367 2.2039999961853027
-1.0799999237060547 0.23399996757507324 2.2280001640319824
-1.0080000162124634 0.5399999618530273 1.6519999504089355
-1.055999994277954 0.25199997425079346 2.2280001640319824
-1.0499999523162842 0.054000020027160645 1.9520000219345093
-0.8460000157356262 0.4739999771118164 1.8259999752044678
-1.0740000009536743 0.054000020027160645 1.8380000591278076
-0.8460000157356262 0.37199997901916504 2.053999900817871
-0.972000002861023 0.5399999618530273 1.6759999990463257
-1.0740000009536743 0.23399996757507324 2.2280001640319824
-1.0499999523162842 0.25199997425079346 2.2280001640319824
-0.8460000157356262 0.48000001907348633 1.8259999752044678
-1.0799999237060547 0.054000020027160645 1.8259999752044678
-0.8700000047683716 0.49800002574920654 1.777999997138977
-0.8219999670982361 0.4200000762939453 1.9520000219345093
-1.0379999876022339 0.10800004005432129 2.1019999980926514
-0.8219999670982361 0.4320000410079956 1.9279999732971191
-1.0499999523162842 0.054000020027160645 1.9760000705718994
-0.9480000138282776 0.2879999876022339 2.180000066757202
-0.8700000047683716 0.34200000762939453 2.1019999980926514
-1.0859999656677246 0.22200000286102295 2.2280001640319824
-1.0499999523162842 0.24600005149841309 2.2280001640319824
-0.8219999670982361 0.40799999237060547 1.9760000705718994
-1.0320000648498535 0.1260000467300415 2.125999927520752
-1.0740000009536743 0.156000018119812 2.180000066757202
-0.8700000047683716 0.49800002574920654 1.7719999551773071
-0.8219999670982361 0.4440000057220459 1.9040000438690186
-0.8219999670982361 0.4440000057220459 1.8980000019073486
-1.0379999876022339 0.07800006866455078 2.053999900817871
-0.9779999852180481 0.2760000228881836 2.2039999961853027
-0.8999999761581421 0.5160000324249268 1.7300000190734863
-1.055999994277954 0.04200005531311035 1.9279999732971191
-1.0859999656677246 0.054000020027160645 1.8020000457763672
-0.8219999670982361 0.3960000276565552 2.0
-0.9959999918937683 0.5460000038146973 1.6519999504089355
-0.8219999670982361 0.4020000696182251 2.0
-0.9240000247955322 0.2940000295639038 2.1679999828338623
-0.8219999670982361 0.4559999704360962 1.8799999952316284
-0.8159999847412109 0.4259999990463257 1.9520000219345093
-1.0440000295639038 0.054000020027160645 2.0
-1.0019999742507935 0.5460000038146973 1.6460000276565552
-0.972000002861023 0.2760000228881836 2.2039999961853027
-0.8999999761581421 0.312000036239624 2.1500000953674316
-0.9959999918937683 0.5520000457763672 1.6519999504089355
-0.8460000157356262 0.48600006103515625 1.8020000457763672
-0.8460000157356262 0.3539999723434448 2.078000068664551
-0.8999999761581421 0.5220000743865967 1.7239999771118164
-1.0379999876022339 0.13199996948242188 2.1500000953674316
-0.9240000247955322 0.5339999198913574 1.7000000476837158
-1.0799999237060547 0.04200005531311035 1.8259999752044678
-1.0199999809265137 0.25199997425079346 2.2280001640319824
-1.0980000495910645 0.054000020027160645 1.777999997138977
-0.9480000138282776 0.5399999618530273 1.6759999990463257
-0.8219999670982361 0.3840000629425049 2.0299999713897705
-0.972000002861023 0.26999998092651367 2.2100000381469727
-0.972000002861023 0.5460000038146973 1.6579999923706055
-0.8219999670982361 0.46800005435943604 1.850000023841858
-0.8700000047683716 0.5099999904632568 1.7540000677108765
-1.0019999742507935 0.5520000457763672 1.6399999856948853
-0.8700000047683716 0.33000004291534424 2.125999927520752
-0.9240000247955322 0.2940000295639038 2.180000066757202
-0.8460000157356262 0.34800004959106445 2.0900001525878906
-0.828000009059906 0.37800002098083496 2.053999900817871
-1.0320000648498535 0.07800006866455078 2.078000068664551
-1.0980000495910645 0.054000020027160645 1.7660000324249268
-1.055999994277954 0.029999971389770508 1.9040000438690186
-1.062000036239624 0.029999971389770508 1.8799999952316284
-0.8219999670982361 0.4739999771118164 1.8380000591278076
-1.0499999523162842 0.029999971389770508 1.9279999732971191
-1.0320000648498535 0.054000020027160645 2.0299999713897705
-1.0859999656677246 0.22800004482269287 2.251999855041504
-1.0499999523162842 0.029999971389770508 1.909999966621399
-1.055999994277954 0.1380000114440918 2.180000066757202
-1.0320000648498535 0.10199999809265137 2.125999927520752
-1.0740000009536743 0.156000018119812 2.2039999961853027
-0.9959999918937683 0.2580000162124634 2.2280001640319824
-1.0679999589920044 0.029999971389770508 1.850000023841858
-0.8460000157356262 0.49800002574920654 1.777999997138977
-0.972000002861023 0.5520000457763672 1.6519999504089355
-0.8219999670982361 0.37800002098083496 2.053999900817871
-0.8219999670982361 0.37199997901916504 2.053999900817871
-0.8460000157356262 0.34200000762939453 2.1019999980926514
-1.0679999589920044 0.21000003814697266 2.240000009536743
-0.9480000138282776 0.2760000228881836 2.2039999961853027
-1.0740000009536743 0.22800004482269287 2.251999855041504
-1.0440000295639038 0.029999971389770508 1.9520000219345093
-0.8219999670982361 0.48000001907348633 1.8259999752044678
-0.8700000047683716 0.3240000009536743 2.138000011444092
-0.8460000157356262 0.5039999485015869 1.777999997138977
-0.8819999694824219 0.5280001163482666 1.7300000190734863
-1.055999994277954 0.024000048637390137 1.9040000438690186
-0.8460000157356262 0.49800002574920654 1.7719999551773071
-1.0199999809265137 0.24600005149841309 2.240000009536743
-0.9480000138282776 0.5460000038146973 1.6640000343322754
-1.0740000009536743 0.029999971389770508 1.8259999752044678
-0.7979999780654907 0.4259999990463257 1.9520000219345093
-0.7979999780654907 0.437999963760376 1.9279999732971191
-0.7979999780654907 0.4200000762939453 1.9639999866485596
-0.906000018119812 0.30000007152557373 2.180000066757202
-0.7979999780654907 0.4140000343322754 1.9760000705718994
-1.0320000648498535 0.07800006866455078 2.1019999980926514
-0.7979999780654907 0.4440000057220459 1.9040000438690186
-1.0320000648498535 0.054000020027160645 2.053999900817871
-1.0499999523162842 0.23399996757507324 2.251999855041504
-1.0379999876022339 0.029999971389770508 1.9760000705718994
-0.7979999780654907 0.4500000476837158 1.9040000438690186
-0.8999999761581421 0.5339999198913574 1.7000000476837158
-1.0799999237060547 0.22200000286102295 2.257999897003174
-1.0740000009536743 0.029999971389770508 1.8079999685287476
-1.0799999237060547 0.029999971389770508 1.8020000457763672
-0.9959999918937683 0.5580000877380371 1.628000020980835
-0.7979999780654907 0.4020000696182251 2.0
-0.8700000047683716 0.5220000743865967 1.7300000190734863
-0.972000002861023 0.2640000581741333 2.2280001640319824
-0.8999999761581421 0.30000007152557373 2.180000066757202
-0.8700000047683716 0.3179999589920044 2.1500000953674316
-0.9240000247955322 0.5460000038146973 1.6759999990463257
-1.0379999876022339 0.029999971389770508 2.0
-0.8219999670982361 0.3539999723434448 2.078000068664551
-1.0679999589920044 0.18000006675720215 2.2339999675750732
-0.7979999780654907 0.4620000123977661 1.8799999952316284
-0.8999999761581421 0.2940000295639038 2.180000066757202
-0.8700000047683716 0.5280001163482666 1.7300000190734863
-0.8219999670982361 0.4919999837875366 1.8020000457763672
-0.9480000138282776 0.26999998092651367 2.2160000801086426
-1.0740000009536743 0.20399999618530273 2.251999855041504
-0.8700000047683716 0.5220000743865967 1.7239999771118164
-1.0379999876022339 0.1260000467300415 2.180000066757202
-0.7979999780654907 0.3960000276565552 2.0180001258850098
-0.8460000157356262 0.3359999656677246 2.125999927520752
-0.9480000138282776 0.5520000457763672 1.6519999504089355
-0.9240000247955322 0.2820000648498535 2.2039999961853027
-1.0199999809265137 0.24000000953674316 2.251999855041504
-1.0260000228881836 0.10199999809265137 2.1500000953674316
-1.0859999656677246 0.029999971389770508 1.777999997138977
-1.0379999876022339 0.18000006675720215 2.2280001640319824
-0.8460000157356262 0.5160000324249268 1.7540000677108765
-0.7979999780654907 0.38999998569488525 2.0299999713897705
-0.7979999780654907 0.46800005435943604 1.850000023841858
-1.0260000228881836 0.054000020027160645 2.078000068664551
-0.9240000247955322 0.5460000038146973 1.6640000343322754
-0.8219999670982361 0.34800004959106445 2.0959999561309814
-0.7979999780654907 0.4739999771118164 1.843999981880188
-0.8219999670982361 0.49800002574920654 1.784000039100647
-1.0799999237060547 0.018000006675720215 1.8020000457763672
-1.0320000648498535 0.029999971389770508 2.0299999713897705
-1.0260000228881836 0.07800006866455078 2.125999927520752
-0.8219999670982361 0.34800004959106445 2.1019999980926514
-1.0199999809265137 0.07800006866455078 2.125999927520752
-1.055999994277954 0.17400002479553223 2.240000009536743
-1.0260000228881836 0.060000061988830566 2.1019999980926514
-1.0499999523162842 0.1679999828338623 2.2339999675750732
-0.9480000138282776 0.2640000581741333 2.2280001640319824
-0.9959999918937683 0.24600005149841309 2.251999855041504
-0.7979999780654907 0.37800002098083496 2.053999900817871
-0.8219999670982361 0.5039999485015869 1.777999997138977
-0.972000002861023 0.564000129699707 1.628000020980835
-1.0920000076293945 0.029999971389770508 1.7540000677108765
-1.055999994277954 0.13199996948242188 2.2100000381469727
-0.9900000095367432 0.25199997425079346 2.251999855041504
-1.0260000228881836 0.09000003337860107 2.1500000953674316
-0.906000018119812 0.5520000457763672 1.6759999990463257
-0.8460000157356262 0.3240000009536743 2.1440000534057617
-1.0260000228881836 0.11399996280670166 2.180000066757202
-0.7979999780654907 0.37199997901916504 2.059999942779541
-1.055999994277954 0.18599998950958252 2.251999855041504
-0.7979999780654907 0.48600006103515625 1.8259999752044678
-0.8159999847412109 0.3539999723434448 2.1019999980926514
-0.8999999761581421 0.5460000038146973 1.6759999990463257
-1.0440000295639038 0.1260000467300415 2.2039999961853027
-1.055999994277954 0.0 1.8799999952316284
-1.0199999809265137 0.10199999809265137 2.1679999828338623
-0.8460000157356262 0.3240000009536743 2.1500000953674316
-0.9240000247955322 0.5520000457763672 1.6519999504089355
-0.8460000157356262 0.5220000743865967 1.7300000190734863
-0.7739999890327454 0.4320000410079956 1.9520000219345093
-0.8999999761581421 0.2879999876022339 2.2039999961853027
-1.0440000295639038 0.0 1.9279999732971191
-1.0499999523162842 0.0 1.8799999952316284
-0.7739999890327454 0.4200000762939453 1.9700000286102295
-1.0440000295639038 0.0 1.9040000438690186
-0.7739999890327454 0.4440000057220459 1.9279999732971191
-1.0260000228881836 0.029999971389770508 2.053999900817871
-1.0499999523162842 0.22800004482269287 2.2760000228881836
-1.0499999523162842 0.19200003147125244 2.257999897003174
-1.0199999809265137 0.054000020027160645 2.1019999980926514
-1.062000036239624 0.0 1.850000023841858
-1.0499999523162842 0.0 1.8739999532699585
-0.7739999890327454 0.4200000762939453 1.9760000705718994
-0.8460000157356262 0.5280001163482666 1.7300000190734863
-0.9240000247955322 0.26999998092651367 2.2220001220703125
-0.7739999890327454 0.4559999704360962 1.9040000438690186
-0.8700000047683716 0.5399999618530273 1.7000000476837158
-1.0679999589920044 0.21000003814697266 2.2760000228881836
-0.8700000047683716 0.30000007152557373 2.180000066757202
-1.0379999876022339 0.0 1.9520000219345093
-1.0499999523162842 0.22200000286102295 2.2760000228881836
-0.7979999780654907 0.36000001430511475 2.078000068664551
-0.972000002861023 0.25199997425079346 2.251999855041504
-1.0260000228881836 0.03600001335144043 2.078000068664551
-0.7739999890327454 0.40799999237060547 2.0
-0.8939999938011169 0.5520000457763672 1.6759999990463257
-1.055999994277954 -0.006000041961669922 1.8799999952316284
-1.0679999589920044 0.0 1.8259999752044678
-0.9839999675750732 0.5699999332427979 1.6100000143051147
-0.8219999670982361 0.3359999656677246 2.125999927520752
-0.7739999890327454 0.4620000123977661 1.8799999952316284
-1.0199999809265137 0.07800006866455078 2.1500000953674316
-0.9240000247955322 0.26999998092651367 2.2280001640319824
-0.7979999780654907 0.49800002574920654 1.8020000457763672
-1.0199999809265137 0.10199999809265137 2.180000066757202
-0.9480000138282776 0.564000129699707 1.628000020980835
-0.7680000066757202 0.4500000476837158 1.9279999732971191
-0.8219999670982361 0.5160000324249268 1.7540000677108765
-0.7739999890327454 0.3960000276565552 2.0180001258850098
-1.0320000648498535 0.0 1.9760000705718994
-0.7799999713897705 0.48000001907348633 1.850000023841858
-1.055999994277954 0.13199996948242188 2.2280001640319824
-0.7979999780654907 0.49800002574920654 1.7960000038146973
-1.0199999809265137 0.029999971389770508 2.072000026702881
-1.0740000009536743 0.0 1.8020000457763672
-0.7739999890327454 0.38999998569488525 2.0299999713897705
-0.972000002861023 0.24600005149841309 2.257999897003174
-0.972000002861023 0.5699999332427979 1.6100000143051147
-1.0260000228881836 0.018000006675720215 2.053999900817871
-1.0199999809265137 0.22800004482269287 2.2760000228881836
-1.0199999809265137 0.029999971389770508 2.078000068664551
-0.8700000047683716 0.2940000295639038 2.191999912261963
-0.8700000047683716 0.5460000038146973 1.687999963760376
-1.0199999809265137 0.054000020027160645 2.125999927520752
-0.7739999890327454 0.4739999771118164 1.850000023841858
-1.0260000228881836 0.11399996280670166 2.2039999961853027
-0.7739999890327454 0.48000001907348633 1.850000023841858
-1.0260000228881836 0.0 2.0
-0.7619999647140503 0.4259999990463257 1.9760000705718994
-1.0499999523162842 0.1260000467300415 2.2280001640319824
-0.7979999780654907 0.3539999723434448 2.1019999980926514
-0.7919999957084656 0.5039999485015869 1.8020000457763672
-0.9480000138282776 0.5699999332427979 1.621999979019165
-0.7979999780654907 0.34800004959106445 2.1019999980926514
-1.0260000228881836 0.006000041961669922 2.0299999713897705
-0.9779999852180481 0.5759999752044678 1.6039999723434448
-1.0799999237060547 0.0 1.777999997138977
-0.906000018119812 0.2760000228881836 2.2280001640319824
-1.0740000009536743 0.0 1.777999997138977
-0.8219999670982361 0.5220000743865967 1.7360000610351562
-0.7739999890327454 0.3840000629425049 2.053999900817871
-0.8999999761581421 0.5580000877380371 1.6519999504089355
-0.7979999780654907 0.5099999904632568 1.777999997138977
-0.9419999718666077 0.2580000162124634 2.251999855041504
-0.972000002861023 0.5759999752044678 1.6039999723434448
-0.9959999918937683 0.23399996757507324 2.2760000228881836
-1.0740000009536743 0.0 1.7719999551773071
-1.055999994277954 0.19200003147125244 2.2820000648498535
-0.8219999670982361 0.3240000009536743 2.1500000953674316
-1.0199999809265137 0.0 2.0180001258850098
-1.055999994277954 -0.018000006675720215 1.850000023841858
-0.8700000047683716 0.2940000295639038 2.2039999961853027
-0.8999999761581421 0.2760000228881836 2.2280001640319824
-0.8460000157356262 0.3059999942779541 2.180000066757202
-1.055999994277954 0.1499999761581421 2.257999897003174
-1.0199999809265137 0.029999971389770508 2.1019999980926514
-1.0799999237060547 -0.006000041961669922 1.777999997138977
-0.8700000047683716 0.5520000457763672 1.6759999990463257
-0.7739999890327454 0.37199997901916504 2.065999984741211
-0.7739999890327454 0.4919999837875366 1.8259999752044678
-0.8460000157356262 0.5399999618530273 1.7000000476837158
-0.8219999670982361 0.5280001163482666 1.7300000190734863
-1.0199999809265137 0.10199999809265137 2.2039999961853027
-1.0199999809265137 0.0 2.0299999713897705
-1.0859999656677246 0.0 1.7540000677108765
-0.9300000071525574 0.5759999752044678 1.628000020980835
-0.8159999847412109 0.33000004291534424 2.1500000953674316
-0.9240000247955322 0.5699999332427979 1.628000020980835
-1.0199999809265137 0.22200000286102295 2.2880001068115234
-0.75 0.4320000410079956 1.9520000219345093
-0.75 0.4440000057220459 1.934000015258789
-1.0260000228881836 -0.011999964714050293 2.0
-1.0379999876022339 -0.023999929428100586 1.9279999732971191
-1.0440000295639038 -0.023999929428100586 1.8799999952316284
-0.75 0.4200000762939453 1.9760000705718994
-1.0379999876022339 -0.023999929428100586 1.9040000438690186
-0.75 0.4500000476837158 1.9279999732971191
-0.75 0.4259999990463257 1.9760000705718994
-0.7979999780654907 0.34200000762939453 2.125999927520752
-0.7739999890327454 0.36600005626678467 2.078000068664551
-1.0440000295639038 0.156000018119812 2.2639999389648438
-1.0139999389648438 0.07800006866455078 2.180000066757202
-0.8999999761581421 0.26999998092651367 2.2339999675750732
-0.9240000247955322 0.5759999752044678 1.628000020980835
-0.75 0.4559999704360962 1.9040000438690186
-0.8460000157356262 0.5460000038146973 1.694000005722046
-1.0139999389648438 0.054000020027160645 2.1500000953674316
-1.0320000648498535 0.11399996280670166 2.2280001640319824
-1.0499999523162842 -0.023999929428100586 1.850000023841858
-0.7739999890327454 0.49800002574920654 1.8079999685287476
-0.972000002861023 0.24000000953674316 2.2760000228881836
-1.0859999656677246 0.0 1.7419999837875366
-1.0320000648498535 -0.023999929428100586 1.9520000219345093
-0.75 0.40799999237060547 2.0
-0.9240000247955322 0.2580000162124634 2.251999855041504
-1.062000036239624 0.20399999618530273 2.3000001907348633
-1.0499999523162842 -0.023999929428100586 1.843999981880188
-1.0199999809265137 0.0 2.053999900817871
-0.9480000138282776 0.5759999752044678 1.6039999723434448
-1.055999994277954 -0.023999929428100586 1.8259999752044678
-0.7979999780654907 0.5220000743865967 1.7540000677108765
-0.75 0.46800005435943604 1.8799999952316284
-0.7739999890327454 0.5039999485015869 1.8020000457763672
-1.0499999523162842 0.20399999618530273 2.3000001907348633
-1.0260000228881836 -0.023999929428100586 1.9760000705718994
-0.75 0.3960000276565552 2.0240001678466797
-0.9480000138282776 0.24600005149841309 2.2699999809265137
-0.7979999780654907 0.5220000743865967 1.7480000257492065
-1.0679999589920044 -0.023999929428100586 1.8020000457763672
-1.0440000295639038 0.1260000467300415 2.251999855041504
-1.0139999389648438 0.029999971389770508 2.125999927520752
-0.75 0.3960000276565552 2.0299999713897705
-1.0499999523162842 0.18599998950958252 2.2940001487731934
-1.0199999809265137 0.22200000286102295 2.3000001907348633
-0.75 0.4739999771118164 1.8560000658035278
-1.0199999809265137 -0.023999929428100586 1.9819999933242798
-1.0440000295639038 0.156000018119812 2.2760000228881836
-0.7739999890327454 0.3539999723434448 2.1019999980926514
-0.75 0.48000001907348633 1.850000023841858
-0.9480000138282776 0.24600005149841309 2.2760000228881836
-0.8460000157356262 0.2940000295639038 2.2039999961853027
-1.0260000228881836 -0.029999971389770508 1.9760000705718994
-1.0199999809265137 -0.023999929428100586 2.0
-0.8999999761581421 0.5699999332427979 1.628000020980835
-1.062000036239624 0.18000006675720215 2.3000001907348633
-1.0199999809265137 0.10199999809265137 2.2280001640319824
-1.0740000009536743 -0.023999929428100586 1.777999997138977
-0.7979999780654907 0.33000004291534424 2.1500000953674316
-0.8219999670982361 0.3059999942779541 2.180000066757202
-1.0499999523162842 0.18599998950958252 2.3000001907348633
-1.0139999389648438 0.0 2.078000068664551
-0.7739999890327454 0.5099999904632568 1.777999997138977
-0.75 0.3840000629425049 2.053999900817871
-0.8700000047683716 0.564000129699707 1.6519999504089355
-0.8700000047683716 0.2760000228881836 2.2280001640319824
-0.8999999761581421 0.2640000581741333 2.251999855041504
-0.8999999761581421 0.5759999752044678 1.628000020980835
-0.8460000157356262 0.5580000877380371 1.6759999990463257
-0.7739999890327454 0.34800004959106445 2.113999843597412
-0.8219999670982361 0.5460000038146973 1.7000000476837158
-0.7979999780654907 0.3240000009536743 2.1560001373291016
-1.0080000162124634 0.07800006866455078 2.2039999961853027
-0.9959999918937683 0.22200000286102295 2.3000001907348633
-0.7979999780654907 0.5339999198913574 1.7300000190734863
-0.75 0.4919999837875366 1.8259999752044678
-1.0320000648498535 0.11399996280670166 2.251999855041504
-0.9599999785423279 0.5820000171661377 1.5800000429153442
-0.9300000071525574 0.25199997425079346 2.2760000228881836
-0.8339999914169312 0.30000007152557373 2.2039999961853027
-0.8219999670982361 0.5460000038146973 1.694000005722046
-1.0080000162124634 0.054000020027160645 2.180000066757202
-0.7379999756813049 0.4020000696182251 2.0299999713897705
-0.9240000247955322 0.5820000171661377 1.6039999723434448
-1.0799999237060547 -0.023999929428100586 1.7540000677108765
-0.8700000047683716 0.26999998092651367 2.2339999675750732
-0.9839999675750732 0.22800004482269287 2.3000001907348633
-0.75 0.37199997901916504 2.072000026702881
-1.0139999389648438 -0.023999929428100586 2.0299999713897705
-1.0260000228881836 -0.0419999361038208 1.9520000219345093
-0.7739999890327454 0.34200000762939453 2.125999927520752
-1.0740000009536743 -0.023999929428100586 1.7540000677108765
-1.055999994277954 -0.0419999361038208 1.8259999752044678
-1.0080000162124634 0.029999971389770508 2.1500000953674316
-1.055999994277954 0.17400002479553223 2.305999994277954
-0.75 0.37199997901916504 2.078000068664551
-0.9240000247955322 0.25199997425079346 2.2760000228881836
-0.8159999847412109 0.5520000457763672 1.7000000476837158
-1.0320000648498535 -0.04799997806549072 1.9279999732971191
-1.0379999876022339 -0.04799997806549072 1.8799999952316284
-0.75 0.49800002574920654 1.8079999685287476
-1.0320000648498535 -0.04799997806549072 1.9040000438690186
-0.8700000047683716 0.5699999332427979 1.6399999856948853
-0.9240000247955322 0.24600005149841309 2.2760000228881836
-1.0080000162124634 0.0 2.1019999980926514
-1.0799999237060547 -0.029999971389770508 1.7540000677108765
-0.972000002861023 0.22800004482269287 2.3000001907348633
-0.7739999890327454 0.5220000743865967 1.7540000677108765
-1.0440000295639038 -0.04799997806549072 1.850000023841858
-1.0139999389648438 -0.023999929428100586 2.053999900817871
-0.75 0.5039999485015869 1.8020000457763672
-1.0799999237060547 -0.023999929428100586 1.7360000610351562
-0.9480000138282776 0.5880000591278076 1.5800000429153442
-1.0499999523162842 0.156000018119812 2.3000001907348633
-1.0379999876022339 0.1260000467300415 2.2760000228881836
-1.0199999809265137 -0.04799997806549072 1.940000057220459
-0.7199999690055847 0.4440000057220459 1.934000015258789
-1.0499999523162842 -0.04799997806549072 1.8259999752044678
-1.0199999809265137 -0.04799997806549072 1.9520000219345093
-0.8219999670982361 0.30000007152557373 2.2039999961853027
-0.7199999690055847 0.4500000476837158 1.9279999732971191
-0.7199999690055847 0.4440000057220459 1.9520000219345093
-0.7199999690055847 0.4259999990463257 1.9760000705718994
-1.0499999523162842 -0.04799997806549072 1.8200000524520874
-0.8219999670982361 0.2940000295639038 2.2039999961853027
-0.8460000157356262 0.2820000648498535 2.2280001640319824
-0.7260000109672546 0.48000001907348633 1.8799999952316284
-0.7199999690055847 0.4200000762939453 1.9880000352859497
-1.0019999742507935 0.04200005531311035 2.180000066757202
-1.0199999809265137 -0.04799997806549072 1.9760000705718994
-0.7199999690055847 0.4620000123977661 1.9040000438690186
-0.75 0.36000001430511475 2.1019999980926514
-0.7979999780654907 0.312000036239624 2.180000066757202
-0.972000002861023 0.22200000286102295 2.305999994277954
-0.7199999690055847 0.4200000762939453 2.0
-0.7680000066757202 0.5280001163482666 1.7540000677108765
-1.055999994277954 -0.04799997806549072 1.8020000457763672
-1.0080000162124634 0.07800006866455078 2.2280001640319824
-0.7739999890327454 0.3359999656677246 2.1500000953674316
-0.8219999670982361 0.5580000877380371 1.6759999990463257
-0.8460000157356262 0.5699999332427979 1.6519999504089355
-0.8999999761581421 0.5820000171661377 1.6039999723434448
-0.8700000047683716 0.2640000581741333 2.251999855041504
-0.8700000047683716 0.5759999752044678 1.628000020980835
-0.9959999918937683 0.029999971389770508 2.1679999828338623
-0.7979999780654907 0.5460000038146973 1.7000000476837158
-1.0019999742507935 0.054000020027160645 2.2039999961853027
-0.8999999761581421 0.25199997425079346 2.2760000228881836
-0.7199999690055847 0.48000001907348633 1.8799999952316284
-1.0139999389648438 -0.04799997806549072 2.0
-1.0080000162124634 -0.023999929428100586 2.078000068664551
-1.0679999589920044 -0.04799997806549072 1.777999997138977
-0.9480000138282776 0.22800004482269287 2.3000001907348633
-1.0019999742507935 0.0 2.125999927520752
-1.0320000648498535 0.20399999618530273 2.3299999237060547
-0.75 0.5160000324249268 1.777999997138977
-0.8460000157356262 0.5699999332427979 1.6460000276565552
-0.7199999690055847 0.4020000696182251 2.0299999713897705
-0.7979999780654907 0.5520000457763672 1.7000000476837158
-0.7739999890327454 0.5339999198913574 1.7300000190734863
-0.7199999690055847 0.3960000276565552 2.0360000133514404
-0.75 0.34800004959106445 2.119999885559082
-0.8399999737739563 0.5759999752044678 1.6519999504089355
-0.9539999961853027 0.5940001010894775 1.562000036239624
-1.0199999809265137 0.20399999618530273 2.3299999237060547
-0.7139999866485596 0.4739999771118164 1.8799999952316284
-0.7199999690055847 0.48600006103515625 1.850000023841858
-1.0499999523162842 0.18000006675720215 2.3299999237060547
-0.9959999918937683 0.054000020027160645 2.2100000381469727
-0.9959999918937683 0.029999971389770508 2.180000066757202
-0.75 0.34800004959106445 2.125999927520752
-0.9240000247955322 0.5940001010894775 1.5800000429153442
-0.8999999761581421 0.24600005149841309 2.2820000648498535
-1.0019999742507935 0.06599998474121094 2.2280001640319824
-0.7199999690055847 0.38999998569488525 2.053999900817871
-1.0320000648498535 0.10199999809265137 2.2760000228881836
-0.7739999890327454 0.3240000009536743 2.1679999828338623
-1.0080000162124634 -0.04799997806549072 2.0299999713897705
-1.0679999589920044 -0.04799997806549072 1.7540000677108765
-0.75 0.5220000743865967 1.7599999904632568
-0.7080000042915344 0.4259999990463257 2.0
-0.7260000109672546 0.37800002098083496 2.078000068664551
-0.8460000157356262 0.26999998092651367 2.246000051498413
-1.0799999237060547 -0.0419999361038208 1.7300000190734863
-1.0019999742507935 -0.011999964714050293 2.125999927520752
-0.9240000247955322 0.23399996757507324 2.3000001907348633
-0.9959999918937683 0.21000003814697266 2.3299999237060547
-1.0019999742507935 -0.023999929428100586 2.1019999980926514
-0.8219999670982361 0.2820000648498535 2.2280001640319824
-0.7979999780654907 0.30000007152557373 2.2039999961853027
-1.0019999742507935 0.0 2.1500000953674316
-1.0260000228881836 0.09000003337860107 2.2699999809265137
-0.9480000138282776 0.5940001010894775 1.555999994277954
-0.7199999690055847 0.49800002574920654 1.8259999752044678
-1.0320000648498535 0.1260000467300415 2.3000001907348633
-0.9480000138282776 0.22200000286102295 2.312000036239624
-0.75 0.5280001163482666 1.7540000677108765
-1.0320000648498535 -0.07200002670288086 1.8799999952316284
-1.0260000228881836 -0.07200002670288086 1.9279999732971191
-1.0080000162124634 0.07800006866455078 2.251999855041504
-1.0260000228881836 0.09599995613098145 2.2760000228881836
-1.0260000228881836 -0.07200002670288086 1.9040000438690186
-0.8460000157356262 0.26999998092651367 2.251999855041504
-1.055999994277954 -0.06599998474121094 1.8020000457763672
-0.7199999690055847 0.49800002574920654 1.8200000524520874
-0.9959999918937683 0.0 2.1500000953674316
-1.0379999876022339 -0.07200002670288086 1.850000023841858
-1.0080000162124634 -0.04799997806549072 2.053999900817871
-1.0199999809265137 -0.07200002670288086 1.9220000505447388
-0.7199999690055847 0.37800002098083496 2.078000068664551
-1.0199999809265137 -0.07200002670288086 1.9279999732971191
-0.8219999670982361 0.5699999332427979 1.6519999504089355
-1.0199999809265137 -0.07200002670288086 1.9520000219345093
-0.7739999890327454 0.312000036239624 2.180000066757202
-0.9959999918937683 -0.023999929428100586 2.1080000400543213
-0.7979999780654907 0.5580000877380371 1.6759999990463257
-1.0740000009536743 -0.04799997806549072 1.7300000190734863
-0.7979999780654907 0.2940000295639038 2.2100000381469727
-0.7199999690055847 0.37199997901916504 2.0840001106262207
-1.0019999742507935 -0.006000041961669922 2.1500000953674316
-0.9480000138282776 0.5940001010894775 1.5499999523162842
-0.8460000157356262 0.5820000171661377 1.628000020980835
-0.6959999799728394 0.4440000057220459 1.9459999799728394
-1.0440000295639038 -0.07200002670288086 1.8259999752044678
-0.6959999799728394 0.4440000057220459 1.9520000219345093
-0.9959999918937683 0.054000020027160645 2.2280001640319824
-0.8219999670982361 0.5759999752044678 1.6519999504089355
-0.9480000138282776 0.6059999465942383 1.555999994277954
-1.0199999809265137 0.19800007343292236 2.3420000076293945
-0.9240000247955322 0.5999999046325684 1.5679999589920044
-0.6959999799728394 0.4559999704360962 1.9279999732971191
-0.6959999799728394 0.4320000410079956 1.9760000705718994
-0.75 0.3359999656677246 2.1500000953674316
-1.0199999809265137 0.09000003337860107 2.2760000228881836
-1.0740000009536743 -0.04799997806549072 1.7239999771118164
-0.8700000047683716 0.25199997425079346 2.2760000228881836
-1.0019999742507935 0.07200002670288086 2.251999855041504
-1.0139999389648438 -0.07200002670288086 1.9760000705718994
-0.7739999890327454 0.5460000038146973 1.7000000476837158
-0.9959999918937683 0.029999971389770508 2.2039999961853027
-0.6959999799728394 0.46800005435943604 1.9040000438690186
-0.7199999690055847 0.5099999904632568 1.8020000457763672
-1.0499999523162842 -0.07200002670288086 1.8020000457763672
-0.6959999799728394 0.4259999990463257 2.0
-0.972000002861023 0.21000003814697266 2.3299999237060547
-0.6959999799728394 0.4200000762939453 2.00600004196167
-0.8700000047683716 0.5940001010894775 1.6039999723434448
-1.0019999742507935 -0.03600001335144043 2.1019999980926514
-0.7739999890327454 0.5520000457763672 1.7000000476837158
-1.0320000648498535 0.156000018119812 2.3299999237060547
-0.7319999933242798 0.3539999723434448 2.125999927520752
-0.8999999761581421 0.5999999046325684 1.5800000429153442
-0.6959999799728394 0.4739999771118164 1.8860000371932983
-0.9959999918937683 -0.023999929428100586 2.125999927520752
-0.7199999690055847 0.36600005626678467 2.1019999980926514
-1.0019999742507935 -0.04799997806549072 2.078000068664551
-1.0499999523162842 -0.07200002670288086 1.7899999618530273
-0.6959999799728394 0.48000001907348633 1.8799999952316284
-0.8999999761581421 0.23399996757507324 2.3000001907348633
-1.0080000162124634 -0.07200002670288086 2.0
-0.8700000047683716 0.24600005149841309 2.2820000648498535
-0.6959999799728394 0.4020000696182251 2.0299999713897705
-0.8999999761581421 0.6059999465942383 1.5800000429153442
-0.7080000042915344 0.5039999485015869 1.8259999752044678
-0.75 0.5399999618530273 1.7300000190734863
-1.055999994277954 -0.07200002670288086 1.777999997138977
-1.0320000648498535 0.10199999809265137 2.3000001907348633
-0.9959999918937683 0.19800007343292236 2.3420000076293945
-0.8999999761581421 0.5999999046325684 1.5740000009536743
-0.9959999918937683 -0.04799997806549072 2.0840001106262207
-0.75 0.3240000009536743 2.1679999828338623
-0.7979999780654907 0.2879999876022339 2.2280001640319824
-0.6959999799728394 0.3960000276565552 2.047999858856201
-0.9240000247955322 0.22200000286102295 2.317999839782715
-0.9480000138282776 0.21599996089935303 2.3299999237060547
-0.9240000247955322 0.6059999465942383 1.555999994277954
-0.7979999780654907 0.5699999332427979 1.6579999923706055
-0.8219999670982361 0.26999998092651367 2.251999855041504
-0.6959999799728394 0.4919999837875366 1.850000023841858
-1.0379999876022339 0.18000006675720215 2.3540000915527344
-1.0260000228881836 -0.09000003337860107 1.9040000438690186
-0.7199999690055847 0.5220000743865967 1.777999997138977
-1.0679999589920044 -0.07200002670288086 1.7540000677108765
-0.6959999799728394 0.38999998569488525 2.053999900817871
-0.7739999890327454 0.30000007152557373 2.2039999961853027
-0.9900000095367432 0.0 2.180000066757202
-0.7199999690055847 0.5220000743865967 1.7719999551773071
-1.0019999742507935 -0.07200002670288086 2.0299999713897705
-0.8460000157356262 0.2580000162124634 2.2760000228881836
-1.0199999809265137 0.18599998950958252 2.3540000915527344
-1.0019999742507935 -0.06599998474121094 2.053999900817871
-0.7199999690055847 0.3539999723434448 2.125999927520752
-0.7199999690055847 0.34800004959106445 2.125999927520752
-0.9959999918937683 -0.023999929428100586 2.1500000953674316
-0.8219999670982361 0.5820000171661377 1.628000020980835
-0.9959999918937683 -0.04799997806549072 2.1019999980926514
-0.6959999799728394 0.49800002574920654 1.8320000171661377
-0.75 0.5460000038146973 1.7120000123977661
-1.0260000228881836 0.09000003337860107 2.3000001907348633
-0.9900000095367432 0.054000020027160645 2.251999855041504
-1.0199999809265137 0.1260000467300415 2.3239998817443848
-0.7979999780654907 0.5759999752044678 1.6519999504089355
-0.75 0.312000036239624 2.180000066757202
-0.6779999732971191 0.4500000476837158 1.9520000219345093
-0.9900000095367432 0.029999971389770508 2.2280001640319824
-0.6959999799728394 0.5039999485015869 1.8259999752044678
-0.8460000157356262 0.5940001010894775 1.6039999723434448
-0.8100000023841858 0.2760000228881836 2.251999855041504
-0.7739999890327454 0.564000129699707 1.6759999990463257
-1.0260000228881836 -0.09599995613098145 1.8799999952316284
-1.0199999809265137 -0.09599995613098145 1.9279999732971191
-0.6959999799728394 0.37800002098083496 2.078000068664551
-1.0199999809265137 -0.09599995613098145 1.9040000438690186
-1.0019999742507935 -0.07799994945526123 2.0299999713897705
-1.0260000228881836 0.1260000467300415 2.3299999237060547
-1.0199999809265137 -0.09599995613098145 1.8919999599456787
-0.9959999918937683 0.19200003147125244 2.3540000915527344
-0.7739999890327454 0.2940000295639038 2.2160000801086426
-0.9959999918937683 -0.07200002670288086 2.047999858856201
-1.0320000648498535 -0.09599995613098145 1.850000023841858
-1.0679999589920044 -0.07200002670288086 1.7300000190734863
-1.0019999742507935 0.06599998474121094 2.2760000228881836
-0.8700000047683716 0.5999999046325684 1.5800000429153442
-0.8700000047683716 0.24000000953674316 2.3000001907348633
-1.0139999389648438 -0.09599995613098145 1.9520000219345093
-0.972000002861023 0.19800007343292236 2.3480000495910645
-0.9959999918937683 -0.07200002670288086 2.053999900817871
-0.9240000247955322 0.21599996089935303 2.3299999237060547
-1.0260000228881836 0.12000000476837158 2.3299999237060547
-0.7199999690055847 0.5339999198913574 1.7540000677108765
-1.0379999876022339 -0.09599995613098145 1.8259999752044678
-0.671999990940094 0.4440000057220459 1.9580000638961792
-0.75 0.5520000457763672 1.7000000476837158
-1.0199999809265137 0.13199996948242188 2.3359999656677246
-0.671999990940094 0.4500000476837158 1.9520000219345093
-1.0320000648498535 0.156000018119812 2.3540000915527344
-1.055999994277954 -0.09000003337860107 1.777999997138977
-0.671999990940094 0.437999963760376 1.9760000705718994
-0.8700000047683716 0.6059999465942383 1.5800000429153442
-1.0740000009536743 -0.07200002670288086 1.718000054359436
-0.671999990940094 0.4620000123977661 1.9279999732971191
-1.0199999809265137 0.10199999809265137 2.317999839782715
-0.6959999799728394 0.5099999904632568 1.8020000457763672
-0.6959999799728394 0.37199997901916504 2.0959999561309814
-0.671999990940094 0.46800005435943604 1.9040000438690186
-1.0080000162124634 -0.09599995613098145 1.9760000705718994
-0.7199999690055847 0.34200000762939453 2.1500000953674316
-0.671999990940094 0.4259999990463257 2.0
-0.8460000157356262 0.24600005149841309 2.2880001068115234
-0.8999999761581421 0.6119999885559082 1.555999994277954
-1.0440000295639038 -0.09599995613098145 1.8020000457763672
-0.671999990940094 0.4200000762939453 2.00600004196167
-0.7739999890327454 0.5699999332427979 1.6640000343322754
-1.0139999389648438 0.07800006866455078 2.3000001907348633
-0.9900000095367432 -0.04799997806549072 2.125999927520752
-0.972000002861023 0.19800007343292236 2.3540000915527344
-0.671999990940094 0.4739999771118164 1.8919999599456787
-0.6959999799728394 0.36600005626678467 2.1019999980926514
-0.7979999780654907 0.2760000228881836 2.251999855041504
-0.9839999675750732 0.0 2.2039999961853027
-0.8999999761581421 0.22200000286102295 2.3239998817443848
-0.8460000157356262 0.5999999046325684 1.5920000076293945
-0.7739999890327454 0.2879999876022339 2.2280001640319824
-0.9959999918937683 -0.07200002670288086 2.078000068664551
-0.671999990940094 0.48000001907348633 1.8799999952316284
-0.6779999732971191 0.4020000696182251 2.053999900817871
-0.7020000219345093 0.5280001163482666 1.777999997138977
-0.671999990940094 0.40799999237060547 2.0299999713897705
-0.8219999670982361 0.2580000162124634 2.2760000228881836
-1.0019999742507935 -0.09599995613098145 2.0
-1.0499999523162842 -0.09599995613098145 1.777999997138977
-0.75 0.3059999942779541 2.2039999961853027
-0.8339999914169312 0.6059999465942383 1.6039999723434448
-0.7979999780654907 0.26999998092651367 2.257999897003174
-0.9900000095367432 0.054000020027160645 2.2760000228881836
-0.8999999761581421 0.22200000286102295 2.3299999237060547
-0.9300000071525574 0.6119999885559082 1.5260000228881836
-0.9839999675750732 -0.023999929428100586 2.180000066757202
-0.6959999799728394 0.5220000743865967 1.777999997138977
-1.0199999809265137 0.10199999809265137 2.3299999237060547
-1.0499999523162842 -0.09599995613098145 1.7660000324249268
-0.8460000157356262 0.24600005149841309 2.3000001907348633
-0.9959999918937683 -0.09599995613098145 2.01200008392334
-0.7979999780654907 0.5880000591278076 1.628000020980835
-0.9480000138282776 0.20399999618530273 2.3540000915527344
-0.7199999690055847 0.5460000038146973 1.7300000190734863
-0.9839999675750732 0.029999971389770508 2.251999855041504
-0.671999990940094 0.3960000276565552 2.053999900817871
-1.062000036239624 -0.09599995613098145 1.7540000677108765
-0.671999990940094 0.4020000696182251 2.053999900817871
-0.6959999799728394 0.5280001163482666 1.777999997138977
-0.6959999799728394 0.5220000743865967 1.7719999551773071
-1.0260000228881836 0.18000006675720215 2.378000020980835
-0.7199999690055847 0.3240000009536743 2.1679999828338623
-0.671999990940094 0.49800002574920654 1.850000023841858
-1.0260000228881836 -0.11399996280670166 1.8799999952316284
-1.0260000228881836 0.13199996948242188 2.3540000915527344
-0.6959999799728394 0.3539999723434448 2.125999927520752
-0.8219999670982361 0.5999999046325684 1.6039999723434448
-0.671999990940094 0.49800002574920654 1.843999981880188
-0.9480000138282776 0.19800007343292236 2.3540000915527344
-0.7739999890327454 0.5820000171661377 1.6519999504089355
-1.0199999809265137 0.18000006675720215 2.378000020980835
-1.0019999742507935 0.06599998474121094 2.3000001907348633
-0.75 0.564000129699707 1.6759999990463257
-0.9959999918937683 -0.09599995613098145 2.0299999713897705
-0.9900000095367432 -0.07200002670288086 2.1019999980926514
-0.9240000247955322 0.6180000305175781 1.5260000228881836
-0.8460000157356262 0.6059999465942383 1.5800000429153442
-0.9839999675750732 -0.04799997806549072 2.1500000953674316
-0.8219999670982361 0.6059999465942383 1.6039999723434448
-0.6959999799728394 0.34800004959106445 2.131999969482422
-0.7199999690055847 0.5460000038146973 1.718000054359436
-0.75 0.2940000295639038 2.2160000801086426
-0.8819999694824219 0.22800004482269287 2.3299999237060547
-1.0199999809265137 0.1260000467300415 2.3540000915527344
-0.671999990940094 0.3840000629425049 2.078000068664551
-1.0019999742507935 -0.10800004005432129 2.0
-0.7199999690055847 0.3179999589920044 2.180000066757202
-1.0679999589920044 -0.09599995613098145 1.7300000190734863
-0.671999990940094 0.5099999904632568 1.8259999752044678
-0.9959999918937683 0.18599998950958252 2.378000020980835
-0.8700000047683716 0.6119999885559082 1.555999994277954
-0.6660000085830688 0.5039999485015869 1.850000023841858
-1.0320000648498535 -0.12000000476837158 1.850000023841858
-1.0199999809265137 -0.12000000476837158 1.8799999952316284
-0.9959999918937683 -0.09599995613098145 2.053999900817871
-0.9779999852180481 0.0 2.2280001640319824
-1.0139999389648438 -0.12000000476837158 1.9040000438690186
-1.0320000648498535 0.156000018119812 2.378000020980835
-1.0199999809265137 -0.12000000476837158 1.8739999532699585
-0.6959999799728394 0.5339999198913574 1.7540000677108765
-0.7739999890327454 0.2760000228881836 2.251999855041504
-1.0080000162124634 -0.12000000476837158 1.9279999732971191
-0.9240000247955322 0.20399999618530273 2.3540000915527344
-0.7979999780654907 0.2640000581741333 2.2760000228881836
-0.75 0.5699999332427979 1.6640000343322754
-1.0080000162124634 -0.12000000476837158 1.9520000219345093
-1.0320000648498535 -0.12000000476837158 1.8259999752044678
-0.7080000042915344 0.5520000457763672 1.7300000190734863
-0.6480000019073486 0.4440000057220459 1.9639999866485596
-0.6959999799728394 0.34200000762939453 2.1500000953674316
-0.75 0.2879999876022339 2.2280001640319824
-0.8700000047683716 0.22800004482269287 2.3299999237060547
-1.0199999809265137 0.1679999828338623 2.384000062942505
-0.6480000019073486 0.437999963760376 1.9760000705718994
-0.6480000019073486 0.4559999704360962 1.9520000219345093
-0.6480000019073486 0.4620000123977661 1.9279999732971191
-0.9779999852180481 -0.023999929428100586 2.2039999961853027
-0.671999990940094 0.5160000324249268 1.8020000457763672
-1.0320000648498535 0.14400005340576172 2.378000020980835
-1.0139999389648438 0.07800006866455078 2.3299999237060547
-0.9900000095367432 0.054000020027160645 2.3000001907348633
-0.9839999675750732 -0.07200002670288086 2.125999927520752
-0.671999990940094 0.37199997901916504 2.1019999980926514
-0.7979999780654907 0.5999999046325684 1.6100000143051147
-0.6480000019073486 0.4320000410079956 2.0
-0.6480000019073486 0.4739999771118164 1.9040000438690186
-1.0019999742507935 -0.12000000476837158 1.9760000705718994
-0.8219999670982361 0.24600005149841309 2.3000001907348633
-0.6480000019073486 0.4739999771118164 1.8980000019073486
-1.0379999876022339 -0.12000000476837158 1.8020000457763672
-0.7199999690055847 0.5580000877380371 1.7000000476837158
-0.6480000019073486 0.4200000762939453 2.01200008392334
-1.0679999589920044 -0.09599995613098145 1.7059999704360962
-0.972000002861023 0.18599998950958252 2.378000020980835
-0.9900000095367432 -0.09599995613098145 2.078000068664551
-0.9959999918937683 -0.12000000476837158 1.9760000705718994
-0.7739999890327454 0.5880000591278076 1.628000020980835
-0.9779999852180481 -0.011999964714050293 2.2280001640319824
-0.9779999852180481 0.029999971389770508 2.2760000228881836
-0.9240000247955322 0.19800007343292236 2.3600001335144043
-0.8999999761581421 0.624000072479248 1.5260000228881836
-1.055999994277954 -0.11399996280670166 1.7540000677108765
-0.6480000019073486 0.48600006103515625 1.8799999952316284
-0.9779999852180481 0.006000041961669922 2.251999855041504
-0.8700000047683716 0.22200000286102295 2.3359999656677246
-0.6480000019073486 0.4140000343322754 2.0299999713897705
-0.7739999890327454 0.26999998092651367 2.2639999389648438
-0.671999990940094 0.5220000743865967 1.784000039100647
-1.0440000295639038 -0.12000000476837158 1.777999997138977
-0.9779999852180481 -0.04799997806549072 2.180000066757202
-0.9959999918937683 -0.12000000476837158 2.0
-0.7979999780654907 0.6059999465942383 1.6039999723434448
-1.0019999742507935 -0.1260000467300415 1.9760000705718994
-0.6959999799728394 0.5460000038146973 1.7300000190734863
-0.8999999761581421 0.630000114440918 1.5260000228881836
-0.7199999690055847 0.3059999942779541 2.2039999961853027
-0.75 0.5820000171661377 1.6519999504089355
-0.9779999852180481 0.024000048637390137 2.2760000228881836
-0.8700000047683716 0.624000072479248 1.5440000295639038
-0.8219999670982361 0.6119999885559082 1.5800000429153442
-0.8100000023841858 0.25199997425079346 2.3000001907348633
-1.0080000162124634 0.10199999809265137 2.3540000915527344
-0.972000002861023 -0.023999929428100586 2.2160000801086426
-0.8999999761581421 0.20399999618530273 2.3540000915527344
-0.8999999761581421 0.624000072479248 1.5199999809265137
-0.671999990940094 0.5280001163482666 1.777999997138977
-0.6959999799728394 0.5520000457763672 1.7300000190734863
-0.6480000019073486 0.3960000276565552 2.053999900817871
-0.6480000019073486 0.4020000696182251 2.053999900817871
-0.671999990940094 0.3539999723434448 2.125999927520752
-0.6480000019073486 0.49800002574920654 1.850000023841858
-1.0019999742507935 0.06599998474121094 2.3299999237060547
-0.972000002861023 0.0 2.251999855041504
-1.0499999523162842 -0.12000000476837158 1.7540000677108765
-0.6480000019073486 0.5039999485015869 1.850000023841858
-0.9779999852180481 0.04200005531311035 2.3000001907348633
-0.9480000138282776 0.18599998950958252 2.378000020980835
-0.9779999852180481 -0.07200002670288086 2.1500000953674316
-0.9839999675750732 -0.09599995613098145 2.1019999980926514
-0.8460000157356262 0.22800004482269287 2.3299999237060547
-0.7260000109672546 0.5759999752044678 1.6759999990463257
-0.6959999799728394 0.33000004291534424 2.180000066757202
-1.0260000228881836 -0.1380000114440918 1.850000023841858
-0.9779999852180481 -0.0419999361038208 2.2039999961853027
-0.9900000095367432 -0.12000000476837158 2.0299999713897705
-0.8460000157356262 0.624000072479248 1.555999994277954
-0.6959999799728394 0.3240000009536743 2.180000066757202
-0.9779999852180481 -0.054000020027160645 2.185999870300293
-0.972000002861023 0.029999971389770508 2.2880001068115234
-0.6359999775886536 0.48000001907348633 1.9040000438690186
-0.9959999918937683 0.17400002479553223 2.3959999084472656
-0.7739999890327454 0.2640000581741333 2.2760000228881836
-0.972000002861023 -0.023999929428100586 2.2280001640319824
-0.75 0.2760000228881836 2.251999855041504
-1.0499999523162842 -0.12000000476837158 1.7419999837875366
-0.7199999690055847 0.5699999332427979 1.6759999990463257
-0.6480000019073486 0.3840000629425049 2.078000068664551
-0.7979999780654907 0.25199997425079346 2.3000001907348633
-0.9120000004768372 0.624000072479248 1.5019999742507935
-0.6480000019073486 0.5099999904632568 1.8259999752044678
-1.0379999876022339 0.1499999761581421 2.4019999504089355
-1.0199999809265137 0.1260000467300415 2.384000062942505
-0.972000002861023 -0.04799997806549072 2.197999954223633
-0.7979999780654907 0.24600005149841309 2.3000001907348633
-1.0260000228881836 0.156000018119812 2.4019999504089355
-1.055999994277954 -0.12000000476837158 1.7300000190734863
-0.7199999690055847 0.5759999752044678 1.6759999990463257
-0.7739999890327454 0.5999999046325684 1.6100000143051147
-0.9900000095367432 -0.12000000476837158 2.053999900817871
-0.7199999690055847 0.5699999332427979 1.6699999570846558
-0.671999990940094 0.5399999618530273 1.7540000677108765
-0.9120000004768372 0.630000114440918 1.5019999742507935
-1.0199999809265137 0.156000018119812 2.4019999504089355
-0.9900000095367432 0.12000000476837158 2.371999979019165
-0.972000002861023 -0.07200002670288086 2.1620001792907715
-0.671999990940094 0.34800004959106445 2.1500000953674316
-0.6539999842643738 0.5280001163482666 1.8020000457763672
-0.972000002861023 -0.04799997806549072 2.2039999961853027
-0.8999999761581421 0.19800007343292236 2.366000175476074
-0.8219999670982361 0.624000072479248 1.5679999589920044
-0.9240000247955322 0.19200003147125244 2.378000020980835
-1.0080000162124634 0.07800006866455078 2.3540000915527344
-0.7199999690055847 0.30000007152557373 2.2280001640319824
-0.8460000157356262 0.624000072479248 1.5440000295639038
-0.9959999918937683 0.1679999828338623 2.4019999504089355
-0.7199999690055847 0.2940000295639038 2.2280001640319824
-0.972000002861023 0.029999971389770508 2.3000001907348633
-0.9900000095367432 0.054000020027160645 2.3299999237060547
-1.0019999742507935 -0.14399993419647217 1.9520000219345093
-0.6959999799728394 0.5580000877380371 1.7000000476837158
-0.9779999852180481 -0.08399999141693115 2.1500000953674316
-0.972000002861023 0.17400002479553223 2.3959999084472656
-0.6240000128746033 0.437999963760376 1.9760000705718994
-0.8700000047683716 0.21000003814697266 2.3540000915527344
-0.6240000128746033 0.4440000057220459 1.9700000286102295
-0.6240000128746033 0.4559999704360962 1.9520000219345093
-0.6480000019073486 0.37800002098083496 2.1019999980926514
-0.9779999852180481 -0.09599995613098145 2.125999927520752
-0.6480000019073486 0.37199997901916504 2.1019999980926514
-0.75 0.26999998092651367 2.2639999389648438
-0.8339999914169312 0.630000114440918 1.555999994277954
-0.8460000157356262 0.22200000286102295 2.3420000076293945
-0.6240000128746033 0.46800005435943604 1.9279999732971191
-0.75 0.5940001010894775 1.628000020980835
-0.7739999890327454 0.6059999465942383 1.6039999723434448
-0.6480000019073486 0.5220000743865967 1.8020000457763672
-0.6240000128746033 0.4739999771118164 1.9160000085830688
-0.6240000128746033 0.4320000410079956 2.0
-0.8999999761581421 0.630000114440918 1.5019999742507935
-1.0139999389648438 -0.1499999761581421 1.8799999952316284
-0.972000002861023 -0.09599995613098145 2.125999927520752
-1.0080000162124634 -0.1499999761581421 1.9040000438690186
-0.6480000019073486 0.5280001163482666 1.8020000457763672
-0.8700000047683716 0.6359999179840088 1.5260000228881836
-0.6240000128746033 0.48000001907348633 1.9040000438690186
-0.972000002861023 0.0 2.2760000228881836
-0.7979999780654907 0.6180000305175781 1.5800000429153442
-1.0199999809265137 -0.1499999761581421 1.850000023841858
-0.671999990940094 0.5460000038146973 1.7360000610351562
-0.6959999799728394 0.312000036239624 2.2039999961853027
-0.6240000128746033 0.4200000762939453 2.0180001258850098
-1.0019999742507935 -0.1499999761581421 1.9279999732971191
-1.0080000162124634 0.10199999809265137 2.378000020980835
-0.8219999670982361 0.22800004482269287 2.3299999237060547
-0.972000002861023 -0.07200002670288086 2.180000066757202
-1.062000036239624 -0.12000000476837158 1.7000000476837158
-1.0260000228881836 -0.1499999761581421 1.8259999752044678
-0.9779999852180481 -0.10199999809265137 2.125999927520752
-0.6240000128746033 0.4140000343322754 2.0299999713897705
-1.055999994277954 -0.13199996948242188 1.7300000190734863
-0.9779999852180481 -0.12000000476837158 2.078000068664551
-1.0019999742507935 0.06599998474121094 2.3540000915527344
-0.6240000128746033 0.4919999837875366 1.8799999952316284
-0.9959999918937683 -0.1499999761581421 1.9459999799728394
-0.6179999709129333 0.4500000476837158 1.9760000705718994
-0.972000002861023 0.1679999828338623 2.4019999504089355
-0.9900000095367432 0.10800004005432129 2.378000020980835
-1.0199999809265137 -0.1499999761581421 1.8259999752044678
-0.9959999918937683 -0.1499999761581421 1.9580000638961792
-0.671999990940094 0.5520000457763672 1.7300000190734863
-0.9660000205039978 -0.023999929428100586 2.251999855041504
-0.8219999670982361 0.630000114440918 1.555999994277954
-0.7199999690055847 0.5820000171661377 1.6519999504089355
-1.0320000648498535 -0.1499999761581421 1.8020000457763672
-0.6480000019073486 0.36000001430511475 2.125999927520752
-0.8999999761581421 0.19200003147125244 2.378000020980835
-0.75 0.2640000581741333 2.2760000228881836
-0.9539999961853027 0.18000006675720215 2.4019999504089355
-0.75 0.5999999046325684 1.6160000562667847
-0.7739999890327454 0.25199997425079346 2.3000001907348633
-0.6480000019073486 0.5339999198913574 1.777999997138977
-0.6240000128746033 0.49800002574920654 1.8560000658035278
-0.6240000128746033 0.4020000696182251 2.053999900817871
-0.6959999799728394 0.5699999332427979 1.6820000410079956
-0.9779999852180481 0.04200005531311035 2.3299999237060547
-0.9900000095367432 -0.1499999761581421 1.9760000705718994
-1.0139999389648438 0.1260000467300415 2.4019999504089355
-0.671999990940094 0.33000004291534424 2.180000066757202
-0.6240000128746033 0.3960000276565552 2.059999942779541
-0.9480000138282776 0.18000006675720215 2.4019999504089355
-0.9959999918937683 0.060000061988830566 2.3540000915527344
-0.972000002861023 -0.09599995613098145 2.1500000953674316
-0.671999990940094 0.3240000009536743 2.180000066757202
-0.6240000128746033 0.5039999485015869 1.850000023841858
-0.9660000205039978 -0.04799997806549072 2.2280001640319824
-1.0379999876022339 -0.1499999761581421 1.777999997138977
-0.906000018119812 0.630000114440918 1.4839999675750732
-0.6539999842643738 0.3539999723434448 2.1500000953674316
-0.9779999852180481 -0.12000000476837158 2.1019999980926514
-0.8460000157356262 0.21000003814697266 2.3540000915527344
-0.7979999780654907 0.624000072479248 1.5679999589920044
-0.9900000095367432 -0.1499999761581421 2.0
-0.9480000138282776 0.17400002479553223 2.4019999504089355
-0.7199999690055847 0.2820000648498535 2.251999855041504
-0.6959999799728394 0.5759999752044678 1.6759999990463257
-0.8219999670982361 0.22200000286102295 2.3420000076293945
-0.972000002861023 -0.12000000476837158 2.1019999980926514
-0.7739999890327454 0.24600005149841309 2.305999994277954
-1.0019999742507935 -0.16199994087219238 1.9279999732971191
-0.6240000128746033 0.38999998569488525 2.078000068664551
-1.0320000648498535 0.1499999761581421 2.4260001182556152
-0.9779999852180481 -0.13199996948242188 2.078000068664551
-0.8700000047683716 0.19800007343292236 2.371999979019165
-1.0440000295639038 -0.1499999761581421 1.7540000677108765
-0.6959999799728394 0.30000007152557373 2.2280001640319824
-0.6240000128746033 0.5160000324249268 1.8259999752044678
-0.9660000205039978 -0.07200002670288086 2.2039999961853027
-0.6480000019073486 0.3539999723434448 2.1500000953674316
-0.7979999780654907 0.23399996757507324 2.3299999237060547
-1.0019999742507935 0.07800006866455078 2.378000020980835
-0.75 0.6059999465942383 1.6039999723434448
-0.6480000019073486 0.34800004959106445 2.1500000953674316
-0.6959999799728394 0.2940000295639038 2.2280001640319824
-0.8460000157356262 0.6419999599456787 1.5260000228881836
-0.6480000019073486 0.5460000038146973 1.7540000677108765
-0.7739999890327454 0.6180000305175781 1.5800000429153442
-0.972000002861023 0.029999971389770508 2.3299999237060547
-1.0080000162124634 0.156000018119812 2.4260001182556152
-0.6480000019073486 0.5460000038146973 1.7480000257492065
-0.9240000247955322 0.18000006675720215 2.4019999504089355
-0.671999990940094 0.564000129699707 1.7000000476837158
-0.9660000205039978 -0.023999929428100586 2.2760000228881836
-0.9779999852180481 -0.1499999761581421 2.0299999713897705
-0.8700000047683716 0.19800007343292236 2.378000020980835
-0.6240000128746033 0.5220000743865967 1.8079999685287476
-0.8999999761581421 0.6359999179840088 1.4779999256134033
-0.9599999785423279 0.0 2.3000001907348633
-0.6240000128746033 0.37800002098083496 2.1019999980926514
-0.972000002861023 -0.12000000476837158 2.125999927520752
-0.5999999642372131 0.4440000057220459 1.9700000286102295
-0.671999990940094 0.3179999589920044 2.2039999961853027
-1.0499999523162842 -0.1499999761581421 1.7300000190734863
-0.5999999642372131 0.4440000057220459 1.9760000705718994
-0.9959999918937683 0.156000018119812 2.4260001182556152
-0.5999999642372131 0.4620000123977661 1.9520000219345093
-0.5999999642372131 0.4500000476837158 1.9760000705718994
-0.8759999871253967 0.6540000438690186 1.5019999742507935
-1.0019999742507935 0.06599998474121094 2.378000020980835
-0.6240000128746033 0.37199997901916504 2.1080000400543213
-0.9959999918937683 0.07800006866455078 2.384000062942505
-0.6240000128746033 0.5280001163482666 1.8020000457763672
-0.5999999642372131 0.4739999771118164 1.9220000505447388
-0.5999999642372131 0.4739999771118164 1.9279999732971191
-1.0019999742507935 0.10199999809265137 2.4019999504089355
-0.7739999890327454 0.624000072479248 1.5740000009536743
-0.7979999780654907 0.6359999179840088 1.555999994277954
-0.671999990940094 0.5699999332427979 1.694000005722046
-0.5999999642372131 0.437999963760376 2.0
-0.7199999690055847 0.5999999046325684 1.628000020980835
-0.9660000205039978 -0.09599995613098145 2.180000066757202
-1.0080000162124634 -0.17400002479553223 1.8799999952316284
-0.9779999852180481 -0.1499999761581421 2.053999900817871
-0.75 0.25199997425079346 2.3000001907348633
-1.0019999742507935 -0.17400002479553223 1.9040000438690186
-0.7199999690055847 0.26999998092651367 2.2699999809265137
-0.9599999785423279 -0.04799997806549072 2.251999855041504
-0.8219999670982361 0.21000003814697266 2.3540000915527344
-0.5999999642372131 0.48600006103515625 1.9040000438690186
-1.0139999389648438 -0.17400002479553223 1.850000023841858
-0.8700000047683716 0.6540000438690186 1.5019999742507935
-0.8640000224113464 0.6480000019073486 1.5019999742507935
-0.5999999642372131 0.4200000762939453 2.0240001678466797
-0.9959999918937683 -0.17400002479553223 1.9279999732971191
-0.9959999918937683 -0.17400002479553223 1.9040000438690186
-0.9959999918937683 -0.17400002479553223 1.8980000019073486
-0.7199999690055847 0.5999999046325684 1.621999979019165
-0.6959999799728394 0.5880000591278076 1.6519999504089355
-1.0199999809265137 0.1260000467300415 2.4260001182556152
-1.0199999809265137 -0.17400002479553223 1.8259999752044678
-1.0499999523162842 -0.1499999761581421 1.7120000123977661
-0.8519999980926514 0.20399999618530273 2.378000020980835
-0.972000002861023 -0.1499999761581421 2.059999942779541
-0.6480000019073486 0.5580000877380371 1.7300000190734863
-0.7199999690055847 0.26999998092651367 2.2760000228881836
-0.5999999642372131 0.49800002574920654 1.8799999952316284
-0.9900000095367432 -0.17400002479553223 1.9520000219345093
-0.6240000128746033 0.36000001430511475 2.125999927520752
-0.9779999852180481 0.03600001335144043 2.3540000915527344
-1.0019999742507935 0.09000003337860107 2.4019999504089355
-0.9959999918937683 0.1499999761581421 2.432000160217285
-1.062000036239624 -0.1499999761581421 1.7000000476837158
-0.5999999642372131 0.49800002574920654 1.8680000305175781
-1.055999994277954 -0.14399993419647217 1.687999963760376
-0.6359999775886536 0.5520000457763672 1.7540000677108765
-0.8999999761581421 0.18000006675720215 2.4019999504089355
-0.9779999852180481 -0.156000018119812 2.053999900817871
-0.9599999785423279 -0.07200002670288086 2.2280001640319824
-0.6480000019073486 0.33000004291534424 2.180000066757202
-1.0260000228881836 -0.17400002479553223 1.8020000457763672
-0.6959999799728394 0.2879999876022339 2.251999855041504
-0.7139999866485596 0.6059999465942383 1.628000020980835
-0.8460000157356262 0.20399999618530273 2.378000020980835
-0.9959999918937683 0.054000020027160645 2.378000020980835
-0.5999999642372131 0.4020000696182251 2.053999900817871
-0.9240000247955322 0.17400002479553223 2.4140000343322754
-0.6240000128746033 0.5399999618530273 1.777999997138977
-0.8460000157356262 0.6480000019073486 1.5080000162124634
-0.7919999957084656 0.22200000286102295 2.3420000076293945
-0.9660000205039978 -0.12000000476837158 2.1500000953674316
-1.0199999809265137 -0.17400002479553223 1.8020000457763672
-0.9660000205039978 0.156000018119812 2.4260001182556152
-0.7139999866485596 0.2760000228881836 2.2760000228881836
-0.7739999890327454 0.23399996757507324 2.3299999237060547
-0.972000002861023 -0.1499999761581421 2.078000068664551
-0.9839999675750732 -0.17400002479553223 1.9760000705718994
-0.593999981880188 0.4140000343322754 2.0299999713897705
-0.5999999642372131 0.5039999485015869 1.850000023841858
-0.671999990940094 0.5759999752044678 1.6759999990463257
-0.8219999670982361 0.6480000019073486 1.5260000228881836
-0.6480000019073486 0.3240000009536743 2.185999870300293
-0.9839999675750732 0.10199999809265137 2.4079999923706055
-0.75 0.24600005149841309 2.312000036239624
-0.5999999642372131 0.3960000276565552 2.065999984741211
-1.0320000648498535 -0.17400002479553223 1.777999997138977
-0.8880000114440918 0.6540000438690186 1.4779999256134033
-0.8939999938011169 0.6419999599456787 1.4660000801086426
-0.9839999675750732 -0.17400002479553223 2.0
-0.671999990940094 0.30000007152557373 2.2280001640319824
-1.0260000228881836 -0.1799999475479126 1.8020000457763672
-0.9480000138282776 0.16200006008148193 2.4260001182556152
-0.75 0.624000072479248 1.5800000429153442
-0.5999999642372131 0.38999998569488525 2.078000068664551
-0.9959999918937683 0.07800006866455078 2.4019999504089355
-0.9599999785423279 -0.09599995613098145 2.2039999961853027
-0.8219999670982361 0.6480000019073486 1.5199999809265137
-0.8460000157356262 0.19800007343292236 2.384000062942505
-0.6240000128746033 0.5460000038146973 1.7599999904632568
-0.6240000128746033 0.3539999723434448 2.1500000953674316
-0.7979999780654907 0.21599996089935303 2.3540000915527344
-0.6240000128746033 0.34800004959106445 2.1500000953674316
-0.8460000157356262 0.6540000438690186 1.5019999742507935
-0.9599999785423279 -0.04799997806549072 2.2760000228881836
-0.6539999842643738 0.5759999752044678 1.7000000476837158
-1.0379999876022339 -0.17400002479553223 1.7540000677108765
-0.9539999961853027 -0.023999929428100586 2.3000001907348633
-0.972000002861023 0.029999971389770508 2.3600001335144043
-0.7739999890327454 0.6359999179840088 1.555999994277954
-0.972000002861023 -0.1499999761581421 2.1019999980926514
-0.671999990940094 0.2940000295639038 2.2339999675750732
-0.5999999642372131 0.5220000743865967 1.8259999752044678
-0.75 0.624000072479248 1.5740000009536743
-0.9599999785423279 0.0 2.3299999237060547
-0.7199999690055847 0.6119999885559082 1.6039999723434448
-0.6240000128746033 0.5520000457763672 1.7540000677108765
-0.5879999995231628 0.5039999485015869 1.8799999952316284
-0.5820000171661377 0.48000001907348633 1.9279999732971191
-0.9779999852180481 -0.17400002479553223 2.0299999713897705
-0.8999999761581421 0.17400002479553223 2.4140000343322754
-0.5999999642372131 0.5220000743865967 1.8140000104904175
-0.6480000019073486 0.5699999332427979 1.7000000476837158
-0.6480000019073486 0.3179999589920044 2.2039999961853027
-0.8700000047683716 0.18599998950958252 2.4019999504089355
-0.972000002861023 -0.17400002479553223 2.0240001678466797
-0.6959999799728394 0.5999999046325684 1.628000020980835
-1.0019999742507935 0.10199999809265137 2.4260001182556152
-0.7440000176429749 0.630000114440918 1.5800000429153442
-0.9240000247955322 0.1679999828338623 2.4260001182556152
-0.5999999642372131 0.37800002098083496 2.1019999980926514
-0.972000002861023 -0.17400002479553223 2.0299999713897705
-0.6480000019073486 0.5759999752044678 1.7000000476837158
-0.8219999670982361 0.20399999618530273 2.378000020980835
-1.0440000295639038 -0.17400002479553223 1.7300000190734863
-0.9539999961853027 -0.07200002670288086 2.251999855041504
-0.6959999799728394 0.6059999465942383 1.628000020980835
-0.5999999642372131 0.37199997901916504 2.1080000400543213
-0.8700000047683716 0.6600000858306885 1.4779999256134033
-0.6959999799728394 0.2760000228881836 2.2760000228881836
-0.8040000200271606 0.6540000438690186 1.5260000228881836
-0.9779999852180481 0.03600001335144043 2.378000020980835
-0.7199999690055847 0.25199997425079346 2.3000001907348633
-0.9539999961853027 -0.03600001335144043 2.3000001907348633
-0.5999999642372131 0.5339999198913574 1.8020000457763672
-0.6959999799728394 0.26999998092651367 2.2760000228881836
-0.972000002861023 0.1499999761581421 2.444000005722046
-0.7739999890327454 0.22200000286102295 2.3480000495910645
-0.7979999780654907 0.6480000019073486 1.5260000228881836
-0.9539999961853027 -0.12000000476837158 2.180000066757202
-0.972000002861023 -0.17400002479553223 2.053999900817871
-0.75 0.23399996757507324 2.3299999237060547
-1.0019999742507935 -0.1979999542236328 1.8799999952316284
-0.9660000205039978 -0.1499999761581421 2.125999927520752
-0.671999990940094 0.5940001010894775 1.6519999504089355
-0.9959999918937683 0.1380000114440918 2.450000047683716
-0.6240000128746033 0.5580000877380371 1.7300000190734863
-0.671999990940094 0.2879999876022339 2.251999855041504
-1.0080000162124634 -0.1979999542236328 1.850000023841858
-0.9480000138282776 -0.04799997806549072 2.2880001068115234
-0.7979999780654907 0.6540000438690186 1.5260000228881836
-0.8819999694824219 0.6540000438690186 1.4600000381469727
-0.9959999918937683 -0.1979999542236328 1.8799999952316284
-0.9539999961853027 -0.09599995613098145 2.2280001640319824
-0.9900000095367432 -0.1979999542236328 1.9279999732971191
-0.8219999670982361 0.19800007343292236 2.384000062942505
-0.5759999752044678 0.4259999990463257 2.0299999713897705
-0.9959999918937683 -0.1979999542236328 1.8739999532699585
-1.0080000162124634 0.1260000467300415 2.450000047683716
-0.9900000095367432 -0.1979999542236328 1.9040000438690186
-0.5999999642372131 0.36600005626678467 2.125999927520752
-0.9900000095367432 0.054000020027160645 2.4019999504089355
-0.6240000128746033 0.33000004291534424 2.180000066757202
-0.7979999780654907 0.6480000019073486 1.5199999809265137
-1.0139999389648438 -0.1979999542236328 1.8259999752044678
-0.5699999928474426 0.4620000123977661 1.9520000219345093
-0.5699999928474426 0.4440000057220459 1.9819999933242798
-0.5699999928474426 0.4500000476837158 1.9760000705718994
-0.972000002861023 0.029999971389770508 2.378000020980835
-1.055999994277954 -0.17400002479553223 1.7000000476837158
-0.972000002861023 0.1499999761581421 2.450000047683716
-0.5699999928474426 0.4739999771118164 1.9279999732971191
-0.5699999928474426 0.437999963760376 2.0
-0.7739999890327454 0.21599996089935303 2.3540000915527344
-0.5699999928474426 0.48000001907348633 1.9279999732971191
-0.9839999675750732 -0.1979999542236328 1.9520000219345093
-1.0499999523162842 -0.17400002479553223 1.7000000476837158
-0.5999999642372131 0.5399999618530273 1.777999997138977
-0.8999999761581421 0.1679999828338623 2.4260001182556152
-0.9539999961853027 -0.06599998474121094 2.2760000228881836
-0.9539999961853027 -0.08399999141693115 2.251999855041504
-0.9539999961853027 -0.018000006675720215 2.3299999237060547
-1.0199999809265137 -0.1979999542236328 1.8020000457763672
-0.8219999670982361 0.6600000858306885 1.5019999742507935
-0.5699999928474426 0.48600006103515625 1.9040000438690186
-0.7199999690055847 0.624000072479248 1.5859999656677246
-0.8460000157356262 0.18599998950958252 2.4019999504089355
-0.6480000019073486 0.5820000171661377 1.6759999990463257
-0.9539999961853027 0.006000041961669922 2.3540000915527344
-0.75 0.6359999179840088 1.555999994277954
-0.5699999928474426 0.4200000762939453 2.0240001678466797
-0.7199999690055847 0.24600005149841309 2.312000036239624
-0.9539999961853027 -0.10199999809265137 2.2280001640319824
-1.0499999523162842 -0.17400002479553223 1.694000005722046
-0.6480000019073486 0.30000007152557373 2.2280001640319824
-0.9480000138282776 -0.09599995613098145 2.2339999675750732
-0.9660000205039978 -0.17400002479553223 2.078000068664551
-0.9480000138282776 -0.023999929428100586 2.3239998817443848
-0.5699999928474426 0.4200000762939453 2.0299999713897705
-0.5699999928474426 0.4259999990463257 2.0299999713897705
-0.9779999852180481 -0.1979999542236328 1.9760000705718994
-0.9480000138282776 0.0 2.3480000495910645
-0.9480000138282776 -0.07200002670288086 2.2699999809265137
-0.6240000128746033 0.3240000009536743 2.191999912261963
-0.9480000138282776 -0.04799997806549072 2.3000001907348633
-1.055999994277954 -0.1799999475479126 1.7000000476837158
-1.0260000228881836 -0.1979999542236328 1.777999997138977
-0.5699999928474426 0.49800002574920654 1.8799999952316284
-0.5999999642372131 0.5460000038146973 1.7660000324249268
-0.9480000138282776 0.156000018119812 2.450000047683716
-0.9539999961853027 -0.12000000476837158 2.2039999961853027
-0.7979999780654907 0.20399999618530273 2.378000020980835
-1.055999994277954 -0.17400002479553223 1.6820000410079956
-0.5699999928474426 0.5039999485015869 1.8799999952316284
-0.6959999799728394 0.6119999885559082 1.6039999723434448
-0.671999990940094 0.5999999046325684 1.6340000629425049
-1.0199999809265137 -0.1979999542236328 1.777999997138977
-0.9599999785423279 -0.1499999761581421 2.1500000953674316
-0.9779999852180481 -0.1979999542236328 2.0
-0.9839999675750732 0.07800006866455078 2.4260001182556152
-0.5999999642372131 0.3539999723434448 2.1500000953674316
-0.9480000138282776 -0.023999929428100586 2.3299999237060547
-0.5999999642372131 0.34800004959106445 2.1500000953674316
-0.5699999928474426 0.40799999237060547 2.053999900817871
-0.9480000138282776 -0.07200002670288086 2.2760000228881836
-0.7199999690055847 0.630000114440918 1.5800000429153442
-0.9480000138282776 -0.12000000476837158 2.2039999961853027
-0.8700000047683716 0.17400002479553223 2.4200000762939453
-0.6240000128746033 0.5699999332427979 1.7059999704360962
-0.9480000138282776 0.0 2.3540000915527344
-0.9900000095367432 0.10199999809265137 2.444000005722046
-0.972000002861023 -0.1979999542236328 2.00600004196167
-1.0199999809265137 -0.1979999542236328 1.7660000324249268
-0.6480000019073486 0.2940000295639038 2.240000009536743
-0.7739999890327454 0.6480000019073486 1.5260000228881836
-0.5999999642372131 0.5520000457763672 1.7540000677108765
-0.5699999928474426 0.5099999904632568 1.850000023841858
-0.9419999718666077 0.1499999761581421 2.450000047683716
-0.9539999961853027 -0.1380000114440918 2.180000066757202
-0.6240000128746033 0.3179999589920044 2.2039999961853027
-0.6959999799728394 0.2580000162124634 2.3000001907348633
-1.0019999742507935 0.09000003337860107 2.444000005722046
-0.75 0.22200000286102295 2.3480000495910645
-0.8640000224113464 0.6540000438690186 1.4539999961853027
-1.0260000228881836 -0.1979999542236328 1.7540000677108765
-0.8399999737739563 0.6660001277923584 1.4779999256134033
-0.671999990940094 0.6059999465942383 1.628000020980835
-0.9599999785423279 -0.17400002479553223 2.1019999980926514
-0.9779999852180481 0.03600001335144043 2.4019999504089355
-0.6240000128746033 0.5759999752044678 1.7000000476837158
-0.671999990940094 0.2760000228881836 2.2760000228881836
-0.9480000138282776 -0.09599995613098145 2.251999855041504
-0.7739999890327454 0.6540000438690186 1.5260000228881836
-0.8219999670982361 0.6660001277923584 1.4900000095367432
-1.0019999742507935 0.12000000476837158 2.4619998931884766
-0.5699999928474426 0.38999998569488525 2.078000068664551
-0.671999990940094 0.26999998092651367 2.2760000228881836
-0.8219999670982361 0.19200003147125244 2.4019999504089355
-0.9900000095367432 0.10199999809265137 2.450000047683716
-0.9240000247955322 0.156000018119812 2.450000047683716
-0.8700000047683716 0.1679999828338623 2.4260001182556152
-0.75 0.22200000286102295 2.3540000915527344
-0.5699999928474426 0.5220000743865967 1.8320000171661377
-0.9660000205039978 -0.1979999542236328 2.0299999713897705
-1.0379999876022339 -0.1979999542236328 1.7300000190734863
-0.9779999852180481 -0.21000003814697266 1.9760000705718994
-0.972000002861023 0.07800006866455078 2.432000160217285
-0.5640000104904175 0.3960000276565552 2.065999984741211
-1.0019999742507935 -0.21599996089935303 1.850000023841858
-0.7979999780654907 0.6600000858306885 1.5019999742507935
-0.9539999961853027 0.011999964714050293 2.378000020980835
-0.6480000019073486 0.5940001010894775 1.6519999504089355
-0.7979999780654907 0.19800007343292236 2.3899998664855957
-0.6480000019073486 0.2879999876022339 2.251999855041504
-0.7199999690055847 0.23399996757507324 2.3299999237060547
-0.5699999928474426 0.5280001163482666 1.8259999752044678
-0.972000002861023 0.029999971389770508 2.4019999504089355
-0.9480000138282776 -0.12000000476837158 2.2280001640319824
-0.5699999928474426 0.37800002098083496 2.1019999980926514
-0.9839999675750732 0.054000020027160645 2.4260001182556152
-0.9660000205039978 -0.1979999542236328 2.053999900817871
-0.9480000138282776 -0.1499999761581421 2.1740000247955322
-0.6959999799728394 0.624000072479248 1.5859999656677246
-0.8460000157356262 0.17400002479553223 2.4200000762939453
-0.5999999642372131 0.564000129699707 1.7300000190734863
-0.5999999642372131 0.33000004291534424 2.180000066757202
-1.0019999742507935 0.09000003337860107 2.4559998512268066
-0.7739999890327454 0.20399999618530273 2.378000020980835
-0.9900000095367432 -0.22200000286102295 1.9040000438690186
-0.9539999961853027 -0.17400002479553223 2.125999927520752
-0.7379999756813049 0.22800004482269287 2.3540000915527344
-0.75 0.6480000019073486 1.5320000648498535
-0.9240000247955322 0.1499999761581421 2.4559998512268066
-0.9900000095367432 -0.22200000286102295 1.8799999952316284
-0.9480000138282776 -0.1499999761581421 2.180000066757202
-1.0499999523162842 -0.1979999542236328 1.7000000476837158
-0.7979999780654907 0.6660001277923584 1.496000051498413
-0.9839999675750732 -0.22200000286102295 1.9279999732971191
-0.5460000038146973 0.4500000476837158 1.9760000705718994
-0.6240000128746033 0.5820000171661377 1.6759999990463257
-0.6240000128746033 0.3059999942779541 2.2280001640319824
-0.9959999918937683 -0.22200000286102295 1.850000023841858
-0.5460000038146973 0.46800005435943604 1.9520000219345093
-0.5460000038146973 0.4440000057220459 1.9880000352859497
-0.6480000019073486 0.5999999046325684 1.6399999856948853
-0.5460000038146973 0.4739999771118164 1.9279999732971191
-0.9419999718666077 -0.07200002670288086 2.3000001907348633
-0.5460000038146973 0.437999963760376 2.0
-0.5699999928474426 0.5399999618530273 1.8020000457763672
-0.9539999961853027 -0.1679999828338623 2.1500000953674316
-0.5460000038146973 0.48000001907348633 1.9279999732971191
-0.9959999918937683 -0.22200000286102295 1.8380000591278076
-1.0019999742507935 -0.22200000286102295 1.8259999752044678
-0.8999999761581421 0.156000018119812 2.450000047683716
-0.8460000157356262 0.17400002479553223 2.4260001182556152
-0.9779999852180481 -0.22200000286102295 1.9520000219345093
-0.9480000138282776 0.0 2.378000020980835
-0.9419999718666077 -0.04799997806549072 2.3299999237060547
-0.9419999718666077 -0.023999929428100586 2.3540000915527344
-0.6959999799728394 0.630000114440918 1.5800000429153442
-1.0139999389648438 -0.22200000286102295 1.8020000457763672
-0.7199999690055847 0.6419999599456787 1.555999994277954
-0.5460000038146973 0.4919999837875366 1.9040000438690186
-0.9839999675750732 0.07800006866455078 2.450000047683716
-0.9599999785423279 -0.1979999542236328 2.078000068664551
-0.5460000038146973 0.4200000762939453 2.0299999713897705
-0.671999990940094 0.6180000305175781 1.6039999723434448
-0.7979999780654907 0.19200003147125244 2.4019999504089355
-0.972000002861023 -0.22200000286102295 1.9580000638961792
-0.9959999918937683 0.1260000467300415 2.4800000190734863
-0.5460000038146973 0.4259999990463257 2.0299999713897705
-0.9419999718666077 -0.09599995613098145 2.2760000228881836
-0.5999999642372131 0.5699999332427979 1.7120000123977661
-1.0260000228881836 -0.21599996089935303 1.7540000677108765
-0.9599999785423279 0.018000006675720215 2.4019999504089355
-0.6959999799728394 0.24600005149841309 2.3239998817443848
-0.5460000038146973 0.49800002574920654 1.8860000371932983
-0.75 0.6540000438690186 1.5260000228881836
-0.972000002861023 0.07200002670288086 2.444000005722046
-0.972000002861023 -0.22200000286102295 1.9760000705718994
-0.9480000138282776 -0.17400002479553223 2.1440000534057617
-0.671999990940094 0.2580000162124634 2.3000001907348633
-0.5460000038146973 0.5039999485015869 1.8799999952316284
-1.055999994277954 -0.1979999542236328 1.6759999990463257
-0.5699999928474426 0.5460000038146973 1.777999997138977
-1.0139999389648438 -0.22200000286102295 1.777999997138977
-0.6480000019073486 0.6059999465942383 1.628000020980835
-0.9779999852180481 -0.22800004482269287 1.9520000219345093
-1.0499999523162842 -0.1979999542236328 1.6759999990463257
-0.7739999890327454 0.19800007343292236 2.3899998664855957
-0.9480000138282776 -0.17400002479553223 2.1500000953674316
-0.5999999642372131 0.3179999589920044 2.2039999961853027
-0.6480000019073486 0.2760000228881836 2.2760000228881836
-0.9539999961853027 -0.18599998950958252 2.125999927520752
-0.5699999928474426 0.5460000038146973 1.7719999551773071
-0.5699999928474426 0.5520000457763672 1.777999997138977
-0.972000002861023 0.13199996948242188 2.4800000190734863
-0.9480000138282776 -0.1499999761581421 2.2039999961853027
-0.828000009059906 0.18000006675720215 2.4260001182556152
-0.9660000205039978 -0.22200000286102295 2.0
-0.6959999799728394 0.24000000953674316 2.3299999237060547
-0.9419999718666077 -0.12000000476837158 2.251999855041504
-0.6240000128746033 0.2940000295639038 2.246000051498413
-0.5999999642372131 0.5759999752044678 1.7000000476837158
-0.9779999852180481 0.029999971389770508 2.4260001182556152
-0.7199999690055847 0.22800004482269287 2.3540000915527344
-0.7680000066757202 0.6600000858306885 1.5019999742507935
-0.5460000038146973 0.5160000324249268 1.850000023841858
-0.75 0.21000003814697266 2.378000020980835
-1.0199999809265137 -0.22200000286102295 1.7540000677108765
-0.5699999928474426 0.3539999723434448 2.1500000953674316
-0.9539999961853027 -0.1979999542236328 2.1019999980926514
-0.671999990940094 0.624000072479248 1.5920000076293945
-0.7199999690055847 0.22200000286102295 2.3540000915527344
-0.8219999670982361 0.18000006675720215 2.4260001182556152
-0.6480000019073486 0.26999998092651367 2.2820000648498535
-0.8700000047683716 0.16200006008148193 2.450000047683716
-0.5519999861717224 0.37199997901916504 2.1019999980926514
-0.8999999761581421 0.1499999761581421 2.4619998931884766
-0.7739999890327454 0.6660001277923584 1.496000051498413
-0.6240000128746033 0.2879999876022339 2.251999855041504
-0.5460000038146973 0.5220000743865967 1.8380000591278076
-0.9480000138282776 0.1380000114440918 2.4800000190734863
-1.0199999809265137 -0.22200000286102295 1.7419999837875366
-0.6240000128746033 0.5999999046325684 1.6519999504089355
-0.7199999690055847 0.6480000019073486 1.5379999876022339
-0.972000002861023 0.060000061988830566 2.450000047683716
-0.9599999785423279 -0.22200000286102295 2.0299999713897705
-0.5699999928474426 0.5580000877380371 1.7540000677108765
-1.0260000228881836 -0.22200000286102295 1.7300000190734863
-0.5460000038146973 0.5280001163482666 1.8259999752044678
-0.9779999852180481 0.054000020027160645 2.450000047683716
-0.6240000128746033 0.5999999046325684 1.6460000276565552
-0.9480000138282776 -0.1979999542236328 2.113999843597412
-0.9839999675750732 0.10199999809265137 2.4800000190734863
-0.5640000104904175 0.34800004959106445 2.1500000953674316
-0.7739999890327454 0.19200003147125244 2.4019999504089355
-0.5399999618530273 0.37800002098083496 2.078000068664551
-1.0019999742507935 -0.24000000953674316 1.8259999752044678
-0.8219999670982361 0.17400002479553223 2.432000160217285
-0.9480000138282776 0.0 2.4019999504089355
-0.5460000038146973 0.36000001430511475 2.1019999980926514
-0.5339999794960022 0.4020000696182251 2.053999900817871
-0.9359999895095825 -0.04799997806549072 2.3540000915527344
-0.9359999895095825 -0.09599995613098145 2.3000001907348633
-0.6959999799728394 0.6419999599456787 1.555999994277954
-0.671999990940094 0.630000114440918 1.5800000429153442
-0.5999999642372131 0.3059999942779541 2.2280001640319824
-0.5519999861717224 0.3539999723434448 2.125999927520752
-0.9359999895095825 -0.07200002670288086 2.3299999237060547
-0.9359999895095825 -0.023999929428100586 2.378000020980835
-0.9480000138282776 -0.1979999542236328 2.125999927520752
-0.9419999718666077 -0.17400002479553223 2.180000066757202
-0.9900000095367432 -0.24599993228912354 1.8799999952316284
-0.5759999752044678 0.3240000009536743 2.185999870300293
-0.9419999718666077 -0.1499999761581421 2.2280001640319824
-0.9539999961853027 -0.21599996089935303 2.078000068664551
-0.5759999752044678 0.5759999752044678 1.7300000190734863
-0.5999999642372131 0.5880000591278076 1.6759999990463257
-0.9539999961853027 -0.22200000286102295 2.053999900817871
-0.6539999842643738 0.630000114440918 1.6039999723434448
-0.9539999961853027 -0.21000003814697266 2.1019999980926514
-0.671999990940094 0.24600005149841309 2.3239998817443848
-0.5519999861717224 0.34800004959106445 2.131999969482422
-0.9240000247955322 0.1380000114440918 2.4800000190734863
-1.0379999876022339 -0.22200000286102295 1.7000000476837158
-0.5460000038146973 0.5399999618530273 1.8020000457763672
-0.5220000147819519 0.46800005435943604 1.9520000219345093
-0.5220000147819519 0.4559999704360962 1.9760000705718994
-0.5220000147819519 0.4739999771118164 1.940000057220459
-0.9779999852180481 -0.24599993228912354 1.9279999732971191
-0.9779999852180481 -0.24599993228912354 1.9040000438690186
-0.5220000147819519 0.4440000057220459 1.99399995803833
-0.9900000095367432 -0.24599993228912354 1.850000023841858
-0.5699999928474426 0.33000004291534424 2.180000066757202
-0.9359999895095825 -0.12000000476837158 2.2760000228881836
-0.5220000147819519 0.48000001907348633 1.9279999732971191
-0.8460000157356262 0.16200006008148193 2.450000047683716
-0.527999997138977 0.37800002098083496 2.053999900817871
-0.5220000147819519 0.4440000057220459 2.0
-0.5339999794960022 0.3539999723434448 2.078000068664551
-0.6480000019073486 0.624000072479248 1.6039999723434448
-0.6480000019073486 0.2580000162124634 2.3000001907348633
-0.7199999690055847 0.6540000438690186 1.5260000228881836
-0.527999997138977 0.3539999723434448 2.053999900817871
-0.9959999918937683 -0.24599993228912354 1.8259999752044678
-0.7979999780654907 0.18000006675720215 2.4260001182556152
-0.972000002861023 -0.24599993228912354 1.9279999732971191
-0.5699999928474426 0.5699999332427979 1.7300000190734863
-0.527999997138977 0.34200000762939453 2.053999900817871
-0.5460000038146973 0.3539999723434448 2.125999927520752
-0.972000002861023 -0.24599993228912354 1.9520000219345093
-0.671999990940094 0.24600005149841309 2.3299999237060547
-1.0080000162124634 -0.24599993228912354 1.8020000457763672
-0.5220000147819519 0.4919999837875366 1.9040000438690186
-0.9480000138282776 -0.22200000286102295 2.065999984741211
-0.8700000047683716 0.1499999761581421 2.4619998931884766
-0.6480000019073486 0.630000114440918 1.6039999723434448
-0.5220000147819519 0.4200000762939453 2.0299999713897705
-0.75 0.19800007343292236 2.3959999084472656
-0.75 0.6719999313354492 1.5019999742507935
-0.9959999918937683 -0.24599993228912354 1.8140000104904175
-0.5220000147819519 0.4259999990463257 2.0299999713897705
-0.6480000019073486 0.624000072479248 1.5980000495910645
-0.6959999799728394 0.22800004482269287 2.3540000915527344
-0.5220000147819519 0.49800002574920654 1.8919999599456787
-0.6240000128746033 0.2760000228881836 2.2760000228881836
-0.5460000038146973 0.5460000038146973 1.784000039100647
-0.5460000038146973 0.34800004959106445 2.131999969482422
-0.5220000147819519 0.3240000009536743 2.0299999713897705
-0.972000002861023 0.12000000476837158 2.498000144958496
-0.6240000128746033 0.6119999885559082 1.628000020980835
-0.6959999799728394 0.22200000286102295 2.3540000915527344
-0.9779999852180481 0.029999971389770508 2.450000047683716
-0.9480000138282776 -0.22200000286102295 2.078000068664551
-0.5699999928474426 0.3240000009536743 2.191999912261963
-0.5220000147819519 0.5039999485015869 1.8799999952316284
-0.9660000205039978 -0.24599993228912354 1.9760000705718994
-0.9839999675750732 0.09599995613098145 2.492000102996826
-0.5999999642372131 0.2940000295639038 2.246000051498413
-1.0440000295639038 -0.22200000286102295 1.6759999990463257
-0.5220000147819519 0.3960000276565552 2.053999900817871
-0.5220000147819519 0.4020000696182251 2.053999900817871
-0.9419999718666077 -0.1979999542236328 2.1500000953674316
-0.7919999957084656 0.17400002479553223 2.4260001182556152
-1.0080000162124634 -0.24599993228912354 1.777999997138977
-0.5460000038146973 0.5520000457763672 1.777999997138977
-0.7199999690055847 0.21000003814697266 2.378000020980835
-0.972000002861023 0.09000003337860107 2.4860000610351562
-0.9539999961853027 0.006000041961669922 2.4260001182556152
-0.6060000061988831 0.6059999465942383 1.6519999504089355
-0.6240000128746033 0.26999998092651367 2.2820000648498535
-0.8999999761581421 0.1380000114440918 2.4800000190734863
-0.5999999642372131 0.5999999046325684 1.6579999923706055
-0.515999972820282 0.3539999723434448 2.0299999713897705
-0.9359999895095825 -0.17400002479553223 2.2039999961853027
-0.515999972820282 0.34800004959106445 2.0299999713897705
-0.9539999961853027 -0.23399996757507324 2.053999900817871
-0.75 0.19200003147125244 2.4019999504089355
-0.9599999785423279 -0.24599993228912354 2.0
-0.5999999642372131 0.2879999876022339 2.251999855041504
-0.972000002861023 0.12000000476837158 2.503999948501587
-0.5460000038146973 0.34800004959106445 2.1500000953674316
-0.5220000147819519 0.5160000324249268 1.850000023841858
-0.5699999928474426 0.3179999589920044 2.2039999961853027
-1.0139999389648438 -0.24599993228912354 1.7540000677108765
-0.9480000138282776 -0.22200000286102295 2.1019999980926514
-0.972000002861023 0.029999971389770508 2.4559998512268066
-0.5220000147819519 0.5220000743865967 1.843999981880188
-0.6899999976158142 0.6480000019073486 1.5379999876022339
-0.9480000138282776 0.0 2.4260001182556152
-0.5999999642372131 0.6059999465942383 1.6519999504089355
-0.5099999904632568 0.3179999589920044 2.0
-1.0440000295639038 -0.22200000286102295 1.6579999923706055
-0.671999990940094 0.6419999599456787 1.555999994277954
-0.9539999961853027 0.1260000467300415 2.503999948501587
-0.9300000071525574 -0.1499999761581421 2.251999855041504
-0.9300000071525574 -0.04799997806549072 2.378000020980835
-0.9300000071525574 -0.07200002670288086 2.3540000915527344
-0.9839999675750732 0.10199999809265137 2.503999948501587
-0.5099999904632568 0.37800002098083496 2.0299999713897705
-0.5579999685287476 0.5759999752044678 1.7300000190734863
-0.9900000095367432 0.09599995613098145 2.503999948501587
-1.0260000228881836 -0.24599993228912354 1.7300000190734863
-0.5640000104904175 0.33000004291534424 2.2039999961853027
-0.7739999890327454 0.18000006675720215 2.4260001182556152
-0.9300000071525574 -0.09599995613098145 2.3299999237060547
-0.9300000071525574 -0.023999929428100586 2.4019999504089355
-0.9300000071525574 -0.12000000476837158 2.3000001907348633
-0.5460000038146973 0.564000129699707 1.7540000677108765
-0.9539999961853027 -0.24599993228912354 2.0299999713897705
-0.9240000247955322 -0.07200002670288086 2.3540000915527344
-1.0199999809265137 -0.24599993228912354 1.7300000190734863
-0.5699999928474426 0.5880000591278076 1.7000000476837158
-0.6480000019073486 0.6359999179840088 1.5800000429153442
-0.9480000138282776 -0.24599993228912354 2.0240001678466797
-0.6480000019073486 0.24600005149841309 2.3239998817443848
-0.5220000147819519 0.5339999198913574 1.8259999752044678
-0.9779999852180481 -0.26399993896484375 1.9040000438690186
-0.9419999718666077 0.1260000467300415 2.503999948501587
-0.5099999904632568 0.2820000648498535 2.0
-0.9480000138282776 0.12000000476837158 2.503999948501587
-1.0199999809265137 -0.24599993228912354 1.7239999771118164
-0.9480000138282776 -0.24599993228912354 2.0299999713897705
-0.5040000081062317 0.33000004291534424 2.0
-0.5040000081062317 0.3539999723434448 2.0180001258850098
-0.8460000157356262 0.1499999761581421 2.4679999351501465
-0.5040000081062317 0.30000007152557373 1.9819999933242798
-0.8700000047683716 0.14400005340576172 2.4800000190734863
-0.9359999895095825 -0.1979999542236328 2.180000066757202
-0.6240000128746033 0.624000072479248 1.6039999723434448
-0.5759999752044678 0.3359999656677246 2.240000009536743
-0.9300000071525574 -0.1260000467300415 2.3000001907348633
-0.9240000247955322 -0.04799997806549072 2.384000062942505
-0.6480000019073486 0.24600005149841309 2.3299999237060547
-0.9660000205039978 0.054000020027160645 2.4800000190734863
-1.0019999742507935 -0.26399993896484375 1.8020000457763672
-0.671999990940094 0.22800004482269287 2.3540000915527344
-0.9240000247955322 -0.09599995613098145 2.3359999656677246
-0.9539999961853027 -0.25199997425079346 2.0299999713897705
-0.9300000071525574 -0.17400002479553223 2.2280001640319824
-0.7739999890327454 0.17400002479553223 2.432000160217285
-0.5699999928474426 0.312000036239624 2.2280001640319824
-0.5460000038146973 0.5699999332427979 1.7360000610351562
-0.5040000081062317 0.2760000228881836 1.9760000705718994
-0.9480000138282776 -0.24599993228912354 2.053999900817871
-0.6240000128746033 0.630000114440918 1.6039999723434448
-0.8040000200271606 0.16200006008148193 2.450000047683716
-0.9359999895095825 -0.22200000286102295 2.125999927520752
-0.972000002861023 0.09000003337860107 2.503999948501587
-0.5040000081062317 0.26999998092651367 1.9700000286102295
-1.0320000648498535 -0.24599993228912354 1.7000000476837158
-0.9300000071525574 -0.03600001335144043 2.4019999504089355
-0.9300000071525574 -0.16199994087219238 2.251999855041504
-0.49800002574920654 0.46800005435943604 1.9520000219345093
-0.49800002574920654 0.4559999704360962 1.9760000705718994
-0.49800002574920654 0.4739999771118164 1.940000057220459
-0.5220000147819519 0.5460000038146973 1.8020000457763672
-0.49800002574920654 0.4440000057220459 1.99399995803833
-0.6959999799728394 0.21000003814697266 2.378000020980835
-0.49800002574920654 0.33000004291534424 2.0
-0.49800002574920654 0.3539999723434448 2.01200008392334
-0.9779999852180481 -0.26999998092651367 1.8799999952316284
-0.5999999642372131 0.2760000228881836 2.2760000228881836
-0.9240000247955322 0.1260000467300415 2.503999948501587
-0.49800002574920654 0.48000001907348633 1.9279999732971191
-0.49800002574920654 0.4440000057220459 2.0
-0.972000002861023 -0.26999998092651367 1.9279999732971191
-0.5099999904632568 0.5280001163482666 1.850000023841858
-0.49800002574920654 0.30000007152557373 1.9760000705718994
-0.972000002861023 -0.26999998092651367 1.9040000438690186
-0.9839999675750732 -0.26999998092651367 1.850000023841858
-0.49800002574920654 0.4500000476837158 2.0
-0.5220000147819519 0.5520000457763672 1.8020000457763672
-0.5040000081062317 0.2580000162124634 1.9760000705718994
-0.5460000038146973 0.5759999752044678 1.7300000190734863
-0.972000002861023 -0.26999998092651367 1.8860000371932983
-0.7979999780654907 0.16200006008148193 2.450000047683716
-0.9539999961853027 0.006000041961669922 2.450000047683716
-0.9300000071525574 -0.1499999761581421 2.2760000228881836
-0.671999990940094 0.6480000019073486 1.5379999876022339
-0.5699999928474426 0.33000004291534424 2.240000009536743
-0.9900000095367432 -0.26999998092651367 1.8259999752044678
-0.49800002574920654 0.4919999837875366 1.9040000438690186
-0.5759999752044678 0.33000004291534424 2.251999855041504
-0.49800002574920654 0.2879999876022339 1.9760000705718994
-0.5699999928474426 0.5940001010894775 1.6759999990463257
-0.671999990940094 0.22200000286102295 2.3600001335144043
-0.9240000247955322 -0.17400002479553223 2.2339999675750732
-0.49800002574920654 0.37800002098083496 2.0360000133514404
-0.9660000205039978 -0.26999998092651367 1.9520000219345093
-0.7199999690055847 0.19800007343292236 2.4019999504089355
-0.5999999642372131 0.6180000305175781 1.628000020980835
-0.49800002574920654 0.4259999990463257 2.0299999713897705
-0.49800002574920654 0.49800002574920654 1.8980000019073486
-0.5040000081062317 0.24600005149841309 1.9760000705718994
-0.49800002574920654 0.4200000762939453 2.0360000133514404
-0.9240000247955322 -0.1499999761581421 2.2760000228881836
-0.9240000247955322 -0.12000000476837158 2.317999839782715
-0.9959999918937683 -0.26999998092651367 1.8020000457763672
-0.7080000042915344 0.6660001277923584 1.5019999742507935
-0.9300000071525574 -0.11399996280670166 2.3299999237060547
-0.9419999718666077 -0.24599993228912354 2.078000068664551
-0.9300000071525574 -0.018000006675720215 2.4260001182556152
-1.0379999876022339 -0.24599993228912354 1.6759999990463257
-0.5220000147819519 0.5520000457763672 1.777999997138977
-0.9359999895095825 -0.22200000286102295 2.1500000953674316
-0.75 0.18000006675720215 2.4260001182556152
-0.9599999785423279 -0.26999998092651367 1.9760000705718994
-0.49800002574920654 0.5099999904632568 1.8799999952316284
-0.49800002574920654 0.4020000696182251 2.053999900817871
-0.6779999732971191 0.6540000438690186 1.5260000228881836
-0.8460000157356262 0.14400005340576172 2.4800000190734863
-0.9240000247955322 -0.023999929428100586 2.4200000762939453
-0.9480000138282776 0.0 2.450000047683716
-1.0019999742507935 -0.26999998092651367 1.777999997138977
-0.9300000071525574 -0.1979999542236328 2.2039999961853027
-0.9240000247955322 0.12000000476837158 2.509999990463257
-0.9300000071525574 -0.18599998950958252 2.2280001640319824
-0.9959999918937683 -0.26999998092651367 1.784000039100647
-0.9240000247955322 -0.07200002670288086 2.378000020980835
-0.5699999928474426 0.5999999046325684 1.6640000343322754
-0.9240000247955322 -0.04799997806549072 2.4019999504089355
-0.5879999995231628 0.312000036239624 2.2820000648498535
-0.9240000247955322 -0.09599995613098145 2.3540000915527344
-0.9660000205039978 0.029999971389770508 2.4800000190734863
-0.8999999761581421 0.1260000467300415 2.503999948501587
-0.6480000019073486 0.6480000019073486 1.555999994277954
-0.49800002574920654 0.23399996757507324 1.9520000219345093
-0.9539999961853027 -0.26999998092651367 2.0
-0.6060000061988831 0.2580000162124634 2.3000001907348633
-0.671999990940094 0.6540000438690186 1.5260000228881836
-0.9240000247955322 -0.17400002479553223 2.251999855041504
-0.49800002574920654 0.5220000743865967 1.850000023841858
-0.9240000247955322 -0.12000000476837158 2.3299999237060547
-0.9240000247955322 -0.023999929428100586 2.4260001182556152
-0.9419999718666077 -0.24599993228912354 2.1019999980926514
-1.0080000162124634 -0.26999998092651367 1.7540000677108765
-0.4919999837875366 0.2580000162124634 1.9520000219345093
-0.8219999670982361 0.1499999761581421 2.4739999771118164
-0.5579999685287476 0.2879999876022339 2.2280001640319824
-0.9900000095367432 0.09599995613098145 2.5280001163482666
-0.6240000128746033 0.6359999179840088 1.5800000429153442
-0.4859999418258667 0.30000007152557373 1.9700000286102295
-0.49800002574920654 0.5280001163482666 1.850000023841858
-0.75 0.17400002479553223 2.432000160217285
-0.4859999418258667 0.3240000009536743 2.0
-0.9779999852180481 0.10199999809265137 2.5280001163482666
-0.6959999799728394 0.6660001277923584 1.5019999742507935
-1.0019999742507935 -0.2760000228881836 1.777999997138977
-0.5999999642372131 0.624000072479248 1.6100000143051147
-0.9480000138282776 -0.26999998092651367 2.00600004196167
-0.6480000019073486 0.6480000019073486 1.5499999523162842
-0.7739999890327454 0.1679999828338623 2.450000047683716
-1.0440000295639038 -0.24599993228912354 1.6519999504089355
-0.5699999928474426 0.2760000228881836 2.251999855041504
-0.5460000038146973 0.5880000591278076 1.7000000476837158
-0.5220000147819519 0.564000129699707 1.7540000677108765
-0.972000002861023 0.10199999809265137 2.5280001163482666
-0.9240000247955322 -0.1979999542236328 2.2160000801086426
-1.0199999809265137 -0.26999998092651367 1.7300000190734863
-0.5699999928474426 0.6059999465942383 1.6519999504089355
-0.6480000019073486 0.22800004482269287 2.3540000915527344
-0.671999990940094 0.21599996089935303 2.378000020980835
-0.6240000128746033 0.24600005149841309 2.3299999237060547
-0.9539999961853027 -0.2760000228881836 2.0
-0.9480000138282776 -0.26999998092651367 2.0299999713897705
-0.49800002574920654 0.5339999198913574 1.8259999752044678
-0.9660000205039978 0.054000020027160645 2.503999948501587
-0.9480000138282776 0.11399996280670166 2.5280001163482666
-0.9779999852180481 -0.2879999876022339 1.8799999952316284
-0.49800002574920654 0.21000003814697266 1.9760000705718994
-0.9300000071525574 -0.21000003814697266 2.2039999961853027
-0.5999999642372131 0.630000114440918 1.6039999723434448
-0.4859999418258667 0.25199997425079346 1.940000057220459
-0.8219999670982361 0.14400005340576172 2.4800000190734863
-0.9300000071525574 -0.22200000286102295 2.180000066757202
-0.9179999828338623 -0.1499999761581421 2.3000001907348633
-0.5220000147819519 0.5699999332427979 1.7419999837875366
-0.6959999799728394 0.19800007343292236 2.4019999504089355
-0.8700000047683716 0.13199996948242188 2.503999948501587
-0.9240000247955322 -0.1979999542236328 2.2280001640319824
-0.6480000019073486 0.22200000286102295 2.3600001335144043
-0.48000001907348633 0.3539999723434448 2.0299999713897705
-0.48000001907348633 0.2760000228881836 1.9520000219345093
-0.5759999752044678 0.26999998092651367 2.2760000228881836
-0.8999999761581421 0.12000000476837158 2.5160000324249268
-0.6899999976158142 0.20399999618530273 2.4019999504089355
-0.9300000071525574 -0.24599993228912354 2.125999927520752
-1.0260000228881836 -0.26999998092651367 1.7000000476837158
-0.9419999718666077 -0.26999998092651367 2.053999900817871
-0.9240000247955322 -0.17400002479553223 2.2760000228881836
-0.4919999837875366 0.20399999618530273 1.9279999732971191
-0.49800002574920654 0.5460000038146973 1.8020000457763672
-0.9240000247955322 -0.22200000286102295 2.185999870300293
-0.4859999418258667 0.22800004482269287 1.9279999732971191
-0.4739999771118164 0.4559999704360962 1.9760000705718994
-0.9300000071525574 -0.018000006675720215 2.450000047683716
-0.4919999837875366 0.20399999618530273 1.9520000219345093
-0.7199999690055847 0.18599998950958252 2.4260001182556152
-1.0199999809265137 -0.26999998092651367 1.7000000476837158
-0.9660000205039978 0.08399999141693115 2.5280001163482666
-0.5220000147819519 0.5759999752044678 1.7300000190734863
-0.4739999771118164 0.4739999771118164 1.9459999799728394
-0.4739999771118164 0.4739999771118164 1.9520000219345093
-0.48000001907348633 0.37800002098083496 2.053999900817871
-0.9959999918937683 0.11399996280670166 2.552000045776367
-0.49800002574920654 0.5520000457763672 1.8020000457763672
-0.7979999780654907 0.1499999761581421 2.4739999771118164
-0.4739999771118164 0.4440000057220459 2.0
-0.5699999928474426 0.2640000581741333 2.2699999809265137
-0.4739999771118164 0.33000004291534424 2.00600004196167
-0.4739999771118164 0.30000007152557373 1.9760000705718994
-0.4739999771118164 0.4500000476837158 2.0
-0.4739999771118164 0.48600006103515625 1.9279999732971191
-0.4919999837875366 0.19800007343292236 1.9520000219345093
-0.9539999961853027 0.006000041961669922 2.4800000190734863
-0.9240000247955322 0.11399996280670166 2.5280001163482666
-0.9539999961853027 -0.2879999876022339 1.9760000705718994
-0.5460000038146973 0.5999999046325684 1.6759999990463257
-0.4919999837875366 0.19200003147125244 1.934000015258789
-0.9179999828338623 -0.07200002670288086 2.4019999504089355
-0.9179999828338623 -0.09599995613098145 2.378000020980835
-0.6299999952316284 0.6540000438690186 1.555999994277954
-0.4739999771118164 0.3539999723434448 2.0299999713897705
-0.4739999771118164 0.2760000228881836 1.9520000219345093
-0.6060000061988831 0.24600005149841309 2.3239998817443848
-0.4739999771118164 0.49800002574920654 1.9040000438690186
-0.4739999771118164 0.4259999990463257 2.0299999713897705
-0.4739999771118164 0.49800002574920654 1.8980000019073486
-0.5460000038146973 0.6059999465942383 1.6759999990463257
-0.75 0.1679999828338623 2.450000047683716
-0.5699999928474426 0.2640000581741333 2.2760000228881836
-0.5460000038146973 0.5999999046325684 1.6699999570846558
-0.9179999828338623 -0.12000000476837158 2.3540000915527344
-0.9179999828338623 -0.04799997806549072 2.4260001182556152
-0.6240000128746033 0.6480000019073486 1.555999994277954
-0.4739999771118164 0.4200000762939453 2.0420000553131104
-0.48000001907348633 0.22800004482269287 1.9220000505447388
-1.0320000648498535 -0.26999998092651367 1.6759999990463257
-0.7979999780654907 0.1499999761581421 2.4800000190734863
-0.9300000071525574 -0.24599993228912354 2.1500000953674316
-0.9359999895095825 -0.26999998092651367 2.078000068664551
-0.4739999771118164 0.37800002098083496 2.053999900817871
-0.9240000247955322 -0.22200000286102295 2.2039999961853027
-0.4739999771118164 0.25199997425079346 1.934000015258789
-0.4739999771118164 0.5099999904632568 1.8799999952316284
-0.49800002574920654 0.5580000877380371 1.777999997138977
-0.9480000138282776 0.0 2.4800000190734863
-0.8460000157356262 0.13199996948242188 2.503999948501587
-0.4739999771118164 0.4140000343322754 2.053999900817871
-0.972000002861023 -0.2999999523162842 1.8799999952316284
-0.5699999928474426 0.624000072479248 1.628000020980835
-0.6240000128746033 0.6540000438690186 1.555999994277954
-0.5879999995231628 0.2879999876022339 2.317999839782715
-0.6480000019073486 0.6600000858306885 1.5260000228881836
-0.9779999852180481 -0.2999999523162842 1.850000023841858
-0.6599999666213989 0.6660001277923584 1.5140000581741333
-0.9660000205039978 -0.2999999523162842 1.9040000438690186
-0.9539999961853027 0.029999971389770508 2.503999948501587
-0.972000002861023 -0.2999999523162842 1.8560000658035278
-0.9839999675750732 -0.2999999523162842 1.8259999752044678
-0.9179999828338623 -0.1979999542236328 2.251999855041504
-0.9300000071525574 -0.2580000162124634 2.125999927520752
-0.9599999785423279 -0.2999999523162842 1.9279999732971191
-0.5699999928474426 0.624000072479248 1.621999979019165
-0.6480000019073486 0.21599996089935303 2.378000020980835
-0.9240000247955322 -0.24599993228912354 2.1560001373291016
-0.5999999642372131 0.6419999599456787 1.5800000429153442
-0.4739999771118164 0.5220000743865967 1.8560000658035278
-0.8999999761581421 0.11399996280670166 2.5280001163482666
-0.671999990940094 0.20399999618530273 2.4019999504089355
-0.9900000095367432 -0.2999999523162842 1.8020000457763672
-0.48000001907348633 0.20399999618530273 1.909999966621399
-0.4739999771118164 0.4020000696182251 2.078000068664551
-0.9539999961853027 -0.2999999523162842 1.9520000219345093
-1.0440000295639038 -0.26999998092651367 1.6519999504089355
-0.4739999771118164 0.5280001163482666 1.850000023841858
-0.671999990940094 0.19800007343292236 2.4019999504089355
-0.6179999709129333 0.6480000019073486 1.5499999523162842
-0.5759999752044678 0.25199997425079346 2.3000001907348633
-0.9779999852180481 -0.3059999942779541 1.850000023841858
-0.9300000071525574 -0.26999998092651367 2.1019999980926514
-0.9959999918937683 -0.2999999523162842 1.777999997138977
-0.5220000147819519 0.5940001010894775 1.7000000476837158
-0.9120000004768372 -0.1499999761581421 2.3299999237060547
-0.9480000138282776 -0.2999999523162842 1.9639999866485596
-0.5460000038146973 0.6119999885559082 1.6519999504089355
-0.5759999752044678 0.24600005149841309 2.3000001907348633
-0.6179999709129333 0.22800004482269287 2.3540000915527344
-0.49800002574920654 0.5699999332427979 1.7540000677108765
-0.9480000138282776 -0.2999999523162842 1.9760000705718994
-1.0379999876022339 -0.26999998092651367 1.6460000276565552
-0.593999981880188 0.26999998092651367 2.3359999656677246
-0.8700000047683716 0.12000000476837158 2.5220000743865967
-0.6959999799728394 0.18599998950958252 2.4260001182556152
-0.9120000004768372 -0.17400002479553223 2.3000001907348633
-0.9480000138282776 0.09599995613098145 2.5460000038146973
-0.4620000123977661 0.5039999485015869 1.9040000438690186
-0.7199999690055847 0.17400002479553223 2.444000005722046
-0.5699999928474426 0.24600005149841309 2.2940001487731934
-0.49800002574920654 0.5759999752044678 1.7540000677108765
-0.6480000019073486 0.6660001277923584 1.5140000581741333
-0.7739999890327454 0.156000018119812 2.4800000190734863
-0.4859999418258667 0.16200006008148193 1.9279999732971191
-0.4679999351501465 0.22800004482269287 1.9160000085830688
-0.9539999961853027 -0.3059999942779541 1.9520000219345093
-0.4739999771118164 0.5399999618530273 1.8259999752044678
-0.48000001907348633 0.18000006675720215 1.9040000438690186
-1.0019999742507935 -0.2999999523162842 1.7540000677108765
-0.48000001907348633 0.18000006675720215 1.8980000019073486
-0.9240000247955322 -0.24599993228912354 2.180000066757202
-0.9179999828338623 -0.22200000286102295 2.2280001640319824
-0.8219999670982361 0.13199996948242188 2.503999948501587
-0.7739999890327454 0.1499999761581421 2.4800000190734863
-0.9240000247955322 -0.26999998092651367 2.113999843597412
-0.4859999418258667 0.156000018119812 1.9040000438690186
-0.9959999918937683 -0.2999999523162842 1.7540000677108765
-0.9419999718666077 -0.2999999523162842 2.0
-0.5699999928474426 0.630000114440918 1.6039999723434448
-0.9779999852180481 0.07800006866455078 2.552000045776367
-0.4739999771118164 0.19200003147125244 1.9040000438690186
-0.9120000004768372 -0.09599995613098145 2.4019999504089355
-0.8700000047683716 0.12000000476837158 2.5280001163482666
-0.7199999690055847 0.17400002479553223 2.450000047683716
-0.9539999961853027 0.006000041961669922 2.503999948501587
-0.5999999642372131 0.26999998092651367 2.3540000915527344
-0.9120000004768372 -0.12000000476837158 2.378000020980835
-0.9480000138282776 0.09599995613098145 2.552000045776367
-0.5220000147819519 0.5999999046325684 1.6820000410079956
-0.4739999771118164 0.5460000038146973 1.8079999685287476
-0.972000002861023 0.07800006866455078 2.552000045776367
-0.4559999704360962 0.3359999656677246 2.0299999713897705
-0.5699999928474426 0.23399996757507324 2.3000001907348633
-0.9240000247955322 -0.26999998092651367 2.125999927520752
-1.0080000162124634 -0.2999999523162842 1.7300000190734863
-0.9120000004768372 -0.1979999542236328 2.2760000228881836
-0.4679999351501465 0.20399999618530273 1.9040000438690186
-0.9359999895095825 0.10199999809265137 2.552000045776367
-1.0019999742507935 -0.3059999942779541 1.7540000677108765
-0.906000018119812 -0.07200002670288086 2.4260001182556152
-0.9120000004768372 -0.04799997806549072 2.450000047683716
-0.4739999771118164 0.5520000457763672 1.8020000457763672
-0.49800002574920654 0.5820000171661377 1.7300000190734863
-0.6119999885559082 0.22200000286102295 2.3600001335144043
-0.4559999704360962 0.36000001430511475 2.053999900817871
-0.9359999895095825 -0.2999999523162842 2.0299999713897705
-0.9480000138282776 0.029999971389770508 2.5220000743865967
-0.5220000147819519 0.6059999465942383 1.6759999990463257
-0.48000001907348633 0.156000018119812 1.8860000371932983
-0.9480000138282776 0.0 2.503999948501587
-0.9300000071525574 -0.023999929428100586 2.4800000190734863
-0.9660000205039978 0.060000061988830566 2.5460000038146973
-0.5999999642372131 0.6540000438690186 1.555999994277954
-0.9240000247955322 0.10199999809265137 2.552000045776367
-0.4500000476837158 0.30000007152557373 2.0
-0.6240000128746033 0.21599996089935303 2.378000020980835
-0.5460000038146973 0.624000072479248 1.628000020980835
-0.6240000128746033 0.6660001277923584 1.5260000228881836
-1.0199999809265137 -0.2999999523162842 1.7000000476837158
-0.6480000019073486 0.20399999618530273 2.4019999504089355
-0.4500000476837158 0.2760000228881836 1.9760000705718994
-0.9539999961853027 0.029999971389770508 2.5280001163482666
-0.593999981880188 0.6480000019073486 1.555999994277954
-0.8399999737739563 0.12000000476837158 2.5220000743865967
-0.5999999642372131 0.22800004482269287 2.3540000915527344
-0.4559999704360962 0.22800004482269287 1.9279999732971191
-0.4620000123977661 0.20399999618530273 1.8980000019073486
-0.4559999704360962 0.37800002098083496 2.078000068664551
-0.9359999895095825 -0.2999999523162842 2.053999900817871
-0.9179999828338623 -0.24599993228912354 2.2039999961853027
-0.5759999752044678 0.22200000286102295 2.317999839782715
-0.4559999704360962 0.36600005626678467 2.078000068664551
-0.9240000247955322 -0.26999998092651367 2.1500000953674316
-0.5820000171661377 0.22800004482269287 2.3299999237060547
-0.5460000038146973 0.630000114440918 1.628000020980835
-0.9300000071525574 -0.2879999876022339 2.1019999980926514
-0.9480000138282776 0.029999971389770508 2.5280001163482666
-0.9300000071525574 -0.2940000295639038 2.078000068664551
-0.5999999642372131 0.22200000286102295 2.3540000915527344
-0.906000018119812 -0.1499999761581421 2.3540000915527344
-0.4440000057220459 0.4620000123977661 1.9760000705718994
-0.4440000057220459 0.4739999771118164 1.9520000219345093
-0.75 0.156000018119812 2.4800000190734863
-0.7979999780654907 0.13199996948242188 2.503999948501587
-0.4500000476837158 0.25199997425079346 1.9520000219345093
-0.4440000057220459 0.4440000057220459 2.0
-0.5820000171661377 0.22200000286102295 2.3299999237060547
-0.5699999928474426 0.22200000286102295 2.312000036239624
-0.9120000004768372 -0.22200000286102295 2.251999855041504
-0.8460000157356262 0.12000000476837158 2.5280001163482666
-0.4440000057220459 0.48000001907348633 1.9520000219345093
-0.906000018119812 -0.08399999141693115 2.4260001182556152
-0.4739999771118164 0.564000129699707 1.777999997138977
-0.48000001907348633 0.1380000114440918 1.8860000371932983
-0.4440000057220459 0.4500000476837158 2.0
-0.4440000057220459 0.48600006103515625 1.9279999732971191
-0.9179999828338623 0.09599995613098145 2.552000045776367
-0.4739999771118164 0.156000018119812 1.8799999952316284
-0.9660000205039978 -0.3240000009536743 1.8799999952316284
-0.671999990940094 0.18599998950958252 2.4260001182556152
-0.4500000476837158 0.34800004959106445 2.059999942779541
-0.75 0.1499999761581421 2.4800000190734863
-0.4440000057220459 0.30000007152557373 1.99399995803833
-0.972000002861023 -0.3240000009536743 1.850000023841858
-0.9599999785423279 -0.3240000009536743 1.9040000438690186
-0.4440000057220459 0.30000007152557373 2.0
-0.4440000057220459 0.49800002574920654 1.9040000438690186
-0.4440000057220459 0.33000004291534424 2.0240001678466797
-0.6240000128746033 0.6719999313354492 1.5199999809265137
-0.6480000019073486 0.19800007343292236 2.4079999923706055
-0.9779999852180481 -0.3240000009536743 1.8259999752044678
-0.4440000057220459 0.4320000410079956 2.0299999713897705
-0.4440000057220459 0.2760000228881836 1.9700000286102295
-0.4440000057220459 0.33000004291534424 2.0299999713897705
-0.4440000057220459 0.2760000228881836 1.9760000705718994
-0.4440000057220459 0.5039999485015869 1.9040000438690186
-0.9539999961853027 -0.3240000009536743 1.9279999732971191
-0.906000018119812 -0.17400002479553223 2.3299999237060547
-0.5699999928474426 0.6419999599456787 1.5800000429153442
-1.0260000228881836 -0.2999999523162842 1.6759999990463257
-0.48000001907348633 0.1260000467300415 1.9040000438690186
-0.4559999704360962 0.3539999723434448 2.1019999980926514
-0.9240000247955322 -0.2999999523162842 2.065999984741211
-0.972000002861023 -0.3240000009536743 1.8259999752044678
-0.9839999675750732 -0.3240000009536743 1.8020000457763672
-0.4559999704360962 0.34200000762939453 2.1019999980926514
-0.5220000147819519 0.6119999885559082 1.6519999504089355
-0.8999999761581421 0.10199999809265137 2.552000045776367
-0.4500000476837158 0.34800004959106445 2.078000068664551
-1.0199999809265137 -0.2999999523162842 1.6759999990463257
-0.4440000057220459 0.4200000762939453 2.047999858856201
-0.49800002574920654 0.5940001010894775 1.7000000476837158
-0.6959999799728394 0.17400002479553223 2.450000047683716
-0.972000002861023 -0.3240000009536743 1.8200000524520874
-0.906000018119812 -0.1380000114440918 2.378000020980835
-0.9480000138282776 -0.3240000009536743 1.934000015258789
-0.4739999771118164 0.5699999332427979 1.7599999904632568
-0.4440000057220459 0.25199997425079346 1.9459999799728394
-0.4440000057220459 0.25199997425079346 1.9520000219345093
-0.9480000138282776 -0.3240000009536743 1.9520000219345093
-0.906000018119812 -0.1979999542236328 2.3000001907348633
-0.4440000057220459 0.4200000762939453 2.053999900817871
-0.8999999761581421 -0.09599995613098145 2.4200000762939453
-0.4440000057220459 0.5160000324249268 1.8799999952316284
-0.9539999961853027 0.054000020027160645 2.552000045776367
-0.4739999771118164 0.1380000114440918 1.8799999952316284
-0.9240000247955322 -0.2999999523162842 2.078000068664551
-0.4440000057220459 0.33000004291534424 2.053999900817871
-0.9900000095367432 -0.3240000009536743 1.777999997138977
-0.906000018119812 -0.12000000476837158 2.4019999504089355
-0.906000018119812 -0.16199994087219238 2.3540000915527344
-0.4739999771118164 0.5759999752044678 1.7540000677108765
-0.9359999895095825 -0.018000006675720215 2.503999948501587
-0.4440000057220459 0.5220000743865967 1.8619999885559082
-1.0199999809265137 -0.2999999523162842 1.6640000343322754
-0.9419999718666077 -0.3240000009536743 1.9760000705718994
-0.9539999961853027 -0.33000004291534424 1.9279999732971191
-0.4500000476837158 0.3840000629425049 2.1019999980926514
-0.906000018119812 -0.07200002670288086 2.450000047683716
-0.4440000057220459 0.22800004482269287 1.9279999732971191
-0.9120000004768372 -0.24599993228912354 2.2280001640319824
-0.4440000057220459 0.4020000696182251 2.078000068664551
-0.8999999761581421 -0.12000000476837158 2.4019999504089355
-0.4559999704360962 0.36000001430511475 2.125999927520752
-0.8999999761581421 -0.09599995613098145 2.4260001182556152
-0.437999963760376 0.3179999589920044 2.0299999713897705
-0.49800002574920654 0.5999999046325684 1.687999963760376
-0.5460000038146973 0.6359999179840088 1.6039999723434448
-0.906000018119812 -0.20399999618530273 2.3000001907348633
-0.4440000057220459 0.5280001163482666 1.850000023841858
-0.4559999704360962 0.18000006675720215 1.8799999952316284
-0.9959999918937683 -0.3240000009536743 1.7540000677108765
-0.5699999928474426 0.6480000019073486 1.5679999589920044
-0.8219999670982361 0.12000000476837158 2.5280001163482666
-0.4620000123977661 0.3539999723434448 2.1500000953674316
-0.8999999761581421 -0.07200002670288086 2.450000047683716
-1.0260000228881836 -0.2999999523162842 1.6519999504089355
-0.8159999847412109 0.1260000467300415 2.5280001163482666
-0.8999999761581421 0.09599995613098145 2.558000087738037
-0.9240000247955322 -0.2999999523162842 2.1019999980926514
-0.7739999890327454 0.13199996948242188 2.503999948501587
-0.8999999761581421 -0.1499999761581421 2.371999979019165
-0.9120000004768372 -0.26999998092651367 2.180000066757202
-0.4440000057220459 0.3960000276565552 2.0900001525878906
-0.9359999895095825 -0.3240000009536743 2.0
-0.906000018119812 -0.22200000286102295 2.2760000228881836
-0.9480000138282776 0.0 2.5280001163482666
-0.6240000128746033 0.20399999618530273 2.4019999504089355
-0.437999963760376 0.2760000228881836 2.0299999713897705
-0.9599999785423279 0.07800006866455078 2.5759999752044678
-0.9419999718666077 0.054000020027160645 2.558000087738037
-0.4440000057220459 0.38999998569488525 2.1019999980926514
-0.5220000147819519 0.624000072479248 1.6340000629425049
-1.0019999742507935 -0.3240000009536743 1.7300000190734863
-0.4440000057220459 0.20399999618530273 1.9040000438690186
-0.8999999761581421 -0.17400002479553223 2.3480000495910645
-0.4679999351501465 0.34800004959106445 2.180000066757202
-0.8999999761581421 -0.1499999761581421 2.378000020980835
-0.4440000057220459 0.5399999618530273 1.8259999752044678
-0.49800002574920654 0.6059999465942383 1.6759999990463257
-0.6240000128746033 0.19800007343292236 2.4019999504089355
-0.5999999642372131 0.21000003814697266 2.378000020980835
-0.8700000047683716 0.10199999809265137 2.552000045776367
-0.9959999918937683 -0.3240000009536743 1.7300000190734863
-0.4320000410079956 0.2640000581741333 1.9760000705718994
-0.906000018119812 -0.04799997806549072 2.4800000190734863
-0.906000018119812 -0.19200003147125244 2.3299999237060547
-0.4739999771118164 0.5880000591278076 1.7300000190734863
-0.7199999690055847 0.156000018119812 2.4800000190734863
-0.8999999761581421 -0.1979999542236328 2.317999839782715
-0.48000001907348633 0.34200000762939453 2.2160000801086426
-0.4320000410079956 0.4259999990463257 2.053999900817871
-0.8999999761581421 -0.22200000286102295 2.2820000648498535
-0.9480000138282776 0.07800006866455078 2.5759999752044678
-0.9300000071525574 -0.3240000009536743 2.0299999713897705
-0.4440000057220459 0.5460000038146973 1.8140000104904175
-0.5699999928474426 0.6540000438690186 1.555999994277954
-0.8999999761581421 -0.17400002479553223 2.3540000915527344
-0.9480000138282776 0.029999971389770508 2.552000045776367
-0.4620000123977661 0.34800004959106445 2.1740000247955322
-0.4739999771118164 0.3359999656677246 2.2039999961853027
-0.5220000147819519 0.630000114440918 1.628000020980835
-1.0320000648498535 -0.2999999523162842 1.628000020980835
-0.593999981880188 0.6660001277923584 1.5260000228881836
-0.9179999828338623 -0.2999999523162842 2.125999927520752
-0.7979999780654907 0.1260000467300415 2.5280001163482666
-0.671999990940094 0.17400002479553223 2.450000047683716
-0.9120000004768372 -0.26999998092651367 2.2039999961853027
-0.4440000057220459 0.37800002098083496 2.125999927520752
-0.4440000057220459 0.37199997901916504 2.125999927520752
-0.6420000195503235 0.18599998950958252 2.4260001182556152
-0.906000018119812 -0.24599993228912354 2.251999855041504
-1.0080000162124634 -0.3240000009536743 1.7000000476837158
-0.4440000057220459 0.18000006675720215 1.8799999952316284
-0.9300000071525574 -0.3240000009536743 2.053999900817871
-0.5519999861717224 0.6540000438690186 1.5800000429153442
-0.9599999785423279 0.060000061988830566 2.5759999752044678
-0.906000018119812 -0.23399996757507324 2.2760000228881836
-0.4259999990463257 0.2760000228881836 2.0
-0.4440000057220459 0.5580000877380371 1.8020000457763672
-0.6660000085830688 0.18000006675720215 2.450000047683716
-0.41999995708465576 0.4620000123977661 1.9760000705718994
-0.9240000247955322 -0.3240000009536743 2.047999858856201
-0.9900000095367432 0.09000003337860107 2.5999999046325684
-0.75 0.1380000114440918 2.503999948501587
-0.7199999690055847 0.1499999761581421 2.4860000610351562
-0.41999995708465576 0.4739999771118164 1.9580000638961792
-0.48000001907348633 0.33000004291534424 2.2280001640319824
-0.4739999771118164 0.09000003337860107 1.8799999952316284
-0.8700000047683716 0.09599995613098145 2.558000087738037
-0.9240000247955322 0.08399999141693115 2.5759999752044678
-0.8999999761581421 -0.1979999542236328 2.3299999237060547
-0.48000001907348633 0.3240000009536743 2.2280001640319824
-0.41999995708465576 0.48000001907348633 1.9520000219345093
-0.41999995708465576 0.4500000476837158 2.0
-0.9300000071525574 -0.33000004291534424 2.0299999713897705
-0.9240000247955322 -0.3240000009536743 2.053999900817871
-0.4500000476837158 0.156000018119812 1.8619999885559082
-0.41999995708465576 0.4919999837875366 1.9279999732971191
-0.41999995708465576 0.4440000057220459 2.01200008392334
-0.5460000038146973 0.6480000019073486 1.5800000429153442
-0.4320000410079956 0.21000003814697266 1.9279999732971191
-0.6060000061988831 0.19800007343292236 2.3959999084472656
-0.9599999785423279 -0.34800004959106445 1.8799999952316284
-0.41999995708465576 0.49800002574920654 1.9160000085830688
-0.9660000205039978 -0.34800004959106445 1.850000023841858
-0.8460000157356262 0.10199999809265137 2.552000045776367
-0.8999999761581421 -0.09599995613098145 2.450000047683716
-0.9539999961853027 -0.34800004959106445 1.9040000438690186
-0.41999995708465576 0.4320000410079956 2.0299999713897705
-1.0019999742507935 -0.3359999656677246 1.7300000190734863
-0.9120000004768372 0.018000006675720215 2.5399999618530273
-0.4259999990463257 0.23399996757507324 1.9520000219345093
-0.4679999351501465 0.10199999809265137 1.850000023841858
-0.4259999990463257 0.25199997425079346 2.0
-0.41999995708465576 0.5039999485015869 1.9040000438690186
-0.8999999761581421 -0.22200000286102295 2.3000001907348633
-0.906000018119812 -0.26399993896484375 2.2280001640319824
-0.972000002861023 -0.34800004959106445 1.8259999752044678
-0.5460000038146973 0.6540000438690186 1.5800000429153442
-0.7979999780654907 0.12000000476837158 2.5339999198913574
-0.49800002574920654 0.6180000305175781 1.6519999504089355
-0.8939999938011169 -0.12000000476837158 2.4260001182556152
-0.5460000038146973 0.6480000019073486 1.5740000009536743
-0.9480000138282776 -0.34800004959106445 1.9279999732971191
-1.0139999389648438 -0.3240000009536743 1.6759999990463257
-0.4440000057220459 0.36600005626678467 2.1500000953674316
-0.9480000138282776 -0.34800004959106445 1.9040000438690186
-1.0260000228881836 -0.3179999589920044 1.6519999504089355
-0.4739999771118164 0.5999999046325684 1.7000000476837158
-0.4440000057220459 0.564000129699707 1.777999997138977
-0.4739999771118164 0.33000004291534424 2.2280001640319824
-0.9779999852180481 -0.34800004959106445 1.8020000457763672
-0.9120000004768372 -0.2999999523162842 2.1500000953674316
-0.8999999761581421 -0.24599993228912354 2.2639999389648438
-0.4559999704360962 0.1260000467300415 1.850000023841858
-0.41999995708465576 0.4200000762939453 2.053999900817871
-0.41999995708465576 0.5160000324249268 1.8799999952316284
-0.41999995708465576 0.4259999990463257 2.053999900817871
-0.41999995708465576 0.25199997425079346 1.9639999866485596
-0.9359999895095825 -0.023999929428100586 2.5280001163482666
-0.4739999771118164 0.5999999046325684 1.694000005722046
-0.9419999718666077 -0.34800004959106445 1.9520000219345093
-0.972000002861023 -0.34800004959106445 1.8020000457763672
-0.41999995708465576 0.25199997425079346 1.9760000705718994
-0.9179999828338623 -0.3240000009536743 2.078000068664551
-0.593999981880188 0.19800007343292236 2.3899998664855957
-0.9480000138282776 0.060000061988830566 2.5820000171661377
-0.6299999952316284 0.21599996089935303 2.437999963760376
-0.437999963760376 0.1679999828338623 1.8799999952316284
-0.9839999675750732 -0.34800004959106445 1.777999997138977
-0.41999995708465576 0.5220000743865967 1.8680000305175781
-0.6959999799728394 0.156000018119812 2.4800000190734863
-0.8999999761581421 0.08399999141693115 2.5759999752044678
-0.8999999761581421 -0.26999998092651367 2.2220001220703125
-0.9539999961853027 0.04200005531311035 2.5759999752044678
-0.5999999642372131 0.20399999618530273 2.4019999504089355
-0.4440000057220459 0.5699999332427979 1.7660000324249268
-0.8939999938011169 -0.1499999761581421 2.4019999504089355
-0.5220000147819519 0.6419999599456787 1.6039999723434448
-0.7739999890327454 0.1260000467300415 2.5280001163482666
-0.8460000157356262 0.09599995613098145 2.558000087738037
-0.9359999895095825 -0.34800004959106445 1.9760000705718994
-0.41999995708465576 0.40799999237060547 2.078000068664551
-0.41999995708465576 0.22800004482269287 1.9459999799728394
-0.41999995708465576 0.22800004482269287 1.9520000219345093
-0.8999999761581421 -0.26999998092651367 2.2280001640319824
-0.6240000128746033 0.18599998950958252 2.4260001182556152
-0.906000018119812 -0.04799997806549072 2.503999948501587
-0.8999999761581421 -0.24599993228912354 2.2760000228881836
-0.8219999670982361 0.10800004005432129 2.552000045776367
-0.48000001907348633 0.312000036239624 2.251999855041504
-1.0199999809265137 -0.3240000009536743 1.6519999504089355
-0.9900000095367432 -0.34800004959106445 1.7540000677108765
-0.8939999938011169 -0.07200002670288086 2.4800000190734863
-0.8939999938011169 -0.17400002479553223 2.378000020980835
-0.41999995708465576 0.5339999198913574 1.850000023841858
-0.4500000476837158 0.1260000467300415 1.843999981880188
-0.4620000123977661 0.3240000009536743 2.2160000801086426
-0.4679999351501465 0.07800006866455078 1.850000023841858
-0.49800002574920654 0.624000072479248 1.6340000629425049
-0.9179999828338623 -0.3240000009536743 2.1019999980926514
-0.4440000057220459 0.34800004959106445 2.1740000247955322
-0.4440000057220459 0.5759999752044678 1.7540000677108765
-0.4440000057220459 0.1380000114440918 1.850000023841858
-0.6480000019073486 0.17400002479553223 2.450000047683716
-0.41999995708465576 0.3960000276565552 2.0959999561309814
-0.9359999895095825 0.0 2.552000045776367
-0.4259999990463257 0.18599998950958252 1.9040000438690186
-0.9300000071525574 -0.34800004959106445 2.0
-0.6420000195503235 0.20399999618530273 2.4559998512268066
-0.6959999799728394 0.1499999761581421 2.4860000610351562
-0.4440000057220459 0.34800004959106445 2.180000066757202
-0.41999995708465576 0.20399999618530273 1.9220000505447388
-0.41999995708465576 0.20399999618530273 1.9279999732971191
-0.41999995708465576 0.3960000276565552 2.1019999980926514
-0.7199999690055847 0.14400005340576172 2.503999948501587
-0.8939999938011169 -0.1979999542236328 2.3540000915527344
-0.8999999761581421 -0.26399993896484375 2.251999855041504
-0.9959999918937683 -0.34800004959106445 1.7300000190734863
-1.0199999809265137 -0.3240000009536743 1.6399999856948853
-0.4739999771118164 0.6119999885559082 1.6759999990463257
-0.7739999890327454 0.12000000476837158 2.5339999198913574
-0.593999981880188 0.19200003147125244 2.4019999504089355
-0.8939999938011169 -0.11399996280670166 2.450000047683716
-0.9300000071525574 -0.029999971389770508 2.5339999198913574
-0.49800002574920654 0.630000114440918 1.628000020980835
-0.5699999928474426 0.6719999313354492 1.5260000228881836
-0.41999995708465576 0.5460000038146973 1.8259999752044678
-0.5460000038146973 0.6600000858306885 1.555999994277954
-0.906000018119812 -0.2999999523162842 2.180000066757202
-0.9240000247955322 -0.34800004959106445 2.01200008392334
-0.4679999351501465 0.06599998474121094 1.850000023841858
-0.8700000047683716 0.09000003337860107 2.5759999752044678
-0.4620000123977661 0.3179999589920044 2.2280001640319824
-0.9240000247955322 0.0 2.552000045776367
-0.6359999775886536 0.17400002479553223 2.444000005722046
-0.41999995708465576 0.5460000038146973 1.8200000524520874
-0.4620000123977661 0.6059999465942383 1.7000000476837158
-0.4859999418258667 0.30000007152557373 2.2760000228881836
-0.6119999885559082 0.21000003814697266 2.432000160217285
-0.9240000247955322 0.029999971389770508 2.569999933242798
-0.41999995708465576 0.5520000457763672 1.8259999752044678
-0.41999995708465576 0.19200003147125244 1.9520000219345093
-1.0260000228881836 -0.3240000009536743 1.628000020980835
-0.5220000147819519 0.6480000019073486 1.5859999656677246
-0.8999999761581421 -0.2999999523162842 2.180000066757202
-0.9359999895095825 0.029999971389770508 2.5759999752044678
-0.9240000247955322 -0.34800004959106445 2.0299999713897705
-0.906000018119812 -0.2940000295639038 2.2039999961853027
-0.9959999918937683 -0.34800004959106445 1.7120000123977661
-0.41999995708465576 0.37800002098083496 2.125999927520752
-0.8939999938011169 -0.22200000286102295 2.3299999237060547
-1.0080000162124634 -0.34800004959106445 1.7000000476837158
-1.0260000228881836 -0.3240000009536743 1.621999979019165
-0.41999995708465576 0.18000006675720215 1.8919999599456787
-0.4440000057220459 0.5880000591278076 1.7300000190734863
-0.4500000476837158 0.10199999809265137 1.8320000171661377
-0.48000001907348633 0.2879999876022339 2.2699999809265137
-0.75 0.1260000467300415 2.5280001163482666
-0.41999995708465576 0.37199997901916504 2.131999969482422
-0.906000018119812 -0.3240000009536743 2.125999927520752
-0.7979999780654907 0.10800004005432129 2.552000045776367
-0.41999995708465576 0.5580000877380371 1.8020000457763672
-0.671999990940094 0.156000018119812 2.4800000190734863
-0.3960000276565552 0.4620000123977661 1.9760000705718994
-0.4140000343322754 0.19200003147125244 1.9279999732971191
-0.5220000147819519 0.6540000438690186 1.5800000429153442
-0.4440000057220459 0.3359999656677246 2.2039999961853027
-0.3960000276565552 0.4739999771118164 1.9580000638961792
-0.9300000071525574 0.024000048637390137 2.5759999752044678
-0.3960000276565552 0.48000001907348633 1.9520000219345093
-0.5519999861717224 0.6779999732971191 1.5440000295639038
-0.3960000276565552 0.4500000476837158 2.0
-0.48000001907348633 0.2879999876022339 2.2760000228881836
-0.8939999938011169 -0.24599993228912354 2.3000001907348633
-0.4679999351501465 0.04799997806549072 1.850000023841858
-0.4259999990463257 0.156000018119812 1.850000023841858
-0.9179999828338623 -0.34800004959106445 2.053999900817871
-0.41999995708465576 0.1679999828338623 1.8799999952316284
-0.3960000276565552 0.4919999837875366 1.9279999732971191
-0.3960000276565552 0.4440000057220459 2.01200008392334
-0.4620000123977661 0.06599998474121094 1.8259999752044678
-0.9300000071525574 -0.36000001430511475 2.0
-0.8219999670982361 0.09599995613098145 2.564000129699707
-0.9240000247955322 0.07200002670288086 2.5999999046325684
-0.4559999704360962 0.07800006866455078 1.8259999752044678
-0.3960000276565552 0.49800002574920654 1.9160000085830688
-0.6179999709129333 0.17400002479553223 2.437999963760376
-0.8880000114440918 -0.1499999761581421 2.4260001182556152
-0.40799999237060547 0.4020000696182251 2.1019999980926514
-0.4140000343322754 0.18000006675720215 1.9040000438690186
-0.9539999961853027 -0.37199997901916504 1.8799999952316284
-0.3960000276565552 0.437999963760376 2.0299999713897705
-0.8460000157356262 0.09000003337860107 2.5759999752044678
-0.4739999771118164 0.624000072479248 1.6519999504089355
-0.8999999761581421 -0.2999999523162842 2.2039999961853027
-0.41999995708465576 0.36600005626678467 2.1500000953674316
-0.9300000071525574 -0.023999929428100586 2.552000045776367
-0.4440000057220459 0.10199999809265137 1.8259999752044678
-1.0080000162124634 -0.34800004959106445 1.6759999990463257
-0.3960000276565552 0.5099999904632568 1.9040000438690186
-0.8880000114440918 -0.09599995613098145 2.4800000190734863
-0.8880000114440918 -0.17400002479553223 2.4019999504089355
-0.9660000205039978 -0.37199997901916504 1.8259999752044678
-0.9480000138282776 -0.37199997901916504 1.8799999952316284
-0.4620000123977661 0.30000007152557373 2.251999855041504
-0.9480000138282776 -0.37199997901916504 1.8739999532699585
-0.9539999961853027 -0.37199997901916504 1.850000023841858
-0.41999995708465576 0.16200006008148193 1.850000023841858
-0.906000018119812 -0.3240000009536743 2.1500000953674316
-0.5460000038146973 0.6779999732971191 1.5440000295639038
-0.40199995040893555 0.22800004482269287 1.9760000705718994
-0.9419999718666077 -0.37199997901916504 1.9040000438690186
-0.6959999799728394 0.14400005340576172 2.503999948501587
-0.906000018119812 -0.04799997806549072 2.5280001163482666
-0.671999990940094 0.1499999761581421 2.4860000610351562
-0.41999995708465576 0.5699999332427979 1.777999997138977
-0.3960000276565552 0.4200000762939453 2.053999900817871
-0.5460000038146973 0.6719999313354492 1.5379999876022339
-0.49800002574920654 0.6419999599456787 1.6039999723434448
-0.972000002861023 -0.37199997901916504 1.8020000457763672
-0.3960000276565552 0.4259999990463257 2.053999900817871
-0.4440000057220459 0.09599995613098145 1.8259999752044678
-0.972000002861023 -0.3659999370574951 1.7660000324249268
-0.41999995708465576 0.5699999332427979 1.7719999551773071
-0.4440000057220459 0.5999999046325684 1.7059999704360962
-0.41999995708465576 0.5759999752044678 1.777999997138977
-0.9359999895095825 -0.37199997901916504 1.9279999732971191
-0.3960000276565552 0.5220000743865967 1.8799999952316284
-0.4320000410079956 0.1260000467300415 1.8259999752044678
-0.8880000114440918 -0.07200002670288086 2.503999948501587
-0.8880000114440918 -0.1979999542236328 2.378000020980835
-0.9240000247955322 -0.018000006675720215 2.558000087738037
-0.3960000276565552 0.5220000743865967 1.8739999532699585
-0.9120000004768372 -0.34800004959106445 2.078000068664551
-0.4739999771118164 0.624000072479248 1.6399999856948853
-0.6240000128746033 0.1679999828338623 2.450000047683716
-0.40199995040893555 0.21000003814697266 1.9520000219345093
-0.4620000123977661 0.2940000295639038 2.257999897003174
-0.5999999642372131 0.18599998950958252 2.432000160217285
-0.4500000476837158 0.07800006866455078 1.8200000524520874
-0.9779999852180481 -0.37199997901916504 1.777999997138977
-0.9419999718666077 0.054000020027160645 2.6059999465942383
-0.4620000123977661 0.04799997806549072 1.8259999752044678
-0.8999999761581421 -0.3240000009536743 2.1560001373291016
-0.9240000247955322 0.06599998474121094 2.6059999465942383
-0.8939999938011169 -0.26999998092651367 2.2760000228881836
-0.906000018119812 -0.3359999656677246 2.125999927520752
-0.9300000071525574 -0.37199997901916504 1.9520000219345093
-1.0199999809265137 -0.34800004959106445 1.6519999504089355
-0.75 0.12000000476837158 2.5399999618530273
-0.3960000276565552 0.40799999237060547 2.078000068664551
-0.593999981880188 0.1679999828338623 2.4200000762939453
-0.972000002861023 -0.37199997901916504 1.777999997138977
-0.4440000057220459 0.6059999465942383 1.7000000476837158
-0.7739999890327454 0.10800004005432129 2.552000045776367
-0.437999963760376 0.3240000009536743 2.2160000801086426
-0.906000018119812 -0.33000004291534424 2.1500000953674316
-0.4679999351501465 0.630000114440918 1.6519999504089355
-0.9300000071525574 -0.37199997901916504 1.9760000705718994
-0.3960000276565552 0.5339999198913574 1.850000023841858
-0.972000002861023 0.07800006866455078 2.630000114440918
-0.9839999675750732 -0.37199997901916504 1.7540000677108765
-0.3960000276565552 0.21599996089935303 1.934000015258789
-0.8880000114440918 -0.22200000286102295 2.3540000915527344
-0.4679999351501465 0.2820000648498535 2.2760000228881836
-0.9240000247955322 -0.37199997901916504 1.9700000286102295
-0.9120000004768372 -0.34800004959106445 2.1019999980926514
-0.9240000247955322 -0.37199997901916504 1.9760000705718994
-0.7979999780654907 0.09599995613098145 2.564000129699707
-0.49800002574920654 0.6480000019073486 1.5920000076293945
-0.41999995708465576 0.14400005340576172 1.8259999752044678
-0.6119999885559082 0.18000006675720215 2.450000047683716
-0.9240000247955322 0.0 2.5759999752044678
-0.41999995708465576 0.5820000171661377 1.7540000677108765
-0.41999995708465576 0.3539999723434448 2.180000066757202
-0.906000018119812 -0.054000020027160645 2.5339999198913574
-0.41999995708465576 0.34800004959106445 2.180000066757202
-0.593999981880188 0.1679999828338623 2.4260001182556152
-0.8219999670982361 0.09000003337860107 2.5759999752044678
-0.4259999990463257 0.1260000467300415 1.8200000524520874
-0.3960000276565552 0.3960000276565552 2.1019999980926514
-0.8939999938011169 -0.2999999523162842 2.2280001640319824
-0.3960000276565552 0.4020000696182251 2.1019999980926514
-0.9240000247955322 -0.37199997901916504 2.0
-0.5220000147819519 0.6660001277923584 1.555999994277954
-0.8999999761581421 0.07200002670288086 2.6059999465942383
-0.4140000343322754 0.156000018119812 1.8259999752044678
-1.0019999742507935 -0.3659999370574951 1.7000000476837158
-0.6480000019073486 0.156000018119812 2.4800000190734863
-0.4679999351501465 0.018000006675720215 1.8380000591278076
-0.4739999771118164 0.6359999179840088 1.628000020980835
-0.9900000095367432 -0.37199997901916504 1.7300000190734863
-0.437999963760376 0.312000036239624 2.2280001640319824
-0.3960000276565552 0.5460000038146973 1.8259999752044678
-0.8999999761581421 -0.3240000009536743 2.180000066757202
-1.0260000228881836 -0.34800004959106445 1.628000020980835
-0.6480000019073486 0.1499999761581421 2.4800000190734863
-0.3960000276565552 0.5520000457763672 1.8259999752044678
-0.8880000114440918 -0.24599993228912354 2.3299999237060547
-0.9359999895095825 0.03600001335144043 2.6059999465942383
-1.0199999809265137 -0.34800004959106445 1.628000020980835
-0.7139999866485596 0.1260000467300415 2.5280001163482666
-0.4440000057220459 0.6119999885559082 1.6759999990463257
-0.4500000476837158 0.054000020027160645 1.8079999685287476
-0.49800002574920654 0.6540000438690186 1.5800000429153442
-0.3960000276565552 0.37800002098083496 2.125999927520752
-1.0199999809265137 -0.34800004959106445 1.621999979019165
-0.8819999694824219 -0.1499999761581421 2.450000047683716
-0.8999999761581421 -0.34800004959106445 2.119999885559082
-0.4440000057220459 0.30000007152557373 2.251999855041504
-0.8819999694824219 -0.12000000476837158 2.4800000190734863
-0.8819999694824219 -0.17400002479553223 2.4260001182556152
-1.0260000228881836 -0.34800004959106445 1.6160000562667847
-0.41999995708465576 0.5940001010894775 1.7300000190734863
-0.9120000004768372 -0.37199997901916504 2.0299999713897705
-0.9120000004768372 -0.04799997806549072 2.552000045776367
-0.9959999918937683 -0.37199997901916504 1.7000000476837158
-0.40799999237060547 0.156000018119812 1.8140000104904175
-0.9539999961853027 -0.38999998569488525 1.850000023841858
-1.0260000228881836 -0.3539999723434448 1.628000020980835
-0.8999999761581421 -0.34800004959106445 2.125999927520752
-0.4259999990463257 0.10199999809265137 1.8079999685287476
-0.3960000276565552 0.37199997901916504 2.138000011444092
-0.3960000276565552 0.564000129699707 1.8020000457763672
-0.8819999694824219 -0.09599995613098145 2.503999948501587
-0.8819999694824219 -0.1979999542236328 2.4019999504089355
-0.37199997901916504 0.4739999771118164 1.9639999866485596
-0.37199997901916504 0.46800005435943604 1.9760000705718994
-0.7979999780654907 0.09000003337860107 2.5759999752044678
-0.8819999694824219 -0.26999998092651367 2.3000001907348633
-1.0260000228881836 -0.3539999723434448 1.621999979019165
-0.9240000247955322 -0.023999929428100586 2.5759999752044678
-0.6240000128746033 0.18000006675720215 2.4800000190734863
-0.37199997901916504 0.4559999704360962 2.0
-0.37199997901916504 0.4919999837875366 1.9279999732971191
-0.5220000147819519 0.6719999313354492 1.5379999876022339
-0.4559999704360962 0.029999971389770508 1.8020000457763672
-0.8880000114440918 -0.07200002670288086 2.5280001163482666
-0.48000001907348633 0.6540000438690186 1.6039999723434448
-0.9120000004768372 -0.37199997901916504 2.053999900817871
-0.8640000224113464 0.07800006866455078 2.6059999465942383
-0.8700000047683716 0.07200002670288086 2.6059999465942383
-0.906000018119812 -0.36000001430511475 2.1019999980926514
-0.37199997901916504 0.4440000057220459 2.0180001258850098
-0.37199997901916504 0.49800002574920654 1.9220000505447388
-0.9539999961853027 0.054000020027160645 2.630000114440918
-0.7199999690055847 0.12000000476837158 2.5399999618530273
-0.8880000114440918 -0.2999999523162842 2.251999855041504
-0.7440000176429749 0.10800004005432129 2.552000045776367
-0.8939999938011169 -0.3240000009536743 2.2039999961853027
-0.9300000071525574 -0.38999998569488525 1.9520000219345093
-0.3960000276565552 0.36600005626678467 2.1500000953674316
-0.37199997901916504 0.437999963760376 2.0299999713897705
-0.6959999799728394 0.13199996948242188 2.5280001163482666
-0.4559999704360962 0.029999971389770508 1.7899999618530273
-0.9959999918937683 -0.37199997901916504 1.6820000410079956
-0.4320000410079956 0.07800006866455078 1.8020000457763672
-0.7680000066757202 0.09599995613098145 2.564000129699707
-0.437999963760376 0.2940000295639038 2.251999855041504
-0.906000018119812 -0.054000020027160645 2.552000045776367
-1.0019999742507935 -0.37199997901916504 1.6759999990463257
-0.37199997901916504 0.5099999904632568 1.9040000438690186
-0.4320000410079956 0.2940000295639038 2.240000009536743
-0.4140000343322754 0.33000004291534424 2.2039999961853027
-0.5999999642372131 0.1679999828338623 2.4559998512268066
-0.4739999771118164 0.6480000019073486 1.6039999723434448
-0.3960000276565552 0.5699999332427979 1.777999997138977
-0.8999999761581421 -0.34800004959106445 2.1500000953674316
-0.6299999952316284 0.18000006675720215 2.492000102996826
-0.40799999237060547 0.1380000114440918 1.8020000457763672
-0.41999995708465576 0.5999999046325684 1.7059999704360962
-0.9419999718666077 -0.3960000276565552 1.8799999952316284
-0.8759999871253967 -0.22200000286102295 2.378000020980835
-0.41999995708465576 0.10199999809265137 1.8020000457763672
-0.9480000138282776 -0.3960000276565552 1.850000023841858
-0.37199997901916504 0.4259999990463257 2.053999900817871
-0.3960000276565552 0.5759999752044678 1.777999997138977
-0.3659999370574951 0.48000001907348633 1.9520000219345093
-0.4440000057220459 0.624000072479248 1.6519999504089355
-0.9359999895095825 -0.3960000276565552 1.9040000438690186
-0.37199997901916504 0.4200000762939453 2.059999942779541
-0.4739999771118164 0.6540000438690186 1.6039999723434448
-0.9539999961853027 -0.3960000276565552 1.8259999752044678
-0.9660000205039978 -0.3960000276565552 1.8020000457763672
-0.40199995040893555 0.156000018119812 1.7960000038146973
-0.37199997901916504 0.5220000743865967 1.8799999952316284
-0.9480000138282776 -0.3960000276565552 1.8380000591278076
-0.4739999771118164 0.6480000019073486 1.5980000495910645
-0.437999963760376 0.054000020027160645 1.8020000457763672
-0.6240000128746033 0.156000018119812 2.4800000190734863
-0.5099999904632568 0.6779999732971191 1.5499999523162842
-0.906000018119812 -0.37199997901916504 2.078000068664551
-0.37199997901916504 0.5280001163482666 1.8799999952316284
-0.8759999871253967 -0.18599998950958252 2.4260001182556152
-0.9300000071525574 -0.3960000276565552 1.9279999732971191
-0.4440000057220459 0.630000114440918 1.6519999504089355
-0.3960000276565552 0.1679999828338623 1.8020000457763672
-0.8819999694824219 -0.24599993228912354 2.3540000915527344
-0.41999995708465576 0.6059999465942383 1.7000000476837158
-0.8460000157356262 0.07800006866455078 2.6059999465942383
-0.9300000071525574 0.054000020027160645 2.630000114440918
-0.37199997901916504 0.40799999237060547 2.078000068664551
-0.4440000057220459 0.03600001335144043 1.8020000457763672
-0.6539999842643738 0.1380000114440918 2.503999948501587
-0.4259999990463257 0.07800006866455078 1.7960000038146973
-0.7739999890327454 0.09599995613098145 2.5759999752044678
-1.0080000162124634 -0.37199997901916504 1.6519999504089355
-0.9240000247955322 -0.3960000276565552 1.9520000219345093
-0.49800002574920654 0.6660001277923584 1.555999994277954
-0.9660000205039978 -0.3960000276565552 1.777999997138977
-0.9240000247955322 0.054000020027160645 2.630000114440918
-0.8999999761581421 -0.37199997901916504 2.0840001106262207
-0.9240000247955322 -0.3960000276565552 1.9760000705718994
-0.4559999704360962 0.006000041961669922 1.8020000457763672
-0.9779999852180481 -0.3960000276565552 1.7540000677108765
-0.37199997901916504 0.5399999618530273 1.850000023841858
-0.8880000114440918 -0.2999999523162842 2.2760000228881836
-0.3960000276565552 0.34200000762939453 2.180000066757202
-0.9240000247955322 0.04799997806549072 2.630000114440918
-0.7199999690055847 0.11399996280670166 2.552000045776367
-0.8880000114440918 -0.3240000009536743 2.2280001640319824
-0.6480000019073486 0.1380000114440918 2.503999948501587
-0.3960000276565552 0.5880000591278076 1.7540000677108765
-0.972000002861023 -0.3960000276565552 1.7540000677108765
-0.40199995040893555 0.3240000009536743 2.197999954223633
-0.37199997901916504 0.3960000276565552 2.1019999980926514
-0.37199997901916504 0.4020000696182251 2.1019999980926514
-0.9300000071525574 0.006000041961669922 2.611999988555908
-0.37199997901916504 0.5460000038146973 1.8380000591278076
-0.9359999895095825 0.03600001335144043 2.630000114440918
-0.8999999761581421 -0.37199997901916504 2.1019999980926514
-0.8759999871253967 -0.14399993419647217 2.4800000190734863
-0.8759999871253967 -0.17400002479553223 2.450000047683716
-0.972000002861023 -0.3960000276565552 1.7480000257492065
-0.8700000047683716 -0.1979999542236328 2.4200000762939453
-0.4140000343322754 0.3059999942779541 2.2280001640319824
-0.8819999694824219 -0.26999998092651367 2.3299999237060547
-0.6299999952316284 0.17400002479553223 2.503999948501587
-0.9179999828338623 -0.3960000276565552 2.0
-0.6959999799728394 0.12000000476837158 2.5399999618530273
-0.9839999675750732 -0.3960000276565552 1.7300000190734863
-0.8460000157356262 0.07200002670288086 2.611999988555908
-0.8759999871253967 -0.12000000476837158 2.503999948501587
-0.40199995040893555 0.3179999589920044 2.2039999961853027
-0.8700000047683716 -0.1499999761581421 2.4739999771118164
-0.37199997901916504 0.5520000457763672 1.8259999752044678
-0.9120000004768372 -0.04799997806549072 2.5759999752044678
-1.0139999389648438 -0.37199997901916504 1.628000020980835
-0.75 0.09599995613098145 2.569999933242798
-0.40199995040893555 0.1260000467300415 1.784000039100647
-0.8880000114440918 -0.34800004959106445 2.180000066757202
-0.6299999952316284 0.18000006675720215 2.509999990463257
-0.49800002574920654 0.6719999313354492 1.5440000295639038
-0.4739999771118164 0.6600000858306885 1.5800000429153442
-0.8700000047683716 -0.1979999542236328 2.4260001182556152
-0.8219999670982361 0.07800006866455078 2.6059999465942383
-0.41999995708465576 0.6180000305175781 1.6759999990463257
-0.8759999871253967 -0.24000000953674316 2.378000020980835
-0.6240000128746033 0.17400002479553223 2.503999948501587
-0.8759999871253967 -0.22200000286102295 2.4019999504089355
-0.8759999871253967 -0.09599995613098145 2.5280001163482666
-0.9300000071525574 -0.40799999237060547 1.9279999732971191
-0.3960000276565552 0.3240000009536743 2.197999954223633
-1.0139999389648438 -0.36000001430511475 1.5920000076293945
-0.4440000057220459 0.6419999599456787 1.628000020980835
-0.4259999990463257 0.054000020027160645 1.7899999618530273
-0.9120000004768372 -0.054000020027160645 2.5759999752044678
-0.3960000276565552 0.5940001010894775 1.7300000190734863
-1.0019999742507935 -0.38999998569488525 1.6759999990463257
-0.40799999237060547 0.10199999809265137 1.777999997138977
-0.8700000047683716 -0.1499999761581421 2.4800000190734863
-0.38999998569488525 0.156000018119812 1.777999997138977
-0.6060000061988831 0.1499999761581421 2.4800000190734863
-0.8700000047683716 -0.22200000286102295 2.4019999504089355
-0.8819999694824219 -0.07200002670288086 2.552000045776367
-0.3960000276565552 0.3240000009536743 2.2039999961853027
-0.6539999842643738 0.156000018119812 2.5280001163482666
-0.4500000476837158 0.0 1.7899999618530273
-0.75 0.09599995613098145 2.5759999752044678
-0.9900000095367432 -0.3960000276565552 1.7000000476837158
-0.3960000276565552 0.13199996948242188 1.777999997138977
-0.8939999938011169 -0.37199997901916504 2.125999927520752
-0.4919999837875366 0.6779999732971191 1.5499999523162842
-0.906000018119812 -0.3960000276565552 2.0299999713897705
-0.8880000114440918 0.054000020027160645 2.630000114440918
-0.37199997901916504 0.564000129699707 1.8020000457763672
-0.8700000047683716 -0.12000000476837158 2.509999990463257
-0.9359999895095825 -0.006000041961669922 2.618000030517578
-0.8759999871253967 -0.22800004482269287 2.4019999504089355
-0.4140000343322754 0.07800006866455078 1.777999997138977
-0.6480000019073486 0.16200006008148193 2.5280001163482666
-0.9539999961853027 -0.4140000343322754 1.8259999752044678
-0.9240000247955322 0.0 2.618000030517578
-0.34800004959106445 0.46800005435943604 1.9760000705718994
-0.41999995708465576 0.624000072479248 1.6640000343322754
-0.8759999871253967 -0.26399993896484375 2.3540000915527344
-0.8700000047683716 -0.17400002479553223 2.4619998931884766
-0.8819999694824219 -0.3240000009536743 2.251999855041504
-0.3960000276565552 0.5999999046325684 1.718000054359436
-0.34800004959106445 0.4559999704360962 2.0
-0.34800004959106445 0.48600006103515625 1.9520000219345093
-1.0199999809265137 -0.37199997901916504 1.6039999723434448
-0.3659999370574951 0.37800002098083496 2.125999927520752
-0.4320000410079956 0.029999971389770508 1.784000039100647
-0.8880000114440918 -0.34800004959106445 2.2039999961853027
-0.34800004959106445 0.4440000057220459 2.0180001258850098
-0.8700000047683716 -0.24599993228912354 2.378000020980835
-0.8700000047683716 -0.09599995613098145 2.5339999198913574
-0.34800004959106445 0.49800002574920654 1.9279999732971191
-0.906000018119812 -0.3960000276565552 2.053999900817871
-0.8219999670982361 0.07200002670288086 2.611999988555908
-0.8759999871253967 -0.10800004005432129 2.5280001163482666
-0.8700000047683716 0.060000061988830566 2.630000114440918
-0.34800004959106445 0.5039999485015869 1.9279999732971191
-0.37199997901916504 0.5699999332427979 1.784000039100647
-0.34800004959106445 0.437999963760376 2.0299999713897705
-0.6959999799728394 0.11399996280670166 2.552000045776367
-0.38999998569488525 0.33000004291534424 2.2039999961853027
-0.8759999871253967 -0.07799994945526123 2.552000045776367
-0.7979999780654907 0.08399999141693115 2.6059999465942383
-0.8759999871253967 -0.2999999523162842 2.3000001907348633
-0.40199995040893555 0.10199999809265137 1.7719999551773071
-0.9959999918937683 -0.3960000276565552 1.6759999990463257
-0.34800004959106445 0.5099999904632568 1.9040000438690186
-0.8999999761581421 -0.3960000276565552 2.053999900817871
-0.37800002098083496 0.34200000762939453 2.1740000247955322
-0.37800002098083496 0.18000006675720215 1.7660000324249268
-0.8700000047683716 -0.26999998092651367 2.3480000495910645
-0.9120000004768372 -0.023999929428100586 2.6059999465942383
-0.37199997901916504 0.5759999752044678 1.777999997138977
-0.34800004959106445 0.4259999990463257 2.053999900817871
-0.48000001907348633 0.6779999732971191 1.555999994277954
-0.34200000762939453 0.46800005435943604 1.9700000286102295
-0.41999995708465576 0.630000114440918 1.6519999504089355
-0.671999990940094 0.12000000476837158 2.5399999618530273
-0.9359999895095825 -0.41999995708465576 1.8799999952316284
-0.34800004959106445 0.5220000743865967 1.8860000371932983
-0.6539999842643738 0.1260000467300415 2.5280001163482666
-0.9359999895095825 0.0 2.630000114440918
-0.9419999718666077 -0.41999995708465576 1.850000023841858
-0.8880000114440918 -0.37199997901916504 2.1500000953674316
-0.4440000057220459 0.6480000019073486 1.6039999723434448
-0.3960000276565552 0.6059999465942383 1.7000000476837158
-0.9300000071525574 -0.41999995708465576 1.9040000438690186
-0.9959999918937683 -0.3960000276565552 1.6640000343322754
-0.8999999761581421 0.04799997806549072 2.6419999599456787
-0.9480000138282776 -0.41999995708465576 1.8259999752044678
-0.8700000047683716 -0.26999998092651367 2.3540000915527344
-0.8759999871253967 -0.2879999876022339 2.3299999237060547
-0.34800004959106445 0.5280001163482666 1.8799999952316284
-0.6480000019073486 0.13199996948242188 2.5280001163482666
-0.4739999771118164 0.6719999313354492 1.555999994277954
-0.7260000109672546 0.10199999809265137 2.5759999752044678
-0.4440000057220459 0.6540000438690186 1.6039999723434448
-0.9240000247955322 -0.41999995708465576 1.9160000085830688
-0.9240000247955322 -0.41999995708465576 1.9279999732971191
-0.9539999961853027 -0.41999995708465576 1.8020000457763672
-0.6179999709129333 0.1380000114440918 2.503999948501587
-0.9480000138282776 -0.41999995708465576 1.8079999685287476
-1.0019999742507935 -0.3960000276565552 1.6519999504089355
-0.9240000247955322 0.0 2.630000114440918
-0.8939999938011169 -0.3960000276565552 2.078000068664551
-0.437999963760376 0.0 1.777999997138977
-0.9779999852180481 -0.4140000343322754 1.7300000190734863
-0.4739999771118164 0.6779999732971191 1.555999994277954
-0.8700000047683716 -0.2999999523162842 2.312000036239624
-0.9599999785423279 -0.41999995708465576 1.777999997138977
-0.9179999828338623 -0.41999995708465576 1.9520000219345093
-0.37199997901916504 0.34800004959106445 2.180000066757202
-0.4500000476837158 -0.023999929428100586 1.777999997138977
-0.8640000224113464 -0.1979999542236328 2.450000047683716
-0.8700000047683716 -0.12000000476837158 2.5280001163482666
-0.34800004959106445 0.5399999618530273 1.850000023841858
-0.8460000157356262 0.060000061988830566 2.630000114440918
-0.7199999690055847 0.10199999809265137 2.5759999752044678
-0.3659999370574951 0.34200000762939453 2.1620001792907715
-0.8819999694824219 -0.34800004959106445 2.2280001640319824
-0.972000002861023 -0.41999995708465576 1.7540000677108765
-0.37199997901916504 0.5880000591278076 1.7540000677108765
-0.37199997901916504 0.18000006675720215 1.7540000677108765
-0.8700000047683716 -0.17400002479553223 2.4800000190734863
-0.8759999871253967 -0.3240000009536743 2.2760000228881836
-0.9300000071525574 -0.4259999990463257 1.9040000438690186
-0.37800002098083496 0.156000018119812 1.7540000677108765
-0.41999995708465576 0.029999971389770508 1.777999997138977
-0.34800004959106445 0.3960000276565552 2.1019999980926514
-0.34800004959106445 0.4020000696182251 2.1019999980926514
-0.8640000224113464 -0.22200000286102295 2.4260001182556152
-0.36000001430511475 0.3539999723434448 2.1500000953674316
-0.9359999895095825 0.029999971389770508 2.6540000438690186
-0.34800004959106445 0.5460000038146973 1.8380000591278076
-0.40199995040893555 0.07800006866455078 1.7599999904632568
-0.9120000004768372 -0.41999995708465576 1.9760000705718994
-0.7739999890327454 0.08399999141693115 2.6059999465942383
-0.40799999237060547 0.054000020027160645 1.777999997138977
-0.3539999723434448 0.37199997901916504 2.131999969482422
-0.8939999938011169 -0.3960000276565552 2.1019999980926514
-0.8700000047683716 -0.24599993228912354 2.4019999504089355
-0.8700000047683716 -0.09599995613098145 2.552000045776367
-0.8640000224113464 -0.1499999761581421 2.503999948501587
-0.906000018119812 -0.4140000343322754 2.0299999713897705
-0.38399994373321533 0.1260000467300415 1.7540000677108765
-0.8819999694824219 -0.07200002670288086 2.5759999752044678
-0.9120000004768372 -0.41999995708465576 2.0
-0.38999998569488525 0.10800004005432129 1.7540000677108765
-0.40199995040893555 0.07200002670288086 1.7599999904632568
-0.4440000057220459 -0.023999929428100586 1.777999997138977
-1.0080000162124634 -0.3960000276565552 1.628000020980835
-0.9480000138282776 0.054000020027160645 2.671999931335449
-0.4320000410079956 0.0 1.7719999551773071
-0.671999990940094 0.11399996280670166 2.552000045776367
-0.37199997901916504 0.16200006008148193 1.7540000677108765
-0.9120000004768372 -0.04799997806549072 2.6059999465942383
-0.8700000047683716 -0.3240000009536743 2.2820000648498535
-0.41999995708465576 0.6419999599456787 1.628000020980835
-0.8819999694824219 -0.37199997901916504 2.180000066757202
-0.7979999780654907 0.07200002670288086 2.618000030517578
-0.972000002861023 -0.41999995708465576 1.7300000190734863
-0.8700000047683716 0.04799997806549072 2.6419999599456787
-0.34800004959106445 0.5580000877380371 1.8259999752044678
-0.8759999871253967 -0.33000004291534424 2.2760000228881836
-0.3359999656677246 0.4200000762939453 2.059999942779541
-0.36000001430511475 0.20399999618530273 1.7540000677108765
-0.7199999690055847 0.09599995613098145 2.5820000171661377
-0.3960000276565552 0.624000072479248 1.6759999990463257
-0.8999999761581421 -0.023999929428100586 2.618000030517578
-0.34800004959106445 0.37800002098083496 2.125999927520752
-0.972000002861023 -0.41999995708465576 1.7239999771118164
-0.9179999828338623 0.029999971389770508 2.6540000438690186
-0.8219999670982361 0.06599998474121094 2.630000114440918
-0.8700000047683716 -0.2999999523162842 2.3299999237060547
-0.4440000057220459 -0.029999971389770508 1.777999997138977
-0.8999999761581421 0.04200005531311035 2.6540000438690186
-0.3960000276565552 0.624000072479248 1.6699999570846558
-0.9539999961853027 -0.4320000410079956 1.8020000457763672
-0.37199997901916504 0.5999999046325684 1.7300000190734863
-0.3960000276565552 0.07800006866455078 1.7540000677108765
-0.6480000019073486 0.12000000476837158 2.5399999618530273
-1.0019999742507935 -0.40799999237060547 1.6519999504089355
-0.8999999761581421 -0.41999995708465576 2.01200008392334
-0.37199997901916504 0.5999999046325684 1.7239999771118164
-0.4440000057220459 0.6660001277923584 1.5800000429153442
-0.9839999675750732 -0.41999995708465576 1.7000000476837158
-0.906000018119812 -0.054000020027160645 2.6059999465942383
-0.8880000114440918 -0.3960000276565552 2.125999927520752
-0.8640000224113464 -0.26999998092651367 2.378000020980835
-0.8999999761581421 -0.41999995708465576 2.0299999713897705
-0.4500000476837158 -0.04799997806549072 1.777999997138977
-0.34800004959106445 0.5699999332427979 1.8020000457763672
-0.8759999871253967 -0.34800004959106445 2.251999855041504
-0.9300000071525574 0.024000048637390137 2.6600000858306885
-0.36000001430511475 0.37800002098083496 2.185999870300293
-0.37800002098083496 0.1260000467300415 1.7419999837875366
-0.906000018119812 -0.018000006675720215 2.630000114440918
-1.0139999389648438 -0.3960000276565552 1.6039999723434448
-0.3240000009536743 0.46800005435943604 1.9760000705718994
-0.4500000476837158 -0.04799997806549072 1.7719999551773071
-0.3240000009536743 0.4559999704360962 2.0
-0.8700000047683716 -0.07200002670288086 2.5820000171661377
-0.8759999871253967 -0.36000001430511475 2.2280001640319824
-0.34800004959106445 0.37800002098083496 2.1500000953674316
-0.6959999799728394 0.10199999809265137 2.5759999752044678
-0.8700000047683716 -0.3240000009536743 2.3000001907348633
-0.3960000276565552 0.054000020027160645 1.777999997138977
-0.34800004959106445 0.36000001430511475 2.1500000953674316
-0.41999995708465576 0.6480000019073486 1.6100000143051147
-0.38999998569488525 0.630000114440918 1.6759999990463257
-0.8999999761581421 -0.04799997806549072 2.611999988555908
-0.34800004959106445 0.5699999332427979 1.784000039100647
-0.75 0.08399999141693115 2.6059999465942383
-0.34200000762939453 0.36600005626678467 2.131999969482422
-0.3240000009536743 0.5039999485015869 1.9279999732971191
-0.33000004291534424 0.40799999237060547 2.078000068664551
-0.8759999871253967 -0.37199997901916504 2.2039999961853027
-0.9900000095367432 -0.41999995708465576 1.6759999990463257
-0.3960000276565552 0.630000114440918 1.6519999504089355
-0.3240000009536743 0.5099999904632568 1.9040000438690186
-0.3659999370574951 0.6059999465942383 1.7300000190734863
-0.8700000047683716 -0.34800004959106445 2.257999897003174
-0.34800004959106445 0.5759999752044678 1.777999997138977
-0.41999995708465576 0.0 1.7660000324249268
-0.8939999938011169 -0.41999995708465576 2.053999900817871
-1.0139999389648438 -0.3960000276565552 1.5920000076293945
-0.8999999761581421 -0.023999929428100586 2.630000114440918
-0.3359999656677246 0.4320000410079956 2.113999843597412
-0.906000018119812 -0.4320000410079956 2.0
-0.3539999723434448 0.20399999618530273 1.7300000190734863
-0.3240000009536743 0.4259999990463257 2.053999900817871
-0.7979999780654907 0.06599998474121094 2.630000114440918
-0.41999995708465576 0.6540000438690186 1.6039999723434448
-0.33000004291534424 0.3960000276565552 2.0959999561309814
-0.3240000009536743 0.5220000743865967 1.8860000371932983
-0.8700000047683716 0.04200005531311035 2.6540000438690186
-0.9240000247955322 0.0 2.6540000438690186
-0.8819999694824219 -0.3960000276565552 2.1500000953674316
-0.8579999804496765 -0.22200000286102295 2.450000047683716
-0.37199997901916504 0.6119999885559082 1.7000000476837158
-0.9300000071525574 -0.4440000057220459 1.8799999952316284
-0.3960000276565552 0.029999971389770508 1.8020000457763672
-0.8640000224113464 -0.12000000476837158 2.552000045776367
-0.4440000057220459 0.6719999313354492 1.562000036239624
-0.9359999895095825 -0.4440000057220459 1.850000023841858
-0.3240000009536743 0.5280001163482666 1.8799999952316284
-0.6480000019073486 0.11399996280670166 2.552000045776367
-0.4140000343322754 0.0 1.777999997138977
-0.8460000157356262 0.04799997806549072 2.6480000019073486
-0.9240000247955322 -0.4440000057220459 1.9040000438690186
-0.9419999718666077 -0.4440000057220459 1.8259999752044678
-0.37199997901916504 0.1260000467300415 1.7300000190734863
-0.3240000009536743 0.40799999237060547 2.078000068664551
-0.9240000247955322 -0.4440000057220459 1.8799999952316284
-0.8579999804496765 -0.17400002479553223 2.503999948501587
-0.8579999804496765 -0.1979999542236328 2.4800000190734863
-0.38999998569488525 0.04799997806549072 1.777999997138977
-0.9419999718666077 0.029999971389770508 2.677999973297119
-0.8700000047683716 -0.37199997901916504 2.2160000801086426
-0.9959999918937683 -0.41999995708465576 1.6519999504089355
-0.8640000224113464 -0.2999999523162842 2.3540000915527344
-0.4440000057220459 0.6779999732971191 1.562000036239624
-0.9480000138282776 -0.4440000057220459 1.8020000457763672
-0.8579999804496765 -0.24599993228912354 2.4260001182556152
-0.9179999828338623 -0.4440000057220459 1.9279999732971191
-0.6179999709129333 0.1260000467300415 2.5339999198913574
-0.37199997901916504 0.12000000476837158 1.7300000190734863
-0.37800002098083496 0.10199999809265137 1.7300000190734863
-0.8579999804496765 -0.1499999761581421 2.5280001163482666
-1.0019999742507935 -0.4140000343322754 1.628000020980835
-0.8880000114440918 -0.41999995708465576 2.078000068664551
-0.3539999723434448 0.18000006675720215 1.7300000190734863
-0.36000001430511475 0.156000018119812 1.7300000190734863
-0.6899999976158142 0.09599995613098145 2.5820000171661377
-0.8700000047683716 -0.34800004959106445 2.2760000228881836
-0.3179999589920044 0.4200000762939453 2.053999900817871
-0.9480000138282776 -0.4440000057220459 1.7899999618530273
-0.4259999990463257 -0.023999929428100586 1.7599999904632568
-0.34800004959106445 0.5880000591278076 1.7540000677108765
-0.3240000009536743 0.5399999618530273 1.850000023841858
-0.9539999961853027 -0.4440000057220459 1.777999997138977
-0.9120000004768372 -0.4440000057220459 1.9520000219345093
-0.312000036239624 0.48000001907348633 1.9520000219345093
-1.0080000162124634 -0.40799999237060547 1.6039999723434448
-0.38399994373321533 0.07200002670288086 1.7419999837875366
-0.9300000071525574 -0.4500000476837158 1.8799999952316284
-0.7559999823570251 0.07200002670288086 2.618000030517578
-0.3240000009536743 0.38999998569488525 2.1019999980926514
-0.9359999895095825 0.024000048637390137 2.677999973297119
-0.6179999709129333 0.11399996280670166 2.5339999198913574
-0.8700000047683716 -0.37199997901916504 2.2280001640319824
-0.3240000009536743 0.5460000038146973 1.8380000591278076
-0.8579999804496765 -0.09599995613098145 2.5759999752044678
-0.8579999804496765 -0.26999998092651367 2.4019999504089355
-0.8759999871253967 -0.38399994373321533 2.2039999961853027
-0.312000036239624 0.49800002574920654 1.9220000505447388
-0.9240000247955322 0.029999971389770508 2.677999973297119
-0.9599999785423279 -0.4440000057220459 1.7540000677108765
-0.34200000762939453 0.21599996089935303 1.7300000190734863
-0.671999990940094 0.10199999809265137 2.5759999752044678
-0.906000018119812 -0.4440000057220459 1.9760000705718994
-0.8460000157356262 0.04200005531311035 2.6540000438690186
-0.8880000114440918 -0.41999995708465576 2.1019999980926514
-0.37800002098083496 0.08399999141693115 1.7300000190734863
-0.7739999890327454 0.06599998474121094 2.630000114440918
-0.8999999761581421 -0.04799997806549072 2.630000114440918
-0.972000002861023 -0.4440000057220459 1.7300000190734863
-0.41999995708465576 -0.023999929428100586 1.7599999904632568
-0.3960000276565552 0.6480000019073486 1.628000020980835
-0.37199997901916504 0.624000072479248 1.6759999990463257
-0.8999999761581421 -0.4440000057220459 1.9760000705718994
-0.8759999871253967 -0.3960000276565552 2.180000066757202
-0.8640000224113464 -0.3240000009536743 2.3299999237060547
-0.9959999918937683 -0.41999995708465576 1.628000020980835
-0.3240000009536743 0.5580000877380371 1.8259999752044678
-0.7199999690055847 0.08399999141693115 2.6059999465942383
-0.8759999871253967 -0.07200002670288086 2.6059999465942383
-0.3059999942779541 0.4739999771118164 1.9580000638961792
-0.3179999589920044 0.38999998569488525 2.0959999561309814
-0.37199997901916504 0.630000114440918 1.6759999990463257
-0.37199997901916504 0.624000072479248 1.6699999570846558
-0.8999999761581421 -0.4440000057220459 2.0
-0.41999995708465576 0.6660001277923584 1.5800000429153442
-0.3960000276565552 0.6480000019073486 1.621999979019165
-0.4320000410079956 -0.04799997806549072 1.7540000677108765
-0.3059999942779541 0.4919999837875366 1.9279999732971191
-0.3059999942779541 0.4440000057220459 2.01200008392334
-0.34800004959106445 0.5999999046325684 1.7300000190734863
-0.6299999952316284 0.1260000467300415 2.558000087738037
-0.3539999723434448 0.156000018119812 1.718000054359436
-0.8700000047683716 -0.07200002670288086 2.6059999465942383
-0.8159999847412109 0.04799997806549072 2.6480000019073486
-0.37800002098083496 0.060000061988830566 1.7540000677108765
-0.3059999942779541 0.4259999990463257 2.0299999713897705
-0.906000018119812 -0.4500000476837158 1.9760000705718994
-0.75 0.07200002670288086 2.624000072479248
-0.34800004959106445 0.6059999465942383 1.7300000190734863
-0.671999990940094 0.09599995613098145 2.5820000171661377
-0.8999999761581421 0.029999971389770508 2.677999973297119
-0.8219999670982361 0.04799997806549072 2.6540000438690186
-0.9779999852180481 -0.4440000057220459 1.7000000476837158
-0.8759999871253967 -0.40199995040893555 2.180000066757202
-0.8819999694824219 -0.41999995708465576 2.125999927520752
-1.0019999742507935 -0.40799999237060547 1.5800000429153442
-0.3960000276565552 0.0 1.784000039100647
-0.3240000009536743 0.5699999332427979 1.8020000457763672
-0.8700000047683716 -0.3960000276565552 2.191999912261963
-0.906000018119812 -0.023999929428100586 2.6540000438690186
-0.9539999961853027 -0.4559999704360962 1.777999997138977
-0.8640000224113464 -0.34800004959106445 2.3000001907348633
-0.3240000009536743 0.5699999332427979 1.7960000038146973
-0.972000002861023 -0.4440000057220459 1.7000000476837158
-0.8939999938011169 -0.4440000057220459 2.0299999713897705
-0.8579999804496765 -0.2999999523162842 2.378000020980835
-0.37199997901916504 0.07800006866455078 1.7300000190734863
-0.3240000009536743 0.5759999752044678 1.8020000457763672
-0.8999999761581421 0.0 2.6660001277923584
-0.2999999523162842 0.48000001907348633 1.9520000219345093
-0.8640000224113464 -0.37199997901916504 2.251999855041504
-0.6240000128746033 0.10800004005432129 2.552000045776367
-0.2999999523162842 0.4500000476837158 2.0
-0.8999999761581421 -0.023999929428100586 2.6540000438690186
-0.312000036239624 0.4020000696182251 2.1019999980926514
-0.37199997901916504 0.060000061988830566 1.7540000677108765
-0.41999995708465576 0.6719999313354492 1.5679999589920044
-0.37199997901916504 0.04799997806549072 1.777999997138977
-0.8519999980926514 -0.24599993228912354 2.450000047683716
-0.437999963760376 -0.07200002670288086 1.7540000677108765
-0.2999999523162842 0.4320000410079956 2.0299999713897705
-0.40199995040893555 -0.018000006675720215 1.777999997138977
-0.8700000047683716 -0.3960000276565552 2.2039999961853027
-0.33000004291534424 0.22800004482269287 1.718000054359436
-0.37199997901916504 0.03600001335144043 1.8020000457763672
-0.2999999523162842 0.5039999485015869 1.9040000438690186
-0.9900000095367432 -0.41999995708465576 1.6039999723434448
-0.8519999980926514 -0.1979999542236328 2.503999948501587
-0.9240000247955322 0.0 2.677999973297119
-0.37199997901916504 0.6359999179840088 1.6519999504089355
-0.8519999980926514 -0.22200000286102295 2.4800000190734863
-0.8519999980926514 -0.17400002479553223 2.5280001163482666
-0.75 0.06599998474121094 2.630000114440918
-0.9779999852180481 -0.4440000057220459 1.6759999990463257
-0.3960000276565552 0.6600000858306885 1.6039999723434448
-0.3240000009536743 0.5820000171661377 1.777999997138977
-0.8880000114440918 -0.4440000057220459 2.053999900817871
-0.6480000019073486 0.10199999809265137 2.5759999752044678
-0.2999999523162842 0.4200000762939453 2.053999900817871
-0.8700000047683716 0.03600001335144043 2.677999973297119
-0.41999995708465576 -0.04799997806549072 1.7540000677108765
-0.38399994373321533 0.6540000438690186 1.628000020980835
-0.8519999980926514 -0.12000000476837158 2.5759999752044678
-0.8519999980926514 -0.26999998092651367 2.4260001182556152
-0.34800004959106445 0.6119999885559082 1.7000000476837158
-0.2940000295639038 0.4620000123977661 1.9760000705718994
-0.8519999980926514 -0.1499999761581421 2.552000045776367
-0.8460000157356262 -0.22200000286102295 2.4800000190734863
-0.41999995708465576 0.6779999732971191 1.562000036239624
-0.972000002861023 -0.4440000057220459 1.6759999990463257
-0.8759999871253967 -0.41999995708465576 2.1500000953674316
-0.41999995708465576 -0.04799997806549072 1.7480000257492065
-0.4440000057220459 -0.09000003337860107 1.7540000677108765
-0.8579999804496765 -0.3240000009536743 2.3540000915527344
-0.8519999980926514 -0.20399999618530273 2.503999948501587
-0.2940000295639038 0.4919999837875366 1.9279999732971191
-0.2999999523162842 0.5280001163482666 1.8799999952316284
-0.8519999980926514 -0.22800004482269287 2.4800000190734863
-0.9779999852180481 -0.4320000410079956 1.628000020980835
-0.3539999723434448 0.1260000467300415 1.7000000476837158
-0.7979999780654907 0.04799997806549072 2.6540000438690186
-0.7919999957084656 0.054000020027160645 2.6540000438690186
-0.2999999523162842 0.40799999237060547 2.078000068664551
-0.34800004959106445 0.14400005340576172 1.7000000476837158
-0.8519999980926514 -0.1260000467300415 2.5759999752044678
-0.8460000157356262 -0.09000003337860107 2.5999999046325684
-0.8460000157356262 -0.1979999542236328 2.509999990463257
-0.8519999980926514 -0.156000018119812 2.552000045776367
-0.8640000224113464 -0.37199997901916504 2.2760000228881836
-0.8519999980926514 -0.2760000228881836 2.4260001182556152
-0.9839999675750732 -0.4440000057220459 1.6519999504089355
-0.3960000276565552 -0.023999929428100586 1.777999997138977
-0.8519999980926514 -0.2580000162124634 2.450000047683716
-0.8819999694824219 -0.4440000057220459 2.078000068664551
-0.3359999656677246 0.18000006675720215 1.7000000476837158
-0.8939999938011169 -0.0419999361038208 2.6540000438690186
-0.34200000762939453 0.156000018119812 1.7000000476837158
-0.2999999523162842 0.5399999618530273 1.850000023841858
-0.2879999876022339 0.4320000410079956 2.0
-0.8519999980926514 -0.18599998950958252 2.5280001163482666
-0.2879999876022339 0.4440000057220459 1.99399995803833
-0.3960000276565552 -0.023999929428100586 1.7719999551773071
-0.8460000157356262 -0.24599993228912354 2.4619998931884766
-0.33000004291534424 0.20399999618530273 1.7000000476837158
-0.2940000295639038 0.4320000410079956 2.053999900817871
-0.8700000047683716 -0.41999995708465576 2.1620001792907715
-0.7199999690055847 0.07200002670288086 2.624000072479248
-0.3240000009536743 0.5940001010894775 1.7540000677108765
-0.8460000157356262 -0.12000000476837158 2.5820000171661377
-0.8460000157356262 -0.1499999761581421 2.558000087738037
-0.37800002098083496 0.0 1.8020000457763672
-0.8759999871253967 -0.07200002670288086 2.630000114440918
-0.8640000224113464 -0.3960000276565552 2.2280001640319824
-0.906000018119812 -0.4679999351501465 1.9520000219345093
-0.6840000152587891 0.08399999141693115 2.6059999465942383
-0.33000004291534424 0.20399999618530273 1.694000005722046
-0.972000002861023 -0.4440000057220459 1.6519999504089355
-0.9839999675750732 -0.41999995708465576 1.5800000429153442
-0.36000001430511475 0.029999971389770508 1.8259999752044678
-0.3539999723434448 0.11399996280670166 1.694000005722046
-0.9900000095367432 -0.4140000343322754 1.562000036239624
-0.36000001430511475 0.04799997806549072 1.7719999551773071
-0.8460000157356262 0.03600001335144043 2.677999973297119
-0.9300000071525574 -0.4739999771118164 1.850000023841858
-0.8460000157356262 -0.17400002479553223 2.5399999618530273
-0.37199997901916504 0.6480000019073486 1.628000020980835
-0.4259999990463257 -0.07200002670288086 1.7419999837875366
-0.9359999895095825 -0.4739999771118164 1.8259999752044678
-0.8519999980926514 -0.09599995613098145 2.6059999465942383
-0.8519999980926514 -0.2999999523162842 2.4019999504089355
-0.37800002098083496 -0.006000041961669922 1.8020000457763672
-0.8579999804496765 -0.34800004959106445 2.3299999237060547
-0.34800004959106445 0.624000072479248 1.6759999990463257
-0.8999999761581421 0.0 2.684000015258789
-0.3539999723434448 0.10199999809265137 1.7000000476837158
-0.9179999828338623 -0.4739999771118164 1.8799999952316284
-0.9240000247955322 -0.4739999771118164 1.850000023841858
-0.9419999718666077 -0.4739999771118164 1.8020000457763672
-0.8519999980926514 -0.3179999589920044 2.378000020980835
-0.37199997901916504 0.6540000438690186 1.628000020980835
-0.9240000247955322 -0.4739999771118164 1.843999981880188
-0.9120000004768372 -0.4739999771118164 1.9040000438690186
-0.28199994564056396 0.46800005435943604 1.9220000505447388
-0.7739999890327454 0.054000020027160645 2.6540000438690186
-0.28199994564056396 0.46800005435943604 1.934000015258789
-0.7199999690055847 0.07200002670288086 2.630000114440918
-0.34800004959106445 0.630000114440918 1.6759999990463257
-0.8700000047683716 -0.41999995708465576 2.180000066757202
-0.8460000157356262 -0.09599995613098145 2.6059999465942383
-0.28199994564056396 0.46800005435943604 1.9520000219345093
-0.8759999871253967 -0.437999963760376 2.125999927520752
-0.2879999876022339 0.5160000324249268 1.8799999952316284
-0.8759999871253967 -0.4440000057220459 2.1019999980926514
-0.37199997901916504 0.0 1.8020000457763672
-0.3960000276565552 0.6719999313354492 1.5800000429153442
-0.3539999723434448 0.09000003337860107 1.7059999704360962
-0.9480000138282776 -0.4739999771118164 1.777999997138977
-0.8460000157356262 -0.26999998092651367 2.444000005722046
-0.906000018119812 -0.4739999771118164 1.9279999732971191
-0.33000004291534424 0.18000006675720215 1.694000005722046
-0.2879999876022339 0.5280001163482666 1.9279999732971191
-0.3240000009536743 0.5999999046325684 1.7300000190734863
-0.2879999876022339 0.5220000743865967 1.8739999532699585
-0.3539999723434448 0.07200002670288086 1.7300000190734863
-0.906000018119812 -0.023999929428100586 2.677999973297119
-0.28199994564056396 0.4919999837875366 1.9040000438690186
-0.8519999980926514 -0.3059999942779541 2.4019999504089355
-0.671999990940094 0.08399999141693115 2.6059999465942383
-0.3240000009536743 0.6059999465942383 1.7300000190734863
-0.312000036239624 0.24600005149841309 1.7059999704360962
-0.972000002861023 -0.4320000410079956 1.5980000495910645
-0.9480000138282776 -0.4739999771118164 1.7660000324249268
-0.9120000004768372 -0.029999971389770508 2.677999973297119
-0.8999999761581421 -0.4739999771118164 1.940000057220459
-0.8460000157356262 -0.2999999523162842 2.4079999923706055
-0.8999999761581421 -0.4739999771118164 1.9520000219345093
-0.972000002861023 -0.4440000057220459 1.628000020980835
-0.9539999961853027 -0.4739999771118164 1.7540000677108765
-0.8999999761581421 -0.023999929428100586 2.677999973297119
-0.34800004959106445 0.10199999809265137 1.7000000476837158
-0.8460000157356262 -0.22200000286102295 2.503999948501587
-0.8460000157356262 -0.1979999542236328 2.5280001163482666
-0.8519999980926514 -0.10800004005432129 2.6059999465942383
-0.8999999761581421 -0.4739999771118164 1.9760000705718994
-0.2940000295639038 0.5520000457763672 1.8259999752044678
-0.8460000157356262 -0.26999998092651367 2.450000047683716
-0.8700000047683716 -0.4440000057220459 2.113999843597412
-0.9660000205039978 -0.4739999771118164 1.7300000190734863
-0.8460000157356262 -0.24599993228912354 2.4800000190734863
-0.8460000157356262 -0.17400002479553223 2.552000045776367
-0.8219999670982361 0.03600001335144043 2.677999973297119
-0.8579999804496765 -0.3960000276565552 2.251999855041504
-0.4320000410079956 -0.09599995613098145 1.7360000610351562
-0.2999999523162842 0.5759999752044678 1.8020000457763672
-0.34800004959106445 0.060000061988830566 1.7540000677108765
-0.8759999871253967 -0.08399999141693115 2.635999917984009
-0.7739999890327454 0.04799997806549072 2.6600000858306885
-0.34800004959106445 0.04799997806549072 1.777999997138977
-0.8519999980926514 -0.37199997901916504 2.3000001907348633
-0.9839999675750732 -0.4320000410079956 1.5800000429153442
-0.34800004959106445 0.07200002670288086 1.7300000190734863
-0.34800004959106445 0.029999971389770508 1.8259999752044678
-0.8579999804496765 0.024000048637390137 2.690000057220459
-0.6959999799728394 0.07200002670288086 2.624000072479248
-0.8700000047683716 -0.4440000057220459 2.125999927520752
-0.3960000276565552 0.6719999313354492 1.562000036239624
-0.34800004959106445 0.04799997806549072 1.7719999551773071
-0.3179999589920044 0.22800004482269287 1.6759999990463257
-0.34800004959106445 0.03600001335144043 1.8020000457763672
-0.3960000276565552 -0.04799997806549072 1.7599999904632568
-0.8460000157356262 -0.1499999761581421 2.5759999752044678
-0.8939999938011169 -0.4739999771118164 2.0
-1.121999979019165 -0.515999972820282 1.8259999752044678
-0.9300000071525574 -0.4859999418258667 1.850000023841858
-0.34200000762939453 0.1260000467300415 1.6759999990463257
-0.4140000343322754 -0.07200002670288086 1.7360000610351562
-0.8640000224113464 -0.41999995708465576 2.2039999961853027
-0.8640000224113464 -0.09000003337860107 2.630000114440918
-0.3059999942779541 0.25199997425079346 1.7000000476837158
-0.8460000157356262 -0.3240000009536743 2.384000062942505
-0.37199997901916504 0.6600000858306885 1.6039999723434448
-0.906000018119812 0.006000041961669922 2.7019999027252197
-0.9539999961853027 -0.4679999351501465 1.7000000476837158
-0.6299999952316284 0.09599995613098145 2.5880000591278076
-0.9480000138282776 -0.4739999771118164 1.7300000190734863
-0.34800004959106445 0.6419999599456787 1.6519999504089355
-0.9779999852180481 -0.4440000057220459 1.6039999723434448
-0.75 0.054000020027160645 2.6540000438690186
-0.8460000157356262 -0.34800004959106445 2.3480000495910645
-0.9900000095367432 -0.4559999704360962 1.628000020980835
-0.8880000114440918 -0.07200002670288086 2.6540000438690186
-0.906000018119812 -0.054000020027160645 2.671999931335449
-0.8519999980926514 -0.34800004959106445 2.3540000915527344
-0.9660000205039978 -0.48000001907348633 1.7300000190734863
-0.3539999723434448 0.006000041961669922 1.8259999752044678
-0.8759999871253967 -0.4559999704360962 2.1019999980926514
-0.33000004291534424 0.156000018119812 1.6759999990463257
-0.972000002861023 -0.4440000057220459 1.6039999723434448
-0.6959999799728394 0.07200002670288086 2.630000114440918
-0.38999998569488525 0.6779999732971191 1.5679999589920044
-0.6480000019073486 0.09599995613098145 2.6059999465942383
-0.3240000009536743 0.6180000305175781 1.7000000476837158
-0.34200000762939453 0.09599995613098145 1.694000005722046
-0.3240000009536743 0.17400002479553223 1.6759999990463257
-0.8460000157356262 -0.12000000476837158 2.6059999465942383
-0.8700000047683716 -0.4440000057220459 2.1500000953674316
-0.34200000762939453 0.09000003337860107 1.7000000476837158
-0.8460000157356262 -0.34800004959106445 2.3540000915527344
-0.37199997901916504 -0.023999929428100586 1.784000039100647
-0.8999999761581421 0.0 2.7019999027252197
-1.0859999656677246 -0.515999972820282 1.8020000457763672
-0.28199994564056396 0.5460000038146973 1.8380000591278076
-0.8519999980926514 -0.3659999370574951 2.3299999237060547
-0.8819999694824219 -0.4739999771118164 2.0299999713897705
-0.38399994373321533 -0.04799997806549072 1.777999997138977
-0.8399999737739563 -0.2999999523162842 2.4260001182556152
-0.40199995040893555 -0.07200002670288086 1.7540000677108765
-0.2879999876022339 0.564000129699707 1.8020000457763672
-0.3179999589920044 0.18599998950958252 1.6759999990463257
-1.1039999723434448 -0.515999972820282 1.777999997138977
-0.7919999957084656 0.04200005531311035 2.677999973297119
-0.8700000047683716 0.018000006675720215 2.7019999027252197
-0.9660000205039978 -0.4559999704360962 1.628000020980835
-0.3659999370574951 -0.023999929428100586 1.8020000457763672
-1.0799999237060547 -0.5220000147819519 1.8380000591278076
-0.312000036239624 0.21000003814697266 1.6759999990463257
-0.8460000157356262 0.024000048637390137 2.696000099182129
-0.8939999938011169 -0.04799997806549072 2.677999973297119
-0.8519999980926514 -0.38399994373321533 2.3000001907348633
-1.0920000076293945 -0.515999972820282 1.777999997138977
-0.34800004959106445 0.6480000019073486 1.6340000629425049
-0.9779999852180481 -0.4559999704360962 1.6160000562667847
-0.8519999980926514 -0.3960000276565552 2.2760000228881836
-1.1159999370574951 -0.5220000147819519 1.8020000457763672
-0.75 0.04799997806549072 2.6600000858306885
-0.8759999871253967 -0.07799994945526123 2.6540000438690186
-0.9660000205039978 -0.4559999704360962 1.621999979019165
-0.8819999694824219 -0.4739999771118164 2.053999900817871
-0.9419999718666077 -0.4739999771118164 1.7000000476837158
-0.8759999871253967 -0.4679999351501465 2.078000068664551
-0.906000018119812 -0.4919999837875366 1.9279999732971191
-1.0740000009536743 -0.5220000147819519 1.8259999752044678
-0.8460000157356262 -0.3240000009536743 2.4019999504089355
-0.8460000157356262 -0.09599995613098145 2.630000114440918
-0.40199995040893555 -0.07799994945526123 1.7540000677108765
-0.3240000009536743 0.624000072479248 1.6820000410079956
-0.8579999804496765 -0.41999995708465576 2.2280001640319824
-0.34800004959106445 0.0 1.8259999752044678
-0.2999999523162842 0.25199997425079346 1.6820000410079956
-0.34800004959106445 0.0 1.8200000524520874
-0.4320000410079956 -0.12000000476837158 1.7300000190734863
-0.9480000138282776 -0.4679999351501465 1.6640000343322754
-0.3960000276565552 -0.07200002670288086 1.7540000677108765
-0.2760000228881836 0.5580000877380371 1.8560000658035278
-0.34800004959106445 0.6540000438690186 1.628000020980835
-0.36000001430511475 -0.03600001335144043 1.8680000305175781
-0.9539999961853027 -0.4739999771118164 1.6759999990463257
-0.37199997901916504 0.6719999313354492 1.5800000429153442
-0.2999999523162842 0.5999999046325684 1.7419999837875366
-0.3960000276565552 -0.07200002670288086 1.7480000257492065
-0.9240000247955322 -0.49800002574920654 1.850000023841858
-0.8460000157356262 0.024000048637390137 2.7019999027252197
-0.8460000157356262 -0.37199997901916504 2.3299999237060547
-0.3240000009536743 0.630000114440918 1.6759999990463257
-0.8399999737739563 -0.22200000286102295 2.5280001163482666
-0.9300000071525574 -0.49800002574920654 1.8259999752044678
-0.3059999942779541 0.22800004482269287 1.6640000343322754
-0.4140000343322754 -0.09599995613098145 1.7300000190734863
-0.9539999961853027 -0.4679999351501465 1.6519999504089355
-0.8880000114440918 -0.011999964714050293 2.7019999027252197
-1.062000036239624 -0.5220000147819519 1.8020000457763672
-0.8399999737739563 -0.24599993228912354 2.503999948501587
-1.1039999723434448 -0.5220000147819519 1.7719999551773071
-0.9480000138282776 -0.4739999771118164 1.6759999990463257
-0.33000004291534424 0.1260000467300415 1.6640000343322754
-0.9120000004768372 -0.49800002574920654 1.8799999952316284
-0.9240000247955322 -0.49800002574920654 1.8320000171661377
-0.37199997901916504 0.6779999732971191 1.5800000429153442
-0.7739999890327454 0.04200005531311035 2.677999973297119
-0.37199997901916504 0.6719999313354492 1.5740000009536743
-0.906000018119812 -0.49800002574920654 1.9040000438690186
-0.8460000157356262 -0.3960000276565552 2.2880001068115234
-0.9179999828338623 0.011999964714050293 2.7260000705718994
-0.8399999737739563 -0.2940000295639038 2.450000047683716
-0.8399999737739563 -0.17400002479553223 2.5759999752044678
-0.8399999737739563 -0.26999998092651367 2.4800000190734863
-0.33000004291534424 0.11399996280670166 1.6699999570846558
-0.8700000047683716 -0.4739999771118164 2.072000026702881
-0.33000004291534424 0.10800004005432129 1.6759999990463257
-0.8339999914169312 -0.1979999542236328 2.552000045776367
-0.671999990940094 0.07200002670288086 2.630000114440918
-0.7199999690055847 0.054000020027160645 2.6540000438690186
-0.8460000157356262 -0.34800004959106445 2.378000020980835
-0.9300000071525574 -0.49800002574920654 1.8020000457763672
-1.0679999589920044 -0.5220000147819519 1.777999997138977
-0.8579999804496765 -0.4440000057220459 2.180000066757202
-0.2999999523162842 0.6059999465942383 1.7300000190734863
-0.37199997901916504 -0.04799997806549072 1.777999997138977
-0.3539999723434448 -0.03600001335144043 1.8799999952316284
-0.8219999670982361 0.024000048637390137 2.696000099182129
-0.8700000047683716 -0.4739999771118164 2.078000068664551
-0.8999999761581421 -0.49800002574920654 1.9160000085830688
-0.8999999761581421 -0.49800002574920654 1.9279999732971191
-0.37800002098083496 -0.059999942779541016 1.777999997138977
-0.3059999942779541 0.20399999618530273 1.6640000343322754
-0.3539999723434448 -0.029999971389770508 1.8259999752044678
-1.0799999237060547 -0.5339999794960022 1.8560000658035278
-0.28199994564056396 0.5759999752044678 1.777999997138977
-1.0320000648498535 -0.5220000147819519 1.7960000038146973
-0.8519999980926514 -0.40799999237060547 2.2760000228881836
-0.37199997901916504 0.6779999732971191 1.5679999589920044
-1.0799999237060547 -0.5220000147819519 1.7540000677108765
-0.9300000071525574 -0.5040000081062317 1.8259999752044678
-0.8939999938011169 -0.49800002574920654 1.9520000219345093
-0.34800004959106445 -0.018000006675720215 1.8140000104904175
-0.3240000009536743 0.060000061988830566 1.7540000677108765
-0.9300000071525574 -0.49800002574920654 1.777999997138977
-1.0740000009536743 -0.5220000147819519 1.7540000677108765
-0.3240000009536743 0.04799997806549072 1.777999997138977
-0.9599999785423279 -0.48000001907348633 1.6640000343322754
-0.3240000009536743 0.07200002670288086 1.7300000190734863
-0.8460000157356262 -0.3960000276565552 2.3000001907348633
-0.8519999980926514 -0.41999995708465576 2.251999855041504
-1.0799999237060547 -0.5220000147819519 1.7480000257492065
-0.3179999589920044 0.156000018119812 1.6519999504089355
-0.6599999666213989 0.07800006866455078 2.630000114440918
-0.34800004959106445 -0.023999929428100586 1.8259999752044678
-0.3240000009536743 0.03600001335144043 1.8020000457763672
-0.9660000205039978 -0.4859999418258667 1.6759999990463257
-1.0740000009536743 -0.5220000147819519 1.7480000257492065
-0.3240000009536743 0.09000003337860107 1.7000000476837158
-0.8700000047683716 -0.4739999771118164 2.1019999980926514
-0.41999995708465576 -0.12000000476837158 1.7300000190734863
-0.906000018119812 -0.0419999361038208 2.7019999027252197
-0.2760000228881836 0.564000129699707 1.777999997138977
-0.8219999670982361 0.024000048637390137 2.7019999027252197
-0.3240000009536743 0.09599995613098145 1.687999963760376
-0.9359999895095825 -0.49800002574920654 1.7540000677108765
-0.33000004291534424 0.006000041961669922 1.850000023841858
-0.8880000114440918 -0.49800002574920654 1.9760000705718994
-0.9419999718666077 -0.5040000081062317 1.777999997138977
-0.3240000009536743 0.024000048637390137 1.8259999752044678
-0.9300000071525574 -0.4919999837875366 1.7300000190734863
-0.41999995708465576 -0.12000000476837158 1.7239999771118164
-0.3240000009536743 0.6419999599456787 1.6519999504089355
-0.8399999737739563 -0.1499999761581421 2.6059999465942383
-0.8999999761581421 -0.0419999361038208 2.7019999027252197
-0.34800004959106445 -0.029999971389770508 1.8259999752044678
-0.34800004959106445 0.6660001277923584 1.6039999723434448
-0.9480000138282776 -0.4859999418258667 1.6820000410079956
-0.437999963760376 -0.1499999761581421 1.7300000190734863
-0.36000001430511475 -0.04799997806549072 1.8020000457763672
-0.34800004959106445 -0.029999971389770508 1.8200000524520874
-0.9480000138282776 -0.4919999837875366 1.7000000476837158
-0.2760000228881836 0.5699999332427979 1.7660000324249268
-0.3059999942779541 0.18599998950958252 1.6519999504089355
-0.9240000247955322 -0.49800002574920654 1.7540000677108765
-0.75 0.04200005531311035 2.677999973297119
-0.6480000019073486 0.08399999141693115 2.630000114440918
-0.8519999980926514 -0.4440000057220459 2.2039999961853027
-0.8819999694824219 -0.49800002574920654 2.0
-0.8399999737739563 -0.37199997901916504 2.3540000915527344
-1.0799999237060547 -0.5399999618530273 1.8320000171661377
-0.3960000276565552 -0.09599995613098145 1.7419999837875366
-0.8040000200271606 0.029999971389770508 2.7019999027252197
-0.8339999914169312 -0.3240000009536743 2.4260001182556152
-0.8339999914169312 -0.12000000476837158 2.630000114440918
-0.8460000157356262 -0.41999995708465576 2.2639999389648438
-0.906000018119812 -0.5099999904632568 1.9040000438690186
-0.2999999523162842 0.20399999618530273 1.6519999504089355
-0.9300000071525574 -0.5040000081062317 1.7660000324249268
-0.9599999785423279 -0.49800002574920654 1.7000000476837158
-0.26999998092651367 0.564000129699707 1.777999997138977
-0.2999999523162842 0.624000072479248 1.7000000476837158
-0.7199999690055847 0.04799997806549072 2.6660001277923584
-0.3059999942779541 0.18000006675720215 1.6460000276565552
-0.9539999961853027 -0.5040000081062317 1.7300000190734863
-0.8759999871253967 -0.4919999837875366 2.053999900817871
-0.2999999523162842 0.19800007343292236 1.6519999504089355
-0.37199997901916504 -0.07200002670288086 1.777999997138977
-0.3240000009536743 0.6480000019073486 1.6399999856948853
-0.8640000224113464 -0.4739999771118164 2.125999927520752
-0.6959999799728394 0.054000020027160645 2.6540000438690186
-0.2940000295639038 0.22800004482269287 1.6519999504089355
-0.6420000195503235 0.07200002670288086 2.624000072479248
-0.3179999589920044 0.1260000467300415 1.6519999504089355
-0.3179999589920044 0.10199999809265137 1.6759999990463257
-0.38999998569488525 -0.09599995613098145 1.7540000677108765
-0.7979999780654907 0.029999971389770508 2.7019999027252197
-0.8880000114440918 0.0 2.7260000705718994
-0.2999999523162842 0.624000072479248 1.694000005722046
-0.312000036239624 0.07800006866455078 1.7300000190734863
-0.26999998092651367 0.5520000457763672 1.7540000677108765
-0.2879999876022339 0.2580000162124634 1.6519999504089355
-1.055999994277954 -0.5399999618530273 1.8259999752044678
-0.4440000057220459 -0.1679999828338623 1.7300000190734863
-0.2760000228881836 0.5820000171661377 1.7540000677108765
-0.9240000247955322 -0.49800002574920654 1.7300000190734863
-0.3240000009536743 0.0 1.850000023841858
-0.37199997901916504 -0.07200002670288086 1.7660000324249268
-0.8759999871253967 -0.49800002574920654 2.0299999713897705
-0.9240000247955322 -0.4919999837875366 1.7000000476837158
-0.8460000157356262 -0.41999995708465576 2.2760000228881836
-0.7979999780654907 0.024000048637390137 2.7019999027252197
-0.8339999914169312 -0.24599993228912354 2.5280001163482666
-0.9359999895095825 -0.515999972820282 1.8020000457763672
-1.055999994277954 -0.5399999618530273 1.8020000457763672
-0.8339999914169312 -0.34800004959106445 2.4019999504089355
-0.3539999723434448 -0.059999942779541016 1.8200000524520874
-0.8519999980926514 -0.4440000057220459 2.2280001640319824
-1.055999994277954 -0.5460000038146973 1.850000023841858
-0.9419999718666077 -0.5040000081062317 1.718000054359436
-0.3240000009536743 0.6540000438690186 1.628000020980835
-0.828000009059906 -0.22200000286102295 2.552000045776367
-0.34800004959106445 0.6719999313354492 1.5800000429153442
-1.1340000629425049 -0.5460000038146973 1.784000039100647
-1.0499999523162842 -0.5460000038146973 1.850000023841858
-0.3059999942779541 0.054000020027160645 1.777999997138977
-0.8700000047683716 -0.49800002574920654 2.047999858856201
-0.8700000047683716 0.0 2.7260000705718994
-0.828000009059906 -0.1979999542236328 2.5759999752044678
-0.828000009059906 -0.26999998092651367 2.503999948501587
-0.8399999737739563 -0.3960000276565552 2.3299999237060547
-0.9480000138282776 -0.5099999904632568 1.7300000190734863
-0.8460000157356262 -0.4440000057220459 2.2280001640319824
-1.121999979019165 -0.5460000038146973 1.777999997138977
-0.8519999980926514 -0.11399996280670166 2.6540000438690186
-0.9240000247955322 -0.5040000081062317 1.7300000190734863
-0.34800004959106445 0.6779999732971191 1.5800000429153442
-0.8700000047683716 -0.49800002574920654 2.053999900817871
-1.0920000076293945 -0.5399999618530273 1.7540000677108765
-0.312000036239624 0.12000000476837158 1.6519999504089355
-0.4259999990463257 -0.1499999761581421 1.718000054359436
-0.8579999804496765 -0.4739999771118164 2.1500000953674316
-0.6480000019073486 0.06599998474121094 2.635999917984009
-1.128000020980835 -0.5460000038146973 1.7719999551773071
-0.8759999871253967 -0.5040000081062317 2.0299999713897705
-0.8880000114440918 -0.018000006675720215 2.7260000705718994
-0.2999999523162842 0.6359999179840088 1.6759999990463257
-1.0440000295639038 -0.5460000038146973 1.8259999752044678
-0.3059999942779541 0.156000018119812 1.6340000629425049
-0.34800004959106445 0.6779999732971191 1.5740000009536743
-0.6899999976158142 0.04799997806549072 2.6600000858306885
-0.671999990940094 0.060000061988830566 2.6540000438690186
-0.26399993896484375 0.5460000038146973 1.7300000190734863
-0.34800004959106445 -0.06599998474121094 1.8380000591278076
-1.0499999523162842 -0.5460000038146973 1.8020000457763672
-0.7739999890327454 0.029999971389770508 2.7019999027252197
-0.2580000162124634 0.5099999904632568 1.7300000190734863
-0.906000018119812 -0.5220000147819519 1.8799999952316284
-0.9120000004768372 -0.5220000147819519 1.850000023841858
-0.8640000224113464 -0.029999971389770508 2.7139999866485596
-0.7199999690055847 0.04200005531311035 2.677999973297119
-0.8339999914169312 -0.37199997901916504 2.378000020980835
-0.2999999523162842 0.06599998474121094 1.7540000677108765
-0.26399993896484375 0.5520000457763672 1.7300000190734863
-0.3960000276565552 -0.12000000476837158 1.7360000610351562
-0.2999999523162842 0.054000020027160645 1.777999997138977
-0.8339999914169312 -0.3240000009536743 2.450000047683716
-0.2580000162124634 0.4559999704360962 1.7000000476837158
-0.906000018119812 -0.515999972820282 1.8020000457763672
-0.8999999761581421 -0.5220000147819519 1.9040000438690186
-0.3059999942779541 0.14400005340576172 1.6340000629425049
-1.1100000143051147 -0.5460000038146973 1.7540000677108765
-0.2999999523162842 0.07800006866455078 1.7300000190734863
-0.8460000157356262 0.006000041961669922 2.7260000705718994
-0.8999999761581421 -0.5220000147819519 1.8860000371932983
-0.2879999876022339 0.630000114440918 1.7000000476837158
-0.33000004291534424 -0.0419999361038208 1.8799999952316284
-0.2999999523162842 0.07200002670288086 1.7360000610351562
-1.1100000143051147 -0.5460000038146973 1.7480000257492065
-0.7739999890327454 0.024000048637390137 2.7019999027252197
-0.8640000224113464 -0.49800002574920654 2.078000068664551
-1.0499999523162842 -0.5460000038146973 1.784000039100647
-1.055999994277954 -0.5460000038146973 1.777999997138977
-0.8519999980926514 -0.4620000123977661 2.2039999961853027
-0.828000009059906 -0.17400002479553223 2.6059999465942383
-0.828000009059906 -0.2999999523162842 2.4800000190734863
-0.8939999938011169 -0.5220000147819519 1.9279999732971191
-0.3240000009536743 -0.023999929428100586 1.8320000171661377
-0.2999999523162842 0.04799997806549072 1.777999997138977
-0.33000004291534424 -0.0419999361038208 1.8560000658035278
-0.828000009059906 -0.21000003814697266 2.5759999752044678
-0.2999999523162842 0.029999971389770508 1.8259999752044678
-0.8399999737739563 -0.41999995708465576 2.3000001907348633
-0.2999999523162842 0.03600001335144043 1.8020000457763672
-0.906000018119812 -0.5220000147819519 1.8259999752044678
-0.37199997901916504 -0.09599995613098145 1.7599999904632568
-0.2999999523162842 0.09000003337860107 1.7000000476837158
-1.062000036239624 -0.5579999685287476 1.8680000305175781
-0.828000009059906 -0.28199994564056396 2.503999948501587
-0.8460000157356262 -0.4440000057220459 2.251999855041504
-0.2940000295639038 0.18599998950958252 1.628000020980835
-0.36000001430511475 -0.09599995613098145 1.8320000171661377
-0.8880000114440918 -0.5220000147819519 1.9520000219345093
-0.8219999670982361 -0.22200000286102295 2.564000129699707
-0.9179999828338623 -0.5099999904632568 1.7239999771118164
-0.2999999523162842 0.09599995613098145 1.687999963760376
-0.2580000162124634 0.4320000410079956 1.6759999990463257
-0.2999999523162842 0.156000018119812 1.628000020980835
-1.062000036239624 -0.5460000038146973 1.7540000677108765
-0.2999999523162842 0.024000048637390137 1.8259999752044678
-0.906000018119812 -0.527999997138977 1.8799999952316284
-0.2999999523162842 0.018000006675720215 1.850000023841858
-0.3240000009536743 0.6660001277923584 1.6039999723434448
-0.26999998092651367 0.6059999465942383 1.7300000190734863
-0.2999999523162842 0.10199999809265137 1.6759999990463257
-0.828000009059906 -0.1499999761581421 2.630000114440918
-0.2580000162124634 0.4500000476837158 1.6759999990463257
-0.8640000224113464 -0.49800002574920654 2.1019999980926514
-0.8519999980926514 -0.4739999771118164 2.180000066757202
-0.2580000162124634 0.5099999904632568 1.7000000476837158
-1.1159999370574951 -0.5519999861717224 1.7540000677108765
-0.9120000004768372 -0.515999972820282 1.7540000677108765
-1.0799999237060547 -0.5460000038146973 1.7360000610351562
-0.4320000410079956 -0.17400002479553223 1.7120000123977661
-0.3240000009536743 -0.03600001335144043 1.8380000591278076
-0.906000018119812 -0.527999997138977 1.850000023841858
-0.4140000343322754 -0.1499999761581421 1.7120000123977661
-0.2999999523162842 0.6480000019073486 1.6519999504089355
-0.2999999523162842 0.12000000476837158 1.6519999504089355
-0.8219999670982361 0.011999964714050293 2.7260000705718994
-0.8819999694824219 -0.5220000147819519 1.9760000705718994
-0.906000018119812 -0.527999997138977 1.843999981880188
-0.828000009059906 -0.12000000476837158 2.6540000438690186
-0.828000009059906 -0.34800004959106445 2.4260001182556152
-1.0679999589920044 -0.5460000038146973 1.7360000610351562
-0.8219999670982361 -0.2999999523162842 2.4860000610351562
-0.8999999761581421 -0.5220000147819519 1.8020000457763672
-0.8700000047683716 -0.006000041961669922 2.73799991607666
-0.8219999670982361 -0.24599993228912354 2.5460000038146973
-0.8339999914169312 -0.3960000276565552 2.3540000915527344
-0.3240000009536743 -0.0419999361038208 1.850000023841858
-0.34800004959106445 -0.07200002670288086 1.784000039100647
-0.2999999523162842 0.6480000019073486 1.6460000276565552
-0.2999999523162842 0.12000000476837158 1.6460000276565552
-0.828000009059906 -0.18599998950958252 2.6059999465942383
-0.2760000228881836 0.25199997425079346 1.628000020980835
-0.906000018119812 -0.5220000147819519 1.777999997138977
-0.828000009059906 -0.24599993228912354 2.552000045776367
-0.75 0.029999971389770508 2.7019999027252197
-0.26999998092651367 0.2760000228881836 1.6340000629425049
-0.8219999670982361 -0.1979999542236328 2.5940001010894775
-0.28199994564056396 0.21000003814697266 1.628000020980835
-0.828000009059906 -0.26999998092651367 2.5280001163482666
-0.2580000162124634 0.5759999752044678 1.7300000190734863
-0.36000001430511475 -0.10199999809265137 1.8020000457763672
-0.8759999871253967 -0.5220000147819519 2.0
-0.36000001430511475 -0.09599995613098145 1.777999997138977
-0.828000009059906 -0.1260000467300415 2.6540000438690186
-0.25199997425079346 0.38999998569488525 1.6699999570846558
-0.2760000228881836 0.25199997425079346 1.621999979019165
-0.8999999761581421 -0.5220000147819519 1.777999997138977
-0.8460000157356262 -0.4739999771118164 2.191999912261963
-0.8519999980926514 -0.48000001907348633 2.180000066757202
-0.34800004959106445 -0.07799994945526123 1.784000039100647
-0.828000009059906 -0.3359999656677246 2.450000047683716
-0.6959999799728394 0.04200005531311035 2.677999973297119
-0.2760000228881836 0.23399996757507324 1.628000020980835
-0.37800002098083496 -0.12000000476837158 1.7540000677108765
-0.8219999670982361 -0.24599993228912354 2.552000045776367
-0.75 0.024000048637390137 2.7019999027252197
-0.828000009059906 -0.3539999723434448 2.4260001182556152
-0.8219999670982361 -0.22200000286102295 2.5759999752044678
-0.8219999670982361 -0.26999998092651367 2.5280001163482666
-0.3539999723434448 -0.09599995613098145 1.8020000457763672
-0.828000009059906 -0.16199994087219238 2.630000114440918
-0.40199995040893555 -0.1499999761581421 1.7300000190734863
-0.8700000047683716 -0.5220000147819519 2.00600004196167
-0.3240000009536743 0.6719999313354492 1.5859999656677246
-0.6840000152587891 0.054000020027160645 2.677999973297119
-0.9179999828338623 -0.527999997138977 1.7660000324249268
-0.25199997425079346 0.5039999485015869 1.687999963760376
-0.828000009059906 -0.37199997901916504 2.4019999504089355
-0.25199997425079346 0.48000001907348633 1.6759999990463257
-0.3059999942779541 -0.018000006675720215 1.850000023841858
-0.25199997425079346 0.36600005626678467 1.6579999923706055
-0.25199997425079346 0.5280001163482666 1.7000000476837158
-0.8399999737739563 -0.4440000057220459 2.2760000228881836
-0.8219999670982361 -0.12000000476837158 2.6600000858306885
-0.2760000228881836 0.22800004482269287 1.621999979019165
-0.8519999980926514 -0.11399996280670166 2.677999973297119
-0.8519999980926514 -0.49800002574920654 2.125999927520752
-0.8460000157356262 -0.4739999771118164 2.2039999961853027
-0.8219999670982361 -0.3240000009536743 2.4679999351501465
-0.25199997425079346 0.4500000476837158 1.6640000343322754
-0.37800002098083496 -0.1260000467300415 1.7540000677108765
-0.828000009059906 -0.3179999589920044 2.4800000190734863
-0.25199997425079346 0.5520000457763672 1.7120000123977661
-0.8700000047683716 -0.5220000147819519 2.0299999713897705
-0.2999999523162842 0.6540000438690186 1.628000020980835
-0.9359999895095825 -0.5399999618530273 1.7960000038146973
-0.8219999670982361 -0.34800004959106445 2.437999963760376
-0.40199995040893555 -0.156000018119812 1.7300000190734863
-0.26999998092651367 0.624000072479248 1.7000000476837158
-0.8759999871253967 -0.527999997138977 2.0
-0.3359999656677246 -0.07200002670288086 1.8020000457763672
-0.25199997425079346 0.4200000762939453 1.6519999504089355
-0.25199997425079346 0.4259999990463257 1.6519999504089355
-0.37199997901916504 -0.12000000476837158 1.7540000677108765
-0.8219999670982361 -0.1499999761581421 2.6419999599456787
-0.3240000009536743 0.6779999732971191 1.5800000429153442
-0.8219999670982361 -0.17400002479553223 2.624000072479248
-0.41999995708465576 -0.17400002479553223 1.7059999704360962
-0.8339999914169312 -0.41999995708465576 2.3299999237060547
-0.25199997425079346 0.5759999752044678 1.7239999771118164
-0.8880000114440918 -0.018000006675720215 2.75
-0.34800004959106445 -0.09599995613098145 1.8020000457763672
-0.3960000276565552 -0.1499999761581421 1.7300000190734863
-0.26999998092651367 0.630000114440918 1.7000000476837158
-0.37199997901916504 -0.12000000476837158 1.7480000257492065
-0.8219999670982361 -0.1979999542236328 2.6059999465942383
-0.8219999670982361 -0.2999999523162842 2.503999948501587
-1.0440000295639038 -0.5699999928474426 1.850000023841858
-0.3960000276565552 -0.1499999761581421 1.7239999771118164
-1.0260000228881836 -0.5699999928474426 1.9040000438690186
-0.9120000004768372 -0.5339999794960022 1.777999997138977
-0.25199997425079346 0.4020000696182251 1.6399999856948853
-0.25199997425079346 0.6119999885559082 1.7540000677108765
-0.2879999876022339 0.6540000438690186 1.6519999504089355
-1.0260000228881836 -0.5699999928474426 1.8799999952316284
-0.36000001430511475 -0.11399996280670166 1.777999997138977
-0.24599993228912354 0.48000001907348633 1.6759999990463257
-0.312000036239624 -0.04799997806549072 1.8799999952316284
-0.8519999980926514 -0.49800002574920654 2.1500000953674316
-0.24599993228912354 0.5280001163482666 1.7000000476837158
-0.8640000224113464 -0.5220000147819519 2.053999900817871
-0.8700000047683716 -0.011999964714050293 2.75
-1.0199999809265137 -0.5699999928474426 1.8799999952316284
-0.7919999957084656 0.006000041961669922 2.7260000705718994
-0.25199997425079346 0.37800002098083496 1.6340000629425049
-1.0199999809265137 -0.5699999928474426 1.8680000305175781
-0.828000009059906 -0.3960000276565552 2.378000020980835
-0.3240000009536743 -0.06599998474121094 1.8259999752044678
-0.2879999876022339 0.0 1.8799999952316284
-0.8219999670982361 -0.3240000009536743 2.4800000190734863
-0.8219999670982361 -0.17400002479553223 2.630000114440918
-1.0379999876022339 -0.5699999928474426 1.8259999752044678
-0.8399999737739563 -0.12000000476837158 2.677999973297119
-0.2879999876022339 0.13199996948242188 1.628000020980835
-0.8460000157356262 -0.49800002574920654 2.1500000953674316
-0.8219999670982361 -0.37199997901916504 2.4140000343322754
-0.6539999842643738 0.04799997806549072 2.6660001277923584
-0.2999999523162842 -0.023999929428100586 1.850000023841858
-0.2760000228881836 0.20399999618530273 1.6100000143051147
-0.2999999523162842 -0.023999929428100586 1.843999981880188
-0.8219999670982361 -0.34800004959106445 2.450000047683716
-0.24599993228912354 0.4320000410079956 1.6519999504089355
-1.0499999523162842 -0.5699999928474426 1.8020000457763672
-0.25199997425079346 0.3539999723434448 1.628000020980835
-0.828000009059906 -0.38399994373321533 2.4019999504089355
-0.7199999690055847 0.029999971389770508 2.7019999027252197
-0.28199994564056396 0.18000006675720215 1.6039999723434448
-0.8399999737739563 -0.4739999771118164 2.2280001640319824
-0.8939999938011169 -0.5339999794960022 1.777999997138977
-0.25199997425079346 0.33000004291534424 1.628000020980835
-0.24599993228912354 0.5759999752044678 1.718000054359436
-1.0260000228881836 -0.5759999752044678 1.9040000438690186
-0.25199997425079346 0.3179999589920044 1.628000020980835
-1.055999994277954 -0.5699999928474426 1.777999997138977
-0.8579999804496765 -0.10199999809265137 2.7019999027252197
-0.8519999980926514 -0.5099999904632568 2.125999927520752
-0.8939999938011169 -0.5460000038146973 1.8799999952316284
-0.8579999804496765 -0.5220000147819519 2.078000068664551
-0.8219999670982361 -0.1499999761581421 2.6540000438690186
-0.8460000157356262 -0.006000041961669922 2.75
-1.0499999523162842 -0.5699999928474426 1.777999997138977
-0.3359999656677246 -0.10199999809265137 1.850000023841858
-0.25199997425079346 0.3240000009536743 1.621999979019165
-0.8880000114440918 -0.5460000038146973 1.9279999732971191
-0.8880000114440918 -0.5460000038146973 1.9040000438690186
-0.3240000009536743 -0.07200002670288086 1.8020000457763672
-1.0499999523162842 -0.5699999928474426 1.7719999551773071
-0.6660000085830688 0.04200005531311035 2.677999973297119
-0.2999999523162842 -0.03600001335144043 1.850000023841858
-1.062000036239624 -0.5820000171661377 1.8680000305175781
-1.1100000143051147 -0.5699999928474426 1.7360000610351562
-0.828000009059906 -0.4440000057220459 2.3000001907348633
-0.8339999914169312 0.0 2.75
-0.26999998092651367 0.06599998474121094 1.7540000677108765
-0.26999998092651367 0.054000020027160645 1.777999997138977
-0.4259999990463257 -0.1979999542236328 1.7000000476837158
-0.26999998092651367 0.07200002670288086 1.7419999837875366
-0.8219999670982361 -0.37199997901916504 2.4260001182556152
-0.7739999890327454 0.006000041961669922 2.7260000705718994
-0.24000000953674316 0.5039999485015869 1.6759999990463257
-0.3359999656677246 -0.10199999809265137 1.8259999752044678
-0.26999998092651367 0.07800006866455078 1.7300000190734863
-1.062000036239624 -0.5699999928474426 1.7540000677108765
-0.24599993228912354 0.37800002098083496 1.628000020980835
-0.2999999523162842 0.6719999313354492 1.6039999723434448
-1.0920000076293945 -0.5699999928474426 1.7360000610351562
-0.26999998092651367 0.04200005531311035 1.8020000457763672
-0.26999998092651367 0.21000003814697266 1.6039999723434448
-0.8819999694824219 -0.5460000038146973 1.9520000219345093
-1.0379999876022339 -0.5820000171661377 1.9279999732971191
-0.28199994564056396 0.156000018119812 1.6039999723434448
-0.8219999670982361 -0.3960000276565552 2.3899998664855957
-0.26999998092651367 0.04799997806549072 1.784000039100647
-0.26999998092651367 0.09599995613098145 1.7000000476837158
-0.3539999723434448 -0.1260000467300415 1.7899999618530273
-0.24000000953674316 0.4500000476837158 1.6519999504089355
-0.24000000953674316 0.5520000457763672 1.7000000476837158
-0.24599993228912354 0.6119999885559082 1.7300000190734863
-0.828000009059906 -0.41999995708465576 2.3540000915527344
-0.8159999847412109 -0.24599993228912354 2.5759999752044678
-0.8159999847412109 -0.26999998092651367 2.552000045776367
-1.0799999237060547 -0.5879999995231628 1.9040000438690186
-0.2999999523162842 -0.04799997806549072 1.9040000438690186
-0.2999999523162842 0.6779999732971191 1.6039999723434448
-0.2999999523162842 0.6719999313354492 1.5980000495910645
-0.7199999690055847 0.024000048637390137 2.7079999446868896
-0.26999998092651367 0.029999971389770508 1.8259999752044678
-0.8999999761581421 -0.5460000038146973 1.8020000457763672
-0.2580000162124634 0.2760000228881836 1.6039999723434448
-1.0740000009536743 -0.5879999995231628 1.9040000438690186
-0.8700000047683716 -0.03600001335144043 2.75
-0.24000000953674316 0.5520000457763672 1.694000005722046
-0.8819999694824219 -0.5460000038146973 1.850000023841858
-1.0260000228881836 -0.5820000171661377 1.8860000371932983
-0.26399993896484375 0.22800004482269287 1.6039999723434448
-1.0740000009536743 -0.5699999928474426 1.7300000190734863
-0.8399999737739563 -0.49800002574920654 2.180000066757202
-0.26999998092651367 0.024000048637390137 1.8380000591278076
-0.26999998092651367 0.10800004005432129 1.6759999990463257
-0.8759999871253967 -0.5460000038146973 1.9760000705718994
-0.24599993228912354 0.630000114440918 1.7419999837875366
-0.8519999980926514 -0.5220000147819519 2.1019999980926514
-0.8219999670982361 0.0 2.75
-0.312000036239624 -0.07200002670288086 1.8560000658035278
-0.41999995708465576 -0.1979999542236328 1.7000000476837158
-0.8819999694824219 0.0 2.7739999294281006
-0.26999998092651367 0.018000006675720215 1.850000023841858
-0.2760000228881836 0.18000006675720215 1.5920000076293945
-0.8819999694824219 -0.5460000038146973 1.8259999752044678
-0.8700000047683716 -0.5460000038146973 1.9700000286102295
-1.055999994277954 -0.5879999995231628 1.8799999952316284
-0.2580000162124634 0.25199997425079346 1.6039999723434448
-0.3960000276565552 -0.17400002479553223 1.718000054359436
-0.8700000047683716 -0.5460000038146973 1.9760000705718994
-0.8339999914169312 -0.4739999771118164 2.251999855041504
-0.33000004291534424 -0.10199999809265137 1.8200000524520874
-0.24000000953674316 0.4020000696182251 1.628000020980835
-0.8219999670982361 -0.006000041961669922 2.75
-0.26999998092651367 0.12000000476837158 1.6519999504089355
-0.8219999670982361 -0.41999995708465576 2.3600001335144043
-0.828000009059906 -0.4259999990463257 2.3540000915527344
-0.6959999799728394 0.029999971389770508 2.7019999027252197
-0.8219999670982361 -0.3960000276565552 2.4019999504089355
-0.24599993228912354 0.624000072479248 1.718000054359436
-0.8700000047683716 -0.5460000038146973 2.0
-0.8159999847412109 -0.22200000286102295 2.6059999465942383
-0.8159999847412109 -0.2999999523162842 2.5280001163482666
-0.2760000228881836 0.14400005340576172 1.6100000143051147
-0.3240000009536743 -0.09000003337860107 1.8020000457763672
-0.23399996757507324 0.5039999485015869 1.6699999570846558
-0.8999999761581421 -0.5519999861717224 1.8079999685287476
-0.2760000228881836 0.1679999828338623 1.5920000076293945
-0.23399996757507324 0.5280001163482666 1.6820000410079956
-0.38999998569488525 -0.17400002479553223 1.7300000190734863
-0.25199997425079346 0.624000072479248 1.687999963760376
-0.37199997901916504 -0.1499999761581421 1.7360000610351562
-0.75 0.011999964714050293 2.7260000705718994
-1.0859999656677246 -0.5759999752044678 1.7300000190734863
-0.8460000157356262 -0.5220000147819519 2.113999843597412
-1.0740000009536743 -0.5759999752044678 1.7360000610351562
-0.26999998092651367 0.6540000438690186 1.6519999504089355
-0.2999999523162842 0.6779999732971191 1.5859999656677246
-0.2760000228881836 -0.011999964714050293 1.8799999952316284
-0.24599993228912354 0.33000004291534424 1.6039999723434448
-0.8759999871253967 -0.5519999861717224 1.9760000705718994
-0.3659999370574951 -0.1499999761581421 1.7540000677108765
-0.8159999847412109 -0.3240000009536743 2.503999948501587
-0.8159999847412109 -0.1979999542236328 2.630000114440918
-0.828000009059906 -0.4559999704360962 2.3000001907348633
-0.4320000410079956 -0.22200000286102295 1.7000000476837158
-0.26999998092651367 0.0 1.8799999952316284
-0.8399999737739563 -0.49800002574920654 2.2039999961853027
-0.24599993228912354 0.3179999589920044 1.6039999723434448
-0.25199997425079346 0.2760000228881836 1.5980000495910645
-0.26999998092651367 0.13199996948242188 1.628000020980835
-0.8460000157356262 -0.5220000147819519 2.125999927520752
-1.0740000009536743 -0.5820000171661377 1.7540000677108765
-1.1100000143051147 -0.5820000171661377 1.7360000610351562
-0.9779999852180481 -0.5820000171661377 1.9160000085830688
-0.828000009059906 -0.4440000057220459 2.3299999237060547
-0.3240000009536743 -0.10199999809265137 1.8140000104904175
-0.8640000224113464 -0.5460000038146973 2.0299999713897705
-0.26999998092651367 0.156000018119812 1.6039999723434448
-0.24599993228912354 0.630000114440918 1.7000000476837158
-0.25199997425079346 0.630000114440918 1.6759999990463257
-0.34200000762939453 -0.13199996948242188 1.8020000457763672
-0.8159999847412109 -0.17400002479553223 2.6540000438690186
-0.8159999847412109 -0.34800004959106445 2.4800000190734863
-0.828000009059906 -0.13199996948242188 2.690000057220459
-0.8219999670982361 -0.4440000057220459 2.3299999237060547
-0.26399993896484375 0.12000000476837158 1.6460000276565552
-0.8219999670982361 -0.41999995708465576 2.378000020980835
-0.8159999847412109 -0.37199997901916504 2.450000047683716
-0.6840000152587891 0.024000048637390137 2.7019999027252197
-0.8519999980926514 -0.5339999794960022 2.1019999980926514
-0.25199997425079346 0.25199997425079346 1.5920000076293945
-0.2999999523162842 -0.07200002670288086 1.850000023841858
-0.7979999780654907 -0.006000041961669922 2.75
-0.22800004482269287 0.48000001907348633 1.6519999504089355
-1.0260000228881836 -0.593999981880188 1.9700000286102295
-1.0499999523162842 -0.5879999995231628 1.777999997138977
-0.8460000157356262 -0.5220000147819519 2.1500000953674316
-0.8880000114440918 -0.5640000104904175 1.9040000438690186
-0.8759999871253967 -0.5579999685287476 1.850000023841858
-0.22800004482269287 0.4500000476837158 1.6399999856948853
-0.828000009059906 -0.4739999771118164 2.2760000228881836
-0.828000009059906 -0.4500000476837158 2.3299999237060547
-1.0499999523162842 -0.5879999995231628 1.7719999551773071
-0.22800004482269287 0.4259999990463257 1.6340000629425049
-0.26999998092651367 0.6600000858306885 1.628000020980835
-0.8579999804496765 -0.5460000038146973 2.053999900817871
-0.2999999523162842 -0.07200002670288086 1.8259999752044678
-0.2999999523162842 -0.07200002670288086 1.8200000524520874
-0.24599993228912354 0.630000114440918 1.6759999990463257
-0.8700000047683716 -0.5579999685287476 1.850000023841858
-0.8159999847412109 -0.1499999761581421 2.677999973297119
-0.8759999871253967 -0.029999971389770508 2.7739999294281006
-1.0019999742507935 -0.593999981880188 1.9520000219345093
-0.671999990940094 0.029999971389770508 2.7019999027252197
-0.41999995708465576 -0.22200000286102295 1.7000000476837158
-0.8339999914169312 -0.49800002574920654 2.2280001640319824
-0.8759999871253967 -0.5640000104904175 1.9279999732971191
-0.22800004482269287 0.4020000696182251 1.621999979019165
-0.8819999694824219 -0.023999929428100586 2.7799999713897705
-0.8100000023841858 -0.26999998092651367 2.5759999752044678
-0.23399996757507324 0.3539999723434448 1.6039999723434448
-0.8759999871253967 -0.5640000104904175 1.9520000219345093
-0.2580000162124634 0.21000003814697266 1.5800000429153442
-0.26399993896484375 0.18000006675720215 1.5800000429153442
-0.8759999871253967 -0.5640000104904175 1.8799999952316284
-0.24599993228912354 0.07200002670288086 1.7540000677108765
-0.34800004959106445 -0.14399993419647217 1.7599999904632568
-0.24599993228912354 0.060000061988830566 1.777999997138977
-0.41999995708465576 -0.22200000286102295 1.694000005722046
-0.437999963760376 -0.24599993228912354 1.7000000476837158
-0.26999998092651367 -0.023999929428100586 1.8619999885559082
-0.3960000276565552 -0.1979999542236328 1.7120000123977661
-0.24599993228912354 0.08399999141693115 1.7300000190734863
-0.312000036239624 -0.10199999809265137 1.8259999752044678
-0.8159999847412109 -0.3960000276565552 2.4260001182556152
-0.24599993228912354 0.04799997806549072 1.8020000457763672
-0.24599993228912354 0.07200002670288086 1.7480000257492065
-0.7199999690055847 0.011999964714050293 2.7260000705718994
-0.25199997425079346 0.6419999599456787 1.6519999504089355
-0.24599993228912354 0.04799997806549072 1.7960000038146973
-0.24599993228912354 0.10199999809265137 1.7000000476837158
-0.8519999980926514 -0.5460000038146973 2.078000068664551
-1.0199999809265137 -0.5999999642372131 1.8799999952316284
-0.24599993228912354 0.09599995613098145 1.7059999704360962
-0.37199997901916504 -0.17400002479553223 1.7300000190734863
-0.25199997425079346 0.22800004482269287 1.5800000429153442
-0.24599993228912354 0.03600001335144043 1.8259999752044678
-0.26399993896484375 0.1679999828338623 1.5800000429153442
-0.8219999670982361 -0.4739999771118164 2.2880001068115234
-0.26999998092651367 -0.029999971389770508 1.8619999885559082
-1.0260000228881836 -0.5999999642372131 1.850000023841858
-0.22800004482269287 0.37800002098083496 1.6100000143051147
-0.8700000047683716 -0.023999929428100586 2.7799999713897705
-0.8460000157356262 -0.5460000038146973 2.072000026702881
-1.0080000162124634 -0.5999999642372131 1.9279999732971191
-1.0080000162124634 -0.5999999642372131 1.9040000438690186
-0.22200000286102295 0.4140000343322754 1.628000020980835
-1.0199999809265137 -0.5999999642372131 1.850000023841858
-0.8759999871253967 -0.5640000104904175 1.8259999752044678
-0.8460000157356262 -0.5460000038146973 2.078000068664551
-1.0320000648498535 -0.5999999642372131 1.8259999752044678
-1.0799999237060547 -0.5999999642372131 1.777999997138977
-0.22200000286102295 0.4259999990463257 1.628000020980835
-0.24599993228912354 0.630000114440918 1.6519999504089355
-0.2760000228881836 -0.04799997806549072 1.8799999952316284
-1.0499999523162842 -0.5999999642372131 1.8020000457763672
-0.8100000023841858 -0.24599993228912354 2.6059999465942383
-0.8100000023841858 -0.2999999523162842 2.552000045776367
-0.7739999890327454 -0.006000041961669922 2.75
-1.121999979019165 -0.5999999642372131 1.7540000677108765
-1.0740000009536743 -0.5999999642372131 1.777999997138977
-0.7680000066757202 0.0 2.75
-0.25199997425079346 0.6480000019073486 1.6460000276565552
-0.24599993228912354 0.024000048637390137 1.850000023841858
-0.24599993228912354 0.024000048637390137 1.843999981880188
-0.9959999918937683 -0.5999999642372131 1.934000015258789
-0.8159999847412109 -0.4440000057220459 2.3540000915527344
-0.9959999918937683 -0.5999999642372131 1.9580000638961792
-0.3539999723434448 -0.16199994087219238 1.7540000677108765
-0.2760000228881836 -0.054000020027160645 1.9040000438690186
-0.2760000228881836 -0.054000020027160645 1.8980000019073486
-0.2580000162124634 0.1499999761581421 1.5980000495910645
-0.8100000023841858 -0.3240000009536743 2.5280001163482666
-0.8759999871253967 -0.03600001335144043 2.7799999713897705
-1.0980000495910645 -0.5999999642372131 1.7540000677108765
-0.24599993228912354 0.24000000953674316 1.5800000429153442
-0.38399994373321533 -0.1979999542236328 1.7300000190734863
-0.828000009059906 -0.4859999418258667 2.2760000228881836
-0.2999999523162842 -0.09000003337860107 1.8140000104904175
-0.24000000953674316 0.6180000305175781 1.6519999504089355
-0.8700000047683716 -0.5699999928474426 1.9279999732971191
-0.22200000286102295 0.4020000696182251 1.6160000562667847
-0.3059999942779541 -0.10800004005432129 1.850000023841858
-0.2580000162124634 0.1380000114440918 1.6039999723434448
-0.8339999914169312 -0.5220000147819519 2.180000066757202
-0.8219999670982361 -0.4739999771118164 2.3000001907348633
-0.22800004482269287 0.3539999723434448 1.5980000495910645
-0.8700000047683716 -0.5699999928474426 1.9520000219345093
-0.24000000953674316 0.2760000228881836 1.5800000429153442
-0.26999998092651367 0.6719999313354492 1.6039999723434448
-0.8519999980926514 -0.5519999861717224 2.078000068664551
-0.8700000047683716 -0.5699999928474426 1.8799999952316284
-0.8460000157356262 -0.5460000038146973 2.1019999980926514
-0.8159999847412109 -0.41999995708465576 2.4019999504089355
-0.8700000047683716 -0.5699999928474426 1.9760000705718994
-1.128000020980835 -0.6060000061988831 1.7660000324249268
-0.8040000200271606 -0.22200000286102295 2.630000114440918
-0.2999999523162842 -0.09599995613098145 1.8259999752044678
-0.8640000224113464 -0.5699999928474426 1.9040000438690186
-0.828000009059906 -0.49800002574920654 2.251999855041504
-1.0740000009536743 -0.6060000061988831 1.7899999618530273
-0.34800004959106445 -0.16199994087219238 1.7660000324249268
-0.26999998092651367 0.6779999732971191 1.6039999723434448
-0.8100000023841858 -0.34800004959106445 2.503999948501587
-0.26999998092651367 -0.04799997806549072 1.8799999952316284
-1.0080000162124634 -0.6060000061988831 1.9520000219345093
-0.24599993228912354 0.006000041961669922 1.8799999952316284
-0.24000000953674316 0.10199999809265137 1.687999963760376
-1.0499999523162842 -0.6060000061988831 1.8020000457763672
-0.24000000953674316 0.25199997425079346 1.5800000429153442
-0.671999990940094 0.024000048637390137 2.7139999866485596
-0.2580000162124634 -0.023999929428100586 1.8799999952316284
-0.8700000047683716 -0.0419999361038208 2.7799999713897705
-0.22200000286102295 0.37800002098083496 1.6039999723434448
-0.23399996757507324 0.30000007152557373 1.5800000429153442
-0.3359999656677246 -0.1499999761581421 1.777999997138977
-0.8460000157356262 -0.023999929428100586 2.7799999713897705
-0.22200000286102295 0.36600005626678467 1.6039999723434448
-0.26999998092651367 0.6779999732971191 1.5980000495910645
-0.2999999523162842 -0.10199999809265137 1.8259999752044678
-0.26999998092651367 -0.054000020027160645 1.934000015258789
-0.8040000200271606 -0.1979999542236328 2.6540000438690186
-0.23399996757507324 0.5820000171661377 1.628000020980835
-0.8640000224113464 -0.5699999928474426 2.0
-0.2999999523162842 -0.10199999809265137 1.8200000524520874
-0.4259999990463257 -0.24599993228912354 1.687999963760376
-0.24000000953674316 0.6119999885559082 1.628000020980835
-0.75 0.0 2.75
-0.22800004482269287 0.33000004291534424 1.5859999656677246
-1.128000020980835 -0.6119999885559082 1.777999997138977
-0.6959999799728394 0.011999964714050293 2.7260000705718994
-0.25199997425079346 0.20399999618530273 1.562000036239624
-0.8219999670982361 -0.49800002574920654 2.257999897003174
-1.0740000009536743 -0.6119999885559082 1.8020000457763672
-0.8100000023841858 -0.37199997901916504 2.4800000190734863
-0.8700000047683716 -0.5759999752044678 1.8799999952316284
-0.23399996757507324 0.5580000877380371 1.6039999723434448
-0.8399999737739563 -0.5460000038146973 2.125999927520752
-0.4440000057220459 -0.2760000228881836 1.7000000476837158
-0.8100000023841858 -0.3960000276565552 2.450000047683716
-0.8040000200271606 -0.17400002479553223 2.677999973297119
-0.828000009059906 -0.5220000147819519 2.2039999961853027
-0.37199997901916504 -0.1979999542236328 1.7300000190734863
-0.3960000276565552 -0.22200000286102295 1.7059999704360962
-0.23399996757507324 0.5460000038146973 1.5920000076293945
-0.8219999670982361 -0.018000006675720215 2.7799999713897705
-0.8159999847412109 -0.4440000057220459 2.378000020980835
-0.25199997425079346 0.17400002479553223 1.5679999589920044
-0.41999995708465576 -0.24599993228912354 1.687999963760376
-0.8640000224113464 -0.5759999752044678 1.8560000658035278
-0.24599993228912354 0.14400005340576172 1.6039999723434448
-0.828000009059906 -0.515999972820282 2.2280001640319824
-0.26399993896484375 -0.054000020027160645 1.8860000371932983
-0.25199997425079346 0.18000006675720215 1.562000036239624
-0.23399996757507324 0.5759999752044678 1.6039999723434448
-0.8040000200271606 -0.2940000295639038 2.5759999752044678
-0.2760000228881836 -0.07799994945526123 1.8680000305175781
-0.8519999980926514 -0.5699999928474426 2.0299999713897705
-0.8460000157356262 -0.029999971389770508 2.7860000133514404
-0.4140000343322754 -0.24599993228912354 1.7000000476837158
-0.22800004482269287 0.30000007152557373 1.5740000009536743
-0.8040000200271606 -0.21000003814697266 2.6540000438690186
-0.8100000023841858 -0.1499999761581421 2.7019999027252197
-1.0260000228881836 -0.6179999709129333 1.9639999866485596
-0.8219999670982361 -0.49800002574920654 2.2760000228881836
-0.22800004482269287 0.5160000324249268 1.5859999656677246
-0.8040000200271606 -0.24000000953674316 2.630000114440918
-1.0499999523162842 -0.6179999709129333 1.8259999752044678
-0.75 -0.006000041961669922 2.75600004196167
-0.22200000286102295 0.33000004291534424 1.5800000429153442
-0.21599996089935303 0.37800002098083496 1.5920000076293945
-0.3359999656677246 -0.1679999828338623 1.777999997138977
-0.24599993228912354 0.16200006008148193 1.5800000429153442
-0.24599993228912354 0.20399999618530273 1.555999994277954
-0.22200000286102295 0.3179999589920044 1.5800000429153442
-0.3240000009536743 -0.1499999761581421 1.777999997138977
-0.8159999847412109 -0.4739999771118164 2.3299999237060547
-0.8880000114440918 -0.029999971389770508 2.803999900817871
-0.8519999980926514 -0.5699999928474426 2.053999900817871
-0.7979999780654907 -0.24599993228912354 2.624000072479248
-0.24599993228912354 -0.023999929428100586 1.8799999952316284
-0.22200000286102295 0.054000020027160645 1.8020000457763672
-0.37800002098083496 -0.21599996089935303 1.7300000190734863
-0.8339999914169312 -0.5460000038146973 2.1500000953674316
-0.8040000200271606 -0.26999998092651367 2.6059999465942383
-1.0019999742507935 -0.6179999709129333 1.9279999732971191
-0.24000000953674316 0.22800004482269287 1.555999994277954
-0.8100000023841858 -0.41999995708465576 2.4260001182556152
-1.0199999809265137 -0.6179999709129333 1.843999981880188
-0.8040000200271606 -0.18599998950958252 2.677999973297119
-0.7979999780654907 -0.1979999542236328 2.6660001277923584
-0.22200000286102295 0.07200002670288086 1.7540000677108765
-1.0740000009536743 -0.6240000128746033 1.8259999752044678
-0.22200000286102295 0.060000061988830566 1.777999997138977
-0.22200000286102295 0.07800006866455078 1.7419999837875366
-0.8219999670982361 -0.5220000147819519 2.2220001220703125
-0.7979999780654907 -0.1499999761581421 2.7019999027252197
-0.8460000157356262 -0.5699999928474426 2.053999900817871
-0.8040000200271606 -0.3240000009536743 2.552000045776367
-0.7979999780654907 -0.22200000286102295 2.6480000019073486
-0.23399996757507324 0.6359999179840088 1.628000020980835
-0.22200000286102295 0.04799997806549072 1.8020000457763672
-0.8519999980926514 -0.5759999752044678 2.0299999713897705
-0.8040000200271606 -0.156000018119812 2.7019999027252197
-0.7979999780654907 -0.2999999523162842 2.5759999752044678
-0.7979999780654907 -0.26999998092651367 2.6059999465942383
-1.0859999656677246 -0.6240000128746033 1.8020000457763672
-0.4320000410079956 -0.26999998092651367 1.6820000410079956
-0.8700000047683716 -0.5879999995231628 1.9520000219345093
-0.8040000200271606 -0.3659999370574951 2.503999948501587
-1.121999979019165 -0.6240000128746033 1.777999997138977
-0.24000000953674316 0.1499999761581421 1.5920000076293945
-0.8880000114440918 -0.593999981880188 1.9040000438690186
-0.8219999670982361 -0.5220000147819519 2.2280001640319824
-0.22800004482269287 0.2760000228881836 1.562000036239624
-0.22200000286102295 0.03600001335144043 1.8259999752044678
-0.24599993228912354 0.18000006675720215 1.555999994277954
-0.7979999780654907 -0.018000006675720215 2.7799999713897705
-0.7199999690055847 0.0 2.75
-0.7979999780654907 -0.24599993228912354 2.630000114440918
-0.7979999780654907 -0.3240000009536743 2.552000045776367
-0.8040000200271606 -0.34800004959106445 2.5280001163482666
-1.0260000228881836 -0.6240000128746033 1.9760000705718994
-0.8640000224113464 -0.5879999995231628 1.9040000438690186
-0.22800004482269287 0.5039999485015869 1.562000036239624
-0.3059999942779541 -0.14399993419647217 1.8380000591278076
-0.24599993228912354 -0.03600001335144043 1.8799999952316284
-0.8460000157356262 -0.5699999928474426 2.078000068664551
-1.0260000228881836 -0.6240000128746033 1.850000023841858
-0.3059999942779541 -0.1380000114440918 1.8020000457763672
-0.22800004482269287 0.5520000457763672 1.5800000429153442
-0.7979999780654907 -0.17400002479553223 2.690000057220459
-1.0139999389648438 -0.6240000128746033 1.8799999952316284
-0.8219999670982361 -0.515999972820282 2.251999855041504
-0.22800004482269287 0.5759999752044678 1.5920000076293945
-0.3240000009536743 -0.16199994087219238 1.777999997138977
-0.22200000286102295 0.024000048637390137 1.850000023841858
-1.0859999656677246 -0.6240000128746033 1.777999997138977
-1.0199999809265137 -0.6240000128746033 1.850000023841858
-0.7979999780654907 -0.22200000286102295 2.6540000438690186
-0.7979999780654907 -0.34800004959106445 2.5280001163482666
-1.0019999742507935 -0.6240000128746033 1.9040000438690186
-0.23399996757507324 0.6540000438690186 1.628000020980835
-1.1039999723434448 -0.6240000128746033 1.7599999904632568
-1.128000020980835 -0.6299999952316284 1.7899999618530273
-0.22800004482269287 0.5520000457763672 1.5740000009536743
-0.9959999918937683 -0.6240000128746033 1.9279999732971191
-0.9959999918937683 -0.6240000128746033 1.9160000085830688
-0.8579999804496765 -0.5879999995231628 1.9760000705718994
-0.8040000200271606 -0.38999998569488525 2.4800000190734863
-0.22800004482269287 0.5280001163482666 1.562000036239624
-0.22800004482269287 0.6059999465942383 1.6039999723434448
-0.6660000085830688 0.006000041961669922 2.7260000705718994
-0.8100000023841858 -0.4440000057220459 2.4019999504089355
-0.22800004482269287 0.25199997425079346 1.555999994277954
-1.0499999523162842 -0.6299999952316284 1.843999981880188
-0.8040000200271606 -0.3539999723434448 2.5280001163482666
-1.0980000495910645 -0.6240000128746033 1.7540000677108765
-0.8159999847412109 -0.49800002574920654 2.3000001907348633
-0.37199997901916504 -0.22200000286102295 1.7300000190734863
-0.25199997425079346 -0.059999942779541016 1.9160000085830688
-0.21000003814697266 0.3539999723434448 1.5800000429153442
-0.22200000286102295 0.46800005435943604 1.555999994277954
-0.9900000095367432 -0.6240000128746033 1.9520000219345093
-0.3240000009536743 -0.17400002479553223 1.8020000457763672
-0.26399993896484375 -0.08399999141693115 1.8919999599456787
-0.828000009059906 -0.5460000038146973 2.180000066757202
-1.1519999504089355 -0.6359999775886536 1.8140000104904175
-0.22800004482269287 0.630000114440918 1.6160000562667847
-0.37199997901916504 -0.22200000286102295 1.7239999771118164
-0.7979999780654907 -0.37199997901916504 2.503999948501587
-0.7979999780654907 -0.1979999542236328 2.677999973297119
-0.8219999670982361 -0.029999971389770508 2.7920000553131104
-0.23399996757507324 -0.023999929428100586 1.9040000438690186
-0.828000009059906 -0.5399999618530273 2.2039999961853027
-0.3960000276565552 -0.24599993228912354 1.7000000476837158
-0.22200000286102295 0.006000041961669922 1.8799999952316284
-0.22200000286102295 0.5520000457763672 1.5800000429153442
-0.8399999737739563 -0.5699999928474426 2.1019999980926514
-1.0019999742507935 -0.6240000128746033 2.0180001258850098
-0.7199999690055847 -0.006000041961669922 2.75600004196167
-0.22200000286102295 0.2760000228881836 1.555999994277954
-0.9839999675750732 -0.6240000128746033 1.9760000705718994
-0.7979999780654907 -0.3960000276565552 2.4739999771118164
-0.24000000953674316 0.6719999313354492 1.6100000143051147
-0.34800004959106445 -0.1979999542236328 1.7419999837875366
-0.8100000023841858 -0.4739999771118164 2.3540000915527344
-0.9900000095367432 -0.6240000128746033 2.0
-0.8219999670982361 -0.5460000038146973 2.180000066757202
-0.41999995708465576 -0.26999998092651367 1.6820000410079956
-1.0199999809265137 -0.6299999952316284 1.8560000658035278
-0.22200000286102295 0.26999998092651367 1.555999994277954
-0.24599993228912354 -0.054000020027160645 1.8919999599456787
-0.22200000286102295 0.5999999046325684 1.6039999723434448
-0.8700000047683716 -0.04799997806549072 2.803999900817871
-0.26999998092651367 -0.09599995613098145 1.8380000591278076
-0.7739999890327454 -0.018000006675720215 2.7799999713897705
-0.2760000228881836 -0.11399996280670166 1.8799999952316284
-0.24599993228912354 0.6840000152587891 1.5980000495910645
-1.0799999237060547 -0.6240000128746033 1.7360000610351562
-0.22200000286102295 0.5099999904632568 1.555999994277954
-1.0740000009536743 -0.6359999775886536 1.8259999752044678
-0.22200000286102295 0.6059999465942383 1.6039999723434448
-1.0499999523162842 -0.6359999775886536 1.850000023841858
-0.8519999980926514 -0.593999981880188 1.9279999732971191
-0.24599993228912354 -0.059999942779541016 1.9279999732971191
-0.24599993228912354 -0.059999942779541016 1.9040000438690186
-0.34200000762939453 -0.1979999542236328 1.7540000677108765
-0.7979999780654907 -0.17400002479553223 2.7019999027252197
-0.7979999780654907 -0.3960000276565552 2.4800000190734863
-0.2760000228881836 -0.11399996280670166 1.850000023841858
-1.0080000162124634 -0.6299999952316284 2.00600004196167
-0.8040000200271606 -0.14399993419647217 2.7260000705718994
-0.8040000200271606 -0.41999995708465576 2.450000047683716
-0.24000000953674316 0.6779999732971191 1.6039999723434448
-0.972000002861023 -0.6240000128746033 2.00600004196167
-0.23399996757507324 0.17400002479553223 1.555999994277954
-0.21000003814697266 0.33000004291534424 1.562000036239624
-0.8339999914169312 -0.06599998474121094 2.7860000133514404
-0.4500000476837158 -0.3179999589920044 1.7059999704360962
-0.2999999523162842 -0.1499999761581421 1.8020000457763672
-0.26399993896484375 -0.09599995613098145 1.850000023841858
-0.8519999980926514 -0.593999981880188 2.0
-0.6959999799728394 -0.006000041961669922 2.75
-0.8040000200271606 -0.437999963760376 2.4260001182556152
-1.0740000009536743 -0.6420000195503235 1.850000023841858
-0.2999999523162842 -0.1499999761581421 1.7960000038146973
-0.8339999914169312 -0.5699999928474426 2.125999927520752
-0.21599996089935303 0.0 1.9040000438690186
-0.22200000286102295 0.6540000438690186 1.628000020980835
-0.8219999670982361 -0.5460000038146973 2.2039999961853027
-0.26999998092651367 -0.10800004005432129 1.8380000591278076
-0.9839999675750732 -0.6299999952316284 2.0
-0.7979999780654907 -0.029999971389770508 2.7920000553131104
-0.8460000157356262 -0.04799997806549072 2.803999900817871
-0.3659999370574951 -0.24000000953674316 1.7540000677108765
-0.26999998092651367 -0.11399996280670166 1.850000023841858
-0.21000003814697266 0.30000007152557373 1.555999994277954
-0.7979999780654907 -0.41999995708465576 2.4559998512268066
-0.7979999780654907 -0.1499999761581421 2.7260000705718994
-1.1579999923706055 -0.6480000019073486 1.8259999752044678
-0.8519999980926514 -0.054000020027160645 2.803999900817871
-0.3659999370574951 -0.23399996757507324 1.7300000190734863
-0.6840000152587891 0.0 2.75
-0.22800004482269287 0.22800004482269287 1.5320000648498535
-0.20399999618530273 0.029999971389770508 1.850000023841858
-0.21599996089935303 0.4259999990463257 1.5320000648498535
-0.7979999780654907 -0.34800004959106445 2.552000045776367
-0.8159999847412109 -0.5220000147819519 2.2760000228881836
-1.0799999237060547 -0.6480000019073486 1.8799999952316284
-0.40199995040893555 -0.26999998092651367 1.7000000476837158
-0.21599996089935303 0.5280001163482666 1.555999994277954
-0.7919999957084656 -0.3240000009536743 2.5759999752044678
-0.7919999957084656 -0.26999998092651367 2.630000114440918
-0.7979999780654907 -0.4440000057220459 2.4200000762939453
-0.22200000286102295 -0.023999929428100586 1.9040000438690186
-0.8460000157356262 -0.5999999642372131 1.9279999732971191
-1.0740000009536743 -0.6480000019073486 1.8799999952316284
-0.8100000023841858 -0.49800002574920654 2.3299999237060547
-0.7979999780654907 -0.2999999523162842 2.6059999465942383
-1.0199999809265137 -0.6420000195503235 1.8799999952316284
-0.34800004959106445 -0.22800004482269287 1.784000039100647
-0.75 -0.018000006675720215 2.7799999713897705
-0.21599996089935303 0.4140000343322754 1.5260000228881836
-1.0799999237060547 -0.6480000019073486 1.850000023841858
-0.8219999670982361 -0.03600001335144043 2.803999900817871
-0.8460000157356262 -0.5999999642372131 1.9760000705718994
-0.7919999957084656 -0.24599993228912354 2.6540000438690186
-0.8399999737739563 -0.5999999642372131 1.9220000505447388
-1.0499999523162842 -0.6480000019073486 1.9040000438690186
-0.7979999780654907 -0.37199997901916504 2.5280001163482666
-0.4320000410079956 -0.2999999523162842 1.6759999990463257
-0.8399999737739563 -0.5999999642372131 1.9520000219345093
-1.0019999742507935 -0.6359999775886536 2.0299999713897705
-0.8040000200271606 -0.4739999771118164 2.378000020980835
-0.7979999780654907 -0.4440000057220459 2.4260001182556152
-1.0499999523162842 -0.6480000019073486 1.8799999952316284
-0.21599996089935303 0.4500000476837158 1.5260000228881836
-0.1979999542236328 0.054000020027160645 1.7899999618530273
-0.828000009059906 -0.5699999928474426 2.1500000953674316
-0.8460000157356262 -0.5999999642372131 2.0
-1.0799999237060547 -0.6480000019073486 1.8259999752044678
-0.1979999542236328 0.04799997806549072 1.8020000457763672
-0.40199995040893555 -0.2760000228881836 1.7000000476837158
-0.28199994564056396 -0.14399993419647217 1.843999981880188
-0.34800004959106445 -0.22200000286102295 1.7419999837875366
-0.22800004482269287 0.19800007343292236 1.5320000648498535
-0.3960000276565552 -0.26999998092651367 1.7000000476837158
-0.22200000286102295 0.18000006675720215 1.555999994277954
-0.9959999918937683 -0.6359999775886536 2.0360000133514404
-0.22800004482269287 0.21000003814697266 1.5260000228881836
-0.7919999957084656 -0.22200000286102295 2.677999973297119
-0.34800004959106445 -0.22800004482269287 1.7599999904632568
-0.21000003814697266 0.5520000457763672 1.5679999589920044
-0.1979999542236328 0.03600001335144043 1.8259999752044678
-0.21000003814697266 0.5759999752044678 1.5800000429153442
-0.1979999542236328 0.029999971389770508 1.850000023841858
-0.37199997901916504 -0.24599993228912354 1.7120000123977661
-0.26399993896484375 -0.12000000476837158 1.8799999952316284
-0.8399999737739563 -0.059999942779541016 2.803999900817871
-0.3960000276565552 -0.26999998092651367 1.694000005722046
-0.8159999847412109 -0.5460000038146973 2.2280001640319824
-0.22200000286102295 0.17400002479553223 1.555999994277954
-1.0799999237060547 -0.6480000019073486 1.8020000457763672
-0.8460000157356262 -0.5999999642372131 2.0299999713897705
-0.3659999370574951 -0.25199997425079346 1.7540000677108765
-1.0859999656677246 -0.6420000195503235 1.7540000677108765
-1.0740000009536743 -0.6539999842643738 1.8799999952316284
-0.8219999670982361 -0.5699999928474426 2.1560001373291016
-0.20399999618530273 0.30000007152557373 1.5499999523162842
-0.22200000286102295 0.6719999313354492 1.6100000143051147
-0.21000003814697266 0.5039999485015869 1.5440000295639038
-0.1979999542236328 0.024000048637390137 1.8560000658035278
-0.21599996089935303 0.156000018119812 1.5800000429153442
-0.34200000762939453 -0.22200000286102295 1.7540000677108765
-0.22200000286102295 0.22800004482269287 1.5260000228881836
-0.8040000200271606 -0.4919999837875366 2.3540000915527344
-0.22200000286102295 -0.0419999361038208 1.8919999599456787
-0.8040000200271606 -0.48000001907348633 2.378000020980835
-0.3240000009536743 -0.1979999542236328 1.7540000677108765
-0.8399999737739563 -0.6060000061988831 1.934000015258789
-0.2999999523162842 -0.17400002479553223 1.8020000457763672
-0.21000003814697266 0.48000001907348633 1.5320000648498535
-0.7919999957084656 -0.1979999542236328 2.7019999027252197
-0.7919999957084656 -0.3960000276565552 2.503999948501587
-0.2999999523162842 -0.17400002479553223 1.7960000038146973
-0.8040000200271606 -0.4679999351501465 2.4019999504089355
-0.828000009059906 -0.5759999752044678 2.1500000953674316
-1.0799999237060547 -0.6480000019073486 1.777999997138977
-0.437999963760376 -0.3240000009536743 1.7000000476837158
-1.0019999742507935 -0.6480000019073486 1.9040000438690186
-1.0799999237060547 -0.6539999842643738 1.8259999752044678
-1.0199999809265137 -0.6420000195503235 2.059999942779541
-1.0440000295639038 -0.6539999842643738 1.8860000371932983
-1.0799999237060547 -0.6420000195503235 1.7360000610351562
-0.1979999542236328 0.011999964714050293 1.8799999952316284
-0.22200000286102295 -0.04799997806549072 1.9040000438690186
-0.9959999918937683 -0.6480000019073486 1.9279999732971191
-0.9959999918937683 -0.6480000019073486 1.909999966621399
-0.22200000286102295 0.6779999732971191 1.6039999723434448
-0.8100000023841858 -0.5220000147819519 2.3000001907348633
-0.8399999737739563 -0.5999999642372131 2.053999900817871
-0.22200000286102295 0.20399999618530273 1.5260000228881836
-0.21000003814697266 0.38999998569488525 1.5140000581741333
-0.3240000009536743 -0.20399999618530273 1.7540000677108765
-0.41999995708465576 -0.2999999523162842 1.6759999990463257
-0.7739999890327454 -0.029999971389770508 2.7980000972747803
-0.24599993228912354 -0.09599995613098145 1.850000023841858
-0.7919999957084656 -0.03600001335144043 2.803999900817871
-0.8460000157356262 -0.6119999885559082 1.9520000219345093
-0.22200000286102295 -0.054000020027160645 1.9040000438690186
-1.0199999809265137 -0.6539999842643738 1.8980000019073486
-0.9839999675750732 -0.6480000019073486 1.9520000219345093
-0.20399999618530273 0.6059999465942383 1.5920000076293945
-1.0859999656677246 -0.6599999666213989 1.850000023841858
-0.7979999780654907 -0.4739999771118164 2.3959999084472656
-0.20399999618530273 0.2760000228881836 1.5379999876022339
-0.1979999542236328 0.0 1.9040000438690186
-0.26999998092651367 -0.14399993419647217 1.850000023841858
-0.7919999957084656 -0.41999995708465576 2.4800000190734863
-1.0499999523162842 -0.6599999666213989 1.9040000438690186
-0.8159999847412109 -0.5699999928474426 2.180000066757202
-0.24599993228912354 -0.10199999809265137 1.850000023841858
-0.20399999618530273 0.630000114440918 1.6039999723434448
-0.9779999852180481 -0.6480000019073486 1.9760000705718994
-0.21000003814697266 0.25199997425079346 1.5260000228881836
-0.7979999780654907 -0.49800002574920654 2.3540000915527344
-0.8100000023841858 -0.5460000038146973 2.251999855041504
-0.1979999542236328 -0.006000041961669922 1.9160000085830688
-0.7979999780654907 -0.4739999771118164 2.4019999504089355
-0.972000002861023 -0.6480000019073486 1.9760000705718994
-0.8339999914169312 -0.5999999642372131 2.078000068664551
-0.21000003814697266 0.37199997901916504 1.5019999742507935
-0.2940000295639038 -0.18599998950958252 1.8380000591278076
-0.7860000133514404 -0.17400002479553223 2.7260000705718994
-0.9959999918937683 -0.6539999842643738 1.9160000085830688
-0.21000003814697266 0.40799999237060547 1.5019999742507935
-0.1979999542236328 0.5759999752044678 1.5800000429153442
-0.4259999990463257 -0.312000036239624 1.6699999570846558
-0.1979999542236328 0.5280001163482666 1.555999994277954
-0.20399999618530273 -0.023999929428100586 1.9279999732971191
-0.7919999957084656 -0.4440000057220459 2.450000047683716
-0.972000002861023 -0.6480000019073486 2.0
-1.0740000009536743 -0.6660000085830688 1.9040000438690186
-1.0199999809265137 -0.6599999666213989 1.9040000438690186
-0.7440000176429749 -0.029999971389770508 2.7920000553131104
-0.1979999542236328 0.624000072479248 1.6039999723434448
-0.20399999618530273 0.4500000476837158 1.5140000581741333
-0.7860000133514404 -0.34800004959106445 2.5759999752044678
-0.4259999990463257 -0.3179999589920044 1.6759999990463257
-0.7739999890327454 -0.03600001335144043 2.803999900817871
-0.7139999866485596 -0.023999929428100586 2.7799999713897705
-0.3059999942779541 -0.1979999542236328 1.777999997138977
-0.20399999618530273 0.1499999761581421 1.5800000429153442
-0.26999998092651367 -0.1499999761581421 1.8140000104904175
-0.1979999542236328 0.630000114440918 1.6039999723434448
-0.37199997901916504 -0.26999998092651367 1.7120000123977661
-0.2879999876022339 -0.1799999475479126 1.8140000104904175
-0.828000009059906 -0.593999981880188 2.125999927520752
-0.8159999847412109 -0.5699999928474426 2.2039999961853027
-0.41999995708465576 -0.312000036239624 1.6699999570846558
-0.9779999852180481 -0.6539999842643738 1.9760000705718994
-0.7799999713897705 -0.26999998092651367 2.6540000438690186
-0.1979999542236328 0.46800005435943604 1.5260000228881836
-0.7860000133514404 -0.24599993228912354 2.677999973297119
-0.7860000133514404 -0.37199997901916504 2.552000045776367
-0.9660000205039978 -0.6480000019073486 2.0299999713897705
-0.7860000133514404 -0.3240000009536743 2.6059999465942383
-0.7860000133514404 -0.2999999523162842 2.630000114440918
-1.0980000495910645 -0.671999990940094 1.9040000438690186
-0.828000009059906 -0.5999999642372131 2.1019999980926514
-0.3240000009536743 -0.23399996757507324 1.8020000457763672
-0.1979999542236328 0.48000001907348633 1.5260000228881836
-0.20399999618530273 0.4259999990463257 1.5019999742507935
-1.0980000495910645 -0.671999990940094 1.8799999952316284
-0.1979999542236328 -0.023999929428100586 1.9279999732971191
-0.7919999957084656 -0.3960000276565552 2.5280001163482666
-0.9779999852180481 -0.6480000019073486 2.059999942779541
-0.20399999618530273 0.25199997425079346 1.5199999809265137
-0.21599996089935303 -0.06599998474121094 1.9279999732971191
-0.8100000023841858 -0.5460000038146973 2.2760000228881836
-1.0799999237060547 -0.671999990940094 1.9279999732971191
-0.41999995708465576 -0.3179999589920044 1.6759999990463257
-0.1979999542236328 0.2760000228881836 1.5260000228881836
-0.21599996089935303 -0.06599998474121094 1.9520000219345093
-0.22800004482269287 -0.09000003337860107 1.8799999952316284
-0.1979999542236328 0.156000018119812 1.5800000429153442
-0.3960000276565552 -0.2999999523162842 1.7000000476837158
-1.0740000009536743 -0.671999990940094 1.9279999732971191
-0.8040000200271606 -0.5220000147819519 2.3299999237060547
-0.9839999675750732 -0.6480000019073486 2.078000068664551
-0.9660000205039978 -0.6480000019073486 2.053999900817871
-0.21000003814697266 0.19200003147125244 1.5260000228881836
-0.2999999523162842 -0.1979999542236328 1.777999997138977
-0.8339999914169312 -0.6179999709129333 2.0
-0.20399999618530273 0.17400002479553223 1.5499999523162842
-0.1979999542236328 0.2640000581741333 1.5260000228881836
-0.7860000133514404 -0.22200000286102295 2.7019999027252197
-0.828000009059906 -0.6179999709129333 1.9760000705718994
-0.28199994564056396 -0.18599998950958252 1.8560000658035278
-0.2999999523162842 -0.1979999542236328 1.7719999551773071
-0.7979999780654907 -0.49800002574920654 2.378000020980835
-0.21000003814697266 0.19800007343292236 1.5199999809265137
-1.0799999237060547 -0.6599999666213989 1.7480000257492065
-0.7979999780654907 -0.5220000147819519 2.3299999237060547
-0.19200003147125244 0.6059999465942383 1.5859999656677246
-0.8219999670982361 -0.5999999642372131 2.113999843597412
-0.972000002861023 -0.6480000019073486 2.078000068664551
-0.3960000276565552 -0.2999999523162842 1.687999963760376
-0.20399999618530273 0.4020000696182251 1.4900000095367432
-0.26999998092651367 -0.16199994087219238 1.8079999685287476
-0.828000009059906 -0.6060000061988831 2.1019999980926514
-0.34800004959106445 -0.26399993896484375 1.7540000677108765
-0.9779999852180481 -0.6539999842643738 2.053999900817871
-0.1979999542236328 0.4200000762939453 1.5019999742507935
-1.0379999876022339 -0.671999990940094 1.9279999732971191
-1.0980000495910645 -0.6779999732971191 1.9040000438690186
-0.17400002479553223 0.029999971389770508 1.850000023841858
-0.1979999542236328 0.17400002479553223 1.555999994277954
-0.1979999542236328 0.4259999990463257 1.5019999742507935
-0.9959999918937683 -0.6660000085830688 1.9279999732971191
-0.8040000200271606 -0.5399999618530273 2.3000001907348633
-1.0379999876022339 -0.671999990940094 1.9520000219345093
-0.8219999670982361 -0.5999999642372131 2.125999927520752
-1.0980000495910645 -0.6779999732971191 1.8799999952316284
-0.75 -0.03600001335144043 2.803999900817871
-0.8399999737739563 -0.06599998474121094 2.828000068664551
-0.24000000953674316 -0.1260000467300415 1.9040000438690186
-0.8460000157356262 -0.6240000128746033 2.0299999713897705
-0.3179999589920044 -0.22800004482269287 1.7599999904632568
-0.8159999847412109 -0.04799997806549072 2.828000068664551
-0.2580000162124634 -0.1499999761581421 1.8259999752044678
-0.7860000133514404 -0.41999995708465576 2.503999948501587
-0.3059999942779541 -0.21599996089935303 1.777999997138977
-0.7919999957084656 -0.4739999771118164 2.4260001182556152
-0.8100000023841858 -0.5699999928474426 2.2280001640319824
-0.8219999670982361 -0.054000020027160645 2.828000068664551
-1.0740000009536743 -0.6779999732971191 1.9220000505447388
-1.0740000009536743 -0.6779999732971191 1.9279999732971191
-1.0799999237060547 -0.671999990940094 1.8020000457763672
-1.0199999809265137 -0.671999990940094 1.9279999732971191
-0.6840000152587891 -0.018000006675720215 2.7799999713897705
-0.3539999723434448 -0.26999998092651367 1.7300000190734863
-0.1979999542236328 0.25199997425079346 1.5140000581741333
-0.7799999713897705 -0.1979999542236328 2.7260000705718994
-0.20399999618530273 0.37800002098083496 1.4779999256134033
-0.20399999618530273 0.36600005626678467 1.4779999256134033
-0.18599998950958252 0.5759999752044678 1.5679999589920044
-0.18599998950958252 0.5520000457763672 1.555999994277954
-1.0920000076293945 -0.671999990940094 1.777999997138977
-0.1979999542236328 -0.04799997806549072 1.909999966621399
-0.22200000286102295 -0.09599995613098145 1.8680000305175781
-0.18599998950958252 0.5280001163482666 1.5440000295639038
-0.19200003147125244 0.18000006675720215 1.555999994277954
-0.17400002479553223 0.011999964714050293 1.8799999952316284
-0.20399999618530273 0.3359999656677246 1.4779999256134033
-1.0440000295639038 -0.6779999732971191 1.9279999732971191
-0.20399999618530273 0.22800004482269287 1.5019999742507935
-0.8219999670982361 -0.5999999642372131 2.1500000953674316
-0.1979999542236328 0.20399999618530273 1.5260000228881836
-0.7979999780654907 -0.5460000038146973 2.2940001487731934
-0.18599998950958252 0.5039999485015869 1.5320000648498535
-1.1039999723434448 -0.6840000152587891 1.9580000638961792
-0.7080000042915344 -0.029999971389770508 2.7920000553131104
-0.20399999618530273 0.22200000286102295 1.5019999742507935
-0.8219999670982361 -0.6240000128746033 2.0
-0.8159999847412109 -0.6240000128746033 1.9760000705718994
-0.2879999876022339 -0.20399999618530273 1.8020000457763672
-0.9900000095367432 -0.6599999666213989 2.078000068664551
-0.40799999237060547 -0.33000004291534424 1.7000000476837158
-0.7860000133514404 -0.4440000057220459 2.4800000190734863
-0.312000036239624 -0.23399996757507324 1.777999997138977
-0.26999998092651367 -0.1799999475479126 1.8200000524520874
-0.1679999828338623 0.024000048637390137 1.8560000658035278
-0.34800004959106445 -0.26999998092651367 1.7300000190734863
-0.1979999542236328 0.19200003147125244 1.5260000228881836
-0.7979999780654907 -0.04799997806549072 2.828000068664551
-0.7979999780654907 -0.5460000038146973 2.3000001907348633
-0.8040000200271606 -0.5579999685287476 2.2760000228881836
-0.17400002479553223 0.0 1.9040000438690186
-0.7799999713897705 -0.2940000295639038 2.6540000438690186
-0.26399993896484375 -0.17400002479553223 1.8259999752044678
-0.34800004959106445 -0.26999998092651367 1.7239999771118164
-1.0199999809265137 -0.6779999732971191 1.940000057220459
-1.0799999237060547 -0.671999990940094 1.7540000677108765
-1.0920000076293945 -0.6840000152587891 1.850000023841858
-0.9839999675750732 -0.671999990940094 1.9520000219345093
-0.20399999618530273 0.3539999723434448 1.4660000801086426
-0.1979999542236328 -0.059999942779541016 1.9160000085830688
-0.1979999542236328 0.37800002098083496 1.4779999256134033
-0.7799999713897705 -0.17400002479553223 2.75
-0.21599996089935303 -0.09599995613098145 1.8799999952316284
-0.1979999542236328 0.37199997901916504 1.4779999256134033
-0.828000009059906 -0.6240000128746033 2.053999900817871
-0.7919999957084656 -0.5220000147819519 2.3540000915527344
-0.26999998092651367 -0.18599998950958252 1.8259999752044678
-0.20399999618530273 0.3359999656677246 1.4660000801086426
-0.19200003147125244 0.17400002479553223 1.5440000295639038
-0.2999999523162842 -0.22200000286102295 1.777999997138977
-0.7919999957084656 -0.49800002574920654 2.4019999504089355
-0.8219999670982361 -0.6240000128746033 2.0420000553131104
-1.0740000009536743 -0.671999990940094 1.7480000257492065
-0.7799999713897705 -0.37199997901916504 2.5759999752044678
-0.7799999713897705 -0.26999998092651367 2.677999973297119
-0.3539999723434448 -0.28199994564056396 1.7300000190734863
-0.17400002479553223 -0.006000041961669922 1.9279999732971191
-0.2999999523162842 -0.22200000286102295 1.7719999551773071
-0.1979999542236328 0.22800004482269287 1.5019999742507935
-0.8040000200271606 -0.5699999928474426 2.251999855041504
-0.7739999890327454 -0.24599993228912354 2.696000099182129
-0.8399999737739563 -0.6359999775886536 1.9880000352859497
-0.972000002861023 -0.671999990940094 1.9639999866485596
-0.1979999542236328 -0.06599998474121094 1.9279999732971191
-0.24599993228912354 -0.1499999761581421 1.8259999752044678
-0.7799999713897705 -0.3240000009536743 2.630000114440918
-0.26399993896484375 -0.18599998950958252 1.8680000305175781
-0.972000002861023 -0.671999990940094 1.9760000705718994
-0.22800004482269287 -0.1260000467300415 1.8860000371932983
-0.8219999670982361 -0.6240000128746033 2.059999942779541
-0.7799999713897705 -0.34800004959106445 2.6059999465942383
-0.9959999918937683 -0.6779999732971191 1.9459999799728394
-0.37199997901916504 -0.2999999523162842 1.7059999704360962
-0.828000009059906 -0.08399999141693115 2.828000068664551
-0.22200000286102295 -0.11399996280670166 1.8680000305175781
-0.1979999542236328 0.21599996089935303 1.5019999742507935
-0.1799999475479126 0.630000114440918 1.5920000076293945
-0.828000009059906 -0.6240000128746033 2.078000068664551
-0.7799999713897705 -0.24599993228912354 2.7019999027252197
-0.7799999713897705 -0.3960000276565552 2.552000045776367
-0.1799999475479126 0.48000001907348633 1.5199999809265137
-0.7799999713897705 -0.21599996089935303 2.7260000705718994
-1.0799999237060547 -0.6779999732971191 1.7599999904632568
-0.9900000095367432 -0.6779999732971191 1.9520000219345093
-0.6959999799728394 -0.03600001335144043 2.7920000553131104
-0.8159999847412109 -0.6299999952316284 2.0
-0.7799999713897705 -0.2760000228881836 2.677999973297119
-0.7739999890327454 -0.3240000009536743 2.630000114440918
-0.33000004291534424 -0.26999998092651367 1.777999997138977
-0.3960000276565552 -0.3240000009536743 1.687999963760376
-0.2999999523162842 -0.22800004482269287 1.7719999551773071
-1.0740000009536743 -0.6899999976158142 1.9520000219345093
-0.17400002479553223 0.5940001010894775 1.5800000429153442
-0.828000009059906 -0.6299999952316284 2.047999858856201
-0.7739999890327454 -0.2999999523162842 2.6540000438690186
-0.7739999890327454 -0.34800004959106445 2.6059999465942383
-0.9660000205039978 -0.671999990940094 2.0
-0.7739999890327454 -0.22200000286102295 2.7200000286102295
-0.8219999670982361 -0.6240000128746033 2.078000068664551
-1.0199999809265137 -0.6840000152587891 1.9520000219345093
-0.7979999780654907 -0.5699999928474426 2.257999897003174
-0.22200000286102295 -0.12000000476837158 1.8799999952316284
-0.1799999475479126 0.6540000438690186 1.6039999723434448
-0.7739999890327454 -0.1979999542236328 2.73799991607666
-0.17400002479553223 0.5520000457763672 1.555999994277954
-0.7979999780654907 -0.054000020027160645 2.8340001106262207
-0.7739999890327454 -0.24599993228912354 2.7019999027252197
-0.7739999890327454 -0.3960000276565552 2.552000045776367
-0.7860000133514404 -0.4739999771118164 2.450000047683716
-0.7799999713897705 -0.18599998950958252 2.75
-0.9959999918937683 -0.6660000085830688 2.1019999980926514
-0.3960000276565552 -0.33000004291534424 1.7000000476837158
-0.18599998950958252 0.6779999732971191 1.6039999723434448
-0.1679999828338623 -0.006000041961669922 1.9160000085830688
-0.38999998569488525 -0.3240000009536743 1.7000000476837158
-0.7739999890327454 -0.37199997901916504 2.5820000171661377
-0.8100000023841858 -0.5999999642372131 2.180000066757202
-0.7739999890327454 -0.04799997806549072 2.828000068664551
-0.19200003147125244 0.19800007343292236 1.5140000581741333
-0.8100000023841858 -0.10199999809265137 2.815999984741211
-0.7739999890327454 -0.26999998092651367 2.684000015258789
-0.2999999523162842 -0.23399996757507324 1.777999997138977
-0.17400002479553223 0.6059999465942383 1.5800000429153442
-1.0499999523162842 -0.6899999976158142 1.9520000219345093
-0.7799999713897705 -0.41999995708465576 2.5280001163482666
-0.38999998569488525 -0.3359999656677246 1.7360000610351562
-0.9660000205039978 -0.6660000085830688 2.078000068664551
-0.2999999523162842 -0.24000000953674316 1.8020000457763672
-0.17400002479553223 0.48600006103515625 1.5260000228881836
-0.17400002479553223 0.6419999599456787 1.6039999723434448
-0.972000002861023 -0.6779999732971191 1.9700000286102295
-1.1039999723434448 -0.6959999799728394 1.9040000438690186
-0.22200000286102295 -0.1260000467300415 1.8799999952316284
-1.0980000495910645 -0.6959999799728394 1.9279999732971191
-0.1799999475479126 0.4500000476837158 1.5019999742507935
-1.1039999723434448 -0.6959999799728394 1.8799999952316284
-0.8219999670982361 -0.6240000128746033 2.1019999980926514
-0.19200003147125244 0.22800004482269287 1.496000051498413
-0.7979999780654907 -0.5460000038146973 2.3299999237060547
-1.0920000076293945 -0.6959999799728394 1.9520000219345093
-0.17400002479553223 0.5039999485015869 1.5260000228881836
-0.20399999618530273 -0.09599995613098145 1.9160000085830688
-0.7739999890327454 -0.22200000286102295 2.7260000705718994
-0.19200003147125244 0.22200000286102295 1.496000051498413
-0.9539999961853027 -0.671999990940094 2.0299999713897705
-0.7919999957084656 -0.5220000147819519 2.378000020980835
-0.2940000295639038 -0.24000000953674316 1.8259999752044678
-0.22200000286102295 -0.13199996948242188 1.934000015258789
-0.22200000286102295 -0.13199996948242188 1.9040000438690186
-0.8040000200271606 -0.5879999995231628 2.2280001640319824
-0.19200003147125244 -0.07200002670288086 1.9520000219345093
-1.0799999237060547 -0.6899999976158142 1.8020000457763672
-0.17400002479553223 0.6540000438690186 1.6039999723434448
-0.7979999780654907 -0.5699999928474426 2.2760000228881836
-0.1979999542236328 0.33000004291534424 1.4539999961853027
-0.7739999890327454 -0.17400002479553223 2.76200008392334
-0.1799999475479126 -0.04799997806549072 1.9279999732971191
-0.7020000219345093 -0.03600001335144043 2.803999900817871
-0.9660000205039978 -0.6660000085830688 2.1019999980926514
-0.1799999475479126 0.4259999990463257 1.4900000095367432
-0.6899999976158142 -0.023999929428100586 2.803999900817871
-0.8159999847412109 -0.09599995613098145 2.828000068664551
-0.7799999713897705 -0.4440000057220459 2.503999948501587
-0.9539999961853027 -0.671999990940094 2.053999900817871
-1.0859999656677246 -0.6959999799728394 1.8320000171661377
-0.8159999847412109 -0.6359999775886536 2.0360000133514404
-0.1679999828338623 -0.023999929428100586 1.9520000219345093
-1.0799999237060547 -0.6899999976158142 1.777999997138977
-1.055999994277954 -0.6959999799728394 1.9760000705718994
-0.17400002479553223 0.4440000057220459 1.5019999742507935
-0.7860000133514404 -0.49800002574920654 2.4260001182556152
-0.9480000138282776 -0.671999990940094 2.053999900817871
-0.6959999799728394 -0.03600001335144043 2.803999900817871
-0.1979999542236328 0.2879999876022339 1.4539999961853027
-0.17400002479553223 0.4500000476837158 1.5019999742507935
-0.972000002861023 -0.6840000152587891 1.9760000705718994
-0.24599993228912354 -0.17400002479553223 1.8259999752044678
-0.7739999890327454 -0.1979999542236328 2.75
-0.3240000009536743 -0.26999998092651367 1.7419999837875366
-0.8040000200271606 -0.5999999642372131 2.2039999961853027
-1.0440000295639038 -0.6959999799728394 1.9760000705718994
-0.1979999542236328 -0.09599995613098145 1.9040000438690186
-0.8159999847412109 -0.6240000128746033 2.125999927520752
-0.1979999542236328 -0.09599995613098145 1.8919999599456787
-0.75 -0.04799997806549072 2.828000068664551
-0.22800004482269287 -0.1499999761581421 1.850000023841858
-0.1679999828338623 0.630000114440918 1.5859999656677246
-0.1799999475479126 0.4020000696182251 1.4779999256134033
-0.8339999914169312 -0.07200002670288086 2.8519999980926514
-0.7799999713897705 -0.4320000410079956 2.5280001163482666
-0.17400002479553223 -0.04799997806549072 1.9279999732971191
-0.7799999713897705 -0.4500000476837158 2.503999948501587
-0.9480000138282776 -0.671999990940094 2.078000068664551
-0.17400002479553223 0.6779999732971191 1.6039999723434448
-0.3179999589920044 -0.26999998092651367 1.7540000677108765
-1.0740000009536743 -0.7020000219345093 1.9700000286102295
-0.24599993228912354 -0.1799999475479126 1.8259999752044678
-0.8219999670982361 -0.06599998474121094 2.8519999980926514
-0.7739999890327454 -0.4440000057220459 2.509999990463257
-1.0679999589920044 -0.6899999976158142 1.7540000677108765
-1.0199999809265137 -0.6959999799728394 1.9760000705718994
-1.0679999589920044 -0.7020000219345093 1.9760000705718994
-0.34800004959106445 -0.2999999523162842 1.718000054359436
-0.7739999890327454 -0.054000020027160645 2.8399999141693115
-0.37199997901916504 -0.3240000009536743 1.7000000476837158
-0.7739999890327454 -0.41999995708465576 2.5460000038146973
-0.7799999713897705 -0.1679999828338623 2.7799999713897705
-0.7739999890327454 -0.26999998092651367 2.7019999027252197
-1.0499999523162842 -0.7020000219345093 1.9760000705718994
-0.16199994087219238 0.6059999465942383 1.5740000009536743
-0.7739999890327454 -0.34800004959106445 2.630000114440918
-1.0139999389648438 -0.6959999799728394 2.0
-0.16199994087219238 0.5759999752044678 1.555999994277954
-0.312000036239624 -0.2760000228881836 1.7899999618530273
-0.9480000138282776 -0.671999990940094 2.1019999980926514
-0.1799999475479126 0.37800002098083496 1.4660000801086426
-0.34200000762939453 -0.2999999523162842 1.7300000190734863
-0.22200000286102295 -0.1499999761581421 1.850000023841858
-0.7919999957084656 -0.5699999928474426 2.3000001907348633
-0.7739999890327454 -0.37199997901916504 2.6059999465942383
-0.7739999890327454 -0.2999999523162842 2.677999973297119
-0.16199994087219238 0.5280001163482666 1.5320000648498535
-0.7979999780654907 -0.5999999642372131 2.2220001220703125
-0.17400002479553223 -0.059999942779541016 1.9279999732971191
-0.17400002479553223 0.3960000276565552 1.4779999256134033
-1.0980000495910645 -0.7080000042915344 1.9760000705718994
-0.17400002479553223 0.4020000696182251 1.4779999256134033
-0.9539999961853027 -0.6840000152587891 2.0299999713897705
-0.9959999918937683 -0.6959999799728394 1.9760000705718994
-0.22800004482269287 -0.16199994087219238 1.850000023841858
-0.8100000023841858 -0.6240000128746033 2.1500000953674316
-0.7739999890327454 -0.1679999828338623 2.7799999713897705
-0.7680000066757202 -0.3960000276565552 2.5759999752044678
-0.22200000286102295 -0.156000018119812 1.8919999599456787
-0.37199997901916504 -0.33000004291534424 1.7059999704360962
-0.7860000133514404 -0.5220000147819519 2.4019999504089355
-0.7680000066757202 -0.3240000009536743 2.6540000438690186
-0.1799999475479126 -0.07200002670288086 1.9819999933242798
-0.7860000133514404 -0.5460000038146973 2.3540000915527344
-0.7799999713897705 -0.4739999771118164 2.4800000190734863
-0.7979999780654907 -0.5999999642372131 2.2280001640319824
-0.1499999761581421 -0.006000041961669922 1.9220000505447388
-0.1499999761581421 -0.006000041961669922 1.9279999732971191
-0.7979999780654907 -0.059999942779541016 2.8519999980926514
-0.7739999890327454 -0.41999995708465576 2.552000045776367
-0.828000009059906 -0.08399999141693115 2.8519999980926514
-0.26999998092651367 -0.22200000286102295 1.7899999618530273
-0.9660000205039978 -0.671999990940094 2.138000011444092
-0.16199994087219238 0.6540000438690186 1.5980000495910645
-1.0199999809265137 -0.7020000219345093 1.9819999933242798
-1.0799999237060547 -0.7020000219345093 1.784000039100647
-0.1679999828338623 0.4259999990463257 1.4839999675750732
-0.7680000066757202 -0.24599993228912354 2.7260000705718994
-0.7799999713897705 -0.5099999904632568 2.4260001182556152
-0.7799999713897705 -0.1799999475479126 2.7799999713897705
-0.156000018119812 0.5520000457763672 1.5440000295639038
-0.1979999542236328 -0.12000000476837158 1.8860000371932983
-0.2580000162124634 -0.21599996089935303 1.8259999752044678
-0.1799999475479126 0.3539999723434448 1.4539999961853027
-0.828000009059906 -0.6480000019073486 2.0840001106262207
-1.0980000495910645 -0.7139999866485596 1.9520000219345093
-0.26399993896484375 -0.22200000286102295 1.8020000457763672
-0.7799999713897705 -0.49800002574920654 2.450000047683716
-1.0859999656677246 -0.7080000042915344 1.8079999685287476
-0.16199994087219238 0.4500000476837158 1.496000051498413
-0.7739999890327454 -0.4440000057220459 2.5280001163482666
-0.7799999713897705 -0.48000001907348633 2.4800000190734863
-0.1499999761581421 -0.018000006675720215 1.9520000219345093
-0.7739999890327454 -0.4739999771118164 2.4860000610351562
-0.75 -0.054000020027160645 2.8399999141693115
-0.9959999918937683 -0.7020000219345093 1.9880000352859497
-0.156000018119812 0.5039999485015869 1.5199999809265137
-0.18599998950958252 -0.10199999809265137 1.934000015258789
-0.9660000205039978 -0.6959999799728394 2.0
-0.9779999852180481 -0.6840000152587891 2.113999843597412
-0.156000018119812 -0.03600001335144043 1.9520000219345093
-0.7680000066757202 -0.22200000286102295 2.75
-0.26999998092651367 -0.23399996757507324 1.7899999618530273
-0.07799994945526123 0.5039999485015869 1.9040000438690186
-0.19200003147125244 0.2820000648498535 1.4300000667572021
-0.8040000200271606 -0.6480000019073486 2.053999900817871
-0.23399996757507324 -0.19200003147125244 1.8799999952316284
-0.156000018119812 0.48000001907348633 1.5080000162124634
-0.8040000200271606 -0.6240000128746033 2.180000066757202
-0.1499999761581421 0.5699999332427979 1.555999994277954
-0.8040000200271606 -0.6179999709129333 2.2039999961853027
-1.0740000009536743 -0.7139999866485596 2.0
-0.7979999780654907 -0.6480000019073486 2.0420000553131104
-0.07799994945526123 0.5099999904632568 1.9520000219345093
-0.7979999780654907 -0.6240000128746033 2.1740000247955322
-1.0199999809265137 -0.7080000042915344 2.0
-0.07799994945526123 0.5160000324249268 1.9279999732971191
-0.1499999761581421 0.5759999752044678 1.555999994277954
-0.7739999890327454 -0.059999942779541016 2.8519999980926514
-0.8100000023841858 -0.10199999809265137 2.8459999561309814
-0.17400002479553223 0.3539999723434448 1.4539999961853027
-0.17400002479553223 0.34800004959106445 1.4539999961853027
-1.1039999723434448 -0.7199999690055847 1.9040000438690186
-0.07799994945526123 0.5099999904632568 1.9760000705718994
-0.1499999761581421 0.6180000305175781 1.5800000429153442
-0.7739999890327454 -0.5220000147819519 2.4140000343322754
-0.7919999957084656 -0.5999999642372131 2.251999855041504
-1.0679999589920044 -0.7080000042915344 1.777999997138977
-1.0980000495910645 -0.7199999690055847 1.909999966621399
-1.1039999723434448 -0.7199999690055847 1.9580000638961792
-0.1799999475479126 0.33000004291534424 1.4420000314712524
-0.2999999523162842 -0.28199994564056396 1.8020000457763672
-0.1499999761581421 0.5099999904632568 1.5260000228881836
-0.7979999780654907 -0.6240000128746033 2.180000066757202
-1.1039999723434448 -0.7199999690055847 1.8799999952316284
-1.0920000076293945 -0.7199999690055847 1.9279999732971191
-1.1100000143051147 -0.7199999690055847 1.9760000705718994
-1.0980000495910645 -0.7199999690055847 1.8860000371932983
-1.1039999723434448 -0.7199999690055847 1.8739999532699585
-0.7080000042915344 -0.04799997806549072 2.828000068664551
-1.0679999589920044 -0.7080000042915344 1.7719999551773071
-0.22200000286102295 -0.17400002479553223 1.850000023841858
-0.8159999847412109 -0.6480000019073486 2.1019999980926514
-0.972000002861023 -0.7020000219345093 2.0
-0.22200000286102295 -0.17400002479553223 1.843999981880188
-1.0499999523162842 -0.7139999866485596 2.0
-0.9480000138282776 -0.6959999799728394 2.0180001258850098
-0.8040000200271606 -0.6480000019073486 2.078000068664551
-0.07799994945526123 0.5339999198913574 1.9279999732971191
-0.3240000009536743 -0.2999999523162842 1.7360000610351562
-0.34800004959106445 -0.3240000009536743 1.718000054359436
-1.1159999370574951 -0.7199999690055847 2.0
-0.7979999780654907 -0.6480000019073486 2.065999984741211
-0.7860000133514404 -0.5699999928474426 2.3299999237060547
-0.22800004482269287 -0.18599998950958252 1.850000023841858
-0.18599998950958252 0.30000007152557373 1.4300000667572021
-0.1979999542236328 -0.1380000114440918 1.9040000438690186
-0.19200003147125244 0.24600005149841309 1.4300000667572021
-0.7799999713897705 -0.5460000038146973 2.378000020980835
-0.9480000138282776 -0.6959999799728394 2.0299999713897705
-1.0980000495910645 -0.7199999690055847 1.850000023841858
-0.1499999761581421 0.630000114440918 1.5800000429153442
-0.07799994945526123 0.5399999618530273 1.9040000438690186
-0.9959999918937683 -0.7080000042915344 2.0
-1.0980000495910645 -0.7199999690055847 2.0
-0.3539999723434448 -0.34200000762939453 1.7540000677108765
-0.7739999890327454 -0.49800002574920654 2.4619998931884766
-0.156000018119812 0.6779999732971191 1.5980000495910645
-0.08399999141693115 0.564000129699707 1.8380000591278076
-1.0080000162124634 -0.7080000042915344 2.0299999713897705
-0.07799994945526123 0.5460000038146973 1.8860000371932983
-0.1499999761581421 0.6660001277923584 1.6039999723434448
-0.34200000762939453 -0.3240000009536743 1.7300000190734863
-0.08399999141693115 0.5759999752044678 1.850000023841858
-1.0920000076293945 -0.7199999690055847 1.8259999752044678
-0.1499999761581421 0.4620000123977661 1.5019999742507935
-0.3539999723434448 -0.34200000762939453 1.7419999837875366
-0.1979999542236328 -0.14399993419647217 1.9279999732971191
-0.26399993896484375 -0.24000000953674316 1.8020000457763672
-0.07799994945526123 0.5520000457763672 1.8799999952316284
-0.8159999847412109 -0.09599995613098145 2.8580000400543213
-0.07200002670288086 0.5039999485015869 1.9760000705718994
-0.07200002670288086 0.4739999771118164 2.0180001258850098
-0.7739999890327454 -0.5220000147819519 2.4260001182556152
-0.7739999890327454 -0.4739999771118164 2.503999948501587
-0.07200002670288086 0.4919999837875366 2.0
-0.16199994087219238 -0.07200002670288086 1.9520000219345093
-0.07200002670288086 0.5160000324249268 1.9520000219345093
-0.07200002670288086 0.46800005435943604 2.0299999713897705
-0.7979999780654907 -0.6539999842643738 2.053999900817871
-0.26399993896484375 -0.24599993228912354 1.8259999752044678
-0.75 -0.054000020027160645 2.8519999980926514
-0.8040000200271606 -0.6539999842643738 2.072000026702881
-0.7979999780654907 -0.6240000128746033 2.2039999961853027
-0.9419999718666077 -0.6959999799728394 2.053999900817871
-0.1499999761581421 -0.04799997806549072 1.940000057220459
-0.8040000200271606 -0.6539999842643738 2.078000068664551
-0.22200000286102295 -0.18599998950958252 1.850000023841858
-0.1499999761581421 0.6779999732971191 1.6039999723434448
-0.9480000138282776 -0.7020000219345093 2.0180001258850098
-0.08399999141693115 0.5820000171661377 1.8259999752044678
-0.7919999957084656 -0.5999999642372131 2.2760000228881836
-0.22200000286102295 -0.18599998950958252 1.843999981880188
-0.7680000066757202 -0.1979999542236328 2.7799999713897705
-0.19200003147125244 -0.1380000114440918 1.8919999599456787
-0.9539999961853027 -0.6899999976158142 2.119999885559082
-0.16199994087219238 -0.07799994945526123 1.9520000219345093
-0.14399993419647217 0.5280001163482666 1.5260000228881836
-0.7680000066757202 -0.2999999523162842 2.7019999027252197
-0.7680000066757202 -0.3960000276565552 2.6059999465942383
-0.7619999647140503 -0.34800004959106445 2.6540000438690186
-0.09000003337860107 0.6059999465942383 1.8020000457763672
-0.22200000286102295 -0.19200003147125244 1.8860000371932983
-0.8219999670982361 -0.07200002670288086 2.875999927520752
-0.07200002670288086 0.5399999618530273 1.9040000438690186
-0.1499999761581421 0.6779999732971191 1.5980000495910645
-0.7619999647140503 -0.3240000009536743 2.677999973297119
-0.7619999647140503 -0.37199997901916504 2.630000114440918
-0.7739999890327454 -0.1679999828338623 2.803999900817871
-0.9539999961853027 -0.6899999976158142 2.125999927520752
-0.8040000200271606 -0.6480000019073486 2.125999927520752
-0.24599993228912354 -0.22200000286102295 1.8079999685287476
-0.8040000200271606 -0.10800004005432129 2.8519999980926514
-0.07799994945526123 0.5699999332427979 1.850000023841858
-0.7619999647140503 -0.41999995708465576 2.5759999752044678
-0.7619999647140503 -0.26999998092651367 2.7260000705718994
-0.34800004959106445 -0.3359999656677246 1.718000054359436
-0.18599998950958252 0.2760000228881836 1.4179999828338623
-0.8339999914169312 -0.08399999141693115 2.875999927520752
-1.0980000495910645 -0.7260000109672546 2.01200008392334
-0.07200002670288086 0.5460000038146973 1.8860000371932983
-0.1799999475479126 -0.12000000476837158 1.9040000438690186
-0.7860000133514404 -0.1799999475479126 2.803999900817871
-0.9359999895095825 -0.6959999799728394 2.078000068664551
-0.08399999141693115 0.5880000591278076 1.8020000457763672
-0.156000018119812 0.4020000696182251 1.4660000801086426
-0.07200002670288086 0.5520000457763672 1.8799999952316284
-0.7680000066757202 -0.4440000057220459 2.552000045776367
-0.09000003337860107 0.6059999465942383 1.777999997138977
-1.0499999523162842 -0.7260000109672546 1.8799999952316284
-0.8460000157356262 -0.07200002670288086 2.888000011444092
-0.1499999761581421 -0.059999942779541016 1.940000057220459
-1.0740000009536743 -0.7260000109672546 2.01200008392334
-0.14399993419647217 0.48000001907348633 1.5019999742507935
-0.1499999761581421 0.4140000343322754 1.4779999256134033
-0.7739999890327454 -0.49800002574920654 2.4800000190734863
-0.7739999890327454 -0.5460000038146973 2.3959999084472656
-0.06599998474121094 0.5220000743865967 1.934000015258789
-0.1499999761581421 0.4259999990463257 1.4779999256134033
-1.1039999723434448 -0.7319999933242798 1.9580000638961792
-0.7799999713897705 -0.5579999685287476 2.378000020980835
-0.7799999713897705 -0.5460000038146973 2.4019999504089355
-0.1679999828338623 -0.10199999809265137 1.9279999732971191
-1.1039999723434448 -0.7319999933242798 1.8799999952316284
-0.14399993419647217 -0.04799997806549072 1.9520000219345093
-1.1159999370574951 -0.7319999933242798 1.9819999933242798
-0.06599998474121094 0.5280001163482666 1.9279999732971191
-0.3059999942779541 -0.2999999523162842 1.7540000677108765
-0.17400002479553223 0.30000007152557373 1.4300000667572021
-1.1039999723434448 -0.7319999933242798 1.8680000305175781
-0.7799999713897705 -0.5699999928474426 2.3540000915527344
-0.7619999647140503 -0.24599993228912354 2.75
-0.06599998474121094 0.4500000476837158 2.053999900817871
-0.7260000109672546 -0.04799997806549072 2.8519999980926514
-0.8219999670982361 -0.08399999141693115 2.875999927520752
-1.121999979019165 -0.7319999933242798 2.0
-0.1979999542236328 -0.16199994087219238 1.909999966621399
-1.128000020980835 -0.7319999933242798 2.00600004196167
-0.24000000953674316 -0.22800004482269287 1.8560000658035278
-0.8040000200271606 -0.6480000019073486 2.1500000953674316
-0.25199997425079346 -0.24599993228912354 1.850000023841858
-0.9359999895095825 -0.6959999799728394 2.1019999980926514
-0.06599998474121094 0.4440000057220459 2.065999984741211
-0.7739999890327454 -0.5460000038146973 2.4019999504089355
-0.7919999957084656 -0.6240000128746033 2.2280001640319824
-1.0499999523162842 -0.7260000109672546 2.0180001258850098
-0.08399999141693115 0.5999999046325684 1.784000039100647
-0.17400002479553223 -0.12000000476837158 1.9040000438690186
-0.17400002479553223 -0.12000000476837158 1.8980000019073486
-0.7139999866485596 -0.054000020027160645 2.8459999561309814
-0.156000018119812 0.37800002098083496 1.4539999961853027
-0.09000003337860107 0.6119999885559082 1.7540000677108765
-0.7979999780654907 -0.6480000019073486 2.1500000953674316
-0.06599998474121094 0.4440000057220459 2.078000068664551
-0.8040000200271606 -0.6599999666213989 2.1019999980926514
-0.07200002670288086 0.5759999752044678 1.850000023841858
-0.3359999656677246 -0.3359999656677246 1.7300000190734863
-0.7979999780654907 -0.07200002670288086 2.875999927520752
-0.7739999890327454 -0.5220000147819519 2.450000047683716
-0.059999942779541016 0.49800002574920654 1.9760000705718994
-0.1499999761581421 -0.07200002670288086 1.9520000219345093
-0.156000018119812 -0.08399999141693115 1.9760000705718994
-0.2999999523162842 -0.2999999523162842 1.7540000677108765
-0.7739999890327454 -0.5699999928474426 2.3600001335144043
-0.23399996757507324 -0.22200000286102295 1.8259999752044678
-0.3240000009536743 -0.3240000009536743 1.7300000190734863
-0.9240000247955322 -0.6959999799728394 2.1080000400543213
-0.7799999713897705 -0.5759999752044678 2.3540000915527344
-0.9599999785423279 -0.6959999799728394 2.1500000953674316
-0.156000018119812 -0.08399999141693115 2.0
-1.0980000495910645 -0.7379999756813049 1.9520000219345093
-0.059999942779541016 0.48000001907348633 2.0299999713897705
-1.0199999809265137 -0.7260000109672546 2.0240001678466797
-0.24599993228912354 -0.24000000953674316 1.8079999685287476
-0.06599998474121094 0.437999963760376 2.1019999980926514
-1.0799999237060547 -0.7319999933242798 1.8079999685287476
-0.8040000200271606 -0.6539999842643738 2.1500000953674316
-0.7799999713897705 -0.5999999642372131 2.3000001907348633
-1.0199999809265137 -0.7260000109672546 2.0299999713897705
-0.9300000071525574 -0.6959999799728394 2.125999927520752
-0.9480000138282776 -0.7139999866485596 2.0299999713897705
-0.3059999942779541 -0.312000036239624 1.7540000677108765
-0.07200002670288086 0.5880000591278076 1.8259999752044678
-0.13199996948242188 0.5759999752044678 1.5440000295639038
-0.9779999852180481 -0.7199999690055847 2.0299999713897705
-0.7680000066757202 -0.4739999771118164 2.5280001163482666
-0.7619999647140503 -0.34200000762939453 2.677999973297119
-0.06599998474121094 0.4200000762939453 2.113999843597412
-0.13199996948242188 0.5520000457763672 1.5320000648498535
-0.17400002479553223 -0.13199996948242188 1.9040000438690186
-0.9240000247955322 -0.6959999799728394 2.125999927520752
-0.156000018119812 0.3539999723434448 1.4420000314712524
-0.1499999761581421 0.37800002098083496 1.4539999961853027
-0.06599998474121094 0.5699999332427979 1.850000023841858
-0.1499999761581421 0.36600005626678467 1.4539999961853027
-0.972000002861023 -0.7199999690055847 2.0299999713897705
-0.1979999542236328 -0.17400002479553223 1.8560000658035278
-0.13199996948242188 0.5280001163482666 1.5199999809265137
-0.9300000071525574 -0.7020000219345093 2.1019999980926514
-1.0499999523162842 -0.7319999933242798 2.0299999713897705
-0.9419999718666077 -0.6959999799728394 2.1500000953674316
-0.1380000114440918 0.4500000476837158 1.4839999675750732
-0.10199999809265137 0.6600000858306885 1.7120000123977661
-0.09000003337860107 0.624000072479248 1.7300000190734863
-0.7619999647140503 -0.22200000286102295 2.7799999713897705
-0.06599998474121094 0.4200000762939453 2.125999927520752
-0.06599998474121094 0.4259999990463257 2.125999927520752
-0.9959999918937683 -0.7260000109672546 2.0299999713897705
-0.7020000219345093 -0.04799997806549072 2.8519999980926514
-1.0980000495910645 -0.7379999756813049 2.0299999713897705
-0.09000003337860107 0.630000114440918 1.7300000190734863
-0.10199999809265137 0.6779999732971191 1.7300000190734863
-0.18599998950958252 0.22800004482269287 1.4000000953674316
-0.7860000133514404 -0.6240000128746033 2.251999855041504
-0.07200002670288086 0.5940001010894775 1.8020000457763672
-0.33000004291534424 -0.34800004959106445 1.7599999904632568
-1.1039999723434448 -0.7440000176429749 1.9040000438690186
-0.7979999780654907 -0.07799994945526123 2.881999969482422
-0.156000018119812 -0.10199999809265137 1.9639999866485596
-0.7860000133514404 -0.6660000085830688 2.078000068664551
-0.7919999957084656 -0.6480000019073486 2.180000066757202
-0.7739999890327454 -0.07200002670288086 2.875999927520752
-0.7739999890327454 -0.5699999928474426 2.378000020980835
-0.13199996948242188 0.48000001907348633 1.496000051498413
-1.0740000009536743 -0.7379999756813049 2.0299999713897705
-0.7080000042915344 -0.059999942779541016 2.8519999980926514
-0.3240000009536743 -0.3359999656677246 1.7300000190734863
-0.9240000247955322 -0.6959999799728394 2.1500000953674316
-0.1799999475479126 0.25199997425079346 1.4000000953674316
-0.07200002670288086 0.5999999046325684 1.7899999618530273
-0.7559999823570251 -0.37199997901916504 2.6540000438690186
-0.1799999475479126 -0.156000018119812 1.8860000371932983
-0.18599998950958252 0.20399999618530273 1.4000000953674316
-0.9779999852180481 -0.7020000219345093 2.180000066757202
-0.156000018119812 0.33000004291534424 1.4300000667572021
-0.09599995613098145 0.6480000019073486 1.7000000476837158
-0.7680000066757202 -0.5460000038146973 2.4260001182556152
-0.7619999647140503 -0.41999995708465576 2.6059999465942383
-0.1260000467300415 0.6059999465942383 1.555999994277954
-0.1979999542236328 -0.18599998950958252 1.8560000658035278
-0.24000000953674316 -0.25199997425079346 1.850000023841858
-0.7559999823570251 -0.3240000009536743 2.7019999027252197
-0.7559999823570251 -0.3960000276565552 2.630000114440918
-0.75 -0.2999999523162842 2.7200000286102295
-0.1260000467300415 -0.0419999361038208 1.9760000705718994
-1.121999979019165 -0.7440000176429749 2.0299999713897705
-0.06599998474121094 0.3960000276565552 2.1560001373291016
-0.054000020027160645 0.4500000476837158 2.078000068664551
-0.7619999647140503 -0.49800002574920654 2.503999948501587
-0.972000002861023 -0.7260000109672546 2.0420000553131104
-0.1260000467300415 0.5039999485015869 1.5080000162124634
-0.1260000467300415 0.630000114440918 1.5679999589920044
-0.9779999852180481 -0.6959999799728394 2.2100000381469727
-0.09599995613098145 0.6540000438690186 1.7000000476837158
-0.07200002670288086 0.6059999465942383 1.777999997138977
-0.16199994087219238 0.30000007152557373 1.4179999828338623
-0.7979999780654907 -0.11399996280670166 2.870000123977661
-0.7559999823570251 -0.4440000057220459 2.5759999752044678
-0.04799997806549072 0.5039999485015869 1.9760000705718994
-0.7559999823570251 -0.26999998092651367 2.75
-1.0859999656677246 -0.7440000176429749 1.8259999752044678
-0.26399993896484375 -0.28199994564056396 1.8020000457763672
-0.04799997806549072 0.49800002574920654 1.9880000352859497
-0.1499999761581421 -0.09599995613098145 2.00600004196167
-0.04799997806549072 0.4919999837875366 2.0
-0.2760000228881836 -0.2940000295639038 1.777999997138977
-0.7559999823570251 -0.2999999523162842 2.7260000705718994
-0.9419999718666077 -0.7199999690055847 2.053999900817871
-0.9539999961853027 -0.7080000042915344 2.1440000534057617
-0.75 -0.3240000009536743 2.7019999027252197
-0.1380000114440918 0.4020000696182251 1.4600000381469727
-0.7799999713897705 -0.5999999642372131 2.3299999237060547
-0.7799999713897705 -0.6119999885559082 2.3000001907348633
-0.1499999761581421 -0.10199999809265137 1.9760000705718994
-0.7919999957084656 -0.6480000019073486 2.2039999961853027
-0.04799997806549072 0.5220000743865967 1.9459999799728394
-0.04799997806549072 0.5220000743865967 1.9520000219345093
-0.1260000467300415 0.6540000438690186 1.5800000429153442
-1.0980000495910645 -0.75 1.9040000438690186
-0.7559999823570251 -0.37800002098083496 2.6540000438690186
-0.7559999823570251 -0.1979999542236328 2.803999900817871
-0.04799997806549072 0.5280001163482666 1.9279999732971191
-0.04799997806549072 0.48000001907348633 2.0299999713897705
-0.04799997806549072 0.4739999771118164 2.0360000133514404
-0.9539999961853027 -0.7080000042915344 2.1500000953674316
-1.0980000495910645 -0.75 1.8799999952316284
-0.17400002479553223 0.25199997425079346 1.4000000953674316
-0.75 -0.24599993228912354 2.7680001258850098
-1.0859999656677246 -0.75 1.9279999732971191
-0.12000000476837158 0.5339999198913574 1.5260000228881836
-0.75 -0.26999998092651367 2.75
-0.1679999828338623 -0.14399993419647217 1.9279999732971191
-0.8040000200271606 -0.671999990940094 2.125999927520752
-0.1799999475479126 0.19200003147125244 1.406000018119812
-0.75 -0.22200000286102295 2.7860000133514404
-0.7559999823570251 -0.40199995040893555 2.630000114440918
-0.14399993419647217 -0.09599995613098145 1.934000015258789
-0.75 -0.2999999523162842 2.7260000705718994
-0.12000000476837158 0.5999999046325684 1.555999994277954
-0.04799997806549072 0.4620000123977661 2.053999900817871
-0.7739999890327454 -0.5999999642372131 2.3299999237060547
-0.14399993419647217 -0.09599995613098145 1.9520000219345093
-0.9480000138282776 -0.7080000042915344 2.1500000953674316
-0.8040000200271606 -0.11399996280670166 2.875999927520752
-0.7739999890327454 -0.07799994945526123 2.881999969482422
-0.2999999523162842 -0.3240000009536743 1.7540000677108765
-0.09599995613098145 0.6779999732971191 1.7120000123977661
-0.17400002479553223 0.24000000953674316 1.4000000953674316
-0.1499999761581421 0.33000004291534424 1.4300000667572021
-0.059999942779541016 0.40799999237060547 2.1500000953674316
-1.0920000076293945 -0.75 1.850000023841858
-0.7799999713897705 -0.6240000128746033 2.2760000228881836
-0.14399993419647217 -0.09599995613098145 1.9760000705718994
-0.1499999761581421 0.3240000009536743 1.4300000667572021
-0.12000000476837158 0.6059999465942383 1.555999994277954
-0.17400002479553223 -0.156000018119812 1.8680000305175781
-0.7559999823570251 -0.3059999942779541 2.7260000705718994
-1.1399999856948853 -0.75 2.0299999713897705
-0.04799997806549072 0.5460000038146973 1.9040000438690186
-0.04799997806549072 0.5460000038146973 1.8980000019073486
-0.75 -0.07200002670288086 2.875999927520752
-0.7860000133514404 -0.671999990940094 2.1019999980926514
-0.75 -0.3960000276565552 2.635999917984009
-0.23399996757507324 -0.25199997425079346 1.8320000171661377
-0.9480000138282776 -0.7260000109672546 2.047999858856201
-0.7559999823570251 -0.20399999618530273 2.803999900817871
-1.0199999809265137 -0.7379999756813049 2.053999900817871
-0.7979999780654907 -0.11399996280670166 2.875999927520752
-0.2999999523162842 -0.3240000009536743 1.7419999837875366
-0.04799997806549072 0.4500000476837158 2.078000068664551
-0.1799999475479126 0.22800004482269287 1.3880000114440918
-0.9480000138282776 -0.7260000109672546 2.053999900817871
-0.12000000476837158 0.48600006103515625 1.5019999742507935
-0.12000000476837158 -0.04799997806549072 1.9580000638961792
-0.09599995613098145 0.6600000858306885 1.6759999990463257
-0.8999999761581421 -0.6959999799728394 2.1679999828338623
-0.7559999823570251 -0.3359999656677246 2.7019999027252197
-0.7619999647140503 -0.5220000147819519 2.4800000190734863
-0.9300000071525574 -0.7199999690055847 2.078000068664551
-0.04799997806549072 0.4440000057220459 2.0900001525878906
-0.7919999957084656 -0.671999990940094 2.125999927520752
-0.04799997806549072 0.5580000877380371 1.8799999952316284
-0.972000002861023 -0.7319999933242798 2.053999900817871
-0.07200002670288086 0.624000072479248 1.7540000677108765
-0.22800004482269287 -0.24599993228912354 1.8259999752044678
-0.12000000476837158 0.6540000438690186 1.5800000429153442
-1.1340000629425049 -0.75 2.053999900817871
-0.7559999823570251 -0.28199994564056396 2.75
-0.16199994087219238 0.2760000228881836 1.406000018119812
-1.121999979019165 -0.75 2.053999900817871
-0.9240000247955322 -0.7199999690055847 2.078000068664551
-0.07200002670288086 0.624000072479248 1.7480000257492065
-0.1499999761581421 -0.12000000476837158 1.9160000085830688
-0.7680000066757202 -0.5699999928474426 2.4019999504089355
-0.04799997806549072 0.437999963760376 2.1019999980926514
-0.828000009059906 -0.09599995613098145 2.9000000953674316
-0.9959999918937683 -0.7379999756813049 2.053999900817871
-0.26999998092651367 -0.2999999523162842 1.777999997138977
-0.7559999823570251 -0.24599993228912354 2.7799999713897705
-1.0980000495910645 -0.75 2.053999900817871
-0.7559999823570251 -0.4739999771118164 2.552000045776367
-0.7559999823570251 -0.4559999704360962 2.5759999752044678
-0.8040000200271606 -0.6779999732971191 2.131999969482422
-0.7559999823570251 -0.3659999370574951 2.677999973297119
-0.312000036239624 -0.34800004959106445 1.7540000677108765
-0.7860000133514404 -0.6480000019073486 2.2280001640319824
-0.9480000138282776 -0.7020000219345093 2.2039999961853027
-0.9480000138282776 -0.7080000042915344 2.180000066757202
-1.0920000076293945 -0.7559999823570251 1.8560000658035278
-0.26999998092651367 -0.2999999523162842 1.7719999551773071
-0.04799997806549072 0.5699999332427979 1.8560000658035278
-0.7739999890327454 -0.6240000128746033 2.2880001068115234
-0.059999942779541016 0.3840000629425049 2.180000066757202
-0.1260000467300415 0.4259999990463257 1.4660000801086426
-0.11399996280670166 -0.0419999361038208 1.9760000705718994
-0.1679999828338623 0.25199997425079346 1.3940000534057617
-0.75 -0.41999995708465576 2.618000030517578
-0.1499999761581421 -0.1260000467300415 1.9160000085830688
-0.11399996280670166 0.5520000457763672 1.5260000228881836
-0.21000003814697266 -0.22800004482269287 1.850000023841858
-0.972000002861023 -0.7080000042915344 2.2039999961853027
-0.04799997806549072 0.5759999752044678 1.850000023841858
-0.0419999361038208 0.5520000457763672 1.9040000438690186
-0.75 -0.24599993228912354 2.7799999713897705
-0.7919999957084656 -0.671999990940094 2.1500000953674316
-0.9240000247955322 -0.7199999690055847 2.1019999980926514
-1.0679999589920044 -0.75 2.053999900817871
-0.7619999647140503 -0.5460000038146973 2.450000047683716
-0.75 -0.37199997901916504 2.671999931335449
-0.11399996280670166 0.6059999465942383 1.5499999523162842
-0.04799997806549072 0.4259999990463257 2.125999927520752
-0.12000000476837158 0.4440000057220459 1.4779999256134033
-1.1519999504089355 -0.7559999823570251 2.047999858856201
-0.22200000286102295 -0.24599993228912354 1.8259999752044678
-0.75 -0.34800004959106445 2.696000099182129
-0.12000000476837158 0.4500000476837158 1.4779999256134033
-0.7799999713897705 -0.6779999732971191 2.1019999980926514
-0.17400002479553223 -0.17400002479553223 1.8799999952316284
-1.1340000629425049 -0.7559999823570251 2.047999858856201
-0.22200000286102295 -0.24599993228912354 1.8200000524520874
-0.04799997806549072 0.4200000762939453 2.131999969482422
-0.9240000247955322 -0.7260000109672546 2.072000026702881
-1.121999979019165 -0.7559999823570251 2.047999858856201
-0.11399996280670166 0.5039999485015869 1.5019999742507935
-0.054000020027160645 0.4320000410079956 2.1620001792907715
-0.09599995613098145 0.6660001277923584 1.6519999504089355
-0.14399993419647217 -0.12000000476837158 1.9279999732971191
-0.18599998950958252 -0.1979999542236328 1.9040000438690186
-0.07200002670288086 0.6359999179840088 1.7300000190734863
-1.0499999523162842 -0.75 2.053999900817871
-0.18599998950958252 -0.1979999542236328 1.8980000019073486
-0.7559999823570251 -0.48000001907348633 2.552000045776367
-0.7559999823570251 -0.437999963760376 2.6059999465942383
-1.121999979019165 -0.7559999823570251 2.053999900817871
-1.0920000076293945 -0.7619999647140503 1.9279999732971191
-0.7739999890327454 -0.6240000128746033 2.3000001907348633
-0.9900000095367432 -0.7080000042915344 2.2280001640319824
-0.8100000023841858 -0.09599995613098145 2.9000000953674316
-0.03600001335144043 0.5280001163482666 1.9520000219345093
-0.7680000066757202 -0.5999999642372131 2.3540000915527344
-0.7559999823570251 -0.49800002574920654 2.5280001163482666
-0.75 -0.4739999771118164 2.558000087738037
-0.3059999942779541 -0.3539999723434448 1.777999997138977
-0.7799999713897705 -0.6359999775886536 2.2760000228881836
-0.1799999475479126 0.20399999618530273 1.375999927520752
-0.22200000286102295 -0.25199997425079346 1.8320000171661377
-1.0980000495910645 -0.7559999823570251 2.053999900817871
-0.04799997806549072 0.5880000591278076 1.8259999752044678
-0.9779999852180481 -0.7139999866485596 2.2039999961853027
-0.12000000476837158 -0.07200002670288086 1.9580000638961792
-0.75 -0.37199997901916504 2.677999973297119
-0.04799997806549072 0.4140000343322754 2.1500000953674316
-1.0740000009536743 -0.7619999647140503 1.8799999952316284
-0.09599995613098145 0.6600000858306885 1.6340000629425049
-0.75 -0.34800004959106445 2.7019999027252197
-0.7199999690055847 -0.07200002670288086 2.875999927520752
-0.10199999809265137 0.6779999732971191 1.628000020980835
-0.75 -0.22200000286102295 2.803999900817871
-1.0740000009536743 -0.7619999647140503 1.8680000305175781
-0.2999999523162842 -0.34200000762939453 1.7419999837875366
-0.10199999809265137 0.6540000438690186 1.6039999723434448
-0.8159999847412109 -0.10800004005432129 2.9000000953674316
-0.09599995613098145 0.6059999465942383 1.5859999656677246
-0.75 -0.41999995708465576 2.630000114440918
-0.1799999475479126 0.156000018119812 1.3880000114440918
-0.1799999475479126 0.18599998950958252 1.375999927520752
-0.7979999780654907 -0.09599995613098145 2.9000000953674316
-0.9120000004768372 -0.7199999690055847 2.125999927520752
-0.10800004005432129 0.630000114440918 1.562000036239624
-0.7799999713897705 -0.6480000019073486 2.251999855041504
-0.7440000176429749 -0.3960000276565552 2.6540000438690186
-0.7080000042915344 -0.07799994945526123 2.870000123977661
-0.2999999523162842 -0.34800004959106445 1.7540000677108765
-0.1499999761581421 -0.14399993419647217 1.9279999732971191
-0.906000018119812 -0.7080000042915344 2.180000066757202
-0.9599999785423279 -0.7199999690055847 2.180000066757202
-0.7319999933242798 -0.07799994945526123 2.881999969482422
-0.2999999523162842 -0.3539999723434448 1.777999997138977
-1.0499999523162842 -0.7559999823570251 2.053999900817871
-0.1260000467300415 0.37800002098083496 1.4420000314712524
-0.04799997806549072 0.3960000276565552 2.1679999828338623
-0.9240000247955322 -0.7319999933242798 2.078000068664551
-0.04799997806549072 0.5999999046325684 1.8020000457763672
-1.1039999723434448 -0.7680000066757202 1.9580000638961792
-0.7860000133514404 -0.671999990940094 2.180000066757202
-0.12000000476837158 0.38999998569488525 1.4539999961853027
-0.7440000176429749 -0.3240000009536743 2.7260000705718994
-0.12000000476837158 0.4020000696182251 1.4539999961853027
-0.17400002479553223 0.20399999618530273 1.375999927520752
-0.2999999523162842 -0.3539999723434448 1.7719999551773071
-0.04799997806549072 0.5999999046325684 1.7960000038146973
-0.75 -0.4440000057220459 2.6059999465942383
-0.7619999647140503 -0.5699999928474426 2.4260001182556152
-1.0859999656677246 -0.7680000066757202 1.9040000438690186
-0.7559999823570251 -0.5220000147819519 2.503999948501587
-0.7559999823570251 -0.1979999542236328 2.828000068664551
-0.1499999761581421 0.2760000228881836 1.4000000953674316
-0.7860000133514404 -0.6840000152587891 2.131999969482422
-0.7139999866485596 -0.07799994945526123 2.875999927520752
-0.10199999809265137 0.6419999599456787 1.5800000429153442
-0.10199999809265137 0.6779999732971191 1.6100000143051147
-0.17400002479553223 -0.19200003147125244 1.8799999952316284
-0.07200002670288086 0.6480000019073486 1.7000000476837158
-0.9419999718666077 -0.7379999756813049 2.078000068664551
-0.17400002479553223 -0.19200003147125244 1.8739999532699585
-0.972000002861023 -0.7440000176429749 2.078000068664551
-0.1799999475479126 0.18000006675720215 1.3700000047683716
-0.054000020027160645 0.37800002098083496 2.2039999961853027
-0.156000018119812 -0.16199994087219238 1.9040000438690186
-0.21599996089935303 -0.2580000162124634 1.850000023841858
-0.17400002479553223 0.19200003147125244 1.375999927520752
-0.7739999890327454 -0.6480000019073486 2.257999897003174
-0.1499999761581421 0.2640000581741333 1.4000000953674316
-0.7440000176429749 -0.2999999523162842 2.75
-0.7799999713897705 -0.6599999666213989 2.2280001640319824
-1.0019999742507935 -0.75 2.078000068664551
-0.07200002670288086 0.6540000438690186 1.7000000476837158
-0.75 -0.49800002574920654 2.5399999618530273
-0.09000003337860107 0.5520000457763672 1.555999994277954
-0.10199999809265137 0.5759999752044678 1.5320000648498535
-0.9959999918937683 -0.75 2.078000068664551
-0.7739999890327454 -0.09000003337860107 2.9000000953674316
-0.09599995613098145 0.6840000152587891 1.628000020980835
-0.7559999823570251 -0.5099999904632568 2.5280001163482666
-0.10199999809265137 0.5520000457763672 1.5199999809265137
-0.906000018119812 -0.7199999690055847 2.1500000953674316
-1.1579999923706055 -0.7680000066757202 2.053999900817871
-0.04799997806549072 0.6119999885559082 1.777999997138977
-0.75 -0.4739999771118164 2.5759999752044678
-0.1260000467300415 0.3539999723434448 1.4300000667572021
-0.1260000467300415 -0.10800004005432129 1.9520000219345093
-0.10199999809265137 0.5280001163482666 1.5080000162124634
-0.023999929428100586 0.5099999904632568 1.9760000705718994
-0.023999929428100586 0.49800002574920654 2.0
-0.09599995613098145 0.6840000152587891 1.621999979019165
-0.26999998092651367 -0.3240000009536743 1.7660000324249268
-0.054000020027160645 0.4200000762939453 2.2160000801086426
-1.1039999723434448 -0.7739999890327454 1.9459999799728394
-0.09599995613098145 0.6359999179840088 1.5800000429153442
-0.023999929428100586 0.5220000743865967 1.9520000219345093
-0.7979999780654907 -0.11399996280670166 2.9000000953674316
-1.1039999723434448 -0.7739999890327454 1.8860000371932983
-0.10800004005432129 0.4500000476837158 1.472000002861023
-0.7619999647140503 -0.5999999642372131 2.378000020980835
-0.023999929428100586 0.5039999485015869 2.0
-0.054000020027160645 0.630000114440918 1.7540000677108765
-0.023999929428100586 0.48000001907348633 2.0299999713897705
-0.09599995613098145 0.630000114440918 1.5740000009536743
-1.0199999809265137 -0.7559999823570251 2.078000068664551
-0.023999929428100586 0.5280001163482666 1.9520000219345093
-0.7680000066757202 -0.6240000128746033 2.3299999237060547
-0.10199999809265137 0.5039999485015869 1.496000051498413
-0.7799999713897705 -0.6840000152587891 2.1500000953674316
-0.023999929428100586 0.4739999771118164 2.0420000553131104
-0.023999929428100586 0.5339999198913574 1.9279999732971191
-0.09599995613098145 0.6059999465942383 1.555999994277954
-0.8999999761581421 -0.7199999690055847 2.1560001373291016
-0.7440000176429749 -0.26999998092651367 2.7799999713897705
-0.1799999475479126 0.1380000114440918 1.375999927520752
-0.09599995613098145 0.5759999752044678 1.5379999876022339
-0.1380000114440918 0.30000007152557373 1.406000018119812
-0.08399999141693115 0.5399999618530273 1.555999994277954
-1.0859999656677246 -0.7739999890327454 1.8799999952316284
-0.09599995613098145 0.5520000457763672 1.5260000228881836
-0.7799999713897705 -0.671999990940094 2.2039999961853027
-0.023999929428100586 0.46800005435943604 2.053999900817871
-0.08399999141693115 0.6779999732971191 1.6519999504089355
-0.24599993228912354 -0.2999999523162842 1.784000039100647
-0.04799997806549072 0.37800002098083496 2.2039999961853027
-0.7739999890327454 -0.6480000019073486 2.2760000228881836
-0.054000020027160645 0.37800002098083496 2.2280001640319824
-0.054000020027160645 0.37199997901916504 2.2280001640319824
-0.1799999475479126 0.16200006008148193 1.3640000820159912
-0.7559999823570251 -0.5460000038146973 2.4800000190734863
-0.0419999361038208 0.4020000696182251 2.180000066757202
-0.023999929428100586 0.5460000038146973 1.9040000438690186
-0.26399993896484375 -0.3240000009536743 1.777999997138977
-0.09599995613098145 0.6059999465942383 1.5499999523162842
-0.10199999809265137 0.48000001907348633 1.4839999675750732
-0.09000003337860107 0.5880000591278076 1.555999994277954
-0.75 -0.5220000147819519 2.5160000324249268
-0.07200002670288086 0.6600000858306885 1.6759999990463257
-0.023999929428100586 0.5520000457763672 1.9040000438690186
-0.10800004005432129 0.4259999990463257 1.4600000381469727
-0.09599995613098145 0.5520000457763672 1.5199999809265137
-0.75 -0.49800002574920654 2.552000045776367
-0.023999929428100586 0.4559999704360962 2.078000068664551
-0.906000018119812 -0.7260000109672546 2.1500000953674316
-0.75 -0.5460000038146973 2.4800000190734863
-0.12000000476837158 0.3539999723434448 1.4300000667572021
-0.04799997806549072 0.624000072479248 1.7540000677108765
-0.9959999918937683 -0.7559999823570251 2.0840001106262207
-0.12000000476837158 0.34800004959106445 1.4300000667572021
-0.09599995613098145 0.5280001163482666 1.5080000162124634
-0.1260000467300415 0.33000004291534424 1.4179999828338623
-1.1399999856948853 -0.7739999890327454 2.053999900817871
-0.04799997806549072 0.624000072479248 1.7480000257492065
-0.1979999542236328 -0.24599993228912354 1.8380000591278076
-0.023999929428100586 0.4440000057220459 2.0959999561309814
-0.04799997806549072 0.630000114440918 1.7540000677108765
-0.023999929428100586 0.564000129699707 1.8799999952316284
-0.7440000176429749 -0.24599993228912354 2.803999900817871
-0.09599995613098145 0.5039999485015869 1.496000051498413
-0.7799999713897705 -0.1799999475479126 2.864000082015991
-0.156000018119812 0.22800004482269287 1.375999927520752
-0.75 -0.1979999542236328 2.8399999141693115
-0.023999929428100586 0.4440000057220459 2.1019999980926514
-0.1380000114440918 -0.1499999761581421 1.9520000219345093
-0.023999929428100586 0.3179999589920044 2.1019999980926514
-0.7799999713897705 -0.6840000152587891 2.180000066757202
-1.0080000162124634 -0.7199999690055847 2.2639999389648438
-0.7680000066757202 -0.6899999976158142 2.131999969482422
-1.0859999656677246 -0.7799999713897705 1.8860000371932983
-0.22800004482269287 -0.2940000295639038 1.843999981880188
-0.8939999938011169 -0.7199999690055847 2.180000066757202
-0.1499999761581421 -0.17400002479553223 1.8919999599456787
-0.023999929428100586 0.5699999332427979 1.8619999885559082
-0.7559999823570251 -0.5699999928474426 2.450000047683716
-0.10800004005432129 0.4020000696182251 1.4479999542236328
-1.1519999504089355 -0.7739999890327454 2.078000068664551
-0.7440000176429749 -0.37199997901916504 2.7019999027252197
-0.7440000176429749 -0.3960000276565552 2.677999973297119
-1.1399999856948853 -0.7739999890327454 2.078000068664551
-0.7739999890327454 -0.671999990940094 2.2220001220703125
-0.7379999756813049 -0.08399999141693115 2.9000000953674316
-1.0019999742507935 -0.7260000109672546 2.246000051498413
-0.1380000114440918 0.2760000228881836 1.3940000534057617
-0.1979999542236328 -0.25199997425079346 1.8380000591278076
-0.054000020027160645 0.36600005626678467 2.251999855041504
-1.121999979019165 -0.7739999890327454 2.078000068664551
-0.09599995613098145 0.4559999704360962 1.4779999256134033
-1.0740000009536743 -0.7739999890327454 2.053999900817871
-0.023999929428100586 0.5759999752044678 1.850000023841858
-1.0080000162124634 -0.7260000109672546 2.251999855041504
-0.12000000476837158 -0.12000000476837158 1.934000015258789
-0.07799994945526123 0.4919999837875366 1.5320000648498535
-0.75 -0.5220000147819519 2.5280001163482666
-0.23399996757507324 -0.2999999523162842 1.8020000457763672
-0.1799999475479126 0.1260000467300415 1.3640000820159912
-0.1380000114440918 -0.156000018119812 1.9520000219345093
-0.7619999647140503 -0.5999999642372131 2.4019999504089355
-0.19200003147125244 -0.24599993228912354 1.850000023841858
-0.7739999890327454 -0.671999990940094 2.2280001640319824
-0.029999971389770508 0.3359999656677246 2.1560001373291016
-0.18599998950958252 -0.24000000953674316 1.8919999599456787
-0.023999929428100586 0.4320000410079956 2.125999927520752
-0.07200002670288086 0.6719999313354492 1.6579999923706055
-0.972000002861023 -0.7559999823570251 2.0959999561309814
-0.10800004005432129 -0.09599995613098145 1.9520000219345093
-0.10800004005432129 -0.09000003337860107 2.00600004196167
-0.04799997806549072 0.6359999179840088 1.7300000190734863
-1.1460000276565552 -0.7799999713897705 2.053999900817871
-0.7440000176429749 -0.4440000057220459 2.630000114440918
-0.08399999141693115 0.5399999618530273 1.5260000228881836
-0.972000002861023 -0.7559999823570251 2.1019999980926514
-0.1979999542236328 -0.2580000162124634 1.850000023841858
-0.7379999756813049 -0.41999995708465576 2.6540000438690186
-0.7619999647140503 -0.6240000128746033 2.3540000915527344
-0.16199994087219238 -0.20399999618530273 1.9040000438690186
-0.7680000066757202 -0.6480000019073486 2.3000001907348633
-1.1039999723434448 -0.7860000133514404 1.940000057220459
-0.023999929428100586 0.4200000762939453 2.138000011444092
-0.1499999761581421 0.22800004482269287 1.375999927520752
-0.7559999823570251 -0.5879999995231628 2.4260001182556152
-0.1679999828338623 0.18000006675720215 1.3580000400543213
-0.9359999895095825 -0.75 2.1019999980926514
-1.1519999504089355 -0.7799999713897705 2.065999984741211
-0.2760000228881836 -0.36000001430511475 1.8079999685287476
-0.14399993419647217 -0.17400002479553223 1.9040000438690186
-0.7559999823570251 -0.5759999752044678 2.450000047683716
-0.10800004005432129 0.37800002098083496 1.4359999895095825
-0.7799999713897705 -0.6840000152587891 2.2039999961853027
-0.029999971389770508 0.37199997901916504 2.1740000247955322
-0.029999971389770508 0.6059999465942383 1.8020000457763672
-0.09599995613098145 -0.07200002670288086 1.9760000705718994
-0.018000006675720215 0.4500000476837158 2.1019999980926514
-0.8939999938011169 -0.7199999690055847 2.2039999961853027
-0.023999929428100586 0.5880000591278076 1.8259999752044678
-0.9959999918937683 -0.7619999647140503 2.1019999980926514
-0.07200002670288086 0.6779999732971191 1.6519999504089355
-0.1499999761581421 0.21599996089935303 1.375999927520752
-0.7319999933242798 -0.34800004959106445 2.7260000705718994
-0.07799994945526123 0.5160000324249268 1.5260000228881836
-0.029999971389770508 0.37800002098083496 2.180000066757202
-0.7379999756813049 -0.22200000286102295 2.828000068664551
-0.023999929428100586 0.4140000343322754 2.1500000953674316
-0.7559999823570251 -0.1979999542236328 2.8519999980926514
-1.1460000276565552 -0.7799999713897705 2.078000068664551
-0.029999971389770508 0.36600005626678467 2.180000066757202
-0.17400002479553223 0.156000018119812 1.3519999980926514
-0.26999998092651367 -0.34800004959106445 1.7660000324249268
-0.023999929428100586 0.3359999656677246 2.1500000953674316
-0.12000000476837158 -0.13199996948242188 1.934000015258789
-0.029999971389770508 0.34200000762939453 2.180000066757202
-0.9240000247955322 -0.75 2.1019999980926514
-0.04799997806549072 0.3539999723434448 2.251999855041504
-0.22200000286102295 -0.2999999523162842 1.8560000658035278
-1.0440000295639038 -0.7739999890327454 2.078000068664551
-0.7979999780654907 -0.1260000467300415 2.9119999408721924
-0.75 -0.5699999928474426 2.4619998931884766
-0.09000003337860107 -0.06599998474121094 1.9580000638961792
-0.08399999141693115 0.5039999485015869 1.5019999742507935
-0.03600001335144043 0.25199997425079346 1.6640000343322754
-0.7319999933242798 -0.3240000009536743 2.75
-0.9480000138282776 -0.7559999823570251 2.1019999980926514
-0.156000018119812 0.20399999618530273 1.3640000820159912
-0.054000020027160645 0.36600005626678467 2.2760000228881836
-0.7680000066757202 -0.6959999799728394 2.1500000953674316
-0.7799999713897705 -0.1799999475479126 2.875999927520752
-0.24599993228912354 -0.3240000009536743 1.784000039100647
-0.09000003337860107 0.48000001907348633 1.4779999256134033
-0.09599995613098145 0.4140000343322754 1.4539999961853027
-0.156000018119812 -0.20399999618530273 1.8980000019073486
-0.018000006675720215 0.3179999589920044 2.125999927520752
-0.09599995613098145 0.4259999990463257 1.4539999961853027
-0.26999998092651367 -0.3539999723434448 1.7719999551773071
-0.023999929428100586 0.5999999046325684 1.8020000457763672
-0.006000041961669922 0.5220000743865967 1.9459999799728394
-0.04799997806549072 0.6480000019073486 1.7059999704360962
-0.26999998092651367 -0.36000001430511475 1.8020000457763672
-0.7199999690055847 -0.09000003337860107 2.9000000953674316
-0.7739999890327454 -0.10199999809265137 2.9179999828338623
-0.7440000176429749 -0.5460000038146973 2.503999948501587
-0.7680000066757202 -0.671999990940094 2.251999855041504
-0.7440000176429749 -0.4739999771118164 2.6059999465942383
-0.023999929428100586 0.6059999465942383 1.8020000457763672
-0.09000003337860107 0.4500000476837158 1.4660000801086426
-0.07200002670288086 0.6840000152587891 1.6340000629425049
-0.7440000176429749 -0.49800002574920654 2.5759999752044678
-0.1499999761581421 -0.1979999542236328 1.8919999599456787
-0.22200000286102295 -0.2999999523162842 1.8020000457763672
-1.1579999923706055 -0.7860000133514404 2.078000068664551
-0.029999971389770508 0.3539999723434448 2.2039999961853027
-0.018000006675720215 0.3539999723434448 2.1500000953674316
-0.03600001335144043 0.3539999723434448 2.2280001640319824
-0.17400002479553223 -0.24000000953674316 1.8919999599456787
-0.03600001335144043 0.34800004959106445 2.2280001640319824
-0.04799997806549072 0.6540000438690186 1.7000000476837158
-0.7739999890327454 -0.6959999799728394 2.180000066757202
-0.12000000476837158 0.30000007152557373 1.4000000953674316
-0.07799994945526123 0.49800002574920654 1.5019999742507935
-0.17400002479553223 0.1260000467300415 1.3519999980926514
-0.10800004005432129 -0.12000000476837158 1.9520000219345093
-1.0260000228881836 -0.7739999890327454 2.1019999980926514
-0.12000000476837158 0.2879999876022339 1.4000000953674316
-0.26399993896484375 -0.3539999723434448 1.777999997138977
-1.0260000228881836 -0.7319999933242798 2.2820000648498535
-0.029999971389770508 0.34800004959106445 2.2100000381469727
-1.0199999809265137 -0.7739999890327454 2.1019999980926514
-0.75 -0.5999999642372131 2.4200000762939453
-0.04799997806549072 0.36000001430511475 2.2760000228881836
-0.09599995613098145 -0.09599995613098145 1.9639999866485596
-0.1499999761581421 -0.20399999618530273 1.8980000019073486
-0.04799997806549072 0.34800004959106445 2.2760000228881836
-0.2580000162124634 -0.34800004959106445 1.777999997138977
-0.011999964714050293 0.33000004291534424 2.125999927520752
-0.023999929428100586 0.6119999885559082 1.777999997138977
-0.1679999828338623 0.156000018119812 1.3459999561309814
-0.9240000247955322 -0.7559999823570251 2.113999843597412
-0.7559999823570251 -0.6240000128746033 2.378000020980835
-0.906000018119812 -0.75 2.125999927520752
-0.7319999933242798 -0.2999999523162842 2.7799999713897705
-0.006000041961669922 0.3059999942779541 2.0840001106262207
-1.1640000343322754 -0.7860000133514404 2.1019999980926514
-0.21000003814697266 -0.2940000295639038 1.8259999752044678
-0.07200002670288086 0.46800005435943604 1.5019999742507935
-0.011999964714050293 0.3539999723434448 2.138000011444092
-0.7319999933242798 -0.26999998092651367 2.803999900817871
-0.7619999647140503 -0.7020000219345093 2.1500000953674316
-0.7619999647140503 -0.6480000019073486 2.3299999237060547
0.0 0.5220000743865967 1.9520000219345093
0.0 0.5039999485015869 2.0
-0.75 -0.5999999642372131 2.4260001182556152
-0.14399993419647217 -0.1979999542236328 1.9040000438690186
-0.7440000176429749 -0.5220000147819519 2.552000045776367
0.0 0.5280001163482666 1.9520000219345093
0.0 0.48600006103515625 2.0299999713897705
-0.17400002479553223 -0.24599993228912354 1.8560000658035278
-0.1499999761581421 -0.21000003814697266 1.9040000438690186
-0.7680000066757202 -0.671999990940094 2.2760000228881836
-0.011999964714050293 0.37800002098083496 2.1500000953674316
-0.029999971389770508 0.24000000953674316 1.6519999504089355
-0.7319999933242798 -0.24000000953674316 2.828000068664551
-0.7739999890327454 -0.6959999799728394 2.2039999961853027
-0.7440000176429749 -0.5699999928474426 2.4800000190734863
-0.023999929428100586 0.24000000953674316 1.6759999990463257
-0.9179999828338623 -0.7379999756813049 2.2100000381469727
-0.10199999809265137 0.3539999723434448 1.4179999828338623
-0.09599995613098145 0.37800002098083496 1.4300000667572021
0.0 0.4739999771118164 2.053999900817871
-0.09599995613098145 0.36600005626678467 1.4300000667572021
-0.8999999761581421 -0.75 2.138000011444092
0.0 0.5460000038146973 1.909999966621399
-0.03600001335144043 0.34800004959106445 2.251999855041504
-0.7559999823570251 -0.6179999709129333 2.4019999504089355
-0.023999929428100586 0.25199997425079346 1.6640000343322754
0.0 0.5520000457763672 1.9040000438690186
-0.04799997806549072 0.6660001277923584 1.6759999990463257
-0.75 -0.7020000219345093 2.1500000953674316
-0.7680000066757202 -0.09599995613098145 2.930000066757202
-0.7979999780654907 -0.12000000476837158 2.930000066757202
0.0 0.4620000123977661 2.078000068664551
-0.1799999475479126 -0.26399993896484375 1.8799999952316284
-0.1260000467300415 -0.17400002479553223 1.9279999732971191
-0.7319999933242798 -0.3960000276565552 2.7019999027252197
-0.8999999761581421 -0.75 2.1500000953674316
-0.22800004482269287 -0.3240000009536743 1.8020000457763672
-0.7319999933242798 -0.41999995708465576 2.677999973297119
-0.7319999933242798 -0.37199997901916504 2.7260000705718994
0.0 0.3059999942779541 2.0840001106262207
-0.023999929428100586 0.630000114440918 1.7540000677108765
0.006000041961669922 0.49800002574920654 2.0
-1.1759999990463257 -0.7919999957084656 2.1080000400543213
-0.1260000467300415 0.25199997425079346 1.375999927520752
-0.9240000247955322 -0.7619999647140503 2.125999927520752
-0.7319999933242798 -0.4440000057220459 2.6540000438690186
-0.029999971389770508 0.23399996757507324 1.6340000629425049
-0.7440000176429749 -0.5460000038146973 2.5280001163482666
-0.08399999141693115 0.4259999990463257 1.4479999542236328
0.0 0.4440000057220459 2.1019999980926514
-0.1499999761581421 0.18000006675720215 1.3519999980926514
0.0 0.4500000476837158 2.1019999980926514
-0.7739999890327454 -0.10800004005432129 2.930000066757202
-0.06599998474121094 0.4200000762939453 1.4900000095367432
-0.07200002670288086 0.4500000476837158 1.4779999256134033
-0.17400002479553223 -0.2580000162124634 1.8560000658035278
0.0 0.312000036239624 2.1019999980926514
-0.8040000200271606 -0.12000000476837158 2.936000108718872
-0.9480000138282776 -0.7680000066757202 2.125999927520752
-1.0799999237060547 -0.7979999780654907 2.0420000553131104
-0.09599995613098145 -0.12000000476837158 1.9520000219345093
-0.24599993228912354 -0.34800004959106445 1.777999997138977
-1.0920000076293945 -0.7979999780654907 2.053999900817871
-0.9779999852180481 -0.7739999890327454 2.125999927520752
-0.04799997806549072 0.6719999313354492 1.6640000343322754
-1.0740000009536743 -0.7979999780654907 2.0420000553131104
-0.75 -0.6240000128746033 2.3959999084472656
-0.8999999761581421 -0.7559999823570251 2.138000011444092
-0.10199999809265137 0.33000004291534424 1.406000018119812
-0.006000041961669922 0.4259999990463257 2.1500000953674316
-0.9359999895095825 -0.7619999647140503 2.1500000953674316
-1.1039999723434448 -0.7979999780654907 2.065999984741211
-0.7919999957084656 -0.1260000467300415 2.930000066757202
0.006000041961669922 0.48000001907348633 2.053999900817871
-0.7260000109672546 -0.34800004959106445 2.75
-0.7379999756813049 -0.22200000286102295 2.8519999980926514
-0.972000002861023 -0.7739999890327454 2.125999927520752
-0.1499999761581421 0.1679999828338623 1.3519999980926514
-0.7199999690055847 -0.2940000295639038 2.7920000553131104
-0.7559999823570251 -0.6359999775886536 2.378000020980835
-0.7199999690055847 -0.3240000009536743 2.7680001258850098
-1.1159999370574951 -0.7979999780654907 2.078000068664551
-0.07200002670288086 0.4500000476837158 1.472000002861023
-0.08399999141693115 -0.09599995613098145 1.9760000705718994
-0.22200000286102295 -0.3240000009536743 1.8020000457763672
-1.0679999589920044 -0.7979999780654907 2.053999900817871
-0.10800004005432129 0.30000007152557373 1.3940000534057617
-0.9959999918937683 -0.7799999713897705 2.119999885559082
-0.7680000066757202 -0.6959999799728394 2.2280001640319824
-0.12000000476837158 -0.17400002479553223 1.9279999732971191
-0.10199999809265137 -0.1380000114440918 1.9520000219345093
-0.006000041961669922 0.3240000009536743 2.1560001373291016
0.0 0.437999963760376 2.125999927520752
0.0 0.33000004291534424 2.125999927520752
-0.75 -0.6240000128746033 2.4019999504089355
-0.75 -0.09599995613098145 2.930000066757202
-0.7559999823570251 -0.6480000019073486 2.3540000915527344
-1.0499999523162842 -0.7979999780654907 2.047999858856201
0.0 0.3179999589920044 2.125999927520752
-0.08399999141693115 0.4020000696182251 1.4359999895095825
-0.023999929428100586 0.23399996757507324 1.6399999856948853
-0.7199999690055847 -0.34800004959106445 2.75
-0.156000018119812 -0.24000000953674316 1.9040000438690186
0.011999964714050293 0.5099999904632568 1.9760000705718994
-0.24599993228912354 -0.3539999723434448 1.777999997138977
-1.0499999523162842 -0.7979999780654907 2.053999900817871
-0.023999929428100586 0.6419999599456787 1.7300000190734863
-0.12000000476837158 0.25199997425079346 1.375999927520752
-1.1399999856948853 -0.7979999780654907 2.1019999980926514
-0.7260000109672546 -0.3179999589920044 2.7799999713897705
-0.04799997806549072 0.6779999732971191 1.6519999504089355
-0.7260000109672546 -0.2879999876022339 2.803999900817871
-0.8939999938011169 -0.75 2.180000066757202
-0.06599998474121094 0.437999963760376 1.4779999256134033
-0.14399993419647217 -0.22200000286102295 1.9279999732971191
-0.9179999828338623 -0.7440000176429749 2.2280001640319824
-0.75 -0.6480000019073486 2.3540000915527344
-0.14399993419647217 -0.22200000286102295 1.9520000219345093
-0.1979999542236328 -0.2999999523162842 1.8259999752044678
-0.7440000176429749 -0.5999999642372131 2.450000047683716
0.0 0.5880000591278076 1.8259999752044678
0.011999964714050293 0.5339999198913574 1.9279999732971191
-0.12000000476837158 0.24000000953674316 1.375999927520752
-0.7559999823570251 -0.671999990940094 2.3000001907348633
-0.7319999933242798 -0.4739999771118164 2.630000114440918
-0.1979999542236328 -0.2999999523162842 1.8200000524520874
0.0 0.37800002098083496 2.1500000953674316
0.0 0.36600005626678467 2.1500000953674316
-0.7559999823570251 -0.7080000042915344 2.180000066757202
-0.7199999690055847 -0.3659999370574951 2.73799991607666
-0.018000006675720215 0.23399996757507324 1.6519999504089355
0.0 0.4259999990463257 2.1500000953674316
-0.7379999756813049 -0.49800002574920654 2.6059999465942383
-0.1260000467300415 0.22800004482269287 1.3640000820159912
-0.7680000066757202 -0.7080000042915344 2.2039999961853027
-1.121999979019165 -0.8040000200271606 2.078000068664551
0.006000041961669922 0.5759999752044678 1.850000023841858
-0.04799997806549072 0.36000001430511475 2.3299999237060547
-0.07200002670288086 0.4259999990463257 1.4539999961853027
-0.22800004482269287 -0.34200000762939453 1.8020000457763672
-0.08399999141693115 0.37800002098083496 1.4240000247955322
-1.0379999876022339 -0.7979999780654907 2.078000068664551
-0.16199994087219238 0.1260000467300415 1.3339999914169312
-0.972000002861023 -0.7799999713897705 2.131999969482422
-0.7379999756813049 -0.5699999928474426 2.503999948501587
-0.011999964714050293 0.624000072479248 1.7540000677108765
-0.023999929428100586 0.6480000019073486 1.7120000123977661
0.0 0.3240000009536743 2.1560001373291016
-0.14399993419647217 -0.22800004482269287 1.9639999866485596
-0.7260000109672546 -0.36000001430511475 2.75
-0.03600001335144043 0.36000001430511475 2.3000001907348633
-1.055999994277954 -0.8040000200271606 2.053999900817871
-0.7199999690055847 -0.4140000343322754 2.696000099182129
-0.10800004005432129 0.2760000228881836 1.3819999694824219
0.0 0.5999999046325684 1.8020000457763672
-0.09599995613098145 0.3059999942779541 1.4000000953674316
-0.04799997806549072 0.6840000152587891 1.6340000629425049
-0.7199999690055847 -0.3240000009536743 2.7799999713897705
-0.7559999823570251 -0.6660000085830688 2.3299999237060547
-0.7319999933242798 -0.5220000147819519 2.5759999752044678
-0.7319999933242798 -0.26999998092651367 2.828000068664551
-0.07200002670288086 -0.09000003337860107 1.9700000286102295
0.0 0.6059999465942383 1.8020000457763672
-0.7619999647140503 -0.6959999799728394 2.251999855041504
-0.7199999690055847 -0.4440000057220459 2.6660001277923584
-0.7559999823570251 -0.6779999732971191 2.3000001907348633
-0.24000000953674316 -0.3659999370574951 1.8259999752044678
-0.9179999828338623 -0.7440000176429749 2.251999855041504
-0.7260000109672546 -0.38999998569488525 2.7260000705718994
-0.8880000114440918 -0.75 2.2039999961853027
-0.023999929428100586 0.6540000438690186 1.7000000476837158
0.018000006675720215 0.4739999771118164 2.047999858856201
-0.7260000109672546 -0.437999963760376 2.677999973297119
0.018000006675720215 0.30000007152557373 2.053999900817871
-1.0320000648498535 -0.7979999780654907 2.1019999980926514
-0.07799994945526123 -0.10800004005432129 1.9760000705718994
-0.1499999761581421 -0.24599993228912354 1.8799999952316284
-0.09599995613098145 -0.1499999761581421 1.940000057220459
-0.06599998474121094 0.4140000343322754 1.4539999961853027
-0.07200002670288086 -0.09599995613098145 1.9760000705718994
-0.1499999761581421 -0.24599993228912354 1.8680000305175781
-0.18599998950958252 -0.2999999523162842 1.850000023841858
0.011999964714050293 0.33000004291534424 2.119999885559082
-0.08399999141693115 0.3539999723434448 1.4119999408721924
-0.7319999933242798 -0.2760000228881836 2.828000068664551
-0.7379999756813049 -0.5460000038146973 2.552000045776367
-0.7199999690055847 -0.2999999523162842 2.803999900817871
-1.0199999809265137 -0.7979999780654907 2.1019999980926514
-0.12000000476837158 -0.1979999542236328 1.909999966621399
-0.7260000109672546 -0.4620000123977661 2.6540000438690186
-0.75 -0.6480000019073486 2.378000020980835
-0.7260000109672546 -0.10199999809265137 2.930000066757202
-0.8999999761581421 -0.7680000066757202 2.1500000953674316
-0.07200002670288086 0.4020000696182251 1.4359999895095825
-0.7199999690055847 -0.3659999370574951 2.75
-0.16199994087219238 -0.26999998092651367 1.909999966621399
-0.9480000138282776 -0.7799999713897705 2.1440000534057617
-0.7199999690055847 -0.26999998092651367 2.828000068664551
-0.7440000176429749 -0.6240000128746033 2.4260001182556152
-0.16199994087219238 -0.26999998092651367 1.8860000371932983
-0.7260000109672546 -0.41999995708465576 2.7019999027252197
0.018000006675720215 0.5580000877380371 1.8799999952316284
-0.059999942779541016 0.36600005626678467 1.4600000381469727
-0.9300000071525574 -0.75 2.257999897003174
-0.9179999828338623 -0.7739999890327454 2.1500000953674316
-0.1260000467300415 0.20399999618530273 1.3519999980926514
-0.1499999761581421 -0.25199997425079346 1.8680000305175781
-0.22200000286102295 -0.34800004959106445 1.8020000457763672
-1.1519999504089355 -0.8100000023841858 2.1080000400543213
-0.9419999718666077 -0.7799999713897705 2.1500000953674316
-0.22200000286102295 -0.34800004959106445 1.7960000038146973
-0.7199999690055847 -0.4739999771118164 2.6419999599456787
-0.7199999690055847 -0.41999995708465576 2.7019999027252197
-0.10800004005432129 0.25199997425079346 1.3700000047683716
-0.23399996757507324 -0.3659999370574951 1.8079999685287476
-0.75 -0.671999990940094 2.3299999237060547
-1.0980000495910645 -0.8159999847412109 2.053999900817871
-0.7260000109672546 -0.24599993228912354 2.8519999980926514
-0.13199996948242188 -0.22800004482269287 1.9279999732971191
-0.059999942779541016 0.38999998569488525 1.4539999961853027
-0.7199999690055847 -0.4440000057220459 2.677999973297119
-0.09000003337860107 -0.1499999761581421 1.9520000219345093
-0.906000018119812 -0.7559999823570251 2.2280001640319824
-1.128000020980835 -0.8159999847412109 2.078000068664551
-0.07200002670288086 0.37800002098083496 1.4240000247955322
-1.0080000162124634 -0.7979999780654907 2.125999927520752
-0.023999929428100586 0.6660001277923584 1.6759999990463257
-0.08399999141693115 0.33000004291534424 1.4000000953674316
-0.7559999823570251 -0.6959999799728394 2.2760000228881836
-0.7139999866485596 -0.3960000276565552 2.7260000705718994
-0.7260000109672546 -0.37800002098083496 2.75
0.0 0.624000072479248 1.7540000677108765
-0.1499999761581421 0.13199996948242188 1.3280000686645508
-0.7379999756813049 -0.5699999928474426 2.5280001163482666
-0.1979999542236328 -0.3240000009536743 1.8140000104904175
-0.7260000109672546 -0.4500000476837158 2.677999973297119
-0.8759999871253967 -0.75 2.2280001640319824
-0.9240000247955322 -0.7799999713897705 2.1500000953674316
-0.7860000133514404 -0.12000000476837158 2.9539999961853027
-0.9959999918937683 -0.7979999780654907 2.125999927520752
-0.7379999756813049 -0.5999999642372131 2.4800000190734863
0.0 0.630000114440918 1.7540000677108765
-0.9240000247955322 -0.7559999823570251 2.251999855041504
-0.7199999690055847 -0.28199994564056396 2.828000068664551
0.018000006675720215 0.37800002098083496 2.138000011444092
-0.12000000476837158 0.20399999618530273 1.3519999980926514
-0.9300000071525574 -0.7559999823570251 2.257999897003174
0.029999971389770508 0.5099999904632568 1.9760000705718994
0.029999971389770508 0.49800002574920654 2.0
-0.06599998474121094 0.37800002098083496 1.4300000667572021
0.029999971389770508 0.5220000743865967 1.9520000219345093
-0.07200002670288086 -0.12000000476837158 1.9639999866485596
-0.12000000476837158 0.19800007343292236 1.3519999980926514
0.029999971389770508 0.5039999485015869 2.0
-0.7319999933242798 -0.515999972820282 2.6059999465942383
-1.0740000009536743 -0.8219999670982361 2.0240001678466797
-1.1039999723434448 -0.8219999670982361 2.047999858856201
-1.0859999656677246 -0.8219999670982361 2.0360000133514404
0.029999971389770508 0.5280001163482666 1.9520000219345093
-0.09599995613098145 0.2760000228881836 1.375999927520752
-1.1100000143051147 -0.8219999670982361 2.053999900817871
0.029999971389770508 0.48600006103515625 2.0299999713897705
-1.0740000009536743 -0.8219999670982361 2.0299999713897705
-0.972000002861023 -0.7919999957084656 2.1500000953674316
-0.8700000047683716 -0.75 2.2339999675750732
-1.128000020980835 -0.8219999670982361 2.065999984741211
-0.09599995613098145 -0.17400002479553223 1.934000015258789
0.018000006675720215 0.4020000696182251 2.1500000953674316
-0.22200000286102295 -0.36000001430511475 1.8020000457763672
0.029999971389770508 0.4739999771118164 2.047999858856201
-0.19200003147125244 -0.3240000009536743 1.8259999752044678
0.029999971389770508 0.5399999618530273 1.9279999732971191
0.024000048637390137 0.5699999332427979 1.8560000658035278
-0.10800004005432129 -0.1979999542236328 1.9279999732971191
-0.22200000286102295 -0.36000001430511475 1.7960000038146973
-0.7199999690055847 -0.4739999771118164 2.6540000438690186
0.029999971389770508 0.4739999771118164 2.053999900817871
-0.09599995613098145 0.2580000162124634 1.375999927520752
-0.7739999890327454 -0.12000000476837158 2.9539999961853027
-1.0499999523162842 -0.8219999670982361 2.0240001678466797
0.029999971389770508 0.5460000038146973 1.909999966621399
-0.8819999694824219 -0.75 2.251999855041504
-0.7260000109672546 -0.49800002574920654 2.630000114440918
-0.75 -0.6959999799728394 2.2880001068115234
-0.7799999713897705 -0.1260000467300415 2.9539999961853027
-1.0499999523162842 -0.8219999670982361 2.0299999713897705
-0.7440000176429749 -0.6480000019073486 2.4019999504089355
-0.1499999761581421 -0.26999998092651367 1.8799999952316284
-0.12000000476837158 -0.22200000286102295 1.9160000085830688
0.024000048637390137 0.3539999723434448 2.125999927520752
-0.1260000467300415 0.18000006675720215 1.340000033378601
0.029999971389770508 0.5520000457763672 1.9040000438690186
-0.10800004005432129 0.22800004482269287 1.3580000400543213
-0.75 -0.671999990940094 2.3540000915527344
-0.7619999647140503 -0.7199999690055847 2.2280001640319824
-1.1699999570846558 -0.8159999847412109 2.131999969482422
0.029999971389770508 0.4620000123977661 2.078000068664551
-0.07200002670288086 0.3539999723434448 1.406000018119812
-0.9839999675750732 -0.7979999780654907 2.1500000953674316
0.0 0.6419999599456787 1.7300000190734863
-0.023999929428100586 0.6779999732971191 1.6519999504089355
-0.7379999756813049 -0.6240000128746033 2.450000047683716
-0.7739999890327454 -0.1260000467300415 2.9539999961853027
-0.7199999690055847 -0.49800002574920654 2.630000114440918
-0.7379999756813049 -0.09599995613098145 2.9539999961853027
-1.1460000276565552 -0.8219999670982361 2.1019999980926514
-0.8700000047683716 -0.75 2.251999855041504
-0.75 -0.10800004005432129 2.9539999961853027
-0.8999999761581421 -0.7799999713897705 2.1620001792907715
-0.06599998474121094 -0.12000000476837158 1.9760000705718994
-0.8880000114440918 -0.7739999890327454 2.180000066757202
-0.75 -0.6959999799728394 2.3000001907348633
-1.0379999876022339 -0.8219999670982361 2.053999900817871
0.029999971389770508 0.4500000476837158 2.1019999980926514
-0.7199999690055847 -0.24599993228912354 2.864000082015991
-1.055999994277954 -0.828000009059906 2.0180001258850098
-0.7139999866485596 -0.3240000009536743 2.803999900817871
-0.018000006675720215 0.6719999313354492 1.6579999923706055
-0.1679999828338623 -0.3059999942779541 1.8799999952316284
-1.0499999523162842 -0.828000009059906 2.0180001258850098
-0.07200002670288086 0.33000004291534424 1.4000000953674316
0.029999971389770508 0.5699999332427979 1.850000023841858
0.029999971389770508 0.4440000057220459 2.113999843597412
-1.0260000228881836 -0.8159999847412109 2.1019999980926514
-0.7260000109672546 -0.26999998092651367 2.8519999980926514
-0.7260000109672546 -0.5460000038146973 2.5759999752044678
0.03600001335144043 0.48000001907348633 2.053999900817871
0.029999971389770508 0.5759999752044678 1.850000023841858
-0.7020000219345093 -0.34800004959106445 2.7799999713897705
0.029999971389770508 0.3539999723434448 2.125999927520752
-1.0019999742507935 -0.8100000023841858 2.125999927520752
-0.7319999933242798 -0.2760000228881836 2.8519999980926514
0.029999971389770508 0.3359999656677246 2.125999927520752
0.029999971389770508 0.437999963760376 2.125999927520752
-1.0320000648498535 -0.8219999670982361 2.078000068664551
-0.1260000467300415 -0.24599993228912354 1.9040000438690186
-0.023999929428100586 0.6840000152587891 1.6340000629425049
-0.07200002670288086 0.33000004291534424 1.3940000534057617
-0.7199999690055847 -0.26999998092651367 2.8519999980926514
-0.8759999871253967 -0.75 2.2760000228881836
0.011999964714050293 0.624000072479248 1.7419999837875366
-0.054000020027160645 0.3539999723434448 1.4300000667572021
-1.1519999504089355 -0.828000009059906 2.1019999980926514
-0.7260000109672546 -0.24000000953674316 2.875999927520752
-0.054000020027160645 0.34800004959106445 1.4300000667572021
-0.1979999542236328 -0.34800004959106445 1.8140000104904175
-0.7319999933242798 -0.5999999642372131 2.503999948501587
-0.7559999823570251 -0.7199999690055847 2.251999855041504
-0.07799994945526123 0.30000007152557373 1.3819999694824219
-0.7619999647140503 -0.7260000109672546 2.240000009536743
-0.8700000047683716 -0.75 2.2760000228881836
0.0 0.6540000438690186 1.7000000476837158
-0.09599995613098145 -0.1979999542236328 1.9279999732971191
-0.07200002670288086 -0.1499999761581421 1.9580000638961792
-0.14399993419647217 0.006000041961669922 1.375999927520752
-0.10199999809265137 -0.21000003814697266 1.9279999732971191
0.029999971389770508 0.38999998569488525 2.1500000953674316
-0.8759999871253967 -0.7559999823570251 2.2639999389648438
0.029999971389770508 0.4020000696182251 2.1500000953674316
-0.8819999694824219 -0.7739999890327454 2.2039999961853027
-1.0199999809265137 -0.8219999670982361 2.0900001525878906
-1.0379999876022339 -0.828000009059906 2.059999942779541
0.03600001335144043 0.3240000009536743 2.1080000400543213
-0.1260000467300415 0.156000018119812 1.3280000686645508
-0.7559999823570251 -0.7139999866485596 2.2760000228881836
-0.7139999866485596 -0.4440000057220459 2.7019999027252197
0.029999971389770508 0.5940001010894775 1.8259999752044678
0.029999971389770508 0.4259999990463257 2.1500000953674316
-0.75 -0.7199999690055847 2.251999855041504
-0.7260000109672546 -0.5699999928474426 2.552000045776367
-0.7440000176429749 -0.671999990940094 2.378000020980835
-0.21000003814697266 -0.37199997901916504 1.850000023841858
0.024000048637390137 0.6059999465942383 1.777999997138977
-1.1699999570846558 -0.828000009059906 2.125999927520752
-1.0199999809265137 -0.8219999670982361 2.1019999980926514
0.029999971389770508 0.5999999046325684 1.8200000524520874
-0.7080000042915344 -0.41999995708465576 2.7260000705718994
-0.20399999618530273 0.09599995613098145 1.2260000705718994
-0.12000000476837158 -0.24599993228912354 1.9040000438690186
-0.12000000476837158 -0.24599993228912354 1.8980000019073486
-0.19200003147125244 0.054000020027160645 1.2620000839233398
0.006000041961669922 0.6419999599456787 1.7000000476837158
-0.7080000042915344 -0.3960000276565552 2.75
-0.17400002479553223 -0.3240000009536743 1.8320000171661377
-0.21000003814697266 -0.37199997901916504 1.8259999752044678
0.03600001335144043 0.3240000009536743 2.125999927520752
-0.11399996280670166 0.18000006675720215 1.3339999914169312
0.029999971389770508 0.6059999465942383 1.8140000104904175
-0.006000041961669922 0.6779999732971191 1.6759999990463257
-0.7319999933242798 -0.6480000019073486 2.4260001182556152
-1.1039999723434448 -0.8399999737739563 2.0420000553131104
-0.07799994945526123 -0.17400002479553223 1.9520000219345093
-0.11399996280670166 -0.029999971389770508 1.4539999961853027
0.03600001335144043 0.4020000696182251 2.1440000534057617
-0.7199999690055847 -0.24000000953674316 2.881999969482422
-1.0799999237060547 -0.8399999737739563 2.0299999713897705
-0.7440000176429749 -0.6959999799728394 2.3299999237060547
-0.09599995613098145 0.21599996089935303 1.3519999980926514
-0.12000000476837158 0.156000018119812 1.3280000686645508
-1.0740000009536743 -0.8399999737739563 2.0299999713897705
-0.1979999542236328 0.10199999809265137 1.2260000705718994
-0.04799997806549072 0.3059999942779541 1.4300000667572021
-0.7139999866485596 -0.4739999771118164 2.677999973297119
-0.7139999866485596 -0.37199997901916504 2.7799999713897705
-0.9359999895095825 -0.7979999780654907 2.180000066757202
-0.07799994945526123 0.2760000228881836 1.3700000047683716
-0.1979999542236328 -0.36000001430511475 1.8079999685287476
-0.1679999828338623 0.029999971389770508 1.3040000200271606
0.0 0.6719999313354492 1.6820000410079956
-0.9959999918937683 -0.8219999670982361 2.113999843597412
0.011999964714050293 0.630000114440918 1.694000005722046
-0.7260000109672546 -0.5399999618530273 2.6059999465942383
-0.6959999799728394 -0.3960000276565552 2.75
-0.7319999933242798 -0.6240000128746033 2.4800000190734863
-0.8700000047683716 -0.7739999890327454 2.2220001220703125
-0.10199999809265137 0.20399999618530273 1.340000033378601
-0.8759999871253967 -0.7739999890327454 2.2280001640319824
-0.07799994945526123 -0.1799999475479126 1.9520000219345093
-0.7260000109672546 -0.5220000147819519 2.630000114440918
-0.14399993419647217 -0.2940000295639038 1.934000015258789
-0.18599998950958252 -0.34800004959106445 1.8259999752044678
-0.75 -0.7199999690055847 2.2760000228881836
-0.8999999761581421 -0.7919999957084656 2.180000066757202
-0.156000018119812 0.018000006675720215 1.3280000686645508
-0.9240000247955322 -0.7979999780654907 2.180000066757202
-0.7139999866485596 -0.49800002574920654 2.6540000438690186
-0.8759999871253967 -0.7559999823570251 2.2940001487731934
-0.7139999866485596 -0.25199997425079346 2.875999927520752
0.04799997806549072 0.5520000457763672 1.8799999952316284
-0.8700000047683716 -0.7739999890327454 2.2280001640319824
-0.9959999918937683 -0.8219999670982361 2.125999927520752
-0.12000000476837158 0.1380000114440918 1.3280000686645508
-0.07200002670288086 0.2760000228881836 1.375999927520752
-0.09000003337860107 0.22800004482269287 1.3519999980926514
-0.7260000109672546 -0.5640000104904175 2.5759999752044678
-0.04799997806549072 -0.12000000476837158 1.9760000705718994
-0.7020000219345093 -0.34200000762939453 2.803999900817871
-0.7199999690055847 -0.5220000147819519 2.630000114440918
-0.6899999976158142 -0.4440000057220459 2.7019999027252197
0.054000020027160645 0.5039999485015869 1.9760000705718994
0.060000061988830566 0.4320000410079956 1.9040000438690186
-1.0260000228881836 -0.8339999914169312 2.078000068664551
-0.07200002670288086 -0.17400002479553223 1.9520000219345093
-0.7260000109672546 -0.5820000171661377 2.552000045776367
-0.6959999799728394 -0.41999995708465576 2.7320001125335693
-1.121999979019165 -0.8460000157356262 2.053999900817871
0.054000020027160645 0.5039999485015869 2.0
0.04799997806549072 0.33000004291534424 2.1019999980926514
-0.09599995613098145 -0.22200000286102295 1.9220000505447388
-0.09599995613098145 -0.22200000286102295 1.9279999732971191
-1.128000020980835 -0.8460000157356262 2.059999942779541
-0.16199994087219238 -0.3240000009536743 1.850000023841858
-0.14399993419647217 -0.2999999523162842 1.8799999952316284
0.054000020027160645 0.48600006103515625 2.0299999713897705
0.054000020027160645 0.5339999198913574 1.9279999732971191
-0.7080000042915344 -0.2879999876022339 2.8519999980926514
-0.054000020027160645 0.3179999589920044 1.4000000953674316
0.04799997806549072 0.3539999723434448 2.113999843597412
-0.14399993419647217 -0.2999999523162842 1.8619999885559082
-0.7020000219345093 -0.4320000410079956 2.7260000705718994
-0.1979999542236328 -0.37199997901916504 1.8259999752044678
-0.06599998474121094 0.30000007152557373 1.375999927520752
0.054000020027160645 0.5399999618530273 1.909999966621399
-0.7379999756813049 -0.671999990940094 2.4019999504089355
-0.1380000114440918 -0.2940000295639038 1.9040000438690186
-0.7199999690055847 -0.5699999928474426 2.569999933242798
-0.7260000109672546 -0.5999999642372131 2.5280001163482666
0.060000061988830566 0.48600006103515625 1.940000057220459
0.060000061988830566 0.48600006103515625 1.9520000219345093
0.054000020027160645 0.48000001907348633 2.053999900817871
-0.16199994087219238 0.024000048637390137 1.3040000200271606
0.04799997806549072 0.37800002098083496 2.125999927520752
-1.0499999523162842 -0.8460000157356262 2.0299999713897705
-0.7319999933242798 -0.6480000019073486 2.450000047683716
-0.07799994945526123 0.25199997425079346 1.3580000400543213
-0.04799997806549072 0.2879999876022339 1.4119999408721924
0.060000061988830566 0.4919999837875366 1.9760000705718994
0.060000061988830566 0.5039999485015869 1.940000057220459
-1.055999994277954 -0.8399999737739563 2.0959999561309814
0.06599998474121094 0.3840000629425049 1.9040000438690186
0.060000061988830566 0.5039999485015869 1.9520000219345093
0.06599998474121094 0.4020000696182251 1.909999966621399
-0.9839999675750732 -0.8219999670982361 2.1500000953674316
-0.12000000476837158 -0.26999998092651367 1.8919999599456787
0.054000020027160645 0.46800005435943604 2.078000068664551
0.06599998474121094 0.37800002098083496 1.8799999952316284
-0.7379999756813049 -0.7379999756813049 2.2280001640319824
-0.20399999618530273 0.08399999141693115 1.2079999446868896
0.06599998474121094 0.36600005626678467 1.8799999952316284
0.06599998474121094 0.4020000696182251 1.8799999952316284
-0.7799999713897705 -0.1260000467300415 2.9839999675750732
-0.7379999756813049 -0.6959999799728394 2.3540000915527344
-0.7080000042915344 -0.38399994373321533 2.7799999713897705
-0.7260000109672546 -0.6179999709129333 2.503999948501587
0.060000061988830566 0.4919999837875366 2.0
0.06599998474121094 0.37800002098083496 1.8680000305175781
-0.7559999823570251 -0.12000000476837158 2.9779999256134033
-0.5879999995231628 -0.07200002670288086 2.9179999828338623
-0.7199999690055847 -0.5699999928474426 2.5759999752044678
-1.0499999523162842 -0.8399999737739563 2.1019999980926514
-0.5640000104904175 -0.054000020027160645 2.9119999408721924
-0.054000020027160645 -0.1499999761581421 1.9760000705718994
0.06599998474121094 0.4500000476837158 1.909999966621399
-0.7319999933242798 -0.1260000467300415 2.9660000801086426
-1.1159999370574951 -0.8519999980926514 2.047999858856201
-0.8640000224113464 -0.7739999890327454 2.251999855041504
-0.9240000247955322 -0.8040000200271606 2.191999912261963
-0.17400002479553223 -0.34800004959106445 1.8320000171661377
-0.011999964714050293 0.6600000858306885 1.5800000429153442
-0.972000002861023 -0.8219999670982361 2.1500000953674316
-1.0980000495910645 -0.8519999980926514 2.0420000553131104
0.054000020027160645 0.33000004291534424 2.1019999980926514
-0.7440000176429749 -0.7199999690055847 2.3000001907348633
-0.08399999141693115 0.22800004482269287 1.3459999561309814
-0.8399999737739563 -0.7680000066757202 2.251999855041504
-0.7199999690055847 -0.5460000038146973 2.611999988555908
-1.128000020980835 -0.8519999980926514 2.059999942779541
-0.8339999914169312 -0.7680000066757202 2.246000051498413
0.054000020027160645 0.4500000476837158 2.1019999980926514
0.06599998474121094 0.46800005435943604 1.934000015258789
-0.1380000114440918 0.0 1.3519999980926514
-0.75 -0.12000000476837158 2.9779999256134033
-1.0199999809265137 -0.8399999737739563 2.0900001525878906
0.06599998474121094 0.4739999771118164 1.9520000219345093
-0.04799997806549072 0.30000007152557373 1.4000000953674316
-0.6959999799728394 -0.437999963760376 2.7260000705718994
-0.10800004005432129 0.156000018119812 1.3220000267028809
-0.6959999799728394 -0.4140000343322754 2.75
0.060000061988830566 0.4739999771118164 2.053999900817871
0.054000020027160645 0.4440000057220459 2.113999843597412
-0.5759999752044678 -0.07799994945526123 2.9119999408721924
-0.8640000224113464 -0.7619999647140503 2.3000001907348633
-0.8579999804496765 -0.7680000066757202 2.2760000228881836
-0.7680000066757202 -0.1380000114440918 2.9779999256134033
0.054000020027160645 0.37800002098083496 2.125999927520752
0.054000020027160645 0.36600005626678467 2.125999927520752
-1.1460000276565552 -0.8519999980926514 2.0840001106262207
-0.06599998474121094 0.2760000228881836 1.3640000820159912
-0.9539999961853027 -0.8159999847412109 2.180000066757202
-0.11399996280670166 -0.26999998092651367 1.9040000438690186
-0.7020000219345093 -0.41999995708465576 2.75
-0.1260000467300415 -0.011999964714050293 1.375999927520752
0.054000020027160645 0.33000004291534424 2.125999927520752
-0.07200002670288086 -0.1979999542236328 1.940000057220459
-0.04799997806549072 0.30000007152557373 1.3940000534057617
-0.5460000038146973 -0.0419999361038208 2.9119999408721924
-0.6840000152587891 -0.4739999771118164 2.684000015258789
-0.006000041961669922 0.630000114440918 1.562000036239624
-0.1499999761581421 -0.3240000009536743 1.850000023841858
-0.8700000047683716 -0.7919999957084656 2.2100000381469727
-0.8880000114440918 -0.7979999780654907 2.2039999961853027
0.07200002670288086 0.4020000696182251 1.8739999532699585
-0.13199996948242188 -0.006000041961669922 1.3580000400543213
-0.04799997806549072 -0.1499999761581421 1.9760000705718994
-0.006000041961669922 0.624000072479248 1.555999994277954
0.07200002670288086 0.34200000762939453 1.8860000371932983
-0.14399993419647217 0.006000041961669922 1.3280000686645508
-0.09599995613098145 0.18000006675720215 1.3280000686645508
-0.6840000152587891 -0.4859999418258667 2.671999931335449
0.07200002670288086 0.4320000410079956 1.8799999952316284
-0.7260000109672546 -0.6119999885559082 2.5280001163482666
-0.7199999690055847 -0.6240000128746033 2.503999948501587
0.07200002670288086 0.3539999723434448 1.8560000658035278
-1.121999979019165 -0.8579999804496765 2.053999900817871
-0.09599995613098145 -0.24599993228912354 1.909999966621399
-0.8999999761581421 -0.8040000200271606 2.197999954223633
-0.7199999690055847 -0.5999999642372131 2.5460000038146973
0.07200002670288086 0.33000004291534424 1.850000023841858
-0.16199994087219238 0.029999971389770508 1.2799999713897705
-0.10800004005432129 -0.029999971389770508 1.4179999828338623
0.054000020027160645 0.4200000762939453 2.1500000953674316
-0.07200002670288086 0.23399996757507324 1.3519999980926514
0.07200002670288086 0.30000007152557373 1.8799999952316284
0.07200002670288086 0.33000004291534424 1.843999981880188
0.054000020027160645 0.4259999990463257 2.1500000953674316
-0.11399996280670166 -0.023999929428100586 1.4000000953674316
-0.9480000138282776 -0.8219999670982361 2.1679999828338623
-0.8999999761581421 -0.8040000200271606 2.2039999961853027
0.07200002670288086 0.3240000009536743 1.843999981880188
-0.006000041961669922 0.5999999046325684 1.5320000648498535
-0.18599998950958252 -0.37800002098083496 1.8380000591278076
-0.5519999861717224 -0.04799997806549072 2.9179999828338623
-0.7080000042915344 -0.49800002574920654 2.677999973297119
-0.1979999542236328 0.07800006866455078 1.2020000219345093
-0.09599995613098145 0.16200006008148193 1.3280000686645508
-0.1499999761581421 0.018000006675720215 1.3040000200271606
-0.9240000247955322 -0.8100000023841858 2.2039999961853027
-0.5460000038146973 -0.054000020027160645 2.9119999408721924
-0.7020000219345093 -0.4739999771118164 2.7019999027252197
-0.6959999799728394 -0.4919999837875366 2.677999973297119
0.07200002670288086 0.30000007152557373 1.850000023841858
-0.12000000476837158 -0.011999964714050293 1.375999927520752
-0.7139999866485596 -0.5220000147819519 2.6540000438690186
-0.006000041961669922 0.6059999465942383 1.5320000648498535
-0.07799994945526123 -0.07200002670288086 1.5260000228881836
-0.08399999141693115 0.20399999618530273 1.3339999914169312
-0.08399999141693115 -0.06599998474121094 1.5019999742507935
-0.5820000171661377 -0.06599998474121094 2.930000066757202
-0.7319999933242798 -0.6959999799728394 2.378000020980835
-1.0139999389648438 -0.8460000157356262 2.1019999980926514
-0.7260000109672546 -0.671999990940094 2.4260001182556152
-0.06599998474121094 -0.1979999542236328 1.9520000219345093
-0.10199999809265137 -0.03600001335144043 1.4300000667572021
-0.12000000476837158 -0.006000041961669922 1.3700000047683716
-0.09599995613098145 -0.04799997806549072 1.4539999961853027
0.0 0.564000129699707 1.5260000228881836
0.060000061988830566 0.437999963760376 2.125999927520752
-0.1979999542236328 0.07200002670288086 1.2020000219345093
-0.17400002479553223 0.04200005531311035 1.25
-0.1799999475479126 0.04799997806549072 1.2380000352859497
-0.04799997806549072 -0.16199994087219238 1.9700000286102295
-0.0419999361038208 -0.1499999761581421 1.9639999866485596
-0.9480000138282776 -0.8219999670982361 2.180000066757202
-0.7199999690055847 -0.5999999642372131 2.552000045776367
-0.18599998950958252 0.054000020027160645 1.2260000705718994
-0.7199999690055847 -0.5460000038146973 2.630000114440918
-0.06599998474121094 0.25199997425079346 1.3519999980926514
-0.156000018119812 0.024000048637390137 1.2860000133514404
-0.6959999799728394 -0.4739999771118164 2.7019999027252197
-0.10199999809265137 0.1499999761581421 1.315999984741211
0.07800006866455078 0.4200000762939453 1.8799999952316284
-0.0419999361038208 0.25199997425079346 1.4000000953674316
0.07800006866455078 0.4259999990463257 1.8799999952316284
-0.17400002479553223 0.04799997806549072 1.24399995803833
-0.7020000219345093 -0.4559999704360962 2.7260000705718994
-0.006000041961669922 0.630000114440918 1.5379999876022339
-0.7379999756813049 -0.7199999690055847 2.3299999237060547
-0.054000020027160645 -0.17400002479553223 2.00600004196167
-0.1799999475479126 -0.37800002098083496 1.850000023841858
0.07800006866455078 0.3240000009536743 1.8799999952316284
0.06599998474121094 0.3539999723434448 2.1080000400543213
0.07800006866455078 0.3539999723434448 1.850000023841858
-0.7260000109672546 -0.6480000019073486 2.4800000190734863
-0.1499999761581421 0.024000048637390137 1.2920000553131104
-0.9300000071525574 -0.8100000023841858 2.2280001640319824
0.07800006866455078 0.3359999656677246 1.850000023841858
-0.7440000176429749 -0.14399993419647217 2.9779999256134033
-0.06599998474121094 -0.08399999141693115 1.562000036239624
-0.1799999475479126 0.10199999809265137 1.2079999446868896
-0.156000018119812 -0.34800004959106445 1.850000023841858
-0.9959999918937683 -0.8460000157356262 2.113999843597412
-0.04799997806549072 0.2760000228881836 1.375999927520752
-0.12000000476837158 0.006000041961669922 1.3519999980926514
-0.7260000109672546 -0.6660000085830688 2.450000047683716
0.0 0.5940001010894775 1.5260000228881836
-0.12000000476837158 -0.2999999523162842 1.8919999599456787
-0.7199999690055847 -0.6480000019073486 2.4800000190734863
-0.5579999685287476 -0.04799997806549072 2.930000066757202
-0.09000003337860107 -0.054000020027160645 1.4600000381469727
-0.17400002479553223 -0.37199997901916504 1.8259999752044678
-0.09599995613098145 -0.03600001335144043 1.4300000667572021
-0.16199994087219238 0.11399996280670166 1.2260000705718994
-0.1499999761581421 0.03600001335144043 1.2799999713897705
-0.07200002670288086 -0.22200000286102295 1.940000057220459
-0.04799997806549072 -0.17400002479553223 1.9760000705718994
-0.08399999141693115 -0.059999942779541016 1.4779999256134033
0.06599998474121094 0.4020000696182251 2.131999969482422
0.0 0.5520000457763672 1.5019999742507935
-0.8640000224113464 -0.7979999780654907 2.2280001640319824
-0.16199994087219238 0.054000020027160645 1.25
-0.9419999718666077 -0.8219999670982361 2.2039999961853027
-0.04799997806549072 0.2760000228881836 1.3700000047683716
-0.19200003147125244 0.07800006866455078 1.1959999799728394
0.0 0.6059999465942383 1.5260000228881836
-0.9900000095367432 -0.8460000157356262 2.125999927520752
-0.08399999141693115 -0.24599993228912354 1.9279999732971191
-0.04799997806549072 -0.17400002479553223 2.0
-0.054000020027160645 -0.18599998950958252 2.0
-0.156000018119812 -0.3539999723434448 1.850000023841858
-0.17400002479553223 -0.37800002098083496 1.843999981880188
-0.5699999928474426 -0.07200002670288086 2.930000066757202
-0.7199999690055847 -0.6240000128746033 2.5280001163482666
-0.7139999866485596 -0.5699999928474426 2.6059999465942383
-0.09599995613098145 -0.029999971389770508 1.4179999828338623
0.006000041961669922 0.5220000743865967 1.5019999742507935
-1.0019999742507935 -0.8519999980926514 2.1080000400543213
0.08399999141693115 0.37800002098083496 1.850000023841858
-0.17400002479553223 0.060000061988830566 1.2260000705718994
-0.1499999761581421 -0.34800004959106445 1.850000023841858
-0.08399999141693115 0.18000006675720215 1.3220000267028809
0.07200002670288086 0.37800002098083496 2.113999843597412
-0.09599995613098145 -0.26999998092651367 1.9040000438690186
-0.1499999761581421 -0.34800004959106445 1.843999981880188
-0.5699999928474426 -0.07799994945526123 2.930000066757202
-0.9900000095367432 -0.8519999980926514 2.1080000400543213
-0.7260000109672546 -0.6840000152587891 2.4260001182556152
-0.7260000109672546 -0.75 2.251999855041504
-0.0419999361038208 0.2640000581741333 1.375999927520752
-0.7199999690055847 -0.75 2.246000051498413
-0.7260000109672546 -0.6959999799728394 2.4019999504089355
-0.5460000038146973 -0.04799997806549072 2.930000066757202
-0.09599995613098145 -0.018000006675720215 1.4000000953674316
-0.5759999752044678 -0.09000003337860107 2.930000066757202
-0.7199999690055847 -0.671999990940094 2.450000047683716
-0.17400002479553223 0.10199999809265137 1.2020000219345093
-0.12000000476837158 0.018000006675720215 1.3280000686645508
-0.7319999933242798 -0.7199999690055847 2.3540000915527344
-0.054000020027160645 -0.1979999542236328 1.99399995803833
-0.7199999690055847 -0.75 2.251999855041504
-0.8460000157356262 -0.7860000133514404 2.2760000228881836
-0.07200002670288086 -0.07200002670288086 1.5019999742507935
-0.07200002670288086 -0.07799994945526123 1.5080000162124634
-0.972000002861023 -0.8460000157356262 2.1440000534057617
0.08399999141693115 0.30000007152557373 1.8259999752044678
-0.9779999852180481 -0.8460000157356262 2.1500000953674316
0.08399999141693115 0.2940000295639038 1.8259999752044678
-0.1260000467300415 -0.3240000009536743 1.8799999952316284
-0.8700000047683716 -0.8100000023841858 2.2160000801086426
0.07800006866455078 0.3539999723434448 2.1019999980926514
-0.972000002861023 -0.8460000157356262 2.1500000953674316
0.07800006866455078 0.34200000762939453 2.1019999980926514
-0.8579999804496765 -0.7979999780654907 2.251999855041504
-0.06599998474121094 -0.08399999141693115 1.5260000228881836
0.006000041961669922 0.6059999465942383 1.5199999809265137
0.09000003337860107 0.4020000696182251 1.850000023841858
-0.7139999866485596 -0.5999999642372131 2.5759999752044678
0.006000041961669922 0.630000114440918 1.5320000648498535
-0.1499999761581421 0.11399996280670166 1.2260000705718994
0.006000041961669922 0.5099999904632568 1.4779999256134033
-0.07200002670288086 0.18599998950958252 1.3280000686645508
0.07800006866455078 0.4620000123977661 2.1019999980926514
0.08399999141693115 0.2879999876022339 1.8020000457763672
-0.7080000042915344 -0.5220000147819519 2.677999973297119
-0.09000003337860107 0.14400005340576172 1.309999942779541
-0.054000020027160645 -0.10199999809265137 1.5800000429153442
-0.07200002670288086 -0.059999942779541016 1.4779999256134033
-0.7199999690055847 -0.49800002574920654 2.7139999866485596
-0.1499999761581421 0.054000020027160645 1.25
-0.7260000109672546 -0.75 2.2760000228881836
-0.16199994087219238 -0.37800002098083496 1.850000023841858
0.07800006866455078 0.38999998569488525 2.125999927520752
0.07800006866455078 0.4020000696182251 2.125999927520752
-0.04799997806549072 0.25199997425079346 1.3519999980926514
0.09000003337860107 0.33000004291534424 1.8259999752044678
-0.5820000171661377 -0.059999942779541016 2.9539999961853027
-0.054000020027160645 -0.21000003814697266 1.9819999933242798
-0.5460000038146973 -0.06599998474121094 2.930000066757202
-0.07200002670288086 -0.24599993228912354 1.9279999732971191
-0.17400002479553223 0.07800006866455078 1.2020000219345093
-0.054000020027160645 -0.10199999809265137 1.5740000009536743
-0.7199999690055847 -0.6959999799728394 2.4140000343322754
-0.09599995613098145 -0.006000041961669922 1.375999927520752
0.07800006866455078 0.437999963760376 2.125999927520752
-0.1499999761581421 0.04799997806549072 1.25
-0.7139999866485596 -0.6480000019073486 2.503999948501587
-0.06599998474121094 0.20399999618530273 1.3280000686645508
-0.9120000004768372 -0.8219999670982361 2.2280001640319824
-0.12000000476837158 -0.3240000009536743 1.8799999952316284
-0.07200002670288086 -0.054000020027160645 1.4660000801086426
-0.972000002861023 -0.8519999980926514 2.1440000534057617
-0.8460000157356262 -0.7979999780654907 2.257999897003174
-0.12000000476837158 0.024000048637390137 1.309999942779541
-0.07200002670288086 -0.0419999361038208 1.4539999961853027
-0.7080000042915344 -0.5460000038146973 2.6540000438690186
-0.17400002479553223 0.07200002670288086 1.2020000219345093
-0.03600001335144043 0.23399996757507324 1.375999927520752
-0.9839999675750732 -0.8579999804496765 2.125999927520752
-0.10199999809265137 -0.2999999523162842 1.9040000438690186
-0.6899999976158142 -0.49800002574920654 2.7019999027252197
0.09599995613098145 0.4259999990463257 1.8560000658035278
-0.8999999761581421 -0.8219999670982361 2.2280001640319824
0.09599995613098145 0.4020000696182251 1.843999981880188
0.011999964714050293 0.5759999752044678 1.5019999742507935
-0.7260000109672546 -0.7080000042915344 2.4019999504089355
-0.9480000138282776 -0.8460000157356262 2.1679999828338623
0.07800006866455078 0.4200000762939453 2.1500000953674316
-0.7319999933242798 -0.75 2.3000001907348633
-0.9240000247955322 -0.828000009059906 2.2280001640319824
0.09599995613098145 0.37800002098083496 1.8320000171661377
-0.5640000104904175 -0.04799997806549072 2.9539999961853027
-0.7139999866485596 -0.6240000128746033 2.552000045776367
0.07800006866455078 0.4320000410079956 2.1500000953674316
-0.054000020027160645 -0.22200000286102295 1.9520000219345093
-0.8700000047683716 -0.8159999847412109 2.2280001640319824
-0.8519999980926514 -0.7979999780654907 2.2760000228881836
-0.03600001335144043 0.21000003814697266 1.375999927520752
0.09599995613098145 0.3539999723434448 1.8259999752044678
-0.7199999690055847 -0.6959999799728394 2.4260001182556152
-0.6959999799728394 -0.5099999904632568 2.696000099182129
-0.054000020027160645 0.22800004482269287 1.3339999914169312
0.011999964714050293 0.5280001163482666 1.4779999256134033
-0.7260000109672546 -0.7199999690055847 2.378000020980835
-0.1499999761581421 -0.37199997901916504 1.850000023841858
-0.1499999761581421 -0.37199997901916504 1.843999981880188
-0.5220000147819519 -0.04799997806549072 2.930000066757202
-0.7080000042915344 -0.5699999928474426 2.630000114440918
0.09000003337860107 0.3960000276565552 2.0900001525878906
-0.8460000157356262 -0.8100000023841858 2.2339999675750732
-0.156000018119812 -0.38399994373321533 1.8799999952316284
-0.07799994945526123 0.156000018119812 1.309999942779541
-0.07200002670288086 -0.029999971389770508 1.4300000667572021
0.09000003337860107 0.34800004959106445 2.0900001525878906
0.09599995613098145 0.33000004291534424 1.8140000104904175
0.011999964714050293 0.4739999771118164 1.4600000381469727
-0.07799994945526123 -0.26999998092651367 1.9279999732971191
0.08399999141693115 0.4500000476837158 2.125999927520752
-0.09599995613098145 0.006000041961669922 1.3519999980926514
-0.9419999718666077 -0.8460000157356262 2.180000066757202
-0.09599995613098145 -0.2999999523162842 1.9040000438690186
-0.09599995613098145 -0.2999999523162842 1.8980000019073486
0.10199999809265137 0.4200000762939453 1.9040000438690186
-0.11399996280670166 0.029999971389770508 1.3040000200271606
0.09000003337860107 0.38999998569488525 2.1019999980926514
0.09000003337860107 0.4020000696182251 2.1019999980926514
-0.7080000042915344 -0.7559999823570251 2.2639999389648438
-0.7260000109672546 -0.7559999823570251 2.2880001068115234
-0.04799997806549072 -0.09599995613098145 1.555999994277954
0.09599995613098145 0.30000007152557373 1.8079999685287476
-0.08399999141693115 0.0 1.375999927520752
-0.07200002670288086 -0.029999971389770508 1.4240000247955322
-0.1499999761581421 0.06599998474121094 1.2260000705718994
-0.1499999761581421 -0.37800002098083496 1.850000023841858
0.10199999809265137 0.4020000696182251 1.850000023841858
0.10199999809265137 0.4259999990463257 1.8560000658035278
-0.1499999761581421 -0.37800002098083496 1.843999981880188
0.011999964714050293 0.48000001907348633 1.4539999961853027
0.10199999809265137 0.4020000696182251 1.843999981880188
-0.7139999866485596 -0.671999990940094 2.4800000190734863
-0.5220000147819519 -0.059999942779541016 2.930000066757202
0.10199999809265137 0.37800002098083496 1.8320000171661377
-0.04799997806549072 0.22800004482269287 1.3339999914169312
-0.8999999761581421 -0.828000009059906 2.2339999675750732
-0.04799997806549072 -0.10199999809265137 1.555999994277954
-0.04799997806549072 -0.07799994945526123 1.5260000228881836
0.10199999809265137 0.3539999723434448 1.8259999752044678
-0.9480000138282776 -0.8399999737739563 2.2280001640319824
0.018000006675720215 0.5759999752044678 1.496000051498413
-0.7319999933242798 -0.7559999823570251 2.305999994277954
0.09599995613098145 0.36600005626678467 2.0840001106262207
0.10199999809265137 0.3539999723434448 1.8200000524520874
0.018000006675720215 0.5520000457763672 1.4839999675750732
-0.7139999866485596 -0.6480000019073486 2.5280001163482666
-0.7199999690055847 -0.7199999690055847 2.3899998664855957
-0.07200002670288086 -0.26999998092651367 1.9220000505447388
-0.07200002670288086 -0.26999998092651367 1.9279999732971191
-0.8640000224113464 -0.7979999780654907 2.312000036239624
-0.9419999718666077 -0.8460000157356262 2.2039999961853027
-0.04799997806549072 -0.07799994945526123 1.5199999809265137
-0.7080000042915344 -0.5220000147819519 2.7019999027252197
-0.12000000476837158 0.03600001335144043 1.2799999713897705
-0.03600001335144043 0.22800004482269287 1.3519999980926514
0.018000006675720215 0.5280001163482666 1.472000002861023
0.10199999809265137 0.33000004291534424 1.8079999685287476
-0.7319999933242798 -0.75 2.3299999237060547
-0.5759999752044678 -0.09000003337860107 2.9539999961853027
-0.5460000038146973 -0.07799994945526123 2.941999912261963
-0.03600001335144043 0.22200000286102295 1.3519999980926514
-0.0419999361038208 -0.11399996280670166 1.5800000429153442
-0.054000020027160645 0.20399999618530273 1.3220000267028809
-0.04799997806549072 -0.06599998474121094 1.5019999742507935
-0.7139999866485596 -0.7619999647140503 2.2760000228881836
-0.07200002670288086 -0.018000006675720215 1.4000000953674316
-0.09599995613098145 0.018000006675720215 1.3280000686645508
-0.12000000476837158 -0.34800004959106445 1.8680000305175781
0.10199999809265137 0.30000007152557373 1.8020000457763672
-0.7080000042915344 -0.5999999642372131 2.6059999465942383
-0.156000018119812 0.10199999809265137 1.190000057220459
0.10199999809265137 0.2940000295639038 1.8020000457763672
-0.9539999961853027 -0.8460000157356262 2.2280001640319824
-0.14399993419647217 0.11399996280670166 1.2020000219345093
-0.054000020027160645 -0.24599993228912354 1.9520000219345093
-0.5699999928474426 -0.09000003337860107 2.9539999961853027
-0.7199999690055847 -0.7199999690055847 2.4019999504089355
-0.04799997806549072 0.20399999618530273 1.3280000686645508
-0.8460000157356262 -0.8159999847412109 2.251999855041504
-0.6959999799728394 -0.515999972820282 2.7079999446868896
-0.7139999866485596 -0.6959999799728394 2.450000047683716
-0.054000020027160645 -0.24599993228912354 1.9760000705718994
-0.9900000095367432 -0.8700000047683716 2.1500000953674316
-0.7020000219345093 -0.5640000104904175 2.6540000438690186
-0.1499999761581421 0.07200002670288086 1.2079999446868896
-0.03600001335144043 -0.1260000467300415 1.6039999723434448
-0.7020000219345093 -0.5460000038146973 2.677999973297119
-0.04799997806549072 -0.054000020027160645 1.4779999256134033
-0.7260000109672546 -0.7440000176429749 2.3540000915527344
-0.07200002670288086 -0.006000041961669922 1.3819999694824219
-0.7080000042915344 -0.6240000128746033 2.5759999752044678
-0.7319999933242798 -0.7559999823570251 2.3299999237060547
-0.09599995613098145 0.024000048637390137 1.315999984741211
-0.12000000476837158 0.04799997806549072 1.2620000839233398
-0.07200002670288086 0.0 1.375999927520752
-0.8579999804496765 -0.8219999670982361 2.251999855041504
-0.03600001335144043 -0.1260000467300415 1.5980000495910645
-0.1499999761581421 0.07800006866455078 1.2020000219345093
-0.04799997806549072 0.20399999618530273 1.3220000267028809
0.09599995613098145 0.36600005626678467 2.138000011444092
-0.11399996280670166 -0.34800004959106445 1.8799999952316284
-0.972000002861023 -0.8700000047683716 2.1500000953674316
-0.04799997806549072 -0.054000020027160645 1.472000002861023
-0.9359999895095825 -0.8579999804496765 2.180000066757202
-0.09599995613098145 -0.3240000009536743 1.9040000438690186
-0.029999971389770508 -0.12000000476837158 1.6039999723434448
-0.09599995613098145 -0.3240000009536743 1.8919999599456787
-0.8999999761581421 -0.8339999914169312 2.251999855041504
-0.7199999690055847 -0.75 2.3420000076293945
-0.9240000247955322 -0.8399999737739563 2.251999855041504
-0.156000018119812 0.09000003337860107 1.184000015258789
-0.8700000047683716 -0.828000009059906 2.251999855041504
0.10800004005432129 0.30000007152557373 1.7960000038146973
-0.9599999785423279 -0.8460000157356262 2.257999897003174
-0.7080000042915344 -0.671999990940094 2.503999948501587
-0.04799997806549072 -0.0419999361038208 1.4539999961853027
0.024000048637390137 0.5039999485015869 1.4539999961853027
-0.09599995613098145 0.029999971389770508 1.3040000200271606
-0.9480000138282776 -0.8460000157356262 2.251999855041504
0.029999971389770508 0.5339999198913574 1.4779999256134033
0.029999971389770508 0.5520000457763672 1.4839999675750732
-0.054000020027160645 0.18000006675720215 1.309999942779541
-0.12000000476837158 0.054000020027160645 1.25
-0.059999942779541016 0.16200006008148193 1.3040000200271606
-0.023999929428100586 0.18599998950958252 1.3640000820159912
0.024000048637390137 0.48000001907348633 1.4420000314712524
-0.7199999690055847 -0.75 2.3540000915527344
-0.8579999804496765 -0.8219999670982361 2.2760000228881836
-0.7080000042915344 -0.6480000019073486 2.552000045776367
0.12000000476837158 0.4200000762939453 1.8980000019073486
-0.9779999852180481 -0.8759999871253967 2.1560001373291016
-0.054000020027160645 -0.26399993896484375 1.9760000705718994
-0.07200002670288086 0.011999964714050293 1.3519999980926514
-0.9480000138282776 -0.8700000047683716 2.1620001792907715
-0.023999929428100586 -0.12000000476837158 1.6039999723434448
-0.9599999785423279 -0.8519999980926514 2.251999855041504
-0.7020000219345093 -0.5579999685287476 2.677999973297119
-0.527999997138977 -0.04799997806549072 2.9600000381469727
-0.023999929428100586 -0.1260000467300415 1.6100000143051147
0.12000000476837158 0.38999998569488525 1.850000023841858
0.029999971389770508 0.5339999198913574 1.4660000801086426
-0.7199999690055847 -0.5220000147819519 2.7320001125335693
0.024000048637390137 0.437999963760376 1.4300000667572021
0.029999971389770508 0.4919999837875366 1.4539999961853027
-0.5879999995231628 -0.09000003337860107 2.9779999256134033
-0.04799997806549072 -0.029999971389770508 1.4300000667572021
-0.023999929428100586 -0.1380000114440918 1.628000020980835
-0.023999929428100586 -0.10800004005432129 1.5800000429153442
-0.5399999618530273 -0.054000020027160645 2.9660000801086426
-0.7139999866485596 -0.7199999690055847 2.4260001182556152
0.024000048637390137 0.4500000476837158 1.4300000667572021
-0.07200002670288086 -0.2999999523162842 1.9160000085830688
-0.48000001907348633 -0.04799997806549072 2.930000066757202
-0.515999972820282 -0.04799997806549072 2.9539999961853027
0.029999971389770508 0.5039999485015869 1.4539999961853027
-0.04799997806549072 0.18000006675720215 1.309999942779541
-0.9480000138282776 -0.8519999980926514 2.251999855041504
-0.023999929428100586 -0.10199999809265137 1.5679999589920044
-0.054000020027160645 -0.26999998092651367 1.9700000286102295
-0.9480000138282776 -0.8640000224113464 2.2039999961853027
-0.7080000042915344 -0.7680000066757202 2.3000001907348633
0.12000000476837158 0.34800004959106445 1.8259999752044678
-0.12000000476837158 -0.37199997901916504 1.8619999885559082
-0.023999929428100586 -0.09599995613098145 1.555999994277954
-0.8880000114440918 -0.8339999914169312 2.2760000228881836
-0.9120000004768372 -0.8399999737739563 2.2760000228881836
0.029999971389770508 0.48000001907348633 1.4420000314712524
0.11399996280670166 0.2879999876022339 1.777999997138977
-0.6959999799728394 -0.5699999928474426 2.6660001277923584
-0.7020000219345093 -0.5999999642372131 2.630000114440918
-0.8640000224113464 -0.8219999670982361 2.3000001907348633
-0.09599995613098145 0.04200005531311035 1.2799999713897705
0.1260000467300415 0.3960000276565552 1.8860000371932983
-0.7080000042915344 -0.6959999799728394 2.4800000190734863
-0.023999929428100586 -0.07799994945526123 1.5260000228881836
0.1260000467300415 0.40799999237060547 1.8799999952316284
-0.7020000219345093 -0.5460000038146973 2.7019999027252197
0.1260000467300415 0.40799999237060547 1.8739999532699585
-0.9300000071525574 -0.8460000157356262 2.2760000228881836
-0.12000000476837158 -0.37800002098083496 1.8619999885559082
-0.5399999618530273 -0.09599995613098145 2.9539999961853027
-0.06599998474121094 -0.2999999523162842 1.9279999732971191
0.1260000467300415 0.3840000629425049 1.850000023841858
-0.5220000147819519 -0.07200002670288086 2.9539999961853027
-0.12000000476837158 0.06599998474121094 1.2260000705718994
0.029999971389770508 0.4500000476837158 1.4300000667572021
-0.07200002670288086 0.024000048637390137 1.3280000686645508
0.1260000467300415 0.37800002098083496 1.843999981880188
-0.04799997806549072 -0.011999964714050293 1.4000000953674316
0.024000048637390137 0.4259999990463257 1.4119999408721924
-0.023999929428100586 -0.07799994945526123 1.5199999809265137
-0.8700000047683716 -0.8339999914169312 2.2760000228881836
-0.1260000467300415 -0.38999998569488525 1.8799999952316284
-0.6899999976158142 -0.5220000147819519 2.7260000705718994
-0.09599995613098145 -0.34800004959106445 1.8860000371932983
-0.04799997806549072 0.16200006008148193 1.3040000200271606
-0.6959999799728394 -0.5460000038146973 2.7019999027252197
0.1260000467300415 0.3539999723434448 1.8259999752044678
-0.029999971389770508 0.18599998950958252 1.3280000686645508
-0.023999929428100586 -0.06599998474121094 1.5019999742507935
-0.5220000147819519 -0.07799994945526123 2.9539999961853027
-0.011999964714050293 -0.14399993419647217 1.6519999504089355
0.029999971389770508 0.4500000476837158 1.4240000247955322
-0.09599995613098145 0.04799997806549072 1.2680000066757202
-0.7020000219345093 -0.671999990940094 2.5280001163482666
-0.7139999866485596 -0.75 2.378000020980835
-0.9419999718666077 -0.8519999980926514 2.2760000228881836
0.03600001335144043 0.5039999485015869 1.4479999542236328
-0.9539999961853027 -0.8700000047683716 2.2160000801086426
-0.07200002670288086 0.024000048637390137 1.3220000267028809
-0.6959999799728394 -0.5999999642372131 2.635999917984009
-0.7020000219345093 -0.6240000128746033 2.6059999465942383
-0.5339999794960022 -0.0419999361038208 2.9779999256134033
-0.49800002574920654 -0.059999942779541016 2.947999954223633
0.1260000467300415 0.33000004291534424 1.8140000104904175
-0.49800002574920654 -0.04799997806549072 2.9539999961853027
-0.6959999799728394 -0.5699999928474426 2.677999973297119
-0.5699999928474426 -0.09599995613098145 2.9779999256134033
0.13199996948242188 0.37199997901916504 1.8799999952316284
-0.9599999785423279 -0.8700000047683716 2.2280001640319824
-0.5339999794960022 -0.10199999809265137 2.9539999961853027
-0.12000000476837158 0.07200002670288086 1.2139999866485596
-0.10800004005432129 -0.37199997901916504 1.8799999952316284
-0.7199999690055847 -0.5220000147819519 2.75
-0.9599999785423279 -0.8579999804496765 2.2760000228881836
-0.527999997138977 -0.10800004005432129 2.947999954223633
0.03600001335144043 0.3179999589920044 1.4300000667572021
0.13199996948242188 0.36600005626678467 1.8560000658035278
0.1260000467300415 0.3059999942779541 1.8020000457763672
-0.12000000476837158 -0.38999998569488525 1.8799999952316284
-0.04799997806549072 -0.006000041961669922 1.3819999694824219
-0.023999929428100586 -0.054000020027160645 1.4779999256134033
-0.9539999961853027 -0.8759999871253967 2.2039999961853027
-0.7080000042915344 -0.7199999690055847 2.450000047683716
-0.7020000219345093 -0.6480000019073486 2.5759999752044678
-0.04799997806549072 0.0 1.375999927520752
0.1260000467300415 0.30000007152557373 1.7960000038146973
-0.07200002670288086 -0.3240000009536743 1.909999966621399
-0.7020000219345093 -0.6299999952316284 2.6059999465942383
-0.7139999866485596 -0.7739999890327454 2.3299999237060547
-0.07200002670288086 0.03600001335144043 1.3040000200271606
0.1260000467300415 0.2940000295639038 1.784000039100647
0.13199996948242188 0.3359999656677246 1.8259999752044678
0.029999971389770508 0.4259999990463257 1.406000018119812
-0.6959999799728394 -0.593999981880188 2.6540000438690186
-0.09599995613098145 0.060000061988830566 1.25
-0.006000041961669922 -0.156000018119812 1.6699999570846558
-0.7020000219345093 -0.6660000085830688 2.552000045776367
-0.5399999618530273 -0.054000020027160645 2.9839999675750732
-0.006000041961669922 -0.16199994087219238 1.6820000410079956
-0.10800004005432129 0.1260000467300415 1.2020000219345093
-0.13199996948242188 0.09599995613098145 1.1779999732971191
-0.12000000476837158 0.07800006866455078 1.2020000219345093
-0.49800002574920654 -0.06599998474121094 2.9539999961853027
-0.023999929428100586 -0.0419999361038208 1.4539999961853027
-0.054000020027160645 -0.2999999523162842 1.9520000219345093
-0.08399999141693115 -0.34800004959106445 1.9040000438690186
-0.5220000147819519 -0.04799997806549072 2.9779999256134033
-0.7020000219345093 -0.6959999799728394 2.503999948501587
-0.059999942779541016 -0.312000036239624 1.9279999732971191
-0.6959999799728394 -0.6240000128746033 2.618000030517578
-0.6959999799728394 -0.6480000019073486 2.5820000171661377
-0.7020000219345093 -0.6840000152587891 2.5280001163482666
0.024000048637390137 0.33000004291534424 1.3819999694824219
0.0 -0.14399993419647217 1.6519999504089355
-0.6959999799728394 -0.671999990940094 2.5460000038146973
0.0 -0.156000018119812 1.6759999990463257
-0.7080000042915344 -0.75 2.4019999504089355
-0.1260000467300415 0.10199999809265137 1.1779999732971191
0.0 -0.13199996948242188 1.628000020980835
-0.04799997806549072 0.011999964714050293 1.3519999980926514
0.0 -0.10199999809265137 1.5800000429153442
0.0 -0.1260000467300415 1.6160000562667847
-0.5879999995231628 -0.09000003337860107 3.002000093460083
-0.9480000138282776 -0.8939999938011169 2.1500000953674316
-0.9480000138282776 -0.8579999804496765 2.3000001907348633
-0.011999964714050293 -0.04799997806549072 1.4779999256134033
-0.09599995613098145 -0.37199997901916504 1.8860000371932983
-0.9419999718666077 -0.8880000114440918 2.180000066757202
0.1380000114440918 0.3179999589920044 1.8259999752044678
0.0 -0.10199999809265137 1.5740000009536743
-0.023999929428100586 -0.029999971389770508 1.4300000667572021
-0.7139999866485596 -0.7739999890327454 2.3540000915527344
0.0 -0.09000003337860107 1.555999994277954
-0.6959999799728394 -0.671999990940094 2.552000045776367
-0.7020000219345093 -0.7020000219345093 2.503999948501587
-0.9300000071525574 -0.8939999938011169 2.1440000534057617
-0.9660000205039978 -0.8819999694824219 2.2339999675750732
-0.9660000205039978 -0.8640000224113464 2.3000001907348633
-0.5579999685287476 -0.10199999809265137 2.9839999675750732
0.006000041961669922 -0.11399996280670166 1.6039999723434448
-0.6899999976158142 -0.5460000038146973 2.7260000705718994
-0.6959999799728394 -0.6240000128746033 2.630000114440918
-0.07200002670288086 0.04200005531311035 1.2799999713897705
-0.09599995613098145 0.07200002670288086 1.2260000705718994
-0.12000000476837158 0.10199999809265137 1.1779999732971191
-0.6840000152587891 -0.5220000147819519 2.75
-0.6959999799728394 -0.5699999928474426 2.7019999027252197
-0.10800004005432129 -0.3960000276565552 1.9279999732971191
-0.011999964714050293 0.18000006675720215 1.3280000686645508
-0.10800004005432129 -0.3960000276565552 1.9040000438690186
-0.018000006675720215 -0.023999929428100586 1.4300000667572021
-0.9599999785423279 -0.8999999761581421 2.1560001373291016
-0.12000000476837158 0.09599995613098145 1.1779999732971191
-0.054000020027160645 -0.3179999589920044 1.9520000219345093
-0.023999929428100586 0.17400002479553223 1.3040000200271606
0.0 -0.07799994945526123 1.5260000228881836
-0.5220000147819519 -0.10199999809265137 2.9660000801086426
-0.04799997806549072 0.024000048637390137 1.3280000686645508
-0.7020000219345093 -0.7199999690055847 2.4800000190734863
-0.07200002670288086 -0.34800004959106445 1.9040000438690186
0.029999971389770508 0.33000004291534424 1.375999927520752
-0.10199999809265137 0.1260000467300415 1.190000057220459
-0.023999929428100586 -0.011999964714050293 1.4000000953674316
0.0 -0.059999942779541016 1.5019999742507935
-0.09599995613098145 0.07200002670288086 1.2200000286102295
-0.6959999799728394 -0.6959999799728394 2.5220000743865967
-0.4739999771118164 -0.04799997806549072 2.9600000381469727
-0.09599995613098145 -0.38399994373321533 1.8799999952316284
-0.07200002670288086 0.04799997806549072 1.2680000066757202
0.054000020027160645 0.312000036239624 1.4300000667572021
0.04200005531311035 0.312000036239624 1.4000000953674316
-0.09000003337860107 0.13199996948242188 1.2020000219345093
-0.6959999799728394 -0.7799999713897705 2.3420000076293945
0.006000041961669922 -0.07200002670288086 1.5260000228881836
-0.49800002574920654 -0.07799994945526123 2.9660000801086426
-0.6959999799728394 -0.6480000019073486 2.6059999465942383
0.1380000114440918 0.46800005435943604 2.0959999561309814
-0.6959999799728394 -0.6959999799728394 2.5280001163482666
-0.0419999361038208 0.029999971389770508 1.3280000686645508
-0.023999929428100586 -0.006000041961669922 1.3880000114440918
-0.018000006675720215 0.18000006675720215 1.3040000200271606
-0.7020000219345093 -0.75 2.4260001182556152
-0.5339999794960022 -0.04799997806549072 3.002000093460083
0.011999964714050293 -0.1679999828338623 1.7000000476837158
-0.7020000219345093 -0.7799999713897705 2.3540000915527344
-0.4620000123977661 -0.054000020027160645 2.9539999961853027
0.024000048637390137 0.34200000762939453 1.3519999980926514
0.0 -0.054000020027160645 1.4839999675750732
0.0 -0.04799997806549072 1.4779999256134033
-0.6959999799728394 -0.7199999690055847 2.4860000610351562
-0.7080000042915344 -0.7739999890327454 2.378000020980835
-0.7020000219345093 -0.7260000109672546 2.4800000190734863
-0.11399996280670166 0.10199999809265137 1.1719999313354492
0.011999964714050293 -0.1799999475479126 1.718000054359436
-0.023999929428100586 0.0 1.375999927520752
0.011999964714050293 -0.18599998950958252 1.7300000190734863
-0.09599995613098145 0.08399999141693115 1.2020000219345093
-0.07200002670288086 0.060000061988830566 1.25
-0.04799997806549072 0.03600001335144043 1.3040000200271606
-0.7020000219345093 -0.7440000176429749 2.450000047683716
-0.6899999976158142 -0.5999999642372131 2.677999973297119
-0.5099999904632568 -0.054000020027160645 2.990000009536743
-0.527999997138977 -0.10800004005432129 2.9779999256134033
-0.07799994945526123 -0.37199997901916504 1.9040000438690186
0.0 -0.03600001335144043 1.4539999961853027
-0.6899999976158142 -0.671999990940094 2.5759999752044678
-0.515999972820282 -0.09599995613098145 2.9779999256134033
0.14400005340576172 0.46800005435943604 2.1019999980926514
-0.059999942779541016 -0.34800004959106445 1.9580000638961792
-0.07799994945526123 0.07800006866455078 1.2260000705718994
0.0 -0.029999971389770508 1.4420000314712524
-0.5220000147819519 -0.10800004005432129 2.9779999256134033
-0.6959999799728394 -0.7860000133514404 2.3540000915527344
-0.48000001907348633 -0.04799997806549072 2.9779999256134033
-0.09599995613098145 0.1260000467300415 1.1779999732971191
-0.6959999799728394 -0.7199999690055847 2.503999948501587
-0.023999929428100586 0.011999964714050293 1.3519999980926514
-0.07200002670288086 -0.37199997901916504 1.9040000438690186
-0.07200002670288086 -0.37199997901916504 1.8980000019073486
0.0 -0.023999929428100586 1.4300000667572021
-0.7020000219345093 -0.7619999647140503 2.4260001182556152
-0.6840000152587891 -0.5460000038146973 2.75
-0.011999964714050293 0.18000006675720215 1.2920000553131104
0.024000048637390137 0.3539999723434448 1.3280000686645508
-0.6840000152587891 -0.6240000128746033 2.6540000438690186
0.024000048637390137 0.34800004959106445 1.3280000686645508
-0.7020000219345093 -0.7739999890327454 2.4019999504089355
-0.07200002670288086 0.07800006866455078 1.2260000705718994
-0.04799997806549072 0.04799997806549072 1.2799999713897705
-0.6840000152587891 -0.5699999928474426 2.7260000705718994
-0.4859999418258667 -0.07200002670288086 2.9779999256134033
-0.09599995613098145 0.10199999809265137 1.1779999732971191
-0.49800002574920654 -0.09000003337860107 2.9779999256134033
-0.6899999976158142 -0.6959999799728394 2.552000045776367
0.029999971389770508 -0.1380000114440918 1.6519999504089355
0.1499999761581421 0.48000001907348633 2.1019999980926514
0.029999971389770508 -0.1499999761581421 1.6759999990463257
-0.07200002670288086 0.07200002670288086 1.2260000705718994
0.04799997806549072 0.3179999589920044 1.375999927520752
0.029999971389770508 -0.1260000467300415 1.628000020980835
-0.6959999799728394 -0.75 2.4559998512268066
-0.7020000219345093 -0.7860000133514404 2.378000020980835
-0.023999929428100586 0.024000048637390137 1.3339999914169312
-0.09599995613098145 0.09599995613098145 1.1779999732971191
0.1499999761581421 0.4440000057220459 2.125999927520752
0.029999971389770508 -0.11399996280670166 1.6039999723434448
0.029999971389770508 -0.156000018119812 1.6820000410079956
0.1499999761581421 0.4500000476837158 2.125999927520752
-0.515999972820282 -0.06599998474121094 3.002000093460083
-0.6779999732971191 -0.5220000147819519 2.7799999713897705
-0.04799997806549072 0.04799997806549072 1.2739999294281006
-0.023999929428100586 0.029999971389770508 1.3280000686645508
-0.011999964714050293 0.1679999828338623 1.2860000133514404
0.024000048637390137 -0.1979999542236328 1.7540000677108765
0.0 -0.006000041961669922 1.4000000953674316
0.018000006675720215 0.3840000629425049 1.3040000200271606
0.029999971389770508 -0.10199999809265137 1.5800000429153442
0.029999971389770508 0.3539999723434448 1.3280000686645508
-0.6840000152587891 -0.6480000019073486 2.630000114440918
-0.059999942779541016 -0.3659999370574951 1.9520000219345093
0.029999971389770508 -0.1799999475479126 1.7300000190734863
0.156000018119812 0.48000001907348633 2.0840001106262207
0.07200002670288086 0.312000036239624 1.4240000247955322
0.04200005531311035 0.33000004291534424 1.3519999980926514
0.029999971389770508 -0.1799999475479126 1.7239999771118164
0.024000048637390137 -0.20399999618530273 1.7599999904632568
0.029999971389770508 -0.09000003337860107 1.555999994277954
-0.6959999799728394 -0.7739999890327454 2.4140000343322754
0.0 -0.006000041961669922 1.3940000534057617
-0.7020000219345093 -0.5339999794960022 2.7860000133514404
-0.07799994945526123 -0.3960000276565552 1.9040000438690186
0.029999971389770508 -0.07799994945526123 1.5379999876022339
0.011999964714050293 0.19200003147125244 1.315999984741211
0.156000018119812 0.48000001907348633 2.1019999980926514
-0.4739999771118164 -0.07200002670288086 2.9779999256134033
0.03600001335144043 -0.16199994087219238 1.7000000476837158
-0.6840000152587891 -0.6179999709129333 2.677999973297119
-0.6840000152587891 -0.5999999642372131 2.7019999027252197
-0.6899999976158142 -0.671999990940094 2.6059999465942383
0.029999971389770508 -0.07200002670288086 1.5260000228881836
0.04799997806549072 0.3240000009536743 1.3580000400543213
0.156000018119812 0.4500000476837158 2.125999927520752
-0.6959999799728394 -0.7919999957084656 2.378000020980835
-0.4739999771118164 -0.07799994945526123 2.9779999256134033
0.029999971389770508 -0.1979999542236328 1.7540000677108765
-0.6899999976158142 -0.7199999690055847 2.5280001163482666
0.024000048637390137 0.36000001430511475 1.3040000200271606
-0.07799994945526123 -0.40199995040893555 1.9279999732971191
-0.07200002670288086 0.09000003337860107 1.2020000219345093
-0.7020000219345093 -0.7860000133514404 2.4019999504089355
0.0 0.006000041961669922 1.375999927520752
0.156000018119812 0.4440000057220459 2.138000011444092
0.029999971389770508 -0.20399999618530273 1.7660000324249268
-0.04799997806549072 0.06599998474121094 1.25
-0.6959999799728394 -0.7739999890327454 2.4260001182556152
-0.023999929428100586 0.04200005531311035 1.3040000200271606
-0.09000003337860107 0.10800004005432129 1.1660000085830688
-0.07200002670288086 -0.3960000276565552 1.9040000438690186
-0.6959999799728394 -0.75 2.4800000190734863
-0.07200002670288086 -0.3960000276565552 1.8980000019073486
0.029999971389770508 -0.059999942779541016 1.5019999742507935
0.029999971389770508 -0.21000003814697266 1.777999997138977
0.156000018119812 0.4320000410079956 2.1500000953674316
0.16200006008148193 0.46800005435943604 2.1019999980926514
-0.4919999837875366 -0.11399996280670166 2.9779999256134033
0.029999971389770508 -0.054000020027160645 1.4900000095367432
-0.029999971389770508 0.054000020027160645 1.2799999713897705
-0.4440000057220459 -0.059999942779541016 2.9720001220703125
-0.6840000152587891 -0.6959999799728394 2.5759999752044678
-0.07200002670288086 -0.40199995040893555 1.9220000505447388
-0.07200002670288086 -0.40199995040893555 1.9279999732971191
-0.6779999732971191 -0.5399999618530273 2.7799999713897705
0.018000006675720215 0.4020000696182251 1.2799999713897705
0.04200005531311035 0.34200000762939453 1.3280000686645508
0.029999971389770508 -0.04799997806549072 1.4779999256134033
0.054000020027160645 0.33000004291534424 1.3519999980926514
0.054000020027160645 0.3240000009536743 1.3519999980926514
0.0 0.018000006675720215 1.3519999980926514
0.156000018119812 0.4259999990463257 2.180000066757202
0.1679999828338623 0.46800005435943604 2.0959999561309814
-0.6779999732971191 -0.5699999928474426 2.75
-0.07799994945526123 0.1260000467300415 1.1660000085830688
-0.023999929428100586 0.04799997806549072 1.2860000133514404
0.024000048637390137 0.37199997901916504 1.2860000133514404
0.04799997806549072 -0.09599995613098145 1.5800000429153442
0.006000041961669922 0.17400002479553223 1.2860000133514404
-0.04799997806549072 0.07200002670288086 1.2319999933242798
0.06599998474121094 0.312000036239624 1.375999927520752
-0.07200002670288086 0.09599995613098145 1.184000015258789
-0.6779999732971191 -0.5220000147819519 2.803999900817871
0.08399999141693115 0.312000036239624 1.4179999828338623
-0.4440000057220459 -0.059999942779541016 2.9779999256134033
-0.023999929428100586 0.054000020027160645 1.2799999713897705
-0.6779999732971191 -0.6480000019073486 2.6540000438690186
-1.2899999618530273 -0.9240000247955322 2.2760000228881836
0.029999971389770508 -0.03600001335144043 1.4539999961853027
-0.04799997806549072 0.07800006866455078 1.2260000705718994
0.029999971389770508 -0.029999971389770508 1.4479999542236328
0.0 0.024000048637390137 1.340000033378601
-0.07200002670288086 0.10199999809265137 1.1779999732971191
0.024000048637390137 0.37800002098083496 1.2799999713897705
0.018000006675720215 0.4020000696182251 1.2680000066757202
-0.059999942779541016 -0.3960000276565552 1.9279999732971191
-0.671999990940094 -0.5460000038146973 2.7799999713897705
-0.6779999732971191 -0.5759999752044678 2.75
-0.6899999976158142 -0.7739999890327454 2.450000047683716
0.054000020027160645 -0.1260000467300415 1.6340000629425049
0.054000020027160645 -0.10800004005432129 1.6039999723434448
-0.6840000152587891 -0.7199999690055847 2.552000045776367
-0.6959999799728394 -0.7979999780654907 2.4019999504089355
0.029999971389770508 -0.018000006675720215 1.4300000667572021
0.054000020027160645 -0.1380000114440918 1.6519999504089355
0.054000020027160645 -0.1499999761581421 1.6759999990463257
-0.671999990940094 -0.5999999642372131 2.7200000286102295
0.054000020027160645 -0.156000018119812 1.687999963760376
-0.059999942779541016 0.1380000114440918 1.1779999732971191
-0.671999990940094 -0.5699999928474426 2.75600004196167
0.054000020027160645 -0.09599995613098145 1.5800000429153442
0.054000020027160645 -0.16199994087219238 1.7000000476837158
0.0 0.029999971389770508 1.3280000686645508
0.054000020027160645 -0.10199999809265137 1.5859999656677246
-0.6779999732971191 -0.5999999642372131 2.7260000705718994
-0.6779999732971191 -0.671999990940094 2.630000114440918
-1.2899999618530273 -0.9300000071525574 2.2760000228881836
0.054000020027160645 -0.08399999141693115 1.555999994277954
0.04200005531311035 0.3539999723434448 1.3040000200271606
0.029999971389770508 0.37800002098083496 1.2799999713897705
-0.6840000152587891 -0.75 2.503999948501587
-0.6840000152587891 -0.8040000200271606 2.384000062942505
0.04200005531311035 -0.22800004482269287 1.8259999752044678
0.054000020027160645 -0.1799999475479126 1.7300000190734863
0.054000020027160645 0.3359999656677246 1.3280000686645508
-0.4620000123977661 -0.054000020027160645 3.002000093460083
0.060000061988830566 -0.12000000476837158 1.628000020980835
-0.671999990940094 -0.5999999642372131 2.7260000705718994
0.029999971389770508 0.19800007343292236 1.3040000200271606
0.018000006675720215 0.4259999990463257 1.25600004196167
-0.6779999732971191 -0.6420000195503235 2.677999973297119
-0.07200002670288086 0.11399996280670166 1.1600000858306885
-0.6779999732971191 -0.6240000128746033 2.7019999027252197
0.054000020027160645 -0.19200003147125244 1.7540000677108765
0.054000020027160645 -0.07799994945526123 1.5379999876022339
0.04799997806549072 0.34800004959106445 1.309999942779541
-1.3020000457763672 -0.9240000247955322 2.305999994277954
0.07800006866455078 0.312000036239624 1.375999927520752
-0.4440000057220459 -0.07799994945526123 2.9839999675750732
-0.6779999732971191 -0.6779999732971191 2.630000114440918
0.18000006675720215 0.4739999771118164 2.0959999561309814
-0.04799997806549072 0.09000003337860107 1.2020000219345093
0.1679999828338623 0.4200000762939453 2.185999870300293
0.054000020027160645 -0.07200002670288086 1.5260000228881836
-0.6899999976158142 -0.8040000200271606 2.4019999504089355
0.18000006675720215 0.46800005435943604 2.1019999980926514
0.16200006008148193 0.4259999990463257 2.2160000801086426
-0.671999990940094 -0.6240000128746033 2.7019999027252197
-0.671999990940094 -0.8040000200271606 2.384000062942505
0.029999971389770508 -0.006000041961669922 1.4000000953674316
0.054000020027160645 -0.20399999618530273 1.777999997138977
0.04799997806549072 -0.22200000286102295 1.8020000457763672
-0.023999929428100586 0.06599998474121094 1.25
0.18000006675720215 0.48000001907348633 2.1019999980926514
0.054000020027160645 -0.054000020027160645 1.5019999742507935
-0.671999990940094 -0.6480000019073486 2.671999931335449
-0.6840000152587891 -0.7440000176429749 2.5280001163482666
0.0 0.04200005531311035 1.3040000200271606
-0.6779999732971191 -0.6959999799728394 2.6059999465942383
-0.6840000152587891 -0.527999997138977 2.822000026702881
0.04799997806549072 -0.22800004482269287 1.8140000104904175
-0.6779999732971191 -0.6299999952316284 2.7019999027252197
0.18000006675720215 0.4559999704360962 2.125999927520752
0.16200006008148193 0.4259999990463257 2.2280001640319824
0.054000020027160645 -0.054000020027160645 1.496000051498413
0.1679999828338623 0.40799999237060547 2.2039999961853027
-0.6899999976158142 -0.7979999780654907 2.4260001182556152
-0.671999990940094 -0.671999990940094 2.6419999599456787
0.18000006675720215 0.4440000057220459 2.138000011444092
-0.4739999771118164 -0.09599995613098145 3.002000093460083
-0.671999990940094 -0.6480000019073486 2.677999973297119
0.06599998474121094 -0.17400002479553223 1.7300000190734863
-0.04799997806549072 0.09599995613098145 1.190000057220459
0.054000020027160645 -0.0419999361038208 1.4779999256134033
0.024000048637390137 0.38999998569488525 1.25
-0.023999929428100586 0.07200002670288086 1.2380000352859497
-0.059999942779541016 0.1260000467300415 1.1600000858306885
0.0 0.04799997806549072 1.2920000553131104
0.024000048637390137 0.18000006675720215 1.2799999713897705
0.18000006675720215 0.4440000057220459 2.1500000953674316
-0.6840000152587891 -0.7739999890327454 2.4800000190734863
-0.6779999732971191 -0.7199999690055847 2.5759999752044678
-0.6779999732971191 -0.7020000219345093 2.6059999465942383
0.029999971389770508 0.006000041961669922 1.375999927520752
0.054000020027160645 0.3539999723434448 1.3040000200271606
0.054000020027160645 -0.22800004482269287 1.8200000524520874
-0.48000001907348633 -0.11399996280670166 3.002000093460083
0.1679999828338623 0.4020000696182251 2.2280001640319824
-0.671999990940094 -0.5699999928474426 2.7799999713897705
0.07800006866455078 0.3240000009536743 1.3519999980926514
-0.023999929428100586 0.08399999141693115 1.2260000705718994
-0.41999995708465576 -0.06599998474121094 2.9839999675750732
0.060000061988830566 -0.21599996089935303 1.8020000457763672
-0.6660000085830688 -0.5460000038146973 2.803999900817871
0.054000020027160645 -0.029999971389770508 1.4539999961853027
0.04200005531311035 0.0 1.4000000953674316
0.054000020027160645 -0.23399996757507324 1.8259999752044678
0.0 0.054000020027160645 1.2799999713897705
-0.671999990940094 -0.6959999799728394 2.618000030517578
-0.671999990940094 -0.671999990940094 2.6540000438690186
-0.04799997806549072 0.10199999809265137 1.1779999732971191
0.029999971389770508 0.18599998950958252 1.2799999713897705
0.19200003147125244 0.48600006103515625 2.078000068664551
0.18000006675720215 0.4259999990463257 2.180000066757202
0.024000048637390137 0.3960000276565552 1.2380000352859497
0.029999971389770508 0.024000048637390137 1.3519999980926514
0.018000006675720215 0.40799999237060547 1.2260000705718994
0.04799997806549072 0.36000001430511475 1.2799999713897705
0.07800006866455078 -0.13199996948242188 1.6519999504089355
0.07800006866455078 -0.14399993419647217 1.6759999990463257
0.07800006866455078 -0.1260000467300415 1.6399999856948853
0.18000006675720215 0.4200000762939453 2.191999912261963
0.07800006866455078 -0.12000000476837158 1.628000020980835
-0.4739999771118164 -0.12000000476837158 3.002000093460083
-0.6660000085830688 -0.5999999642372131 2.75
0.07800006866455078 -0.10800004005432129 1.6039999723434448
0.029999971389770508 0.024000048637390137 1.3459999561309814
0.07800006866455078 -0.156000018119812 1.694000005722046
-0.671999990940094 -0.7199999690055847 2.5880000591278076
0.054000020027160645 -0.018000006675720215 1.4300000667572021
0.07800006866455078 -0.10199999809265137 1.5920000076293945
-0.6840000152587891 -0.7979999780654907 2.450000047683716
0.18000006675720215 0.40799999237060547 2.2039999961853027
0.07800006866455078 -0.09599995613098145 1.5800000429153442
0.17400002479553223 0.3960000276565552 2.2339999675750732
0.07800006866455078 -0.17400002479553223 1.7300000190734863
0.19800007343292236 0.48600006103515625 2.072000026702881
-1.3020000457763672 -0.9419999718666077 2.305999994277954
-0.029999971389770508 0.1499999761581421 1.1779999732971191
-0.671999990940094 -0.6959999799728394 2.630000114440918
-0.6660000085830688 -0.6240000128746033 2.7260000705718994
-0.671999990940094 -0.8159999847412109 2.4019999504089355
0.07800006866455078 -0.1799999475479126 1.7360000610351562
0.07800006866455078 -0.08399999141693115 1.555999994277954
0.054000020027160645 0.36000001430511475 1.2799999713897705
0.07800006866455078 -0.18599998950958252 1.7540000677108765
0.06599998474121094 0.34800004959106445 1.3040000200271606
0.07800006866455078 0.3359999656677246 1.3280000686645508
-0.6779999732971191 -0.7739999890327454 2.503999948501587
-0.4320000410079956 -0.07200002670288086 3.002000093460083
0.029999971389770508 0.03600001335144043 1.3280000686645508
-0.023999929428100586 0.09599995613098145 1.2020000219345093
0.08399999141693115 -0.156000018119812 1.7000000476837158
-0.04799997806549072 0.1260000467300415 1.1540000438690186
0.07800006866455078 -0.07799994945526123 1.5440000295639038
0.060000061988830566 -0.24599993228912354 1.850000023841858
0.09000003337860107 0.33000004291534424 1.3519999980926514
-0.6779999732971191 -0.75 2.552000045776367
0.054000020027160645 -0.006000041961669922 1.406000018119812
0.07800006866455078 -0.06599998474121094 1.5260000228881836
-0.04799997806549072 0.12000000476837158 1.1540000438690186
0.0 0.07200002670288086 1.25
-0.4440000057220459 -0.09599995613098145 3.002000093460083
0.054000020027160645 0.0 1.4000000953674316
-0.6660000085830688 -0.6480000019073486 2.7019999027252197
0.04200005531311035 0.37800002098083496 1.25
0.10199999809265137 0.3179999589920044 1.375999927520752
-0.671999990940094 -0.75 2.552000045776367
-0.023999929428100586 0.09599995613098145 1.1959999799728394
0.20399999618530273 0.48600006103515625 2.072000026702881
0.07800006866455078 -0.20399999618530273 1.784000039100647
0.029999971389770508 0.4020000696182251 1.2260000705718994
-0.671999990940094 -0.7199999690055847 2.6059999465942383
0.07800006866455078 -0.054000020027160645 1.5019999742507935
-0.6779999732971191 -0.7799999713897705 2.503999948501587
0.11399996280670166 0.312000036239624 1.4000000953674316
0.04799997806549072 0.37199997901916504 1.25600004196167
-0.6779999732971191 -0.8159999847412109 2.4260001182556152
0.006000041961669922 0.07800006866455078 1.25
-0.6779999732971191 -0.7680000066757202 2.5280001163482666
0.20399999618530273 0.4739999771118164 2.1019999980926514
-0.4559999704360962 -0.1260000467300415 3.002000093460083
0.018000006675720215 0.4259999990463257 1.2020000219345093
-0.41999995708465576 -0.07200002670288086 3.002000093460083
0.20399999618530273 0.48000001907348633 2.1019999980926514
-0.6660000085830688 -0.671999990940094 2.677999973297119
0.08399999141693115 -0.1979999542236328 1.777999997138977
-0.4140000343322754 -0.07799994945526123 2.996000051498413
-1.3320000171661377 -0.9300000071525574 2.366000175476074
-0.38999998569488525 -0.06599998474121094 2.9839999675750732
-0.6660000085830688 -0.5699999928474426 2.803999900817871
0.18599998950958252 0.38999998569488525 2.2280001640319824
-0.6420000195503235 -0.5339999794960022 2.828000068664551
0.029999971389770508 0.04799997806549072 1.3040000200271606
0.054000020027160645 0.011999964714050293 1.375999927520752
0.07800006866455078 -0.0419999361038208 1.4779999256134033
0.20399999618530273 0.4559999704360962 2.125999927520752
-0.37199997901916504 -0.06599998474121094 2.9720001220703125
0.07800006866455078 0.3539999723434448 1.3040000200271606
0.21000003814697266 0.48600006103515625 2.078000068664551
0.07800006866455078 0.34800004959106445 1.3040000200271606
0.07800006866455078 -0.22800004482269287 1.8259999752044678
-0.6779999732971191 -0.7979999780654907 2.4800000190734863
0.054000020027160645 0.37199997901916504 1.25600004196167
0.029999971389770508 0.04799997806549072 1.2979999780654907
-0.023999929428100586 0.10800004005432129 1.1779999732971191
0.06599998474121094 0.20399999618530273 1.3040000200271606
-0.41999995708465576 -0.08399999141693115 3.002000093460083
0.20399999618530273 0.4440000057220459 2.1440000534057617
-0.4440000057220459 -0.10800004005432129 3.008000135421753
0.07800006866455078 -0.029999971389770508 1.4600000381469727
0.0 0.08399999141693115 1.2260000705718994
0.07800006866455078 -0.023999929428100586 1.4539999961853027
-1.3079999685287476 -0.9480000138282776 2.3299999237060547
-0.6539999842643738 -0.5460000038146973 2.828000068664551
-0.4500000476837158 -0.07799994945526123 3.0260000228881836
0.024000048637390137 0.4200000762939453 1.2020000219345093
0.20399999618530273 0.4440000057220459 2.1500000953674316
-0.011999964714050293 0.156000018119812 1.1779999732971191
0.10199999809265137 0.33000004291534424 1.3519999980926514
0.10199999809265137 0.3240000009536743 1.3519999980926514
0.054000020027160645 0.19200003147125244 1.2799999713897705
-0.671999990940094 -0.7739999890327454 2.5280001163482666
-0.6660000085830688 -0.6959999799728394 2.6540000438690186
-0.671999990940094 -0.8219999670982361 2.4260001182556152
-0.6660000085830688 -0.5999999642372131 2.7799999713897705
0.054000020027160645 0.37800002098083496 1.25
0.07200002670288086 -0.25199997425079346 1.8619999885559082
-0.006000041961669922 0.10199999809265137 1.2020000219345093
0.07800006866455078 -0.24000000953674316 1.850000023841858
0.054000020027160645 0.024000048637390137 1.3519999980926514
0.19800007343292236 0.3960000276565552 2.2039999961853027
-0.6599999666213989 -0.6240000128746033 2.75
0.024000048637390137 0.4200000762939453 1.1959999799728394
0.011999964714050293 0.4500000476837158 1.1779999732971191
-0.671999990940094 -0.7979999780654907 2.4860000610351562
0.10199999809265137 -0.1260000467300415 1.6460000276565552
0.09000003337860107 -0.21000003814697266 1.8020000457763672
0.10199999809265137 -0.10199999809265137 1.6039999723434448
0.07800006866455078 -0.011999964714050293 1.4300000667572021
0.07200002670288086 -0.2580000162124634 1.8799999952316284
0.029999971389770508 0.060000061988830566 1.2799999713897705
0.10199999809265137 -0.13199996948242188 1.6519999504089355
0.10199999809265137 -0.14399993419647217 1.6759999990463257
-1.3259999752044678 -0.9359999895095825 2.378000020980835
0.20399999618530273 0.4320000410079956 2.180000066757202
0.10199999809265137 -0.12000000476837158 1.628000020980835
-0.6660000085830688 -0.75 2.5759999752044678
0.10199999809265137 -0.156000018119812 1.7000000476837158
0.10199999809265137 -0.10199999809265137 1.5980000495910645
0.10199999809265137 -0.09000003337860107 1.5800000429153442
-1.3140000104904175 -0.9539999961853027 2.3299999237060547
-0.6599999666213989 -0.6480000019073486 2.7260000705718994
0.07200002670288086 -0.26399993896484375 1.9040000438690186
-0.6179999709129333 -0.16199994087219238 3.0920000076293945
0.20399999618530273 0.4200000762939453 2.191999912261963
-0.029999971389770508 0.1260000467300415 1.1480000019073486
0.07800006866455078 -0.25199997425079346 1.8680000305175781
-0.6660000085830688 -0.7199999690055847 2.630000114440918
0.10199999809265137 -0.07799994945526123 1.555999994277954
0.0 0.10199999809265137 1.2020000219345093
0.09599995613098145 -0.04799997806549072 1.5019999742507935
-0.6779999732971191 -0.8219999670982361 2.450000047683716
0.10199999809265137 -0.17400002479553223 1.7300000190734863
-1.3020000457763672 -0.9480000138282776 2.3600001335144043
0.04799997806549072 0.38999998569488525 1.2260000705718994
-0.023999929428100586 0.1260000467300415 1.1540000438690186
-0.6660000085830688 -0.671999990940094 2.7019999027252197
0.10199999809265137 -0.1799999475479126 1.7419999837875366
0.20399999618530273 0.3960000276565552 2.2039999961853027
0.0 0.09599995613098145 1.2020000219345093
0.20399999618530273 0.40799999237060547 2.2039999961853027
0.07800006866455078 -0.006000041961669922 1.4119999408721924
0.07800006866455078 0.36600005626678467 1.2799999713897705
0.0 0.16200006008148193 1.1779999732971191
0.10199999809265137 -0.18599998950958252 1.7540000677108765
0.07800006866455078 -0.2580000162124634 1.8799999952316284
-0.023999929428100586 0.12000000476837158 1.1540000438690186
0.054000020027160645 0.03600001335144043 1.3280000686645508
0.07800006866455078 0.20399999618530273 1.3040000200271606
0.10199999809265137 -0.059999942779541016 1.5260000228881836
-0.671999990940094 -0.8219999670982361 2.450000047683716
0.10199999809265137 0.34200000762939453 1.3280000686645508
-0.4440000057220459 -0.07200002670288086 3.0380001068115234
-0.671999990940094 -0.7979999780654907 2.503999948501587
0.07800006866455078 0.0 1.4000000953674316
0.10199999809265137 -0.1979999542236328 1.777999997138977
-0.023999929428100586 0.1260000467300415 1.1480000019073486
0.06599998474121094 0.029999971389770508 1.3519999980926514
-0.4500000476837158 -0.07200002670288086 3.0439999103546143
0.21599996089935303 0.4500000476837158 2.1500000953674316
0.07200002670288086 0.20399999618530273 1.2860000133514404
0.029999971389770508 0.07200002670288086 1.25600004196167
0.024000048637390137 0.4320000410079956 1.1779999732971191
0.10199999809265137 -0.04799997806549072 1.5019999742507935
0.10199999809265137 -0.20399999618530273 1.7899999618530273
0.10199999809265137 -0.054000020027160645 1.5080000162124634
0.054000020027160645 0.38999998569488525 1.2260000705718994
0.1260000467300415 0.3179999589920044 1.375999927520752
-0.6660000085830688 -0.7739999890327454 2.552000045776367
-0.3539999723434448 -0.07200002670288086 2.9779999256134033
-0.6779999732971191 -0.8159999847412109 2.4800000190734863
0.04799997806549072 0.3960000276565552 1.2139999866485596
0.029999971389770508 0.07800006866455078 1.25
-0.41999995708465576 -0.10199999809265137 3.0139999389648438
0.10199999809265137 -0.21000003814697266 1.8020000457763672
0.07800006866455078 -0.26999998092651367 1.9040000438690186
-0.3960000276565552 -0.07799994945526123 3.008000135421753
-0.6599999666213989 -0.828000009059906 2.437999963760376
-0.006000041961669922 0.156000018119812 1.1600000858306885
-0.38399994373321533 -0.07200002670288086 3.002000093460083
-0.671999990940094 -0.828000009059906 2.450000047683716
0.10199999809265137 0.34800004959106445 1.315999984741211
-0.6779999732971191 -0.828000009059906 2.4559998512268066
-0.6539999842643738 -0.5460000038146973 2.8519999980926514
-1.3199999332427979 -0.9480000138282776 2.378000020980835
-1.350000023841858 -0.9359999895095825 2.4019999504089355
-0.6539999842643738 -0.5699999928474426 2.828000068664551
0.054000020027160645 0.054000020027160645 1.3040000200271606
-0.6599999666213989 -0.6959999799728394 2.677999973297119
0.07800006866455078 0.018000006675720215 1.375999927520752
0.10199999809265137 -0.03600001335144043 1.4779999256134033
0.054000020027160645 0.04799997806549072 1.3040000200271606
-0.6480000019073486 -0.5460000038146973 2.8519999980926514
-0.4440000057220459 -0.12000000476837158 3.0260000228881836
-0.4620000123977661 -0.12000000476837158 3.0380001068115234
0.0 0.11399996280670166 1.1779999732971191
0.029999971389770508 0.4259999990463257 1.1779999732971191
0.22800004482269287 0.48600006103515625 2.0900001525878906
0.1260000467300415 0.3240000009536743 1.3640000820159912
0.10199999809265137 -0.029999971389770508 1.4660000801086426
0.22800004482269287 0.48000001907348633 2.1019999980926514
0.22800004482269287 0.46800005435943604 2.1080000400543213
0.14400005340576172 0.3179999589920044 1.406000018119812
-0.4440000057220459 -0.08399999141693115 3.0439999103546143
0.054000020027160645 0.3960000276565552 1.2139999866485596
-0.6539999842643738 -0.5759999752044678 2.828000068664551
-1.3380000591278076 -0.9419999718666077 2.4019999504089355
0.21000003814697266 0.4020000696182251 2.2280001640319824
0.10199999809265137 -0.22800004482269287 1.8320000171661377
0.10199999809265137 0.3539999723434448 1.3040000200271606
0.04799997806549072 0.4020000696182251 1.2020000219345093
0.07800006866455078 0.20399999618530273 1.2799999713897705
-0.6539999842643738 -0.5999999642372131 2.803999900817871
0.10199999809265137 -0.023999929428100586 1.4539999961853027
0.22800004482269287 0.4620000123977661 2.125999927520752
0.018000006675720215 0.4500000476837158 1.1540000438690186
-0.671999990940094 -0.8219999670982361 2.4800000190734863
-0.6599999666213989 -0.75 2.6059999465942383
0.07800006866455078 0.024000048637390137 1.3580000400543213
-0.6599999666213989 -0.7199999690055847 2.6540000438690186
0.07800006866455078 0.029999971389770508 1.3519999980926514
0.1260000467300415 0.33000004291534424 1.3519999980926514
-0.6539999842643738 -0.6480000019073486 2.75
0.03600001335144043 0.4200000762939453 1.1779999732971191
0.07800006866455078 0.37800002098083496 1.25
-0.6660000085830688 -0.7979999780654907 2.5280001163482666
-0.6539999842643738 -0.6240000128746033 2.7799999713897705
0.0 0.156000018119812 1.1540000438690186
0.10800004005432129 -0.22200000286102295 1.8259999752044678
0.029999971389770508 0.09000003337860107 1.2260000705718994
-1.3259999752044678 -0.9599999785423279 2.366000175476074
0.054000020027160645 0.06599998474121094 1.2799999713897705
-0.6060000061988831 -0.1679999828338623 3.1040000915527344
0.22800004482269287 0.4440000057220459 2.1500000953674316
-0.5820000171661377 -0.156000018119812 3.0980000495910645
0.22800004482269287 0.4500000476837158 2.1500000953674316
0.10199999809265137 -0.24000000953674316 1.850000023841858
0.1260000467300415 -0.1380000114440918 1.6759999990463257
0.1260000467300415 -0.1260000467300415 1.6519999504089355
0.1260000467300415 -0.11399996280670166 1.628000020980835
0.1260000467300415 -0.1499999761581421 1.7000000476837158
-0.4140000343322754 -0.09599995613098145 3.0260000228881836
-0.3659999370574951 -0.07200002670288086 3.002000093460083
0.09000003337860107 -0.26999998092651367 1.940000057220459
0.08399999141693115 0.37199997901916504 1.25600004196167
0.10199999809265137 -0.011999964714050293 1.4300000667572021
0.1260000467300415 -0.10199999809265137 1.6039999723434448
0.0 0.12000000476837158 1.1600000858306885
-1.3140000104904175 -0.9660000205039978 2.3600001335144043
0.024000048637390137 0.4440000057220459 1.1540000438690186
0.1260000467300415 -0.156000018119812 1.7059999704360962
-0.6539999842643738 -0.671999990940094 2.7260000705718994
-0.6359999775886536 -0.19200003147125244 3.1100001335144043
0.07800006866455078 0.19800007343292236 1.2680000066757202
-0.6599999666213989 -0.7739999890327454 2.5759999752044678
-1.3199999332427979 -0.9599999785423279 2.378000020980835
-0.6299999952316284 -0.17400002479553223 3.115999937057495
-0.6480000019073486 -0.5999999642372131 2.809999942779541
-0.6539999842643738 -0.5640000104904175 2.8519999980926514
0.1260000467300415 -0.1679999828338623 1.7300000190734863
0.1260000467300415 -0.09000003337860107 1.5800000429153442
0.1260000467300415 -0.07200002670288086 1.555999994277954
0.22800004482269287 0.3960000276565552 2.180000066757202
0.1260000467300415 -0.07799994945526123 1.562000036239624
-0.41999995708465576 -0.11399996280670166 3.0260000228881836
0.09000003337860107 -0.2760000228881836 1.909999966621399
0.029999971389770508 0.09599995613098145 1.2139999866485596
-0.6660000085830688 -0.8159999847412109 2.503999948501587
0.0 0.1260000467300415 1.1540000438690186
0.10199999809265137 -0.006000041961669922 1.4179999828338623
0.10199999809265137 -0.25199997425079346 1.8739999532699585
0.22800004482269287 0.4320000410079956 2.180000066757202
-1.3199999332427979 -0.9539999961853027 2.4019999504089355
0.1260000467300415 -0.1799999475479126 1.7540000677108765
-0.5820000171661377 -0.156000018119812 3.1040000915527344
0.07800006866455078 0.04200005531311035 1.3280000686645508
-0.6539999842643738 -0.6119999885559082 2.803999900817871
0.1260000467300415 -0.1799999475479126 1.7480000257492065
-1.3320000171661377 -0.9539999961853027 2.4019999504089355
0.10199999809265137 0.36600005626678467 1.2799999713897705
0.054000020027160645 0.07200002670288086 1.2620000839233398
0.060000061988830566 0.4020000696182251 1.2020000219345093
0.21599996089935303 0.4020000696182251 2.251999855041504
-0.6539999842643738 -0.6959999799728394 2.7019999027252197
0.1260000467300415 -0.19200003147125244 1.777999997138977
-0.6539999842643738 -0.6599999666213989 2.75
0.10199999809265137 0.006000041961669922 1.4000000953674316
0.1260000467300415 -0.059999942779541016 1.5260000228881836
-0.5699999928474426 -0.1499999761581421 3.1040000915527344
0.1260000467300415 0.34200000762939453 1.3280000686645508
-1.350000023841858 -0.9539999961853027 2.4019999504089355
0.156000018119812 0.3179999589920044 1.4000000953674316
0.22800004482269287 0.4020000696182251 2.2039999961853027
-0.6480000019073486 -0.6240000128746033 2.7920000553131104
0.029999971389770508 0.10199999809265137 1.2020000219345093
0.07800006866455078 0.04799997806549072 1.315999984741211
0.1260000467300415 -0.054000020027160645 1.5140000581741333
-0.6539999842643738 -0.7319999933242798 2.6540000438690186
-0.6480000019073486 -0.5699999928474426 2.8519999980926514
0.029999971389770508 0.1679999828338623 1.1779999732971191
-1.3320000171661377 -0.9660000205039978 2.378000020980835
0.10800004005432129 -0.25199997425079346 1.8799999952316284
0.1260000467300415 -0.20399999618530273 1.7960000038146973
0.07800006866455078 0.38999998569488525 1.2260000705718994
-0.3960000276565552 -0.09599995613098145 3.0260000228881836
0.1380000114440918 -0.09599995613098145 1.6039999723434448
0.054000020027160645 0.07800006866455078 1.25
0.1260000467300415 -0.04799997806549072 1.5019999742507935
-0.6480000019073486 -0.6480000019073486 2.7680001258850098
-0.4500000476837158 -0.1260000467300415 3.049999952316284
-0.6539999842643738 -0.75 2.630000114440918
-0.6480000019073486 -0.671999990940094 2.73799991607666
-0.6599999666213989 -0.7979999780654907 2.552000045776367
0.10199999809265137 0.37199997901916504 1.2680000066757202
-0.6539999842643738 -0.6420000195503235 2.7799999713897705
0.10199999809265137 -0.26999998092651367 1.9040000438690186
0.09599995613098145 -0.28199994564056396 1.9279999732971191
0.09599995613098145 -0.28199994564056396 1.9520000219345093
-0.6539999842643738 -0.7199999690055847 2.677999973297119
0.09000003337860107 0.20399999618530273 1.2680000066757202
0.024000048637390137 0.4559999704360962 1.1359999179840088
0.07800006866455078 0.054000020027160645 1.3040000200271606
0.1260000467300415 0.34800004959106445 1.315999984741211
-0.6299999952316284 -0.17400002479553223 3.128000020980835
0.22800004482269287 0.4020000696182251 2.2280001640319824
0.10199999809265137 0.018000006675720215 1.375999927520752
0.10199999809265137 0.21599996089935303 1.2860000133514404
0.029999971389770508 0.4440000057220459 1.1419999599456787
0.029999971389770508 0.4500000476837158 1.1419999599456787
-0.6480000019073486 -0.5999999642372131 2.828000068664551
-0.4739999771118164 -0.11399996280670166 3.074000120162964
0.10199999809265137 -0.2760000228881836 1.9160000085830688
0.1260000467300415 -0.029999971389770508 1.472000002861023
-0.6240000128746033 -0.17400002479553223 3.128000020980835
0.13199996948242188 -0.20399999618530273 1.8020000457763672
0.1260000467300415 -0.22200000286102295 1.8259999752044678
-0.6480000019073486 -0.6959999799728394 2.7139999866485596
-0.6480000019073486 -0.6240000128746033 2.803999900817871
-0.4500000476837158 -0.1260000467300415 3.055999994277954
-0.6539999842643738 -0.7080000042915344 2.7019999027252197
-1.0260000228881836 -0.9300000071525574 2.492000102996826
0.10199999809265137 0.024000048637390137 1.3640000820159912
-0.6480000019073486 -0.75 2.635999917984009
0.04200005531311035 0.4320000410079956 1.1540000438690186
0.1260000467300415 -0.018000006675720215 1.4539999961853027
0.156000018119812 0.3240000009536743 1.375999927520752
0.24000000953674316 0.4200000762939453 2.185999870300293
-0.6539999842643738 -0.7260000109672546 2.677999973297119
0.11399996280670166 0.37800002098083496 1.2799999713897705
-0.3960000276565552 -0.10199999809265137 3.0320000648498535
0.054000020027160645 0.4200000762939453 1.1719999313354492
0.1260000467300415 -0.22800004482269287 1.8380000591278076
0.10199999809265137 -0.28199994564056396 1.9279999732971191
0.1260000467300415 0.36000001430511475 1.3040000200271606
-0.6359999775886536 -0.19200003147125244 3.128000020980835
-0.37199997901916504 -0.07799994945526123 3.0260000228881836
0.13199996948242188 -0.029999971389770508 1.4779999256134033
-0.6480000019073486 -0.671999990940094 2.75
0.25199997425079346 0.4739999771118164 2.1019999980926514
-0.9539999961853027 -0.8999999761581421 2.5399999618530273
-0.6480000019073486 -0.6480000019073486 2.7799999713897705
0.25199997425079346 0.48000001907348633 2.1019999980926514
0.029999971389770508 0.11399996280670166 1.1779999732971191
-0.6539999842643738 -0.7739999890327454 2.6059999465942383
-0.4739999771118164 -0.11399996280670166 3.0799999237060547
0.060000061988830566 0.4140000343322754 1.1779999732971191
0.1260000467300415 -0.23399996757507324 1.850000023841858
0.156000018119812 0.3240000009536743 1.3700000047683716
-0.6060000061988831 -0.1799999475479126 3.121999979019165
0.060000061988830566 0.4259999990463257 1.1779999732971191
0.10199999809265137 0.029999971389770508 1.3519999980926514
0.054000020027160645 0.09000003337860107 1.2260000705718994
-0.6240000128746033 -0.18599998950958252 3.128000020980835
0.10199999809265137 0.3840000629425049 1.25
-0.5759999752044678 -0.1499999761581421 3.121999979019165
0.1499999761581421 -0.12000000476837158 1.6519999504089355
0.10199999809265137 -0.2879999876022339 1.9520000219345093
0.07800006866455078 0.06599998474121094 1.2799999713897705
0.018000006675720215 0.156000018119812 1.1419999599456787
0.25199997425079346 0.4620000123977661 2.125999927520752
-0.6480000019073486 -0.7199999690055847 2.690000057220459
-0.6599999666213989 -0.8219999670982361 2.5280001163482666
0.054000020027160645 0.09599995613098145 1.2200000286102295
0.08399999141693115 0.3960000276565552 1.2139999866485596
0.1260000467300415 -0.006000041961669922 1.4300000667572021
-0.5999999642372131 -0.1799999475479126 3.121999979019165
0.029999971389770508 0.1679999828338623 1.1540000438690186
0.07800006866455078 0.4020000696182251 1.2020000219345093
-0.6480000019073486 -0.6959999799728394 2.7260000705718994
-0.9599999785423279 -0.8999999761581421 2.552000045776367
-0.4259999990463257 -0.1260000467300415 3.049999952316284
0.25199997425079346 0.4500000476837158 2.1500000953674316
0.029999971389770508 0.12000000476837158 1.1660000085830688
-0.6299999952316284 -0.5460000038146973 2.888000011444092
-0.6480000019073486 -0.8460000157356262 2.4739999771118164
-0.6539999842643738 -0.8460000157356262 2.4800000190734863
-0.6539999842643738 -0.7979999780654907 2.5759999752044678
0.25199997425079346 0.4440000057220459 2.1560001373291016
-0.5999999642372131 -0.17400002479553223 3.128000020980835
0.07800006866455078 0.07200002670288086 1.2680000066757202
0.10199999809265137 0.04799997806549072 1.3280000686645508
-0.5759999752044678 -0.1499999761581421 3.128000020980835
-0.6480000019073486 -0.75 2.6540000438690186
-0.6539999842643738 -0.7680000066757202 2.630000114440918
0.156000018119812 -0.12000000476837158 1.6519999504089355
0.10199999809265137 0.20399999618530273 1.2620000839233398
0.156000018119812 0.3359999656677246 1.3519999980926514
0.1260000467300415 -0.25199997425079346 1.8799999952316284
0.156000018119812 -0.10800004005432129 1.628000020980835
0.156000018119812 -0.1260000467300415 1.6579999923706055
0.156000018119812 -0.10199999809265137 1.6160000562667847
-0.6480000019073486 -0.7739999890327454 2.618000030517578
-0.5640000104904175 -0.1679999828338623 3.115999937057495
-0.6420000195503235 -0.5699999928474426 2.875999927520752
0.156000018119812 -0.09599995613098145 1.6039999723434448
-0.6480000019073486 -0.7199999690055847 2.7019999027252197
0.1260000467300415 0.011999964714050293 1.4000000953674316
0.10199999809265137 0.04799997806549072 1.3220000267028809
-0.5699999928474426 -0.1499999761581421 3.128000020980835
0.1260000467300415 0.37800002098083496 1.2799999713897705
0.054000020027160645 0.10800004005432129 1.2020000219345093
0.25199997425079346 0.4259999990463257 2.180000066757202
-0.5460000038146973 -0.1499999761581421 3.115999937057495
-0.4259999990463257 -0.1260000467300415 3.055999994277954
0.156000018119812 -0.1499999761581421 1.7000000476837158
-0.6539999842643738 -0.7860000133514404 2.6059999465942383
-0.6539999842643738 -0.8399999737739563 2.503999948501587
-0.6420000195503235 -0.8460000157356262 2.4800000190734863
0.156000018119812 -0.156000018119812 1.7120000123977661
-0.6420000195503235 -0.6179999709129333 2.828000068664551
0.156000018119812 -0.08399999141693115 1.5800000429153442
-0.9539999961853027 -0.906000018119812 2.552000045776367
0.029999971389770508 0.1260000467300415 1.1540000438690186
-0.41999995708465576 -0.12000000476837158 3.055999994277954
-0.6539999842643738 -0.8040000200271606 2.5759999752044678
0.156000018119812 -0.07799994945526123 1.5679999589920044
-0.37199997901916504 -0.07200002670288086 3.0439999103546143
0.07800006866455078 0.08399999141693115 1.25
0.1260000467300415 0.37199997901916504 1.2739999294281006
0.024000048637390137 0.14400005340576172 1.1359999179840088
0.1260000467300415 -0.26399993896484375 1.9040000438690186
-0.6359999775886536 -0.17400002479553223 3.1519999504089355
0.156000018119812 -0.07200002670288086 1.555999994277954
0.16200006008148193 -0.13199996948242188 1.6759999990463257
-0.6420000195503235 -0.5999999642372131 2.8519999980926514
0.25199997425079346 0.4140000343322754 2.2039999961853027
0.10199999809265137 0.060000061988830566 1.3040000200271606
-0.5460000038146973 -0.16199994087219238 3.115999937057495
-0.6480000019073486 -0.7739999890327454 2.630000114440918
-0.40799999237060547 -0.1260000467300415 3.049999952316284
0.156000018119812 -0.054000020027160645 1.5260000228881836
0.1260000467300415 0.024000048637390137 1.375999927520752
0.17400002479553223 0.33000004291534424 1.375999927520752
-0.6539999842643738 -0.8219999670982361 2.552000045776367
-0.5879999995231628 -0.18599998950958252 3.128000020980835
0.2580000162124634 0.4140000343322754 2.185999870300293
0.24000000953674316 0.4200000762939453 2.2699999809265137
-0.6480000019073486 -0.7979999780654907 2.5940001010894775
-0.4500000476837158 -0.1260000467300415 3.0799999237060547
0.156000018119812 0.34800004959106445 1.3280000686645508
0.26999998092651367 0.4919999837875366 2.0840001106262207
0.1260000467300415 0.024000048637390137 1.3700000047683716
-0.4259999990463257 -0.12000000476837158 3.068000078201294
-0.6480000019073486 -0.8219999670982361 2.552000045776367
-0.6480000019073486 -0.8460000157356262 2.503999948501587
-0.6359999775886536 -0.8519999980926514 2.4800000190734863
0.1260000467300415 -0.2760000228881836 1.9220000505447388
0.14400005340576172 0.0 1.4300000667572021
0.156000018119812 -0.0419999361038208 1.5019999742507935
-0.5699999928474426 -0.17400002479553223 3.128000020980835
0.25199997425079346 0.4140000343322754 2.2280001640319824
-1.0199999809265137 -0.9359999895095825 2.5280001163482666
0.156000018119812 -0.20399999618530273 1.8020000457763672
-0.6359999775886536 -0.6480000019073486 2.803999900817871
0.156000018119812 0.34800004959106445 1.3220000267028809
-0.6179999709129333 -0.17400002479553223 3.1519999504089355
0.054000020027160645 0.12000000476837158 1.1779999732971191
-0.6420000195503235 -0.671999990940094 2.7799999713897705
-0.6420000195503235 -0.6959999799728394 2.75
-0.6240000128746033 -0.5519999861717224 2.9000000953674316
0.03600001335144043 0.156000018119812 1.1359999179840088
0.1260000467300415 -0.28199994564056396 1.9279999732971191
-0.6359999775886536 -0.8579999804496765 2.4739999771118164
0.1380000114440918 0.36600005626678467 1.2799999713897705
-0.5699999928474426 -0.1799999475479126 3.128000020980835
0.18000006675720215 0.33000004291534424 1.375999927520752
0.07800006866455078 0.09599995613098145 1.2260000705718994
0.18000006675720215 0.3240000009536743 1.375999927520752
-1.0320000648498535 -0.9480000138282776 2.509999990463257
0.14400005340576172 -0.24599993228912354 1.8799999952316284
0.1260000467300415 0.03600001335144043 1.3519999980926514
-0.37199997901916504 -0.10199999809265137 3.0439999103546143
-0.6420000195503235 -0.75 2.677999973297119
0.156000018119812 -0.029999971389770508 1.4779999256134033
0.10199999809265137 0.07200002670288086 1.2799999713897705
-0.6359999775886536 -0.1979999542236328 3.1519999504089355
0.156000018119812 -0.21599996089935303 1.8259999752044678
-0.6480000019073486 -0.7979999780654907 2.6059999465942383
-0.5399999618530273 -0.1499999761581421 3.128000020980835
0.054000020027160645 0.12000000476837158 1.1719999313354492
0.2760000228881836 0.4919999837875366 2.0840001106262207
-0.6480000019073486 -0.8159999847412109 2.5759999752044678
0.19200003147125244 0.3240000009536743 1.4000000953674316
0.1260000467300415 -0.2879999876022339 1.9520000219345093
-1.0080000162124634 -0.9480000138282776 2.509999990463257
-0.3960000276565552 -0.12000000476837158 3.055999994277954
-1.055999994277954 -0.9480000138282776 2.5220000743865967
0.24600005149841309 0.4200000762939453 2.2760000228881836
-0.9240000247955322 -0.8880000114440918 2.6059999465942383
0.2760000228881836 0.48000001907348633 2.1019999980926514
0.156000018119812 -0.011999964714050293 1.4539999961853027
-0.38999998569488525 -0.1260000467300415 3.049999952316284
-0.6420000195503235 -0.7199999690055847 2.7260000705718994
-0.40199995040893555 -0.13199996948242188 3.055999994277954
0.08399999141693115 0.10199999809265137 1.2260000705718994
-0.437999963760376 -0.13199996948242188 3.0799999237060547
-0.6539999842643738 -0.8460000157356262 2.5280001163482666
-0.6539999842643738 -0.8519999980926514 2.5160000324249268
0.16200006008148193 -0.023999929428100586 1.4779999256134033
0.156000018119812 -0.22800004482269287 1.843999981880188
0.20399999618530273 0.33000004291534424 1.4240000247955322
0.2760000228881836 0.4620000123977661 2.125999927520752
-0.5460000038146973 -0.1679999828338623 3.128000020980835
-0.6240000128746033 -0.1979999542236328 3.1519999504089355
0.156000018119812 0.36600005626678467 1.3040000200271606
0.2760000228881836 0.4020000696182251 2.1440000534057617
-0.34200000762939453 -0.08399999141693115 3.0380001068115234
0.1679999828338623 0.3539999723434448 1.3280000686645508
-1.0379999876022339 -0.9480000138282776 2.5280001163482666
-0.3960000276565552 -0.13199996948242188 3.055999994277954
0.1260000467300415 0.04799997806549072 1.3280000686645508
-0.6420000195503235 -0.7739999890327454 2.6540000438690186
0.156000018119812 -0.006000041961669922 1.4359999895095825
0.06599998474121094 0.1260000467300415 1.1779999732971191
-0.37199997901916504 -0.09599995613098145 3.055999994277954
-0.3659999370574951 -0.07200002670288086 3.062000036239624
0.156000018119812 0.0 1.4300000667572021
0.2760000228881836 0.4500000476837158 2.1500000953674316
-0.6299999952316284 -0.5699999928474426 2.9000000953674316
0.18000006675720215 -0.12000000476837158 1.6519999504089355
0.1679999828338623 -0.1979999542236328 1.777999997138977
0.18000006675720215 0.3359999656677246 1.3519999980926514
0.2580000162124634 0.4140000343322754 2.251999855041504
-0.6480000019073486 -0.8460000157356262 2.5339999198913574
0.054000020027160645 0.13199996948242188 1.1540000438690186
-0.9660000205039978 -0.9179999828338623 2.5759999752044678
0.07800006866455078 0.10800004005432129 1.2020000219345093
0.18000006675720215 -0.10800004005432129 1.628000020980835
-0.6539999842643738 -0.8519999980926514 2.5280001163482666
0.2760000228881836 0.4440000057220459 2.1620001792907715
0.1679999828338623 -0.20399999618530273 1.7899999618530273
-0.6359999775886536 -0.5999999642372131 2.875999927520752
0.16200006008148193 -0.22800004482269287 1.850000023841858
0.17400002479553223 -0.17400002479553223 1.7300000190734863
0.10199999809265137 0.09000003337860107 1.25
0.156000018119812 0.36600005626678467 1.2920000553131104
-0.6359999775886536 -0.6240000128746033 2.8519999980926514
-0.5640000104904175 -0.1499999761581421 3.1519999504089355
0.13199996948242188 0.054000020027160645 1.3280000686645508
0.156000018119812 -0.24599993228912354 1.8799999952316284
0.18000006675720215 -0.1499999761581421 1.7000000476837158
0.1679999828338623 -0.1979999542236328 1.7540000677108765
-0.9959999918937683 -0.9480000138282776 2.5280001163482666
0.06599998474121094 0.18000006675720215 1.1540000438690186
0.1679999828338623 -0.19200003147125244 1.7300000190734863
0.2760000228881836 0.4259999990463257 2.180000066757202
0.18000006675720215 -0.156000018119812 1.7059999704360962
-0.41999995708465576 -0.13199996948242188 3.0799999237060547
-0.5640000104904175 -0.156000018119812 3.1519999504089355
-0.6420000195503235 -0.75 2.7019999027252197
0.156000018119812 -0.25199997425079346 1.8919999599456787
0.04799997806549072 0.1499999761581421 1.1299999952316284
0.20399999618530273 0.3240000009536743 1.4000000953674316
0.1499999761581421 0.029999971389770508 1.375999927520752
-1.0199999809265137 -0.9539999961853027 2.5280001163482666
0.1260000467300415 0.060000061988830566 1.3040000200271606
0.13199996948242188 0.21599996089935303 1.25600004196167
-1.0139999389648438 -0.972000002861023 2.4860000610351562
-0.5999999642372131 -0.1979999542236328 3.1519999504089355
-0.6420000195503235 -0.7979999780654907 2.630000114440918
-0.6299999952316284 -0.6480000019073486 2.828000068664551
-0.6240000128746033 -0.21000003814697266 3.1579999923706055
0.12000000476837158 0.07800006866455078 1.2799999713897705
-0.5759999752044678 -0.16199994087219238 3.1579999923706055
-0.6299999952316284 -0.21599996089935303 3.1579999923706055
-0.37199997901916504 -0.12000000476837158 3.055999994277954
0.18599998950958252 -0.09599995613098145 1.6039999723434448
0.156000018119812 -0.2580000162124634 1.9040000438690186
-0.6359999775886536 -0.4140000343322754 3.0439999103546143
0.18000006675720215 -0.054000020027160645 1.5260000228881836
-0.6480000019073486 -0.8460000157356262 2.552000045776367
0.1679999828338623 -0.1979999542236328 1.7120000123977661
-0.6299999952316284 -0.671999990940094 2.803999900817871
-1.0320000648498535 -0.9480000138282776 2.552000045776367
0.054000020027160645 0.156000018119812 1.1299999952316284
0.10199999809265137 0.09599995613098145 1.2319999933242798
-0.37199997901916504 -0.1260000467300415 3.055999994277954
0.18000006675720215 0.3539999723434448 1.3280000686645508
0.07800006866455078 0.1260000467300415 1.1779999732971191
0.18000006675720215 0.34800004959106445 1.3280000686645508
-1.0260000228881836 -0.972000002861023 2.498000144958496
-0.6240000128746033 -0.8640000224113464 2.498000144958496
-0.6359999775886536 -0.6959999799728394 2.7799999713897705
-0.6299999952316284 -0.8640000224113464 2.503999948501587
0.14400005340576172 0.22800004482269287 1.2680000066757202
0.054000020027160645 0.1499999761581421 1.1299999952316284
-0.5460000038146973 -0.1499999761581421 3.1519999504089355
0.156000018119812 0.024000048637390137 1.3819999694824219
0.07800006866455078 0.12000000476837158 1.1779999732971191
-0.6359999775886536 -0.7199999690055847 2.75
-0.6299999952316284 -0.6539999842643738 2.828000068664551
-0.6420000195503235 -0.1979999542236328 3.1760001182556152
0.18000006675720215 -0.0419999361038208 1.5019999742507935
0.1260000467300415 0.07200002670288086 1.2860000133514404
0.10199999809265137 0.10199999809265137 1.2260000705718994
-1.0139999389648438 -0.9480000138282776 2.552000045776367
0.156000018119812 0.029999971389770508 1.375999927520752
-1.0320000648498535 -0.972000002861023 2.503999948501587
-0.9480000138282776 -0.9240000247955322 2.5820000171661377
0.20399999618530273 0.3240000009536743 1.3819999694824219
0.18000006675720215 -0.1799999475479126 1.7120000123977661
-0.6240000128746033 -0.8640000224113464 2.503999948501587
0.1260000467300415 0.07800006866455078 1.2799999713897705
0.19200003147125244 -0.10199999809265137 1.6160000562667847
0.2940000295639038 0.4739999771118164 2.1019999980926514
0.07800006866455078 0.18599998950958252 1.1540000438690186
-0.34800004959106445 -0.09599995613098145 3.055999994277954
0.18000006675720215 -0.023999929428100586 1.4779999256134033
-0.9959999918937683 -0.972000002861023 2.498000144958496
0.1679999828338623 -0.21599996089935303 1.7300000190734863
-0.9959999918937683 -0.9480000138282776 2.552000045776367
0.17400002479553223 -0.21000003814697266 1.7540000677108765
-0.6359999775886536 -0.7739999890327454 2.677999973297119
0.20399999618530273 0.33000004291534424 1.375999927520752
-0.9959999918937683 -0.9779999852180481 2.4860000610351562
0.2820000648498535 0.4200000762939453 2.2039999961853027
0.18000006675720215 -0.029999971389770508 1.4779999256134033
-0.6420000195503235 -0.8219999670982361 2.6059999465942383
0.07200002670288086 0.18000006675720215 1.1419999599456787
-1.0019999742507935 -0.972000002861023 2.503999948501587
-0.9959999918937683 -0.972000002861023 2.503999948501587
0.156000018119812 -0.2760000228881836 1.934000015258789
0.18000006675720215 -0.22200000286102295 1.850000023841858
-1.0199999809265137 -0.9539999961853027 2.552000045776367
-0.5699999928474426 -0.19200003147125244 3.1519999504089355
-0.593999981880188 -0.20399999618530273 3.1579999923706055
0.18000006675720215 -0.20399999618530273 1.7540000677108765
-0.5460000038146973 -0.1799999475479126 3.1459999084472656
0.19200003147125244 -0.07200002670288086 1.555999994277954
0.18000006675720215 -0.1979999542236328 1.7300000190734863
0.18599998950958252 -0.19200003147125244 1.7540000677108765
-0.9660000205039978 -0.9480000138282776 2.552000045776367
0.30000007152557373 0.49800002574920654 2.078000068664551
-0.5220000147819519 -0.1679999828338623 3.140000104904175
0.156000018119812 0.04200005531311035 1.3519999980926514
0.19200003147125244 -0.1499999761581421 1.6759999990463257
0.18000006675720215 -0.22800004482269287 1.8560000658035278
-0.9779999852180481 -0.9179999828338623 2.618000030517578
-0.9480000138282776 -0.8999999761581421 2.6419999599456787
0.18000006675720215 -0.018000006675720215 1.4539999961853027
0.30000007152557373 0.48000001907348633 2.1019999980926514
0.18000006675720215 0.36600005626678467 1.3040000200271606
0.30000007152557373 0.4739999771118164 2.1080000400543213
-0.34800004959106445 -0.10199999809265137 3.062000036239624
-0.9900000095367432 -0.9539999961853027 2.552000045776367
-0.3960000276565552 -0.1380000114440918 3.0799999237060547
-1.0499999523162842 -0.972000002861023 2.5280001163482666
0.2940000295639038 0.4140000343322754 2.1679999828338623
-0.9660000205039978 -0.9240000247955322 2.6059999465942383
-0.6299999952316284 -0.5999999642372131 2.9000000953674316
0.07800006866455078 0.1380000114440918 1.1540000438690186
0.19200003147125244 -0.19200003147125244 1.777999997138977
-0.6299999952316284 -0.6240000128746033 2.875999927520752
-0.6359999775886536 -0.7979999780654907 2.6540000438690186
0.19200003147125244 -0.1979999542236328 1.8020000457763672
0.10199999809265137 0.11399996280670166 1.2020000219345093
0.19200003147125244 -0.054000020027160645 1.5199999809265137
0.16200006008148193 0.23399996757507324 1.2799999713897705
0.20399999618530273 -0.11399996280670166 1.6519999504089355
-0.6179999709129333 -0.5640000104904175 2.930000066757202
0.30000007152557373 0.4620000123977661 2.125999927520752
0.18599998950958252 -0.17400002479553223 1.6759999990463257
-0.3179999589920044 -0.08399999141693115 3.049999952316284
-1.055999994277954 -0.972000002861023 2.5339999198913574
-0.6299999952316284 -0.6480000019073486 2.8519999980926514
0.18000006675720215 0.0 1.4300000667572021
0.18000006675720215 0.36600005626678467 1.2979999780654907
0.2940000295639038 0.4200000762939453 2.180000066757202
0.19200003147125244 -0.20399999618530273 1.8140000104904175
0.20399999618530273 -0.10800004005432129 1.6340000629425049
