ply
format ascii 1.0
element vertex 8000
property float x
property float y
property float z
end_header
0.24600005149841309 0.4200000762939453 2.2760000228881836
0.24000000953674316 0.4200000762939453 2.2699999809265137
0.2580000162124634 0.4140000343322754 2.251999855041504
0.21599996089935303 0.4020000696182251 2.251999855041504
0.25199997425079346 0.4140000343322754 2.2280001640319824
0.22800004482269287 0.4020000696182251 2.2280001640319824
0.21000003814697266 0.4020000696182251 2.2280001640319824
0.2940000295639038 0.4320000410079956 2.2280001640319824
0.25199997425079346 0.4140000343322754 2.2039999961853027
0.22800004482269287 0.4020000696182251 2.2039999961853027
0.2820000648498535 0.4200000762939453 2.2039999961853027
0.18599998950958252 0.38999998569488525 2.2280001640319824
0.20399999618530273 0.40799999237060547 2.2039999961853027
0.20399999618530273 0.3960000276565552 2.2039999961853027
0.17400002479553223 0.3960000276565552 2.2339999675750732
0.19800007343292236 0.3960000276565552 2.2039999961853027
0.24000000953674316 0.4200000762939453 2.185999870300293
0.2580000162124634 0.4140000343322754 2.185999870300293
0.1679999828338623 0.4020000696182251 2.2280001640319824
0.20399999618530273 0.4200000762939453 2.191999912261963
0.25199997425079346 0.4259999990463257 2.180000066757202
0.16200006008148193 0.4259999990463257 2.2280001640319824
0.22800004482269287 0.4320000410079956 2.180000066757202
0.18000006675720215 0.40799999237060547 2.2039999961853027
0.22800004482269287 0.3960000276565552 2.180000066757202
0.2760000228881836 0.4259999990463257 2.180000066757202
0.16200006008148193 0.4259999990463257 2.2160000801086426
0.20399999618530273 0.4320000410079956 2.180000066757202
0.18000006675720215 0.4200000762939453 2.191999912261963
0.1679999828338623 0.40799999237060547 2.2039999961853027
0.2940000295639038 0.4200000762939453 2.180000066757202
0.30000007152557373 0.4259999990463257 2.180000066757202
0.18000006675720215 0.4259999990463257 2.180000066757202
0.2940000295639038 0.4140000343322754 2.1679999828338623
0.1679999828338623 0.4200000762939453 2.185999870300293
0.2760000228881836 0.4440000057220459 2.1620001792907715
0.34200000762939453 0.4320000410079956 2.2039999961853027
0.25199997425079346 0.4440000057220459 2.1560001373291016
0.33000004291534424 0.4259999990463257 2.180000066757202
0.22800004482269287 0.4440000057220459 2.1500000953674316
0.25199997425079346 0.4500000476837158 2.1500000953674316
0.22800004482269287 0.4500000476837158 2.1500000953674316
0.156000018119812 0.4259999990463257 2.180000066757202
0.2760000228881836 0.4500000476837158 2.1500000953674316
0.21599996089935303 0.4500000476837158 2.1500000953674316
0.20399999618530273 0.4440000057220459 2.1500000953674316
0.2760000228881836 0.4020000696182251 2.1440000534057617
0.3240000009536743 0.437999963760376 2.1620001792907715
0.3059999942779541 0.4140000343322754 2.1500000953674316
0.20399999618530273 0.4440000057220459 2.1440000534057617
0.3539999723434448 0.4320000410079956 2.185999870300293
0.30000007152557373 0.4559999704360962 2.1500000953674316
0.18000006675720215 0.4440000057220459 2.1500000953674316
0.18000006675720215 0.4440000057220459 2.138000011444092
0.156000018119812 0.4320000410079956 2.1500000953674316
0.25199997425079346 0.4620000123977661 2.125999927520752
0.22800004482269287 0.4620000123977661 2.125999927520752
0.2760000228881836 0.4620000123977661 2.125999927520752
0.20399999618530273 0.4559999704360962 2.125999927520752
0.34200000762939453 0.4500000476837158 2.1500000953674316
0.3539999723434448 0.437999963760376 2.1560001373291016
0.34800004959106445 0.4320000410079956 2.1500000953674316
0.30000007152557373 0.4620000123977661 2.125999927520752
0.156000018119812 0.4440000057220459 2.138000011444092
0.3179999589920044 0.4020000696182251 2.125999927520752
0.18000006675720215 0.4559999704360962 2.125999927520752
0.3539999723434448 0.4500000476837158 2.1500000953674316
0.22800004482269287 0.46800005435943604 2.1080000400543213
0.156000018119812 0.4500000476837158 2.125999927520752
0.33000004291534424 0.46800005435943604 2.125999927520752
0.1499999761581421 0.4440000057220459 2.125999927520752
0.1499999761581421 0.4500000476837158 2.125999927520752
0.3960000276565552 0.4559999704360962 2.180000066757202
0.25199997425079346 0.4739999771118164 2.1019999980926514
0.25199997425079346 0.48000001907348633 2.1019999980926514
0.30000007152557373 0.4739999771118164 2.1080000400543213
0.22800004482269287 0.48000001907348633 2.1019999980926514
0.2760000228881836 0.48000001907348633 2.1019999980926514
0.20399999618530273 0.4739999771118164 2.1019999980926514
0.2940000295639038 0.4739999771118164 2.1019999980926514
0.20399999618530273 0.48000001907348633 2.1019999980926514
0.3840000629425049 0.4500000476837158 2.1500000953674316
0.33000004291534424 0.4739999771118164 2.113999843597412
0.3539999723434448 0.46800005435943604 2.125999927520752
0.30000007152557373 0.48000001907348633 2.1019999980926514
0.18000006675720215 0.46800005435943604 2.1019999980926514
0.18000006675720215 0.48000001907348633 2.1019999980926514
0.22800004482269287 0.48600006103515625 2.0900001525878906
0.16200006008148193 0.46800005435943604 2.1019999980926514
0.18000006675720215 0.4739999771118164 2.0959999561309814
0.1679999828338623 0.46800005435943604 2.0959999561309814
0.3539999723434448 0.4739999771118164 2.113999843597412
0.33000004291534424 0.48000001907348633 2.1019999980926514
0.312000036239624 0.5039999485015869 2.1019999980926514
0.4020000696182251 0.4620000123977661 2.1500000953674316
0.156000018119812 0.48000001907348633 2.1019999980926514
0.37800002098083496 0.46800005435943604 2.125999927520752
0.26999998092651367 0.4919999837875366 2.0840001106262207
0.2760000228881836 0.4919999837875366 2.0840001106262207
0.14400005340576172 0.46800005435943604 2.1019999980926514
0.1499999761581421 0.48000001907348633 2.1019999980926514
0.07800006866455078 0.4200000762939453 2.1500000953674316
0.07800006866455078 0.4320000410079956 2.1500000953674316
0.09599995613098145 0.36600005626678467 2.138000011444092
0.21000003814697266 0.48600006103515625 2.078000068664551
0.1380000114440918 0.46800005435943604 2.0959999561309814
0.19200003147125244 0.48600006103515625 2.078000068664551
0.37800002098083496 0.4739999771118164 2.113999843597412
0.20399999618530273 0.48600006103515625 2.072000026702881
0.30000007152557373 0.49800002574920654 2.078000068664551
0.19800007343292236 0.48600006103515625 2.072000026702881
0.4200000762939453 0.4919999837875366 2.1620001792907715
0.156000018119812 0.48000001907348633 2.0840001106262207
0.3840000629425049 0.5039999485015869 2.125999927520752
0.08399999141693115 0.4500000476837158 2.125999927520752
0.37199997901916504 0.48000001907348633 2.1019999980926514
0.4140000343322754 0.48600006103515625 2.1440000534057617
0.40799999237060547 0.4620000123977661 2.125999927520752
0.07800006866455078 0.437999963760376 2.125999927520752
0.07800006866455078 0.4020000696182251 2.125999927520752
0.37800002098083496 0.48000001907348633 2.1019999980926514
0.07800006866455078 0.38999998569488525 2.125999927520752
0.3240000009536743 0.5039999485015869 2.078000068664551
0.33000004291534424 0.49800002574920654 2.078000068664551
0.054000020027160645 0.4200000762939453 2.1500000953674316
0.054000020027160645 0.4259999990463257 2.1500000953674316
0.33000004291534424 0.5039999485015869 2.078000068664551
0.06599998474121094 0.4020000696182251 2.131999969482422
0.3240000009536743 0.5039999485015869 2.072000026702881
0.09000003337860107 0.4020000696182251 2.1019999980926514
0.40799999237060547 0.4739999771118164 2.113999843597412
0.09000003337860107 0.38999998569488525 2.1019999980926514
0.4020000696182251 0.48000001907348633 2.1080000400543213
0.060000061988830566 0.437999963760376 2.125999927520752
0.3539999723434448 0.5039999485015869 2.078000068664551
0.36000001430511475 0.49800002574920654 2.078000068664551
0.07200002670288086 0.37800002098083496 2.113999843597412
0.3359999656677246 0.5039999485015869 2.065999984741211
0.09000003337860107 0.3960000276565552 2.0900001525878906
0.07800006866455078 0.4620000123977661 2.1019999980926514
0.054000020027160645 0.37800002098083496 2.125999927520752
0.03600001335144043 0.4020000696182251 2.1440000534057617
0.09599995613098145 0.36600005626678467 2.0840001106262207
0.054000020027160645 0.36600005626678467 2.125999927520752
0.029999971389770508 0.4259999990463257 2.1500000953674316
0.029999971389770508 0.4020000696182251 2.1500000953674316
0.07800006866455078 0.3539999723434448 2.1019999980926514
0.029999971389770508 0.38999998569488525 2.1500000953674316
0.04799997806549072 0.37800002098083496 2.125999927520752
0.37800002098083496 0.5039999485015869 2.078000068664551
0.054000020027160645 0.4440000057220459 2.113999843597412
0.09000003337860107 0.34800004959106445 2.0900001525878906
0.07800006866455078 0.34200000762939453 2.1019999980926514
0.06599998474121094 0.3539999723434448 2.1080000400543213
0.38999998569488525 0.4919999837875366 2.078000068664551
0.37199997901916504 0.5099999904632568 2.072000026702881
0.4020000696182251 0.48000001907348633 2.078000068664551
0.054000020027160645 0.33000004291534424 2.125999927520752
0.054000020027160645 0.4500000476837158 2.1019999980926514
0.018000006675720215 0.4020000696182251 2.1500000953674316
0.029999971389770508 0.437999963760376 2.125999927520752
0.04799997806549072 0.3539999723434448 2.113999843597412
0.3840000629425049 0.5039999485015869 2.065999984741211
0.018000006675720215 0.37800002098083496 2.138000011444092
0.029999971389770508 0.4440000057220459 2.113999843597412
0.029999971389770508 0.3539999723434448 2.125999927520752
0.3840000629425049 0.49800002574920654 2.053999900817871
0.054000020027160645 0.33000004291534424 2.1019999980926514
0.03600001335144043 0.3240000009536743 2.125999927520752
0.024000048637390137 0.3539999723434448 2.125999927520752
0.029999971389770508 0.3359999656677246 2.125999927520752
0.0 0.4259999990463257 2.1500000953674316
0.04799997806549072 0.33000004291534424 2.1019999980926514
0.029999971389770508 0.4500000476837158 2.1019999980926514
0.4739999771118164 0.48000001907348633 2.125999927520752
0.0 0.37800002098083496 2.1500000953674316
0.054000020027160645 0.46800005435943604 2.078000068664551
0.0 0.36600005626678467 2.1500000953674316
-0.006000041961669922 0.4259999990463257 2.1500000953674316
0.48000001907348633 0.4739999771118164 2.125999927520752
0.48000001907348633 0.48000001907348633 2.125999927520752
0.4620000123977661 0.48600006103515625 2.1019999980926514
0.03600001335144043 0.3240000009536743 2.1080000400543213
0.4440000057220459 0.49800002574920654 2.0840001106262207
0.0 0.437999963760376 2.125999927520752
0.4500000476837158 0.4919999837875366 2.0840001106262207
-0.03600001335144043 0.36000001430511475 2.3000001907348633
0.0 0.3240000009536743 2.1560001373291016
-0.011999964714050293 0.37800002098083496 2.1500000953674316
-0.03600001335144043 0.34800004959106445 2.251999855041504
-0.029999971389770508 0.34800004959106445 2.2100000381469727
-0.029999971389770508 0.3539999723434448 2.2039999961853027
-0.03600001335144043 0.3539999723434448 2.2280001640319824
0.060000061988830566 0.4739999771118164 2.053999900817871
-0.03600001335144043 0.34800004959106445 2.2280001640319824
-0.006000041961669922 0.3240000009536743 2.1560001373291016
-0.029999971389770508 0.37800002098083496 2.180000066757202
0.011999964714050293 0.33000004291534424 2.119999885559082
0.029999971389770508 0.4620000123977661 2.078000068664551
-0.029999971389770508 0.36600005626678467 2.180000066757202
-0.023999929428100586 0.4140000343322754 2.1500000953674316
-0.029999971389770508 0.37199997901916504 2.1740000247955322
0.4919999837875366 0.4739999771118164 2.113999843597412
0.054000020027160645 0.48000001907348633 2.053999900817871
-0.018000006675720215 0.3539999723434448 2.1500000953674316
-0.011999964714050293 0.3539999723434448 2.138000011444092
-0.04799997806549072 0.36000001430511475 2.2760000228881836
0.48000001907348633 0.4919999837875366 2.1019999980926514
0.0 0.33000004291534424 2.125999927520752
0.0 0.4440000057220459 2.1019999980926514
-0.04799997806549072 0.3539999723434448 2.251999855041504
0.4559999704360962 0.5099999904632568 2.078000068664551
-0.029999971389770508 0.34200000762939453 2.180000066757202
-0.04799997806549072 0.34800004959106445 2.2760000228881836
0.0 0.4500000476837158 2.1019999980926514
-0.023999929428100586 0.4200000762939453 2.138000011444092
-0.0419999361038208 0.4020000696182251 2.180000066757202
-0.054000020027160645 0.36600005626678467 2.2760000228881836
-0.04799997806549072 0.36000001430511475 2.3299999237060547
0.48000001907348633 0.49800002574920654 2.0959999561309814
-0.04799997806549072 0.37800002098083496 2.2039999961853027
0.0 0.3179999589920044 2.125999927520752
-0.054000020027160645 0.36600005626678467 2.251999855041504
-0.054000020027160645 0.4200000762939453 2.2160000801086426
-0.054000020027160645 0.37800002098083496 2.2280001640319824
-0.054000020027160645 0.37199997901916504 2.2280001640319824
-0.023999929428100586 0.4320000410079956 2.125999927520752
0.5099999904632568 0.48000001907348633 2.125999927520752
-0.023999929428100586 0.3359999656677246 2.1500000953674316
-0.054000020027160645 0.37800002098083496 2.2039999961853027
0.03600001335144043 0.48000001907348633 2.053999900817871
-0.011999964714050293 0.33000004291534424 2.125999927520752
-0.029999971389770508 0.3359999656677246 2.1560001373291016
-0.04799997806549072 0.3960000276565552 2.1679999828338623
0.49800002574920654 0.4739999771118164 2.0959999561309814
0.029999971389770508 0.4739999771118164 2.053999900817871
0.5099999904632568 0.46800005435943604 2.1080000400543213
-0.018000006675720215 0.4500000476837158 2.1019999980926514
0.4559999704360962 0.5099999904632568 2.053999900817871
0.0 0.4620000123977661 2.078000068664551
0.029999971389770508 0.4739999771118164 2.047999858856201
0.054000020027160645 0.48600006103515625 2.0299999713897705
0.48000001907348633 0.5099999904632568 2.078000068664551
-0.04799997806549072 0.4140000343322754 2.1500000953674316
0.0 0.312000036239624 2.1019999980926514
-0.018000006675720215 0.3179999589920044 2.125999927520752
-0.054000020027160645 0.4320000410079956 2.1620001792907715
-0.023999929428100586 0.4440000057220459 2.1019999980926514
-0.059999942779541016 0.3840000629425049 2.180000066757202
0.5039999485015869 0.49800002574920654 2.0959999561309814
-0.023999929428100586 0.4440000057220459 2.0959999561309814
0.018000006675720215 0.4739999771118164 2.047999858856201
-0.04799997806549072 0.4200000762939453 2.131999969482422
0.5160000324249268 0.48600006103515625 2.1019999980926514
0.5039999485015869 0.46800005435943604 2.078000068664551
-0.04799997806549072 0.4259999990463257 2.125999927520752
0.4919999837875366 0.5280001163482666 2.0840001106262207
-0.059999942779541016 0.40799999237060547 2.1500000953674316
0.5339999198913574 0.48600006103515625 2.125999927520752
0.0 0.3059999942779541 2.0840001106262207
0.006000041961669922 0.48000001907348633 2.053999900817871
0.029999971389770508 0.48600006103515625 2.0299999713897705
-0.06599998474121094 0.3960000276565552 2.1560001373291016
0.0 0.4739999771118164 2.053999900817871
-0.006000041961669922 0.3059999942779541 2.0840001106262207
-0.023999929428100586 0.4559999704360962 2.078000068664551
-0.023999929428100586 0.3179999589920044 2.1019999980926514
0.5520000457763672 0.5039999485015869 2.1560001373291016
0.018000006675720215 0.30000007152557373 2.053999900817871
0.060000061988830566 0.4919999837875366 2.0
0.5039999485015869 0.5220000743865967 2.078000068664551
-0.04799997806549072 0.437999963760376 2.1019999980926514
0.49800002574920654 0.5220000743865967 2.065999984741211
0.5039999485015869 0.5220000743865967 2.072000026702881
0.5520000457763672 0.4919999837875366 2.131999969482422
-0.06599998474121094 0.4200000762939453 2.125999927520752
-0.06599998474121094 0.4259999990463257 2.125999927520752
0.054000020027160645 0.5039999485015869 2.0
-0.04799997806549072 0.4440000057220459 2.0900001525878906
-0.06599998474121094 0.4200000762939453 2.113999843597412
0.5160000324249268 0.5280001163482666 2.078000068664551
-0.023999929428100586 0.46800005435943604 2.053999900817871
0.0 0.48600006103515625 2.0299999713897705
0.5460000038146973 0.4919999837875366 2.1019999980926514
0.5099999904632568 0.5280001163482666 2.065999984741211
-0.04799997806549072 0.4500000476837158 2.078000068664551
-0.06599998474121094 0.437999963760376 2.1019999980926514
0.029999971389770508 0.49800002574920654 2.0
0.060000061988830566 0.4919999837875366 1.9760000705718994
0.029999971389770508 0.5039999485015869 2.0
0.5520000457763672 0.49800002574920654 2.1019999980926514
-0.054000020027160645 0.4500000476837158 2.078000068664551
0.5280001163482666 0.5280001163482666 2.078000068664551
-0.023999929428100586 0.4739999771118164 2.0420000553131104
0.5460000038146973 0.49800002574920654 2.0840001106262207
0.054000020027160645 0.5039999485015869 1.9760000705718994
0.5339999198913574 0.5280001163482666 2.072000026702881
-0.023999929428100586 0.48000001907348633 2.0299999713897705
-0.06599998474121094 0.4440000057220459 2.078000068664551
-0.04799997806549072 0.4620000123977661 2.053999900817871
0.5460000038146973 0.5160000324249268 2.078000068664551
0.006000041961669922 0.49800002574920654 2.0
0.5520000457763672 0.5039999485015869 2.078000068664551
0.06599998474121094 0.4739999771118164 1.9520000219345093
-0.06599998474121094 0.4440000057220459 2.065999984741211
0.0 0.5039999485015869 2.0
0.060000061988830566 0.48600006103515625 1.9520000219345093
0.564000129699707 0.49800002574920654 2.0840001106262207
0.5520000457763672 0.5280001163482666 2.078000068664551
0.029999971389770508 0.5099999904632568 1.9760000705718994
0.060000061988830566 0.5039999485015869 1.9520000219345093
-0.04799997806549072 0.4739999771118164 2.0360000133514404
-0.06599998474121094 0.4500000476837158 2.053999900817871
0.5820000171661377 0.5039999485015869 2.1019999980926514
-0.04799997806549072 0.48000001907348633 2.0299999713897705
0.06599998474121094 0.46800005435943604 1.934000015258789
0.060000061988830566 0.48600006103515625 1.940000057220459
0.011999964714050293 0.5099999904632568 1.9760000705718994
0.060000061988830566 0.5039999485015869 1.940000057220459
-0.023999929428100586 0.49800002574920654 2.0
-0.023999929428100586 0.5039999485015869 2.0
-0.059999942779541016 0.48000001907348633 2.0299999713897705
0.5759999752044678 0.4919999837875366 2.065999984741211
0.5820000171661377 0.49800002574920654 2.078000068664551
0.12000000476837158 0.4200000762939453 1.8980000019073486
0.10199999809265137 0.4200000762939453 1.9040000438690186
0.5759999752044678 0.5280001163482666 2.078000068664551
0.5699999332427979 0.48600006103515625 2.047999858856201
0.029999971389770508 0.5220000743865967 1.9520000219345093
0.029999971389770508 0.5280001163482666 1.9520000219345093
-0.07200002670288086 0.46800005435943604 2.0299999713897705
0.6119999885559082 0.5220000743865967 2.131999969482422
0.06599998474121094 0.4020000696182251 1.909999966621399
0.1260000467300415 0.3960000276565552 1.8860000371932983
0.06599998474121094 0.4500000476837158 1.909999966621399
-0.04799997806549072 0.4919999837875366 2.0
0.5940001010894775 0.5099999904632568 2.078000068664551
0.6059999465942383 0.5160000324249268 2.1019999980926514
-0.07200002670288086 0.4739999771118164 2.0180001258850098
0.054000020027160645 0.5339999198913574 1.9279999732971191
-0.023999929428100586 0.5099999904632568 1.9760000705718994
0.1260000467300415 0.40799999237060547 1.8799999952316284
0.06599998474121094 0.3840000629425049 1.9040000438690186
0.13199996948242188 0.37199997901916504 1.8799999952316284
0.060000061988830566 0.4320000410079956 1.9040000438690186
0.5999999046325684 0.5039999485015869 2.072000026702881
-0.04799997806549072 0.49800002574920654 1.9880000352859497
0.0 0.5220000743865967 1.9520000219345093
0.1260000467300415 0.40799999237060547 1.8739999532699585
0.0 0.5280001163482666 1.9520000219345093
0.6059999465942383 0.5160000324249268 2.078000068664551
0.6059999465942383 0.5280001163482666 2.078000068664551
0.029999971389770508 0.5399999618530273 1.9279999732971191
-0.07200002670288086 0.4919999837875366 2.0
-0.006000041961669922 0.5220000743865967 1.9459999799728394
-0.04799997806549072 0.5039999485015869 1.9760000705718994
0.07800006866455078 0.4200000762939453 1.8799999952316284
0.07800006866455078 0.4259999990463257 1.8799999952316284
0.054000020027160645 0.5399999618530273 1.909999966621399
0.5999999046325684 0.5399999618530273 2.059999942779541
0.07200002670288086 0.4320000410079956 1.8799999952316284
0.34800004959106445 0.3960000276565552 1.8560000658035278
0.6059999465942383 0.5399999618530273 2.065999984741211
-0.023999929428100586 0.5220000743865967 1.9520000219345093
0.07200002670288086 0.34200000762939453 1.8860000371932983
0.011999964714050293 0.5339999198913574 1.9279999732971191
-0.023999929428100586 0.5280001163482666 1.9520000219345093
0.06599998474121094 0.4020000696182251 1.8799999952316284
-0.059999942779541016 0.49800002574920654 1.9760000705718994
0.06599998474121094 0.37800002098083496 1.8799999952316284
0.06599998474121094 0.36600005626678467 1.8799999952316284
0.07200002670288086 0.4020000696182251 1.8739999532699585
0.13199996948242188 0.36600005626678467 1.8560000658035278
0.6359999179840088 0.5220000743865967 2.1019999980926514
0.07800006866455078 0.3240000009536743 1.8799999952316284
-0.03600001335144043 0.5280001163482666 1.9520000219345093
0.029999971389770508 0.5460000038146973 1.909999966621399
0.624000072479248 0.5039999485015869 2.059999942779541
0.10199999809265137 0.4259999990463257 1.8560000658035278
0.624000072479248 0.5520000457763672 2.0840001106262207
0.1260000467300415 0.3840000629425049 1.850000023841858
-0.07200002670288086 0.5039999485015869 1.9760000705718994
0.12000000476837158 0.38999998569488525 1.850000023841858
0.630000114440918 0.5280001163482666 2.078000068664551
0.09599995613098145 0.4259999990463257 1.8560000658035278
0.6359999179840088 0.5160000324249268 2.078000068664551
0.06599998474121094 0.37800002098083496 1.8680000305175781
0.07200002670288086 0.30000007152557373 1.8799999952316284
-0.04799997806549072 0.5220000743865967 1.9520000219345093
0.029999971389770508 0.5520000457763672 1.9040000438690186
0.10199999809265137 0.4020000696182251 1.850000023841858
0.1260000467300415 0.37800002098083496 1.843999981880188
-0.07799994945526123 0.5099999904632568 1.9760000705718994
-0.04799997806549072 0.5220000743865967 1.9459999799728394
0.09000003337860107 0.4020000696182251 1.850000023841858
-0.023999929428100586 0.5339999198913574 1.9279999732971191
0.10199999809265137 0.4020000696182251 1.843999981880188
0.09599995613098145 0.4020000696182251 1.843999981880188
0.08399999141693115 0.37800002098083496 1.850000023841858
0.630000114440918 0.5460000038146973 2.059999942779541
0.0 0.5460000038146973 1.909999966621399
0.6359999179840088 0.5160000324249268 2.053999900817871
0.3359999656677246 0.437999963760376 1.8259999752044678
0.07200002670288086 0.3539999723434448 1.8560000658035278
0.6600000858306885 0.5520000457763672 2.125999927520752
0.630000114440918 0.5520000457763672 2.059999942779541
0.6359999179840088 0.5099999904632568 2.047999858856201
0.04799997806549072 0.5520000457763672 1.8799999952316284
0.07800006866455078 0.3539999723434448 1.850000023841858
-0.07200002670288086 0.5160000324249268 1.9520000219345093
0.0 0.5520000457763672 1.9040000438690186
0.07800006866455078 0.3359999656677246 1.850000023841858
-0.07799994945526123 0.5099999904632568 1.9520000219345093
0.6540000438690186 0.5339999198913574 2.078000068664551
0.624000072479248 0.49800002574920654 2.01200008392334
-0.04799997806549072 0.5280001163482666 1.9279999732971191
0.10199999809265137 0.37800002098083496 1.8320000171661377
0.07200002670288086 0.33000004291534424 1.850000023841858
0.1260000467300415 0.3539999723434448 1.8259999752044678
0.09599995613098145 0.37800002098083496 1.8320000171661377
0.13199996948242188 0.3359999656677246 1.8259999752044678
0.6540000438690186 0.5220000743865967 2.059999942779541
0.12000000476837158 0.34800004959106445 1.8259999752044678
0.6660001277923584 0.5520000457763672 2.1019999980926514
0.1380000114440918 0.3179999589920044 1.8259999752044678
-0.06599998474121094 0.5220000743865967 1.934000015258789
0.07200002670288086 0.33000004291534424 1.843999981880188
0.07200002670288086 0.3240000009536743 1.843999981880188
0.07200002670288086 0.30000007152557373 1.850000023841858
-0.023999929428100586 0.5460000038146973 1.9040000438690186
0.10199999809265137 0.3539999723434448 1.8259999752044678
0.6719999313354492 0.5460000038146973 2.1019999980926514
0.018000006675720215 0.5580000877380371 1.8799999952316284
-0.023999929428100586 0.5520000457763672 1.9040000438690186
0.09599995613098145 0.3539999723434448 1.8259999752044678
-0.06599998474121094 0.5280001163482666 1.9279999732971191
0.6540000438690186 0.5520000457763672 2.059999942779541
0.33000004291534424 0.4200000762939453 1.8020000457763672
0.33000004291534424 0.4259999990463257 1.8020000457763672
0.6660001277923584 0.5580000877380371 2.0840001106262207
0.10199999809265137 0.3539999723434448 1.8200000524520874
0.3359999656677246 0.3960000276565552 1.8020000457763672
0.6779999732971191 0.5520000457763672 2.1019999980926514
0.09000003337860107 0.33000004291534424 1.8259999752044678
-0.07799994945526123 0.5160000324249268 1.9279999732971191
0.1260000467300415 0.33000004291534424 1.8140000104904175
-0.0419999361038208 0.5520000457763672 1.9040000438690186
-0.07799994945526123 0.5339999198913574 1.9279999732971191
-0.04799997806549072 0.5460000038146973 1.9040000438690186
0.08399999141693115 0.30000007152557373 1.8259999752044678
0.690000057220459 0.5460000038146973 2.1019999980926514
0.09599995613098145 0.33000004291534424 1.8140000104904175
0.08399999141693115 0.2940000295639038 1.8259999752044678
0.6719999313354492 0.5399999618530273 2.053999900817871
-0.04799997806549072 0.5460000038146973 1.8980000019073486
0.6840000152587891 0.5399999618530273 2.078000068664551
0.10199999809265137 0.33000004291534424 1.8079999685287476
0.024000048637390137 0.5699999332427979 1.8560000658035278
0.3240000009536743 0.4259999990463257 1.784000039100647
0.7019999027252197 0.5460000038146973 2.113999843597412
0.6779999732971191 0.5399999618530273 2.053999900817871
-0.07799994945526123 0.5039999485015869 1.9040000438690186
-0.023999929428100586 0.564000129699707 1.8799999952316284
0.029999971389770508 0.5699999332427979 1.850000023841858
0.1260000467300415 0.3059999942779541 1.8020000457763672
0.029999971389770508 0.5759999752044678 1.850000023841858
0.6779999732971191 0.5399999618530273 2.047999858856201
0.6779999732971191 0.5520000457763672 2.053999900817871
-0.07200002670288086 0.5399999618530273 1.9040000438690186
0.33000004291534424 0.4259999990463257 1.777999997138977
0.33000004291534424 0.4020000696182251 1.777999997138977
0.09599995613098145 0.30000007152557373 1.8079999685287476
-0.07799994945526123 0.5399999618530273 1.9040000438690186
0.3359999656677246 0.37800002098083496 1.777999997138977
0.3359999656677246 0.36600005626678467 1.777999997138977
0.1260000467300415 0.30000007152557373 1.7960000038146973
0.10199999809265137 0.30000007152557373 1.8020000457763672
0.10199999809265137 0.2940000295639038 1.8020000457763672
0.3539999723434448 0.37199997901916504 1.777999997138977
-0.04799997806549072 0.5580000877380371 1.8799999952316284
0.006000041961669922 0.5759999752044678 1.850000023841858
0.10800004005432129 0.30000007152557373 1.7960000038146973
0.37199997901916504 0.4259999990463257 1.777999997138977
0.37800002098083496 0.4200000762939453 1.777999997138977
-0.023999929428100586 0.5699999332427979 1.8619999885559082
0.08399999141693115 0.2879999876022339 1.8020000457763672
-0.07200002670288086 0.5460000038146973 1.8860000371932983
0.6840000152587891 0.5580000877380371 2.0299999713897705
0.1260000467300415 0.2940000295639038 1.784000039100647
-0.07799994945526123 0.5460000038146973 1.8860000371932983
0.7019999027252197 0.5460000038146973 2.053999900817871
0.7019999027252197 0.5520000457763672 2.053999900817871
-0.07200002670288086 0.5520000457763672 1.8799999952316284
0.7139999866485596 0.564000129699707 2.0840001106262207
0.7260000705718994 0.5520000457763672 2.1019999980926514
0.7200000286102295 0.5399999618530273 2.078000068664551
-0.023999929428100586 0.5759999752044678 1.850000023841858
-0.07799994945526123 0.5520000457763672 1.8799999952316284
0.029999971389770508 0.5940001010894775 1.8259999752044678
0.34200000762939453 0.4259999990463257 1.7540000677108765
0.34200000762939453 0.4020000696182251 1.7540000677108765
0.11399996280670166 0.2879999876022339 1.777999997138977
0.34200000762939453 0.37800002098083496 1.7540000677108765
0.37800002098083496 0.4259999990463257 1.7599999904632568
0.7260000705718994 0.5399999618530273 2.078000068664551
-0.04799997806549072 0.5699999332427979 1.8560000658035278
0.34800004959106445 0.36000001430511475 1.7540000677108765
0.029999971389770508 0.5999999046325684 1.8200000524520874
0.6840000152587891 0.5699999332427979 2.00600004196167
0.37800002098083496 0.4140000343322754 1.7540000677108765
0.0 0.5880000591278076 1.8259999752044678
0.3840000629425049 0.3960000276565552 1.7540000677108765
-0.04799997806549072 0.5759999752044678 1.850000023841858
0.6840000152587891 0.5759999752044678 2.0
0.7260000705718994 0.5399999618530273 2.053999900817871
0.029999971389770508 0.6059999465942383 1.8140000104904175
0.34800004959106445 0.4259999990463257 1.7419999837875366
0.7200000286102295 0.5280001163482666 2.0299999713897705
0.3539999723434448 0.4259999990463257 1.7419999837875366
0.7139999866485596 0.5220000743865967 2.01200008392334
0.7019999027252197 0.5699999332427979 2.01200008392334
-0.06599998474121094 0.5699999332427979 1.850000023841858
0.34800004959106445 0.4020000696182251 1.7360000610351562
0.7200000286102295 0.5520000457763672 2.0299999713897705
0.7200000286102295 0.5280001163482666 2.0180001258850098
0.37800002098083496 0.4020000696182251 1.7419999837875366
-0.023999929428100586 0.5880000591278076 1.8259999752044678
-0.07200002670288086 0.5759999752044678 1.850000023841858
0.690000057220459 0.6059999465942383 2.0
0.7260000705718994 0.5520000457763672 2.0299999713897705
0.7019999027252197 0.5759999752044678 2.0
0.7379999160766602 0.5520000457763672 2.053999900817871
-0.07799994945526123 0.5699999332427979 1.850000023841858
0.3539999723434448 0.4020000696182251 1.7300000190734863
0.34800004959106445 0.37800002098083496 1.7300000190734863
0.3539999723434448 0.37800002098083496 1.7300000190734863
0.34200000762939453 0.3539999723434448 1.7300000190734863
0.3539999723434448 0.36000001430511475 1.7300000190734863
-0.08399999141693115 0.5759999752044678 1.850000023841858
-0.04799997806549072 0.5880000591278076 1.8259999752044678
0.37800002098083496 0.37800002098083496 1.7300000190734863
0.0 0.5999999046325684 1.8020000457763672
0.37800002098083496 0.37199997901916504 1.7300000190734863
0.34800004959106445 0.36600005626678467 1.7239999771118164
0.3539999723434448 0.37800002098083496 1.7239999771118164
0.0 0.6059999465942383 1.8020000457763672
0.6960000991821289 0.5880000591278076 1.9760000705718994
-0.08399999141693115 0.564000129699707 1.8380000591278076
0.690000057220459 0.6059999465942383 1.9760000705718994
0.7260000705718994 0.5699999332427979 2.01200008392334
0.7439999580383301 0.5399999618530273 2.0299999713897705
0.7560000419616699 0.5399999618530273 2.053999900817871
0.37800002098083496 0.37199997901916504 1.7239999771118164
0.7019999027252197 0.5880000591278076 1.9760000705718994
0.7560000419616699 0.5520000457763672 2.053999900817871
-0.023999929428100586 0.5999999046325684 1.8020000457763672
0.7260000705718994 0.5759999752044678 2.0
0.6840000152587891 0.6059999465942383 1.9520000219345093
-0.07200002670288086 0.5880000591278076 1.8259999752044678
0.024000048637390137 0.6059999465942383 1.777999997138977
0.75 0.5520000457763672 2.0299999713897705
-0.023999929428100586 0.6059999465942383 1.8020000457763672
0.6960000991821289 0.5999999046325684 1.9639999866485596
0.7560000419616699 0.5460000038146973 2.0360000133514404
-0.029999971389770508 0.6059999465942383 1.8020000457763672
-0.2999999523162842 0.40799999237060547 2.078000068664551
-0.08399999141693115 0.5820000171661377 1.8259999752044678
0.7439999580383301 0.5399999618530273 2.0
0.34800004959106445 0.34800004959106445 1.7059999704360962
0.3539999723434448 0.3539999723434448 1.7059999704360962
-0.2940000295639038 0.4320000410079956 2.053999900817871
0.75 0.5399999618530273 2.00600004196167
-0.312000036239624 0.4020000696182251 2.1019999980926514
-0.04799997806549072 0.5999999046325684 1.8020000457763672
-0.2999999523162842 0.4200000762939453 2.053999900817871
0.7019999027252197 0.6059999465942383 1.9520000219345093
-0.04799997806549072 0.5999999046325684 1.7960000038146973
0.7560000419616699 0.564000129699707 2.01200008392334
-0.3179999589920044 0.38999998569488525 2.0959999561309814
0.75 0.5759999752044678 2.0
-0.07200002670288086 0.5940001010894775 1.8020000457763672
-0.3240000009536743 0.38999998569488525 2.1019999980926514
0.6960000991821289 0.6119999885559082 1.934000015258789
-0.023999929428100586 0.6119999885559082 1.777999997138977
0.7379999160766602 0.5820000171661377 1.9760000705718994
0.7439999580383301 0.6059999465942383 2.0
-0.2999999523162842 0.4320000410079956 2.0299999713897705
0.7200000286102295 0.5940001010894775 1.9520000219345093
-0.2879999876022339 0.4320000410079956 2.0
-0.08399999141693115 0.5880000591278076 1.8020000457763672
0.7260000705718994 0.5880000591278076 1.9520000219345093
-0.3240000009536743 0.40799999237060547 2.078000068664551
-0.33000004291534424 0.3960000276565552 2.0959999561309814
-0.3359999656677246 0.4320000410079956 2.113999843597412
-0.3059999942779541 0.4259999990463257 2.0299999713897705
-0.2879999876022339 0.4440000057220459 1.99399995803833
-0.3179999589920044 0.4200000762939453 2.053999900817871
0.7799999713897705 0.5699999332427979 2.0299999713897705
0.7079999446868896 0.6059999465942383 1.9279999732971191
-0.34200000762939453 0.36600005626678467 2.131999969482422
-0.07200002670288086 0.5999999046325684 1.7899999618530273
0.7799999713897705 0.5759999752044678 2.0299999713897705
-0.34800004959106445 0.37800002098083496 2.1500000953674316
-0.33000004291534424 0.40799999237060547 2.078000068664551
-0.04799997806549072 0.6119999885559082 1.777999997138977
-0.09000003337860107 0.6059999465942383 1.8020000457763672
0.75 0.5880000591278076 1.9760000705718994
-0.34800004959106445 0.36000001430511475 2.1500000953674316
0.7379999160766602 0.6059999465942383 1.9639999866485596
0.7200000286102295 0.5880000591278076 1.9279999732971191
-0.3240000009536743 0.4259999990463257 2.053999900817871
0.0 0.624000072479248 1.7540000677108765
0.7799999713897705 0.5820000171661377 2.0240001678466797
-0.3059999942779541 0.4440000057220459 2.01200008392334
-0.2999999523162842 0.4500000476837158 2.0
0.75 0.5880000591278076 1.9700000286102295
0.0 0.630000114440918 1.7540000677108765
-0.36000001430511475 0.37800002098083496 2.185999870300293
-0.34800004959106445 0.37800002098083496 2.125999927520752
0.7260000705718994 0.5940001010894775 1.934000015258789
0.6960000991821289 0.6059999465942383 1.8980000019073486
-0.011999964714050293 0.624000072479248 1.7540000677108765
0.7019999027252197 0.6059999465942383 1.9040000438690186
0.011999964714050293 0.624000072479248 1.7419999837875366
-0.3539999723434448 0.37199997901916504 2.131999969482422
-0.08399999141693115 0.5999999046325684 1.784000039100647
-0.2940000295639038 0.4620000123977661 1.9760000705718994
-0.34800004959106445 0.4020000696182251 2.1019999980926514
0.7139999866485596 0.5820000171661377 1.9040000438690186
-0.34800004959106445 0.3960000276565552 2.1019999980926514
-0.07200002670288086 0.6059999465942383 1.777999997138977
-0.3359999656677246 0.4200000762939453 2.059999942779541
0.7200000286102295 0.5699999332427979 1.9040000438690186
-0.28199994564056396 0.46800005435943604 1.9520000219345093
-0.36000001430511475 0.3539999723434448 2.1500000953674316
0.7019999027252197 0.5759999752044678 1.8799999952316284
-0.023999929428100586 0.630000114440918 1.7540000677108765
0.7260000705718994 0.5280001163482666 1.8919999599456787
0.7200000286102295 0.5280001163482666 1.8799999952316284
0.7139999866485596 0.5520000457763672 1.8799999952316284
-0.3659999370574951 0.34200000762939453 2.1620001792907715
0.7019999027252197 0.5759999752044678 1.8739999532699585
-0.09000003337860107 0.6059999465942383 1.777999997138977
-0.37199997901916504 0.34800004959106445 2.180000066757202
0.7019999027252197 0.5520000457763672 1.8619999885559082
-0.28199994564056396 0.46800005435943604 1.934000015258789
-0.3659999370574951 0.37800002098083496 2.125999927520752
-0.04799997806549072 0.624000072479248 1.7540000677108765
0.7079999446868896 0.49800002574920654 1.850000023841858
0.7019999027252197 0.5280001163482666 1.850000023841858
-0.34800004959106445 0.4259999990463257 2.053999900817871
-0.3240000009536743 0.4559999704360962 2.0
-0.04799997806549072 0.630000114440918 1.7540000677108765
0.6960000991821289 0.564000129699707 1.850000023841858
0.7079999446868896 0.4919999837875366 1.843999981880188
-0.37800002098083496 0.34200000762939453 2.1740000247955322
-0.28199994564056396 0.46800005435943604 1.9220000505447388
-0.054000020027160645 0.630000114440918 1.7540000677108765
-0.2999999523162842 0.48000001907348633 1.9520000219345093
-0.04799997806549072 0.624000072479248 1.7480000257492065
0.7139999866485596 0.5039999485015869 1.850000023841858
0.0 0.6419999599456787 1.7300000190734863
0.6960000991821289 0.5759999752044678 1.850000023841858
0.6960000991821289 0.6059999465942383 1.8619999885559082
-0.3059999942779541 0.4739999771118164 1.9580000638961792
-0.37199997901916504 0.4020000696182251 2.1019999980926514
-0.37199997901916504 0.3960000276565552 2.1019999980926514
-0.34800004959106445 0.437999963760376 2.0299999713897705
-0.07200002670288086 0.624000072479248 1.7540000677108765
-0.3240000009536743 0.46800005435943604 1.9760000705718994
-0.38999998569488525 0.33000004291534424 2.2039999961853027
-0.2940000295639038 0.4919999837875366 1.9279999732971191
-0.2879999876022339 0.5280001163482666 1.9279999732971191
-0.312000036239624 0.48000001907348633 1.9520000219345093
-0.34800004959106445 0.4440000057220459 2.0180001258850098
-0.023999929428100586 0.6419999599456787 1.7300000190734863
-0.37199997901916504 0.40799999237060547 2.078000068664551
-0.07200002670288086 0.624000072479248 1.7480000257492065
0.7019999027252197 0.5280001163482666 1.8259999752044678
-0.09000003337860107 0.6119999885559082 1.7540000677108765
-0.28199994564056396 0.4919999837875366 1.9040000438690186
0.6960000991821289 0.5520000457763672 1.8259999752044678
0.7260000705718994 0.5039999485015869 1.843999981880188
0.7320001125335693 0.5039999485015869 1.850000023841858
-0.3960000276565552 0.3240000009536743 2.2039999961853027
-0.3960000276565552 0.34200000762939453 2.180000066757202
-0.3960000276565552 0.3240000009536743 2.197999954223633
-0.37199997901916504 0.4200000762939453 2.059999942779541
0.8039999008178711 0.624000072479248 2.0
0.6960000991821289 0.5759999752044678 1.8259999752044678
-0.34800004959106445 0.4559999704360962 2.0
-0.3960000276565552 0.36600005626678467 2.1500000953674316
-0.3059999942779541 0.4919999837875366 1.9279999732971191
-0.04799997806549072 0.6359999179840088 1.7300000190734863
-0.37199997901916504 0.4259999990463257 2.053999900817871
-0.11399996280670166 -0.0419999361038208 1.9760000705718994
-0.3960000276565552 0.37199997901916504 2.138000011444092
0.7200000286102295 0.5039999485015869 1.8259999752044678
-0.40199995040893555 0.3240000009536743 2.197999954223633
-0.40199995040893555 0.3179999589920044 2.2039999961853027
-0.3960000276565552 0.37800002098083496 2.125999927520752
0.011999964714050293 0.630000114440918 1.694000005722046
0.006000041961669922 0.6419999599456787 1.7000000476837158
-0.34200000762939453 0.46800005435943604 1.9700000286102295
-0.1260000467300415 -0.0419999361038208 1.9760000705718994
-0.312000036239624 0.49800002574920654 1.9220000505447388
-0.37199997901916504 0.437999963760376 2.0299999713897705
-0.3960000276565552 0.4020000696182251 2.1019999980926514
-0.023999929428100586 0.6480000019073486 1.7120000123977661
-0.3960000276565552 0.3960000276565552 2.1019999980926514
-0.2999999523162842 0.5039999485015869 1.9040000438690186
0.6960000991821289 0.5699999332427979 1.8079999685287476
0.7019999027252197 0.5280001163482666 1.8020000457763672
0.809999942779541 0.630000114440918 1.9880000352859497
-0.34800004959106445 0.46800005435943604 1.9760000705718994
0.7079999446868896 0.5039999485015869 1.8020000457763672
0.809999942779541 0.5940001010894775 1.9639999866485596
-0.07200002670288086 0.6359999179840088 1.7300000190734863
0.0 0.6540000438690186 1.7000000476837158
0.8159999847412109 0.5999999046325684 1.9760000705718994
0.7680001258850098 0.6119999885559082 1.9040000438690186
0.7980000972747803 0.6180000305175781 1.9520000219345093
-0.4140000343322754 0.33000004291534424 2.2039999961853027
-0.09599995613098145 -0.07200002670288086 1.9760000705718994
-0.37199997901916504 0.4440000057220459 2.0180001258850098
0.8159999847412109 0.6059999465942383 1.9760000705718994
0.7860000133514404 0.6119999885559082 1.9279999732971191
0.7139999866485596 0.49800002574920654 1.8020000457763672
0.7019999027252197 0.5520000457763672 1.8020000457763672
-0.09000003337860107 -0.06599998474121094 1.9580000638961792
-0.4140000343322754 0.3059999942779541 2.2280001640319824
0.8399999141693115 0.6059999465942383 2.0240001678466797
-0.2879999876022339 0.5160000324249268 1.8799999952316284
-0.3960000276565552 0.40799999237060547 2.078000068664551
-0.09000003337860107 0.624000072479248 1.7300000190734863
-0.3240000009536743 0.5039999485015869 1.9279999732971191
0.6960000991821289 0.5820000171661377 1.8020000457763672
-0.1499999761581421 -0.018000006675720215 1.9520000219345093
-0.12000000476837158 -0.04799997806549072 1.9580000638961792
-0.07200002670288086 -0.09000003337860107 1.9700000286102295
0.8459999561309814 0.6059999465942383 2.0299999713897705
-0.09000003337860107 0.630000114440918 1.7300000190734863
0.75 0.5940001010894775 1.8619999885559082
-0.41999995708465576 0.3539999723434448 2.180000066757202
-0.2879999876022339 0.5220000743865967 1.8739999532699585
0.8399999141693115 0.5880000591278076 2.0
-0.07200002670288086 -0.09599995613098145 1.9760000705718994
0.809999942779541 0.6059999465942383 1.9520000219345093
0.7620000839233398 0.630000114440918 1.8919999599456787
-0.41999995708465576 0.34800004959106445 2.180000066757202
0.8519999980926514 0.5940001010894775 2.0299999713897705
0.7799999713897705 0.6180000305175781 1.909999966621399
-0.40799999237060547 0.4020000696182251 2.1019999980926514
-0.10800004005432129 -0.09000003337860107 2.00600004196167
-0.37199997901916504 0.4559999704360962 2.0
-0.1499999761581421 -0.006000041961669922 1.9279999732971191
-0.023999929428100586 0.6540000438690186 1.7000000476837158
0.75 0.6059999465942383 1.8619999885559082
0.8580000400543213 0.6119999885559082 2.053999900817871
0.7739999294281006 0.630000114440918 1.9040000438690186
-0.3960000276565552 0.4200000762939453 2.053999900817871
-0.3960000276565552 0.4259999990463257 2.053999900817871
0.7139999866485596 0.6059999465942383 1.8200000524520874
-0.34800004959106445 0.48600006103515625 1.9520000219345093
0.8519999980926514 0.6059999465942383 2.0299999713897705
-0.41999995708465576 0.36600005626678467 2.1500000953674316
0.7079999446868896 0.5759999752044678 1.8020000457763672
-0.04799997806549072 0.6480000019073486 1.7059999704360962
-0.1499999761581421 -0.006000041961669922 1.9220000505447388
0.8340001106262207 0.5880000591278076 1.9760000705718994
-0.08399999141693115 -0.09599995613098145 1.9760000705718994
-0.023999929428100586 0.24000000953674316 1.6759999990463257
-0.2999999523162842 0.5280001163482666 1.8799999952316284
-0.41999995708465576 0.37199997901916504 2.131999969482422
0.7320001125335693 0.5880000591278076 1.8259999752044678
0.7260000705718994 0.6059999465942383 1.8259999752044678
0.7439999580383301 0.5699999332427979 1.8320000171661377
-0.41999995708465576 0.37800002098083496 2.125999927520752
-0.2760000228881836 0.5580000877380371 1.8560000658035278
-0.04799997806549072 -0.12000000476837158 1.9760000705718994
0.8280000686645508 0.5999999046325684 1.9639999866485596
0.7079999446868896 0.5039999485015869 1.777999997138977
0.8459999561309814 0.5699999332427979 1.9819999933242798
0.7799999713897705 0.6359999179840088 1.9040000438690186
-0.3240000009536743 0.5099999904632568 1.9040000438690186
0.8039999008178711 0.6180000305175781 1.9279999732971191
-0.04799997806549072 0.6540000438690186 1.7000000476837158
-0.3960000276565552 0.437999963760376 2.0299999713897705
0.7139999866485596 0.49800002574920654 1.777999997138977
-0.1679999828338623 -0.023999929428100586 1.9520000219345093
0.7260000705718994 0.5759999752044678 1.8079999685287476
-0.07799994945526123 -0.10800004005432129 1.9760000705718994
0.75 0.5520000457763672 1.8259999752044678
-0.37199997901916504 0.46800005435943604 1.9760000705718994
-0.41999995708465576 0.3960000276565552 2.1019999980926514
-0.156000018119812 -0.03600001335144043 1.9520000219345093
-0.023999929428100586 0.25199997425079346 1.6640000343322754
0.8039999008178711 0.6180000305175781 1.9220000505447388
-0.14399993419647217 -0.04799997806549072 1.9520000219345093
-0.41999995708465576 0.3960000276565552 2.0959999561309814
0.0 0.6719999313354492 1.6820000410079956
-0.4320000410079956 0.2940000295639038 2.240000009536743
0.8580000400543213 0.5820000171661377 2.0
-0.12000000476837158 -0.07200002670288086 1.9580000638961792
0.75 0.5220000743865967 1.8140000104904175
0.8280000686645508 0.6059999465942383 1.9520000219345093
0.7200000286102295 0.5520000457763672 1.7899999618530273
0.7139999866485596 0.5280001163482666 1.777999997138977
-0.06599998474121094 -0.12000000476837158 1.9760000705718994
-0.17400002479553223 -0.006000041961669922 1.9279999732971191
-0.34800004959106445 0.49800002574920654 1.9279999732971191
0.7139999866485596 0.5039999485015869 1.7719999551773071
-0.09599995613098145 -0.09599995613098145 1.9639999866485596
-0.437999963760376 0.3240000009536743 2.2160000801086426
-0.34800004959106445 0.5039999485015869 1.9279999732971191
0.8039999008178711 0.5339999198913574 1.8799999952316284
-0.437999963760376 0.312000036239624 2.2280001640319824
-0.37199997901916504 0.4739999771118164 1.9639999866485596
-0.03600001335144043 0.25199997425079346 1.6640000343322754
-0.3960000276565552 0.4440000057220459 2.01200008392334
-0.1679999828338623 -0.006000041961669922 1.9160000085830688
-0.41999995708465576 0.40799999237060547 2.078000068664551
-0.3659999370574951 0.48000001907348633 1.9520000219345093
0.7260000705718994 0.5520000457763672 1.7899999618530273
0.7379999160766602 0.5520000457763672 1.8020000457763672
-0.437999963760376 0.2940000295639038 2.251999855041504
0.7200000286102295 0.49800002574920654 1.7719999551773071
-0.07200002670288086 0.6480000019073486 1.7000000476837158
0.7260000705718994 0.5039999485015869 1.777999997138977
-0.10199999809265137 0.6779999732971191 1.7300000190734863
-0.28199994564056396 0.5460000038146973 1.8380000591278076
0.7439999580383301 0.5399999618530273 1.8020000457763672
-0.3240000009536743 0.5220000743865967 1.8860000371932983
-0.07200002670288086 0.6540000438690186 1.7000000476837158
-0.4440000057220459 0.3359999656677246 2.2039999961853027
-0.1499999761581421 -0.04799997806549072 1.940000057220459
-0.3960000276565552 0.4500000476837158 2.0
-0.006000041961669922 0.6779999732971191 1.6759999990463257
0.7260000705718994 0.5280001163482666 1.777999997138977
-0.07200002670288086 -0.12000000476837158 1.9639999866485596
0.7320001125335693 0.49800002574920654 1.777999997138977
0.75 0.5280001163482666 1.8020000457763672
-0.4440000057220459 0.34800004959106445 2.180000066757202
0.8580000400543213 0.5820000171661377 1.9760000705718994
-0.4440000057220459 0.30000007152557373 2.251999855041504
-0.17400002479553223 0.0 1.9040000438690186
-0.4440000057220459 0.34800004959106445 2.1740000247955322
-0.156000018119812 -0.08399999141693115 2.0
-0.41999995708465576 0.4200000762939453 2.053999900817871
-0.41999995708465576 0.4259999990463257 2.053999900817871
-0.3240000009536743 0.5280001163482666 1.8799999952316284
-0.023999929428100586 0.6660001277923584 1.6759999990463257
-0.018000006675720215 0.23399996757507324 1.6519999504089355
0.809999942779541 0.6540000438690186 1.9279999732971191
-0.2999999523162842 0.5399999618530273 1.850000023841858
-0.4440000057220459 0.36600005626678467 2.1500000953674316
-0.1499999761581421 -0.09599995613098145 2.00600004196167
0.8039999008178711 0.6359999179840088 1.9040000438690186
-0.10800004005432129 -0.09599995613098145 1.9520000219345093
-0.10199999809265137 0.6600000858306885 1.7120000123977661
0.8519999980926514 0.5999999046325684 1.9639999866485596
0.8220000267028809 0.630000114440918 1.9279999732971191
-0.029999971389770508 0.24000000953674316 1.6519999504089355
0.8280000686645508 0.6180000305175781 1.9279999732971191
0.875999927520752 0.5820000171661377 2.0
-0.34800004959106445 0.5099999904632568 1.9040000438690186
-0.17400002479553223 0.011999964714050293 1.8799999952316284
-0.1499999761581421 -0.059999942779541016 1.940000057220459
-0.4440000057220459 0.37800002098083496 2.125999927520752
-0.09599995613098145 0.6480000019073486 1.7000000476837158
-0.4440000057220459 0.37199997901916504 2.125999927520752
-0.04799997806549072 -0.1499999761581421 1.9760000705718994
-0.09599995613098145 0.6779999732971191 1.7120000123977661
0.7079999446868896 0.48000001907348633 1.7419999837875366
0.7320001125335693 0.5039999485015869 1.7660000324249268
-0.09599995613098145 0.6540000438690186 1.7000000476837158
-0.1499999761581421 -0.07200002670288086 1.9520000219345093
-0.3960000276565552 0.4620000123977661 1.9760000705718994
0.8280000686645508 0.630000114440918 1.9279999732971191
-0.41999995708465576 0.4320000410079956 2.0299999713897705
-0.1679999828338623 0.024000048637390137 1.8560000658035278
-0.054000020027160645 -0.1499999761581421 1.9760000705718994
-0.0419999361038208 -0.1499999761581421 1.9639999866485596
-0.156000018119812 -0.08399999141693115 1.9760000705718994
0.8280000686645508 0.624000072479248 1.9220000505447388
0.8519999980926514 0.6059999465942383 1.9520000219345093
-0.04799997806549072 0.6660001277923584 1.6759999990463257
-0.4440000057220459 0.38999998569488525 2.1019999980926514
0.8640000820159912 0.564000129699707 1.9520000219345093
0.7260000705718994 0.4919999837875366 1.7540000677108765
-0.1979999542236328 -0.006000041961669922 1.9160000085830688
-0.37199997901916504 0.4919999837875366 1.9279999732971191
-0.14399993419647217 -0.09599995613098145 1.9760000705718994
-0.4320000410079956 0.4259999990463257 2.053999900817871
0.75 0.5039999485015869 1.777999997138977
-0.1799999475479126 -0.07200002670288086 1.9819999933242798
-0.17400002479553223 0.029999971389770508 1.850000023841858
-0.4440000057220459 0.3960000276565552 2.0900001525878906
-0.2940000295639038 0.5520000457763672 1.8259999752044678
-0.1979999542236328 0.0 1.9040000438690186
-0.023999929428100586 0.23399996757507324 1.6399999856948853
0.875999927520752 0.5820000171661377 1.9760000705718994
-0.37199997901916504 0.49800002574920654 1.9220000505447388
-0.16199994087219238 -0.07200002670288086 1.9520000219345093
-0.09599995613098145 -0.12000000476837158 1.9520000219345093
-0.41999995708465576 0.4440000057220459 2.01200008392334
-0.4620000123977661 0.3179999589920044 2.2280001640319824
-0.4620000123977661 0.3240000009536743 2.2160000801086426
0.8280000686645508 0.6540000438690186 1.9279999732971191
-0.018000006675720215 0.6719999313354492 1.6579999923706055
-0.34800004959106445 0.5220000743865967 1.8860000371932983
-0.1979999542236328 -0.023999929428100586 1.9279999732971191
-0.04799997806549072 -0.17400002479553223 2.0
-0.4440000057220459 0.4020000696182251 2.078000068664551
-0.054000020027160645 -0.17400002479553223 2.00600004196167
-0.4500000476837158 0.3840000629425049 2.1019999980926514
-0.3960000276565552 0.4739999771118164 1.9580000638961792
-0.4620000123977661 0.30000007152557373 2.251999855041504
-0.17400002479553223 -0.04799997806549072 1.9279999732971191
-0.4620000123977661 0.34800004959106445 2.1740000247955322
-0.4620000123977661 0.2940000295639038 2.257999897003174
-0.07200002670288086 0.6600000858306885 1.6759999990463257
-0.04799997806549072 -0.16199994087219238 1.9700000286102295
-0.4559999704360962 0.36000001430511475 2.125999927520752
-0.1499999761581421 -0.10199999809265137 1.9760000705718994
-0.16199994087219238 -0.07799994945526123 1.9520000219345093
-0.1979999542236328 0.011999964714050293 1.8799999952316284
-0.41999995708465576 0.4500000476837158 2.0
-0.20399999618530273 -0.023999929428100586 1.9279999732971191
-0.3960000276565552 0.48000001907348633 1.9520000219345093
-0.3240000009536743 0.5399999618530273 1.850000023841858
-0.34800004959106445 0.5280001163482666 1.8799999952316284
-0.4620000123977661 0.3539999723434448 2.1500000953674316
-0.1799999475479126 -0.04799997806549072 1.9279999732971191
-0.10800004005432129 -0.12000000476837158 1.9520000219345093
0.8280000686645508 0.6419999599456787 1.909999966621399
-0.1260000467300415 -0.10800004005432129 1.9520000219345093
-0.029999971389770508 0.23399996757507324 1.6340000629425049
-0.14399993419647217 -0.09599995613098145 1.9520000219345093
-0.4679999351501465 0.34800004959106445 2.180000066757202
-0.04799997806549072 0.6719999313354492 1.6640000343322754
-0.4440000057220459 0.4200000762939453 2.053999900817871
0.875999927520752 0.5999999046325684 1.9639999866485596
-0.07200002670288086 -0.1499999761581421 1.9580000638961792
-0.4559999704360962 0.3539999723434448 2.1019999980926514
-0.17400002479553223 -0.059999942779541016 1.9279999732971191
-0.4440000057220459 0.4200000762939453 2.047999858856201
-0.21599996089935303 0.0 1.9040000438690186
-0.37199997901916504 0.5099999904632568 1.9040000438690186
-0.4739999771118164 0.33000004291534424 2.2280001640319824
-0.4500000476837158 0.34800004959106445 2.078000068664551
-0.4679999351501465 0.2820000648498535 2.2760000228881836
-0.023999929428100586 0.6779999732971191 1.6519999504089355
0.6719999313354492 0.4620000123977661 1.687999963760376
-0.4559999704360962 0.34200000762939453 2.1019999980926514
-0.04799997806549072 -0.17400002479553223 1.9760000705718994
0.8519999980926514 0.624000072479248 1.9279999732971191
-0.1979999542236328 0.024000048637390137 1.8560000658035278
-0.2879999876022339 0.564000129699707 1.8020000457763672
-0.4739999771118164 0.3359999656677246 2.2039999961853027
-0.1979999542236328 0.029999971389770508 1.850000023841858
-0.156000018119812 -0.10199999809265137 1.9639999866485596
0.8519999980926514 0.630000114440918 1.9279999732971191
-0.3240000009536743 0.5460000038146973 1.8380000591278076
0.9119999408721924 0.6059999465942383 2.0420000553131104
-0.054000020027160645 -0.18599998950958252 2.0
-0.4440000057220459 0.33000004291534424 2.053999900817871
-0.4559999704360962 0.37800002098083496 2.078000068664551
0.9000000953674316 0.5940001010894775 2.0
-0.09599995613098145 0.6600000858306885 1.6759999990463257
-0.4559999704360962 0.36600005626678467 2.078000068664551
-0.26999998092651367 0.564000129699707 1.777999997138977
-0.41999995708465576 0.4620000123977661 1.9760000705718994
-0.14399993419647217 -0.09599995613098145 1.934000015258789
-0.20399999618530273 0.029999971389770508 1.850000023841858
-0.4500000476837158 0.34800004959106445 2.059999942779541
0.875999927520752 0.6059999465942383 1.9520000219345093
-0.4440000057220459 0.4320000410079956 2.0299999713897705
-0.48000001907348633 0.34200000762939453 2.2160000801086426
-0.10199999809265137 -0.1380000114440918 1.9520000219345093
-0.48000001907348633 0.33000004291534424 2.2280001640319824
-0.3960000276565552 0.4919999837875366 1.9279999732971191
-0.48000001907348633 0.3240000009536743 2.2280001640319824
-0.437999963760376 0.3179999589920044 2.0299999713897705
-0.19200003147125244 -0.07200002670288086 1.9520000219345093
-0.48000001907348633 0.312000036239624 2.251999855041504
-0.2760000228881836 0.564000129699707 1.777999997138977
0.5039999485015869 -0.19200003147125244 1.9580000638961792
-0.04799997806549072 0.6779999732971191 1.6519999504089355
-0.12000000476837158 -0.12000000476837158 1.934000015258789
-0.09000003337860107 -0.1499999761581421 1.9520000219345093
0.49800002574920654 -0.19200003147125244 1.9520000219345093
-0.48000001907348633 0.2879999876022339 2.2760000228881836
-0.48000001907348633 0.2879999876022339 2.2699999809265137
-0.4440000057220459 0.33000004291534424 2.0299999713897705
-0.4559999704360962 0.36000001430511475 2.053999900817871
-0.3240000009536743 0.5580000877380371 1.8259999752044678
-0.07200002670288086 0.6719999313354492 1.6579999923706055
-0.40199995040893555 0.22800004482269287 1.9760000705718994
-0.1979999542236328 0.03600001335144043 1.8259999752044678
-0.2999999523162842 0.5759999752044678 1.8020000457763672
-0.22200000286102295 0.006000041961669922 1.8799999952316284
-0.41999995708465576 0.4739999771118164 1.9580000638961792
-0.4440000057220459 0.33000004291534424 2.0240001678466797
-0.3960000276565552 0.49800002574920654 1.9160000085830688
0.9000000953674316 0.5940001010894775 1.9760000705718994
-0.4259999990463257 0.2760000228881836 2.0
-0.34800004959106445 0.5399999618530273 1.850000023841858
-0.437999963760376 0.2760000228881836 2.0299999713897705
-0.37199997901916504 0.5220000743865967 1.8799999952316284
-0.1979999542236328 -0.04799997806549072 1.909999966621399
-0.4859999418258667 0.30000007152557373 2.2760000228881836
-0.37199997901916504 0.5280001163482666 1.8799999952316284
0.48000001907348633 -0.19200003147125244 1.9279999732971191
-0.28199994564056396 0.5759999752044678 1.777999997138977
0.5399999618530273 -0.1799999475479126 1.9520000219345093
-0.054000020027160645 -0.1979999542236328 1.99399995803833
-0.41999995708465576 0.48000001907348633 1.9520000219345093
-0.4440000057220459 0.4440000057220459 2.0
-0.4440000057220459 0.4500000476837158 2.0
-0.1979999542236328 -0.06599998474121094 1.9279999732971191
-0.22200000286102295 -0.023999929428100586 1.9040000438690186
-0.21599996089935303 -0.06599998474121094 1.9520000219345093
-0.023999929428100586 0.6840000152587891 1.6340000629425049
0.5520000457763672 -0.1799999475479126 1.9580000638961792
-0.09599995613098145 -0.1499999761581421 1.940000057220459
0.4320000410079956 -0.1979999542236328 1.9040000438690186
-0.2760000228881836 0.5699999332427979 1.7660000324249268
-0.12000000476837158 -0.13199996948242188 1.934000015258789
-0.4259999990463257 0.25199997425079346 2.0
-0.26999998092651367 0.5520000457763672 1.7540000677108765
0.48000001907348633 -0.21000003814697266 1.9520000219345093
-0.07200002670288086 0.6779999732971191 1.6519999504089355
-0.1979999542236328 -0.059999942779541016 1.9160000085830688
-0.22200000286102295 0.024000048637390137 1.850000023841858
-0.25199997425079346 0.6119999885559082 1.7540000677108765
-0.4739999771118164 0.4020000696182251 2.078000068664551
0.5099999904632568 -0.18599998950958252 1.9279999732971191
0.3359999656677246 -0.22200000286102295 1.9040000438690186
-0.3960000276565552 0.5099999904632568 1.9040000438690186
-0.07200002670288086 -0.17400002479553223 1.9520000219345093
0.875999927520752 0.624000072479248 1.9279999732971191
0.3240000009536743 -0.22800004482269287 1.909999966621399
-0.1979999542236328 0.04799997806549072 1.8020000457763672
-0.2580000162124634 0.5099999904632568 1.7300000190734863
-0.4559999704360962 0.3359999656677246 2.0299999713897705
-0.34800004959106445 0.5460000038146973 1.8380000591278076
0.4739999771118164 -0.21599996089935303 1.9520000219345093
-0.41999995708465576 0.25199997425079346 1.9760000705718994
0.875999927520752 0.630000114440918 1.9279999732971191
-0.07799994945526123 -0.17400002479553223 1.9520000219345093
0.5460000038146973 -0.17400002479553223 1.9279999732971191
0.4559999704360962 -0.1979999542236328 1.9040000438690186
-0.14399993419647217 -0.12000000476837158 1.9279999732971191
-0.08399999141693115 0.6779999732971191 1.6519999504089355
-0.1679999828338623 -0.10199999809265137 1.9279999732971191
-0.23399996757507324 -0.023999929428100586 1.9040000438690186
0.21000003814697266 -0.2580000162124634 1.9520000219345093
0.630000114440918 -0.1679999828338623 2.00600004196167
-0.4440000057220459 0.30000007152557373 2.0
-0.09599995613098145 0.6660001277923584 1.6519999504089355
0.8640000820159912 0.6359999179840088 1.9040000438690186
0.4020000696182251 -0.21599996089935303 1.9040000438690186
0.5160000324249268 -0.20399999618530273 1.9520000219345093
0.9000000953674316 0.6059999465942383 1.9520000219345093
-0.1979999542236328 0.054000020027160645 1.7899999618530273
0.5520000457763672 -0.17400002479553223 1.9279999732971191
0.48000001907348633 -0.19200003147125244 1.9040000438690186
0.4259999990463257 -0.21000003814697266 1.9040000438690186
-0.4739999771118164 0.4140000343322754 2.053999900817871
-0.4440000057220459 0.4620000123977661 1.9760000705718994
0.48600006103515625 -0.20399999618530273 1.9279999732971191
-0.04799997806549072 0.6840000152587891 1.6340000629425049
-0.40199995040893555 0.21000003814697266 1.9520000219345093
-0.22200000286102295 0.03600001335144043 1.8259999752044678
-0.41999995708465576 0.25199997425079346 1.9639999866485596
0.4259999990463257 -0.20399999618530273 1.8919999599456787
0.4500000476837158 -0.20399999618530273 1.9040000438690186
-0.4739999771118164 0.37800002098083496 2.053999900817871
0.48000001907348633 -0.18599998950958252 1.8919999599456787
0.3840000629425049 -0.22200000286102295 1.9040000438690186
-0.41999995708465576 0.4919999837875366 1.9279999732971191
-0.07799994945526123 -0.1799999475479126 1.9520000219345093
-0.4440000057220459 0.30000007152557373 1.99399995803833
-0.24599993228912354 0.006000041961669922 1.8799999952316284
-0.21599996089935303 -0.06599998474121094 1.9279999732971191
-0.3960000276565552 0.21599996089935303 1.934000015258789
-0.2760000228881836 0.5820000171661377 1.7540000677108765
0.37800002098083496 -0.22800004482269287 1.909999966621399
-0.24599993228912354 0.630000114440918 1.7419999837875366
-0.3240000009536743 0.5699999332427979 1.8020000457763672
0.9060001373291016 0.6359999179840088 1.9760000705718994
0.40799999237060547 -0.20399999618530273 1.8799999952316284
-0.4739999771118164 0.4200000762939453 2.0420000553131104
0.4320000410079956 -0.1979999542236328 1.8799999952316284
-0.054000020027160645 -0.21000003814697266 1.9819999933242798
0.48000001907348633 -0.20399999618530273 1.9160000085830688
0.5280001163482666 -0.20399999618530273 1.9520000219345093
-0.3240000009536743 0.5759999752044678 1.8020000457763672
-0.4320000410079956 0.2640000581741333 1.9760000705718994
-0.26399993896484375 0.5460000038146973 1.7300000190734863
0.37199997901916504 -0.22800004482269287 1.9040000438690186
-0.34800004959106445 0.5580000877380371 1.8259999752044678
0.46800005435943604 -0.21599996089935303 1.9279999732971191
-0.4500000476837158 0.30000007152557373 2.0
0.624000072479248 -0.1679999828338623 1.9819999933242798
0.5039999485015869 -0.19200003147125244 1.909999966621399
0.4020000696182251 -0.20399999618530273 1.8739999532699585
0.4559999704360962 -0.19200003147125244 1.8799999952316284
-0.26399993896484375 0.5520000457763672 1.7300000190734863
-0.18599998950958252 -0.10199999809265137 1.934000015258789
-0.22200000286102295 -0.04799997806549072 1.9040000438690186
-0.2580000162124634 0.5759999752044678 1.7300000190734863
0.5460000038146973 -0.17400002479553223 1.909999966621399
0.5339999198913574 -0.1799999475479126 1.909999966621399
-0.24599993228912354 0.6119999885559082 1.7300000190734863
-0.25199997425079346 0.5759999752044678 1.7239999771118164
0.5039999485015869 -0.20399999618530273 1.9279999732971191
0.5580000877380371 -0.1679999828338623 1.909999966621399
0.3359999656677246 -0.22200000286102295 1.8799999952316284
-0.1380000114440918 -0.1499999761581421 1.9520000219345093
0.6119999885559082 -0.16199994087219238 1.9520000219345093
-0.22200000286102295 0.054000020027160645 1.8020000457763672
-0.24599993228912354 0.5759999752044678 1.718000054359436
-0.3240000009536743 0.5699999332427979 1.7960000038146973
-0.37199997901916504 0.5399999618530273 1.850000023841858
0.33000004291534424 -0.20399999618530273 1.850000023841858
-0.1499999761581421 -0.12000000476837158 1.9160000085830688
-0.48000001907348633 0.37800002098083496 2.053999900817871
0.37199997901916504 -0.22800004482269287 1.8980000019073486
0.37800002098083496 -0.21599996089935303 1.8799999952316284
-0.4739999771118164 0.4259999990463257 2.0299999713897705
-0.41999995708465576 0.49800002574920654 1.9160000085830688
-0.3960000276565552 0.5220000743865967 1.8799999952316284
-0.22200000286102295 -0.0419999361038208 1.8919999599456787
-0.24599993228912354 0.024000048637390137 1.850000023841858
0.3539999723434448 -0.22200000286102295 1.8799999952316284
0.37800002098083496 -0.1979999542236328 1.850000023841858
0.9119999408721924 0.5999999046325684 1.9520000219345093
0.312000036239624 -0.22800004482269287 1.8799999952316284
0.30000007152557373 -0.21000003814697266 1.850000023841858
0.5280001163482666 -0.20399999618530273 1.940000057220459
0.875999927520752 0.6359999179840088 1.9040000438690186
-0.22200000286102295 0.04799997806549072 1.8020000457763672
-0.22200000286102295 -0.054000020027160645 1.9040000438690186
0.3539999723434448 -0.20399999618530273 1.850000023841858
0.5280001163482666 -0.1979999542236328 1.9279999732971191
0.5759999752044678 -0.17400002479553223 1.9279999732971191
-0.07200002670288086 0.6840000152587891 1.6340000629425049
0.33000004291534424 -0.20399999618530273 1.843999981880188
0.37800002098083496 -0.20399999618530273 1.8560000658035278
0.5520000457763672 -0.1799999475479126 1.9160000085830688
-0.4739999771118164 0.3539999723434448 2.0299999713897705
0.1679999828338623 -0.26999998092651367 1.9580000638961792
-0.25199997425079346 0.5520000457763672 1.7120000123977661
0.20399999618530273 -0.24599993228912354 1.9040000438690186
0.3840000629425049 -0.24599993228912354 1.9279999732971191
-0.4440000057220459 0.4739999771118164 1.9520000219345093
0.33000004291534424 -0.19200003147125244 1.8259999752044678
0.30000007152557373 -0.20399999618530273 1.8380000591278076
-0.3960000276565552 0.5220000743865967 1.8739999532699585
-0.1380000114440918 -0.156000018119812 1.9520000219345093
-0.06599998474121094 -0.1979999542236328 1.9520000219345093
-0.1499999761581421 -0.1260000467300415 1.9160000085830688
-0.4440000057220459 0.48000001907348633 1.9520000219345093
0.4919999837875366 -0.17400002479553223 1.8619999885559082
-0.24000000953674316 0.5520000457763672 1.7000000476837158
-0.41999995708465576 0.22800004482269287 1.9520000219345093
0.18000006675720215 -0.26999998092651367 1.9520000219345093
-0.24599993228912354 0.5280001163482666 1.7000000476837158
-0.24599993228912354 0.024000048637390137 1.843999981880188
0.6419999599456787 -0.16199994087219238 1.9760000705718994
0.8700001239776611 0.630000114440918 1.8860000371932983
0.9000000953674316 0.624000072479248 1.934000015258789
0.20399999618530273 -0.23399996757507324 1.8799999952316284
-0.09599995613098145 0.6600000858306885 1.6340000629425049
0.2940000295639038 -0.1979999542236328 1.8259999752044678
-0.09599995613098145 -0.17400002479553223 1.934000015258789
-0.4440000057220459 0.2760000228881836 1.9760000705718994
0.5759999752044678 -0.17400002479553223 1.9220000505447388
-0.2580000162124634 0.4559999704360962 1.7000000476837158
0.37800002098083496 -0.18599998950958252 1.8259999752044678
0.20399999618530273 -0.25199997425079346 1.909999966621399
0.30000007152557373 -0.1979999542236328 1.8259999752044678
0.4020000696182251 -0.1979999542236328 1.850000023841858
0.8519999980926514 0.6180000305175781 1.850000023841858
0.4259999990463257 -0.19200003147125244 1.850000023841858
0.3539999723434448 -0.19200003147125244 1.8259999752044678
0.2940000295639038 -0.20399999618530273 1.8320000171661377
-0.41999995708465576 0.5039999485015869 1.9040000438690186
0.3539999723434448 -0.17400002479553223 1.8020000457763672
-0.41999995708465576 0.22800004482269287 1.9459999799728394
-0.37199997901916504 0.5460000038146973 1.8380000591278076
0.9300000667572021 0.5999999046325684 1.9760000705718994
-0.4440000057220459 0.2760000228881836 1.9700000286102295
0.3539999723434448 -0.1799999475479126 1.8079999685287476
0.20399999618530273 -0.26399993896484375 1.9279999732971191
0.37800002098083496 -0.1799999475479126 1.8140000104904175
-0.4259999990463257 0.23399996757507324 1.9520000219345093
-0.25199997425079346 0.5280001163482666 1.7000000476837158
0.33000004291534424 -0.1799999475479126 1.8020000457763672
-0.48000001907348633 0.3539999723434448 2.0299999713897705
-0.24599993228912354 0.03600001335144043 1.8259999752044678
0.2879999876022339 -0.1799999475479126 1.7960000038146973
0.4020000696182251 -0.1799999475479126 1.8200000524520874
-0.24000000953674316 0.5520000457763672 1.694000005722046
0.4559999704360962 -0.18599998950958252 1.850000023841858
0.9000000953674316 0.630000114440918 1.9279999732971191
0.30000007152557373 -0.1799999475479126 1.7960000038146973
0.38999998569488525 -0.26399993896484375 1.9520000219345093
-0.24599993228912354 -0.059999942779541016 1.9279999732971191
0.2879999876022339 -0.18599998950958252 1.8020000457763672
-0.2580000162124634 0.5099999904632568 1.7000000476837158
0.4020000696182251 -0.18599998950958252 1.8259999752044678
0.4020000696182251 -0.1679999828338623 1.8020000457763672
0.30000007152557373 -0.18599998950958252 1.8020000457763672
-0.23399996757507324 0.5280001163482666 1.6820000410079956
0.4259999990463257 -0.1799999475479126 1.8259999752044678
0.37800002098083496 -0.17400002479553223 1.8020000457763672
-0.24599993228912354 0.624000072479248 1.718000054359436
0.2820000648498535 -0.1679999828338623 1.777999997138977
-0.4739999771118164 0.4440000057220459 2.0
-0.4500000476837158 0.2760000228881836 1.9760000705718994
0.20399999618530273 -0.22200000286102295 1.850000023841858
-0.4739999771118164 0.4500000476837158 2.0
0.1679999828338623 -0.2760000228881836 1.9520000219345093
-0.07200002670288086 -0.1979999542236328 1.940000057220459
-0.24599993228912354 -0.023999929428100586 1.8799999952316284
-0.1499999761581421 -0.14399993419647217 1.9279999732971191
-0.22200000286102295 0.060000061988830566 1.777999997138977
0.5520000457763672 -0.1979999542236328 1.9279999732971191
0.30000007152557373 -0.1679999828338623 1.777999997138977
0.18000006675720215 -0.24000000953674316 1.8799999952316284
0.20399999618530273 -0.1979999542236328 1.8140000104904175
0.18000006675720215 -0.22200000286102295 1.850000023841858
0.46800005435943604 -0.23399996757507324 1.9279999732971191
-0.20399999618530273 -0.09599995613098145 1.9160000085830688
0.3539999723434448 -0.16199994087219238 1.777999997138977
0.4500000476837158 -0.1799999475479126 1.8320000171661377
0.18000006675720215 -0.25199997425079346 1.8980000019073486
-0.26999998092651367 0.6059999465942383 1.7300000190734863
0.48600006103515625 -0.1799999475479126 1.850000023841858
0.20399999618530273 -0.20399999618530273 1.8200000524520874
-0.3240000009536743 0.5820000171661377 1.777999997138977
-0.4739999771118164 0.33000004291534424 2.00600004196167
-0.26999998092651367 0.0 1.8799999952316284
0.5820000171661377 -0.1979999542236328 1.9520000219345093
-0.34800004959106445 0.5699999332427979 1.8020000457763672
0.4259999990463257 -0.1799999475479126 1.8200000524520874
-0.41999995708465576 0.19200003147125244 1.9520000219345093
0.6059999465942383 -0.1679999828338623 1.9220000505447388
0.18000006675720215 -0.22800004482269287 1.8560000658035278
0.33000004291534424 -0.1679999828338623 1.777999997138977
-0.25199997425079346 0.5039999485015869 1.687999963760376
0.5039999485015869 -0.17400002479553223 1.850000023841858
0.20399999618530273 -0.21000003814697266 1.8259999752044678
0.48000001907348633 -0.1799999475479126 1.843999981880188
0.18000006675720215 -0.26999998092651367 1.9279999732971191
-0.4440000057220459 0.48600006103515625 1.9279999732971191
0.19800007343292236 -0.21000003814697266 1.8259999752044678
-0.1979999542236328 -0.09599995613098145 1.9040000438690186
0.4020000696182251 -0.24599993228912354 1.909999966621399
-0.37199997901916504 0.5520000457763672 1.8259999752044678
0.4620000123977661 -0.17400002479553223 1.8259999752044678
0.18000006675720215 -0.2580000162124634 1.9040000438690186
0.4259999990463257 -0.1679999828338623 1.8020000457763672
-0.49800002574920654 0.4020000696182251 2.053999900817871
0.37800002098083496 -0.156000018119812 1.7719999551773071
-0.24000000953674316 0.5039999485015869 1.6759999990463257
0.1679999828338623 -0.26999998092651367 1.9279999732971191
0.6059999465942383 -0.17400002479553223 1.9279999732971191
0.4020000696182251 -0.156000018119812 1.777999997138977
0.37800002098083496 -0.16199994087219238 1.777999997138977
0.5759999752044678 -0.19200003147125244 1.9279999732971191
-0.23399996757507324 0.5039999485015869 1.6699999570846558
0.4500000476837158 -0.16199994087219238 1.8020000457763672
-0.24599993228912354 0.04799997806549072 1.8020000457763672
-0.24599993228912354 0.48000001907348633 1.6759999990463257
0.19200003147125244 -0.20399999618530273 1.8140000104904175
0.2879999876022339 -0.156000018119812 1.7540000677108765
0.156000018119812 -0.2580000162124634 1.9040000438690186
-0.17400002479553223 -0.12000000476837158 1.9040000438690186
-0.09599995613098145 0.6840000152587891 1.628000020980835
0.6840000152587891 -0.156000018119812 1.9880000352859497
-0.3960000276565552 0.5339999198913574 1.850000023841858
0.5280001163482666 -0.1679999828338623 1.850000023841858
-0.24599993228912354 -0.03600001335144043 1.8799999952316284
0.156000018119812 -0.25199997425079346 1.8919999599456787
-0.054000020027160645 -0.22200000286102295 1.9520000219345093
0.30000007152557373 -0.156000018119812 1.7540000677108765
0.9300000667572021 0.6059999465942383 1.9520000219345093
-0.10199999809265137 0.6779999732971191 1.628000020980835
-0.26999998092651367 -0.054000020027160645 1.934000015258789
-0.12000000476837158 -0.17400002479553223 1.9279999732971191
-0.2580000162124634 -0.023999929428100586 1.8799999952316284
0.37800002098083496 -0.14399993419647217 1.7540000677108765
-0.25199997425079346 -0.059999942779541016 1.9160000085830688
0.3840000629425049 -0.26399993896484375 1.9279999732971191
0.16200006008148193 -0.22800004482269287 1.850000023841858
0.156000018119812 -0.24599993228912354 1.8799999952316284
-0.011999964714050293 0.6600000858306885 1.5800000429153442
-0.4140000343322754 0.19200003147125244 1.9279999732971191
0.5759999752044678 -0.19200003147125244 1.9220000505447388
-0.4440000057220459 0.25199997425079346 1.9520000219345093
-0.26999998092651367 0.018000006675720215 1.850000023841858
0.156000018119812 -0.2760000228881836 1.934000015258789
0.19200003147125244 -0.1979999542236328 1.8020000457763672
-0.41999995708465576 0.5160000324249268 1.8799999952316284
-0.4739999771118164 0.4559999704360962 1.9760000705718994
0.3539999723434448 -0.156000018119812 1.7599999904632568
0.4259999990463257 -0.24599993228912354 1.909999966621399
0.48000001907348633 -0.17400002479553223 1.8259999752044678
0.36000001430511475 -0.1499999761581421 1.7540000677108765
0.21000003814697266 -0.23399996757507324 1.850000023841858
-0.1679999828338623 -0.14399993419647217 1.9279999732971191
0.14400005340576172 -0.24599993228912354 1.8799999952316284
-0.24599993228912354 -0.059999942779541016 1.9040000438690186
-0.24599993228912354 0.04799997806549072 1.7960000038146973
-0.1979999542236328 -0.09599995613098145 1.8919999599456787
-0.17400002479553223 -0.12000000476837158 1.8980000019073486
-0.49800002574920654 0.4200000762939453 2.0360000133514404
0.33000004291534424 -0.156000018119812 1.7540000677108765
-0.41999995708465576 0.20399999618530273 1.9279999732971191
0.6719999313354492 -0.1499999761581421 1.9520000219345093
-0.1799999475479126 -0.12000000476837158 1.9040000438690186
-0.25199997425079346 0.48000001907348633 1.6759999990463257
0.4440000057220459 -0.1499999761581421 1.777999997138977
0.4259999990463257 -0.156000018119812 1.777999997138977
-0.1260000467300415 -0.17400002479553223 1.9279999732971191
-0.22200000286102295 0.07200002670288086 1.7540000677108765
-0.49800002574920654 0.37800002098083496 2.0360000133514404
-0.4440000057220459 0.25199997425079346 1.9459999799728394
0.09000003337860107 -0.26999998092651367 1.940000057220459
0.9360001087188721 0.5999999046325684 1.9520000219345093
0.30000007152557373 -0.156000018119812 1.7480000257492065
-0.49800002574920654 0.4259999990463257 2.0299999713897705
-0.2580000162124634 0.4320000410079956 1.6759999990463257
-0.24599993228912354 -0.054000020027160645 1.8919999599456787
-0.09599995613098145 0.6840000152587891 1.621999979019165
0.4500000476837158 -0.1499999761581421 1.777999997138977
0.156000018119812 -0.22800004482269287 1.843999981880188
0.4020000696182251 -0.14399993419647217 1.7540000677108765
-0.26999998092651367 0.024000048637390137 1.8380000591278076
-0.2580000162124634 0.4500000476837158 1.6759999990463257
0.156000018119812 -0.21599996089935303 1.8259999752044678
0.4500000476837158 -0.156000018119812 1.784000039100647
-0.41999995708465576 0.20399999618530273 1.9220000505447388
-0.2999999523162842 0.5999999046325684 1.7419999837875366
-0.2760000228881836 -0.011999964714050293 1.8799999952316284
0.6359999179840088 -0.16199994087219238 1.9220000505447388
-0.25199997425079346 0.38999998569488525 1.6699999570846558
0.4259999990463257 -0.1380000114440918 1.7540000677108765
0.6540000438690186 -0.1499999761581421 1.9220000505447388
-0.006000041961669922 0.630000114440918 1.562000036239624
-0.34800004959106445 0.5699999332427979 1.784000039100647
-0.4500000476837158 0.25199997425079346 1.9520000219345093
-0.22800004482269287 0.48000001907348633 1.6519999504089355
-0.24599993228912354 0.630000114440918 1.7000000476837158
0.5099999904632568 -0.1679999828338623 1.8259999752044678
0.48000001907348633 -0.16199994087219238 1.8020000457763672
-0.2879999876022339 0.0 1.8799999952316284
0.48000001907348633 -0.24599993228912354 1.9279999732971191
-0.17400002479553223 -0.13199996948242188 1.9040000438690186
-0.24599993228912354 0.060000061988830566 1.777999997138977
-0.09599995613098145 -0.1979999542236328 1.9279999732971191
0.37800002098083496 -0.13199996948242188 1.7300000190734863
0.09599995613098145 -0.28199994564056396 1.9520000219345093
-0.41999995708465576 0.5220000743865967 1.8680000305175781
-0.4440000057220459 0.49800002574920654 1.9040000438690186
0.1260000467300415 -0.26399993896484375 1.9040000438690186
0.1260000467300415 -0.2879999876022339 1.9520000219345093
-0.26999998092651367 0.029999971389770508 1.8259999752044678
-0.22200000286102295 0.07800006866455078 1.7419999837875366
-0.4859999418258667 0.3240000009536743 2.0
0.630000114440918 -0.17400002479553223 1.9279999732971191
-0.4440000057220459 0.5039999485015869 1.9040000438690186
0.6840000152587891 -0.1499999761581421 1.9520000219345093
0.156000018119812 -0.20399999618530273 1.8020000457763672
0.48000001907348633 -0.156000018119812 1.7899999618530273
-0.4739999771118164 0.30000007152557373 1.9760000705718994
0.1260000467300415 -0.25199997425079346 1.8799999952316284
0.5039999485015869 -0.25199997425079346 1.9520000219345093
0.6719999313354492 -0.1499999761581421 1.934000015258789
-0.25199997425079346 0.4500000476837158 1.6640000343322754
-0.006000041961669922 0.624000072479248 1.555999994277954
-0.054000020027160645 -0.24599993228912354 1.9760000705718994
0.1260000467300415 -0.23399996757507324 1.850000023841858
0.36600005626678467 -0.1380000114440918 1.7300000190734863
0.2760000228881836 -0.1499999761581421 1.7300000190734863
0.1260000467300415 -0.2760000228881836 1.9220000505447388
0.2760000228881836 -0.156000018119812 1.7360000610351562
-0.4320000410079956 0.21000003814697266 1.9279999732971191
-0.34800004959106445 0.5759999752044678 1.777999997138977
0.6059999465942383 -0.19200003147125244 1.9279999732971191
0.34200000762939453 -0.14399993419647217 1.7300000190734863
0.4500000476837158 -0.1380000114440918 1.7540000677108765
0.19200003147125244 -0.19200003147125244 1.777999997138977
0.9360001087188721 0.6119999885559082 1.940000057220459
0.5099999904632568 -0.24599993228912354 1.940000057220459
0.1260000467300415 -0.22800004482269287 1.8380000591278076
-0.07200002670288086 -0.22200000286102295 1.940000057220459
-0.4739999771118164 0.4739999771118164 1.9520000219345093
-0.24000000953674316 0.4500000476837158 1.6519999504089355
0.4919999837875366 -0.14399993419647217 1.777999997138977
0.10199999809265137 -0.2879999876022339 1.9520000219345093
0.630000114440918 -0.19200003147125244 1.9520000219345093
0.13199996948242188 -0.20399999618530273 1.8020000457763672
0.4020000696182251 -0.13199996948242188 1.7300000190734863
-0.37199997901916504 0.564000129699707 1.8020000457763672
-0.10199999809265137 0.6540000438690186 1.6039999723434448
0.10800004005432129 -0.25199997425079346 1.8799999952316284
-0.49800002574920654 0.3539999723434448 2.01200008392334
-0.3240000009536743 0.5940001010894775 1.7540000677108765
-0.09599995613098145 0.6059999465942383 1.5859999656677246
0.5399999618530273 -0.16199994087219238 1.8259999752044678
0.3179999589920044 -0.1499999761581421 1.7300000190734863
0.1260000467300415 -0.28199994564056396 1.9279999732971191
-0.10800004005432129 -0.1979999542236328 1.9279999732971191
0.6779999732971191 -0.1499999761581421 1.934000015258789
0.4259999990463257 -0.1260000467300415 1.7300000190734863
0.5039999485015869 -0.156000018119812 1.7960000038146973
0.9300000667572021 0.630000114440918 1.934000015258789
0.1260000467300415 -0.22200000286102295 1.8259999752044678
0.5039999485015869 -0.16199994087219238 1.8020000457763672
-0.22800004482269287 0.4500000476837158 1.6399999856948853
-0.4739999771118164 0.4739999771118164 1.9459999799728394
-0.49800002574920654 0.4440000057220459 2.0
-0.3960000276565552 0.5460000038146973 1.8259999752044678
-0.49800002574920654 0.4500000476837158 2.0
0.38999998569488525 -0.26999998092651367 1.909999966621399
-0.2999999523162842 0.6059999465942383 1.7300000190734863
-0.10199999809265137 0.6779999732971191 1.6100000143051147
0.46800005435943604 -0.24599993228912354 1.9040000438690186
0.4500000476837158 -0.1260000467300415 1.7360000610351562
-0.4140000343322754 0.18000006675720215 1.9040000438690186
-0.24599993228912354 0.4320000410079956 1.6519999504089355
0.5580000877380371 -0.156000018119812 1.8259999752044678
0.1679999828338623 -0.20399999618530273 1.7899999618530273
0.48000001907348633 -0.13199996948242188 1.7540000677108765
-0.3960000276565552 0.5520000457763672 1.8259999752044678
0.48000001907348633 -0.24599993228912354 1.909999966621399
0.5039999485015869 -0.14399993419647217 1.777999997138977
-0.25199997425079346 0.36600005626678467 1.6579999923706055
-0.5040000081062317 0.3539999723434448 2.0180001258850098
-0.49800002574920654 0.4440000057220459 1.99399995803833
0.10800004005432129 -0.22200000286102295 1.8259999752044678
-0.26999998092651367 0.04200005531311035 1.8020000457763672
0.4559999704360962 -0.12000000476837158 1.7300000190734863
-0.5099999904632568 0.37800002098083496 2.0299999713897705
0.4020000696182251 -0.1260000467300415 1.718000054359436
0.7139999866485596 -0.1499999761581421 1.9760000705718994
0.10199999809265137 -0.25199997425079346 1.8739999532699585
-0.4440000057220459 0.22800004482269287 1.9279999732971191
0.1260000467300415 -0.20399999618530273 1.7960000038146973
0.10199999809265137 -0.28199994564056396 1.9279999732971191
0.10199999809265137 -0.2760000228881836 1.9160000085830688
-0.26999998092651367 -0.023999929428100586 1.8619999885559082
0.5399999618530273 -0.24599993228912354 1.9520000219345093
0.10199999809265137 -0.26999998092651367 1.9040000438690186
-0.25199997425079346 0.624000072479248 1.687999963760376
-0.2760000228881836 -0.054000020027160645 1.9040000438690186
-0.24599993228912354 0.07200002670288086 1.7540000677108765
0.630000114440918 -0.18599998950958252 1.9279999732971191
0.5280001163482666 -0.156000018119812 1.8020000457763672
0.1679999828338623 -0.1979999542236328 1.777999997138977
-0.1979999542236328 -0.14399993419647217 1.9279999732971191
0.09599995613098145 -0.28199994564056396 1.9279999732971191
0.07200002670288086 -0.26399993896484375 1.9040000438690186
-0.21599996089935303 -0.09599995613098145 1.8799999952316284
0.9600000381469727 0.6119999885559082 1.9760000705718994
-0.22800004482269287 0.4259999990463257 1.6340000629425049
-0.26399993896484375 -0.054000020027160645 1.8860000371932983
0.1260000467300415 -0.19200003147125244 1.777999997138977
0.2760000228881836 -0.13199996948242188 1.7000000476837158
-0.25199997425079346 0.4200000762939453 1.6519999504089355
-0.25199997425079346 0.4259999990463257 1.6519999504089355
0.10199999809265137 -0.22800004482269287 1.8320000171661377
0.7019999027252197 -0.1499999761581421 1.9520000219345093
0.10199999809265137 -0.24000000953674316 1.850000023841858
-0.49800002574920654 0.33000004291534424 2.0
-0.41999995708465576 0.5339999198913574 1.850000023841858
0.48000001907348633 -0.1260000467300415 1.7419999837875366
-0.054000020027160645 -0.24599993228912354 1.9520000219345093
-0.156000018119812 -0.16199994087219238 1.9040000438690186
0.4020000696182251 -0.26999998092651367 1.9040000438690186
-0.22200000286102295 0.4259999990463257 1.628000020980835
-0.22200000286102295 0.4140000343322754 1.628000020980835
-0.10199999809265137 -0.21000003814697266 1.9279999732971191
-0.5220000147819519 0.4020000696182251 2.053999900817871
0.6600000858306885 -0.1380000114440918 1.8799999952316284
-0.26999998092651367 0.624000072479248 1.7000000476837158
-0.5220000147819519 0.3960000276565552 2.053999900817871
-0.2760000228881836 -0.054000020027160645 1.8980000019073486
-0.26999998092651367 -0.029999971389770508 1.8619999885559082
0.5820000171661377 -0.1499999761581421 1.8259999752044678
0.6540000438690186 -0.17400002479553223 1.9279999732971191
0.37800002098083496 -0.1260000467300415 1.7059999704360962
-0.22200000286102295 -0.13199996948242188 1.934000015258789
0.7139999866485596 -0.156000018119812 1.9760000705718994
-0.1979999542236328 -0.12000000476837158 1.8860000371932983
-0.2999999523162842 0.018000006675720215 1.850000023841858
-0.22800004482269287 -0.09000003337860107 1.8799999952316284
-0.08399999141693115 0.5399999618530273 1.555999994277954
-0.24599993228912354 0.07200002670288086 1.7480000257492065
-0.26999998092651367 -0.04799997806549072 1.8799999952316284
-0.26999998092651367 0.630000114440918 1.7000000476837158
-0.4440000057220459 0.5160000324249268 1.8799999952316284
0.5520000457763672 -0.24599993228912354 1.9520000219345093
0.9419999122619629 0.5880000591278076 1.9160000085830688
0.5339999198913574 -0.1380000114440918 1.777999997138977
0.10199999809265137 -0.21000003814697266 1.8020000457763672
0.07800006866455078 -0.26999998092651367 1.9040000438690186
0.09000003337860107 -0.2760000228881836 1.909999966621399
0.36000001430511475 -0.1260000467300415 1.7000000476837158
-0.14399993419647217 -0.17400002479553223 1.9040000438690186
0.5039999485015869 -0.13199996948242188 1.7540000677108765
0.0 0.564000129699707 1.5260000228881836
-0.4859999418258667 0.30000007152557373 1.9700000286102295
-0.4739999771118164 0.48600006103515625 1.9279999732971191
-0.4739999771118164 0.2760000228881836 1.9520000219345093
0.9479999542236328 0.5940001010894775 1.9279999732971191
0.6600000858306885 -0.1380000114440918 1.8739999532699585
0.5520000457763672 -0.156000018119812 1.8079999685287476
0.48000001907348633 -0.12000000476837158 1.7300000190734863
-0.4259999990463257 0.18599998950958252 1.9040000438690186
0.07800006866455078 -0.2580000162124634 1.8799999952316284
0.6660001277923584 -0.18599998950958252 1.9580000638961792
0.6059999465942383 -0.14399993419647217 1.8320000171661377
-0.49800002574920654 0.4559999704360962 1.9760000705718994
0.7260000705718994 -0.1499999761581421 1.9760000705718994
0.07800006866455078 -0.24000000953674316 1.850000023841858
-0.515999972820282 0.3539999723434448 2.0299999713897705
0.34200000762939453 -0.13199996948242188 1.7000000476837158
0.09000003337860107 -0.21000003814697266 1.8020000457763672
-0.24599993228912354 0.630000114440918 1.6759999990463257
0.07800006866455078 -0.25199997425079346 1.8680000305175781
0.10199999809265137 -0.20399999618530273 1.7899999618530273
-0.515999972820282 0.34800004959106445 2.0299999713897705
-0.37199997901916504 0.5699999332427979 1.784000039100647
-0.4620000123977661 0.5039999485015869 1.9040000438690186
0.5460000038146973 -0.24000000953674316 1.9279999732971191
-0.26999998092651367 0.04799997806549072 1.784000039100647
0.07200002670288086 -0.2580000162124634 1.8799999952316284
-0.5040000081062317 0.33000004291534424 2.0
0.1260000467300415 -0.1799999475479126 1.7540000677108765
-0.1979999542236328 -0.1380000114440918 1.9040000438690186
0.4259999990463257 -0.26999998092651367 1.9040000438690186
0.312000036239624 -0.1380000114440918 1.7000000476837158
0.6540000438690186 -0.1799999475479126 1.9279999732971191
0.4020000696182251 -0.12000000476837158 1.7000000476837158
-0.054000020027160645 -0.26399993896484375 1.9760000705718994
-0.09599995613098145 0.6359999179840088 1.5800000429153442
-0.26999998092651367 0.054000020027160645 1.777999997138977
-0.5460000038146973 0.34800004959106445 2.1500000953674316
-0.2760000228881836 -0.04799997806549072 1.8799999952316284
-0.41999995708465576 0.18000006675720215 1.8919999599456787
-0.09000003337860107 0.5520000457763672 1.555999994277954
0.9539999961853027 0.6059999465942383 1.940000057220459
0.7620000839233398 -0.1499999761581421 2.0360000133514404
0.7439999580383301 -0.1499999761581421 2.0
-0.006000041961669922 0.5999999046325684 1.5320000648498535
0.5039999485015869 -0.1260000467300415 1.7419999837875366
-0.12000000476837158 -0.1979999542236328 1.909999966621399
0.5280001163482666 -0.1260000467300415 1.7540000677108765
-0.527999997138977 0.37800002098083496 2.053999900817871
-0.09599995613098145 -0.22200000286102295 1.9279999732971191
-0.5220000147819519 0.4200000762939453 2.0299999713897705
0.5520000457763672 -0.24000000953674316 1.9279999732971191
-0.5220000147819519 0.4259999990463257 2.0299999713897705
0.9539999961853027 0.5999999046325684 1.934000015258789
0.18599998950958252 -0.19200003147125244 1.7540000677108765
0.07800006866455078 -0.22800004482269287 1.8259999752044678
0.10199999809265137 -0.1979999542236328 1.777999997138977
-0.19200003147125244 -0.1380000114440918 1.8919999599456787
-0.4559999704360962 0.22800004482269287 1.9279999732971191
0.7079999446868896 -0.1499999761581421 1.940000057220459
0.4320000410079956 -0.11399996280670166 1.7000000476837158
-0.006000041961669922 0.6059999465942383 1.5320000648498535
-0.22200000286102295 -0.09599995613098145 1.8680000305175781
-0.5339999794960022 0.3539999723434448 2.078000068664551
-0.25199997425079346 0.630000114440918 1.6759999990463257
-0.006000041961669922 0.630000114440918 1.5379999876022339
-0.2999999523162842 0.029999971389770508 1.8259999752044678
-0.22800004482269287 0.4020000696182251 1.621999979019165
-0.527999997138977 0.3539999723434448 2.053999900817871
-0.48000001907348633 0.2760000228881836 1.9520000219345093
-0.25199997425079346 0.4020000696182251 1.6399999856948853
0.5520000457763672 -0.1380000114440918 1.777999997138977
-0.24599993228912354 0.08399999141693115 1.7300000190734863
0.1260000467300415 -0.1799999475479126 1.7480000257492065
-0.5460000038146973 0.34800004959106445 2.131999969482422
0.07200002670288086 -0.25199997425079346 1.8619999885559082
0.0 0.5940001010894775 1.5260000228881836
-0.34800004959106445 0.5880000591278076 1.7540000677108765
-0.09599995613098145 0.630000114440918 1.5740000009536743
-0.5460000038146973 0.3539999723434448 2.125999927520752
-0.37199997901916504 0.5759999752044678 1.777999997138977
-0.09599995613098145 -0.22200000286102295 1.9220000505447388
-0.527999997138977 0.34200000762939453 2.053999900817871
0.4559999704360962 -0.10800004005432129 1.7000000476837158
-0.10199999809265137 0.6419999599456787 1.5800000429153442
0.5160000324249268 -0.24599993228912354 1.9040000438690186
-0.22200000286102295 0.4020000696182251 1.6160000562667847
0.006000041961669922 0.630000114440918 1.5320000648498535
-0.3240000009536743 0.5999999046325684 1.7300000190734863
-0.2999999523162842 -0.04799997806549072 1.9040000438690186
0.3539999723434448 -0.1260000467300415 1.687999963760376
0.38999998569488525 -0.2999999523162842 1.934000015258789
0.4500000476837158 -0.26999998092651367 1.9040000438690186
0.17400002479553223 -0.17400002479553223 1.7300000190734863
0.08399999141693115 -0.1979999542236328 1.777999997138977
0.5039999485015869 -0.12000000476837158 1.7300000190734863
-0.24000000953674316 0.4020000696182251 1.628000020980835
0.5280001163482666 -0.1260000467300415 1.7480000257492065
0.7680001258850098 -0.13199996948242188 1.99399995803833
0.2640000581741333 -0.1499999761581421 1.7000000476837158
-0.1499999761581421 -0.17400002479553223 1.8919999599456787
-0.2999999523162842 0.024000048637390137 1.8259999752044678
-0.3960000276565552 0.564000129699707 1.8020000457763672
-0.3240000009536743 0.6059999465942383 1.7300000190734863
0.0 0.6059999465942383 1.5260000228881836
-0.4440000057220459 0.5220000743865967 1.8619999885559082
-0.49800002574920654 0.30000007152557373 1.9760000705718994
0.156000018119812 -0.156000018119812 1.7120000123977661
-0.5339999794960022 0.4020000696182251 2.053999900817871
-0.5099999904632568 0.3179999589920044 2.0
0.9539999961853027 0.630000114440918 1.940000057220459
0.1260000467300415 -0.1679999828338623 1.7300000190734863
0.5759999752044678 -0.1499999761581421 1.8020000457763672
-0.5399999618530273 0.37800002098083496 2.078000068664551
0.6779999732971191 -0.18599998950958252 1.9520000219345093
0.2760000228881836 -0.1260000467300415 1.6759999990463257
0.7260000705718994 -0.16199994087219238 1.9760000705718994
0.7320001125335693 -0.14399993419647217 1.9520000219345093
-0.09000003337860107 0.5880000591278076 1.555999994277954
-0.5220000147819519 0.3240000009536743 2.0299999713897705
0.060000061988830566 -0.24599993228912354 1.850000023841858
0.07800006866455078 -0.20399999618530273 1.784000039100647
-0.054000020027160645 -0.26999998092651367 1.9700000286102295
0.10199999809265137 -0.18599998950958252 1.7540000677108765
0.1679999828338623 -0.1979999542236328 1.7540000677108765
0.6779999732971191 -0.17400002479553223 1.9279999732971191
-0.49800002574920654 0.46800005435943604 1.9520000219345093
-0.49800002574920654 0.2879999876022339 1.9760000705718994
-0.2879999876022339 0.630000114440918 1.7000000476837158
0.18000006675720215 -0.1499999761581421 1.7000000476837158
0.18000006675720215 -0.156000018119812 1.7059999704360962
-0.5460000038146973 0.36000001430511475 2.1019999980926514
-0.4440000057220459 0.20399999618530273 1.9040000438690186
0.630000114440918 -0.1380000114440918 1.8259999752044678
0.5280001163482666 -0.24599993228912354 1.9040000438690186
-0.26399993896484375 -0.08399999141693115 1.8919999599456787
0.48600006103515625 -0.10199999809265137 1.7000000476837158
-0.25199997425079346 0.37800002098083496 1.6340000629425049
-0.41999995708465576 0.5460000038146973 1.8259999752044678
-0.22200000286102295 -0.13199996948242188 1.9040000438690186
0.37800002098083496 -0.11399996280670166 1.6759999990463257
-0.5519999861717224 0.34800004959106445 2.131999969482422
0.5280001163482666 -0.11399996280670166 1.7300000190734863
-0.4739999771118164 0.49800002574920654 1.9040000438690186
0.3539999723434448 -0.12000000476837158 1.6759999990463257
0.3179999589920044 -0.1260000467300415 1.6759999990463257
-0.5040000081062317 0.30000007152557373 1.9819999933242798
-0.41999995708465576 0.5520000457763672 1.8259999752044678
-0.4739999771118164 0.25199997425079346 1.934000015258789
-0.5519999861717224 0.3539999723434448 2.125999927520752
-0.07799994945526123 0.4919999837875366 1.5320000648498535
-0.24599993228912354 0.37800002098083496 1.628000020980835
0.006000041961669922 0.6059999465942383 1.5199999809265137
0.060000061988830566 -0.21599996089935303 1.8020000457763672
-0.41999995708465576 0.1679999828338623 1.8799999952316284
0.5039999485015869 -0.10199999809265137 1.7059999704360962
0.04200005531311035 -0.22800004482269287 1.8259999752044678
-0.26999998092651367 0.06599998474121094 1.7540000677108765
0.5520000457763672 -0.1260000467300415 1.7540000677108765
-0.3059999942779541 0.25199997425079346 1.7000000476837158
0.054000020027160645 -0.22800004482269287 1.8200000524520874
0.156000018119812 -0.1499999761581421 1.7000000476837158
-0.24000000953674316 0.6180000305175781 1.6519999504089355
0.33000004291534424 -0.1260000467300415 1.6759999990463257
0.564000129699707 -0.12000000476837158 1.7540000677108765
-0.1799999475479126 -0.156000018119812 1.8860000371932983
-0.07200002670288086 -0.24599993228912354 1.9279999732971191
0.5880000591278076 -0.23399996757507324 1.9279999732971191
0.10199999809265137 -0.1799999475479126 1.7419999837875366
-0.5579999685287476 0.2879999876022339 2.2280001640319824
0.18000006675720215 -0.20399999618530273 1.7540000677108765
-0.312000036239624 0.24600005149841309 1.7059999704360962
-0.5220000147819519 0.4440000057220459 2.0
0.9720001220703125 0.6059999465942383 1.9520000219345093
-0.5099999904632568 0.2820000648498535 2.0
0.4140000343322754 -0.10800004005432129 1.6759999990463257
0.054000020027160645 -0.23399996757507324 1.8259999752044678
0.006000041961669922 0.5220000743865967 1.5019999742507935
-0.41999995708465576 0.5460000038146973 1.8200000524520874
-0.4739999771118164 0.49800002574920654 1.8980000019073486
-0.22200000286102295 -0.12000000476837158 1.8799999952316284
0.6779999732971191 -0.1799999475479126 1.9279999732971191
0.07800006866455078 -0.18599998950958252 1.7540000677108765
-0.1499999761581421 0.6660001277923584 1.6039999723434448
0.7680001258850098 -0.12000000476837158 1.9520000219345093
0.48000001907348633 -0.26999998092651367 1.9040000438690186
-0.14399993419647217 -0.22200000286102295 1.9520000219345093
-0.4440000057220459 0.5280001163482666 1.850000023841858
-0.49800002574920654 0.4739999771118164 1.940000057220459
-0.14399993419647217 -0.22800004482269287 1.9639999866485596
-0.5519999861717224 0.37199997901916504 2.1019999980926514
-0.5640000104904175 0.33000004291534424 2.2039999961853027
-0.1979999542236328 -0.16199994087219238 1.909999966621399
-0.5220000147819519 0.4440000057220459 1.99399995803833
-0.09599995613098145 0.6059999465942383 1.555999994277954
-0.22800004482269287 0.37800002098083496 1.6100000143051147
0.5280001163482666 -0.10199999809265137 1.7120000123977661
-0.2999999523162842 0.03600001335144043 1.8020000457763672
0.75 -0.1380000114440918 1.9520000219345093
-0.22200000286102295 -0.11399996280670166 1.8680000305175781
0.1260000467300415 -0.1499999761581421 1.7000000476837158
0.1260000467300415 -0.156000018119812 1.7059999704360962
0.5520000457763672 -0.24599993228912354 1.909999966621399
0.4259999990463257 -0.10800004005432129 1.6759999990463257
-0.2999999523162842 0.624000072479248 1.7000000476837158
0.10199999809265137 -0.17400002479553223 1.7300000190734863
0.16200006008148193 -0.13199996948242188 1.6759999990463257
-0.24599993228912354 0.09599995613098145 1.7059999704360962
-0.25199997425079346 0.3539999723434448 1.628000020980835
-0.22200000286102295 0.37800002098083496 1.6039999723434448
-0.14399993419647217 -0.1979999542236328 1.9040000438690186
-0.26999998092651367 0.07200002670288086 1.7419999837875366
0.04799997806549072 -0.22800004482269287 1.8140000104904175
-0.24000000953674316 -0.1260000467300415 1.9040000438690186
0.5759999752044678 -0.12000000476837158 1.7540000677108765
0.48000001907348633 -0.10199999809265137 1.687999963760376
0.7680001258850098 -0.12000000476837158 1.9459999799728394
-0.12000000476837158 0.6540000438690186 1.5800000429153442
-0.5040000081062317 0.2760000228881836 1.9760000705718994
0.5759999752044678 -0.1260000467300415 1.7599999904632568
-0.22200000286102295 0.36600005626678467 1.6039999723434448
-0.08399999141693115 -0.24599993228912354 1.9279999732971191
-0.22200000286102295 -0.1260000467300415 1.8799999952316284
0.4500000476837158 -0.10199999809265137 1.6759999990463257
0.5220000743865967 -0.09599995613098145 1.7000000476837158
0.5580000877380371 -0.10800004005432129 1.7300000190734863
0.054000020027160645 -0.20399999618530273 1.777999997138977
0.17400002479553223 -0.21000003814697266 1.7540000677108765
-0.17400002479553223 -0.156000018119812 1.8680000305175781
0.22800004482269287 -0.11399996280670166 1.6519999504089355
-0.22800004482269287 -0.1260000467300415 1.8860000371932983
-0.24599993228912354 0.10199999809265137 1.7000000476837158
-0.1499999761581421 0.6779999732971191 1.6039999723434448
0.2940000295639038 -0.1260000467300415 1.6640000343322754
0.5759999752044678 -0.14399993419647217 1.777999997138977
-0.5699999928474426 0.33000004291534424 2.240000009536743
-0.24599993228912354 0.630000114440918 1.6519999504089355
0.30000007152557373 -0.1260000467300415 1.6640000343322754
-0.12000000476837158 -0.22200000286102295 1.9160000085830688
-0.4919999837875366 0.2580000162124634 1.9520000219345093
-0.25199997425079346 0.33000004291534424 1.628000020980835
0.04799997806549072 -0.22200000286102295 1.8020000457763672
-0.4679999351501465 0.22800004482269287 1.9160000085830688
0.20399999618530273 -0.11399996280670166 1.6519999504089355
-0.23399996757507324 0.5820000171661377 1.628000020980835
-0.07799994945526123 0.5160000324249268 1.5260000228881836
0.6119999885559082 -0.14399993419647217 1.8020000457763672
-0.2999999523162842 -0.023999929428100586 1.850000023841858
-0.4859999418258667 0.25199997425079346 1.940000057220459
0.0 0.5520000457763672 1.5019999742507935
-0.5640000104904175 0.34800004959106445 2.1500000953674316
-0.17400002479553223 0.6419999599456787 1.6039999723434448
0.5280001163482666 -0.09599995613098145 1.7000000476837158
-0.1260000467300415 0.6540000438690186 1.5800000429153442
-0.3059999942779541 -0.018000006675720215 1.850000023841858
0.7320001125335693 -0.1499999761581421 1.934000015258789
0.37800002098083496 -0.10800004005432129 1.6579999923706055
0.011999964714050293 0.5759999752044678 1.5019999742507935
-0.49800002574920654 0.48000001907348633 1.9279999732971191
0.7200000286102295 -0.1799999475479126 1.9700000286102295
-0.25199997425079346 0.3179999589920044 1.628000020980835
0.6059999465942383 -0.23399996757507324 1.9279999732971191
-0.2999999523162842 0.624000072479248 1.694000005722046
-0.09599995613098145 0.6059999465942383 1.5499999523162842
-0.5040000081062317 0.26999998092651367 1.9700000286102295
0.9720001220703125 0.6359999179840088 1.9520000219345093
0.4020000696182251 -0.10199999809265137 1.6579999923706055
-0.5040000081062317 0.2580000162124634 1.9760000705718994
0.1679999828338623 -0.19200003147125244 1.7300000190734863
-0.2999999523162842 0.25199997425079346 1.6820000410079956
0.07800006866455078 -0.17400002479553223 1.7300000190734863
-0.10800004005432129 0.630000114440918 1.562000036239624
0.3960000276565552 -0.2999999523162842 1.9040000438690186
0.624000072479248 -0.24000000953674316 1.9580000638961792
0.07800006866455078 -0.1799999475479126 1.7360000610351562
-0.5699999928474426 0.312000036239624 2.2280001640319824
-0.33000004291534424 0.22800004482269287 1.718000054359436
-0.2999999523162842 0.054000020027160645 1.777999997138977
-0.1499999761581421 0.6180000305175781 1.5800000429153442
-0.16199994087219238 0.6540000438690186 1.5980000495910645
0.5039999485015869 -0.26999998092651367 1.9040000438690186
0.4020000696182251 -0.2999999523162842 1.9040000438690186
-0.5220000147819519 0.4559999704360962 1.9760000705718994
0.2580000162124634 -0.12000000476837158 1.6519999504089355
-0.26999998092651367 0.07800006866455078 1.7300000190734863
-0.5699999928474426 0.3179999589920044 2.2039999961853027
0.7799999713897705 -0.12000000476837158 1.9520000219345093
0.7019999027252197 -0.17400002479553223 1.9279999732971191
-0.2999999523162842 -0.023999929428100586 1.843999981880188
0.2760000228881836 -0.12000000476837158 1.6519999504089355
-0.5699999928474426 0.3240000009536743 2.191999912261963
0.18000006675720215 -0.1799999475479126 1.7120000123977661
-0.37199997901916504 0.5880000591278076 1.7540000677108765
-0.3960000276565552 0.5699999332427979 1.777999997138977
-0.17400002479553223 0.6540000438690186 1.6039999723434448
-0.5040000081062317 0.24600005149841309 1.9760000705718994
-0.3240000009536743 0.0 1.850000023841858
0.4020000696182251 -0.3240000009536743 1.9520000219345093
-0.1499999761581421 0.6779999732971191 1.5980000495910645
-0.21599996089935303 0.37800002098083496 1.5920000076293945
-0.24000000953674316 0.10199999809265137 1.687999963760376
-0.5699999928474426 0.33000004291534424 2.180000066757202
-0.4739999771118164 0.5099999904632568 1.8799999952316284
-0.34800004959106445 0.5999999046325684 1.7300000190734863
0.06599998474121094 -0.17400002479553223 1.7300000190734863
0.630000114440918 -0.1380000114440918 1.8020000457763672
0.34200000762939453 -0.11399996280670166 1.6519999504089355
-0.1260000467300415 0.630000114440918 1.5679999589920044
0.48600006103515625 -0.09599995613098145 1.6759999990463257
0.054000020027160645 -0.19200003147125244 1.7540000677108765
-0.13199996948242188 -0.22800004482269287 1.9279999732971191
-0.5759999752044678 0.3359999656677246 2.240000009536743
0.630000114440918 -0.24000000953674316 1.9580000638961792
0.5520000457763672 -0.10199999809265137 1.7120000123977661
-0.3240000009536743 0.024000048637390137 1.8259999752044678
0.10199999809265137 -0.156000018119812 1.7000000476837158
-0.5759999752044678 0.33000004291534424 2.251999855041504
0.18000006675720215 -0.1979999542236328 1.7300000190734863
-0.2999999523162842 0.04799997806549072 1.777999997138977
-0.3960000276565552 0.5759999752044678 1.777999997138977
0.3059999942779541 -0.12000000476837158 1.6519999504089355
-0.33000004291534424 0.006000041961669922 1.850000023841858
0.018000006675720215 0.5759999752044678 1.496000051498413
-0.12000000476837158 0.5999999046325684 1.555999994277954
0.7019999027252197 -0.1799999475479126 1.934000015258789
-0.25199997425079346 0.3240000009536743 1.621999979019165
0.2640000581741333 -0.1499999761581421 1.6759999990463257
-0.1499999761581421 0.630000114440918 1.5800000429153442
0.18000006675720215 -0.12000000476837158 1.6519999504089355
-0.14399993419647217 -0.22200000286102295 1.9279999732971191
-0.34200000762939453 0.21599996089935303 1.7300000190734863
-0.34800004959106445 0.6059999465942383 1.7300000190734863
0.1260000467300415 -0.1380000114440918 1.6759999990463257
-0.08399999141693115 0.5399999618530273 1.5260000228881836
0.5759999752044678 -0.10800004005432129 1.7300000190734863
0.4200000762939453 -0.09599995613098145 1.6519999504089355
-0.09599995613098145 0.5759999752044678 1.5379999876022339
-0.17400002479553223 -0.17400002479553223 1.8799999952316284
-0.5699999928474426 0.3539999723434448 2.1500000953674316
0.3539999723434448 -0.11399996280670166 1.6519999504089355
-0.1499999761581421 -0.1979999542236328 1.8919999599456787
-0.23399996757507324 0.3539999723434448 1.6039999723434448
-0.36000001430511475 0.20399999618530273 1.7540000677108765
0.5759999752044678 -0.24599993228912354 1.909999966621399
-0.3059999942779541 0.054000020027160645 1.777999997138977
-0.25199997425079346 0.6419999599456787 1.6519999504089355
0.4259999990463257 -0.10199999809265137 1.6579999923706055
-0.12000000476837158 0.6059999465942383 1.555999994277954
-0.2760000228881836 -0.07799994945526123 1.8680000305175781
-0.5699999928474426 0.2760000228881836 2.251999855041504
-0.312000036239624 -0.04799997806549072 1.8799999952316284
-0.41999995708465576 0.5580000877380371 1.8020000457763672
0.40799999237060547 -0.2999999523162842 1.8980000019073486
-0.2999999523162842 -0.03600001335144043 1.850000023841858
-0.49800002574920654 0.21000003814697266 1.9760000705718994
-0.5460000038146973 0.4200000762939453 2.0299999713897705
-0.1799999475479126 0.6540000438690186 1.6039999723434448
0.6059999465942383 -0.1260000467300415 1.7660000324249268
0.19200003147125244 -0.1499999761581421 1.6759999990463257
-0.5460000038146973 0.4259999990463257 2.0299999713897705
-0.156000018119812 0.6779999732971191 1.5980000495910645
0.4259999990463257 -0.09599995613098145 1.6519999504089355
0.156000018119812 -0.1260000467300415 1.6579999923706055
-0.437999963760376 0.1679999828338623 1.8799999952316284
0.6359999179840088 -0.23399996757507324 1.9459999799728394
-0.22800004482269287 0.3539999723434448 1.5980000495910645
0.9839999675750732 0.6180000305175781 1.9520000219345093
0.6059999465942383 -0.1380000114440918 1.777999997138977
-0.1499999761581421 -0.20399999618530273 1.8980000019073486
0.156000018119812 -0.12000000476837158 1.6519999504089355
0.4259999990463257 -0.2999999523162842 1.9040000438690186
0.5580000877380371 -0.09000003337860107 1.7000000476837158
-0.48000001907348633 0.22800004482269287 1.9220000505447388
-0.24599993228912354 -0.09599995613098145 1.850000023841858
0.08399999141693115 -0.156000018119812 1.7000000476837158
0.9779999256134033 0.6419999599456787 1.9520000219345093
-0.5699999928474426 0.2640000581741333 2.2760000228881836
0.1499999761581421 -0.12000000476837158 1.6519999504089355
-0.5699999928474426 0.2640000581741333 2.2699999809265137
-0.1979999542236328 0.624000072479248 1.6039999723434448
-0.4440000057220459 0.18000006675720215 1.8799999952316284
-0.4620000123977661 0.20399999618530273 1.8980000019073486
-0.17400002479553223 0.5940001010894775 1.5800000429153442
-0.11399996280670166 0.6059999465942383 1.5499999523162842
0.029999971389770508 0.5520000457763672 1.4839999675750732
-0.1260000467300415 0.6059999465942383 1.555999994277954
0.029999971389770508 -0.21000003814697266 1.777999997138977
-0.41999995708465576 0.16200006008148193 1.850000023841858
-0.1679999828338623 0.630000114440918 1.5859999656677246
-0.1499999761581421 -0.21000003814697266 1.9040000438690186
0.20399999618530273 -0.10800004005432129 1.6340000629425049
0.5759999752044678 -0.10199999809265137 1.718000054359436
-0.1979999542236328 0.630000114440918 1.6039999723434448
-0.24000000953674316 0.6119999885559082 1.628000020980835
-0.4440000057220459 0.5399999618530273 1.8259999752044678
0.3960000276565552 -0.3240000009536743 1.934000015258789
-0.5759999752044678 0.3240000009536743 2.185999870300293
0.5160000324249268 -0.09000003337860107 1.6759999990463257
-0.49800002574920654 0.23399996757507324 1.9520000219345093
-0.1799999475479126 0.630000114440918 1.5920000076293945
0.4259999990463257 -0.2999999523162842 1.8980000019073486
0.6059999465942383 -0.12000000476837158 1.7540000677108765
-0.22200000286102295 0.6540000438690186 1.628000020980835
0.40799999237060547 -0.33000004291534424 1.9520000219345093
-0.4859999418258667 0.22800004482269287 1.9279999732971191
-0.16199994087219238 0.6059999465942383 1.5740000009536743
-0.156000018119812 -0.20399999618530273 1.8980000019073486
0.5280001163482666 -0.26999998092651367 1.9040000438690186
-0.16199994087219238 -0.20399999618530273 1.9040000438690186
0.37800002098083496 -0.10199999809265137 1.6399999856948853
-0.09599995613098145 -0.24599993228912354 1.909999966621399
-0.17400002479553223 0.6779999732971191 1.6039999723434448
-0.4679999351501465 0.20399999618530273 1.9040000438690186
0.054000020027160645 -0.1799999475479126 1.7300000190734863
-0.17400002479553223 0.6059999465942383 1.5800000429153442
0.7379999160766602 -0.1799999475479126 1.9700000286102295
0.75 -0.1499999761581421 1.934000015258789
-0.3240000009536743 0.6180000305175781 1.7000000476837158
-0.2999999523162842 0.06599998474121094 1.7540000677108765
-0.24599993228912354 -0.10199999809265137 1.850000023841858
0.029999971389770508 -0.20399999618530273 1.7660000324249268
-0.4919999837875366 0.20399999618530273 1.9520000219345093
-0.5699999928474426 0.24600005149841309 2.2940001487731934
0.029999971389770508 0.5339999198913574 1.4779999256134033
0.018000006675720215 0.5520000457763672 1.4839999675750732
-0.21000003814697266 0.3539999723434448 1.5800000429153442
-0.25199997425079346 0.6480000019073486 1.6460000276565552
-0.09599995613098145 0.5520000457763672 1.5260000228881836
-0.23399996757507324 0.6359999179840088 1.628000020980835
-0.3240000009536743 0.03600001335144043 1.8020000457763672
-0.5220000147819519 0.46800005435943604 1.9520000219345093
-0.49800002574920654 0.4919999837875366 1.9040000438690186
0.4500000476837158 -0.09599995613098145 1.6519999504089355
0.36000001430511475 -0.10199999809265137 1.6340000629425049
-0.1499999761581421 0.5699999332427979 1.555999994277954
-0.5699999928474426 0.37800002098083496 2.1019999980926514
0.7439999580383301 -0.1799999475479126 1.9760000705718994
-0.5759999752044678 0.26999998092651367 2.2760000228881836
-0.20399999618530273 0.630000114440918 1.6039999723434448
-0.22200000286102295 -0.156000018119812 1.8919999599456787
-0.07200002670288086 -0.26999998092651367 1.9279999732971191
0.4500000476837158 -0.2999999523162842 1.9040000438690186
0.07800006866455078 -0.156000018119812 1.694000005722046
0.10199999809265137 -0.14399993419647217 1.6759999990463257
-0.4919999837875366 0.19800007343292236 1.9520000219345093
-0.10199999809265137 0.5759999752044678 1.5320000648498535
-0.26999998092651367 0.2760000228881836 1.6340000629425049
0.6540000438690186 -0.23399996757507324 1.9520000219345093
-0.1499999761581421 0.5759999752044678 1.555999994277954
0.6059999465942383 -0.10199999809265137 1.7300000190734863
-0.3960000276565552 0.1679999828338623 1.8020000457763672
0.5759999752044678 -0.09000003337860107 1.7000000476837158
-0.5640000104904175 0.3960000276565552 2.065999984741211
-0.2879999876022339 0.2580000162124634 1.6519999504089355
-0.23399996757507324 0.5580000877380371 1.6039999723434448
-0.5699999928474426 0.23399996757507324 2.3000001907348633
0.029999971389770508 -0.1979999542236328 1.7540000677108765
-0.24599993228912354 0.33000004291534424 1.6039999723434448
0.1260000467300415 -0.1260000467300415 1.6519999504089355
-0.33000004291534424 -0.0419999361038208 1.8799999952316284
-0.07799994945526123 -0.26999998092651367 1.9279999732971191
-0.49800002574920654 0.49800002574920654 1.8980000019073486
0.006000041961669922 0.5099999904632568 1.4779999256134033
-0.07200002670288086 0.46800005435943604 1.5019999742507935
-0.07200002670288086 -0.26999998092651367 1.9220000505447388
-0.19200003147125244 0.6059999465942383 1.5859999656677246
-0.4259999990463257 0.156000018119812 1.850000023841858
0.4500000476837158 -0.2999999523162842 1.8980000019073486
-0.22200000286102295 0.5999999046325684 1.6039999723434448
-0.26999998092651367 0.09599995613098145 1.7000000476837158
-0.13199996948242188 0.5759999752044678 1.5440000295639038
0.18000006675720215 -0.10800004005432129 1.628000020980835
0.011999964714050293 0.5280001163482666 1.4779999256134033
0.37800002098083496 -0.09599995613098145 1.628000020980835
0.024000048637390137 -0.1979999542236328 1.7540000677108765
-0.5460000038146973 0.437999963760376 2.0
0.5460000038146973 -0.08399999141693115 1.6759999990463257
-0.24599993228912354 0.3179999589920044 1.6039999723434448
0.48000001907348633 -0.09000003337860107 1.6519999504089355
0.4020000696182251 -0.09000003337860107 1.628000020980835
0.7260000705718994 -0.17400002479553223 1.9279999732971191
-0.22800004482269287 0.630000114440918 1.6160000562667847
-0.5759999752044678 0.25199997425079346 2.3000001907348633
-0.2999999523162842 0.6359999179840088 1.6759999990463257
-0.18599998950958252 0.6779999732971191 1.6039999723434448
0.029999971389770508 -0.1799999475479126 1.7300000190734863
-0.3539999723434448 0.20399999618530273 1.7300000190734863
0.024000048637390137 -0.20399999618530273 1.7599999904632568
-0.20399999618530273 0.6059999465942383 1.5920000076293945
-0.23399996757507324 0.6540000438690186 1.628000020980835
0.25199997425079346 -0.11399996280670166 1.628000020980835
0.630000114440918 -0.11399996280670166 1.7540000677108765
0.24000000953674316 -0.11399996280670166 1.628000020980835
-0.4739999771118164 0.5220000743865967 1.8560000658035278
-0.22200000286102295 0.6059999465942383 1.6039999723434448
-0.4440000057220459 0.5460000038146973 1.8140000104904175
-0.5220000147819519 0.4739999771118164 1.940000057220459
0.630000114440918 -0.1260000467300415 1.7660000324249268
0.33000004291534424 -0.10800004005432129 1.628000020980835
0.6660001277923584 -0.13199996948242188 1.8020000457763672
-0.1979999542236328 0.5759999752044678 1.5800000429153442
-0.09599995613098145 0.5520000457763672 1.5199999809265137
-0.5699999928474426 0.38999998569488525 2.078000068664551
0.1679999828338623 -0.1979999542236328 1.7120000123977661
0.18599998950958252 -0.21599996089935303 1.7300000190734863
0.07800006866455078 -0.14399993419647217 1.6759999990463257
-0.23399996757507324 0.5759999752044678 1.6039999723434448
-0.5699999928474426 0.22200000286102295 2.312000036239624
0.2820000648498535 -0.11399996280670166 1.628000020980835
-0.5759999752044678 0.24600005149841309 2.3000001907348633
0.6059999465942383 -0.10199999809265137 1.7239999771118164
0.156000018119812 -0.10800004005432129 1.628000020980835
0.630000114440918 -0.1380000114440918 1.777999997138977
0.8220000267028809 -0.11399996280670166 1.9760000705718994
-0.18599998950958252 -0.1979999542236328 1.9040000438690186
-0.37800002098083496 0.18000006675720215 1.7660000324249268
0.6059999465942383 -0.24599993228912354 1.909999966621399
-0.4559999704360962 0.18000006675720215 1.8799999952316284
-0.3659999370574951 0.6059999465942383 1.7300000190734863
-0.5879999995231628 0.312000036239624 2.2820000648498535
0.054000020027160645 -0.16199994087219238 1.7000000476837158
-0.34800004959106445 0.029999971389770508 1.8259999752044678
0.6540000438690186 -0.22800004482269287 1.9279999732971191
-0.48000001907348633 0.20399999618530273 1.909999966621399
-0.17400002479553223 -0.19200003147125244 1.8799999952316284
-0.4140000343322754 0.156000018119812 1.8259999752044678
-0.26399993896484375 -0.09599995613098145 1.850000023841858
0.4020000696182251 -0.33000004291534424 1.9279999732971191
0.30000007152557373 -0.11399996280670166 1.628000020980835
0.5520000457763672 -0.26999998092651367 1.9040000438690186
-0.26399993896484375 -0.12000000476837158 1.8799999952316284
0.1679999828338623 -0.21599996089935303 1.7300000190734863
-0.4739999771118164 0.19200003147125244 1.9040000438690186
-0.22800004482269287 0.33000004291534424 1.5859999656677246
0.19800007343292236 -0.1499999761581421 1.6579999923706055
-0.16199994087219238 0.5759999752044678 1.555999994277954
0.7980000972747803 -0.12000000476837158 1.940000057220459
-0.12000000476837158 0.5339999198913574 1.5260000228881836
-0.11399996280670166 0.5520000457763672 1.5260000228881836
0.9900000095367432 0.6180000305175781 1.934000015258789
0.5039999485015869 -0.08399999141693115 1.6519999504089355
-0.22800004482269287 0.5160000324249268 1.5859999656677246
0.018000006675720215 0.5280001163482666 1.472000002861023
-0.10199999809265137 0.5520000457763672 1.5199999809265137
-0.07799994945526123 0.49800002574920654 1.5019999742507935
-0.33000004291534424 0.20399999618530273 1.7000000476837158
-0.26999998092651367 0.6540000438690186 1.6519999504089355
-0.5460000038146973 0.4440000057220459 1.9880000352859497
-0.2999999523162842 0.07200002670288086 1.7360000610351562
-0.22800004482269287 0.6059999465942383 1.6039999723434448
-0.40799999237060547 0.156000018119812 1.8140000104904175
0.19200003147125244 -0.10199999809265137 1.6160000562667847
-0.3240000009536743 0.04799997806549072 1.777999997138977
0.029999971389770508 -0.1799999475479126 1.7239999771118164
-0.18599998950958252 -0.1979999542236328 1.8980000019073486
0.48000001907348633 -0.2999999523162842 1.9040000438690186
-0.22200000286102295 0.33000004291534424 1.5800000429153442
-0.4739999771118164 0.5280001163482666 1.850000023841858
-0.37199997901916504 0.18000006675720215 1.7540000677108765
-0.17400002479553223 0.5520000457763672 1.555999994277954
-0.18599998950958252 0.5759999752044678 1.5679999589920044
-0.4919999837875366 0.20399999618530273 1.9279999732971191
0.4259999990463257 -0.09000003337860107 1.628000020980835
-0.37199997901916504 0.5999999046325684 1.7300000190734863
-0.17400002479553223 -0.19200003147125244 1.8739999532699585
-0.3960000276565552 0.5880000591278076 1.7540000677108765
0.5699999332427979 -0.07799994945526123 1.6759999990463257
-0.2999999523162842 0.07800006866455078 1.7300000190734863
-0.054000020027160645 -0.2999999523162842 1.9520000219345093
-0.4919999837875366 0.19200003147125244 1.934000015258789
-0.13199996948242188 0.5520000457763672 1.5320000648498535
-0.22200000286102295 0.3179999589920044 1.5800000429153442
-0.41999995708465576 0.5699999332427979 1.777999997138977
-0.23399996757507324 0.5460000038146973 1.5920000076293945
0.25199997425079346 -0.1499999761581421 1.6519999504089355
0.054000020027160645 -0.156000018119812 1.687999963760376
0.3960000276565552 -0.3240000009536743 1.9040000438690186
-0.2760000228881836 -0.11399996280670166 1.8799999952316284
-0.5220000147819519 0.48000001907348633 1.9279999732971191
0.9900000095367432 0.630000114440918 1.934000015258789
0.03600001335144043 -0.16199994087219238 1.7000000476837158
0.22800004482269287 -0.1499999761581421 1.6519999504089355
-0.5879999995231628 0.2879999876022339 2.317999839782715
0.10199999809265137 -0.13199996948242188 1.6519999504089355
-0.156000018119812 0.5520000457763672 1.5440000295639038
-0.3179999589920044 0.22800004482269287 1.6759999990463257
-0.08399999141693115 0.5039999485015869 1.5019999742507935
-0.06599998474121094 0.4200000762939453 1.4900000095367432
-0.5699999928474426 0.40799999237060547 2.053999900817871
0.6779999732971191 -0.22800004482269287 1.9459999799728394
-0.312000036239624 0.21000003814697266 1.6759999990463257
0.4500000476837158 -0.08399999141693115 1.628000020980835
-0.3539999723434448 0.18000006675720215 1.7300000190734863
0.029999971389770508 0.5339999198913574 1.4660000801086426
0.10199999809265137 -0.1260000467300415 1.6460000276565552
0.8039999008178711 -0.12000000476837158 1.940000057220459
-0.41999995708465576 0.5759999752044678 1.777999997138977
-0.12000000476837158 -0.24599993228912354 1.9040000438690186
0.48000001907348633 -0.2999999523162842 1.8980000019073486
0.20399999618530273 -0.1499999761581421 1.6519999504089355
-0.3059999942779541 0.22800004482269287 1.6640000343322754
0.156000018119812 -0.10199999809265137 1.6160000562667847
0.5520000457763672 -0.07799994945526123 1.6640000343322754
0.4020000696182251 -0.3240000009536743 1.9040000438690186
0.18599998950958252 -0.17400002479553223 1.6759999990463257
-0.5759999752044678 0.22200000286102295 2.317999839782715
-0.21000003814697266 0.5759999752044678 1.5800000429153442
-0.22800004482269287 0.5759999752044678 1.5920000076293945
0.5759999752044678 -0.07799994945526123 1.6759999990463257
-0.33000004291534424 0.20399999618530273 1.694000005722046
-0.2940000295639038 0.22800004482269287 1.6519999504089355
0.630000114440918 -0.10199999809265137 1.7300000190734863
-0.5460000038146973 0.4500000476837158 1.9760000705718994
-0.09599995613098145 0.5280001163482666 1.5080000162124634
-0.49800002574920654 0.5099999904632568 1.8799999952316284
0.4440000057220459 -0.33000004291534424 1.934000015258789
-0.37199997901916504 0.5999999046325684 1.7239999771118164
0.6540000438690186 -0.13199996948242188 1.777999997138977
-0.3240000009536743 -0.023999929428100586 1.8320000171661377
-0.3240000009536743 0.624000072479248 1.6820000410079956
0.1260000467300415 -0.11399996280670166 1.628000020980835
0.3539999723434448 -0.10199999809265137 1.6160000562667847
0.6119999885559082 -0.08399999141693115 1.7000000476837158
-0.3240000009536743 -0.0419999361038208 1.850000023841858
-0.4440000057220459 0.5580000877380371 1.8020000457763672
-0.40199995040893555 0.156000018119812 1.7960000038146973
-0.41999995708465576 0.5699999332427979 1.7719999551773071
0.011999964714050293 -0.18599998950958252 1.7300000190734863
-0.1260000467300415 -0.24599993228912354 1.9040000438690186
0.8280000686645508 -0.12000000476837158 1.9760000705718994
-0.12000000476837158 -0.24599993228912354 1.8980000019073486
-0.2760000228881836 0.25199997425079346 1.628000020980835
-0.22200000286102295 0.5520000457763672 1.5800000429153442
-0.37199997901916504 0.16200006008148193 1.7540000677108765
0.24000000953674316 -0.156000018119812 1.6519999504089355
0.18599998950958252 -0.09599995613098145 1.6039999723434448
0.8159999847412109 -0.12000000476837158 1.9520000219345093
-0.34800004959106445 0.6119999885559082 1.7000000476837158
-0.33000004291534424 -0.0419999361038208 1.8560000658035278
-0.2999999523162842 -0.07200002670288086 1.850000023841858
0.054000020027160645 -0.1499999761581421 1.6759999990463257
-0.36000001430511475 0.029999971389770508 1.8259999752044678
0.22800004482269287 -0.1499999761581421 1.6460000276565552
-0.38999998569488525 0.156000018119812 1.777999997138977
-0.41999995708465576 0.14400005340576172 1.8259999752044678
0.07800006866455078 -0.13199996948242188 1.6519999504089355
0.4200000762939453 -0.3179999589920044 1.8919999599456787
-0.18599998950958252 0.5520000457763672 1.555999994277954
-0.10199999809265137 0.5280001163482666 1.5080000162124634
0.48000001907348633 -0.07799994945526123 1.628000020980835
0.21599996089935303 -0.1499999761581421 1.6460000276565552
0.36000001430511475 -0.09599995613098145 1.6100000143051147
-0.48000001907348633 0.18000006675720215 1.9040000438690186
0.7379999160766602 -0.1799999475479126 1.9279999732971191
0.5039999485015869 -0.2999999523162842 1.9040000438690186
0.5759999752044678 -0.26999998092651367 1.9040000438690186
-0.4859999418258667 0.16200006008148193 1.9279999732971191
0.011999964714050293 0.4739999771118164 1.4600000381469727
-0.26999998092651367 0.10800004005432129 1.6759999990463257
1.002000093460083 0.6540000438690186 1.9639999866485596
0.5399999618530273 -0.07799994945526123 1.6519999504089355
0.6540000438690186 -0.11399996280670166 1.7540000677108765
-0.26999998092651367 -0.09599995613098145 1.8380000591278076
0.2640000581741333 -0.10199999809265137 1.6039999723434448
0.7560000419616699 -0.19200003147125244 1.9760000705718994
0.6540000438690186 -0.1260000467300415 1.7660000324249268
-0.3240000009536743 -0.03600001335144043 1.8380000591278076
-0.3539999723434448 -0.03600001335144043 1.8799999952316284
0.630000114440918 -0.24599993228912354 1.909999966621399
0.21599996089935303 -0.10199999809265137 1.6039999723434448
-0.34800004959106445 0.03600001335144043 1.8020000457763672
0.4500000476837158 -0.33000004291534424 1.9279999732971191
0.48000001907348633 -0.3240000009536743 1.934000015258789
-0.5820000171661377 0.22800004482269287 2.3299999237060547
-0.22200000286102295 -0.1499999761581421 1.850000023841858
-0.4500000476837158 0.156000018119812 1.8619999885559082
-0.21000003814697266 0.33000004291534424 1.562000036239624
-0.3059999942779541 0.20399999618530273 1.6640000343322754
0.156000018119812 -0.09599995613098145 1.6039999723434448
0.6480000019073486 -0.09599995613098145 1.7300000190734863
-0.22200000286102295 0.6719999313354492 1.6100000143051147
-0.13199996948242188 0.5280001163482666 1.5199999809265137
0.011999964714050293 -0.1799999475479126 1.718000054359436
0.6779999732971191 -0.12000000476837158 1.777999997138977
-0.14399993419647217 0.5280001163482666 1.5260000228881836
-0.2580000162124634 0.2760000228881836 1.6039999723434448
-0.1979999542236328 -0.17400002479553223 1.8560000658035278
-0.5699999928474426 0.4200000762939453 2.0299999713897705
-0.5699999928474426 0.4259999990463257 2.0299999713897705
-0.312000036239624 0.07800006866455078 1.7300000190734863
-0.22800004482269287 0.5520000457763672 1.5800000429153442
-0.21000003814697266 0.5520000457763672 1.5679999589920044
0.4320000410079956 -0.3179999589920044 1.8919999599456787
0.5039999485015869 -0.07799994945526123 1.6340000629425049
0.8340001106262207 -0.1260000467300415 1.9880000352859497
-0.3240000009536743 0.060000061988830566 1.7540000677108765
-0.2760000228881836 0.23399996757507324 1.628000020980835
0.40799999237060547 -0.33000004291534424 1.9040000438690186
-0.1979999542236328 0.5280001163482666 1.555999994277954
0.5999999046325684 -0.07200002670288086 1.6759999990463257
0.6960000991821289 -0.22800004482269287 1.9520000219345093
-0.1499999761581421 0.5099999904632568 1.5260000228881836
0.029999971389770508 0.4919999837875366 1.4539999961853027
-0.48000001907348633 0.18000006675720215 1.8980000019073486
-0.5820000171661377 0.22200000286102295 2.3299999237060547
0.5039999485015869 -0.2999999523162842 1.8980000019073486
0.75 -0.17400002479553223 1.9279999732971191
-0.3359999656677246 0.18000006675720215 1.7000000476837158
-0.33000004291534424 0.18000006675720215 1.694000005722046
-0.25199997425079346 0.2760000228881836 1.5980000495910645
-0.2760000228881836 0.25199997425079346 1.621999979019165
1.002000093460083 0.6480000019073486 1.9520000219345093
0.5039999485015869 -0.07200002670288086 1.628000020980835
0.437999963760376 -0.3240000009536743 1.9040000438690186
0.5580000877380371 -0.07200002670288086 1.6519999504089355
0.4259999990463257 -0.33000004291534424 1.909999966621399
-0.3240000009536743 0.630000114440918 1.6759999990463257
0.37800002098083496 -0.09000003337860107 1.6039999723434448
-0.23399996757507324 0.30000007152557373 1.5800000429153442
-0.2879999876022339 0.6540000438690186 1.6519999504089355
-0.5699999928474426 0.4200000762939453 2.0240001678466797
0.029999971389770508 0.5039999485015869 1.4539999961853027
0.1380000114440918 -0.09599995613098145 1.6039999723434448
-0.312000036239624 -0.07200002670288086 1.8560000658035278
0.4020000696182251 -0.08399999141693115 1.6039999723434448
0.6059999465942383 -0.07799994945526123 1.6820000410079956
0.48000001907348633 -0.07799994945526123 1.621999979019165
0.23399996757507324 -0.10800004005432129 1.6039999723434448
0.6540000438690186 -0.10199999809265137 1.7360000610351562
0.6540000438690186 -0.09599995613098145 1.7300000190734863
0.07800006866455078 -0.1260000467300415 1.6399999856948853
-0.5999999642372131 0.3059999942779541 2.2280001640319824
-0.22800004482269287 -0.1499999761581421 1.850000023841858
0.33000004291534424 -0.10199999809265137 1.6039999723434448
0.7799999713897705 -0.1499999761581421 1.9279999732971191
0.029999971389770508 -0.156000018119812 1.6820000410079956
-0.5999999642372131 0.3179999589920044 2.2039999961853027
-0.09599995613098145 -0.26999998092651367 1.9040000438690186
-0.37800002098083496 0.156000018119812 1.7540000677108765
0.029999971389770508 -0.1499999761581421 1.6759999990463257
-0.16199994087219238 0.5280001163482666 1.5320000648498535
0.6059999465942383 -0.07200002670288086 1.6759999990463257
-0.593999981880188 0.26999998092651367 2.3359999656677246
-0.34800004959106445 0.0 1.8259999752044678
-0.22800004482269287 0.30000007152557373 1.5740000009536743
-0.40799999237060547 0.1380000114440918 1.8020000457763672
0.024000048637390137 0.5039999485015869 1.4539999961853027
0.5280001163482666 -0.07799994945526123 1.6399999856948853
0.2879999876022339 -0.10800004005432129 1.6039999723434448
0.10199999809265137 -0.12000000476837158 1.628000020980835
0.011999964714050293 -0.1679999828338623 1.7000000476837158
-0.09599995613098145 0.5039999485015869 1.496000051498413
-0.5999999642372131 0.2940000295639038 2.246000051498413
1.002000093460083 0.630000114440918 1.934000015258789
-0.3179999589920044 0.18599998950958252 1.6759999990463257
-0.26999998092651367 -0.11399996280670166 1.850000023841858
-0.5999999642372131 0.33000004291534424 2.180000066757202
0.4500000476837158 -0.07799994945526123 1.6100000143051147
0.630000114440918 -0.08399999141693115 1.7000000476837158
0.30000007152557373 -0.10800004005432129 1.6039999723434448
-0.5220000147819519 0.4919999837875366 1.9040000438690186
0.4500000476837158 -0.3240000009536743 1.9040000438690186
-0.5999999642372131 0.2879999876022339 2.251999855041504
0.24600005149841309 -0.24000000953674316 1.7300000190734863
0.4500000476837158 -0.33000004291534424 1.9160000085830688
-0.2580000162124634 0.25199997425079346 1.6039999723434448
-0.3539999723434448 0.006000041961669922 1.8259999752044678
0.011999964714050293 0.48000001907348633 1.4539999961853027
-0.18599998950958252 0.5280001163482666 1.5440000295639038
-0.2999999523162842 0.20399999618530273 1.6519999504089355
0.4320000410079956 -0.07799994945526123 1.6039999723434448
1.002000093460083 0.624000072479248 1.9279999732971191
0.5759999752044678 -0.06599998474121094 1.6519999504089355
-0.06599998474121094 0.437999963760376 1.4779999256134033
-0.5460000038146973 0.46800005435943604 1.9520000219345093
0.8220000267028809 -0.1260000467300415 1.9520000219345093
-0.22800004482269287 0.5520000457763672 1.5740000009536743
-0.36000001430511475 0.156000018119812 1.7300000190734863
0.26999998092651367 -0.19200003147125244 1.6759999990463257
-0.1260000467300415 0.5039999485015869 1.5080000162124634
0.4500000476837158 -0.07200002670288086 1.6039999723434448
-0.4739999771118164 0.5399999618530273 1.8259999752044678
-0.156000018119812 -0.24000000953674316 1.9040000438690186
-0.11399996280670166 0.5039999485015869 1.5019999742507935
0.20399999618530273 0.33000004291534424 1.4240000247955322
0.6960000991821289 -0.22200000286102295 1.9279999732971191
-0.5999999642372131 0.3539999723434448 2.1500000953674316
-0.5759999752044678 0.4259999990463257 2.0299999713897705
0.5280001163482666 -0.2999999523162842 1.9040000438690186
-0.5999999642372131 0.2760000228881836 2.2760000228881836
-0.10199999809265137 0.5039999485015869 1.496000051498413
0.03600001335144043 0.5039999485015869 1.4479999542236328
-0.5999999642372131 0.34800004959106445 2.1500000953674316
-0.2999999523162842 0.19800007343292236 1.6519999504089355
-0.06599998474121094 -0.2999999523162842 1.9279999732971191
-0.26999998092651367 -0.10800004005432129 1.8380000591278076
0.75 -0.1979999542236328 1.9580000638961792
-0.2760000228881836 0.22800004482269287 1.621999979019165
-0.4440000057220459 0.1380000114440918 1.850000023841858
-0.22200000286102295 0.6779999732971191 1.6039999723434448
-0.34800004959106445 0.0 1.8200000524520874
-0.12000000476837158 0.48600006103515625 1.5019999742507935
1.0139999389648438 0.6600000858306885 1.9760000705718994
0.054000020027160645 -0.1380000114440918 1.6519999504089355
0.48000001907348633 -0.3179999589920044 1.9040000438690186
0.4500000476837158 -0.3240000009536743 1.8980000019073486
0.1260000467300415 -0.10199999809265137 1.6039999723434448
-0.2999999523162842 0.09000003337860107 1.7000000476837158
-0.07200002670288086 0.4500000476837158 1.4779999256134033
-0.2760000228881836 -0.11399996280670166 1.850000023841858
-0.34800004959106445 0.04799997806549072 1.777999997138977
-0.2999999523162842 0.6480000019073486 1.6519999504089355
-0.054000020027160645 -0.3179999589920044 1.9520000219345093
-0.22200000286102295 0.46800005435943604 1.555999994277954
0.07800006866455078 -0.12000000476837158 1.628000020980835
0.7139999866485596 -0.22800004482269287 1.9580000638961792
0.4259999990463257 -0.07799994945526123 1.5980000495910645
-0.156000018119812 0.5039999485015869 1.5199999809265137
0.25199997425079346 -0.10199999809265137 1.5920000076293945
-0.3960000276565552 0.5940001010894775 1.7300000190734863
-0.21000003814697266 0.30000007152557373 1.555999994277954
-0.1979999542236328 -0.18599998950958252 1.8560000658035278
0.5280001163482666 -0.2999999523162842 1.8980000019073486
-0.3539999723434448 0.156000018119812 1.718000054359436
-0.5999999642372131 0.36600005626678467 2.125999927520752
0.7019999027252197 -0.22200000286102295 1.9279999732971191
0.630000114440918 -0.07799994945526123 1.687999963760376
0.5039999485015869 -0.3240000009536743 1.9279999732971191
-0.24000000953674316 0.2760000228881836 1.5800000429153442
0.17400002479553223 -0.21599996089935303 1.7000000476837158
0.5280001163482666 -0.07200002670288086 1.628000020980835
-0.22800004482269287 0.5039999485015869 1.562000036239624
-0.36000001430511475 -0.03600001335144043 1.8680000305175781
-0.41999995708465576 0.5820000171661377 1.7540000677108765
0.48000001907348633 -0.3179999589920044 1.8980000019073486
-0.5699999928474426 0.437999963760376 2.0
0.48000001907348633 -0.06599998474121094 1.6039999723434448
0.2640000581741333 -0.17400002479553223 1.6519999504089355
-0.2999999523162842 -0.07200002670288086 1.8259999752044678
-0.28199994564056396 0.21000003814697266 1.628000020980835
-0.3960000276565552 0.13199996948242188 1.777999997138977
-0.24000000953674316 0.6719999313354492 1.6100000143051147
0.30000007152557373 -0.10199999809265137 1.5920000076293945
-0.17400002479553223 0.48600006103515625 1.5260000228881836
-0.5220000147819519 0.49800002574920654 1.8919999599456787
-0.21599996089935303 0.5280001163482666 1.555999994277954
-0.26999998092651367 0.6600000858306885 1.628000020980835
-0.4859999418258667 0.156000018119812 1.9040000438690186
0.6540000438690186 -0.24599993228912354 1.909999966621399
-0.20399999618530273 0.30000007152557373 1.5499999523162842
0.20399999618530273 -0.17400002479553223 1.6519999504089355
0.6059999465942383 -0.26999998092651367 1.9040000438690186
-0.11399996280670166 -0.26999998092651367 1.9040000438690186
-0.25199997425079346 0.25199997425079346 1.5920000076293945
-0.3240000009536743 0.07200002670288086 1.7300000190734863
0.5339999198913574 -0.2999999523162842 2.6540000438690186
0.22800004482269287 -0.22200000286102295 1.7000000476837158
0.6960000991821289 -0.22200000286102295 1.9160000085830688
-0.5999999642372131 0.26999998092651367 2.3540000915527344
0.19800007343292236 -0.17400002479553223 1.6519999504089355
0.10199999809265137 -0.10199999809265137 1.6039999723434448
0.7680001258850098 -0.20399999618530273 1.9880000352859497
-0.4440000057220459 0.564000129699707 1.777999997138977
-0.22800004482269287 -0.16199994087219238 1.850000023841858
-0.4739999771118164 0.156000018119812 1.8799999952316284
-0.34800004959106445 0.04799997806549072 1.7719999551773071
0.5039999485015869 -0.312000036239624 1.8980000019073486
-0.3240000009536743 0.17400002479553223 1.6759999990463257
-0.49800002574920654 0.5220000743865967 1.850000023841858
-0.22200000286102295 0.5099999904632568 1.555999994277954
0.18599998950958252 -0.1979999542236328 1.6759999990463257
-0.26999998092651367 0.12000000476837158 1.6519999504089355
-0.22200000286102295 -0.19200003147125244 1.8860000371932983
0.5759999752044678 -0.054000020027160645 1.6340000629425049
0.029999971389770508 0.48000001907348633 1.4420000314712524
-0.17400002479553223 0.5039999485015869 1.5260000228881836
-0.4259999990463257 0.1260000467300415 1.8200000524520874
0.060000061988830566 -0.12000000476837158 1.628000020980835
-0.22800004482269287 0.5280001163482666 1.562000036239624
-0.5999999642372131 0.37199997901916504 2.1080000400543213
0.312000036239624 -0.34800004959106445 2.6660001277923584
0.156000018119812 -0.08399999141693115 1.5800000429153442
-0.49800002574920654 0.5280001163482666 1.850000023841858
0.19800007343292236 -0.09000003337860107 1.5800000429153442
-0.2999999523162842 0.6480000019073486 1.6460000276565552
-0.26399993896484375 0.12000000476837158 1.6460000276565552
0.054000020027160645 -0.1260000467300415 1.6340000629425049
-0.18599998950958252 0.5039999485015869 1.5320000648498535
-0.34200000762939453 0.156000018119812 1.7000000476837158
0.029999971389770508 -0.1380000114440918 1.6519999504089355
0.5580000877380371 -0.059999942779541016 1.628000020980835
-0.5999999642372131 0.37800002098083496 2.1019999980926514
0.5759999752044678 -0.04799997806549072 1.628000020980835
-0.2999999523162842 -0.07200002670288086 1.8200000524520874
0.18000006675720215 -0.22200000286102295 1.7000000476837158
-0.40199995040893555 0.1260000467300415 1.784000039100647
0.024000048637390137 0.48000001907348633 1.4420000314712524
-0.07200002670288086 0.4500000476837158 1.472000002861023
0.5039999485015869 -0.059999942779541016 1.6039999723434448
-0.26399993896484375 0.22800004482269287 1.6039999723434448
-0.4320000410079956 0.1260000467300415 1.8259999752044678
-0.24000000953674316 0.25199997425079346 1.5800000429153442
-0.2999999523162842 0.09599995613098145 1.687999963760376
-0.3059999942779541 0.18599998950958252 1.6519999504089355
-0.48000001907348633 0.156000018119812 1.8860000371932983
0.22800004482269287 -0.10199999809265137 1.5859999656677246
-0.07200002670288086 -0.2999999523162842 1.9160000085830688
0.22200000286102295 -0.10199999809265137 1.5859999656677246
0.6059999465942383 -0.059999942779541016 1.6519999504089355
0.24600005149841309 -0.20399999618530273 1.6759999990463257
0.630000114440918 -0.07200002670288086 1.6759999990463257
0.5039999485015869 -0.3179999589920044 1.9040000438690186
0.7019999027252197 -0.22200000286102295 1.9160000085830688
0.2820000648498535 -0.10199999809265137 1.5859999656677246
0.5520000457763672 -0.2999999523162842 1.9040000438690186
-0.37199997901916504 0.6119999885559082 1.7000000476837158
-0.059999942779541016 -0.312000036239624 1.9279999732971191
0.7680001258850098 -0.17400002479553223 1.9220000505447388
0.7320001125335693 -0.10199999809265137 1.784000039100647
-0.21000003814697266 0.5039999485015869 1.5440000295639038
0.6779999732971191 -0.09599995613098145 1.7300000190734863
0.22800004482269287 -0.09599995613098145 1.5800000429153442
0.6600000858306885 -0.07799994945526123 1.7000000476837158
-0.1979999542236328 0.156000018119812 1.5800000429153442
0.26999998092651367 -0.09599995613098145 1.5800000429153442
-0.5460000038146973 0.4739999771118164 1.9279999732971191
0.2760000228881836 -0.09599995613098145 1.5800000429153442
-0.48000001907348633 0.1260000467300415 1.9040000438690186
0.21000003814697266 -0.09599995613098145 1.5800000429153442
-0.10199999809265137 0.48000001907348633 1.4839999675750732
-0.5460000038146973 0.48000001907348633 1.9279999732971191
0.0 -0.156000018119812 1.6759999990463257
-0.34800004959106445 -0.023999929428100586 1.8259999752044678
-0.6060000061988831 0.2580000162124634 2.3000001907348633
0.36600005626678467 -0.08399999141693115 1.5800000429153442
-0.5699999928474426 0.4440000057220459 1.9819999933242798
0.10199999809265137 -0.10199999809265137 1.5980000495910645
0.6540000438690186 -0.07799994945526123 1.694000005722046
-0.4739999771118164 0.5460000038146973 1.8079999685287476
-0.09000003337860107 0.48000001907348633 1.4779999256134033
-0.22200000286102295 -0.17400002479553223 1.850000023841858
0.30000007152557373 -0.09599995613098145 1.5800000429153442
-0.5220000147819519 0.5039999485015869 1.8799999952316284
0.5280001163482666 -0.312000036239624 1.9040000438690186
0.6960000991821289 -0.10800004005432129 1.7540000677108765
-0.37199997901916504 0.03600001335144043 1.8020000457763672
-0.24000000953674316 0.6779999732971191 1.6039999723434448
-0.34800004959106445 0.624000072479248 1.6759999990463257
-0.4739999771118164 0.1380000114440918 1.8799999952316284
-0.14399993419647217 0.48000001907348633 1.5019999742507935
-0.13199996948242188 0.48000001907348633 1.496000051498413
0.5520000457763672 -0.2999999523162842 1.8980000019073486
-0.34800004959106445 0.060000061988830566 1.7540000677108765
-0.156000018119812 0.48000001907348633 1.5080000162124634
-0.006000041961669922 -0.16199994087219238 1.6820000410079956
-0.09599995613098145 0.4559999704360962 1.4779999256134033
-0.22800004482269287 0.2760000228881836 1.562000036239624
-0.38399994373321533 0.1260000467300415 1.7540000677108765
-0.5999999642372131 0.38999998569488525 2.078000068664551
0.37800002098083496 -0.08399999141693115 1.5800000429153442
0.75 -0.21000003814697266 1.9520000219345093
-0.3960000276565552 0.5999999046325684 1.718000054359436
-0.1799999475479126 0.48000001907348633 1.5199999809265137
-0.5699999928474426 0.4500000476837158 1.9760000705718994
0.4020000696182251 -0.07799994945526123 1.5800000429153442
0.4200000762939453 -0.07200002670288086 1.5800000429153442
-0.34800004959106445 0.630000114440918 1.6759999990463257
0.75 -0.1979999542236328 1.9279999732971191
-0.1499999761581421 -0.24599993228912354 1.8799999952316284
0.8039999008178711 -0.1499999761581421 1.9279999732971191
0.156000018119812 -0.07799994945526123 1.5679999589920044
0.25199997425079346 -0.17400002479553223 1.6399999856948853
-0.4500000476837158 0.1260000467300415 1.843999981880188
-0.12000000476837158 -0.26999998092651367 1.8919999599456787
-0.1499999761581421 0.4620000123977661 1.5019999742507935
-0.34800004959106445 -0.029999971389770508 1.8259999752044678
-0.34800004959106445 -0.018000006675720215 1.8140000104904175
-0.22200000286102295 0.2760000228881836 1.555999994277954
0.5280001163482666 -0.312000036239624 1.8980000019073486
-0.6060000061988831 0.24600005149841309 2.3239998817443848
-0.22200000286102295 -0.17400002479553223 1.843999981880188
0.07800006866455078 -0.10800004005432129 1.6039999723434448
-0.5999999642372131 0.22800004482269287 2.3540000915527344
-0.4440000057220459 0.5699999332427979 1.7660000324249268
-0.48000001907348633 0.1380000114440918 1.8860000371932983
0.3359999656677246 -0.09599995613098145 1.5800000429153442
0.6059999465942383 -0.054000020027160645 1.6399999856948853
-0.24599993228912354 0.24000000953674316 1.5800000429153442
0.1260000467300415 -0.09000003337860107 1.5800000429153442
0.7799999713897705 -0.17400002479553223 1.9279999732971191
0.7019999027252197 -0.10800004005432129 1.7540000677108765
0.7379999160766602 -0.22200000286102295 1.9520000219345093
-0.3059999942779541 0.18000006675720215 1.6460000276565552
-0.2999999523162842 0.10199999809265137 1.6759999990463257
-0.17400002479553223 -0.24000000953674316 1.8919999599456787
-0.36000001430511475 0.04799997806549072 1.7719999551773071
-0.20399999618530273 0.1499999761581421 1.5800000429153442
0.2640000581741333 -0.23399996757507324 1.7000000476837158
0.4440000057220459 -0.06599998474121094 1.5800000429153442
-0.22200000286102295 0.26999998092651367 1.555999994277954
0.19800007343292236 -0.07799994945526123 1.562000036239624
-0.5999999642372131 0.3960000276565552 2.065999984741211
-0.4739999771118164 0.5520000457763672 1.8020000457763672
0.25199997425079346 -0.07200002670288086 1.555999994277954
0.23399996757507324 -0.07200002670288086 1.555999994277954
-0.4559999704360962 0.1260000467300415 1.850000023841858
-0.34800004959106445 0.14400005340576172 1.7000000476837158
0.34200000762939453 0.34800004959106445 1.4119999408721924
-0.37800002098083496 0.1260000467300415 1.7419999837875366
-0.5999999642372131 0.22200000286102295 2.3540000915527344
0.690000057220459 -0.10199999809265137 1.7360000610351562
-0.33000004291534424 0.156000018119812 1.6759999990463257
0.5280001163482666 -0.059999942779541016 1.6039999723434448
0.630000114440918 -0.054000020027160645 1.6519999504089355
-0.23399996757507324 -0.19200003147125244 1.8799999952316284
0.5520000457763672 -0.054000020027160645 1.6100000143051147
-0.1979999542236328 0.46800005435943604 1.5260000228881836
0.630000114440918 -0.26999998092651367 1.9040000438690186
-0.26999998092651367 0.21000003814697266 1.6039999723434448
0.4500000476837158 -0.06599998474121094 1.5800000429153442
0.20399999618530273 -0.07200002670288086 1.555999994277954
-0.059999942779541016 0.36600005626678467 1.4600000381469727
-0.006000041961669922 -0.156000018119812 1.6699999570846558
0.6540000438690186 -0.06599998474121094 1.6759999990463257
-0.2760000228881836 0.20399999618530273 1.6100000143051147
0.7379999160766602 -0.22800004482269287 1.9580000638961792
0.18599998950958252 -0.23399996757507324 1.7000000476837158
0.5580000877380371 -0.3179999589920044 1.9279999732971191
-0.1979999542236328 0.48000001907348633 1.5260000228881836
0.029999971389770508 0.4500000476837158 1.4300000667572021
-0.34800004959106445 -0.029999971389770508 1.8200000524520874
0.19200003147125244 -0.07200002670288086 1.555999994277954
-0.3240000009536743 0.6419999599456787 1.6519999504089355
0.5520000457763672 -0.3059999942779541 1.8980000019073486
-0.3240000009536743 -0.06599998474121094 1.8259999752044678
0.7260000705718994 -0.22200000286102295 1.9279999732971191
0.3059999942779541 -0.07200002670288086 1.555999994277954
0.6779999732971191 -0.24599993228912354 1.909999966621399
0.054000020027160645 0.312000036239624 1.4300000667572021
0.26999998092651367 -0.19200003147125244 1.6519999504089355
-0.5099999904632568 0.5280001163482666 1.850000023841858
0.029999971389770508 -0.1260000467300415 1.628000020980835
-0.3059999942779541 -0.10800004005432129 1.850000023841858
-0.3539999723434448 -0.029999971389770508 1.8259999752044678
0.24000000953674316 0.33000004291534424 1.406000018119812
-0.21000003814697266 0.48000001907348633 1.5320000648498535
0.10199999809265137 -0.09000003337860107 1.5800000429153442
0.024000048637390137 0.437999963760376 1.4300000667572021
-0.5999999642372131 0.4020000696182251 2.053999900817871
0.22800004482269287 -0.17400002479553223 1.6340000629425049
0.2760000228881836 -0.21599996089935303 1.6759999990463257
-0.3240000009536743 0.09000003337860107 1.7000000476837158
0.5759999752044678 -0.2999999523162842 1.9040000438690186
-0.26999998092651367 -0.14399993419647217 1.850000023841858
0.024000048637390137 0.4500000476837158 1.4300000667572021
0.21599996089935303 -0.17400002479553223 1.6340000629425049
0.7019999027252197 -0.09000003337860107 1.7300000190734863
-0.593999981880188 0.4140000343322754 2.0299999713897705
0.564000129699707 -0.0419999361038208 1.6039999723434448
-0.2940000295639038 0.18599998950958252 1.628000020980835
0.6779999732971191 -0.07799994945526123 1.7000000476837158
0.25199997425079346 -0.07799994945526123 1.555999994277954
-0.37199997901916504 0.1260000467300415 1.7300000190734863
0.37800002098083496 -0.07799994945526123 1.5679999589920044
0.22800004482269287 -0.07799994945526123 1.555999994277954
-0.1499999761581421 -0.24599993228912354 1.8680000305175781
-0.2999999523162842 -0.09599995613098145 1.8259999752044678
-0.21599996089935303 0.4259999990463257 1.5320000648498535
0.054000020027160645 -0.10800004005432129 1.6039999723434448
0.5039999485015869 -0.054000020027160645 1.5859999656677246
-0.21599996089935303 0.156000018119812 1.5800000429153442
0.21000003814697266 -0.07799994945526123 1.555999994277954
0.22800004482269287 -0.24000000953674316 1.7000000476837158
-0.22200000286102295 -0.18599998950958252 1.850000023841858
0.07200002670288086 0.312000036239624 1.4240000247955322
-0.19200003147125244 0.18000006675720215 1.555999994277954
0.5520000457763672 -0.312000036239624 1.9040000438690186
-0.593999981880188 0.19800007343292236 2.3899998664855957
-0.20399999618530273 0.2760000228881836 1.5379999876022339
0.0 -0.14399993419647217 1.6519999504089355
-0.37199997901916504 0.04799997806549072 1.777999997138977
0.5759999752044678 -0.03600001335144043 1.6039999723434448
0.6059999465942383 -0.04799997806549072 1.628000020980835
0.3359999656677246 -0.07200002670288086 1.555999994277954
0.156000018119812 -0.07200002670288086 1.555999994277954
0.07800006866455078 -0.10199999809265137 1.5920000076293945
0.8280000686645508 -0.1499999761581421 1.9520000219345093
-0.49800002574920654 0.5339999198913574 1.8259999752044678
0.630000114440918 -0.054000020027160645 1.6460000276565552
-0.26999998092651367 0.13199996948242188 1.628000020980835
0.20399999618530273 -0.24000000953674316 1.7000000476837158
0.5460000038146973 -0.3059999942779541 2.6660001277923584
-0.25199997425079346 0.22800004482269287 1.5800000429153442
-0.41999995708465576 0.10199999809265137 1.8020000457763672
1.0320000648498535 0.6359999179840088 1.9520000219345093
0.3539999723434448 -0.07799994945526123 1.562000036239624
-0.24599993228912354 -0.1499999761581421 1.8259999752044678
0.4919999837875366 -0.054000020027160645 1.5800000429153442
-0.18599998950958252 -0.24000000953674316 1.8919999599456787
0.7860000133514404 -0.17400002479553223 1.9220000505447388
0.5880000591278076 -0.312000036239624 1.934000015258789
-0.24599993228912354 0.14400005340576172 1.6039999723434448
-0.09000003337860107 0.4500000476837158 1.4660000801086426
-0.37199997901916504 0.12000000476837158 1.7300000190734863
0.5759999752044678 -0.2999999523162842 1.8980000019073486
0.03600001335144043 0.3179999589920044 1.4300000667572021
-0.059999942779541016 0.38999998569488525 1.4539999961853027
-0.5999999642372131 0.21000003814697266 2.378000020980835
-0.5460000038146973 0.4919999837875366 1.9040000438690186
-0.22800004482269287 0.25199997425079346 1.555999994277954
-0.12000000476837158 0.4440000057220459 1.4779999256134033
-0.24599993228912354 0.6840000152587891 1.5980000495910645
-0.2999999523162842 -0.09000003337860107 1.8140000104904175
-0.12000000476837158 0.4500000476837158 1.4779999256134033
-0.4259999990463257 0.10199999809265137 1.8079999685287476
-0.41999995708465576 0.5940001010894775 1.7300000190734863
0.7019999027252197 -0.10199999809265137 1.7360000610351562
0.5280001163482666 -0.054000020027160645 1.5920000076293945
-0.34800004959106445 0.07200002670288086 1.7300000190734863
0.3539999723434448 -0.07200002670288086 1.555999994277954
0.7260000705718994 -0.22200000286102295 1.9160000085830688
0.1260000467300415 -0.07799994945526123 1.562000036239624
0.2760000228881836 -0.20399999618530273 1.6579999923706055
-0.6240000128746033 0.3059999942779541 2.2280001640319824
0.2640000581741333 -0.22200000286102295 1.6759999990463257
-0.6240000128746033 0.3179999589920044 2.2039999961853027
-0.5699999928474426 0.4620000123977661 1.9520000219345093
-0.10800004005432129 0.4500000476837158 1.472000002861023
-0.2999999523162842 0.6540000438690186 1.628000020980835
0.25199997425079346 -0.22800004482269287 1.6820000410079956
-0.22200000286102295 -0.18599998950958252 1.843999981880188
-0.4440000057220459 0.5759999752044678 1.7540000677108765
-0.06599998474121094 0.4140000343322754 1.4539999961853027
-0.2999999523162842 -0.10199999809265137 1.8259999752044678
-0.6240000128746033 0.3240000009536743 2.191999912261963
0.2760000228881836 -0.08399999141693115 1.555999994277954
1.0320000648498535 0.6359999179840088 1.9459999799728394
-0.22800004482269287 -0.18599998950958252 1.850000023841858
0.029999971389770508 0.4500000476837158 1.4240000247955322
-0.593999981880188 0.19200003147125244 2.4019999504089355
0.7620000839233398 -0.1979999542236328 1.9220000505447388
-0.6240000128746033 0.2940000295639038 2.246000051498413
-0.09599995613098145 -0.2999999523162842 1.9040000438690186
0.22800004482269287 -0.23399996757507324 1.687999963760376
0.20399999618530273 -0.22200000286102295 1.6759999990463257
-0.011999964714050293 -0.14399993419647217 1.6519999504089355
0.08399999141693115 0.312000036239624 1.4179999828338623
-0.6240000128746033 0.33000004291534424 2.180000066757202
-0.38999998569488525 0.10800004005432129 1.7540000677108765
0.5759999752044678 -0.3059999942779541 1.9040000438690186
0.1260000467300415 -0.07200002670288086 1.555999994277954
-0.1499999761581421 -0.25199997425079346 1.8680000305175781
0.18599998950958252 -0.1979999542236328 1.6519999504089355
-0.6240000128746033 0.2879999876022339 2.251999855041504
-0.40199995040893555 0.10199999809265137 1.7719999551773071
0.30000007152557373 -0.08399999141693115 1.555999994277954
-0.1380000114440918 0.4500000476837158 1.4839999675750732
-0.3240000009536743 0.09599995613098145 1.687999963760376
-0.16199994087219238 0.4500000476837158 1.496000051498413
0.18599998950958252 -0.22200000286102295 1.6759999990463257
-0.21599996089935303 0.4140000343322754 1.5260000228881836
0.2760000228881836 -0.07799994945526123 1.5499999523162842
0.26999998092651367 0.33000004291534424 1.4000000953674316
-0.1979999542236328 0.17400002479553223 1.555999994277954
-0.17400002479553223 0.4440000057220459 1.5019999742507935
-0.17400002479553223 0.4500000476837158 1.5019999742507935
-0.16199994087219238 -0.26999998092651367 1.909999966621399
0.2940000295639038 0.3359999656677246 1.4000000953674316
-0.21599996089935303 0.4500000476837158 1.5260000228881836
-0.07200002670288086 0.4259999990463257 1.4539999961853027
-0.40799999237060547 0.10199999809265137 1.777999997138977
-0.24000000953674316 0.1499999761581421 1.5920000076293945
-0.6240000128746033 0.3539999723434448 2.1500000953674316
-0.3179999589920044 0.156000018119812 1.6519999504089355
0.30000007152557373 0.3359999656677246 1.4000000953674316
-0.2999999523162842 0.12000000476837158 1.6519999504089355
-0.6240000128746033 0.2760000228881836 2.2760000228881836
0.14400005340576172 0.3179999589920044 1.406000018119812
-0.10199999809265137 -0.2999999523162842 1.9040000438690186
0.37800002098083496 -0.07200002670288086 1.555999994277954
-0.6240000128746033 0.34800004959106445 2.1500000953674316
0.30000007152557373 -0.07799994945526123 1.5499999523162842
-0.3539999723434448 0.1260000467300415 1.7000000476837158
-0.5999999642372131 0.20399999618530273 2.4019999504089355
-0.09599995613098145 -0.2999999523162842 1.8980000019073486
0.20399999618530273 0.3240000009536743 1.4000000953674316
-0.2999999523162842 -0.10199999809265137 1.8200000524520874
-0.3960000276565552 0.6059999465942383 1.7000000476837158
-0.14399993419647217 -0.2940000295639038 1.934000015258789
0.07800006866455078 -0.09599995613098145 1.5800000429153442
0.23399996757507324 -0.20399999618530273 1.6519999504089355
0.4020000696182251 -0.06599998474121094 1.555999994277954
-0.5999999642372131 0.4200000762939453 2.0240001678466797
-0.3539999723434448 0.07200002670288086 1.7300000190734863
-0.3179999589920044 0.10199999809265137 1.6759999990463257
-0.6240000128746033 0.26999998092651367 2.2820000648498535
0.33000004291534424 -0.08399999141693115 1.555999994277954
0.19200003147125244 0.3240000009536743 1.4000000953674316
0.5220000743865967 -0.04799997806549072 1.5800000429153442
0.75 -0.21599996089935303 1.9279999732971191
-0.4440000057220459 0.10199999809265137 1.8259999752044678
0.5339999198913574 -0.312000036239624 2.677999973297119
-0.1979999542236328 0.2760000228881836 1.5260000228881836
-0.5220000147819519 0.5160000324249268 1.850000023841858
0.6540000438690186 -0.054000020027160645 1.6519999504089355
0.48000001907348633 -0.054000020027160645 1.5679999589920044
0.630000114440918 -0.0419999361038208 1.628000020980835
0.7019999027252197 -0.07799994945526123 1.7059999704360962
-0.34800004959106445 -0.06599998474121094 1.8380000591278076
0.6540000438690186 -0.26999998092651367 1.9040000438690186
0.7320001125335693 -0.10199999809265137 1.7540000677108765
0.4259999990463257 -0.059999942779541016 1.555999994277954
-0.26999998092651367 0.6719999313354492 1.6039999723434448
-0.3240000009536743 0.6480000019073486 1.6399999856948853
-0.2580000162124634 -0.1499999761581421 1.8259999752044678
-0.1799999475479126 0.4500000476837158 1.5019999742507935
0.7260000705718994 -0.10199999809265137 1.7480000257492065
0.20399999618530273 -0.22800004482269287 1.6759999990463257
0.33000004291534424 -0.07799994945526123 1.5499999523162842
-0.6119999885559082 0.22200000286102295 2.3600001335144043
-0.2580000162124634 0.21000003814697266 1.5800000429153442
-0.4500000476837158 0.10199999809265137 1.8320000171661377
0.6779999732971191 -0.06599998474121094 1.6759999990463257
0.5280001163482666 -0.04799997806549072 1.5800000429153442
-0.37199997901916504 0.0 1.8020000457763672
-0.6240000128746033 0.36000001430511475 2.125999927520752
0.029999971389770508 -0.11399996280670166 1.6039999723434448
-0.28199994564056396 -0.14399993419647217 1.843999981880188
0.18599998950958252 -0.22800004482269287 1.6759999990463257
-0.37199997901916504 0.624000072479248 1.6759999990463257
-0.4440000057220459 0.09599995613098145 1.8259999752044678
0.3960000276565552 0.3539999723434448 1.406000018119812
-0.1979999542236328 0.2640000581741333 1.5260000228881836
-0.37199997901916504 0.060000061988830566 1.7540000677108765
-0.20399999618530273 0.4500000476837158 1.5140000581741333
-0.4739999771118164 0.09000003337860107 1.8799999952316284
-0.26999998092651367 0.6779999732971191 1.6039999723434448
-0.059999942779541016 -0.34800004959106445 1.9580000638961792
0.4500000476837158 -0.054000020027160645 1.555999994277954
-0.2999999523162842 0.12000000476837158 1.6460000276565552
0.0 -0.13199996948242188 1.628000020980835
-0.2580000162124634 0.1380000114440918 1.6039999723434448
0.8039999008178711 -0.17400002479553223 1.9279999732971191
0.6600000858306885 -0.2760000228881836 2.635999917984009
0.7019999027252197 -0.24599993228912354 1.909999966621399
-0.5460000038146973 0.49800002574920654 1.8860000371932983
0.054000020027160645 -0.10199999809265137 1.5859999656677246
0.36000001430511475 0.34800004959106445 1.4000000953674316
0.8340001106262207 -0.16199994087219238 1.9580000638961792
-0.34800004959106445 0.10199999809265137 1.7000000476837158
0.156000018119812 0.3179999589920044 1.4000000953674316
0.5520000457763672 -0.03600001335144043 1.5800000429153442
-0.37199997901916504 0.630000114440918 1.6759999990463257
-0.312000036239624 -0.10199999809265137 1.8259999752044678
0.6059999465942383 -0.2999999523162842 1.9040000438690186
-0.34200000762939453 0.09000003337860107 1.7000000476837158
0.5699999332427979 -0.023999929428100586 1.5800000429153442
0.6059999465942383 -0.312000036239624 1.9279999732971191
-0.3059999942779541 0.156000018119812 1.6340000629425049
-0.2580000162124634 0.1499999761581421 1.5980000495910645
0.2640000581741333 -0.20399999618530273 1.6460000276565552
0.22800004482269287 -0.20399999618530273 1.6460000276565552
0.37800002098083496 -0.054000020027160645 1.5379999876022339
-0.5220000147819519 0.5220000743865967 1.843999981880188
0.26999998092651367 -0.21000003814697266 1.6519999504089355
0.10199999809265137 -0.07799994945526123 1.555999994277954
-0.4739999771118164 0.564000129699707 1.777999997138977
0.25199997425079346 -0.054000020027160645 1.5260000228881836
0.7079999446868896 -0.07200002670288086 1.7000000476837158
-0.6240000128746033 0.37199997901916504 2.1080000400543213
0.5759999752044678 -0.029999971389770508 1.5859999656677246
0.054000020027160645 -0.09599995613098145 1.5800000429153442
-0.26999998092651367 0.156000018119812 1.6039999723434448
0.21000003814697266 -0.21000003814697266 1.6519999504089355
0.3240000009536743 -0.04799997806549072 1.5260000228881836
-0.2999999523162842 0.156000018119812 1.628000020980835
-0.28199994564056396 0.18000006675720215 1.6039999723434448
-0.2879999876022339 0.13199996948242188 1.628000020980835
0.2760000228881836 -0.054000020027160645 1.5260000228881836
0.7799999713897705 -0.1979999542236328 1.9279999732971191
-0.19200003147125244 0.17400002479553223 1.5440000295639038
0.5220000743865967 -0.312000036239624 2.696000099182129
0.437999963760376 0.34800004959106445 1.4119999408721924
0.33000004291534424 -0.04799997806549072 1.5260000228881836
-0.37800002098083496 0.10199999809265137 1.7300000190734863
0.7260000705718994 -0.09000003337860107 1.7300000190734863
-0.07200002670288086 -0.3240000009536743 1.909999966621399
0.19800007343292236 -0.1979999542236328 1.6399999856948853
0.7320001125335693 -0.24000000953674316 2.618000030517578
0.5520000457763672 -0.029999971389770508 1.5740000009536743
-0.6240000128746033 0.37800002098083496 2.1019999980926514
-0.3960000276565552 0.029999971389770508 1.8020000457763672
0.6059999465942383 -0.03600001335144043 1.6039999723434448
-0.33000004291534424 0.10800004005432129 1.6759999990463257
0.19200003147125244 -0.21000003814697266 1.6519999504089355
0.3539999723434448 0.3179999589920044 1.4000000953674316
-0.6179999709129333 0.22800004482269287 2.3540000915527344
-0.34200000762939453 0.09599995613098145 1.694000005722046
-0.21000003814697266 0.38999998569488525 1.5140000581741333
0.8039999008178711 -0.17400002479553223 1.9220000505447388
-0.6060000061988831 0.19800007343292236 2.3959999084472656
-0.1499999761581421 -0.26999998092651367 1.8799999952316284
-0.593999981880188 0.1679999828338623 2.4200000762939453
0.3539999723434448 -0.054000020027160645 1.5320000648498535
0.04799997806549072 -0.09599995613098145 1.5800000429153442
-0.5699999928474426 0.4739999771118164 1.9279999732971191
0.19200003147125244 -0.22800004482269287 1.6699999570846558
-0.6240000128746033 0.24600005149841309 2.3299999237060547
0.30000007152557373 -0.054000020027160645 1.5260000228881836
-0.20399999618530273 0.17400002479553223 1.5499999523162842
0.5759999752044678 -0.023999929428100586 1.5800000429153442
-0.37800002098083496 0.0 1.8020000457763672
-0.5699999928474426 0.48000001907348633 1.9279999732971191
0.6059999465942383 -0.3059999942779541 1.909999966621399
-0.312000036239624 0.12000000476837158 1.6519999504089355
-0.37199997901916504 0.624000072479248 1.6699999570846558
0.6059999465942383 -0.2999999523162842 1.8980000019073486
-0.38999998569488525 0.04799997806549072 1.777999997138977
-0.5460000038146973 0.5039999485015869 1.8799999952316284
-0.10800004005432129 0.4259999990463257 1.4600000381469727
-0.37800002098083496 0.060000061988830566 1.7540000677108765
-0.24000000953674316 0.22800004482269287 1.555999994277954
-0.34800004959106445 0.6419999599456787 1.6519999504089355
0.18000006675720215 -0.054000020027160645 1.5260000228881836
-0.593999981880188 0.1679999828338623 2.4260001182556152
-0.3240000009536743 -0.07200002670288086 1.8020000457763672
0.48000001907348633 -0.04799997806549072 1.555999994277954
-0.34200000762939453 0.1260000467300415 1.6759999990463257
-0.5999999642372131 0.437999963760376 2.0
-0.2760000228881836 0.14400005340576172 1.6100000143051147
-0.3539999723434448 0.11399996280670166 1.694000005722046
0.7799999713897705 -0.1979999542236328 1.9220000505447388
-0.4679999351501465 0.10199999809265137 1.850000023841858
-0.26999998092651367 0.6779999732971191 1.5980000495910645
-0.33000004291534424 0.11399996280670166 1.6699999570846558
-0.09599995613098145 0.4259999990463257 1.4539999961853027
-0.09599995613098145 0.4140000343322754 1.4539999961853027
-0.3359999656677246 -0.10199999809265137 1.850000023841858
0.75 -0.09599995613098145 1.7540000677108765
-0.33000004291534424 0.1260000467300415 1.6640000343322754
-0.3539999723434448 0.10199999809265137 1.7000000476837158
0.4259999990463257 -0.054000020027160645 1.5440000295639038
-0.3059999942779541 0.14400005340576172 1.6340000629425049
-0.24599993228912354 0.16200006008148193 1.5800000429153442
0.3539999723434448 -0.04799997806549072 1.5260000228881836
0.22800004482269287 -0.059999942779541016 1.5260000228881836
0.6779999732971191 -0.054000020027160645 1.6579999923706055
0.37800002098083496 -0.0419999361038208 1.5260000228881836
0.4500000476837158 -0.054000020027160645 1.5499999523162842
0.22200000286102295 -0.059999942779541016 1.5260000228881836
0.4020000696182251 -0.054000020027160645 1.5379999876022339
-0.1499999761581421 0.4140000343322754 1.4779999256134033
-0.1499999761581421 0.4259999990463257 1.4779999256134033
-0.26399993896484375 -0.18599998950958252 1.8680000305175781
-0.3539999723434448 0.09000003337860107 1.7059999704360962
-0.3179999589920044 0.1260000467300415 1.6519999504089355
-0.49800002574920654 0.5460000038146973 1.8020000457763672
-0.3960000276565552 0.054000020027160645 1.777999997138977
0.33000004291534424 -0.054000020027160645 1.5260000228881836
0.0 -0.1260000467300415 1.6160000562667847
0.006000041961669922 -0.11399996280670166 1.6039999723434448
0.25199997425079346 -0.19200003147125244 1.628000020980835
-0.1260000467300415 0.4259999990463257 1.4660000801086426
-0.08399999141693115 0.4259999990463257 1.4479999542236328
-0.16199994087219238 -0.26999998092651367 1.8860000371932983
-0.5999999642372131 0.18599998950958252 2.432000160217285
-0.22200000286102295 0.18000006675720215 1.555999994277954
0.156000018119812 -0.054000020027160645 1.5260000228881836
-0.37800002098083496 -0.006000041961669922 1.8020000457763672
-0.49800002574920654 0.5520000457763672 1.8020000457763672
-0.1380000114440918 -0.2940000295639038 1.9040000438690186
0.75 -0.22200000286102295 1.9160000085830688
0.024000048637390137 0.4259999990463257 1.4119999408721924
0.4020000696182251 0.3539999723434448 1.4000000953674316
0.19800007343292236 -0.20399999618530273 1.6399999856948853
-0.1979999542236328 0.4200000762939453 1.5019999742507935
-0.1979999542236328 0.4259999990463257 1.5019999742507935
0.25199997425079346 -0.054000020027160645 1.5199999809265137
-0.3659999370574951 -0.023999929428100586 1.8020000457763672
-0.17400002479553223 -0.24599993228912354 1.8560000658035278
0.11399996280670166 0.312000036239624 1.4000000953674316
0.7260000705718994 -0.07799994945526123 1.7120000123977661
0.48000001907348633 -0.3179999589920044 2.7200000286102295
0.22800004482269287 -0.054000020027160645 1.5199999809265137
-0.37199997901916504 0.07800006866455078 1.7300000190734863
-0.6240000128746033 0.38999998569488525 2.078000068664551
-0.24599993228912354 -0.17400002479553223 1.8259999752044678
-0.22200000286102295 0.17400002479553223 1.555999994277954
-0.2760000228881836 0.18000006675720215 1.5920000076293945
0.20399999618530273 -0.054000020027160645 1.5199999809265137
0.7019999027252197 -0.059999942779541016 1.6759999990463257
-0.3539999723434448 -0.059999942779541016 1.8200000524520874
-0.21000003814697266 0.25199997425079346 1.5260000228881836
-0.1679999828338623 0.4259999990463257 1.4839999675750732
-0.4259999990463257 0.07800006866455078 1.7960000038146973
0.19200003147125244 -0.054000020027160645 1.5199999809265137
-0.1799999475479126 0.4259999990463257 1.4900000095367432
-0.3240000009536743 0.6540000438690186 1.628000020980835
0.6540000438690186 -0.0419999361038208 1.628000020980835
-0.12000000476837158 -0.2999999523162842 1.8919999599456787
0.6059999465942383 -0.029999971389770508 1.5920000076293945
-0.28199994564056396 0.156000018119812 1.6039999723434448
0.630000114440918 -0.2940000295639038 1.8980000019073486
0.6840000152587891 -0.04799997806549072 1.6519999504089355
0.4020000696182251 -0.0419999361038208 1.5260000228881836
-0.37800002098083496 0.08399999141693115 1.7300000190734863
-0.4140000343322754 0.07800006866455078 1.777999997138977
0.07800006866455078 -0.08399999141693115 1.555999994277954
-0.41999995708465576 0.5999999046325684 1.7059999704360962
0.6779999732971191 -0.26999998092651367 1.9040000438690186
-0.4320000410079956 0.07800006866455078 1.8020000457763672
0.5099999904632568 -0.0419999361038208 1.555999994277954
0.630000114440918 -0.029999971389770508 1.6039999723434448
-0.3960000276565552 0.07800006866455078 1.7540000677108765
-0.20399999618530273 0.4259999990463257 1.5019999742507935
0.48000001907348633 -0.3179999589920044 2.7260000705718994
-0.26399993896484375 0.18000006675720215 1.5800000429153442
0.22800004482269287 -0.1979999542236328 1.628000020980835
-0.20399999618530273 0.25199997425079346 1.5199999809265137
0.5220000743865967 -0.3179999589920044 2.7019999027252197
-0.4440000057220459 0.5880000591278076 1.7300000190734863
0.22800004482269287 -0.19200003147125244 1.621999979019165
0.4259999990463257 -0.03600001335144043 1.5260000228881836
-0.40199995040893555 0.07800006866455078 1.7599999904632568
0.21000003814697266 -0.1979999542236328 1.628000020980835
-0.38399994373321533 0.07200002670288086 1.7419999837875366
0.21599996089935303 -0.19200003147125244 1.621999979019165
0.20399999618530273 -0.20399999618530273 1.6340000629425049
0.029999971389770508 -0.10199999809265137 1.5800000429153442
0.029999971389770508 0.4259999990463257 1.406000018119812
-0.2760000228881836 0.1679999828338623 1.5920000076293945
0.5520000457763672 -0.018000006675720215 1.555999994277954
0.4259999990463257 0.3539999723434448 1.4000000953674316
-0.6240000128746033 0.3960000276565552 2.059999942779541
0.630000114440918 -0.3059999942779541 1.9160000085830688
-0.023999929428100586 -0.1380000114440918 1.628000020980835
0.630000114440918 -0.2999999523162842 1.9040000438690186
0.7260000705718994 -0.07200002670288086 1.7000000476837158
-0.25199997425079346 0.20399999618530273 1.562000036239624
0.8280000686645508 -0.17400002479553223 1.940000057220459
-0.24599993228912354 -0.1799999475479126 1.8259999752044678
-0.26999998092651367 -0.1499999761581421 1.8140000104904175
-0.6119999885559082 0.21000003814697266 2.432000160217285
0.6419999599456787 -0.3059999942779541 1.9279999732971191
0.7320001125335693 -0.24599993228912354 2.630000114440918
0.4620000123977661 0.37800002098083496 1.406000018119812
-0.5220000147819519 0.5339999198913574 1.8259999752044678
-0.3359999656677246 -0.07200002670288086 1.8020000457763672
0.5460000038146973 -0.023999929428100586 1.555999994277954
-0.1979999542236328 0.25199997425079346 1.5140000581741333
-0.1799999475479126 -0.26399993896484375 1.8799999952316284
-0.5999999642372131 0.4440000057220459 1.9760000705718994
-0.1979999542236328 0.20399999618530273 1.5260000228881836
0.4259999990463257 -0.029999971389770508 1.5199999809265137
-0.6240000128746033 0.4020000696182251 2.053999900817871
-0.5999999642372131 0.4500000476837158 1.9760000705718994
0.564000129699707 -0.3240000009536743 2.6660001277923584
-0.07200002670288086 0.4020000696182251 1.4359999895095825
-0.24599993228912354 0.20399999618530273 1.555999994277954
0.7019999027252197 -0.054000020027160645 1.6640000343322754
-0.4739999771118164 0.5699999332427979 1.7599999904632568
-0.21000003814697266 0.40799999237060547 1.5019999742507935
-0.40199995040893555 0.07200002670288086 1.7599999904632568
0.1260000467300415 -0.059999942779541016 1.5260000228881836
0.7260000705718994 -0.24599993228912354 1.909999966621399
0.2760000228881836 -0.03600001335144043 1.5019999742507935
-0.26399993896484375 0.1679999828338623 1.5800000429153442
-0.4679999351501465 0.07800006866455078 1.850000023841858
-0.5699999928474426 0.48600006103515625 1.9040000438690186
-0.38999998569488525 0.630000114440918 1.6759999990463257
0.5520000457763672 -0.3240000009536743 2.677999973297119
-0.09599995613098145 -0.3240000009536743 1.9040000438690186
-0.6240000128746033 0.21599996089935303 2.378000020980835
0.5339999198913574 -0.03600001335144043 1.555999994277954
0.054000020027160645 -0.08399999141693115 1.555999994277954
-0.23399996757507324 0.17400002479553223 1.555999994277954
-0.4500000476837158 0.07800006866455078 1.8200000524520874
-0.21000003814697266 0.37199997901916504 1.5019999742507935
-0.21000003814697266 -0.22800004482269287 1.850000023841858
0.630000114440918 -0.029999971389770508 1.5980000495910645
-0.40799999237060547 0.054000020027160645 1.777999997138977
-0.3240000009536743 -0.09000003337860107 1.8020000457763672
-0.25199997425079346 0.17400002479553223 1.5679999589920044
-0.41999995708465576 0.6059999465942383 1.7000000476837158
-0.5999999642372131 0.4440000057220459 1.9700000286102295
0.30000007152557373 -0.03600001335144043 1.5019999742507935
-0.12000000476837158 0.4020000696182251 1.4539999961853027
-0.054000020027160645 0.3539999723434448 1.4300000667572021
0.20399999618530273 0.3240000009536743 1.3819999694824219
-0.5820000171661377 0.48000001907348633 1.9279999732971191
-0.12000000476837158 0.38999998569488525 1.4539999961853027
0.8340001106262207 -0.1799999475479126 1.9520000219345093
0.46800005435943604 -0.3240000009536743 2.7320001125335693
-0.3240000009536743 -0.10199999809265137 1.8140000104904175
-0.054000020027160645 0.34800004959106445 1.4300000667572021
-0.36000001430511475 -0.04799997806549072 1.8020000457763672
0.6059999465942383 -0.023999929428100586 1.5800000429153442
-0.10800004005432129 0.4020000696182251 1.4479999542236328
-0.1979999542236328 0.19200003147125244 1.5260000228881836
-0.5999999642372131 0.1679999828338623 2.4559998512268066
0.07800006866455078 -0.07799994945526123 1.5440000295639038
0.4500000476837158 -0.03600001335144043 1.5260000228881836
-0.33000004291534424 -0.10199999809265137 1.8200000524520874
0.75 -0.09000003337860107 1.7300000190734863
-0.4559999704360962 0.07800006866455078 1.8259999752044678
-0.17400002479553223 -0.2580000162124634 1.8560000658035278
0.25199997425079346 -0.0419999361038208 1.5019999742507935
0.22800004482269287 -0.0419999361038208 1.5019999742507935
-0.2999999523162842 0.6719999313354492 1.6039999723434448
-0.17400002479553223 0.4020000696182251 1.4779999256134033
0.10199999809265137 -0.059999942779541016 1.5260000228881836
-0.1380000114440918 0.4020000696182251 1.4600000381469727
-0.3359999656677246 -0.10199999809265137 1.8259999752044678
-0.3960000276565552 0.624000072479248 1.6759999990463257
-0.17400002479553223 0.3960000276565552 1.4779999256134033
0.5759999752044678 -0.011999964714050293 1.555999994277954
0.33000004291534424 -0.03600001335144043 1.5019999742507935
0.20399999618530273 -0.0419999361038208 1.5019999742507935
0.8039999008178711 -0.1979999542236328 1.9279999732971191
0.48000001907348633 -0.023999929428100586 1.5260000228881836
0.6779999732971191 -0.03600001335144043 1.628000020980835
0.5280001163482666 -0.3240000009536743 2.7019999027252197
-0.023999929428100586 -0.1260000467300415 1.6100000143051147
-0.3059999942779541 -0.14399993419647217 1.8380000591278076
0.6540000438690186 -0.2940000295639038 1.9040000438690186
0.6540000438690186 -0.3059999942779541 1.9279999732971191
-0.06599998474121094 0.37800002098083496 1.4300000667572021
-0.08399999141693115 0.4020000696182251 1.4359999895095825
-0.6480000019073486 0.3179999589920044 2.2039999961853027
-0.22800004482269287 0.22800004482269287 1.5320000648498535
-0.04799997806549072 0.3059999942779541 1.4300000667572021
-0.4739999771118164 0.5759999752044678 1.7540000677108765
-0.25199997425079346 0.18000006675720215 1.562000036239624
-0.26399993896484375 -0.17400002479553223 1.8259999752044678
0.4500000476837158 -0.029999971389770508 1.5199999809265137
-0.6480000019073486 0.30000007152557373 2.2280001640319824
-0.023999929428100586 -0.12000000476837158 1.6039999723434448
-0.2999999523162842 0.6779999732971191 1.6039999723434448
0.7019999027252197 -0.04799997806549072 1.6519999504089355
-0.059999942779541016 -0.3659999370574951 1.9520000219345093
-0.6480000019073486 0.2940000295639038 2.240000009536743
-0.6480000019073486 0.3240000009536743 2.185999870300293
-0.6480000019073486 0.33000004291534424 2.180000066757202
-0.4679999351501465 0.06599998474121094 1.850000023841858
0.4559999704360962 0.34800004959106445 1.4000000953674316
0.4020000696182251 -0.029999971389770508 1.5080000162124634
-0.19200003147125244 -0.24599993228912354 1.850000023841858
0.18000006675720215 -0.0419999361038208 1.5019999742507935
-0.34800004959106445 0.6480000019073486 1.6340000629425049
0.25199997425079346 0.3359999656677246 1.375999927520752
-0.6480000019073486 0.2879999876022339 2.251999855041504
0.0 -0.10199999809265137 1.5800000429153442
-0.6240000128746033 0.4140000343322754 2.0299999713897705
-0.5460000038146973 0.5160000324249268 1.850000023841858
-0.37199997901916504 0.6359999179840088 1.6519999504089355
-0.09599995613098145 -0.3240000009536743 1.8919999599456787
0.2760000228881836 0.3359999656677246 1.375999927520752
-0.156000018119812 0.4020000696182251 1.4660000801086426
-0.24599993228912354 0.18000006675720215 1.555999994277954
-0.22200000286102295 0.22800004482269287 1.5260000228881836
0.22800004482269287 0.33000004291534424 1.375999927520752
0.8039999008178711 -0.1979999542236328 1.9220000505447388
-0.1799999475479126 0.4020000696182251 1.4779999256134033
0.3539999723434448 -0.03600001335144043 1.5019999742507935
0.3960000276565552 -0.023999929428100586 1.5019999742507935
0.6540000438690186 -0.3059999942779541 1.9220000505447388
0.6480000019073486 -0.2940000295639038 2.6600000858306885
0.37800002098083496 -0.029999971389770508 1.5019999742507935
0.30000007152557373 0.34200000762939453 1.375999927520752
-0.029999971389770508 -0.12000000476837158 1.6039999723434448
-0.6240000128746033 0.20399999618530273 2.4019999504089355
-0.6480000019073486 0.3539999723434448 2.1500000953674316
0.1260000467300415 -0.054000020027160645 1.5140000581741333
0.5520000457763672 -0.006000041961669922 1.5379999876022339
0.20399999618530273 0.33000004291534424 1.375999927520752
-0.6480000019073486 0.2760000228881836 2.2760000228881836
0.75 -0.07799994945526123 1.7120000123977661
-0.6480000019073486 0.34800004959106445 2.1500000953674316
0.6540000438690186 -0.029999971389770508 1.6039999723434448
0.4020000696182251 -0.023999929428100586 1.5019999742507935
-0.49800002574920654 0.5580000877380371 1.777999997138977
-0.20399999618530273 0.4020000696182251 1.4900000095367432
0.156000018119812 -0.0419999361038208 1.5019999742507935
0.04200005531311035 0.312000036239624 1.4000000953674316
0.7260000705718994 -0.059999942779541016 1.6759999990463257
0.46800005435943604 0.3539999723434448 1.4000000953674316
-0.3960000276565552 0.624000072479248 1.6699999570846558
-0.37199997901916504 -0.023999929428100586 1.784000039100647
-0.2999999523162842 0.6719999313354492 1.5980000495910645
-0.4259999990463257 0.054000020027160645 1.7899999618530273
-0.19200003147125244 0.19800007343292236 1.5140000581741333
-0.6480000019073486 0.26999998092651367 2.2820000648498535
0.5339999198913574 0.0 1.5260000228881836
-0.6240000128746033 0.19800007343292236 2.4019999504089355
0.7019999027252197 -0.26999998092651367 1.9040000438690186
-0.28199994564056396 -0.18599998950958252 1.8560000658035278
-0.21000003814697266 0.19200003147125244 1.5260000228881836
-0.5999999642372131 0.4620000123977661 1.9520000219345093
0.18000006675720215 0.33000004291534424 1.375999927520752
0.3539999723434448 -0.029999971389770508 1.496000051498413
0.5039999485015869 -0.3240000009536743 2.7260000705718994
0.7980000972747803 -0.21000003814697266 1.9279999732971191
0.33000004291534424 0.34200000762939453 1.375999927520752
0.7799999713897705 -0.25199997425079346 2.569999933242798
0.30000007152557373 -0.029999971389770508 1.4900000095367432
0.17400002479553223 0.33000004291534424 1.375999927520752
0.4259999990463257 -0.018000006675720215 1.5019999742507935
-0.6240000128746033 0.4200000762939453 2.0180001258850098
0.75 -0.24000000953674316 2.6419999599456787
0.18000006675720215 0.3240000009536743 1.375999927520752
0.630000114440918 -0.018000006675720215 1.5800000429153442
0.7799999713897705 -0.09599995613098145 1.7540000677108765
-0.26999998092651367 -0.16199994087219238 1.8079999685287476
-0.6119999885559082 0.18000006675720215 2.450000047683716
0.7920000553131104 -0.24599993228912354 2.564000129699707
0.6660001277923584 -0.023999929428100586 1.6039999723434448
0.029999971389770508 -0.09000003337860107 1.555999994277954
0.48000001907348633 -0.03600001335144043 1.5260000228881836
-0.6480000019073486 0.36000001430511475 2.125999927520752
0.0 -0.10199999809265137 1.5740000009536743
0.3539999723434448 0.3539999723434448 1.375999927520752
-0.6480000019073486 0.2580000162124634 2.3000001907348633
0.5039999485015869 -0.023999929428100586 1.5260000228881836
0.5759999752044678 -0.006000041961669922 1.5440000295639038
-0.437999963760376 0.054000020027160645 1.8020000457763672
0.5280001163482666 -0.029999971389770508 1.5379999876022339
0.3539999723434448 0.34800004959106445 1.375999927520752
0.7799999713897705 -0.22200000286102295 1.9160000085830688
0.07800006866455078 -0.06599998474121094 1.5260000228881836
0.48000001907348633 -0.018000006675720215 1.5140000581741333
-0.14399993419647217 -0.2999999523162842 1.8799999952316284
0.156000018119812 0.3240000009536743 1.375999927520752
0.4739999771118164 0.0 1.5019999742507935
-0.22800004482269287 0.19800007343292236 1.5320000648498535
-0.34800004959106445 0.6540000438690186 1.628000020980835
0.75 -0.07200002670288086 1.7000000476837158
0.48600006103515625 0.006000041961669922 1.5019999742507935
-0.22200000286102295 0.20399999618530273 1.5260000228881836
0.3359999656677246 -0.029999971389770508 1.4900000095367432
-0.5699999928474426 0.49800002574920654 1.8799999952316284
-0.21000003814697266 0.19800007343292236 1.5199999809265137
-0.07200002670288086 0.37800002098083496 1.4240000247955322
0.48000001907348633 -0.029999971389770508 1.5199999809265137
-0.4620000123977661 0.06599998474121094 1.8259999752044678
-0.03600001335144043 -0.1260000467300415 1.6039999723434448
-0.07200002670288086 -0.34800004959106445 1.9040000438690186
0.8039999008178711 -0.21000003814697266 1.9279999732971191
0.6059999465942383 -0.006000041961669922 1.555999994277954
-0.5460000038146973 0.5220000743865967 1.8380000591278076
0.054000020027160645 -0.07799994945526123 1.5379999876022339
0.7260000705718994 -0.054000020027160645 1.6640000343322754
-0.4679999351501465 0.04799997806549072 1.850000023841858
-0.5699999928474426 0.5039999485015869 1.8799999952316284
0.4559999704360962 -0.011999964714050293 1.5019999742507935
0.25199997425079346 -0.029999971389770508 1.4839999675750732
0.22800004482269287 -0.029999971389770508 1.4839999675750732
-0.6539999842643738 0.3539999723434448 2.1500000953674316
-0.5220000147819519 0.5460000038146973 1.8020000457763672
0.7200000286102295 -0.26999998092651367 2.635999917984009
0.437999963760376 0.34800004959106445 1.3880000114440918
-0.36000001430511475 -0.09599995613098145 1.8320000171661377
-0.3960000276565552 0.0 1.784000039100647
0.2760000228881836 -0.029999971389770508 1.4839999675750732
0.6779999732971191 -0.2879999876022339 2.6540000438690186
0.5699999332427979 -0.3179999589920044 2.7019999027252197
-0.6480000019073486 0.37800002098083496 2.1019999980926514
-0.22800004482269287 0.21000003814697266 1.5260000228881836
0.75 -0.24599993228912354 1.909999966621399
0.5039999485015869 -0.029999971389770508 1.5260000228881836
0.37800002098083496 0.3539999723434448 1.375999927520752
-0.6480000019073486 0.24600005149841309 2.3239998817443848
-0.6480000019073486 0.37199997901916504 2.1019999980926514
-0.5220000147819519 0.5520000457763672 1.8020000457763672
-0.6480000019073486 0.24600005149841309 2.3299999237060547
0.1260000467300415 -0.04799997806549072 1.5019999742507935
-0.24000000953674316 -0.22800004482269287 1.8560000658035278
-0.1979999542236328 -0.24599993228912354 1.8380000591278076
0.5520000457763672 0.0 1.5260000228881836
0.37800002098083496 0.34800004959106445 1.375999927520752
0.6779999732971191 -0.029999971389770508 1.6100000143051147
0.6600000858306885 -0.2999999523162842 2.6540000438690186
-0.10800004005432129 0.37800002098083496 1.4359999895095825
-0.1979999542236328 0.22800004482269287 1.5019999742507935
0.7860000133514404 -0.25199997425079346 2.5759999752044678
-0.6240000128746033 0.4320000410079956 2.0
-0.6179999709129333 0.17400002479553223 2.437999963760376
-0.4440000057220459 0.5999999046325684 1.7059999704360962
0.564000129699707 -0.34800004959106445 2.6540000438690186
0.25199997425079346 -0.023999929428100586 1.4779999256134033
-0.6240000128746033 0.18599998950958252 2.4260001182556152
-0.26999998092651367 -0.1799999475479126 1.8200000524520874
-0.1499999761581421 0.37800002098083496 1.4539999961853027
0.22800004482269287 -0.023999929428100586 1.4779999256134033
-0.09599995613098145 0.37800002098083496 1.4300000667572021
0.6779999732971191 -0.2940000295639038 1.9040000438690186
0.1260000467300415 0.3179999589920044 1.375999927520752
0.21599996089935303 -0.023999929428100586 1.4779999256134033
0.2760000228881836 -0.023999929428100586 1.4779999256134033
0.7019999027252197 -0.2760000228881836 2.6540000438690186
-0.6299999952316284 0.21599996089935303 2.437999963760376
0.10199999809265137 -0.054000020027160645 1.5080000162124634
0.6779999732971191 -0.023999929428100586 1.6039999723434448
-0.1499999761581421 0.36600005626678467 1.4539999961853027
-0.09599995613098145 0.36600005626678467 1.4300000667572021
-0.1260000467300415 0.37800002098083496 1.4420000314712524
-0.1979999542236328 0.37800002098083496 1.4779999256134033
0.33000004291534424 -0.018000006675720215 1.4779999256134033
0.7019999027252197 -0.03600001335144043 1.628000020980835
-0.26999998092651367 -0.18599998950958252 1.8259999752044678
-0.023999929428100586 -0.10800004005432129 1.5800000429153442
-0.1979999542236328 0.37199997901916504 1.4779999256134033
-0.08399999141693115 0.37800002098083496 1.4240000247955322
0.5460000038146973 -0.34800004959106445 2.671999931335449
0.30000007152557373 -0.023999929428100586 1.4779999256134033
-0.34800004959106445 -0.07200002670288086 1.784000039100647
-0.3240000009536743 0.6660001277923584 1.6039999723434448
0.5039999485015869 0.006000041961669922 1.5019999742507935
-0.19200003147125244 0.22800004482269287 1.496000051498413
-0.08399999141693115 -0.34800004959106445 1.9040000438690186
0.7799999713897705 -0.08399999141693115 1.7300000190734863
-0.03600001335144043 -0.1260000467300415 1.5980000495910645
-0.6179999709129333 0.4500000476837158 1.9760000705718994
0.5220000743865967 -0.34800004959106445 2.690000057220459
-0.4500000476837158 0.054000020027160645 1.8079999685287476
0.7320001125335693 -0.26999998092651367 2.630000114440918
0.5280001163482666 -0.011999964714050293 1.5199999809265137
-0.1979999542236328 0.21599996089935303 1.5019999742507935
0.5399999618530273 -0.34800004959106445 2.677999973297119
0.7139999866485596 -0.26999998092651367 2.6540000438690186
0.156000018119812 0.3240000009536743 1.3700000047683716
0.6059999465942383 -0.006000041961669922 1.5499999523162842
-0.1979999542236328 -0.2580000162124634 1.850000023841858
0.18000006675720215 -0.023999929428100586 1.4779999256134033
-0.20399999618530273 0.22800004482269287 1.5019999742507935
0.4020000696182251 0.3539999723434448 1.375999927520752
0.4919999837875366 -0.3240000009536743 2.75
0.7260000705718994 -0.04799997806549072 1.6519999504089355
0.10199999809265137 -0.04799997806549072 1.5019999742507935
0.0 -0.09000003337860107 1.555999994277954
-0.156000018119812 0.37800002098083496 1.4539999961853027
0.5280001163482666 -0.023999929428100586 1.5260000228881836
0.029999971389770508 -0.07799994945526123 1.5379999876022339
-0.1799999475479126 0.37800002098083496 1.4660000801086426
-0.19200003147125244 0.22200000286102295 1.496000051498413
-0.5999999642372131 0.4739999771118164 1.9279999732971191
-0.6480000019073486 0.3840000629425049 2.078000068664551
0.6840000152587891 -0.2999999523162842 2.635999917984009
0.3539999723434448 -0.018000006675720215 1.4779999256134033
-0.6060000061988831 0.1499999761581421 2.4800000190734863
-0.1979999542236328 -0.25199997425079346 1.8380000591278076
0.09599995613098145 -0.04799997806549072 1.5019999742507935
-0.3059999942779541 -0.1380000114440918 1.8020000457763672
-0.2999999523162842 0.6779999732971191 1.5859999656677246
-0.20399999618530273 0.22200000286102295 1.5019999742507935
0.16200006008148193 -0.023999929428100586 1.4779999256134033
-0.20399999618530273 0.37800002098083496 1.4779999256134033
0.20399999618530273 -0.029999971389770508 1.4779999256134033
0.10199999809265137 0.3179999589920044 1.375999927520752
0.054000020027160645 -0.07200002670288086 1.5260000228881836
-0.5460000038146973 0.5280001163482666 1.8259999752044678
0.8280000686645508 -0.1979999542236328 1.9279999732971191
-0.14399993419647217 -0.2999999523162842 1.8619999885559082
0.6960000991821289 -0.2999999523162842 1.9279999732971191
-0.4620000123977661 0.04799997806549072 1.8259999752044678
-0.6480000019073486 0.22800004482269287 2.3540000915527344
-0.20399999618530273 0.36600005626678467 1.4779999256134033
0.6600000858306885 -0.011999964714050293 1.5800000429153442
-0.4440000057220459 0.6059999465942383 1.7000000476837158
-0.41999995708465576 0.6180000305175781 1.6759999990463257
0.5759999752044678 0.006000041961669922 1.5260000228881836
-0.34800004959106445 -0.07799994945526123 1.784000039100647
-0.41999995708465576 0.029999971389770508 1.777999997138977
0.18000006675720215 -0.029999971389770508 1.4779999256134033
-0.34800004959106445 -0.09599995613098145 1.8020000457763672
0.8039999008178711 -0.09000003337860107 1.7540000677108765
-0.5999999642372131 0.4739999771118164 1.9220000505447388
0.33000004291534424 0.34800004959106445 1.3640000820159912
-0.12000000476837158 -0.3240000009536743 1.8799999952316284
0.7799999713897705 -0.07799994945526123 1.718000054359436
-0.4739999771118164 0.5880000591278076 1.7300000190734863
0.7560000419616699 -0.054000020027160645 1.6759999990463257
0.7260000705718994 -0.26999998092651367 1.9040000438690186
-0.23399996757507324 -0.22200000286102295 1.8259999752044678
0.5520000457763672 -0.34800004959106445 2.677999973297119
0.5280001163482666 0.011999964714050293 1.5019999742507935
0.7439999580383301 -0.26999998092651367 2.624000072479248
0.5160000324249268 -0.018000006675720215 1.5140000581741333
-0.6480000019073486 0.22200000286102295 2.3600001335144043
0.7019999027252197 -0.26999998092651367 2.677999973297119
-0.3960000276565552 0.630000114440918 1.6519999504089355
0.75 -0.054000020027160645 1.6699999570846558
0.4259999990463257 0.36000001430511475 1.375999927520752
0.7019999027252197 -0.029999971389770508 1.6160000562667847
0.37800002098083496 -0.018000006675720215 1.4779999256134033
-0.20399999618530273 0.3359999656677246 1.4779999256134033
0.7560000419616699 -0.24599993228912354 2.6540000438690186
-0.023999929428100586 -0.10199999809265137 1.5679999589920044
-0.054000020027160645 -0.10199999809265137 1.5800000429153442
0.3359999656677246 -0.36000001430511475 2.75600004196167
-0.6240000128746033 0.437999963760376 1.9760000705718994
0.630000114440918 -0.006000041961669922 1.555999994277954
0.156000018119812 -0.029999971389770508 1.4779999256134033
0.7019999027252197 -0.2999999523162842 1.9279999732971191
0.5220000743865967 -0.34800004959106445 2.7019999027252197
-0.2999999523162842 -0.1499999761581421 1.8020000457763672
0.4020000696182251 -0.011999964714050293 1.4779999256134033
-0.4440000057220459 0.03600001335144043 1.8020000457763672
-0.49800002574920654 0.5699999332427979 1.7540000677108765
-0.1260000467300415 -0.3240000009536743 1.8799999952316284
-0.6480000019073486 0.4020000696182251 2.053999900817871
-0.37199997901916504 -0.04799997806549072 1.777999997138977
-0.6480000019073486 0.3960000276565552 2.053999900817871
0.7260000705718994 -0.26999998092651367 2.6540000438690186
0.4320000410079956 -0.3659999370574951 2.7200000286102295
0.07800006866455078 0.312000036239624 1.375999927520752
-0.49800002574920654 0.5759999752044678 1.7540000677108765
-0.04799997806549072 0.2879999876022339 1.4119999408721924
0.4500000476837158 -0.006000041961669922 1.4839999675750732
0.49800002574920654 -0.34800004959106445 2.7200000286102295
-0.2940000295639038 -0.18599998950958252 1.8380000591278076
-0.6240000128746033 0.1679999828338623 2.450000047683716
0.4259999990463257 -0.006000041961669922 1.4779999256134033
0.30000007152557373 0.34800004959106445 1.3580000400543213
0.5280001163482666 -0.34800004959106445 2.7019999027252197
0.5759999752044678 -0.3539999723434448 2.6540000438690186
-0.3539999723434448 -0.09599995613098145 1.8020000457763672
-0.6240000128746033 0.4440000057220459 1.9700000286102295
0.029999971389770508 -0.07200002670288086 1.5260000228881836
-0.6480000019073486 0.21599996089935303 2.378000020980835
0.7019999027252197 -0.2999999523162842 2.630000114440918
0.07800006866455078 -0.054000020027160645 1.5019999742507935
0.13199996948242188 -0.029999971389770508 1.4779999256134033
0.4440000057220459 0.0 1.4779999256134033
-0.0419999361038208 -0.11399996280670166 1.5800000429153442
0.4919999837875366 -0.34800004959106445 2.7260000705718994
0.7079999446868896 -0.2999999523162842 2.624000072479248
0.8039999008178711 -0.22200000286102295 1.9160000085830688
0.7799999713897705 -0.06599998474121094 1.7000000476837158
-0.2999999523162842 -0.1499999761581421 1.7960000038146973
-0.37199997901916504 0.6480000019073486 1.628000020980835
-0.4320000410079956 0.029999971389770508 1.784000039100647
-0.12000000476837158 0.3539999723434448 1.4300000667572021
0.06599998474121094 0.312000036239624 1.375999927520752
0.33000004291534424 -0.006000041961669922 1.4600000381469727
0.4500000476837158 0.36600005626678467 1.375999927520752
-0.21599996089935303 -0.2580000162124634 1.850000023841858
0.8399999141693115 -0.21000003814697266 1.9520000219345093
0.4500000476837158 0.0 1.4779999256134033
-0.12000000476837158 0.34800004959106445 1.4300000667572021
0.6540000438690186 -0.3059999942779541 2.677999973297119
0.4739999771118164 -0.34800004959106445 2.73799991607666
-0.5220000147819519 0.5520000457763672 1.777999997138977
-0.054000020027160645 -0.10199999809265137 1.5740000009536743
-0.1679999828338623 -0.3059999942779541 1.8799999952316284
0.1260000467300415 0.3240000009536743 1.3640000820159912
-0.5699999928474426 0.5099999904632568 1.850000023841858
0.75 -0.26999998092651367 2.630000114440918
0.7019999027252197 -0.2940000295639038 1.9040000438690186
-0.6240000128746033 0.18000006675720215 2.4800000190734863
0.6480000019073486 0.0 1.555999994277954
-0.17400002479553223 0.3539999723434448 1.4539999961853027
0.8039999008178711 -0.25199997425079346 2.5820000171661377
-0.37199997901916504 0.6540000438690186 1.628000020980835
0.024000048637390137 0.33000004291534424 1.3819999694824219
0.7019999027252197 -0.023999929428100586 1.6039999723434448
0.75 -0.0419999361038208 1.6519999504089355
-0.17400002479553223 0.34800004959106445 1.4539999961853027
-0.3960000276565552 -0.023999929428100586 1.777999997138977
0.7680001258850098 -0.26999998092651367 2.6059999465942383
-0.023999929428100586 -0.09599995613098145 1.555999994277954
0.6779999732971191 -0.011999964714050293 1.5800000429153442
0.6540000438690186 -0.006000041961669922 1.562000036239624
0.6480000019073486 -0.3240000009536743 2.6540000438690186
0.48000001907348633 0.011999964714050293 1.4779999256134033
-0.671999990940094 0.3179999589920044 2.2039999961853027
0.4620000123977661 0.37800002098083496 1.375999927520752
-0.1260000467300415 0.3539999723434448 1.4300000667572021
-0.5999999642372131 0.48600006103515625 1.9040000438690186
-0.2879999876022339 -0.1799999475479126 1.8140000104904175
0.26999998092651367 0.3539999723434448 1.3519999980926514
-0.09599995613098145 -0.34800004959106445 1.8860000371932983
0.5039999485015869 -0.34800004959106445 2.7260000705718994
0.809999942779541 -0.24599993228912354 2.5880000591278076
0.25199997425079346 0.34800004959106445 1.3519999980926514
0.3539999723434448 -0.006000041961669922 1.4600000381469727
0.2760000228881836 0.3539999723434448 1.3519999980926514
0.5520000457763672 0.011999964714050293 1.5019999742507935
-0.671999990940094 0.30000007152557373 2.2280001640319824
-0.5879999995231628 0.5039999485015869 1.8799999952316284
0.04799997806549072 0.3179999589920044 1.375999927520752
-0.41999995708465576 0.624000072479248 1.6640000343322754
-0.40199995040893555 -0.018000006675720215 1.777999997138977
-0.08399999141693115 0.3539999723434448 1.4119999408721924
-0.6480000019073486 0.4140000343322754 2.0299999713897705
0.7739999294281006 -0.26999998092651367 2.5999999046325684
0.2760000228881836 0.34800004959106445 1.3519999980926514
-0.4140000343322754 0.0 1.777999997138977
-0.671999990940094 0.33000004291534424 2.180000066757202
0.3359999656677246 0.0 1.4539999961853027
0.22800004482269287 0.34200000762939453 1.3519999980926514
0.5039999485015869 0.024000048637390137 1.4779999256134033
0.4259999990463257 -0.006000041961669922 1.472000002861023
-0.671999990940094 0.2940000295639038 2.2339999675750732
0.7260000705718994 -0.029999971389770508 1.621999979019165
0.054000020027160645 -0.054000020027160645 1.5019999742507935
-0.671999990940094 0.2879999876022339 2.251999855041504
-0.2580000162124634 -0.21599996089935303 1.8259999752044678
0.30000007152557373 0.3539999723434448 1.3519999980926514
-0.06599998474121094 -0.08399999141693115 1.562000036239624
-0.671999990940094 0.3240000009536743 2.180000066757202
0.4620000123977661 -0.34800004959106445 2.75
0.6540000438690186 0.0 1.555999994277954
-0.1799999475479126 0.3539999723434448 1.4539999961853027
-0.156000018119812 0.3539999723434448 1.4420000314712524
0.20399999618530273 0.34200000762939453 1.3519999980926514
-0.10199999809265137 0.3539999723434448 1.4179999828338623
-0.6480000019073486 0.20399999618530273 2.4019999504089355
0.5699999332427979 -0.37199997901916504 2.635999917984009
0.006000041961669922 -0.07200002670288086 1.5260000228881836
0.7260000705718994 -0.2760000228881836 2.6600000858306885
-0.07200002670288086 0.3539999723434448 1.406000018119812
0.22800004482269287 -0.011999964714050293 1.4539999961853027
0.2640000581741333 -0.011999964714050293 1.4539999961853027
0.7799999713897705 -0.24599993228912354 1.909999966621399
0.6540000438690186 -0.3240000009536743 2.6540000438690186
-0.20399999618530273 0.3539999723434448 1.4660000801086426
-0.6240000128746033 0.4559999704360962 1.9520000219345093
0.2760000228881836 -0.011999964714050293 1.4539999961853027
-0.4679999351501465 0.018000006675720215 1.8380000591278076
0.1260000467300415 -0.029999971389770508 1.472000002861023
-0.3960000276565552 -0.023999929428100586 1.7719999551773071
-0.671999990940094 0.2760000228881836 2.2760000228881836
0.6059999465942383 0.006000041961669922 1.5260000228881836
0.3539999723434448 0.0 1.4539999961853027
0.75 -0.2760000228881836 2.630000114440918
-0.671999990940094 0.34800004959106445 2.1500000953674316
-0.38399994373321533 -0.04799997806549072 1.777999997138977
-0.36000001430511475 -0.10199999809265137 1.8020000457763672
0.7379999160766602 -0.029999971389770508 1.628000020980835
-0.3240000009536743 0.6719999313354492 1.5859999656677246
0.37800002098083496 -0.006000041961669922 1.4600000381469727
0.029999971389770508 0.33000004291534424 1.375999927520752
-0.34800004959106445 0.6660001277923584 1.6039999723434448
0.5220000743865967 -0.37199997901916504 2.677999973297119
-0.22200000286102295 -0.24599993228912354 1.8259999752044678
0.33000004291534424 0.3539999723434448 1.3519999980926514
0.18000006675720215 0.3359999656677246 1.3519999980926514
0.30000007152557373 -0.011999964714050293 1.4539999961853027
-0.671999990940094 0.26999998092651367 2.2760000228881836
0.10199999809265137 -0.03600001335144043 1.4779999256134033
0.7260000705718994 -0.2940000295639038 2.630000114440918
0.37800002098083496 -0.3659999370574951 2.75600004196167
-0.20399999618530273 0.3359999656677246 1.4660000801086426
0.5399999618530273 -0.37199997901916504 2.6660001277923584
-0.6420000195503235 0.18599998950958252 2.4260001182556152
-0.6480000019073486 0.19800007343292236 2.4079999923706055
-0.5460000038146973 0.5399999618530273 1.8020000457763672
-0.6359999775886536 0.17400002479553223 2.444000005722046
-0.07200002670288086 -0.37199997901916504 1.9040000438690186
0.6480000019073486 -0.33000004291534424 2.6540000438690186
0.25199997425079346 -0.006000041961669922 1.4479999542236328
0.5580000877380371 -0.37199997901916504 2.6540000438690186
-0.6420000195503235 0.20399999618530273 2.4559998512268066
-0.4620000123977661 0.6059999465942383 1.7000000476837158
-0.22200000286102295 -0.25199997425079346 1.8320000171661377
-0.054000020027160645 0.3179999589920044 1.4000000953674316
-0.37800002098083496 -0.059999942779541016 1.777999997138977
0.6480000019073486 -0.3179999589920044 2.677999973297119
-0.04799997806549072 0.30000007152557373 1.4000000953674316
-0.6240000128746033 0.156000018119812 2.4800000190734863
0.5280001163482666 -0.37199997901916504 2.677999973297119
0.75 -0.26999998092651367 1.9040000438690186
0.3960000276565552 -0.37199997901916504 2.74399995803833
-0.6480000019073486 0.4200000762939453 2.01200008392334
0.156000018119812 0.3359999656677246 1.3519999980926514
0.6719999313354492 -0.3240000009536743 2.6419999599456787
0.3539999723434448 0.36000001430511475 1.3519999980926514
0.48000001907348633 -0.34800004959106445 2.75
-0.24000000953674316 -0.25199997425079346 1.850000023841858
0.20399999618530273 -0.018000006675720215 1.4539999961853027
0.7379999160766602 -0.2999999523162842 2.6059999465942383
0.6779999732971191 -0.006000041961669922 1.5679999589920044
-0.6240000128746033 0.17400002479553223 2.503999948501587
0.37800002098083496 0.0 1.4539999961853027
-0.671999990940094 0.2580000162124634 2.3000001907348633
0.5759999752044678 0.018000006675720215 1.5019999742507935
-0.671999990940094 0.3539999723434448 2.125999927520752
-0.4559999704360962 0.029999971389770508 1.8020000457763672
0.5039999485015869 0.024000048637390137 1.472000002861023
0.7799999713897705 -0.054000020027160645 1.6759999990463257
0.054000020027160645 -0.054000020027160645 1.496000051498413
0.7260000705718994 -0.2879999876022339 1.9040000438690186
0.5759999752044678 -0.37199997901916504 2.6419999599456787
0.25199997425079346 0.34800004959106445 1.3459999561309814
0.7799999713897705 -0.26999998092651367 2.6059999465942383
0.809999942779541 -0.08399999141693115 1.7300000190734863
0.156000018119812 -0.011999964714050293 1.4539999961853027
-0.22200000286102295 -0.24599993228912354 1.8200000524520874
-0.07799994945526123 -0.37199997901916504 1.9040000438690186
0.6840000152587891 -0.3240000009536743 2.630000114440918
0.8039999008178711 -0.07799994945526123 1.718000054359436
-0.22800004482269287 -0.24599993228912354 1.8259999752044678
0.4200000762939453 -0.37199997901916504 2.73799991607666
0.0 -0.07799994945526123 1.5260000228881836
-0.04799997806549072 -0.09599995613098145 1.555999994277954
0.48000001907348633 -0.33000004291534424 2.7799999713897705
-0.07200002670288086 -0.37199997901916504 1.8980000019073486
0.6840000152587891 -0.33000004291534424 2.618000030517578
-0.38399994373321533 0.6540000438690186 1.628000020980835
-0.6299999952316284 0.18000006675720215 2.492000102996826
0.4020000696182251 -0.006000041961669922 1.4600000381469727
0.690000057220459 -0.3240000009536743 2.624000072479248
0.18000006675720215 -0.018000006675720215 1.4539999961853027
0.7079999446868896 -0.3240000009536743 2.5999999046325684
-0.37199997901916504 -0.07200002670288086 1.777999997138977
0.8280000686645508 -0.24599993228912354 2.5759999752044678
0.7379999160766602 -0.2940000295639038 1.9279999732971191
-0.4440000057220459 0.6119999885559082 1.6759999990463257
-0.25199997425079346 -0.24599993228912354 1.850000023841858
0.4259999990463257 -0.37199997901916504 2.73799991607666
0.5280001163482666 0.024000048637390137 1.4779999256134033
-0.24599993228912354 -0.22200000286102295 1.8079999685287476
-0.5699999928474426 0.5220000743865967 1.8320000171661377
0.7260000705718994 -0.018000006675720215 1.6039999723434448
0.6719999313354492 -0.3359999656677246 2.624000072479248
0.37800002098083496 0.36600005626678467 1.3519999980926514
0.4500000476837158 0.024000048637390137 1.4539999961853027
0.6779999732971191 -0.33000004291534424 2.630000114440918
-0.34200000762939453 -0.13199996948242188 1.8020000457763672
-0.671999990940094 0.24600005149841309 2.3239998817443848
-0.671999990940094 0.37199997901916504 2.1019999980926514
-0.6480000019073486 0.4320000410079956 2.0
-0.2999999523162842 -0.17400002479553223 1.8020000457763672
-0.3240000009536743 0.6779999732971191 1.5800000429153442
0.7079999446868896 -0.3240000009536743 2.6059999465942383
-0.671999990940094 0.24600005149841309 2.3299999237060547
0.029999971389770508 -0.059999942779541016 1.5019999742507935
-0.11399996280670166 -0.34800004959106445 1.8799999952316284
0.1260000467300415 0.33000004291534424 1.3519999980926514
0.75 -0.029999971389770508 1.628000020980835
0.630000114440918 0.011999964714050293 1.5260000228881836
0.4020000696182251 0.0 1.4539999961853027
-0.07200002670288086 0.33000004291534424 1.4000000953674316
0.7860000133514404 -0.2580000162124634 2.630000114440918
-0.41999995708465576 0.630000114440918 1.6519999504089355
0.46800005435943604 0.029999971389770508 1.4539999961853027
-0.04799997806549072 -0.10199999809265137 1.555999994277954
0.22800004482269287 -0.006000041961669922 1.4420000314712524
0.49800002574920654 -0.37199997901916504 2.7079999446868896
0.48000001907348633 0.024000048637390137 1.4600000381469727
0.36600005626678467 -0.37199997901916504 2.76200008392334
-0.49800002574920654 0.5820000171661377 1.7300000190734863
-0.6179999709129333 0.1380000114440918 2.503999948501587
0.7139999866485596 -0.28199994564056396 2.684000015258789
0.6719999313354492 -0.3359999656677246 2.630000114440918
0.2820000648498535 -0.006000041961669922 1.4420000314712524
0.5099999904632568 -0.37199997901916504 2.7019999027252197
0.07800006866455078 -0.0419999361038208 1.4779999256134033
-0.0419999361038208 0.25199997425079346 1.4000000953674316
-0.5999999642372131 0.49800002574920654 1.8799999952316284
-0.04799997806549072 0.30000007152557373 1.3940000534057617
0.8340001106262207 -0.22200000286102295 1.9279999732971191
0.46800005435943604 -0.37199997901916504 2.7260000705718994
-0.23399996757507324 -0.25199997425079346 1.8320000171661377
0.5460000038146973 -0.38399994373321533 2.6540000438690186
0.10199999809265137 -0.029999971389770508 1.4660000801086426
0.7079999446868896 -0.006000041961669922 1.5800000429153442
0.4259999990463257 0.006000041961669922 1.4539999961853027
-0.6299999952316284 0.18000006675720215 2.509999990463257
-0.6299999952316284 0.17400002479553223 2.503999948501587
0.30000007152557373 -0.006000041961669922 1.4420000314712524
-0.5699999928474426 0.5280001163482666 1.8259999752044678
-0.41999995708465576 0.0 1.7660000324249268
-0.6240000128746033 0.46800005435943604 1.9279999732971191
0.8280000686645508 -0.22200000286102295 1.9160000085830688
-0.059999942779541016 -0.3960000276565552 1.9279999732971191
-0.1499999761581421 0.33000004291534424 1.4300000667572021
-0.1979999542236328 0.33000004291534424 1.4539999961853027
0.4020000696182251 0.36600005626678467 1.3519999980926514
-0.4559999704360962 0.029999971389770508 1.7899999618530273
0.75 -0.2999999523162842 2.6059999465942383
-0.2999999523162842 -0.17400002479553223 1.7960000038146973
0.6779999732971191 0.0 1.555999994277954
-0.36000001430511475 -0.09599995613098145 1.777999997138977
0.22800004482269287 0.34800004959106445 1.340000033378601
-0.1499999761581421 0.3240000009536743 1.4300000667572021
0.1260000467300415 -0.018000006675720215 1.4539999961853027
0.7019999027252197 -0.006000041961669922 1.5740000009536743
0.48000001907348633 0.029999971389770508 1.4539999961853027
-0.4739999771118164 0.5999999046325684 1.7000000476837158
0.10199999809265137 0.33000004291534424 1.3519999980926514
-0.1260000467300415 0.33000004291534424 1.4179999828338623
0.5280001163482666 0.024000048637390137 1.472000002861023
-0.5220000147819519 0.564000129699707 1.7540000677108765
0.5039999485015869 -0.33000004291534424 2.7799999713897705
-0.671999990940094 0.3840000629425049 2.078000068664551
-0.023999929428100586 -0.07799994945526123 1.5260000228881836
0.10199999809265137 0.3240000009536743 1.3519999980926514
0.6540000438690186 -0.312000036239624 2.7019999027252197
0.4500000476837158 0.024000048637390137 1.4479999542236328
-0.3960000276565552 0.6480000019073486 1.628000020980835
-0.37199997901916504 -0.07200002670288086 1.7660000324249268
0.4259999990463257 -0.37199997901916504 2.75
-0.08399999141693115 0.33000004291534424 1.4000000953674316
0.48000001907348633 -0.37199997901916504 2.7260000705718994
0.5759999752044678 -0.38399994373321533 2.635999917984009
0.75 -0.2940000295639038 1.9279999732971191
-0.1799999475479126 0.33000004291534424 1.4420000314712524
0.75 -0.28199994564056396 1.9040000438690186
-0.5460000038146973 0.5460000038146973 1.784000039100647
-0.156000018119812 0.33000004291534424 1.4300000667572021
-0.671999990940094 0.22800004482269287 2.3540000915527344
0.6600000858306885 -0.3359999656677246 2.6540000438690186
0.809999942779541 -0.06599998474121094 1.7000000476837158
-0.10199999809265137 0.33000004291534424 1.406000018119812
0.09000003337860107 0.33000004291534424 1.3519999980926514
0.5580000877380371 0.029999971389770508 1.4779999256134033
-0.18599998950958252 -0.2999999523162842 1.850000023841858
0.4739999771118164 -0.34200000762939453 2.7799999713897705
0.4500000476837158 0.37199997901916504 1.3580000400543213
0.7019999027252197 -0.3240000009536743 2.630000114440918
0.564000129699707 -0.38999998569488525 2.635999917984009
0.7320001125335693 -0.3240000009536743 2.5880000591278076
0.054000020027160645 -0.0419999361038208 1.4779999256134033
0.25199997425079346 0.006000041961669922 1.4300000667572021
-0.07200002670288086 0.33000004291534424 1.3940000534057617
0.5520000457763672 0.024000048637390137 1.4779999256134033
0.7799999713897705 -0.0419999361038208 1.6519999504089355
0.2760000228881836 0.006000041961669922 1.4300000667572021
0.8039999008178711 -0.26399993896484375 2.6059999465942383
-0.5999999642372131 0.49800002574920654 1.8680000305175781
0.4259999990463257 0.37199997901916504 1.3519999980926514
0.20399999618530273 -0.006000041961669922 1.4359999895095825
0.8039999008178711 -0.24599993228912354 1.909999966621399
0.8039999008178711 -0.054000020027160645 1.6820000410079956
-0.4559999704360962 0.006000041961669922 1.8020000457763672
-0.671999990940094 0.22200000286102295 2.3600001335144043
0.029999971389770508 -0.054000020027160645 1.4900000095367432
-0.6240000128746033 0.4739999771118164 1.9160000085830688
-0.4739999771118164 0.5999999046325684 1.694000005722046
-0.6480000019073486 0.437999963760376 1.9760000705718994
0.5039999485015869 0.03600001335144043 1.4539999961853027
0.0 -0.059999942779541016 1.5019999742507935
0.564000129699707 -0.37199997901916504 2.677999973297119
0.30000007152557373 0.006000041961669922 1.4300000667572021
-0.6480000019073486 0.17400002479553223 2.450000047683716
-0.4320000410079956 0.0 1.7719999551773071
-0.1979999542236328 0.2879999876022339 1.4539999961853027
-0.12000000476837158 -0.34800004959106445 1.8680000305175781
0.6059999465942383 0.018000006675720215 1.5019999742507935
0.8039999008178711 -0.04799997806549072 1.6759999990463257
0.34200000762939453 -0.37199997901916504 2.7799999713897705
-0.37199997901916504 0.6600000858306885 1.6039999723434448
0.04799997806549072 0.3240000009536743 1.3580000400543213
0.07800006866455078 0.3240000009536743 1.3519999980926514
0.8280000686645508 -0.07799994945526123 1.7239999771118164
0.7019999027252197 -0.33000004291534424 2.624000072479248
-0.1499999761581421 -0.3240000009536743 1.850000023841858
0.8340001106262207 -0.07799994945526123 1.7300000190734863
-0.3960000276565552 0.6480000019073486 1.621999979019165
0.7680001258850098 -0.2999999523162842 2.5940001010894775
-0.437999963760376 0.0 1.777999997138977
-0.671999990940094 0.4020000696182251 2.053999900817871
0.22800004482269287 0.0 1.4300000667572021
-0.023999929428100586 -0.07799994945526123 1.5199999809265137
-0.671999990940094 0.3960000276565552 2.053999900817871
-0.5460000038146973 0.5520000457763672 1.777999997138977
0.7260000705718994 -0.3240000009536743 2.6059999465942383
0.3539999723434448 -0.37199997901916504 2.7799999713897705
0.5759999752044678 0.024000048637390137 1.4839999675750732
0.10199999809265137 -0.023999929428100586 1.4539999961853027
0.4500000476837158 -0.37199997901916504 2.75
0.3539999723434448 0.011999964714050293 1.4300000667572021
0.20399999618530273 0.0 1.4300000667572021
0.33000004291534424 0.006000041961669922 1.4300000667572021
0.20399999618530273 0.34800004959106445 1.3339999914169312
-0.3539999723434448 -0.1260000467300415 1.7899999618530273
0.37800002098083496 0.018000006675720215 1.4300000667572021
0.4440000057220459 0.37800002098083496 1.3519999980926514
-0.671999990940094 0.21599996089935303 2.378000020980835
0.6059999465942383 0.024000048637390137 1.496000051498413
0.4259999990463257 0.024000048637390137 1.4359999895095825
0.156000018119812 -0.006000041961669922 1.4359999895095825
0.7799999713897705 -0.2879999876022339 2.6059999465942383
0.6540000438690186 0.011999964714050293 1.5260000228881836
0.7019999027252197 -0.33000004291534424 2.630000114440918
0.4140000343322754 0.029999971389770508 1.4300000667572021
0.7260000705718994 -0.006000041961669922 1.5800000429153442
-0.09599995613098145 -0.37199997901916504 1.8860000371932983
0.18000006675720215 0.0 1.4300000667572021
0.07800006866455078 -0.029999971389770508 1.4600000381469727
-0.24599993228912354 -0.24000000953674316 1.8079999685287476
-0.04799997806549072 -0.07799994945526123 1.5260000228881836
-0.26399993896484375 -0.22200000286102295 1.8020000457763672
-0.4500000476837158 0.0 1.7899999618530273
0.4500000476837158 0.37800002098083496 1.3519999980926514
-0.6480000019073486 0.4440000057220459 1.9639999866485596
-0.09599995613098145 0.3059999942779541 1.4000000953674316
0.75 -0.018000006675720215 1.6039999723434448
-0.3960000276565552 -0.04799997806549072 1.7599999904632568
-0.5220000147819519 0.5699999332427979 1.7419999837875366
0.7019999027252197 0.006000041961669922 1.555999994277954
-0.3240000009536743 -0.1499999761581421 1.777999997138977
0.5759999752044678 0.029999971389770508 1.4779999256134033
-0.07200002670288086 -0.40199995040893555 1.9279999732971191
0.37800002098083496 -0.37199997901916504 2.7799999713897705
0.054000020027160645 0.33000004291534424 1.3519999980926514
0.5220000743865967 -0.3960000276565552 2.671999931335449
-0.6240000128746033 0.48000001907348633 1.9040000438690186
-0.2879999876022339 -0.20399999618530273 1.8020000457763672
-0.6179999709129333 0.1260000467300415 2.5339999198913574
0.4259999990463257 0.37199997901916504 1.3459999561309814
0.7799999713897705 -0.26999998092651367 1.9040000438690186
0.054000020027160645 0.3240000009536743 1.3519999980926514
0.4259999990463257 0.029999971389770508 1.4300000667572021
0.156000018119812 0.0 1.4300000667572021
0.4500000476837158 0.04200005531311035 1.4300000667572021
0.5160000324249268 -0.3960000276565552 2.677999973297119
-0.36000001430511475 -0.11399996280670166 1.777999997138977
-0.34800004959106445 0.6719999313354492 1.5800000429153442
0.07800006866455078 -0.023999929428100586 1.4539999961853027
-0.16199994087219238 -0.3240000009536743 1.850000023841858
0.18000006675720215 -0.006000041961669922 1.4300000667572021
0.4020000696182251 0.018000006675720215 1.4300000667572021
-0.07799994945526123 -0.40199995040893555 1.9279999732971191
0.7560000419616699 -0.3179999589920044 2.5880000591278076
-0.07200002670288086 -0.40199995040893555 1.9220000505447388
0.25199997425079346 0.36000001430511475 1.3280000686645508
0.5520000457763672 -0.3960000276565552 2.6540000438690186
-0.3240000009536743 -0.17400002479553223 1.8020000457763672
0.029999971389770508 -0.04799997806549072 1.4779999256134033
0.2760000228881836 0.36600005626678467 1.3280000686645508
0.14400005340576172 0.0 1.4300000667572021
0.5280001163482666 0.03600001335144043 1.4539999961853027
0.4020000696182251 0.37199997901916504 1.340000033378601
0.4919999837875366 -0.3960000276565552 2.696000099182129
0.630000114440918 0.024000048637390137 1.5019999742507935
0.22800004482269287 0.3539999723434448 1.3280000686645508
0.46800005435943604 0.4020000696182251 1.3519999980926514
-0.6779999732971191 0.4020000696182251 2.053999900817871
-0.671999990940094 0.40799999237060547 2.0299999713897705
0.4259999990463257 -0.38399994373321533 2.75
0.04200005531311035 0.33000004291534424 1.3519999980926514
0.48000001907348633 -0.38399994373321533 2.7260000705718994
-0.34800004959106445 0.6779999732971191 1.5800000429153442
-0.6959999799728394 0.30000007152557373 2.2280001640319824
0.5039999485015869 -0.38999998569488525 2.7019999027252197
-0.6959999799728394 0.312000036239624 2.2039999961853027
-0.5999999642372131 0.5039999485015869 1.850000023841858
0.4739999771118164 -0.3960000276565552 2.7079999446868896
0.30000007152557373 0.36600005626678467 1.3280000686645508
-0.6959999799728394 0.33000004291534424 2.180000066757202
0.20399999618530273 0.3539999723434448 1.3280000686645508
-0.5699999928474426 0.5399999618530273 1.8020000457763672
0.48600006103515625 -0.3960000276565552 2.7019999027252197
0.48000001907348633 -0.3359999656677246 2.803999900817871
0.437999963760376 -0.3960000276565552 2.7260000705718994
-0.671999990940094 0.20399999618530273 2.4019999504089355
-0.6959999799728394 0.2879999876022339 2.251999855041504
-0.07200002670288086 -0.3960000276565552 1.9040000438690186
-0.6480000019073486 0.4559999704360962 1.9520000219345093
-0.6959999799728394 0.2940000295639038 2.2280001640319824
-0.6959999799728394 0.3240000009536743 2.180000066757202
-0.04799997806549072 -0.07799994945526123 1.5199999809265137
-0.26399993896484375 -0.24599993228912354 1.8259999752044678
-0.17400002479553223 0.30000007152557373 1.4300000667572021
0.4559999704360962 -0.36000001430511475 2.7799999713897705
0.8280000686645508 -0.06599998474121094 1.7000000476837158
-0.6179999709129333 0.11399996280670166 2.5339999198913574
-0.41999995708465576 -0.023999929428100586 1.7599999904632568
0.5280001163482666 -0.3960000276565552 2.677999973297119
0.4020000696182251 0.024000048637390137 1.4240000247955322
0.37800002098083496 0.37199997901916504 1.3339999914169312
-0.4440000057220459 0.624000072479248 1.6519999504089355
0.3960000276565552 -0.3960000276565552 2.74399995803833
0.18000006675720215 0.3539999723434448 1.3280000686645508
0.7799999713897705 -0.029999971389770508 1.628000020980835
-0.671999990940094 0.19800007343292236 2.4019999504089355
0.5759999752044678 -0.38999998569488525 2.6540000438690186
0.33000004291534424 0.37199997901916504 1.3280000686645508
-0.6959999799728394 0.2760000228881836 2.2760000228881836
-0.023999929428100586 -0.06599998474121094 1.5019999742507935
0.18000006675720215 0.34800004959106445 1.3280000686645508
0.8819999694824219 -0.23399996757507324 2.552000045776367
0.8039999008178711 -0.03600001335144043 1.6519999504089355
0.1679999828338623 0.3539999723434448 1.3280000686645508
0.024000048637390137 0.34200000762939453 1.3519999980926514
0.8280000686645508 -0.054000020027160645 1.687999963760376
-0.07799994945526123 -0.3960000276565552 1.9040000438690186
-0.6959999799728394 0.34200000762939453 2.1500000953674316
-0.10800004005432129 -0.37199997901916504 1.8799999952316284
-0.07799994945526123 -0.07200002670288086 1.5260000228881836
0.4200000762939453 -0.3960000276565552 2.73799991607666
-0.4440000057220459 0.630000114440918 1.6519999504089355
0.3059999942779541 -0.37199997901916504 2.803999900817871
0.34200000762939453 0.37800002098083496 1.3280000686645508
-0.6959999799728394 0.26999998092651367 2.2760000228881836
-0.07200002670288086 -0.3960000276565552 1.8980000019073486
0.4500000476837158 -0.3960000276565552 2.7260000705718994
0.9419999122619629 -0.17400002479553223 2.5460000038146973
0.37800002098083496 0.024000048637390137 1.4179999828338623
-0.6480000019073486 0.156000018119812 2.4800000190734863
0.6779999732971191 0.018000006675720215 1.5260000228881836
0.38999998569488525 -0.3960000276565552 2.75
0.1260000467300415 -0.006000041961669922 1.4300000667572021
-0.3359999656677246 -0.1499999761581421 1.777999997138977
-0.3240000009536743 -0.16199994087219238 1.777999997138977
0.156000018119812 0.34800004959106445 1.3280000686645508
0.3539999723434448 0.37800002098083496 1.3280000686645508
0.37199997901916504 -0.3960000276565552 2.75600004196167
0.5520000457763672 0.04200005531311035 1.4539999961853027
-0.34800004959106445 0.6779999732971191 1.5740000009536743
-0.5220000147819519 0.5759999752044678 1.7300000190734863
-0.10800004005432129 -0.3960000276565552 1.9279999732971191
0.0 -0.054000020027160645 1.4839999675750732
0.3539999723434448 0.37199997901916504 1.3280000686645508
-0.41999995708465576 0.6419999599456787 1.628000020980835
0.33000004291534424 -0.37199997901916504 2.803999900817871
0.6540000438690186 0.024000048637390137 1.5080000162124634
-0.6959999799728394 0.34800004959106445 2.131999969482422
0.48000001907348633 0.04200005531311035 1.4300000667572021
-0.6480000019073486 0.1499999761581421 2.4800000190734863
-0.22200000286102295 -0.2999999523162842 1.8560000658035278
-0.06599998474121094 -0.08399999141693115 1.5260000228881836
0.6059999465942383 0.03600001335144043 1.4779999256134033
-0.6959999799728394 0.2580000162124634 2.3000001907348633
-0.6959999799728394 0.3539999723434448 2.125999927520752
-0.37199997901916504 -0.09599995613098145 1.7599999904632568
-0.26999998092651367 -0.22200000286102295 1.7899999618530273
0.8580000400543213 -0.07200002670288086 1.7300000190734863
0.4020000696182251 -0.3960000276565552 2.75
-0.4259999990463257 -0.023999929428100586 1.7599999904632568
0.5039999485015869 0.04200005531311035 1.4359999895095825
0.054000020027160645 -0.029999971389770508 1.4539999961853027
0.7920000553131104 -0.023999929428100586 1.628000020980835
-0.4739999771118164 0.6119999885559082 1.6759999990463257
-0.49800002574920654 0.5940001010894775 1.7000000476837158
-0.671999990940094 0.4200000762939453 2.00600004196167
-0.12000000476837158 0.30000007152557373 1.4000000953674316
0.3240000009536743 -0.38999998569488525 2.7799999713897705
0.8280000686645508 -0.24599993228912354 1.909999966621399
0.7799999713897705 -0.28199994564056396 1.9040000438690186
0.0 -0.04799997806549072 1.4779999256134033
0.7980000972747803 -0.2999999523162842 2.5820000171661377
-0.18599998950958252 0.30000007152557373 1.4300000667572021
0.5759999752044678 -0.38399994373321533 2.677999973297119
-0.16199994087219238 0.30000007152557373 1.4179999828338623
0.34200000762939453 -0.3960000276565552 2.7680001258850098
-0.04799997806549072 0.2760000228881836 1.375999927520752
-0.0419999361038208 0.2640000581741333 1.375999927520752
0.9419999122619629 -0.1799999475479126 2.5460000038146973
0.8399999141693115 -0.24599993228912354 1.9279999732971191
-0.10800004005432129 0.30000007152557373 1.3940000534057617
0.6540000438690186 0.029999971389770508 1.5019999742507935
0.8280000686645508 -0.04799997806549072 1.6759999990463257
0.37800002098083496 0.37800002098083496 1.3280000686645508
-0.1979999542236328 -0.2999999523162842 1.8259999752044678
-0.07799994945526123 0.30000007152557373 1.3819999694824219
-0.12000000476837158 0.2879999876022339 1.4000000953674316
-0.1380000114440918 0.30000007152557373 1.406000018119812
-0.6240000128746033 0.4919999837875366 1.8799999952316284
-0.671999990940094 0.4259999990463257 2.0
0.1260000467300415 0.34200000762939453 1.3280000686645508
0.5699999332427979 -0.41999995708465576 2.6059999465942383
0.33000004291534424 0.37199997901916504 1.3220000267028809
-0.6660000085830688 0.18000006675720215 2.450000047683716
0.8519999980926514 -0.24599993228912354 2.6059999465942383
-0.6359999775886536 0.48000001907348633 1.9040000438690186
0.75 -0.006000041961669922 1.5800000429153442
-0.6959999799728394 0.24600005149841309 2.3239998817443848
-0.671999990940094 0.18599998950958252 2.4260001182556152
-0.09599995613098145 -0.38399994373321533 1.8799999952316284
0.7260000705718994 0.006000041961669922 1.555999994277954
-0.21000003814697266 -0.2940000295639038 1.8259999752044678
-0.26399993896484375 -0.24000000953674316 1.8020000457763672
0.8459999561309814 -0.25199997425079346 2.6059999465942383
-0.5460000038146973 0.564000129699707 1.7540000677108765
-0.6959999799728394 0.36600005626678467 2.1019999980926514
0.9419999122619629 -0.1799999475479126 2.552000045776367
0.7860000133514404 -0.312000036239624 2.5820000171661377
-0.22800004482269287 -0.2940000295639038 1.843999981880188
0.2879999876022339 0.029999971389770508 1.4000000953674316
-0.4440000057220459 -0.023999929428100586 1.777999997138977
-0.3960000276565552 0.6600000858306885 1.6039999723434448
-0.04799997806549072 -0.06599998474121094 1.5019999742507935
-0.06599998474121094 0.30000007152557373 1.375999927520752
0.3539999723434448 -0.38999998569488525 2.7799999713897705
-0.6959999799728394 0.37199997901916504 2.0959999561309814
-0.6480000019073486 0.4620000123977661 1.9279999732971191
0.7019999027252197 -0.3359999656677246 2.6540000438690186
-0.011999964714050293 -0.04799997806549072 1.4779999256134033
-0.6959999799728394 0.24000000953674316 2.3299999237060547
0.8700001239776611 -0.24599993228912354 2.5759999752044678
0.10199999809265137 -0.011999964714050293 1.4300000667572021
0.7799999713897705 -0.011999964714050293 1.6039999723434448
0.156000018119812 0.34800004959106445 1.3220000267028809
-0.1979999542236328 -0.2999999523162842 1.8200000524520874
-0.03600001335144043 0.23399996757507324 1.375999927520752
0.25199997425079346 0.024000048637390137 1.4000000953674316
0.4020000696182251 0.37800002098083496 1.3280000686645508
0.2760000228881836 0.37199997901916504 1.315999984741211
0.2760000228881836 0.024000048637390137 1.4000000953674316
0.5460000038146973 -0.41999995708465576 2.635999917984009
0.3539999723434448 0.024000048637390137 1.406000018119812
0.8399999141693115 -0.25199997425079346 1.9279999732971191
0.10199999809265137 0.34200000762939453 1.3280000686645508
0.8039999008178711 -0.26999998092651367 1.9040000438690186
0.5699999332427979 -0.4140000343322754 2.630000114440918
0.8039999008178711 -0.029999971389770508 1.6340000629425049
0.8459999561309814 -0.26999998092651367 2.5759999752044678
0.4500000476837158 0.04799997806549072 1.4119999408721924
-0.19200003147125244 0.2820000648498535 1.4300000667572021
-0.4440000057220459 -0.029999971389770508 1.777999997138977
-0.3960000276565552 -0.07200002670288086 1.7540000677108765
0.30000007152557373 0.37199997901916504 1.315999984741211
0.33000004291534424 -0.3960000276565552 2.7799999713897705
0.7980000972747803 -0.2879999876022339 1.9279999732971191
-0.17400002479553223 -0.3240000009536743 1.8320000171661377
0.30000007152557373 0.024000048637390137 1.4000000953674316
0.5759999752044678 0.04200005531311035 1.4539999961853027
0.4259999990463257 0.04799997806549072 1.406000018119812
0.4919999837875366 -0.41999995708465576 2.677999973297119
-0.04799997806549072 0.2760000228881836 1.3700000047683716
-0.2999999523162842 -0.1979999542236328 1.777999997138977
-0.1499999761581421 -0.34800004959106445 1.850000023841858
-0.6959999799728394 0.37800002098083496 2.078000068664551
0.8039999008178711 -0.023999929428100586 1.628000020980835
-0.5999999642372131 0.5220000743865967 1.8259999752044678
0.2640000581741333 -0.38999998569488525 2.7980000972747803
0.5220000743865967 -0.41999995708465576 2.6600000858306885
0.22800004482269287 0.018000006675720215 1.4000000953674316
-0.6480000019073486 0.16200006008148193 2.5280001163482666
0.8519999980926514 -0.059999942779541016 1.7000000476837158
0.4140000343322754 0.054000020027160645 1.4000000953674316
-0.4500000476837158 -0.023999929428100586 1.777999997138977
-0.10800004005432129 -0.3960000276565552 1.9040000438690186
0.4500000476837158 -0.40799999237060547 2.7260000705718994
-0.2940000295639038 -0.24000000953674316 1.8259999752044678
-0.5699999928474426 0.5460000038146973 1.777999997138977
-0.37199997901916504 0.6719999313354492 1.5800000429153442
0.34800004959106445 0.029999971389770508 1.4000000953674316
0.4020000696182251 0.04799997806549072 1.4000000953674316
-0.26999998092651367 -0.23399996757507324 1.7899999618530273
0.029999971389770508 -0.03600001335144043 1.4539999961853027
-0.6959999799728394 0.22800004482269287 2.3540000915527344
-0.6240000128746033 0.10800004005432129 2.552000045776367
0.875999927520752 -0.24599993228912354 2.5759999752044678
0.07800006866455078 -0.011999964714050293 1.4300000667572021
0.20399999618530273 0.018000006675720215 1.4000000953674316
-0.6480000019073486 0.1380000114440918 2.503999948501587
0.3539999723434448 0.029999971389770508 1.4000000953674316
0.4559999704360962 -0.41999995708465576 2.7019999027252197
0.33000004291534424 0.024000048637390137 1.4000000953674316
-0.5699999928474426 0.5520000457763672 1.777999997138977
0.46800005435943604 -0.41999995708465576 2.696000099182129
0.5339999198913574 -0.41999995708465576 2.6540000438690186
-0.49800002574920654 0.5999999046325684 1.687999963760376
0.630000114440918 0.03600001335144043 1.4779999256134033
0.48000001907348633 -0.4140000343322754 2.7019999027252197
-0.07200002670288086 0.2760000228881836 1.375999927520752
0.7019999027252197 0.018000006675720215 1.5260000228881836
0.5520000457763672 -0.4140000343322754 2.6540000438690186
0.37800002098083496 0.03600001335144043 1.4000000953674316
0.4259999990463257 0.3840000629425049 1.3280000686645508
-0.3359999656677246 -0.1679999828338623 1.777999997138977
-0.12000000476837158 -0.37199997901916504 1.8619999885559082
-0.6959999799728394 0.22200000286102295 2.3540000915527344
0.5099999904632568 -0.3359999656677246 2.815999984741211
-0.37199997901916504 0.6779999732971191 1.5800000429153442
-0.156000018119812 -0.34800004959106445 1.850000023841858
-0.3960000276565552 -0.07200002670288086 1.7480000257492065
-0.671999990940094 0.437999963760376 1.9760000705718994
0.6779999732971191 0.024000048637390137 1.5080000162124634
-0.1499999761581421 -0.34800004959106445 1.843999981880188
0.8159999847412109 -0.2999999523162842 2.5759999752044678
0.7680001258850098 0.0 1.5800000429153442
0.8519999980926514 -0.26999998092651367 2.5759999752044678
-0.6299999952316284 0.1260000467300415 2.558000087738037
-0.671999990940094 0.17400002479553223 2.450000047683716
-0.03600001335144043 0.21000003814697266 1.375999927520752
0.4259999990463257 0.054000020027160645 1.4000000953674316
0.5039999485015869 -0.41999995708465576 2.677999973297119
0.07800006866455078 0.3359999656677246 1.3280000686645508
-0.2999999523162842 -0.1979999542236328 1.7719999551773071
0.437999963760376 -0.41999995708465576 2.7139999866485596
-0.023999929428100586 -0.054000020027160645 1.4779999256134033
-0.40199995040893555 -0.07200002670288086 1.7540000677108765
0.7799999713897705 -0.006000041961669922 1.5920000076293945
-0.3059999942779541 -0.1979999542236328 1.777999997138977
0.029999971389770508 -0.029999971389770508 1.4479999542236328
0.25199997425079346 0.024000048637390137 1.3940000534057617
0.7680001258850098 -0.3240000009536743 2.6059999465942383
-0.41999995708465576 -0.04799997806549072 1.7540000677108765
0.2640000581741333 -0.38999998569488525 2.803999900817871
0.9240000247955322 -0.1979999542236328 2.5820000171661377
0.25199997425079346 0.37199997901916504 1.309999942779541
-0.5699999928474426 0.5460000038146973 1.7719999551773071
0.8519999980926514 -0.25199997425079346 2.618000030517578
0.9000000953674316 -0.06599998474121094 1.7540000677108765
0.5339999198913574 0.04799997806549072 1.4300000667572021
0.3539999723434448 -0.37199997901916504 2.822000026702881
0.875999927520752 -0.07200002670288086 1.7300000190734863
0.8580000400543213 -0.26999998092651367 2.569999933242798
-0.34800004959106445 -0.14399993419647217 1.7599999904632568
-0.6959999799728394 0.38999998569488525 2.053999900817871
0.5520000457763672 0.04799997806549072 1.4359999895095825
0.8340001106262207 -0.029999971389770508 1.6519999504089355
0.6779999732971191 0.029999971389770508 1.5019999742507935
-0.19200003147125244 0.24600005149841309 1.4300000667572021
0.8280000686645508 -0.029999971389770508 1.6460000276565552
0.18000006675720215 0.011999964714050293 1.4000000953674316
-0.37199997901916504 0.6719999313354492 1.5740000009536743
0.3059999942779541 0.024000048637390137 1.3940000534057617
0.4200000762939453 -0.41999995708465576 2.7260000705718994
0.10199999809265137 -0.006000041961669922 1.4179999828338623
-0.6899999976158142 0.20399999618530273 2.4019999504089355
0.7799999713897705 -0.3179999589920044 2.6059999465942383
-0.07200002670288086 -0.07799994945526123 1.5080000162124634
0.17400002479553223 0.011999964714050293 1.4000000953674316
-0.41999995708465576 0.6480000019073486 1.6100000143051147
-0.6240000128746033 0.49800002574920654 1.8560000658035278
-0.5999999642372131 0.5220000743865967 1.8140000104904175
0.9300000667572021 -0.1979999542236328 2.5759999752044678
-0.6959999799728394 0.3960000276565552 2.047999858856201
-0.40199995040893555 -0.07799994945526123 1.7540000677108765
0.809999942779541 -0.2879999876022339 1.9279999732971191
0.4259999990463257 -0.41999995708465576 2.7260000705718994
-0.6480000019073486 0.4739999771118164 1.9040000438690186
0.1260000467300415 0.34800004959106445 1.315999984741211
0.34200000762939453 -0.37199997901916504 2.828000068664551
0.4500000476837158 0.38999998569488525 1.3280000686645508
-0.41999995708465576 -0.04799997806549072 1.7480000257492065
-0.5460000038146973 0.5699999332427979 1.7360000610351562
-0.6539999842643738 0.1380000114440918 2.503999948501587
0.3960000276565552 -0.41999995708465576 2.73799991607666
0.33000004291534424 0.024000048637390137 1.3940000534057617
-0.6959999799728394 0.21000003814697266 2.378000020980835
-0.156000018119812 -0.3539999723434448 1.850000023841858
-0.12000000476837158 -0.37800002098083496 1.8619999885559082
-0.07200002670288086 -0.07200002670288086 1.5019999742507935
-0.7139999866485596 0.2760000228881836 2.2760000228881836
0.14400005340576172 -0.37199997901916504 2.828000068664551
0.9179999828338623 -0.1979999542236328 2.6059999465942383
0.8039999008178711 -0.28199994564056396 1.9040000438690186
0.054000020027160645 0.3359999656677246 1.3280000686645508
0.9600000381469727 -0.1799999475479126 2.5460000038146973
0.5759999752044678 0.04799997806549072 1.4420000314712524
0.4500000476837158 0.054000020027160645 1.4000000953674316
-0.6539999842643738 0.156000018119812 2.5280001163482666
-0.38999998569488525 -0.09599995613098145 1.7540000677108765
-0.4679999351501465 0.630000114440918 1.6519999504089355
0.36000001430511475 -0.41999995708465576 2.75
-0.18599998950958252 0.2760000228881836 1.4179999828338623
0.3539999723434448 -0.37199997901916504 2.828000068664551
0.6059999465942383 0.04799997806549072 1.4539999961853027
0.75 0.006000041961669922 1.555999994277954
0.5280001163482666 0.04799997806549072 1.4240000247955322
-0.16199994087219238 0.2760000228881836 1.406000018119812
0.0 -0.03600001335144043 1.4539999961853027
-0.08399999141693115 -0.06599998474121094 1.5019999742507935
0.8039999008178711 -0.26999998092651367 2.671999931335449
0.37800002098083496 0.04799997806549072 1.3880000114440918
0.054000020027160645 -0.018000006675720215 1.4300000667572021
-0.671999990940094 0.4440000057220459 1.9580000638961792
0.4020000696182251 -0.4140000343322754 2.75
-0.1499999761581421 0.2760000228881836 1.4000000953674316
-0.6480000019073486 0.4739999771118164 1.8980000019073486
0.5399999618530273 -0.38999998569488525 2.7260000705718994
0.3059999942779541 -0.37800002098083496 2.828000068664551
-0.4440000057220459 0.6419999599456787 1.628000020980835
-0.10800004005432129 0.2760000228881836 1.3819999694824219
0.7019999027252197 0.024000048637390137 1.5140000581741333
-0.6240000128746033 0.5039999485015869 1.850000023841858
0.4620000123977661 0.40799999237060547 1.3280000686645508
0.22800004482269287 0.024000048637390137 1.3880000114440918
-0.6480000019073486 0.13199996948242188 2.5280001163482666
0.5099999904632568 -0.3359999656677246 2.828000068664551
0.9600000381469727 -0.1799999475479126 2.552000045776367
0.7799999713897705 0.0 1.5800000429153442
-0.37199997901916504 -0.12000000476837158 1.7540000677108765
-0.1380000114440918 0.2760000228881836 1.3940000534057617
0.6540000438690186 0.04200005531311035 1.4779999256134033
0.04200005531311035 0.34200000762939453 1.3280000686645508
0.2879999876022339 -0.3960000276565552 2.803999900817871
0.34800004959106445 -0.41999995708465576 2.75600004196167
-0.07799994945526123 0.2760000228881836 1.3700000047683716
0.25199997425079346 0.37800002098083496 1.3040000200271606
0.33000004291534424 -0.40799999237060547 2.7799999713897705
0.22800004482269287 0.37800002098083496 1.3040000200271606
-0.12000000476837158 -0.38999998569488525 1.8799999952316284
0.8280000686645508 -0.2999999523162842 2.5759999752044678
0.22800004482269287 0.37199997901916504 1.3040000200271606
0.2760000228881836 0.37800002098083496 1.3040000200271606
0.10199999809265137 0.34800004959106445 1.315999984741211
0.30000007152557373 -0.3960000276565552 2.803999900817871
0.37800002098083496 -0.41999995708465576 2.75
-0.09599995613098145 0.2760000228881836 1.375999927520752
0.21000003814697266 0.37800002098083496 1.3040000200271606
-0.19200003147125244 -0.3240000009536743 1.8259999752044678
-0.04799997806549072 -0.054000020027160645 1.4779999256134033
-0.49800002574920654 0.6059999465942383 1.6759999990463257
-0.6959999799728394 0.4020000696182251 2.0299999713897705
0.1260000467300415 0.011999964714050293 1.4000000953674316
0.49800002574920654 0.04799997806549072 1.4119999408721924
-0.1499999761581421 0.2640000581741333 1.4000000953674316
-0.671999990940094 0.4500000476837158 1.9520000219345093
0.20399999618530273 0.37199997901916504 1.3040000200271606
0.8220000267028809 -0.3059999942779541 2.5759999752044678
0.30000007152557373 0.3840000629425049 1.3040000200271606
-0.4739999771118164 0.624000072479248 1.6519999504089355
0.19200003147125244 0.37800002098083496 1.3040000200271606
0.8039999008178711 -0.011999964714050293 1.6039999723434448
0.029999971389770508 0.3539999723434448 1.3280000686645508
0.7260000705718994 0.024000048637390137 1.5260000228881836
-0.5460000038146973 0.5759999752044678 1.7300000190734863
-0.37199997901916504 0.6779999732971191 1.5679999589920044
-0.06599998474121094 0.2760000228881836 1.3640000820159912
-0.7199999690055847 0.30000007152557373 2.2280001640319824
-0.41999995708465576 0.6540000438690186 1.6039999723434448
0.9000000953674316 -0.054000020027160645 1.7300000190734863
0.8340001106262207 -0.2999999523162842 2.569999933242798
0.3840000629425049 -0.38399994373321533 2.809999942779541
0.33000004291534424 0.054000020027160645 1.375999927520752
-0.4320000410079956 -0.04799997806549072 1.7540000677108765
-0.1260000467300415 -0.38999998569488525 1.8799999952316284
-0.7199999690055847 0.2940000295639038 2.2280001640319824
-0.7199999690055847 0.3059999942779541 2.2039999961853027
0.5039999485015869 0.04799997806549072 1.4119999408721924
0.8580000400543213 -0.25199997425079346 2.630000114440918
-0.4500000476837158 -0.04799997806549072 1.777999997138977
-0.34800004959106445 -0.16199994087219238 1.7660000324249268
-0.5220000147819519 0.5940001010894775 1.7000000476837158
0.18000006675720215 0.36600005626678467 1.3040000200271606
0.9360001087188721 -0.18599998950958252 2.6059999465942383
0.4500000476837158 0.3960000276565552 1.3220000267028809
-0.37199997901916504 -0.12000000476837158 1.7480000257492065
0.024000048637390137 0.3539999723434448 1.3280000686645508
-0.6959999799728394 0.19800007343292236 2.4019999504089355
-0.7199999690055847 0.2820000648498535 2.251999855041504
-0.7199999690055847 0.3179999589920044 2.180000066757202
0.024000048637390137 0.34800004959106445 1.3280000686645508
0.8280000686645508 -0.26999998092651367 1.9040000438690186
-0.09599995613098145 0.2580000162124634 1.375999927520752
0.9000000953674316 -0.24000000953674316 2.5759999752044678
-0.5999999642372131 0.5339999198913574 1.8020000457763672
-0.37800002098083496 -0.12000000476837158 1.7540000677108765
0.6059999465942383 0.04799997806549072 1.4479999542236328
0.2760000228881836 0.04200005531311035 1.375999927520752
-0.7199999690055847 0.3240000009536743 2.1679999828338623
-0.671999990940094 0.156000018119812 2.4800000190734863
0.029999971389770508 -0.018000006675720215 1.4300000667572021
0.5699999332427979 0.054000020027160645 1.4300000667572021
0.875999927520752 -0.26399993896484375 2.5759999752044678
-0.7199999690055847 0.34200000762939453 2.1500000953674316
0.34200000762939453 0.3840000629425049 1.3040000200271606
0.9060001373291016 -0.24599993228912354 2.552000045776367
0.3539999723434448 0.054000020027160645 1.375999927520752
-0.7199999690055847 0.26999998092651367 2.2760000228881836
-0.7199999690055847 0.26999998092651367 2.2699999809265137
0.156000018119812 0.36600005626678467 1.3040000200271606
0.8280000686645508 -0.3059999942779541 2.5759999752044678
0.07800006866455078 -0.006000041961669922 1.4119999408721924
-0.3059999942779541 -0.21599996089935303 1.777999997138977
0.3539999723434448 0.38999998569488525 1.3040000200271606
-0.5699999928474426 0.5580000877380371 1.7540000677108765
0.5759999752044678 -0.41999995708465576 2.6540000438690186
0.1499999761581421 -0.37800002098083496 2.8340001106262207
-0.4500000476837158 -0.04799997806549072 1.7719999551773071
0.8340001106262207 -0.018000006675720215 1.628000020980835
0.25199997425079346 0.03600001335144043 1.375999927520752
-0.04799997806549072 -0.054000020027160645 1.472000002861023
0.20399999618530273 0.024000048637390137 1.3819999694824219
-0.2999999523162842 -0.22200000286102295 1.777999997138977
-0.2999999523162842 -0.24000000953674316 1.8020000457763672
0.5759999752044678 0.054000020027160645 1.4300000667572021
0.0 -0.029999971389770508 1.4420000314712524
0.22800004482269287 0.37800002098083496 1.2979999780654907
0.2760000228881836 0.3840000629425049 1.2979999780654907
0.7260000705718994 0.024000048637390137 1.5199999809265137
0.3179999589920044 -0.41999995708465576 2.7739999294281006
0.22200000286102295 0.37800002098083496 1.2979999780654907
-0.6480000019073486 0.12000000476837158 2.5399999618530273
0.875999927520752 -0.059999942779541016 1.7000000476837158
0.7019999027252197 0.029999971389770508 1.5019999742507935
0.8519999980926514 -0.029999971389770508 1.6519999504089355
-0.023999929428100586 0.18599998950958252 1.3640000820159912
0.10199999809265137 0.006000041961669922 1.4000000953674316
-0.6779999732971191 0.4500000476837158 1.9520000219345093
-0.671999990940094 0.1499999761581421 2.4860000610351562
-0.6539999842643738 0.1260000467300415 2.5280001163482666
0.33000004291534424 0.04200005531311035 1.375999927520752
-0.37800002098083496 -0.1260000467300415 1.7540000677108765
-0.7199999690055847 0.3539999723434448 2.125999927520752
0.3539999723434448 0.04799997806549072 1.375999927520752
-0.3960000276565552 0.6719999313354492 1.5800000429153442
-0.6959999799728394 0.4200000762939453 2.00600004196167
-0.6480000019073486 0.48600006103515625 1.8799999952316284
0.564000129699707 -0.4440000057220459 2.611999988555908
0.20399999618530273 0.37199997901916504 1.2979999780654907
0.8039999008178711 -0.006000041961669922 1.5920000076293945
0.4259999990463257 -0.4320000410079956 2.7260000705718994
-0.7199999690055847 0.34800004959106445 2.125999927520752
0.3059999942779541 0.03600001335144043 1.375999927520752
0.37800002098083496 0.054000020027160645 1.375999927520752
0.630000114440918 0.04799997806549072 1.4539999961853027
0.8280000686645508 -0.2760000228881836 1.9040000438690186
0.5460000038146973 -0.4440000057220459 2.630000114440918
-0.7199999690055847 0.25199997425079346 2.3000001907348633
-0.023999929428100586 -0.0419999361038208 1.4539999961853027
-0.22200000286102295 -0.2999999523162842 1.8020000457763672
0.30000007152557373 0.04799997806549072 1.3700000047683716
0.46800005435943604 -0.4440000057220459 2.684000015258789
0.5160000324249268 -0.4440000057220459 2.6540000438690186
0.22800004482269287 0.029999971389770508 1.375999927520752
0.4320000410079956 -0.4440000057220459 2.7019999027252197
0.1260000467300415 0.36000001430511475 1.3040000200271606
0.48000001907348633 -0.4440000057220459 2.677999973297119
0.37800002098083496 0.38999998569488525 1.3040000200271606
-0.17400002479553223 -0.34800004959106445 1.8320000171661377
0.4200000762939453 -0.4440000057220459 2.7079999446868896
0.5039999485015869 0.060000061988830566 1.4000000953674316
-0.6959999799728394 0.4259999990463257 2.0
-0.3960000276565552 -0.09599995613098145 1.7419999837875366
0.18000006675720215 0.36600005626678467 1.2979999780654907
0.4919999837875366 -0.4440000057220459 2.671999931335449
0.20399999618530273 0.029999971389770508 1.375999927520752
0.4020000696182251 0.060000061988830566 1.375999927520752
0.312000036239624 -0.41999995708465576 2.7799999713897705
0.24000000953674316 -0.3960000276565552 2.822000026702881
0.34200000762939453 -0.37800002098083496 2.8399999141693115
-0.1979999542236328 -0.3240000009536743 1.8140000104904175
0.156000018119812 0.024000048637390137 1.3819999694824219
-0.2999999523162842 -0.22200000286102295 1.7719999551773071
0.5039999485015869 -0.437999963760376 2.677999973297119
-0.4739999771118164 0.624000072479248 1.6399999856948853
-0.6959999799728394 0.18599998950958252 2.4260001182556152
-0.7199999690055847 0.24600005149841309 2.312000036239624
0.49800002574920654 0.054000020027160645 1.4000000953674316
-0.156000018119812 -0.38399994373321533 1.8799999952316284
0.5520000457763672 -0.4440000057220459 2.630000114440918
-0.1499999761581421 -0.37199997901916504 1.850000023841858
-0.671999990940094 0.4620000123977661 1.9279999732971191
0.6779999732971191 0.04200005531311035 1.4779999256134033
-0.7199999690055847 0.36600005626678467 2.1019999980926514
0.18000006675720215 0.029999971389770508 1.375999927520752
0.8459999561309814 -0.3059999942779541 2.558000087738037
0.8399999141693115 -0.28199994564056396 1.9279999732971191
0.8700001239776611 -0.054000020027160645 1.6820000410079956
0.875999927520752 -0.054000020027160645 1.687999963760376
0.4259999990463257 0.06599998474121094 1.375999927520752
0.8880000114440918 -0.26999998092651367 2.558000087738037
0.37800002098083496 -0.4320000410079956 2.75
0.9179999828338623 -0.24599993228912354 2.5460000038146973
-0.07200002670288086 -0.059999942779541016 1.4779999256134033
0.8700001239776611 -0.04799997806549072 1.6759999990463257
-0.04799997806549072 0.25199997425079346 1.3519999980926514
-0.6240000128746033 0.5160000324249268 1.8259999752044678
-0.5579999685287476 0.5759999752044678 1.7300000190734863
0.5280001163482666 -0.4440000057220459 2.6540000438690186
-0.6480000019073486 0.11399996280670166 2.552000045776367
-0.4140000343322754 -0.07200002670288086 1.7360000610351562
0.4500000476837158 -0.4440000057220459 2.7019999027252197
0.2580000162124634 0.3840000629425049 1.2920000553131104
-0.6299999952316284 0.09599995613098145 2.5880000591278076
0.38999998569488525 -0.4440000057220459 2.7260000705718994
0.10199999809265137 0.3539999723434448 1.3040000200271606
0.4020000696182251 0.38999998569488525 1.3040000200271606
0.7799999713897705 0.011999964714050293 1.555999994277954
0.25199997425079346 0.04799997806549072 1.3640000820159912
-0.03600001335144043 0.22800004482269287 1.3519999980926514
0.156000018119812 0.029999971389770508 1.375999927520752
0.875999927520752 -0.0419999361038208 1.6759999990463257
0.9000000953674316 -0.054000020027160645 1.7120000123977661
-0.7199999690055847 0.23399996757507324 2.3299999237060547
0.6540000438690186 0.04799997806549072 1.4600000381469727
0.1380000114440918 -0.37199997901916504 2.8519999980926514
-0.1499999761581421 -0.37199997901916504 1.843999981880188
0.2580000162124634 -0.3960000276565552 2.828000068664551
0.23399996757507324 -0.3960000276565552 2.828000068664551
0.060000061988830566 -0.28199994564056396 2.941999912261963
0.2760000228881836 0.04799997806549072 1.3640000820159912
0.18000006675720215 0.024000048637390137 1.375999927520752
-0.3539999723434448 -0.16199994087219238 1.7540000677108765
0.6480000019073486 0.054000020027160645 1.4539999961853027
0.1499999761581421 0.029999971389770508 1.375999927520752
0.2760000228881836 -0.3960000276565552 2.828000068664551
-0.3659999370574951 -0.1499999761581421 1.7540000677108765
0.07800006866455078 0.0 1.4000000953674316
-0.17400002479553223 0.25199997425079346 1.4000000953674316
-0.2999999523162842 -0.22800004482269287 1.7719999551773071
0.8039999008178711 0.0 1.5800000429153442
-0.12000000476837158 0.25199997425079346 1.375999927520752
-0.7199999690055847 0.37199997901916504 2.0840001106262207
-0.38999998569488525 0.6779999732971191 1.5679999589920044
-0.03600001335144043 0.22200000286102295 1.3519999980926514
0.9539999961853027 -0.1979999542236328 2.5759999752044678
0.75 0.024000048637390137 1.5260000228881836
0.4020000696182251 -0.4440000057220459 2.7260000705718994
0.0 -0.023999929428100586 1.4300000667572021
-0.23399996757507324 -0.2999999523162842 1.8020000457763672
0.8519999980926514 -0.3059999942779541 2.558000087738037
-0.2999999523162842 -0.23399996757507324 1.777999997138977
-0.7199999690055847 0.37800002098083496 2.078000068664551
0.2940000295639038 -0.41999995708465576 2.7920000553131104
-0.10800004005432129 0.25199997425079346 1.3700000047683716
0.6059999465942383 0.060000061988830566 1.4300000667572021
0.04799997806549072 -0.26999998092651367 2.9539999961853027
-0.5220000147819519 0.5999999046325684 1.6820000410079956
0.6119999885559082 -0.437999963760376 2.5999999046325684
-0.1499999761581421 -0.37800002098083496 1.850000023841858
0.4559999704360962 0.07200002670288086 1.375999927520752
0.054000020027160645 -0.006000041961669922 1.406000018119812
-0.04799997806549072 -0.0419999361038208 1.4539999961853027
0.156000018119812 -0.38999998569488525 2.8340001106262207
0.8519999980926514 -0.2999999523162842 2.5759999752044678
0.9479999542236328 -0.20399999618530273 2.5820000171661377
0.37199997901916504 -0.4440000057220459 2.73799991607666
-0.07799994945526123 0.25199997425079346 1.3580000400543213
-0.7199999690055847 0.22800004482269287 2.3540000915527344
0.6540000438690186 0.054000020027160645 1.4539999961853027
-0.08399999141693115 -0.059999942779541016 1.4779999256134033
-0.17400002479553223 0.24000000953674316 1.4000000953674316
-0.12000000476837158 0.24000000953674316 1.375999927520752
0.5280001163482666 0.060000061988830566 1.4000000953674316
-0.1260000467300415 0.25199997425079346 1.375999927520752
0.7260000705718994 0.03600001335144043 1.5019999742507935
-0.1799999475479126 0.25199997425079346 1.4000000953674316
0.30000007152557373 -0.4140000343322754 2.803999900817871
-0.3240000009536743 -0.23399996757507324 1.8020000457763672
0.07800006866455078 0.3539999723434448 1.3040000200271606
0.4259999990463257 0.4020000696182251 1.3040000200271606
-0.6959999799728394 0.4320000410079956 1.9760000705718994
-0.1679999828338623 0.25199997425079346 1.3940000534057617
0.04799997806549072 0.34800004959106445 1.309999942779541
-0.26399993896484375 -0.28199994564056396 1.8020000457763672
0.4259999990463257 0.3960000276565552 1.3040000200271606
0.34200000762939453 -0.37800002098083496 2.8519999980926514
-0.5999999642372131 0.5399999618530273 1.777999997138977
-0.6959999799728394 0.17400002479553223 2.450000047683716
0.07800006866455078 0.34800004959106445 1.3040000200271606
-0.7199999690055847 0.22200000286102295 2.3540000915527344
0.1260000467300415 -0.34800004959106445 2.888000011444092
0.8340001106262207 -0.006000041961669922 1.6039999723434448
-0.4259999990463257 -0.07200002670288086 1.7419999837875366
-0.18599998950958252 -0.34800004959106445 1.8259999752044678
0.8519999980926514 -0.018000006675720215 1.628000020980835
0.156000018119812 0.36600005626678467 1.2920000553131104
0.3359999656677246 -0.4440000057220459 2.75
-0.3240000009536743 -0.1979999542236328 1.7540000677108765
-0.06599998474121094 0.25199997425079346 1.3519999980926514
-0.4440000057220459 0.6480000019073486 1.6039999723434448
0.8280000686645508 -0.006000041961669922 1.5980000495910645
0.9000000953674316 -0.26999998092651367 2.552000045776367
-0.1499999761581421 -0.37800002098083496 1.843999981880188
0.054000020027160645 0.0 1.4000000953674316
0.8700001239776611 -0.2999999523162842 2.5460000038146973
0.5999999046325684 -0.4440000057220459 2.6059999465942383
0.5759999752044678 -0.4440000057220459 2.630000114440918
0.6779999732971191 0.04799997806549072 1.4660000801086426
0.30000007152557373 -0.38399994373321533 2.8519999980926514
0.1260000467300415 0.024000048637390137 1.375999927520752
0.2760000228881836 -0.40199995040893555 2.828000068664551
0.22800004482269287 0.04799997806549072 1.3580000400543213
-0.07200002670288086 -0.054000020027160645 1.4660000801086426
-0.49800002574920654 0.6180000305175781 1.6519999504089355
0.5759999752044678 -0.4320000410079956 2.6600000858306885
0.06599998474121094 0.34800004959106445 1.3040000200271606
-0.437999963760376 -0.07200002670288086 1.7540000677108765
-0.4440000057220459 0.6540000438690186 1.6039999723434448
-0.018000006675720215 -0.023999929428100586 1.4300000667572021
0.3539999723434448 -0.4440000057220459 2.75
-0.7199999690055847 0.38999998569488525 2.053999900817871
-0.7319999933242798 0.3539999723434448 2.125999927520752
-0.671999990940094 0.46800005435943604 1.9040000438690186
0.4500000476837158 0.07200002670288086 1.3700000047683716
0.4020000696182251 -0.4500000476837158 2.7260000705718994
0.8700001239776611 -0.2999999523162842 2.552000045776367
0.9479999542236328 -0.23399996757507324 2.5280001163482666
0.2760000228881836 0.060000061988830566 1.3519999980926514
0.8519999980926514 -0.3059999942779541 2.5759999752044678
-0.5220000147819519 0.6059999465942383 1.6759999990463257
0.3059999942779541 0.38999998569488525 1.2860000133514404
-0.16199994087219238 -0.37800002098083496 1.850000023841858
-0.4739999771118164 0.6359999179840088 1.628000020980835
0.4259999990463257 0.07200002670288086 1.3640000820159912
0.2760000228881836 -0.41999995708465576 2.803999900817871
0.04200005531311035 0.0 1.4000000953674316
-0.3960000276565552 0.6719999313354492 1.562000036239624
0.9000000953674316 -0.04799997806549072 1.694000005722046
-0.7260000109672546 0.37800002098083496 2.078000068664551
0.054000020027160645 0.3539999723434448 1.3040000200271606
0.33000004291534424 0.06599998474121094 1.3519999980926514
0.30000007152557373 0.060000061988830566 1.3519999980926514
-0.7080000042915344 0.4259999990463257 2.0
-0.6240000128746033 0.5220000743865967 1.8079999685287476
-0.5699999928474426 0.5699999332427979 1.7300000190734863
0.4500000476837158 0.40799999237060547 1.3040000200271606
0.3539999723434448 0.07200002670288086 1.3519999980926514
0.006000041961669922 -0.23399996757507324 2.9839999675750732
-0.3240000009536743 -0.20399999618530273 1.7540000677108765
-0.6480000019073486 0.49800002574920654 1.850000023841858
-0.312000036239624 -0.23399996757507324 1.777999997138977
-0.5460000038146973 0.5880000591278076 1.7000000476837158
0.9300000667572021 -0.24599993228912354 2.552000045776367
0.6960000991821289 -0.41999995708465576 2.558000087738037
-0.7199999690055847 0.21000003814697266 2.378000020980835
0.25199997425079346 0.054000020027160645 1.3519999980926514
-0.6480000019073486 0.5039999485015869 1.850000023841858
0.9539999961853027 -0.20399999618530273 2.5880000591278076
0.22800004482269287 0.054000020027160645 1.3519999980926514
0.4020000696182251 0.07200002670288086 1.3580000400543213
-0.41999995708465576 0.6660001277923584 1.5800000429153442
0.14400005340576172 -0.38399994373321533 2.8519999980926514
0.21599996089935303 0.054000020027160645 1.3519999980926514
0.7079999446868896 0.04799997806549072 1.4779999256134033
0.875999927520752 -0.029999971389770508 1.6519999504089355
0.3240000009536743 -0.4440000057220459 2.76200008392334
-0.07200002670288086 0.23399996757507324 1.3519999980926514
0.34200000762939453 0.38999998569488525 1.2860000133514404
-0.07200002670288086 -0.0419999361038208 1.4539999961853027
-0.1799999475479126 0.19200003147125244 1.406000018119812
-0.6480000019073486 0.10199999809265137 2.5759999752044678
0.4500000476837158 -0.4559999704360962 2.7019999027252197
0.8340001106262207 -0.312000036239624 2.6059999465942383
0.5520000457763672 0.060000061988830566 1.4000000953674316
0.04200005531311035 0.3539999723434448 1.3040000200271606
0.7139999866485596 -0.4140000343322754 2.552000045776367
-0.18599998950958252 0.22800004482269287 1.4000000953674316
0.2580000162124634 -0.41999995708465576 2.809999942779541
-0.023999929428100586 -0.029999971389770508 1.4300000667572021
-0.7199999690055847 0.3960000276565552 2.0360000133514404
0.875999927520752 -0.2999999523162842 2.552000045776367
-0.5999999642372131 0.5460000038146973 1.7660000324249268
0.1260000467300415 0.024000048637390137 1.3700000047683716
0.37800002098083496 0.07200002670288086 1.3519999980926514
0.10199999809265137 0.018000006675720215 1.375999927520752
0.7019999027252197 0.04799997806549072 1.472000002861023
0.630000114440918 0.060000061988830566 1.4300000667572021
-0.6959999799728394 0.4440000057220459 1.9520000219345093
0.48600006103515625 0.06599998474121094 1.375999927520752
-0.671999990940094 0.4739999771118164 1.8919999599456787
0.3960000276565552 0.07800006866455078 1.3519999980926514
-0.6240000128746033 0.5280001163482666 1.8020000457763672
0.36000001430511475 0.3960000276565552 1.2860000133514404
0.6180000305175781 -0.4440000057220459 2.6059999465942383
0.20399999618530273 0.04799997806549072 1.3519999980926514
-0.7199999690055847 0.4020000696182251 2.0299999713897705
0.10199999809265137 -0.3240000009536743 2.9240000247955322
0.8280000686645508 0.006000041961669922 1.5800000429153442
0.40799999237060547 0.3960000276565552 1.2920000553131104
0.4020000696182251 0.07800006866455078 1.3519999980926514
-0.3960000276565552 -0.12000000476837158 1.7360000610351562
0.7799999713897705 0.024000048637390137 1.5320000648498535
0.029999971389770508 -0.006000041961669922 1.4000000953674316
0.8039999008178711 0.011999964714050293 1.555999994277954
0.6779999732971191 0.054000020027160645 1.4539999961853027
-0.6959999799728394 0.4440000057220459 1.9459999799728394
-0.22200000286102295 -0.3240000009536743 1.8020000457763672
0.024000048637390137 0.36000001430511475 1.3040000200271606
0.3539999723434448 0.07200002670288086 1.3459999561309814
0.018000006675720215 0.3840000629425049 1.3040000200271606
-0.5759999752044678 0.5759999752044678 1.7300000190734863
-0.7199999690055847 0.19800007343292236 2.4019999504089355
-0.37199997901916504 -0.1499999761581421 1.7360000610351562
-0.6959999799728394 0.156000018119812 2.4800000190734863
0.4739999771118164 -0.4739999771118164 2.6600000858306885
0.8940000534057617 -0.2940000295639038 2.5399999618530273
0.7799999713897705 0.029999971389770508 1.5260000228881836
-0.1799999475479126 -0.37800002098083496 1.850000023841858
0.07800006866455078 0.018000006675720215 1.375999927520752
-0.17400002479553223 -0.37800002098083496 1.843999981880188
0.19200003147125244 -0.40799999237060547 2.8340001106262207
-0.4140000343322754 -0.09599995613098145 1.7300000190734863
0.4440000057220459 -0.4739999771118164 2.677999973297119
-0.34200000762939453 -0.1979999542236328 1.7540000677108765
0.13199996948242188 -0.37199997901916504 2.875999927520752
0.8519999980926514 -0.006000041961669922 1.6039999723434448
0.5280001163482666 -0.4620000123977661 2.6540000438690186
-0.1979999542236328 -0.34800004959106445 1.8140000104904175
0.75 0.03600001335144043 1.5019999742507935
-0.18599998950958252 0.20399999618530273 1.4000000953674316
0.4259999990463257 0.4020000696182251 1.2920000553131104
0.18000006675720215 0.04200005531311035 1.3519999980926514
0.9000000953674316 -0.2940000295639038 2.5280001163482666
0.07800006866455078 -0.3240000009536743 2.9240000247955322
0.5039999485015869 0.06599998474121094 1.375999927520752
0.10199999809265137 -0.3240000009536743 2.930000066757202
0.2879999876022339 -0.4440000057220459 2.7799999713897705
-0.671999990940094 0.12000000476837158 2.5399999618530273
0.4500000476837158 -0.4739999771118164 2.677999973297119
-0.24599993228912354 -0.2999999523162842 1.784000039100647
0.630000114440918 -0.4440000057220459 2.6059999465942383
-0.22800004482269287 -0.3240000009536743 1.8020000457763672
0.4259999990463257 0.07800006866455078 1.3519999980926514
-0.671999990940094 0.48000001907348633 1.8799999952316284
0.30000007152557373 -0.4440000057220459 2.7799999713897705
-0.09000003337860107 -0.054000020027160645 1.4600000381469727
-0.09000003337860107 0.22800004482269287 1.3519999980926514
-0.1499999761581421 0.22800004482269287 1.375999927520752
0.9300000667572021 -0.2580000162124634 2.552000045776367
0.24000000953674316 -0.41999995708465576 2.822000026702881
0.11399996280670166 -0.34800004959106445 2.9060001373291016
0.33000004291534424 0.07200002670288086 1.340000033378601
-0.3179999589920044 -0.22800004482269287 1.7599999904632568
-0.6959999799728394 0.1499999761581421 2.4860000610351562
-0.04799997806549072 -0.029999971389770508 1.4300000667572021
0.156000018119812 0.04200005531311035 1.3519999980926514
0.48000001907348633 -0.4679999351501465 2.677999973297119
-0.10800004005432129 0.22800004482269287 1.3580000400543213
0.9000000953674316 -0.2879999876022339 2.552000045776367
0.6480000019073486 -0.4440000057220459 2.5880000591278076
0.9240000247955322 -0.26999998092651367 2.5399999618530273
0.5820000171661377 0.06599998474121094 1.4000000953674316
0.7260000705718994 0.04799997806549072 1.4779999256134033
-0.5999999642372131 0.5520000457763672 1.7540000677108765
0.49800002574920654 -0.4739999771118164 2.6540000438690186
0.156000018119812 -0.3960000276565552 2.8519999980926514
-0.011999964714050293 -0.22200000286102295 3.002000093460083
0.4200000762939453 -0.4739999771118164 2.696000099182129
-0.17400002479553223 -0.37199997901916504 1.8259999752044678
0.8280000686645508 0.011999964714050293 1.5679999589920044
0.1380000114440918 0.36600005626678467 1.2799999713897705
0.40799999237060547 0.4020000696182251 1.2860000133514404
-0.1799999475479126 0.22800004482269287 1.3880000114440918
-0.1260000467300415 0.22800004482269287 1.3640000820159912
-0.49800002574920654 0.624000072479248 1.6340000629425049
0.6540000438690186 0.06599998474121094 1.4300000667572021
0.18000006675720215 0.04799997806549072 1.3459999561309814
-0.11399996280670166 -0.029999971389770508 1.4539999961853027
0.1260000467300415 0.37800002098083496 1.2799999713897705
0.4500000476837158 0.08399999141693115 1.3519999980926514
-0.41999995708465576 0.6719999313354492 1.5679999589920044
1.0439999103546143 -0.1499999761581421 2.492000102996826
-0.1499999761581421 0.21599996089935303 1.375999927520752
-0.156000018119812 0.22800004482269287 1.375999927520752
0.0 -0.22200000286102295 3.008000135421753
0.5039999485015869 -0.4739999771118164 2.6540000438690186
-0.4440000057220459 -0.09000003337860107 1.7540000677108765
0.04799997806549072 -0.2999999523162842 2.947999954223633
0.10199999809265137 0.024000048637390137 1.3640000820159912
-0.7199999690055847 0.4200000762939453 2.0
0.5220000743865967 -0.4739999771118164 2.6419999599456787
0.0 -0.006000041961669922 1.4000000953674316
0.07800006866455078 -0.3240000009536743 2.930000066757202
-0.6959999799728394 0.4559999704360962 1.9279999732971191
0.024000048637390137 -0.26999998092651367 2.9720001220703125
-0.6480000019073486 0.5099999904632568 1.8259999752044678
-0.75 0.3059999942779541 2.2039999961853027
0.25199997425079346 -0.41999995708465576 2.828000068664551
-0.7199999690055847 0.18599998950958252 2.4260001182556152
0.48600006103515625 0.07200002670288086 1.3640000820159912
0.06599998474121094 -0.2999999523162842 2.9539999961853027
0.9479999542236328 -0.23399996757507324 2.5759999752044678
0.22800004482269287 -0.41999995708465576 2.828000068664551
-0.08399999141693115 0.22800004482269287 1.3459999561309814
-0.04799997806549072 0.22800004482269287 1.3339999914169312
0.4200000762939453 -0.4739999771118164 2.7019999027252197
-0.7379999756813049 0.22800004482269287 2.3540000915527344
0.21599996089935303 -0.41999995708465576 2.828000068664551
0.11399996280670166 0.37800002098083496 1.2799999713897705
0.6960000991821289 -0.4320000410079956 2.564000129699707
0.30000007152557373 0.07200002670288086 1.3339999914169312
-0.75 0.2940000295639038 2.2160000801086426
-0.09599995613098145 -0.04799997806549072 1.4539999961853027
-0.75 0.2879999876022339 2.2280001640319824
0.38999998569488525 -0.4739999771118164 2.7139999866485596
0.8519999980926514 -0.312000036239624 2.6059999465942383
0.5759999752044678 -0.4620000123977661 2.630000114440918
0.37199997901916504 -0.4739999771118164 2.7200000286102295
-0.09599995613098145 0.21599996089935303 1.3519999980926514
-0.671999990940094 0.11399996280670166 2.552000045776367
-0.011999964714050293 -0.23399996757507324 2.996000051498413
0.8039999008178711 0.024000048637390137 1.5379999876022339
-0.75 0.312000036239624 2.180000066757202
-0.75 0.3240000009536743 2.1679999828338623
0.4259999990463257 -0.4739999771118164 2.7019999027252197
-0.6480000019073486 0.09599995613098145 2.6059999465942383
0.7019999027252197 0.060000061988830566 1.4539999961853027
0.630000114440918 -0.4500000476837158 2.6059999465942383
-0.75 0.2760000228881836 2.251999855041504
0.38999998569488525 0.3960000276565552 1.2799999713897705
0.26999998092651367 -0.4440000057220459 2.7920000553131104
0.054000020027160645 0.011999964714050293 1.375999927520752
0.9179999828338623 -0.2879999876022339 2.5220000743865967
0.9600000381469727 -0.23399996757507324 2.552000045776367
-0.054000020027160645 0.22800004482269287 1.3339999914169312
0.3539999723434448 -0.4620000123977661 2.75
0.5460000038146973 -0.4739999771118164 2.630000114440918
-0.75 0.26999998092651367 2.2639999389648438
0.36000001430511475 -0.4739999771118164 2.7260000705718994
-0.34800004959106445 -0.22800004482269287 1.784000039100647
-0.75 0.3359999656677246 2.1500000953674316
-0.18599998950958252 -0.37800002098083496 1.8380000591278076
-0.6959999799728394 0.14400005340576172 2.503999948501587
0.029999971389770508 -0.26999998092651367 2.9779999256134033
-0.2999999523162842 -0.28199994564056396 1.8020000457763672
0.1260000467300415 0.03600001335144043 1.3519999980926514
0.10199999809265137 0.36600005626678467 1.2799999713897705
0.2760000228881836 -0.437999963760376 2.803999900817871
-0.5220000147819519 0.6119999885559082 1.6519999504089355
-0.7199999690055847 0.4200000762939453 1.9880000352859497
-0.75 0.2640000581741333 2.2760000228881836
-0.21000003814697266 -0.37199997901916504 1.850000023841858
0.09599995613098145 -0.34800004959106445 2.9119999408721924
0.9600000381469727 -0.24599993228912354 2.5280001163482666
0.5699999332427979 -0.4739999771118164 2.611999988555908
0.04799997806549072 -0.2999999523162842 2.9539999961853027
-0.49800002574920654 0.630000114440918 1.628000020980835
-0.4320000410079956 -0.09599995613098145 1.7360000610351562
0.34800004959106445 -0.4739999771118164 2.7320001125335693
0.2940000295639038 0.07800006866455078 1.3280000686645508
0.6719999313354492 -0.4440000057220459 2.5759999752044678
0.024000048637390137 -0.26999998092651367 2.9779999256134033
0.5520000457763672 -0.4739999771118164 2.630000114440918
0.30000007152557373 0.07800006866455078 1.3280000686645508
0.9360001087188721 -0.26999998092651367 2.5339999198913574
0.9539999961853027 -0.23399996757507324 2.5759999752044678
0.20399999618530273 -0.40799999237060547 2.8519999980926514
0.37800002098083496 -0.4739999771118164 2.7260000705718994
-0.6240000128746033 0.5399999618530273 1.777999997138977
-0.07200002670288086 -0.029999971389770508 1.4300000667572021
0.5039999485015869 0.07200002670288086 1.3640000820159912
0.07200002670288086 -0.3240000009536743 2.936000108718872
0.07800006866455078 0.20399999618530273 1.3040000200271606
-0.5460000038146973 0.5999999046325684 1.6759999990463257
0.75 0.04799997806549072 1.4839999675750732
-0.75 0.34800004959106445 2.125999927520752
0.25199997425079346 0.07200002670288086 1.3280000686645508
-0.41999995708465576 0.6779999732971191 1.562000036239624
0.0 -0.006000041961669922 1.3940000534057617
-0.34800004959106445 -0.1979999542236328 1.7419999837875366
-0.6660000085830688 0.5039999485015869 1.850000023841858
0.2760000228881836 0.07200002670288086 1.3280000686645508
0.1260000467300415 0.37199997901916504 1.2739999294281006
-0.75 0.25199997425079346 2.3000001907348633
0.5820000171661377 -0.4739999771118164 2.6059999465942383
-0.4440000057220459 0.6660001277923584 1.5800000429153442
-0.75 0.34800004959106445 2.119999885559082
0.5399999618530273 0.06599998474121094 1.375999927520752
-0.5460000038146973 0.6059999465942383 1.6759999990463257
-0.7199999690055847 0.17400002479553223 2.444000005722046
-0.4739999771118164 0.6480000019073486 1.6039999723434448
0.6119999885559082 0.07200002670288086 1.4000000953674316
0.33000004291534424 0.07800006866455078 1.3280000686645508
-0.011999964714050293 0.18000006675720215 1.3280000686645508
0.6779999732971191 -0.4440000057220459 2.5759999752044678
0.07800006866455078 0.36600005626678467 1.2799999713897705
-0.7199999690055847 0.4259999990463257 1.9760000705718994
0.3539999723434448 0.08399999141693115 1.3280000686645508
1.0499999523162842 -0.1499999761581421 2.503999948501587
0.6779999732971191 0.07200002670288086 1.4300000667572021
-0.75 0.24600005149841309 2.312000036239624
0.6540000438690186 0.07200002670288086 1.4179999828338623
0.06599998474121094 0.20399999618530273 1.3040000200271606
0.4259999990463257 -0.48000001907348633 2.7019999027252197
-0.7199999690055847 0.17400002479553223 2.450000047683716
0.4500000476837158 -0.4859999418258667 2.677999973297119
0.30000007152557373 -0.4559999704360962 2.7799999713897705
0.22800004482269287 0.06599998474121094 1.3280000686645508
-0.1979999542236328 -0.36000001430511475 1.8079999685287476
-0.4739999771118164 0.6540000438690186 1.6039999723434448
0.75 0.054000020027160645 1.4779999256134033
0.24600005149841309 -0.4440000057220459 2.803999900817871
0.25199997425079346 -0.4440000057220459 2.803999900817871
0.630000114440918 0.07200002670288086 1.406000018119812
0.48000001907348633 0.07800006866455078 1.3519999980926514
-0.5699999928474426 0.5880000591278076 1.7000000476837158
-0.75 0.36000001430511475 2.1019999980926514
0.8039999008178711 0.029999971389770508 1.5260000228881836
1.055999994277954 -0.14399993419647217 2.503999948501587
-0.006000041961669922 -0.24000000953674316 3.002000093460083
0.024000048637390137 -0.28199994564056396 2.9720001220703125
0.11399996280670166 -0.37199997901916504 2.8940000534057617
0.10199999809265137 0.029999971389770508 1.3519999980926514
-0.023999929428100586 -0.011999964714050293 1.4000000953674316
-0.1979999542236328 -0.37199997901916504 1.8259999752044678
-0.5460000038146973 0.5999999046325684 1.6699999570846558
0.6059999465942383 -0.4679999351501465 2.6059999465942383
0.7799999713897705 0.04200005531311035 1.5019999742507935
0.07800006866455078 0.024000048637390137 1.3580000400543213
-0.6959999799728394 0.46800005435943604 1.9040000438690186
0.029999971389770508 0.006000041961669922 1.375999927520752
0.011999964714050293 0.19200003147125244 1.315999984741211
0.875999927520752 -0.3059999942779541 2.5999999046325684
0.5520000457763672 0.06599998474121094 1.375999927520752
0.37800002098083496 0.08399999141693115 1.3280000686645508
-0.7379999756813049 0.4020000696182251 2.0299999713897705
0.10199999809265137 -0.34200000762939453 2.930000066757202
0.5999999046325684 -0.4739999771118164 2.5999999046325684
-0.07200002670288086 -0.029999971389770508 1.4240000247955322
-0.75 0.23399996757507324 2.3299999237060547
-0.029999971389770508 0.18599998950958252 1.3280000686645508
0.3240000009536743 -0.4739999771118164 2.75
-0.22800004482269287 -0.34200000762939453 1.8020000457763672
-0.4739999771118164 0.6480000019073486 1.5980000495910645
0.20399999618530273 0.060000061988830566 1.3280000686645508
-0.671999990940094 0.49800002574920654 1.850000023841858
-0.2760000228881836 -0.2940000295639038 1.777999997138977
-0.34200000762939453 -0.22200000286102295 1.7540000677108765
-0.6420000195503235 0.07200002670288086 2.624000072479248
0.07200002670288086 -0.34200000762939453 2.9240000247955322
0.22800004482269287 -0.4320000410079956 2.828000068664551
0.33000004291534424 -0.4739999771118164 2.75
0.1260000467300415 -0.37199997901916504 2.9000000953674316
0.0 -0.24599993228912354 3.002000093460083
0.25199997425079346 0.07200002670288086 1.3220000267028809
0.024000048637390137 0.37199997901916504 1.2860000133514404
-0.04799997806549072 0.20399999618530273 1.3280000686645508
0.4020000696182251 0.09000003337860107 1.3280000686645508
-0.312000036239624 -0.2760000228881836 1.7899999618530273
0.2760000228881836 0.07200002670288086 1.3220000267028809
0.054000020027160645 0.36000001430511475 1.2799999713897705
0.07800006866455078 -0.3179999589920044 2.9539999961853027
0.9300000667572021 -0.2879999876022339 2.5280001163482666
0.18000006675720215 0.060000061988830566 1.3280000686645508
-0.26999998092651367 -0.2999999523162842 1.777999997138977
-0.37199997901916504 -0.17400002479553223 1.7300000190734863
-0.17400002479553223 0.20399999618530273 1.375999927520752
0.7439999580383301 -0.41999995708465576 2.558000087738037
0.5039999485015869 0.08399999141693115 1.3519999980926514
-0.41999995708465576 -0.12000000476837158 1.7300000190734863
-0.48000001907348633 0.6540000438690186 1.6039999723434448
-0.75 0.37199997901916504 2.078000068664551
-0.22200000286102295 -0.34800004959106445 1.8020000457763672
0.6779999732971191 0.07200002670288086 1.4240000247955322
0.16200006008148193 0.23399996757507324 1.2799999713897705
-0.6959999799728394 0.13199996948242188 2.5280001163482666
-0.671999990940094 0.10199999809265137 2.5759999752044678
0.156000018119812 0.04799997806549072 1.3339999914169312
0.4440000057220459 -0.49800002574920654 2.6660001277923584
0.11399996280670166 -0.37199997901916504 2.9000000953674316
0.07800006866455078 0.029999971389770508 1.3519999980926514
-0.6480000019073486 0.5220000743865967 1.8020000457763672
-0.12000000476837158 0.20399999618530273 1.3519999980926514
-0.5999999642372131 0.564000129699707 1.7300000190734863
0.4200000762939453 -0.49800002574920654 2.677999973297119
0.04799997806549072 0.36000001430511475 1.2799999713897705
-0.3960000276565552 -0.1499999761581421 1.7300000190734863
0.0 -0.22200000286102295 3.0260000228881836
-0.671999990940094 0.49800002574920654 1.843999981880188
-0.6480000019073486 0.5280001163482666 1.8020000457763672
0.7260000705718994 0.060000061988830566 1.4539999961853027
0.75 -0.41999995708465576 2.552000045776367
-0.75 0.37199997901916504 2.072000026702881
-0.75 0.22200000286102295 2.3480000495910645
0.1679999828338623 -0.41999995708465576 2.8459999561309814
0.4259999990463257 -0.49800002574920654 2.677999973297119
-0.12000000476837158 0.19800007343292236 1.3519999980926514
0.2879999876022339 -0.4739999771118164 2.76200008392334
-0.75 0.22200000286102295 2.3540000915527344
0.7019999027252197 -0.4440000057220459 2.564000129699707
-0.6480000019073486 0.08399999141693115 2.630000114440918
0.9839999675750732 -0.24599993228912354 2.498000144958496
0.4739999771118164 -0.49800002574920654 2.6540000438690186
-0.24599993228912354 -0.3240000009536743 1.784000039100647
-0.21000003814697266 -0.37199997901916504 1.8259999752044678
0.9839999675750732 -0.25199997425079346 2.4800000190734863
-0.1799999475479126 0.20399999618530273 1.375999927520752
0.06599998474121094 0.029999971389770508 1.3519999980926514
-0.17400002479553223 0.19200003147125244 1.375999927520752
0.22200000286102295 -0.4440000057220459 2.815999984741211
-0.26999998092651367 -0.2999999523162842 1.7719999551773071
-0.7199999690055847 0.4440000057220459 1.9520000219345093
1.0499999523162842 -0.1679999828338623 2.492000102996826
-0.1260000467300415 0.20399999618530273 1.3519999980926514
-0.34800004959106445 -0.22800004482269287 1.7599999904632568
0.09000003337860107 -0.3659999370574951 2.9060001373291016
-0.6240000128746033 0.5460000038146973 1.7599999904632568
0.10199999809265137 0.37199997901916504 1.2680000066757202
0.6059999465942383 0.07200002670288086 1.3880000114440918
-0.22200000286102295 -0.34800004959106445 1.7960000038146973
0.8039999008178711 0.03600001335144043 1.5140000581741333
0.624000072479248 -0.4739999771118164 2.5880000591278076
-0.1799999475479126 0.156000018119812 1.3880000114440918
0.5520000457763672 -0.4859999418258667 2.630000114440918
-0.41999995708465576 -0.12000000476837158 1.7239999771118164
0.4259999990463257 0.09000003337860107 1.3280000686645508
-0.156000018119812 0.20399999618530273 1.3640000820159912
0.5759999752044678 0.07200002670288086 1.375999927520752
0.49800002574920654 -0.49800002574920654 2.6419999599456787
0.1260000467300415 -0.3960000276565552 2.875999927520752
0.48000001907348633 -0.49800002574920654 2.6540000438690186
-0.04799997806549072 -0.011999964714050293 1.4000000953674316
0.029999971389770508 0.37800002098083496 1.2799999713897705
-0.09599995613098145 -0.03600001335144043 1.4300000667572021
0.029999971389770508 0.19800007343292236 1.3040000200271606
0.156000018119812 0.054000020027160645 1.3280000686645508
0.9539999961853027 -0.26999998092651367 2.5280001163482666
0.18599998950958252 -0.41999995708465576 2.8519999980926514
0.5039999485015869 -0.4919999837875366 2.6540000438690186
0.7799999713897705 0.04799997806549072 1.4900000095367432
-0.671999990940094 0.09599995613098145 2.5820000171661377
0.33000004291534424 -0.48000001907348633 2.75
-0.3960000276565552 -0.1499999761581421 1.7239999771118164
0.0 0.006000041961669922 1.375999927520752
-0.6959999799728394 0.4739999771118164 1.8860000371932983
0.10199999809265137 0.21599996089935303 1.2860000133514404
-0.75 0.3840000629425049 2.053999900817871
-0.06599998474121094 0.20399999618530273 1.3280000686645508
0.9779999256134033 -0.24599993228912354 2.5280001163482666
-0.40199995040893555 -0.1499999761581421 1.7300000190734863
-0.023999929428100586 -0.006000041961669922 1.3880000114440918
-0.08399999141693115 0.20399999618530273 1.3339999914169312
0.024000048637390137 0.37800002098083496 1.2799999713897705
-0.04799997806549072 0.20399999618530273 1.3220000267028809
-0.5220000147819519 0.624000072479248 1.6340000629425049
-0.10199999809265137 0.20399999618530273 1.340000033378601
0.6779999732971191 -0.437999963760376 2.624000072479248
0.5220000743865967 -0.49800002574920654 2.630000114440918
0.018000006675720215 0.4020000696182251 1.2799999713897705
0.7019999027252197 -0.4440000057220459 2.5759999752044678
0.16200006008148193 -0.41999995708465576 2.8519999980926514
-0.7199999690055847 0.156000018119812 2.4800000190734863
0.7019999027252197 0.07200002670288086 1.4300000667572021
-0.10199999809265137 -0.03600001335144043 1.4300000667572021
0.13199996948242188 0.054000020027160645 1.3280000686645508
0.07800006866455078 -0.34800004959106445 2.930000066757202
0.6480000019073486 0.07800006866455078 1.4000000953674316
0.5399999618530273 -0.49800002574920654 2.618000030517578
0.9419999122619629 -0.2879999876022339 2.5220000743865967
0.25199997425079346 -0.4559999704360962 2.803999900817871
-0.1799999475479126 0.18599998950958252 1.375999927520752
-0.6539999842643738 0.5280001163482666 1.8020000457763672
-0.75 0.21000003814697266 2.378000020980835
0.3960000276565552 -0.49800002574920654 2.7019999027252197
0.5339999198913574 0.07200002670288086 1.3580000400543213
-0.054000020027160645 0.20399999618530273 1.3220000267028809
-0.6240000128746033 0.5520000457763672 1.7540000677108765
-0.6959999799728394 0.12000000476837158 2.5399999618530273
0.054000020027160645 0.024000048637390137 1.3519999980926514
0.5280001163482666 -0.49800002574920654 2.630000114440918
-0.6959999799728394 0.48000001907348633 1.8799999952316284
0.7680001258850098 -0.41999995708465576 2.5399999618530273
0.26999998092651367 -0.4739999771118164 2.7739999294281006
0.07200002670288086 -0.34800004959106445 2.930000066757202
0.6779999732971191 -0.437999963760376 2.630000114440918
0.9839999675750732 -0.23399996757507324 2.552000045776367
0.4020000696182251 -0.49800002574920654 2.7019999027252197
0.8819999694824219 -0.3059999942779541 2.618000030517578
0.12000000476837158 -0.3960000276565552 2.881999969482422
0.36600005626678467 -0.49800002574920654 2.7139999866485596
0.9900000095367432 -0.24599993228912354 2.503999948501587
-0.4440000057220459 0.6719999313354492 1.562000036239624
-0.4320000410079956 -0.12000000476837158 1.7300000190734863
0.75 -0.41999995708465576 2.5759999752044678
0.6419999599456787 -0.4739999771118164 2.5820000171661377
-0.40199995040893555 -0.156000018119812 1.7300000190734863
0.054000020027160645 -0.3240000009536743 2.9539999961853027
-0.7199999690055847 0.1499999761581421 2.4860000610351562
-0.34800004959106445 -0.22200000286102295 1.7419999837875366
0.5280001163482666 0.07800006866455078 1.3519999980926514
-0.7199999690055847 0.4440000057220459 1.934000015258789
0.6540000438690186 0.07800006866455078 1.4000000953674316
0.5759999752044678 0.07200002670288086 1.3700000047683716
0.7260000705718994 -0.4259999990463257 2.5999999046325684
0.1260000467300415 0.04799997806549072 1.3280000686645508
0.12000000476837158 -0.36000001430511475 2.930000066757202
-0.22200000286102295 -0.36000001430511475 1.8020000457763672
0.04799997806549072 -0.3240000009536743 2.9539999961853027
-0.4440000057220459 0.6779999732971191 1.562000036239624
0.20399999618530273 -0.4440000057220459 2.828000068664551
-0.75 0.3960000276565552 2.0299999713897705
-0.671999990940094 0.5099999904632568 1.8259999752044678
-0.5460000038146973 0.6119999885559082 1.6519999504089355
0.1499999761581421 -0.41999995708465576 2.8580000400543213
0.2640000581741333 -0.4739999771118164 2.7799999713897705
-0.5220000147819519 0.630000114440918 1.628000020980835
0.19200003147125244 -0.4440000057220459 2.828000068664551
0.2760000228881836 -0.4739999771118164 2.7799999713897705
-0.6480000019073486 0.06599998474121094 2.635999917984009
1.062000036239624 -0.1499999761581421 2.5280001163482666
-0.49800002574920654 0.6419999599456787 1.6039999723434448
0.34200000762939453 -0.49800002574920654 2.7260000705718994
-0.07200002670288086 0.18599998950958252 1.3280000686645508
0.22800004482269287 0.07200002670288086 1.309999942779541
0.9660000801086426 -0.2760000228881836 2.503999948501587
0.7019999027252197 0.07200002670288086 1.4240000247955322
-0.7199999690055847 0.4500000476837158 1.9279999732971191
-0.38999998569488525 -0.17400002479553223 1.7300000190734863
-0.09599995613098145 -0.029999971389770508 1.4179999828338623
-0.75 0.19800007343292236 2.3959999084472656
0.6540000438690186 -0.4739999771118164 2.5759999752044678
-0.33000004291534424 -0.26999998092651367 1.777999997138977
-0.75 0.3960000276565552 2.0240001678466797
-0.5699999928474426 0.5940001010894775 1.6759999990463257
-0.5999999642372131 0.5699999332427979 1.7120000123977661
-0.24000000953674316 -0.3659999370574951 1.8259999752044678
0.6059999465942383 0.07800006866455078 1.375999927520752
0.30000007152557373 0.09000003337860107 1.3040000200271606
0.5699999332427979 -0.49800002574920654 2.6059999465942383
0.7799999713897705 -0.4140000343322754 2.552000045776367
0.3539999723434448 -0.49800002574920654 2.7260000705718994
0.07200002670288086 0.20399999618530273 1.2860000133514404
-0.6959999799728394 0.11399996280670166 2.552000045776367
0.029999971389770508 0.024000048637390137 1.3519999980926514
0.5520000457763672 0.07200002670288086 1.3580000400543213
0.25199997425079346 0.08399999141693115 1.3040000200271606
0.10199999809265137 0.04799997806549072 1.3280000686645508
-0.22200000286102295 -0.36000001430511475 1.7960000038146973
0.029999971389770508 -0.2999999523162842 2.9779999256134033
0.9720001220703125 -0.26999998092651367 2.509999990463257
1.055999994277954 -0.17400002479553223 2.498000144958496
0.156000018119812 -0.40199995040893555 2.888000011444092
0.2760000228881836 0.08399999141693115 1.3040000200271606
0.5280001163482666 -0.5040000081062317 2.630000114440918
0.4259999990463257 0.09599995613098145 1.315999984741211
-0.023999929428100586 0.0 1.375999927520752
0.4739999771118164 0.09000003337860107 1.3280000686645508
-0.7739999890327454 0.2940000295639038 2.2160000801086426
-0.75 0.19200003147125244 2.4019999504089355
-0.1799999475479126 0.18000006675720215 1.3700000047683716
-0.7739999890327454 0.30000007152557373 2.2039999961853027
-0.7739999890327454 0.2879999876022339 2.2280001640319824
-0.6480000019073486 0.5339999198913574 1.777999997138977
-0.07200002670288086 -0.018000006675720215 1.4000000953674316
-0.4739999771118164 0.6600000858306885 1.5800000429153442
0.312000036239624 -0.49800002574920654 2.73799991607666
0.5759999752044678 -0.49800002574920654 2.6059999465942383
0.33000004291534424 0.09000003337860107 1.3040000200271606
0.7560000419616699 0.06599998474121094 1.4539999961853027
-0.7739999890327454 0.312000036239624 2.180000066757202
-0.7739999890327454 0.3240000009536743 2.1679999828338623
-0.7199999690055847 0.14400005340576172 2.503999948501587
0.3539999723434448 0.09599995613098145 1.3040000200271606
-0.26399993896484375 -0.3240000009536743 1.777999997138977
-0.7739999890327454 0.2760000228881836 2.251999855041504
-0.37199997901916504 -0.1979999542236328 1.7300000190734863
0.22800004482269287 0.07800006866455078 1.3040000200271606
0.48000001907348633 0.09000003337860107 1.3280000686645508
0.4020000696182251 0.09599995613098145 1.309999942779541
0.37800002098083496 -0.49800002574920654 2.7260000705718994
-0.7739999890327454 0.26999998092651367 2.2639999389648438
-0.6599999666213989 0.07800006866455078 2.630000114440918
0.018000006675720215 -0.2999999523162842 2.9779999256134033
-0.7739999890327454 0.3359999656677246 2.1500000953674316
0.37800002098083496 0.10199999809265137 1.3040000200271606
0.14400005340576172 0.22800004482269287 1.2680000066757202
0.20399999618530273 0.07800006866455078 1.3040000200271606
0.0 -0.26999998092651367 3.002000093460083
-0.10800004005432129 -0.029999971389770508 1.4179999828338623
0.07800006866455078 -0.36000001430511475 2.930000066757202
0.5520000457763672 0.07800006866455078 1.3519999980926514
-0.671999990940094 0.08399999141693115 2.6059999465942383
-0.7739999890327454 0.2640000581741333 2.2760000228881836
0.7379999160766602 -0.4440000057220459 2.552000045776367
0.5999999046325684 -0.49800002574920654 2.5880000591278076
0.24600005149841309 -0.4739999771118164 2.7920000553131104
0.7799999713897705 0.054000020027160645 1.472000002861023
0.14400005340576172 -0.3960000276565552 2.9000000953674316
-0.3179999589920044 -0.26999998092651367 1.7540000677108765
-0.006000041961669922 -0.26999998092651367 3.002000093460083
0.07800006866455078 0.20399999618530273 1.2799999713897705
0.6719999313354492 -0.4739999771118164 2.569999933242798
-0.04799997806549072 -0.006000041961669922 1.3819999694824219
0.37800002098083496 0.09599995613098145 1.3040000200271606
0.7260000705718994 0.07200002670288086 1.4300000667572021
-0.23399996757507324 -0.3659999370574951 1.8079999685287476
0.6660001277923584 -0.4500000476837158 2.6419999599456787
0.20399999618530273 0.07200002670288086 1.3040000200271606
1.002000093460083 -0.24000000953674316 2.5220000743865967
-0.6359999775886536 0.5520000457763672 1.7540000677108765
0.8280000686645508 -0.3960000276565552 2.5280001163482666
-0.1499999761581421 0.18000006675720215 1.3519999980926514
-0.75 0.40799999237060547 2.0
0.018000006675720215 0.4020000696182251 1.2680000066757202
0.029999971389770508 0.024000048637390137 1.3459999561309814
1.0799999237060547 -0.14399993419647217 2.509999990463257
0.9360001087188721 -0.2940000295639038 2.564000129699707
0.7320001125335693 0.07800006866455078 1.4300000667572021
0.08399999141693115 0.37199997901916504 1.25600004196167
-0.7739999890327454 0.34200000762939453 2.125999927520752
-0.7739999890327454 0.25199997425079346 2.3000001907348633
0.10199999809265137 0.04799997806549072 1.3220000267028809
0.07800006866455078 0.04200005531311035 1.3280000686645508
0.18000006675720215 0.07200002670288086 1.3040000200271606
0.4020000696182251 0.10199999809265137 1.3040000200271606
0.6119999885559082 -0.49800002574920654 2.5820000171661377
0.30000007152557373 -0.49800002574920654 2.75
1.002000093460083 -0.24000000953674316 2.5280001163482666
0.1679999828338623 -0.4440000057220459 2.8399999141693115
0.4020000696182251 -0.5099999904632568 2.7019999027252197
0.23399996757507324 0.24600005149841309 1.25600004196167
-0.1799999475479126 0.1380000114440918 1.375999927520752
0.12000000476837158 -0.4140000343322754 2.875999927520752
-0.7139999866485596 0.1260000467300415 2.5280001163482666
-0.7739999890327454 0.24600005149841309 2.305999994277954
0.437999963760376 -0.5220000147819519 2.6600000858306885
-0.1679999828338623 0.18000006675720215 1.3580000400543213
-0.5999999642372131 0.5759999752044678 1.7000000476837158
-0.7739999890327454 0.34800004959106445 2.113999843597412
0.4500000476837158 -0.5220000147819519 2.6540000438690186
-0.1260000467300415 0.18000006675720215 1.340000033378601
-0.018000006675720215 0.18000006675720215 1.3040000200271606
-0.75 0.18000006675720215 2.4260001182556152
0.18000006675720215 -0.437999963760376 2.8519999980926514
0.4140000343322754 -0.5220000147819519 2.671999931335449
0.9839999675750732 -0.26999998092651367 2.503999948501587
-0.5699999928474426 0.5999999046325684 1.6640000343322754
-0.04799997806549072 0.0 1.375999927520752
0.8039999008178711 -0.40799999237060547 2.552000045776367
0.3539999723434448 0.09599995613098145 1.2979999780654907
0.156000018119812 -0.40199995040893555 2.9000000953674316
-0.09599995613098145 0.18000006675720215 1.3280000686645508
-0.029999971389770508 -0.24599993228912354 3.0199999809265137
-0.7199999690055847 0.4620000123977661 1.9040000438690186
0.4020000696182251 -0.5220000147819519 2.677999973297119
0.4739999771118164 -0.5220000147819519 2.6419999599456787
-0.49800002574920654 0.6480000019073486 1.5920000076293945
0.37800002098083496 -0.5040000081062317 2.7260000705718994
0.48000001907348633 -0.515999972820282 2.6540000438690186
0.7980000972747803 -0.41999995708465576 2.5280001163482666
-0.6959999799728394 0.4919999837875366 1.850000023841858
-0.6240000128746033 0.5580000877380371 1.7300000190734863
-0.1499999761581421 0.1679999828338623 1.3519999980926514
-0.11399996280670166 0.18000006675720215 1.3339999914169312
0.10199999809265137 0.3840000629425049 1.25
-0.6899999976158142 0.09599995613098145 2.5820000171661377
0.2879999876022339 -0.49800002574920654 2.75600004196167
-0.7739999890327454 0.3539999723434448 2.1019999980926514
0.6779999732971191 -0.4739999771118164 2.5759999752044678
0.46800005435943604 0.09599995613098145 1.315999984741211
0.0 0.018000006675720215 1.3519999980926514
0.690000057220459 -0.4739999771118164 2.558000087738037
0.10199999809265137 -0.3960000276565552 2.9000000953674316
0.2760000228881836 0.26999998092651367 1.25
-0.09599995613098145 -0.018000006675720215 1.4000000953674316
0.8399999141693115 -0.3960000276565552 2.5160000324249268
0.3960000276565552 -0.5220000147819519 2.684000015258789
-0.3960000276565552 -0.17400002479553223 1.718000054359436
-0.08399999141693115 0.18000006675720215 1.3220000267028809
-0.671999990940094 0.5160000324249268 1.8020000457763672
0.75 -0.4440000057220459 2.552000045776367
-0.75 0.17400002479553223 2.432000160217285
-0.38399994373321533 -0.1979999542236328 1.7300000190734863
1.0799999237060547 -0.14399993419647217 2.5280001163482666
-0.04799997806549072 0.18000006675720215 1.309999942779541
0.5160000324249268 -0.5220000147819519 2.618000030517578
0.690000057220459 0.08399999141693115 1.4000000953674316
0.03600001335144043 -0.34800004959106445 2.941999912261963
0.4919999837875366 -0.5220000147819519 2.635999917984009
0.9779999256134033 -0.2760000228881836 2.5160000324249268
-0.7739999890327454 0.23399996757507324 2.3299999237060547
-0.023999929428100586 0.17400002479553223 1.3040000200271606
0.156000018119812 0.06599998474121094 1.3040000200271606
0.4259999990463257 0.10199999809265137 1.3040000200271606
0.22800004482269287 -0.4739999771118164 2.803999900817871
-0.6959999799728394 0.10199999809265137 2.5759999752044678
0.22200000286102295 -0.4739999771118164 2.803999900817871
-0.4140000343322754 -0.1499999761581421 1.7120000123977661
1.002000093460083 -0.23399996757507324 2.558000087738037
-0.023999929428100586 -0.24599993228912354 3.0260000228881836
0.25199997425079346 0.2580000162124634 1.25
0.5039999485015869 -0.5220000147819519 2.630000114440918
0.054000020027160645 0.37199997901916504 1.25600004196167
0.06599998474121094 -0.37199997901916504 2.9240000247955322
0.09000003337860107 -0.3960000276565552 2.9000000953674316
0.5759999752044678 0.07800006866455078 1.3519999980926514
0.6419999599456787 0.08399999141693115 1.375999927520752
-0.1799999475479126 0.16200006008148193 1.3640000820159912
1.0740001201629639 -0.14399993419647217 2.552000045776367
-0.24599993228912354 -0.34800004959106445 1.777999997138977
-0.26999998092651367 -0.3240000009536743 1.7660000324249268
0.1260000467300415 -0.41999995708465576 2.875999927520752
0.630000114440918 -0.49800002574920654 2.5759999752044678
0.33000004291534424 0.09599995613098145 1.2920000553131104
0.8039999008178711 -0.41999995708465576 2.5280001163482666
0.5160000324249268 0.09000003337860107 1.3280000686645508
0.75 0.07200002670288086 1.4359999895095825
-0.054000020027160645 0.18000006675720215 1.309999942779541
0.054000020027160645 0.19200003147125244 1.2799999713897705
0.22800004482269287 0.25199997425079346 1.25
0.48000001907348633 0.09599995613098145 1.315999984741211
-0.7139999866485596 0.4739999771118164 1.8799999952316284
0.4259999990463257 -0.5220000147819519 2.677999973297119
0.22200000286102295 0.25199997425079346 1.25
-0.07200002670288086 -0.006000041961669922 1.3819999694824219
0.04799997806549072 0.37199997901916504 1.25600004196167
-0.75 0.4200000762939453 1.9760000705718994
-0.75 0.4259999990463257 1.9760000705718994
-0.029999971389770508 -0.24599993228912354 3.0260000228881836
-0.09599995613098145 0.16200006008148193 1.3280000686645508
0.5460000038146973 -0.5220000147819519 2.5999999046325684
-0.7739999890327454 0.36600005626678467 2.078000068664551
-0.3659999370574951 -0.24000000953674316 1.7540000677108765
0.07800006866455078 0.37800002098083496 1.25
0.5399999618530273 -0.5220000147819519 2.6059999465942383
0.5759999752044678 -0.5099999904632568 2.6059999465942383
0.054000020027160645 0.03600001335144043 1.3280000686645508
0.9600000381469727 -0.2940000295639038 2.5280001163482666
0.36600005626678467 -0.5220000147819519 2.7019999027252197
1.068000078201294 -0.17400002479553223 2.509999990463257
0.7019999027252197 -0.4739999771118164 2.552000045776367
0.9779999256134033 -0.2760000228881836 2.5280001163482666
0.9839999675750732 -0.26999998092651367 2.5280001163482666
0.011999964714050293 -0.3240000009536743 2.9660000801086426
0.20399999618530273 0.24600005149841309 1.25
-0.7739999890327454 0.22200000286102295 2.3480000495910645
0.2640000581741333 -0.49800002574920654 2.7680001258850098
-0.75 0.1679999828338623 2.450000047683716
0.5580000877380371 -0.5220000147819519 2.5940001010894775
0.6419999599456787 -0.49800002574920654 2.569999933242798
-0.3240000009536743 -0.26999998092651367 1.7419999837875366
0.37800002098083496 -0.5220000147819519 2.7019999027252197
0.054000020027160645 -0.34800004959106445 2.9539999961853027
0.156000018119812 -0.4440000057220459 2.8519999980926514
0.75 0.07800006866455078 1.4300000667572021
-0.6840000152587891 0.08399999141693115 2.6059999465942383
-0.7739999890327454 0.37199997901916504 2.065999984741211
0.09000003337860107 0.20399999618530273 1.2680000066757202
0.04200005531311035 -0.2999999523162842 3.002000093460083
0.5280001163482666 0.09000003337860107 1.3280000686645508
-0.07200002670288086 0.0 1.375999927520752
-0.6480000019073486 0.5460000038146973 1.7540000677108765
-0.4259999990463257 -0.1499999761581421 1.718000054359436
0.30000007152557373 0.09599995613098145 1.2860000133514404
-0.7739999890327454 0.21599996089935303 2.3540000915527344
0.7019999027252197 0.08399999141693115 1.4000000953674316
0.07800006866455078 0.04799997806549072 1.315999984741211
0.6540000438690186 -0.4919999837875366 2.5759999752044678
0.34200000762939453 -0.5220000147819519 2.7139999866485596
0.1260000467300415 0.060000061988830566 1.3040000200271606
-0.5460000038146973 0.624000072479248 1.628000020980835
0.0 -0.2879999876022339 3.002000093460083
-0.2999999523162842 -0.2999999523162842 1.7540000677108765
-0.24599993228912354 -0.3539999723434448 1.777999997138977
-0.671999990940094 0.07200002670288086 2.630000114440918
0.6540000438690186 0.08399999141693115 1.375999927520752
-0.5699999928474426 0.6059999465942383 1.6519999504089355
0.5520000457763672 -0.5220000147819519 2.6059999465942383
0.1380000114440918 -0.4440000057220459 2.8519999980926514
0.3539999723434448 -0.515999972820282 2.7260000705718994
-0.6959999799728394 0.49800002574920654 1.8320000171661377
0.8280000686645508 -0.40199995040893555 2.552000045776367
-0.5220000147819519 0.6419999599456787 1.6039999723434448
-0.437999963760376 -0.1499999761581421 1.7300000190734863
-0.7739999890327454 0.3840000629425049 2.053999900817871
0.8159999847412109 -0.41999995708465576 2.5220000743865967
0.7139999866485596 -0.4739999771118164 2.5460000038146973
-0.5460000038146973 0.630000114440918 1.628000020980835
0.054000020027160645 0.37800002098083496 1.25
-0.006000041961669922 -0.2999999523162842 2.990000009536743
0.7739999294281006 -0.4440000057220459 2.5339999198913574
0.054000020027160645 -0.37199997901916504 2.930000066757202
-0.2580000162124634 -0.34800004959106445 1.777999997138977
-0.37800002098083496 -0.21599996089935303 1.7300000190734863
-0.37199997901916504 -0.22200000286102295 1.7300000190734863
0.018000006675720215 0.4259999990463257 1.25600004196167
-0.011999964714050293 0.18000006675720215 1.2920000553131104
0.30000007152557373 -0.5099999904632568 2.75
0.9479999542236328 -0.2940000295639038 2.5759999752044678
-0.49800002574920654 0.6540000438690186 1.5800000429153442
0.029999971389770508 0.03600001335144043 1.3280000686645508
-0.7199999690055847 0.12000000476837158 2.5399999618530273
0.029999971389770508 -0.3240000009536743 2.9779999256134033
-0.023999929428100586 0.011999964714050293 1.3519999980926514
0.19800007343292236 -0.4739999771118164 2.815999984741211
-0.34800004959106445 -0.26399993896484375 1.7540000677108765
1.128000020980835 -0.11399996280670166 2.450000047683716
0.0 0.024000048637390137 1.340000033378601
0.029999971389770508 0.18599998950958252 1.2799999713897705
-0.7199999690055847 0.48000001907348633 1.8799999952316284
0.07800006866455078 0.19800007343292236 1.2680000066757202
0.18000006675720215 0.22800004482269287 1.25
-0.6480000019073486 0.5460000038146973 1.7480000257492065
-0.11399996280670166 -0.023999929428100586 1.4000000953674316
0.2820000648498535 0.10199999809265137 1.2799999713897705
-0.3539999723434448 -0.07200002670288086 2.9779999256134033
0.13199996948242188 0.21599996089935303 1.25600004196167
0.20399999618530273 -0.4679999351501465 2.828000068664551
0.10199999809265137 0.060000061988830566 1.3040000200271606
0.46800005435943604 0.10199999809265137 1.3040000200271606
-0.671999990940094 0.5220000743865967 1.784000039100647
-0.08399999141693115 0.0 1.375999927520752
0.10199999809265137 0.20399999618530273 1.2620000839233398
-0.3059999942779541 -0.2999999523162842 1.7540000677108765
-0.07200002670288086 -0.26999998092651367 2.996000051498413
0.10199999809265137 -0.40799999237060547 2.9000000953674316
0.9600000381469727 -0.2940000295639038 2.552000045776367
0.3240000009536743 -0.5220000147819519 2.7260000705718994
0.04200005531311035 0.37800002098083496 1.25
0.30000007152557373 0.10199999809265137 1.2799999713897705
0.029999971389770508 -0.34800004959106445 2.9539999961853027
0.6059999465942383 0.08399999141693115 1.3519999980926514
0.16200006008148193 0.22800004482269287 1.25
0.8519999980926514 -0.3960000276565552 2.5280001163482666
0.24600005149841309 -0.49800002574920654 2.7799999713897705
0.25199997425079346 -0.49800002574920654 2.7799999713897705
-0.6959999799728394 0.5039999485015869 1.8259999752044678
-0.029999971389770508 -0.26999998092651367 3.0139999389648438
0.33000004291534424 -0.5220000147819519 2.7260000705718994
0.25199997425079346 0.09599995613098145 1.2799999713897705
-0.75 0.4320000410079956 1.9520000219345093
-0.7739999890327454 0.20399999618530273 2.378000020980835
0.156000018119812 0.07200002670288086 1.2920000553131104
0.75 -0.4559999704360962 2.552000045776367
-0.04799997806549072 0.16200006008148193 1.3040000200271606
0.2760000228881836 0.09599995613098145 1.2799999713897705
0.006000041961669922 0.17400002479553223 1.2860000133514404
1.1040000915527344 -0.13199996948242188 2.5160000324249268
-0.3659999370574951 -0.25199997425079346 1.7540000677108765
-0.37199997901916504 -0.22200000286102295 1.7239999771118164
0.024000048637390137 0.18000006675720215 1.2799999713897705
0.16200006008148193 0.22200000286102295 1.25
-0.07799994945526123 -0.2760000228881836 2.990000009536743
-0.26999998092651367 -0.36000001430511475 1.8020000457763672
0.7739999294281006 -0.4259999990463257 2.5999999046325684
-0.07799994945526123 -0.26999998092651367 2.996000051498413
-0.1799999475479126 0.1260000467300415 1.3640000820159912
-0.17400002479553223 0.156000018119812 1.3519999980926514
-0.2760000228881836 -0.36000001430511475 1.8079999685287476
0.33000004291534424 0.10199999809265137 1.2799999713897705
-0.4739999771118164 0.6719999313354492 1.555999994277954
-0.3659999370574951 -0.23399996757507324 1.7300000190734863
1.0740001201629639 -0.1499999761581421 2.5759999752044678
-0.6539999842643738 0.04799997806549072 2.6660001277923584
0.48000001907348633 0.10199999809265137 1.3040000200271606
1.0859999656677246 -0.156000018119812 2.5280001163482666
0.3539999723434448 0.10800004005432129 1.2799999713897705
0.5520000457763672 0.09000003337860107 1.3280000686645508
0.22800004482269287 0.09000003337860107 1.2799999713897705
0.018000006675720215 -0.34800004959106445 2.9539999961853027
0.7860000133514404 -0.4440000057220459 2.5280001163482666
-0.7739999890327454 0.38999998569488525 2.0299999713897705
-0.12000000476837158 0.156000018119812 1.3280000686645508
-0.671999990940094 0.5280001163482666 1.777999997138977
-0.37199997901916504 -0.06599998474121094 2.9720001220703125
-0.7739999890327454 0.19800007343292236 2.3899998664855957
0.20399999618530273 0.09000003337860107 1.2799999713897705
0.024000048637390137 0.38999998569488525 1.25
-0.7199999690055847 0.11399996280670166 2.552000045776367
0.37800002098083496 0.11399996280670166 1.2799999713897705
0.2940000295639038 -0.5220000147819519 2.73799991607666
-0.023999929428100586 -0.26399993896484375 3.0260000228881836
1.0920000076293945 -0.1380000114440918 2.552000045776367
-0.75 0.156000018119812 2.4800000190734863
-0.4739999771118164 0.6779999732971191 1.555999994277954
0.6719999313354492 -0.49800002574920654 2.558000087738037
-0.5999999642372131 0.5880000591278076 1.6759999990463257
-0.6240000128746033 0.5699999332427979 1.7059999704360962
-0.07200002670288086 -0.26999998092651367 3.002000093460083
0.9779999256134033 -0.28199994564056396 2.552000045776367
0.060000061988830566 -0.3960000276565552 2.9119999408721924
-0.059999942779541016 0.16200006008148193 1.3040000200271606
-0.10800004005432129 0.156000018119812 1.3220000267028809
-0.7260000109672546 0.48000001907348633 1.8799999952316284
0.029999971389770508 -0.3539999723434448 2.9539999961853027
0.6779999732971191 0.09000003337860107 1.375999927520752
0.7260000705718994 -0.4739999771118164 2.552000045776367
-0.1679999828338623 0.156000018119812 1.3459999561309814
-0.7619999647140503 0.4259999990463257 1.9760000705718994
0.5999999046325684 -0.5220000147819519 2.5820000171661377
0.4200000762939453 -0.5460000038146973 2.6540000438690186
0.8519999980926514 -0.40199995040893555 2.5280001163482666
-0.75 0.1499999761581421 2.4800000190734863
0.7260000705718994 0.09000003337860107 1.4000000953674316
-0.04799997806549072 0.011999964714050293 1.3519999980926514
-0.1260000467300415 0.156000018119812 1.3280000686645508
0.0 -0.3240000009536743 2.9779999256134033
1.0799999237060547 -0.156000018119812 2.558000087738037
0.07800006866455078 0.054000020027160645 1.3040000200271606
0.6059999465942383 -0.5220000147819519 2.5759999752044678
0.03600001335144043 -0.37199997901916504 2.936000108718872
-0.26399993896484375 -0.3539999723434448 1.777999997138977
0.156000018119812 -0.4559999704360962 2.8519999980926514
-0.7739999890327454 0.3960000276565552 2.0180001258850098
-0.07799994945526123 0.156000018119812 1.309999942779541
0.25199997425079346 -0.5040000081062317 2.7799999713897705
0.8280000686645508 -0.41999995708465576 2.5280001163482666
0.1679999828338623 0.22800004482269287 1.24399995803833
0.12000000476837158 -0.4440000057220459 2.864000082015991
-0.07799994945526123 -0.26999998092651367 3.002000093460083
-0.7739999890327454 0.19200003147125244 2.4019999504089355
0.18000006675720215 -0.4739999771118164 2.828000068664551
0.4259999990463257 -0.5460000038146973 2.6540000438690186
-0.09599995613098145 -0.006000041961669922 1.375999927520752
0.37800002098083496 -0.5339999794960022 2.7019999027252197
0.25199997425079346 0.09599995613098145 1.2739999294281006
0.17400002479553223 -0.4739999771118164 2.828000068664551
0.18000006675720215 0.08399999141693115 1.2799999713897705
-0.7979999780654907 0.30000007152557373 2.2039999961853027
-0.75 0.4440000057220459 1.934000015258789
0.22200000286102295 -0.49800002574920654 2.7920000553131104
-0.7979999780654907 0.2879999876022339 2.2280001640319824
-0.006000041961669922 -0.3240000009536743 2.9779999256134033
0.8700001239776611 -0.3960000276565552 2.509999990463257
0.4020000696182251 0.11399996280670166 1.2799999713897705
0.630000114440918 0.09000003337860107 1.3519999980926514
-0.011999964714050293 0.1679999828338623 1.2860000133514404
-0.7979999780654907 0.2940000295639038 2.2100000381469727
0.8940000534057617 -0.38399994373321533 2.4860000610351562
1.0799999237060547 -0.1499999761581421 2.5759999752044678
0.1260000467300415 -0.437999963760376 2.875999927520752
0.9839999675750732 -0.26999998092651367 2.5759999752044678
0.4440000057220459 -0.5460000038146973 2.6480000019073486
-0.7979999780654907 0.312000036239624 2.180000066757202
0.22800004482269287 -0.4919999837875366 2.803999900817871
-0.7979999780654907 0.2760000228881836 2.251999855041504
0.0 0.029999971389770508 1.3280000686645508
0.7980000972747803 -0.4440000057220459 2.5220000743865967
0.09000003337860107 -0.41999995708465576 2.8940000534057617
-0.48000001907348633 0.6779999732971191 1.555999994277954
0.46800005435943604 -0.5460000038146973 2.635999917984009
0.7019999027252197 0.09599995613098145 1.3819999694824219
-0.12000000476837158 0.1380000114440918 1.3280000686645508
0.6180000305175781 -0.5220000147819519 2.569999933242798
-0.3960000276565552 -0.1979999542236328 1.7120000123977661
0.3960000276565552 -0.5460000038146973 2.671999931335449
-0.7979999780654907 0.26999998092651367 2.257999897003174
0.2760000228881836 -0.5220000147819519 2.75
-0.6240000128746033 0.5759999752044678 1.7000000476837158
-0.3059999942779541 -0.312000036239624 1.7540000677108765
0.48000001907348633 -0.5460000038146973 2.630000114440918
0.75 0.08399999141693115 1.4119999408721924
0.5039999485015869 -0.5399999618530273 2.630000114440918
-0.7979999780654907 0.3240000009536743 2.1560001373291016
0.7439999580383301 -0.4739999771118164 2.5339999198913574
0.3840000629425049 -0.5460000038146973 2.677999973297119
-0.7979999780654907 0.33000004291534424 2.1500000953674316
-0.75 0.4500000476837158 1.9279999732971191
-0.7979999780654907 0.2640000581741333 2.2760000228881836
0.5220000743865967 0.09599995613098145 1.309999942779541
0.4259999990463257 0.12000000476837158 1.2799999713897705
0.875999927520752 -0.3960000276565552 2.503999948501587
0.4919999837875366 -0.5460000038146973 2.624000072479248
0.5160000324249268 -0.5460000038146973 2.6059999465942383
0.7920000553131104 -0.4259999990463257 2.5940001010894775
-0.671999990940094 0.060000061988830566 2.6540000438690186
0.054000020027160645 0.054000020027160645 1.3040000200271606
0.1260000467300415 0.07200002670288086 1.2860000133514404
0.5099999904632568 0.10199999809265137 1.3040000200271606
-0.10199999809265137 0.1499999761581421 1.315999984741211
0.690000057220459 -0.49800002574920654 2.552000045776367
-0.26999998092651367 -0.34800004959106445 1.7660000324249268
-0.6480000019073486 0.5580000877380371 1.7300000190734863
0.5759999752044678 0.09000003337860107 1.3280000686645508
0.7260000705718994 -0.48000001907348633 2.552000045776367
-0.17400002479553223 0.1260000467300415 1.3519999980926514
-0.7739999890327454 0.40799999237060547 2.0
-0.023999929428100586 0.024000048637390137 1.3339999914169312
0.156000018119812 0.07800006866455078 1.2799999713897705
0.19200003147125244 0.22800004482269287 1.2380000352859497
1.128000020980835 -0.1260000467300415 2.4800000190734863
0.4500000476837158 -0.5460000038146973 2.6540000438690186
0.5280001163482666 0.09599995613098145 1.309999942779541
0.2580000162124634 -0.5220000147819519 2.75600004196167
-0.5220000147819519 0.6480000019073486 1.5859999656677246
0.6960000991821289 -0.49800002574920654 2.5460000038146973
0.24000000953674316 0.25199997425079346 1.2319999933242798
-0.023999929428100586 -0.2999999523162842 3.002000093460083
-0.7979999780654907 0.34200000762939453 2.125999927520752
-0.7979999780654907 0.25199997425079346 2.3000001907348633
0.36600005626678467 -0.5460000038146973 2.690000057220459
-0.7199999690055847 0.48600006103515625 1.850000023841858
0.7019999027252197 0.10199999809265137 1.375999927520752
0.4020000696182251 -0.5460000038146973 2.677999973297119
-0.26999998092651367 -0.3539999723434448 1.7719999551773071
1.0740001201629639 -0.1979999542236328 2.503999948501587
-0.7080000042915344 0.5039999485015869 1.8259999752044678
-0.4440000057220459 -0.1679999828338623 1.7300000190734863
0.054000020027160645 0.04799997806549072 1.3040000200271606
-0.6959999799728394 0.5099999904632568 1.8020000457763672
0.5520000457763672 0.09599995613098145 1.315999984741211
0.8459999561309814 -0.41999995708465576 2.509999990463257
-0.7739999890327454 0.18000006675720215 2.4260001182556152
0.1499999761581421 -0.40199995040893555 2.936000108718872
0.054000020027160645 -0.38999998569488525 2.930000066757202
0.5399999618530273 -0.5460000038146973 2.5940001010894775
-0.7979999780654907 0.24600005149841309 2.3000001907348633
-0.07200002670288086 -0.28199994564056396 3.002000093460083
-0.7919999957084656 0.22200000286102295 2.3420000076293945
-0.41999995708465576 -0.17400002479553223 1.7059999704360962
0.22800004482269287 0.09599995613098145 1.2680000066757202
0.8039999008178711 -0.4440000057220459 2.5280001163482666
-0.07200002670288086 0.011999964714050293 1.3519999980926514
-0.0419999361038208 -0.26999998092651367 3.0260000228881836
0.5280001163482666 -0.5460000038146973 2.6059999465942383
1.1340000629425049 -0.12000000476837158 2.4800000190734863
0.17400002479553223 0.22200000286102295 1.2380000352859497
-0.09000003337860107 0.14400005340576172 1.309999942779541
0.018000006675720215 -0.37199997901916504 2.941999912261963
0.7560000419616699 -0.4739999771118164 2.5280001163482666
0.07800006866455078 -0.41999995708465576 2.9000000953674316
0.20399999618530273 -0.49800002574920654 2.803999900817871
1.0920000076293945 -0.17400002479553223 2.509999990463257
0.6779999732971191 0.09599995613098145 1.3640000820159912
0.1260000467300415 0.07800006866455078 1.2799999713897705
-0.75 0.1380000114440918 2.503999948501587
0.24600005149841309 -0.5220000147819519 2.76200008392334
-0.023999929428100586 0.029999971389770508 1.3280000686645508
0.19800007343292236 -0.49800002574920654 2.803999900817871
0.7260000705718994 0.09599995613098145 1.3880000114440918
0.5759999752044678 0.09599995613098145 1.3220000267028809
-0.2999999523162842 -0.3240000009536743 1.7540000677108765
-0.7199999690055847 0.10199999809265137 2.5759999752044678
-0.7979999780654907 0.3539999723434448 2.1019999980926514
1.1040000915527344 -0.1499999761581421 2.5280001163482666
0.1499999761581421 -0.4140000343322754 2.9240000247955322
0.630000114440918 -0.5220000147819519 2.5759999752044678
0.0 -0.3359999656677246 2.9779999256134033
-0.07799994945526123 -0.28199994564056396 3.002000093460083
0.12000000476837158 0.07800006866455078 1.2799999713897705
-0.03600001335144043 -0.2999999523162842 3.002000093460083
0.34800004959106445 -0.5460000038146973 2.7019999027252197
-0.7739999890327454 0.17400002479553223 2.432000160217285
0.07200002670288086 -0.41999995708465576 2.9000000953674316
-0.7979999780654907 0.34800004959106445 2.1019999980926514
0.5280001163482666 0.10199999809265137 1.3040000200271606
-0.5460000038146973 0.6359999179840088 1.6039999723434448
0.7079999446868896 -0.49800002574920654 2.5399999618530273
0.3539999723434448 -0.5460000038146973 2.7019999027252197
0.4259999990463257 0.12000000476837158 1.2739999294281006
0.3059999942779541 0.2760000228881836 1.2260000705718994
0.7019999027252197 -0.49800002574920654 2.552000045776367
-0.34800004959106445 -0.26999998092651367 1.7300000190734863
0.10199999809265137 -0.4440000057220459 2.875999927520752
0.024000048637390137 0.3960000276565552 1.2380000352859497
-0.5699999928474426 0.624000072479248 1.628000020980835
-0.7979999780654907 0.23399996757507324 2.3299999237060547
0.14400005340576172 -0.4739999771118164 2.8399999141693115
0.6480000019073486 -0.5220000147819519 2.558000087738037
0.3059999942779541 0.26999998092651367 1.2260000705718994
0.33000004291534424 0.2820000648498535 1.2260000705718994
-0.5220000147819519 0.6540000438690186 1.5800000429153442
-0.006000041961669922 -0.34800004959106445 2.9660000801086426
-0.6959999799728394 0.07200002670288086 2.624000072479248
-0.671999990940094 0.5399999618530273 1.7540000677108765
0.9300000667572021 -0.37199997901916504 2.4619998931884766
0.4559999704360962 0.11399996280670166 1.2799999713897705
0.029999971389770508 0.04799997806549072 1.3040000200271606
0.03600001335144043 -0.3960000276565552 2.9240000247955322
0.6540000438690186 -0.5220000147819519 2.552000045776367
0.2820000648498535 0.2580000162124634 1.2260000705718994
-0.5999999642372131 0.5999999046325684 1.6579999923706055
-0.7739999890327454 0.4200000762939453 1.9760000705718994
0.4020000696182251 0.12000000476837158 1.2680000066757202
-0.12000000476837158 -0.011999964714050293 1.375999927520752
-0.4320000410079956 -0.17400002479553223 1.7120000123977661
0.2580000162124634 0.25199997425079346 1.2260000705718994
-0.07200002670288086 -0.26399993896484375 3.0260000228881836
0.3539999723434448 0.2879999876022339 1.2260000705718994
0.07800006866455078 0.38999998569488525 1.2260000705718994
-0.75 0.4559999704360962 1.9040000438690186
0.5699999332427979 -0.5460000038146973 2.5820000171661377
0.8039999008178711 -0.4500000476837158 2.5280001163482666
-0.7199999690055847 0.09599995613098145 2.5820000171661377
0.7680001258850098 -0.4739999771118164 2.5220000743865967
-0.49800002574920654 0.6660001277923584 1.555999994277954
-0.7979999780654907 0.36000001430511475 2.078000068664551
1.062000036239624 -0.23399996757507324 2.4739999771118164
-0.2999999523162842 -0.08399999141693115 3.0380001068115234
0.25199997425079346 0.24600005149841309 1.2260000705718994
0.23399996757507324 0.24600005149841309 1.2260000705718994
0.8220000267028809 -0.4440000057220459 2.509999990463257
0.6059999465942383 0.09599995613098145 1.3280000686645508
-0.14399993419647217 0.006000041961669922 1.375999927520752
-0.34800004959106445 -0.26999998092651367 1.7239999771118164
-0.0419999361038208 0.029999971389770508 1.3280000686645508
-0.6959999799728394 0.07200002670288086 2.630000114440918
0.10199999809265137 0.07200002670288086 1.2799999713897705
-0.7739999890327454 0.4200000762939453 1.9700000286102295
-0.7739999890327454 0.1679999828338623 2.450000047683716
-0.3539999723434448 -0.26999998092651367 1.7300000190734863
-0.0419999361038208 -0.24599993228912354 3.055999994277954
0.8580000400543213 -0.41999995708465576 2.509999990463257
-0.3240000009536743 -0.2999999523162842 1.7360000610351562
0.20399999618530273 0.09599995613098145 1.2620000839233398
-0.1260000467300415 -0.011999964714050293 1.375999927520752
0.6660001277923584 0.09599995613098145 1.3519999980926514
-0.5699999928474426 0.624000072479248 1.621999979019165
0.22200000286102295 0.24000000953674316 1.2260000705718994
0.3179999589920044 -0.5460000038146973 2.7200000286102295
0.37800002098083496 0.12000000476837158 1.2620000839233398
-0.7260000109672546 0.10199999809265137 2.5759999752044678
0.22200000286102295 -0.5220000147819519 2.7739999294281006
0.5820000171661377 -0.5460000038146973 2.5759999752044678
0.09599995613098145 -0.4440000057220459 2.881999969482422
-0.6660000085830688 0.04200005531311035 2.677999973297119
-0.12000000476837158 -0.006000041961669922 1.3700000047683716
-0.8100000023841858 0.2760000228881836 2.251999855041504
0.48000001907348633 -0.5579999685287476 2.630000114440918
0.48000001907348633 0.12000000476837158 1.2799999713897705
-0.2999999523162842 -0.3240000009536743 1.7419999837875366
1.068000078201294 -0.22200000286102295 2.498000144958496
-0.7979999780654907 0.21599996089935303 2.3540000915527344
0.9240000247955322 -0.37800002098083496 2.4800000190734863
-0.4919999837875366 0.6779999732971191 1.5499999523162842
-0.1499999761581421 0.13199996948242188 1.3280000686645508
-0.7979999780654907 0.37199997901916504 2.059999942779541
0.3059999942779541 -0.5460000038146973 2.7260000705718994
1.0859999656677246 -0.1979999542236328 2.503999948501587
0.17400002479553223 -0.49800002574920654 2.815999984741211
0.5520000457763672 0.10199999809265137 1.3040000200271606
-0.5999999642372131 0.6059999465942383 1.6519999504089355
0.630000114440918 0.09599995613098145 1.3339999914169312
0.029999971389770508 -0.3960000276565552 2.930000066757202
0.054000020027160645 0.38999998569488525 1.2260000705718994
-0.16199994087219238 0.1260000467300415 1.3339999914169312
0.18000006675720215 -0.4919999837875366 2.828000068664551
-0.7979999780654907 0.37800002098083496 2.053999900817871
0.5999999046325684 -0.5460000038146973 2.564000129699707
-0.018000006675720215 -0.3179999589920044 3.002000093460083
0.029999971389770508 0.04799997806549072 1.2979999780654907
0.7260000705718994 0.10199999809265137 1.375999927520752
0.22800004482269287 -0.5220000147819519 2.7799999713897705
0.6719999313354492 -0.5220000147819519 2.5460000038146973
-0.7199999690055847 0.49800002574920654 1.8259999752044678
-0.04799997806549072 0.024000048637390137 1.3280000686645508
-0.38999998569488525 -0.06599998474121094 2.9839999675750732
-0.75 0.1260000467300415 2.5280001163482666
0.3539999723434448 0.12000000476837158 1.25600004196167
-0.09599995613098145 0.006000041961669922 1.3519999980926514
0.21599996089935303 -0.5220000147819519 2.7799999713897705
0.04799997806549072 0.38999998569488525 1.2260000705718994
0.624000072479248 0.10199999809265137 1.3280000686645508
0.33000004291534424 -0.5460000038146973 2.7260000705718994
-0.03600001335144043 -0.3240000009536743 2.990000009536743
0.024000048637390137 -0.3960000276565552 2.930000066757202
-0.6240000128746033 0.5820000171661377 1.6759999990463257
0.2940000295639038 -0.5460000038146973 2.7320001125335693
-0.37199997901916504 -0.24599993228912354 1.7120000123977661
-0.3659999370574951 -0.07200002670288086 3.002000093460083
-0.8100000023841858 0.25199997425079346 2.3000001907348633
0.9960000514984131 -0.2760000228881836 2.5880000591278076
0.5280001163482666 -0.5579999685287476 2.6059999465942383
-0.2999999523162842 -0.3539999723434448 1.777999997138977
0.1260000467300415 -0.4739999771118164 2.8519999980926514
-0.7739999890327454 0.4320000410079956 1.9520000219345093
0.07800006866455078 0.06599998474121094 1.2799999713897705
0.23399996757507324 0.24600005149841309 1.2200000286102295
0.9000000953674316 -0.3960000276565552 2.503999948501587
0.30000007152557373 0.12000000476837158 1.25
-0.6959999799728394 0.5220000743865967 1.777999997138977
0.25199997425079346 0.11399996280670166 1.25
1.1040000915527344 -0.17400002479553223 2.5160000324249268
0.4140000343322754 -0.5699999928474426 2.6480000019073486
0.12000000476837158 -0.4739999771118164 2.8519999980926514
1.0920000076293945 -0.1979999542236328 2.498000144958496
-0.7979999780654907 0.20399999618530273 2.378000020980835
-0.6959999799728394 0.5280001163482666 1.777999997138977
0.4500000476837158 -0.5699999928474426 2.630000114440918
-0.7199999690055847 0.49800002574920654 1.8200000524520874
0.2760000228881836 0.11399996280670166 1.25
0.630000114440918 0.10199999809265137 1.3280000686645508
0.0 -0.37199997901916504 2.9539999961853027
0.6540000438690186 0.09599995613098145 1.340000033378601
0.7799999713897705 -0.4739999771118164 2.5280001163482666
0.0 0.04200005531311035 1.3040000200271606
0.7379999160766602 -0.49800002574920654 2.5280001163482666
0.34200000762939453 0.1260000467300415 1.25
0.7260000705718994 0.10800004005432129 1.3700000047683716
0.48000001907348633 0.12000000476837158 1.2739999294281006
0.4440000057220459 -0.5699999928474426 2.635999917984009
0.4739999771118164 -0.5699999928474426 2.618000030517578
0.40799999237060547 -0.5699999928474426 2.6540000438690186
-0.3960000276565552 -0.22200000286102295 1.7059999704360962
0.029999971389770508 0.4020000696182251 1.2260000705718994
0.4919999837875366 -0.5699999928474426 2.6059999465942383
0.18000006675720215 0.09599995613098145 1.25600004196167
0.33000004291534424 0.12000000476837158 1.25
1.0740001201629639 -0.22200000286102295 2.503999948501587
-0.6060000061988831 0.6059999465942383 1.6519999504089355
0.3960000276565552 -0.5699999928474426 2.6600000858306885
0.4559999704360962 0.12000000476837158 1.2680000066757202
0.6779999732971191 -0.5220000147819519 2.552000045776367
-0.671999990940094 0.5460000038146973 1.7360000610351562
-0.7680000066757202 0.4500000476837158 1.9279999732971191
0.22800004482269287 0.10800004005432129 1.25
0.3539999723434448 0.1260000467300415 1.25
-0.3539999723434448 -0.28199994564056396 1.7300000190734863
0.5759999752044678 0.10800004005432129 1.3040000200271606
-0.0419999361038208 -0.2580000162124634 3.055999994277954
0.6180000305175781 -0.5460000038146973 2.558000087738037
-0.75 0.46800005435943604 1.8799999952316284
-0.2999999523162842 -0.3539999723434448 1.7719999551773071
-0.7979999780654907 0.38999998569488525 2.0299999713897705
-0.7739999890327454 0.156000018119812 2.4800000190734863
0.04200005531311035 -0.41999995708465576 2.9119999408721924
-0.75 0.12000000476837158 2.5399999618530273
-0.6959999799728394 0.5220000743865967 1.7719999551773071
-0.3059999942779541 -0.3539999723434448 1.777999997138977
-0.8159999847412109 0.33000004291534424 2.1500000953674316
1.1340000629425049 -0.1380000114440918 2.503999948501587
0.690000057220459 0.10199999809265137 1.3519999980926514
-0.7979999780654907 0.19800007343292236 2.3899998664855957
0.5039999485015869 0.11399996280670166 1.2799999713897705
0.2640000581741333 -0.5460000038146973 2.74399995803833
-0.19200003147125244 -0.11399996280670166 3.0980000495910645
0.6059999465942383 -0.5460000038146973 2.5759999752044678
0.37199997901916504 -0.5699999928474426 2.671999931335449
-0.49800002574920654 0.6719999313354492 1.5440000295639038
0.22800004482269287 -0.527999997138977 2.7799999713897705
-0.6480000019073486 0.5699999332427979 1.7000000476837158
-0.011999964714050293 -0.37199997901916504 2.9539999961853027
-0.7440000176429749 0.10800004005432129 2.552000045776367
0.690000057220459 -0.5220000147819519 2.5399999618530273
0.054000020027160645 0.06599998474121094 1.2799999713897705
-0.08399999141693115 -0.3059999942779541 2.996000051498413
0.875999927520752 -0.41999995708465576 2.503999948501587
0.018000006675720215 0.40799999237060547 1.2260000705718994
0.26999998092651367 0.2580000162124634 1.2139999866485596
0.08399999141693115 0.3960000276565552 1.2139999866485596
0.36000001430511475 -0.5699999928474426 2.677999973297119
-0.7739999890327454 0.1499999761581421 2.4800000190734863
-0.7199999690055847 0.08399999141693115 2.6059999465942383
-0.6480000019073486 0.5759999752044678 1.7000000476837158
0.4259999990463257 -0.5699999928474426 2.6540000438690186
-0.023999929428100586 -0.34800004959106445 2.9779999256134033
0.156000018119812 -0.49800002574920654 2.828000068664551
0.5039999485015869 -0.5699999928474426 2.6059999465942383
0.20399999618530273 0.10199999809265137 1.25
0.19800007343292236 -0.5220000147819519 2.7920000553131104
0.37800002098083496 0.1260000467300415 1.25
0.20399999618530273 -0.515999972820282 2.803999900817871
-0.07200002670288086 0.024000048637390137 1.3280000686645508
0.1499999761581421 -0.49800002574920654 2.828000068664551
-0.7979999780654907 0.3960000276565552 2.0180001258850098
-0.41999995708465576 -0.1979999542236328 1.7000000476837158
0.5220000743865967 -0.5699999928474426 2.5940001010894775
1.0740001201629639 -0.22800004482269287 2.503999948501587
-0.7979999780654907 0.19200003147125244 2.4019999504089355
0.24600005149841309 -0.5460000038146973 2.75
0.25199997425079346 -0.5460000038146973 2.75
0.30000007152557373 0.12000000476837158 1.24399995803833
0.18000006675720215 0.10199999809265137 1.25
-0.671999990940094 0.5520000457763672 1.7300000190734863
-0.7020000219345093 0.5280001163482666 1.777999997138977
0.8459999561309814 -0.4440000057220459 2.503999948501587
0.7799999713897705 -0.48000001907348633 2.5280001163482666
0.10199999809265137 -0.4620000123977661 2.875999927520752
0.7980000972747803 -0.4739999771118164 2.509999990463257
0.2760000228881836 -0.5460000038146973 2.75
0.37800002098083496 -0.5699999928474426 2.677999973297119
-0.12000000476837158 0.006000041961669922 1.3519999980926514
0.8819999694824219 -0.41999995708465576 2.498000144958496
1.0799999237060547 -0.22200000286102295 2.503999948501587
0.9720001220703125 -0.36000001430511475 2.432000160217285
0.1679999828338623 0.10199999809265137 1.25
0.4020000696182251 0.13199996948242188 1.25
1.0740001201629639 -0.23399996757507324 2.492000102996826
-0.8219999670982361 0.30000007152557373 2.2039999961853027
0.75 -0.49800002574920654 2.5280001163482666
-0.2999999523162842 -0.34800004959106445 1.7540000677108765
-0.6840000152587891 0.054000020027160645 2.677999973297119
-0.7919999957084656 0.17400002479553223 2.4260001182556152
-0.023999929428100586 0.04200005531311035 1.3040000200271606
0.3539999723434448 -0.5640000104904175 2.7019999027252197
0.6779999732971191 -0.527999997138977 2.552000045776367
-0.5699999928474426 0.630000114440918 1.6039999723434448
-0.8219999670982361 0.2940000295639038 2.2039999961853027
0.34800004959106445 -0.5699999928474426 2.690000057220459
-0.6899999976158142 0.04799997806549072 2.6600000858306885
-0.8219999670982361 0.2820000648498535 2.2280001640319824
-0.7739999890327454 0.4440000057220459 1.9279999732971191
-0.03600001335144043 -0.34800004959106445 2.9779999256134033
-0.34200000762939453 -0.2999999523162842 1.7300000190734863
-0.8159999847412109 0.3539999723434448 2.1019999980926514
-0.19200003147125244 -0.11399996280670166 3.1040000915527344
-0.8219999670982361 0.3059999942779541 2.180000066757202
-0.2580000162124634 -0.10199999809265137 3.074000120162964
-0.5460000038146973 0.6480000019073486 1.5800000429153442
-0.8219999670982361 0.26999998092651367 2.251999855041504
0.5460000038146973 -0.5699999928474426 2.5820000171661377
-0.2999999523162842 -0.34200000762939453 1.7419999837875366
0.07800006866455078 -0.4440000057220459 2.9000000953674316
-0.6959999799728394 0.054000020027160645 2.6540000438690186
0.7079999446868896 0.10800004005432129 1.3519999980926514
0.5280001163482666 0.11399996280670166 1.2799999713897705
-0.5099999904632568 0.6779999732971191 1.5499999523162842
-0.4259999990463257 -0.1979999542236328 1.7000000476837158
0.054000020027160645 0.3960000276565552 1.2139999866485596
0.07800006866455078 0.07200002670288086 1.2680000066757202
0.8519999980926514 -0.4440000057220459 2.503999948501587
-0.8219999670982361 0.3240000009536743 2.1500000953674316
0.156000018119812 0.09599995613098145 1.25
-0.7199999690055847 0.5099999904632568 1.8020000457763672
-0.38399994373321533 -0.07200002670288086 3.002000093460083
-0.6539999842643738 0.5759999752044678 1.7000000476837158
0.6419999599456787 -0.5460000038146973 2.552000045776367
0.6540000438690186 0.10199999809265137 1.3280000686645508
-0.5460000038146973 0.6540000438690186 1.5800000429153442
-0.7979999780654907 0.4020000696182251 2.0
-0.2999999523162842 -0.09000003337860107 3.055999994277954
-0.8219999670982361 0.2580000162124634 2.2760000228881836
0.1260000467300415 -0.4859999418258667 2.8519999980926514
-0.04799997806549072 -0.3240000009536743 3.002000093460083
-0.13199996948242188 -0.006000041961669922 1.3580000400543213
0.0 0.04799997806549072 1.2920000553131104
0.4259999990463257 -0.5759999752044678 2.6540000438690186
-0.04799997806549072 -0.2999999523162842 3.0260000228881836
0.5580000877380371 -0.5699999928474426 2.5759999752044678
0.04799997806549072 0.3960000276565552 1.2139999866485596
0.4259999990463257 0.13199996948242188 1.25
-0.07200002670288086 0.024000048637390137 1.3220000267028809
1.1519999504089355 -0.1260000467300415 2.498000144958496
0.029999971389770508 0.060000061988830566 1.2799999713897705
0.06599998474121094 -0.4440000057220459 2.9000000953674316
0.2760000228881836 0.12000000476837158 1.2380000352859497
1.121999979019165 -0.1499999761581421 2.552000045776367
0.33000004291534424 -0.5699999928474426 2.7019999027252197
0.2879999876022339 0.2580000162124634 1.2079999446868896
-0.5220000147819519 0.6660001277923584 1.555999994277954
-0.26999998092651367 -0.09599995613098145 3.074000120162964
1.0920000076293945 -0.22200000286102295 2.4800000190734863
0.7139999866485596 -0.5220000147819519 2.5280001163482666
0.029999971389770508 -0.4140000343322754 2.930000066757202
-0.7979999780654907 0.18000006675720215 2.4260001182556152
1.1040000915527344 -0.1979999542236328 2.503999948501587
-0.8219999670982361 0.3359999656677246 2.125999927520752
0.21599996089935303 -0.5460000038146973 2.76200008392334
0.8580000400543213 -0.4440000057220459 2.498000144958496
0.18000006675720215 -0.5220000147819519 2.803999900817871
-0.24599993228912354 -0.10199999809265137 3.0859999656677246
-0.3179999589920044 -0.08399999141693115 3.049999952316284
-0.75 0.4739999771118164 1.8560000658035278
-0.8219999670982361 0.24600005149841309 2.3000001907348633
0.5699999332427979 -0.5699999928474426 2.569999933242798
0.6059999465942383 0.10800004005432129 1.3040000200271606
0.9300000667572021 -0.38399994373321533 2.5160000324249268
0.3179999589920044 -0.5699999928474426 2.7079999446868896
-0.5460000038146973 0.6480000019073486 1.5740000009536743
0.7200000286102295 -0.5220000147819519 2.5220000743865967
-0.26399993896484375 -0.09599995613098145 3.0799999237060547
0.7680001258850098 -0.49800002574920654 2.5160000324249268
-0.6959999799728394 0.5339999198913574 1.7540000677108765
1.1159999370574951 -0.17400002479553223 2.5280001163482666
-0.312000036239624 -0.34800004959106445 1.7540000677108765
-0.48000001907348633 -0.04799997806549072 2.930000066757202
-0.023999929428100586 -0.36000001430511475 2.9779999256134033
0.024000048637390137 -0.41999995708465576 2.9240000247955322
-0.5999999642372131 0.6180000305175781 1.628000020980835
-0.7739999890327454 0.13199996948242188 2.503999948501587
-0.7199999690055847 0.07200002670288086 2.624000072479248
0.6540000438690186 -0.5460000038146973 2.552000045776367
-0.5519999861717224 0.6540000438690186 1.5800000429153442
0.1260000467300415 0.09000003337860107 1.25
-0.04799997806549072 -0.33000004291534424 3.002000093460083
-0.8219999670982361 0.34800004959106445 2.1019999980926514
0.8159999847412109 -0.4739999771118164 2.503999948501587
-0.37199997901916504 -0.26999998092651367 1.7120000123977661
0.0 -0.38999998569488525 2.9539999961853027
-0.671999990940094 0.029999971389770508 2.7019999027252197
-0.3240000009536743 -0.3240000009536743 1.7300000190734863
0.12000000476837158 -0.49800002574920654 2.8399999141693115
-0.75 0.48000001907348633 1.850000023841858
0.4500000476837158 0.13199996948242188 1.25
-0.09599995613098145 0.018000006675720215 1.3280000686645508
1.1519999504089355 -0.13199996948242188 2.503999948501587
-0.1380000114440918 0.0 1.3519999980926514
0.156000018119812 -0.5099999904632568 2.828000068664551
-0.059999942779541016 -0.26999998092651367 3.055999994277954
-0.8219999670982361 0.34800004959106445 2.0959999561309814
0.1679999828338623 -0.5220000147819519 2.809999942779541
-0.04799997806549072 0.03600001335144043 1.3040000200271606
-0.6240000128746033 0.5999999046325684 1.6519999504089355
1.128000020980835 -0.1499999761581421 2.552000045776367
0.5759999752044678 -0.5699999928474426 2.5759999752044678
-0.07799994945526123 -0.34800004959106445 2.9720001220703125
0.6660001277923584 -0.5460000038146973 2.5399999618530273
0.9839999675750732 -0.36000001430511475 2.437999963760376
0.5520000457763672 0.11399996280670166 1.2799999713897705
0.5039999485015869 -0.5820000171661377 2.6059999465942383
-0.029999971389770508 -0.37199997901916504 2.9660000801086426
-0.7199999690055847 0.07200002670288086 2.630000114440918
-0.7979999780654907 0.4140000343322754 1.9760000705718994
0.25199997425079346 0.12000000476837158 1.2319999933242798
-0.7739999890327454 0.4559999704360962 1.9040000438690186
0.3240000009536743 0.2760000228881836 1.2020000219345093
0.07800006866455078 -0.4739999771118164 2.870000123977661
-0.8219999670982361 0.22800004482269287 2.3299999237060547
-0.34200000762939453 -0.08399999141693115 3.0380001068115234
1.1700000762939453 -0.11399996280670166 2.4800000190734863
1.0799999237060547 -0.24599993228912354 2.4800000190734863
0.5940001010894775 -0.5699999928474426 2.558000087738037
-0.006000041961669922 -0.3960000276565552 2.947999954223633
-0.41999995708465576 -0.06599998474121094 2.9839999675750732
0.9600000381469727 -0.37199997901916504 2.4860000610351562
0.33000004291534424 0.2760000228881836 1.2020000219345093
0.7260000705718994 -0.5220000147819519 2.5280001163482666
-0.07200002670288086 -0.3240000009536743 3.002000093460083
-0.07200002670288086 -0.2999999523162842 3.0260000228881836
0.07800006866455078 0.4020000696182251 1.2020000219345093
0.2760000228881836 -0.5579999685287476 2.75
0.312000036239624 0.2640000581741333 1.2020000219345093
1.121999979019165 -0.16199994087219238 2.552000045776367
0.10199999809265137 0.09000003337860107 1.25
0.3539999723434448 0.2879999876022339 1.2020000219345093
-0.34800004959106445 -0.2999999523162842 1.718000054359436
0.6779999732971191 0.10800004005432129 1.3280000686645508
-0.75 0.09599995613098145 2.569999933242798
0.19800007343292236 -0.5460000038146973 2.7739999294281006
0.2760000228881836 -0.5699999928474426 2.7260000705718994
0.9360001087188721 -0.3960000276565552 2.4800000190734863
-0.8219999670982361 0.3539999723434448 2.078000068664551
-0.8219999670982361 0.22200000286102295 2.3420000076293945
0.04200005531311035 -0.4440000057220459 2.9060001373291016
-0.26999998092651367 -0.10199999809265137 3.0799999237060547
0.9000000953674316 -0.41999995708465576 2.503999948501587
-0.6480000019073486 0.5820000171661377 1.6759999990463257
0.30000007152557373 -0.5699999928474426 2.7260000705718994
-0.07799994945526123 -0.3240000009536743 3.002000093460083
-0.4620000123977661 -0.054000020027160645 2.9539999961853027
-0.07799994945526123 -0.2999999523162842 3.0260000228881836
0.630000114440918 0.11399996280670166 1.3040000200271606
-0.8339999914169312 0.30000007152557373 2.2039999961853027
0.9360001087188721 -0.38399994373321533 2.5280001163482666
0.054000020027160645 0.07200002670288086 1.2620000839233398
-0.6240000128746033 0.5999999046325684 1.6460000276565552
0.0 0.054000020027160645 1.2799999713897705
-0.3179999589920044 -0.09000003337860107 3.055999994277954
-0.7979999780654907 0.16200006008148193 2.450000047683716
-0.75 0.09599995613098145 2.5759999752044678
0.7379999160766602 -0.5220000147819519 2.5160000324249268
0.7079999446868896 0.1260000467300415 1.3339999914169312
-0.7979999780654907 0.4200000762939453 1.9639999866485596
0.07800006866455078 -0.4739999771118164 2.875999927520752
-0.3960000276565552 -0.24599993228912354 1.7000000476837158
-0.41999995708465576 -0.22200000286102295 1.7000000476837158
-0.07799994945526123 -0.34800004959106445 2.9779999256134033
1.1400001049041748 -0.1499999761581421 2.5280001163482666
-0.33000004291534424 -0.34800004959106445 1.7599999904632568
0.5099999904632568 0.12000000476837158 1.2620000839233398
0.011999964714050293 -0.41999995708465576 2.930000066757202
0.1499999761581421 -0.5220000147819519 2.815999984741211
0.30000007152557373 0.13199996948242188 1.2260000705718994
0.2640000581741333 -0.5699999928474426 2.7320001125335693
0.060000061988830566 0.4020000696182251 1.2020000219345093
0.3840000629425049 0.2940000295639038 1.2020000219345093
0.6840000152587891 -0.5460000038146973 2.5280001163482666
0.38999998569488525 0.30000007152557373 1.2020000219345093
0.20399999618530273 -0.5460000038146973 2.7799999713897705
0.24000000953674316 0.1260000467300415 1.2260000705718994
0.25199997425079346 0.1260000467300415 1.2260000705718994
0.2760000228881836 0.1260000467300415 1.2260000705718994
0.8280000686645508 -0.4739999771118164 2.503999948501587
1.1040000915527344 -0.22200000286102295 2.4800000190734863
0.19200003147125244 -0.5460000038146973 2.7799999713897705
-0.7739999890327454 0.1260000467300415 2.5280001163482666
0.48000001907348633 0.13199996948242188 1.25
-0.8219999670982361 0.21000003814697266 2.3540000915527344
0.5759999752044678 0.12000000476837158 1.2799999713897705
-0.4440000057220459 -0.059999942779541016 2.9720001220703125
1.0799999237060547 -0.24599993228912354 2.503999948501587
-0.023999929428100586 0.04799997806549072 1.2860000133514404
-0.671999990940094 0.024000048637390137 2.7139999866485596
-0.7199999690055847 0.5220000743865967 1.777999997138977
0.06599998474121094 -0.4739999771118164 2.875999927520752
1.1760001182556152 -0.11399996280670166 2.4800000190734863
-0.8219999670982361 0.37800002098083496 2.053999900817871
-0.6959999799728394 0.04200005531311035 2.677999973297119
0.4020000696182251 0.30000007152557373 1.2020000219345093
-0.07200002670288086 -0.34800004959106445 2.9839999675750732
-0.8219999670982361 0.37199997901916504 2.053999900817871
-0.37199997901916504 -0.07799994945526123 3.0260000228881836
0.33000004291534424 0.13199996948242188 1.2260000705718994
0.33000004291534424 -0.5820000171661377 2.7019999027252197
0.7260000705718994 -0.527999997138977 2.5280001163482666
0.22800004482269287 0.12000000476837158 1.2260000705718994
0.04799997806549072 0.4020000696182251 1.2020000219345093
0.18000006675720215 -0.5339999794960022 2.803999900817871
-0.07200002670288086 0.03600001335144043 1.3040000200271606
0.3539999723434448 0.1380000114440918 1.2260000705718994
0.07800006866455078 0.08399999141693115 1.25
-0.12000000476837158 0.018000006675720215 1.3280000686645508
-0.41999995708465576 -0.22200000286102295 1.694000005722046
-0.3240000009536743 -0.3359999656677246 1.7300000190734863
-0.07799994945526123 -0.3059999942779541 3.0260000228881836
-0.07799994945526123 -0.33000004291534424 3.002000093460083
0.6180000305175781 -0.5699999928474426 2.552000045776367
-0.7979999780654907 0.4259999990463257 1.9520000219345093
-0.671999990940094 0.564000129699707 1.7000000476837158
0.10199999809265137 -0.49800002574920654 2.8519999980926514
0.875999927520752 -0.4440000057220459 2.503999948501587
-0.09599995613098145 0.024000048637390137 1.315999984741211
0.4020000696182251 -0.593999981880188 2.6540000438690186
0.624000072479248 -0.5699999928474426 2.5460000038146973
-0.3960000276565552 -0.07799994945526123 3.008000135421753
0.7019999027252197 0.12000000476837158 1.3280000686645508
0.1260000467300415 0.09599995613098145 1.2380000352859497
-0.7739999890327454 0.12000000476837158 2.5339999198913574
0.09599995613098145 -0.49800002574920654 2.8519999980926514
0.8519999980926514 -0.4620000123977661 2.503999948501587
-0.054000020027160645 -0.3179999589920044 3.0260000228881836
1.1700000762939453 -0.12000000476837158 2.503999948501587
-0.34200000762939453 -0.3240000009536743 1.7300000190734863
0.30000007152557373 -0.5759999752044678 2.7260000705718994
-0.7199999690055847 0.5220000743865967 1.7719999551773071
-0.8219999670982361 0.20399999618530273 2.378000020980835
0.5280001163482666 0.12000000476837158 1.2620000839233398
0.9479999542236328 -0.3960000276565552 2.4739999771118164
0.20399999618530273 0.11399996280670166 1.2260000705718994
-0.5220000147819519 0.6719999313354492 1.5379999876022339
0.4259999990463257 -0.5999999642372131 2.630000114440918
0.4140000343322754 -0.5999999642372131 2.635999917984009
-0.023999929428100586 -0.3960000276565552 2.9539999961853027
0.9179999828338623 -0.41999995708465576 2.4800000190734863
-0.023999929428100586 0.054000020027160645 1.2799999713897705
-0.7739999890327454 0.4620000123977661 1.8799999952316284
0.6540000438690186 -0.5579999685287476 2.552000045776367
0.24000000953674316 -0.5699999928474426 2.74399995803833
-0.4440000057220459 -0.059999942779541016 2.9779999256134033
-0.8040000200271606 0.16200006008148193 2.450000047683716
0.7980000972747803 -0.49800002574920654 2.503999948501587
0.37800002098083496 0.1380000114440918 1.2260000705718994
0.38999998569488525 -0.5999999642372131 2.6480000019073486
-0.5699999928474426 0.6419999599456787 1.5800000429153442
0.5520000457763672 0.12000000476837158 1.2680000066757202
-0.75 0.4919999837875366 1.8259999752044678
1.128000020980835 -0.1679999828338623 2.552000045776367
0.18000006675720215 0.11399996280670166 1.2260000705718994
0.4440000057220459 -0.5999999642372131 2.624000072479248
0.37800002098083496 -0.5999999642372131 2.6540000438690186
0.36000001430511475 -0.5999999642372131 2.6600000858306885
-0.5999999642372131 0.624000072479248 1.6100000143051147
0.4739999771118164 -0.5999999642372131 2.6059999465942383
-0.6959999799728394 0.5460000038146973 1.7300000190734863
0.3539999723434448 -0.593999981880188 2.677999973297119
-0.8219999670982361 0.19800007343292236 2.384000062942505
0.9900000095367432 -0.3659999370574951 2.450000047683716
-0.029999971389770508 -0.3960000276565552 2.9539999961853027
0.6359999179840088 -0.5699999928474426 2.5399999618530273
-0.4140000343322754 -0.07799994945526123 2.996000051498413
-0.7979999780654907 0.1499999761581421 2.4739999771118164
-0.029999971389770508 0.054000020027160645 1.2799999713897705
-0.8219999670982361 0.3840000629425049 2.0299999713897705
0.024000048637390137 0.4200000762939453 1.2020000219345093
-0.6959999799728394 0.5520000457763672 1.7300000190734863
0.5759999752044678 0.12000000476837158 1.2739999294281006
0.018000006675720215 -0.4440000057220459 2.9119999408721924
0.4020000696182251 0.14400005340576172 1.2260000705718994
-0.6840000152587891 0.024000048637390137 2.7019999027252197
-0.5460000038146973 0.6600000858306885 1.555999994277954
0.3960000276565552 0.30000007152557373 1.1959999799728394
1.1340000629425049 -0.1499999761581421 2.5759999752044678
-0.4320000410079956 -0.22200000286102295 1.7000000476837158
1.128000020980835 -0.17400002479553223 2.5460000038146973
0.630000114440918 -0.5699999928474426 2.552000045776367
-0.671999990940094 0.5699999332427979 1.694000005722046
0.48000001907348633 -0.5999999642372131 2.6059999465942383
1.0980000495910645 -0.24599993228912354 2.4619998931884766
-0.7979999780654907 0.1499999761581421 2.4800000190734863
-0.828000009059906 0.37800002098083496 2.053999900817871
0.17400002479553223 -0.5460000038146973 2.7920000553131104
0.7019999027252197 -0.5460000038146973 2.5280001163482666
0.9779999256134033 -0.37199997901916504 2.4800000190734863
0.25199997425079346 -0.5699999928474426 2.75
0.75 -0.5220000147819519 2.5280001163482666
0.23399996757507324 -0.5699999928474426 2.75
0.49800002574920654 -0.5999999642372131 2.5940001010894775
-0.4739999771118164 -0.04799997806549072 2.9600000381469727
1.187999963760376 -0.10800004005432129 2.4739999771118164
0.018000006675720215 0.4259999990463257 1.2020000219345093
-0.6660000085830688 0.006000041961669922 2.7260000705718994
0.8459999561309814 -0.4739999771118164 2.492000102996826
0.8039999008178711 -0.49800002574920654 2.503999948501587
0.34200000762939453 -0.5999999642372131 2.671999931335449
0.1260000467300415 -0.5220000147819519 2.828000068664551
-0.04799997806549072 -0.37199997901916504 2.9779999256134033
0.054000020027160645 0.07800006866455078 1.25
0.5220000743865967 -0.5999999642372131 2.5759999752044678
-0.17400002479553223 -0.13199996948242188 3.128000020980835
-0.07799994945526123 -0.3659999370574951 2.9720001220703125
0.9660000801086426 -0.37800002098083496 2.503999948501587
0.4500000476837158 -0.5999999642372131 2.630000114440918
0.156000018119812 0.10800004005432129 1.2260000705718994
0.029999971389770508 0.07200002670288086 1.25600004196167
-0.1979999542236328 -0.11399996280670166 3.128000020980835
-0.3359999656677246 -0.3359999656677246 1.7300000190734863
-0.8219999670982361 0.19200003147125244 2.4019999504089355
1.1760001182556152 -0.12000000476837158 2.503999948501587
0.9539999961853027 -0.3960000276565552 2.4800000190734863
0.5099999904632568 0.1260000467300415 1.25
1.1519999504089355 -0.1499999761581421 2.5280001163482666
0.5280001163482666 -0.5999999642372131 2.5759999752044678
0.3359999656677246 0.26999998092651367 1.190000057220459
-0.7199999690055847 0.054000020027160645 2.6540000438690186
0.3359999656677246 -0.5999999642372131 2.677999973297119
0.8940000534057617 -0.4440000057220459 2.4860000610351562
0.34800004959106445 0.2760000228881836 1.190000057220459
-0.2999999523162842 -0.09599995613098145 3.0799999237060547
-0.018000006675720215 -0.41999995708465576 2.936000108718872
-0.4140000343322754 -0.24599993228912354 1.7000000476837158
0.4259999990463257 0.14400005340576172 1.2260000705718994
0.6660001277923584 0.12000000476837158 1.3040000200271606
-0.7979999780654907 0.437999963760376 1.9279999732971191
0.21599996089935303 -0.5699999928474426 2.75600004196167
-0.5999999642372131 0.630000114440918 1.6039999723434448
0.6059999465942383 0.12000000476837158 1.2799999713897705
-0.059999942779541016 -0.2940000295639038 3.055999994277954
1.1760001182556152 -0.1260000467300415 2.498000144958496
0.6119999885559082 0.1260000467300415 1.2799999713897705
-0.41999995708465576 -0.07200002670288086 3.002000093460083
1.121999979019165 -0.1979999542236328 2.5280001163482666
0.3240000009536743 -0.5999999642372131 2.684000015258789
0.04799997806549072 -0.4739999771118164 2.888000011444092
-0.3539999723434448 -0.34200000762939453 1.7540000677108765
0.5399999618530273 -0.5999999642372131 2.569999933242798
1.0799999237060547 -0.26999998092651367 2.4800000190734863
-0.8460000157356262 0.2940000295639038 2.2039999961853027
-0.6240000128746033 0.6119999885559082 1.628000020980835
-0.37199997901916504 -0.07200002670288086 3.0439999103546143
-0.8460000157356262 0.2820000648498535 2.2280001640319824
-0.75 0.08399999141693115 2.6059999465942383
-0.09599995613098145 0.029999971389770508 1.3040000200271606
-0.7739999890327454 0.10800004005432129 2.552000045776367
0.9779999256134033 -0.37800002098083496 2.4800000190734863
-0.06599998474121094 -0.34800004959106445 3.002000093460083
-0.8460000157356262 0.3059999942779541 2.180000066757202
0.054000020027160645 -0.4679999351501465 2.9000000953674316
0.9300000667572021 -0.41999995708465576 2.4800000190734863
0.7200000286102295 -0.5460000038146973 2.5160000324249268
-0.8460000157356262 0.26999998092651367 2.251999855041504
0.630000114440918 -0.5759999752044678 2.552000045776367
0.10199999809265137 0.09599995613098145 1.2319999933242798
0.024000048637390137 0.4200000762939453 1.1959999799728394
0.9000000953674316 -0.4440000057220459 2.4800000190734863
-0.8460000157356262 0.26999998092651367 2.246000051498413
-0.7680000066757202 0.09599995613098145 2.564000129699707
0.11399996280670166 -0.5220000147819519 2.8340001106262207
-0.22200000286102295 -0.12000000476837158 3.115999937057495
0.029999971389770508 0.07800006866455078 1.25
-0.04799997806549072 0.04799997806549072 1.2799999713897705
-0.2999999523162842 -0.10199999809265137 3.0799999237060547
-0.75 0.49800002574920654 1.8079999685287476
-0.8219999670982361 0.4020000696182251 2.0
-0.8219999670982361 0.3960000276565552 2.0
0.10199999809265137 -0.5099999904632568 2.8519999980926514
-0.8460000157356262 0.3240000009536743 2.1500000953674316
0.630000114440918 0.12000000476837158 1.2860000133514404
-0.34800004959106445 -0.3240000009536743 1.718000054359436
1.068000078201294 -0.2940000295639038 2.4559998512268066
0.1260000467300415 0.10199999809265137 1.2260000705718994
0.4020000696182251 0.30000007152557373 1.190000057220459
0.7739999294281006 -0.5220000147819519 2.503999948501587
0.7260000705718994 -0.5460000038146973 2.509999990463257
0.9539999961853027 -0.40199995040893555 2.4800000190734863
0.19800007343292236 -0.5699999928474426 2.76200008392334
-0.7199999690055847 0.5339999198913574 1.7540000677108765
0.5280001163482666 0.1260000467300415 1.25
-0.8460000157356262 0.2580000162124634 2.2760000228881836
0.07200002670288086 -0.49800002574920654 2.864000082015991
-0.6480000019073486 0.5940001010894775 1.6519999504089355
-0.8460000157356262 0.3240000009536743 2.1440000534057617
-0.5699999928474426 0.6480000019073486 1.5679999589920044
-0.24599993228912354 -0.12000000476837158 3.1040000915527344
-0.20399999618530273 -0.1380000114440918 3.115999937057495
0.2760000228881836 -0.5879999995231628 2.7260000705718994
0.20399999618530273 0.12000000476837158 1.2139999866485596
-0.06599998474121094 -0.26999998092651367 3.0799999237060547
0.07800006866455078 -0.4919999837875366 2.875999927520752
0.6660001277923584 -0.5699999928474426 2.5280001163482666
0.156000018119812 -0.5460000038146973 2.803999900817871
-0.3960000276565552 -0.26999998092651367 1.7000000476837158
1.121999979019165 -0.20399999618530273 2.5280001163482666
0.4500000476837158 0.14400005340576172 1.2260000705718994
-0.8219999670982361 0.18000006675720215 2.4260001182556152
-0.6959999799728394 0.029999971389770508 2.7019999027252197
0.1499999761581421 -0.5460000038146973 2.803999900817871
-0.1979999542236328 -0.1260000467300415 3.128000020980835
0.8220000267028809 -0.49800002574920654 2.492000102996826
-0.07200002670288086 -0.37199997901916504 2.9779999256134033
0.6779999732971191 0.12000000476837158 1.3040000200271606
1.0799999237060547 -0.2760000228881836 2.4800000190734863
1.1760001182556152 -0.13199996948242188 2.503999948501587
-0.156000018119812 0.018000006675720215 1.3280000686645508
-0.8460000157356262 0.3359999656677246 2.125999927520752
-0.14399993419647217 0.006000041961669922 1.3280000686645508
1.1519999504089355 -0.156000018119812 2.5399999618530273
0.8280000686645508 -0.4919999837875366 2.503999948501587
-0.8460000157356262 0.24600005149841309 2.2880001068115234
0.6840000152587891 0.1260000467300415 1.3040000200271606
0.3539999723434448 0.2820000648498535 1.184000015258789
-0.8460000157356262 0.24600005149841309 2.3000001907348633
-0.7199999690055847 0.04799997806549072 2.6660001277923584
-0.75 0.5039999485015869 1.8020000457763672
-0.12000000476837158 0.024000048637390137 1.309999942779541
0.5520000457763672 -0.5999999642372131 2.5759999752044678
0.2940000295639038 -0.5999999642372131 2.7019999027252197
1.0920000076293945 -0.26999998092651367 2.4559998512268066
0.10199999809265137 0.10199999809265137 1.2260000705718994
0.7799999713897705 -0.5220000147819519 2.503999948501587
1.1100001335144043 -0.24599993228912354 2.4619998931884766
-0.41999995708465576 -0.08399999141693115 3.002000093460083
0.6540000438690186 0.12000000476837158 1.2920000553131104
0.30000007152557373 -0.5999999642372131 2.7019999027252197
-0.7739999890327454 0.4739999771118164 1.850000023841858
-0.7979999780654907 0.13199996948242188 2.503999948501587
0.5699999332427979 -0.5999999642372131 2.558000087738037
-0.07799994945526123 -0.37199997901916504 2.9779999256134033
0.9300000667572021 -0.4259999990463257 2.4800000190734863
-0.37199997901916504 -0.2999999523162842 1.7059999704360962
-0.4440000057220459 -0.07799994945526123 2.9839999675750732
-0.7739999890327454 0.48000001907348633 1.850000023841858
-0.8219999670982361 0.17400002479553223 2.432000160217285
-0.7080000042915344 0.5520000457763672 1.7300000190734863
0.37800002098083496 0.2940000295639038 1.184000015258789
-0.3539999723434448 -0.34200000762939453 1.7419999837875366
0.630000114440918 0.1260000467300415 1.2799999713897705
-0.11399996280670166 0.029999971389770508 1.3040000200271606
-0.3960000276565552 -0.26999998092651367 1.694000005722046
-0.671999990940094 0.5759999752044678 1.6759999990463257
0.006000041961669922 0.07800006866455078 1.25
-0.3179999589920044 -0.10199999809265137 3.074000120162964
-0.34800004959106445 -0.09599995613098145 3.055999994277954
0.9720001220703125 -0.3960000276565552 2.4619998931884766
-0.40199995040893555 -0.26999998092651367 1.7000000476837158
1.1519999504089355 -0.156000018119812 2.552000045776367
-0.8460000157356262 0.34200000762939453 2.1019999980926514
-0.4320000410079956 -0.07200002670288086 3.002000093460083
-0.04799997806549072 0.04799997806549072 1.2739999294281006
-0.7979999780654907 0.4440000057220459 1.9040000438690186
1.1519999504089355 -0.14399993419647217 2.5759999752044678
1.002000093460083 -0.37199997901916504 2.450000047683716
-0.7979999780654907 0.4500000476837158 1.9040000438690186
0.5520000457763672 0.13199996948242188 1.25
1.128000020980835 -0.1979999542236328 2.5399999618530273
-0.5460000038146973 0.6779999732971191 1.5440000295639038
0.08399999141693115 0.10199999809265137 1.2260000705718994
0.8700001239776611 -0.4739999771118164 2.4800000190734863
0.6779999732971191 -0.5699999928474426 2.5280001163482666
-0.3179999589920044 -0.09599995613098145 3.0799999237060547
-0.8219999670982361 0.40799999237060547 1.9760000705718994
0.37800002098083496 0.1499999761581421 1.2079999446868896
1.121999979019165 -0.22200000286102295 2.503999948501587
0.08399999141693115 -0.5220000147819519 2.8399999141693115
-0.22200000286102295 -0.09599995613098145 3.140000104904175
-0.8460000157356262 0.22800004482269287 2.3299999237060547
-0.8460000157356262 0.34800004959106445 2.0900001525878906
-0.49800002574920654 -0.04799997806549072 2.9539999961853027
0.30000007152557373 0.14400005340576172 1.2020000219345093
0.9900000095367432 -0.37199997901916504 2.503999948501587
-0.23399996757507324 -0.09599995613098145 3.134000062942505
-0.41999995708465576 -0.24599993228912354 1.687999963760376
-0.8159999847412109 0.4259999990463257 1.9520000219345093
0.9479999542236328 -0.41999995708465576 2.4619998931884766
0.25199997425079346 0.1380000114440918 1.2020000219345093
0.6779999732971191 0.12000000476837158 1.2979999780654907
0.33000004291534424 0.1499999761581421 1.2020000219345093
0.5880000591278076 -0.5999999642372131 2.552000045776367
-0.828000009059906 0.18000006675720215 2.4260001182556152
1.0859999656677246 -0.26999998092651367 2.503999948501587
0.2760000228881836 0.1380000114440918 1.2020000219345093
0.1679999828338623 -0.5699999928474426 2.7739999294281006
-0.75 0.07200002670288086 2.624000072479248
0.0 0.07200002670288086 1.25
-0.2760000228881836 -0.09599995613098145 3.1100001335144043
-0.3659999370574951 -0.07200002670288086 3.062000036239624
0.0 -0.4440000057220459 2.930000066757202
0.18000006675720215 0.12000000476837158 1.2079999446868896
0.029999971389770508 -0.4739999771118164 2.9000000953674316
-0.04799997806549072 -0.38999998569488525 2.9779999256134033
-0.7739999890327454 0.09599995613098145 2.5759999752044678
-0.5460000038146973 0.6719999313354492 1.5379999876022339
-0.49800002574920654 -0.059999942779541016 2.947999954223633
0.07800006866455078 0.09599995613098145 1.2260000705718994
-0.34800004959106445 -0.3359999656677246 1.718000054359436
-0.07799994945526123 -0.38399994373321533 2.9720001220703125
-0.8460000157356262 0.22200000286102295 2.3420000076293945
-0.8460000157356262 0.3539999723434448 2.078000068664551
-0.07200002670288086 0.04200005531311035 1.2799999713897705
-0.40199995040893555 -0.2760000228881836 1.7000000476837158
-0.6480000019073486 0.5999999046325684 1.6399999856948853
0.9839999675750732 -0.37800002098083496 2.509999990463257
0.5520000457763672 -0.6060000061988831 2.5759999752044678
-0.22200000286102295 -0.12000000476837158 3.128000020980835
-0.5220000147819519 -0.04799997806549072 2.930000066757202
0.22800004482269287 0.13199996948242188 1.2020000219345093
0.30000007152557373 -0.6060000061988831 2.7019999027252197
-0.7199999690055847 0.04200005531311035 2.677999973297119
0.2580000162124634 -0.5999999642372131 2.7200000286102295
0.875999927520752 -0.4739999771118164 2.4800000190734863
-0.7799999713897705 0.48000001907348633 1.850000023841858
0.4020000696182251 0.1499999761581421 1.2079999446868896
0.3539999723434448 0.1499999761581421 1.2020000219345093
-0.023999929428100586 -0.41999995708465576 2.9539999961853027
-0.6959999799728394 0.5580000877380371 1.7000000476837158
0.20399999618530273 0.13199996948242188 1.2020000219345093
1.128000020980835 -0.21000003814697266 2.5280001163482666
0.18000006675720215 -0.5699999928474426 2.7799999713897705
0.5999999046325684 -0.5999999642372131 2.5460000038146973
0.7980000972747803 -0.5220000147819519 2.492000102996826
-0.48000001907348633 -0.04799997806549072 2.9779999256134033
-0.5699999928474426 0.6540000438690186 1.555999994277954
0.75 -0.5460000038146973 2.503999948501587
-0.5519999861717224 0.6779999732971191 1.5440000295639038
0.8039999008178711 -0.515999972820282 2.503999948501587
0.054000020027160645 -0.49800002574920654 2.875999927520752
0.8399999141693115 -0.49800002574920654 2.4860000610351562
0.7019999027252197 -0.5640000104904175 2.5280001163482666
0.437999963760376 -0.6240000128746033 2.611999988555908
-0.7979999780654907 0.1260000467300415 2.5280001163482666
-0.0419999361038208 -0.41999995708465576 2.947999954223633
0.6960000991821289 -0.5699999928474426 2.5160000324249268
0.060000061988830566 0.4259999990463257 1.1779999732971191
0.060000061988830566 0.4140000343322754 1.1779999732971191
1.2120001316070557 -0.10199999809265137 2.4619998931884766
-0.054000020027160645 -0.3960000276565552 2.9720001220703125
0.4500000476837158 -0.6240000128746033 2.6059999465942383
0.37800002098083496 0.156000018119812 1.2020000219345093
0.12000000476837158 -0.5460000038146973 2.815999984741211
0.1260000467300415 -0.5399999618530273 2.828000068664551
0.9240000247955322 -0.4440000057220459 2.4619998931884766
-0.4259999990463257 -0.24599993228912354 1.687999963760376
-0.3960000276565552 -0.09599995613098145 3.0260000228881836
0.48000001907348633 -0.6179999709129333 2.6059999465942383
0.6779999732971191 0.1260000467300415 1.2920000553131104
1.068000078201294 -0.312000036239624 2.450000047683716
0.04799997806549072 -0.49800002574920654 2.875999927520752
-0.7559999823570251 0.07200002670288086 2.618000030517578
0.156000018119812 -0.5699999928474426 2.7799999713897705
0.4919999837875366 0.1380000114440918 1.2260000705718994
-0.8460000157356262 0.21000003814697266 2.3540000915527344
-0.75 0.06599998474121094 2.630000114440918
0.36600005626678467 -0.6240000128746033 2.6480000019073486
0.24600005149841309 -0.5999999642372131 2.7260000705718994
0.25199997425079346 -0.5999999642372131 2.7260000705718994
0.3840000629425049 -0.6240000128746033 2.6419999599456787
0.4739999771118164 -0.6240000128746033 2.5940001010894775
1.0199999809265137 -0.3659999370574951 2.437999963760376
-0.34800004959106445 -0.10199999809265137 3.062000036239624
-0.437999963760376 -0.24599993228912354 1.7000000476837158
0.156000018119812 -0.5579999685287476 2.803999900817871
-0.26999998092651367 -0.12000000476837158 3.1040000915527344
0.4140000343322754 -0.6240000128746033 2.630000114440918
-0.3240000009536743 -0.10199999809265137 3.0799999237060547
0.6119999885559082 -0.5999999642372131 2.5399999618530273
-0.8460000157356262 0.37199997901916504 2.053999900817871
-0.37199997901916504 -0.10199999809265137 3.0439999103546143
1.0799999237060547 -0.2999999523162842 2.450000047683716
0.18000006675720215 0.1260000467300415 1.2020000219345093
0.3539999723434448 -0.6240000128746033 2.6540000438690186
0.5759999752044678 0.13199996948242188 1.25
0.06599998474121094 -0.5220000147819519 2.8459999561309814
1.1040000915527344 -0.26999998092651367 2.4559998512268066
0.6540000438690186 0.1260000467300415 1.2799999713897705
-0.06599998474121094 -0.2879999876022339 3.0799999237060547
-0.5460000038146973 -0.0419999361038208 2.9119999408721924
-0.8219999670982361 0.4200000762939453 1.9520000219345093
1.1459999084472656 -0.1679999828338623 2.5759999752044678
0.4020000696182251 0.2940000295639038 1.1779999732971191
0.33000004291534424 -0.6179999709129333 2.677999973297119
0.6059999465942383 -0.5999999642372131 2.552000045776367
0.33000004291534424 0.1499999761581421 1.1959999799728394
-0.7979999780654907 0.12000000476837158 2.5339999198913574
1.1760001182556152 -0.14399993419647217 2.5280001163482666
1.1340000629425049 -0.1979999542236328 2.552000045776367
1.0920000076293945 -0.26399993896484375 2.5280001163482666
-0.023999929428100586 -0.4440000057220459 2.930000066757202
-0.7199999690055847 0.5460000038146973 1.7300000190734863
0.07800006866455078 -0.5220000147819519 2.8519999980926514
0.4020000696182251 0.156000018119812 1.2020000219345093
0.4259999990463257 -0.6240000128746033 2.630000114440918
1.128000020980835 -0.22200000286102295 2.5160000324249268
-0.21000003814697266 -0.10199999809265137 3.1519999504089355
0.34800004959106445 -0.6240000128746033 2.6600000858306885
0.4919999837875366 -0.6240000128746033 2.5880000591278076
-0.23399996757507324 -0.12000000476837158 3.128000020980835
-0.5220000147819519 -0.059999942779541016 2.930000066757202
0.156000018119812 0.1260000467300415 1.2020000219345093
-0.7739999890327454 0.4919999837875366 1.8259999752044678
0.018000006675720215 -0.4739999771118164 2.9060001373291016
0.3240000009536743 -0.6240000128746033 2.6660001277923584
0.054000020027160645 0.09000003337860107 1.2260000705718994
-0.7979999780654907 0.4620000123977661 1.8799999952316284
0.5039999485015869 0.1380000114440918 1.2260000705718994
0.7620000839233398 -0.5460000038146973 2.498000144958496
1.0139999389648438 -0.3659999370574951 2.4800000190734863
-0.75 0.5160000324249268 1.777999997138977
-0.5999999642372131 0.6419999599456787 1.5800000429153442
-0.49800002574920654 -0.06599998474121094 2.9539999961853027
-0.8460000157356262 0.37199997901916504 2.0420000553131104
-0.8460000157356262 0.20399999618530273 2.378000020980835
0.03600001335144043 0.4200000762939453 1.1779999732971191
-0.26999998092651367 -0.1260000467300415 3.1040000915527344
-0.6240000128746033 0.624000072479248 1.6039999723434448
0.37800002098083496 -0.6240000128746033 2.6540000438690186
0.437999963760376 0.1499999761581421 1.2079999446868896
0.14400005340576172 -0.5699999928474426 2.7860000133514404
-0.023999929428100586 0.06599998474121094 1.25
0.4259999990463257 0.3059999942779541 1.1779999732971191
0.8519999980926514 -0.49800002574920654 2.4800000190734863
0.156000018119812 0.12000000476837158 1.2020000219345093
-0.04799997806549072 -0.41999995708465576 2.9539999961853027
-0.09599995613098145 0.04200005531311035 1.2799999713897705
0.029999971389770508 0.4259999990463257 1.1779999732971191
1.121999979019165 -0.24599993228912354 2.4800000190734863
0.5220000743865967 -0.6240000128746033 2.569999933242798
-0.6240000128746033 0.630000114440918 1.6039999723434448
-0.8219999670982361 0.1499999761581421 2.4739999771118164
0.5160000324249268 -0.6240000128746033 2.5759999752044678
-0.4620000123977661 -0.054000020027160645 3.002000093460083
-0.4739999771118164 -0.07200002670288086 2.9779999256134033
-0.8460000157356262 0.19800007343292236 2.384000062942505
-0.07200002670288086 -0.34800004959106445 3.0260000228881836
-0.6480000019073486 0.6059999465942383 1.628000020980835
0.060000061988830566 -0.5220000147819519 2.8519999980926514
0.2940000295639038 -0.6240000128746033 2.677999973297119
-0.07799994945526123 -0.41999995708465576 2.941999912261963
0.6779999732971191 -0.5820000171661377 2.5280001163482666
0.30000007152557373 -0.6240000128746033 2.677999973297119
-0.8460000157356262 0.37800002098083496 2.0299999713897705
1.2060000896453857 -0.12000000476837158 2.4800000190734863
0.9360001087188721 -0.4440000057220459 2.4559998512268066
0.024000048637390137 0.4320000410079956 1.1779999732971191
0.4500000476837158 0.1499999761581421 1.2079999446868896
0.4259999990463257 0.156000018119812 1.2020000219345093
-0.07200002670288086 0.04799997806549072 1.2680000066757202
0.0 -0.4559999704360962 2.930000066757202
0.054000020027160645 0.4200000762939453 1.1719999313354492
0.8940000534057617 -0.4739999771118164 2.4679999351501465
-0.3960000276565552 -0.10199999809265137 3.0320000648498535
-0.6959999799728394 0.011999964714050293 2.7260000705718994
0.8159999847412109 -0.5220000147819519 2.4860000610351562
-0.5460000038146973 -0.054000020027160645 2.9119999408721924
1.1519999504089355 -0.1679999828338623 2.5759999752044678
-0.37199997901916504 -0.09599995613098145 3.055999994277954
-0.24000000953674316 -0.1499999761581421 3.1100001335144043
0.7200000286102295 -0.5699999928474426 2.503999948501587
0.054000020027160645 0.09599995613098145 1.2200000286102295
1.2000000476837158 -0.1260000467300415 2.498000144958496
1.1459999084472656 -0.16199994087219238 2.6059999465942383
0.1260000467300415 0.12000000476837158 1.2020000219345093
0.9000000953674316 -0.4679999351501465 2.4800000190734863
0.029999971389770508 0.09000003337860107 1.2260000705718994
0.5280001163482666 0.14400005340576172 1.2260000705718994
-0.8219999670982361 0.14400005340576172 2.4800000190734863
0.6059999465942383 -0.6060000061988831 2.552000045776367
0.10199999809265137 -0.5460000038146973 2.828000068664551
0.9960000514984131 -0.3960000276565552 2.450000047683716
0.07800006866455078 -0.527999997138977 2.8519999980926514
0.4020000696182251 0.2940000295639038 1.1719999313354492
-0.4739999771118164 -0.07799994945526123 2.9779999256134033
0.5399999618530273 -0.6240000128746033 2.564000129699707
-0.515999972820282 -0.04799997806549072 2.9539999961853027
0.5280001163482666 -0.6240000128746033 2.5759999752044678
-0.07200002670288086 -0.3960000276565552 2.9779999256134033
0.21599996089935303 -0.5999999642372131 2.74399995803833
0.09599995613098145 -0.5460000038146973 2.828000068664551
-0.7199999690055847 0.5460000038146973 1.718000054359436
-0.04799997806549072 -0.4440000057220459 2.930000066757202
-0.41999995708465576 -0.10199999809265137 3.0139999389648438
0.6419999599456787 -0.5999999642372131 2.5280001163482666
0.011999964714050293 0.4500000476837158 1.1779999732971191
-0.054000020027160645 -0.3240000009536743 3.062000036239624
0.054000020027160645 -0.5099999904632568 2.875999927520752
0.6059999465942383 0.1380000114440918 1.25
-0.8219999670982361 0.4320000410079956 1.9279999732971191
-0.7739999890327454 0.08399999141693115 2.6059999465942383
-0.3960000276565552 -0.2999999523162842 1.7000000476837158
-0.671999990940094 0.5940001010894775 1.6519999504089355
0.7260000705718994 -0.5699999928474426 2.503999948501587
-0.8519999980926514 0.20399999618530273 2.378000020980835
-0.6959999799728394 0.5699999332427979 1.6820000410079956
0.37800002098083496 -0.6299999952316284 2.6540000438690186
0.9720001220703125 -0.41999995708465576 2.450000047683716
-0.22200000286102295 -0.14399993419647217 3.128000020980835
-0.8460000157356262 0.18599998950958252 2.4019999504089355
-0.1499999761581421 0.018000006675720215 1.3040000200271606
-0.7979999780654907 0.10800004005432129 2.552000045776367
-0.07799994945526123 -0.3960000276565552 2.9779999256134033
0.4620000123977661 0.312000036239624 1.1779999732971191
-0.4140000343322754 -0.09599995613098145 3.0260000228881836
-0.04799997806549072 0.06599998474121094 1.25
0.4500000476837158 0.156000018119812 1.2020000219345093
0.22800004482269287 -0.5999999642372131 2.75
-0.7739999890327454 0.49800002574920654 1.8079999685287476
-0.34800004959106445 -0.09599995613098145 3.0799999237060547
1.128000020980835 -0.24000000953674316 2.503999948501587
0.7320001125335693 -0.5699999928474426 2.498000144958496
0.4259999990463257 0.30000007152557373 1.1719999313354492
-0.6840000152587891 0.0 2.75
-0.8700000047683716 0.2940000295639038 2.2039999961853027
0.024000048637390137 -0.49800002574920654 2.888000011444092
-0.7199999690055847 0.029999971389770508 2.7019999027252197
1.2000000476837158 -0.13199996948242188 2.503999948501587
0.20399999618530273 -0.5999999642372131 2.75
-0.006000041961669922 -0.4739999771118164 2.9119999408721924
-0.37199997901916504 -0.3240000009536743 1.7000000476837158
0.19800007343292236 -0.5999999642372131 2.75
-0.07200002670288086 -0.4440000057220459 2.9240000247955322
-0.38999998569488525 -0.3359999656677246 1.7360000610351562
1.002000093460083 -0.3960000276565552 2.450000047683716
0.029999971389770508 -0.4919999837875366 2.9000000953674316
0.10199999809265137 0.11399996280670166 1.2020000219345093
-0.5519999861717224 -0.04799997806549072 2.9179999828338623
-0.16199994087219238 0.024000048637390137 1.3040000200271606
1.128000020980835 -0.24599993228912354 2.492000102996826
-0.1679999828338623 0.029999971389770508 1.3040000200271606
0.30000007152557373 0.1499999761581421 1.184000015258789
-0.8700000047683716 0.2940000295639038 2.191999912261963
1.1519999504089355 -0.16199994087219238 2.6059999465942383
-0.8700000047683716 0.2760000228881836 2.2280001640319824
1.121999979019165 -0.2580000162124634 2.4800000190734863
-0.75 0.5220000743865967 1.7599999904632568
-0.75 0.054000020027160645 2.6540000438690186
0.8700001239776611 -0.49800002574920654 2.4679999351501465
-0.8700000047683716 0.30000007152557373 2.180000066757202
-0.8460000157356262 0.3960000276565552 2.0
-0.37199997901916504 -0.33000004291534424 1.7059999704360962
-0.4440000057220459 -0.09599995613098145 3.002000093460083
1.1760001182556152 -0.156000018119812 2.5460000038146973
-0.8700000047683716 0.26999998092651367 2.2339999675750732
-0.3179999589920044 -0.09599995613098145 3.1040000915527344
0.875999927520752 -0.4919999837875366 2.4800000190734863
-0.07799994945526123 -0.41999995708465576 2.9539999961853027
0.7799999713897705 -0.5460000038146973 2.503999948501587
1.2120001316070557 -0.11399996280670166 2.503999948501587
0.6540000438690186 -0.5999999642372131 2.5280001163482666
-0.8700000047683716 0.2640000581741333 2.251999855041504
1.0980000495910645 -0.2999999523162842 2.437999963760376
-0.4859999418258667 -0.07200002670288086 2.9779999256134033
0.48000001907348633 0.3179999589920044 1.1779999732971191
0.1260000467300415 0.12000000476837158 1.1959999799728394
0.5699999332427979 -0.6240000128746033 2.552000045776367
-0.09599995613098145 0.04799997806549072 1.2680000066757202
-0.023999929428100586 0.07200002670288086 1.2380000352859497
0.9779999256134033 -0.41999995708465576 2.450000047683716
-0.6959999799728394 0.5759999752044678 1.6759999990463257
1.0920000076293945 -0.2879999876022339 2.509999990463257
-0.8700000047683716 0.3179999589920044 2.1500000953674316
0.2640000581741333 -0.6240000128746033 2.7019999027252197
1.1340000629425049 -0.22800004482269287 2.5280001163482666
-0.7739999890327454 0.5039999485015869 1.8020000457763672
0.5520000457763672 0.14400005340576172 1.2260000705718994
0.2760000228881836 -0.6240000128746033 2.7019999027252197
0.04799997806549072 -0.5220000147819519 2.864000082015991
-0.19200003147125244 -0.312000036239624 3.0139999389648438
-0.41999995708465576 -0.26999998092651367 1.6820000410079956
-0.8460000157356262 0.3960000276565552 1.99399995803833
0.1260000467300415 -0.5699999928474426 2.803999900817871
-0.12000000476837158 0.03600001335144043 1.2799999713897705
-0.8700000047683716 0.25199997425079346 2.2760000228881836
-0.8460000157356262 0.17400002479553223 2.4200000762939453
-0.7979999780654907 0.46800005435943604 1.850000023841858
-0.8700000047683716 0.3240000009536743 2.138000011444092
-0.5460000038146973 -0.04799997806549072 2.930000066757202
0.6660001277923584 -0.5999999642372131 2.5160000324249268
-0.07200002670288086 -0.41999995708465576 2.9600000381469727
0.8340001106262207 -0.5220000147819519 2.4800000190734863
0.5759999752044678 -0.6240000128746033 2.552000045776367
-0.2999999523162842 -0.12000000476837158 3.1040000915527344
1.0320000648498535 -0.37199997901916504 2.450000047683716
-0.04799997806549072 -0.34800004959106445 3.049999952316284
-0.07200002670288086 -0.4440000057220459 2.930000066757202
-0.8460000157356262 0.17400002479553223 2.4260001182556152
1.0260000228881836 -0.37800002098083496 2.450000047683716
-0.8219999670982361 0.13199996948242188 2.503999948501587
0.2640000581741333 0.156000018119812 1.1779999732971191
-0.8700000047683716 0.24600005149841309 2.2820000648498535
0.0 0.08399999141693115 1.2260000705718994
-0.593999981880188 0.6480000019073486 1.555999994277954
-0.8700000047683716 0.33000004291534424 2.125999927520752
-0.75 0.5280001163482666 1.7540000677108765
0.2760000228881836 0.156000018119812 1.1779999732971191
0.11399996280670166 -0.5699999928474426 2.803999900817871
0.630000114440918 0.14400005340576172 1.25
-0.3960000276565552 -0.2999999523162842 1.687999963760376
-0.7199999690055847 0.024000048637390137 2.7079999446868896
1.2360000610351562 -0.09599995613098145 2.450000047683716
-0.28199994564056396 -0.10199999809265137 3.128000020980835
1.0499999523162842 -0.36000001430511475 2.4260001182556152
-0.49800002574920654 -0.07799994945526123 2.9660000801086426
-0.8159999847412109 0.1260000467300415 2.5280001163482666
-0.7979999780654907 0.09599995613098145 2.564000129699707
-0.75 0.04799997806549072 2.6600000858306885
0.48000001907348633 0.156000018119812 1.2020000219345093
0.9539999961853027 -0.4440000057220459 2.450000047683716
0.30000007152557373 0.156000018119812 1.1779999732971191
-0.8700000047683716 0.24000000953674316 2.3000001907348633
0.25199997425079346 0.1499999761581421 1.1779999732971191
0.07800006866455078 0.10800004005432129 1.2020000219345093
0.33000004291534424 0.16200006008148193 1.1779999732971191
-0.054000020027160645 -0.3359999656677246 3.062000036239624
1.0799999237060547 -0.3240000009536743 2.450000047683716
0.2760000228881836 0.1499999761581421 1.1779999732971191
-0.7979999780654907 0.4739999771118164 1.843999981880188
0.029999971389770508 0.09599995613098145 1.2139999866485596
-0.8219999670982361 0.4440000057220459 1.9040000438690186
1.1760001182556152 -0.16199994087219238 2.552000045776367
0.25199997425079346 -0.6179999709129333 2.7260000705718994
0.5039999485015869 0.33000004291534424 1.1779999732971191
-0.23399996757507324 -0.1499999761581421 3.128000020980835
0.4140000343322754 -0.6480000019073486 2.611999988555908
0.24600005149841309 -0.6240000128746033 2.7139999866485596
-0.8700000047683716 0.34200000762939453 2.1019999980926514
0.5999999046325684 -0.6240000128746033 2.5339999198913574
-0.2999999523162842 -0.1260000467300415 3.1040000915527344
-0.1499999761581421 0.024000048637390137 1.2920000553131104
1.1459999084472656 -0.1979999542236328 2.5759999752044678
-0.07200002670288086 -0.37199997901916504 3.0199999809265137
-0.37199997901916504 -0.12000000476837158 3.055999994277954
0.10199999809265137 -0.5579999685287476 2.828000068664551
0.4259999990463257 -0.6480000019073486 2.6059999465942383
0.7980000972747803 -0.5460000038146973 2.4860000610351562
0.22800004482269287 0.14400005340576172 1.1779999732971191
0.437999963760376 -0.6480000019073486 2.5999999046325684
0.1679999828338623 -0.5999999642372131 2.76200008392334
-0.8460000157356262 0.4020000696182251 1.9760000705718994
0.9179999828338623 -0.4739999771118164 2.4559998512268066
-0.07200002670288086 0.060000061988830566 1.25
1.0859999656677246 -0.3240000009536743 2.432000160217285
0.20399999618530273 0.14400005340576172 1.1779999732971191
0.06599998474121094 -0.5460000038146973 2.8399999141693115
0.3539999723434448 0.16200006008148193 1.1779999732971191
-0.7199999690055847 0.5580000877380371 1.7000000476837158
-0.8219999670982361 0.4440000057220459 1.8980000019073486
0.5759999752044678 0.1499999761581421 1.2260000705718994
-0.04799997806549072 -0.3539999723434448 3.049999952316284
0.5280001163482666 -0.6359999775886536 2.5759999752044678
0.2760000228881836 -0.6299999952316284 2.7019999027252197
-0.8700000047683716 0.22800004482269287 2.3299999237060547
-0.5640000104904175 -0.054000020027160645 2.9119999408721924
-0.527999997138977 -0.04799997806549072 2.9600000381469727
0.75 -0.5699999928474426 2.503999948501587
1.2420001029968262 -0.09599995613098145 2.444000005722046
0.37800002098083496 0.1679999828338623 1.1779999732971191
0.8459999561309814 -0.5220000147819519 2.4739999771118164
0.38999998569488525 -0.6480000019073486 2.630000114440918
0.4919999837875366 0.1499999761581421 1.2020000219345093
-0.07799994945526123 -0.4440000057220459 2.936000108718872
0.3359999656677246 -0.6480000019073486 2.6480000019073486
-0.06599998474121094 -0.37199997901916504 3.0260000228881836
0.46800005435943604 -0.6480000019073486 2.5880000591278076
-0.671999990940094 0.5999999046325684 1.6340000629425049
0.8880000114440918 -0.49800002574920654 2.4559998512268066
1.002000093460083 -0.40799999237060547 2.450000047683716
-0.8700000047683716 0.34800004959106445 2.0840001106262207
0.36000001430511475 -0.6480000019073486 2.6419999599456787
1.1400001049041748 -0.22200000286102295 2.552000045776367
0.054000020027160645 0.10800004005432129 1.2020000219345093
-0.6240000128746033 0.6359999179840088 1.5800000429153442
0.48600006103515625 -0.6480000019073486 2.5759999752044678
-0.8700000047683716 0.22200000286102295 2.3359999656677246
-0.023999929428100586 0.08399999141693115 1.2260000705718994
-0.37199997901916504 -0.1260000467300415 3.055999994277954
-0.4320000410079956 -0.26999998092651367 1.6820000410079956
-0.7979999780654907 0.09000003337860107 2.5759999752044678
-0.5999999642372131 0.6540000438690186 1.555999994277954
-0.8700000047683716 0.3539999723434448 2.078000068664551
1.1100001335144043 -0.2999999523162842 2.432000160217285
1.0199999809265137 -0.3960000276565552 2.432000160217285
-0.8460000157356262 0.16200006008148193 2.450000047683716
0.18000006675720215 0.1380000114440918 1.1779999732971191
0.5039999485015869 0.156000018119812 1.2020000219345093
-0.38999998569488525 -0.3240000009536743 1.7000000476837158
0.10199999809265137 0.12000000476837158 1.190000057220459
0.4020000696182251 -0.6480000019073486 2.630000114440918
0.49800002574920654 -0.6480000019073486 2.569999933242798
0.33000004291534424 -0.6480000019073486 2.6540000438690186
-0.4440000057220459 -0.10800004005432129 3.008000135421753
-0.34800004959106445 -0.12000000476837158 3.0799999237060547
-0.7739999890327454 0.06599998474121094 2.630000114440918
0.4500000476837158 -0.6480000019073486 2.6059999465942383
-0.5460000038146973 -0.06599998474121094 2.930000066757202
-0.41999995708465576 -0.11399996280670166 3.0260000228881836
-0.07200002670288086 -0.4620000123977661 2.9179999828338623
-0.07200002670288086 -0.37800002098083496 3.0199999809265137
-0.5220000147819519 -0.07200002670288086 2.9539999961853027
1.2000000476837158 -0.14399993419647217 2.5280001163482666
0.25199997425079346 0.1499999761581421 1.1719999313354492
0.6180000305175781 -0.6240000128746033 2.5280001163482666
-0.5699999928474426 0.6719999313354492 1.5260000228881836
-0.4440000057220459 -0.2760000228881836 1.7000000476837158
-0.6480000019073486 0.624000072479248 1.6039999723434448
-0.04799997806549072 -0.4440000057220459 2.9539999961853027
0.0 -0.49800002574920654 2.9000000953674316
0.22800004482269287 -0.6240000128746033 2.7260000705718994
0.809999942779541 -0.5460000038146973 2.4800000190734863
0.5039999485015869 0.1499999761581421 1.2020000219345093
0.5280001163482666 0.1499999761581421 1.2079999446868896
-0.5579999685287476 -0.04799997806549072 2.930000066757202
0.156000018119812 0.1380000114440918 1.1779999732971191
0.3179999589920044 -0.6480000019073486 2.6600000858306885
-0.07799994945526123 -0.4140000343322754 2.9779999256134033
0.21599996089935303 -0.6240000128746033 2.7260000705718994
0.4020000696182251 0.1679999828338623 1.1779999732971191
-0.6959999799728394 -0.006000041961669922 2.75
0.029999971389770508 -0.5220000147819519 2.875999927520752
-0.8219999670982361 0.12000000476837158 2.5280001163482666
0.09599995613098145 -0.5699999928474426 2.815999984741211
0.9960000514984131 -0.41999995708465576 2.437999963760376
0.5520000457763672 0.1499999761581421 1.2139999866485596
1.2420001029968262 -0.10199999809265137 2.450000047683716
0.6960000991821289 -0.5999999642372131 2.503999948501587
-0.6480000019073486 0.630000114440918 1.6039999723434448
-0.4500000476837158 -0.07799994945526123 3.0260000228881836
0.3539999723434448 -0.6480000019073486 2.6540000438690186
0.6540000438690186 0.14400005340576172 1.25
1.128000020980835 -0.26999998092651367 2.4800000190734863
-0.8700000047683716 0.21000003814697266 2.3540000915527344
-0.054000020027160645 -0.4440000057220459 2.9539999961853027
0.8519999980926514 -0.5220000147819519 2.4800000190734863
-0.1499999761581421 0.03600001335144043 1.2799999713897705
1.1519999504089355 -0.1979999542236328 2.5820000171661377
0.5160000324249268 -0.6480000019073486 2.564000129699707
-0.7739999890327454 0.5099999904632568 1.777999997138977
-0.75 0.04200005531311035 2.677999973297119
-0.7979999780654907 0.48600006103515625 1.8259999752044678
1.1459999084472656 -0.21000003814697266 2.5759999752044678
0.5759999752044678 0.1499999761581421 1.2200000286102295
0.1260000467300415 -0.5820000171661377 2.803999900817871
0.5039999485015869 -0.6480000019073486 2.5759999752044678
-0.671999990940094 0.6059999465942383 1.628000020980835
0.8159999847412109 -0.5460000038146973 2.4739999771118164
0.9300000667572021 -0.4739999771118164 2.450000047683716
-0.8460000157356262 0.4200000762939453 1.9520000219345093
-0.04799997806549072 0.07200002670288086 1.2319999933242798
-0.5220000147819519 -0.07799994945526123 2.9539999961853027
-0.8700000047683716 0.36600005626678467 2.053999900817871
-0.22200000286102295 -0.1380000114440918 3.1519999504089355
0.75 -0.5759999752044678 2.503999948501587
-0.156000018119812 0.024000048637390137 1.2860000133514404
0.4259999990463257 0.17400002479553223 1.1779999732971191
-0.3240000009536743 -0.1260000467300415 3.0980000495910645
-0.8219999670982361 0.4559999704360962 1.8799999952316284
0.14400005340576172 -0.5999999642372131 2.7739999294281006
-0.4440000057220459 -0.07200002670288086 3.0380001068115234
-0.09599995613098145 0.060000061988830566 1.25
-0.07200002670288086 -0.41999995708465576 2.9779999256134033
0.2940000295639038 -0.6480000019073486 2.671999931335449
1.0740001201629639 -0.34800004959106445 2.432000160217285
0.9720001220703125 -0.4440000057220459 2.437999963760376
-0.023999929428100586 -0.4739999771118164 2.930000066757202
0.5759999752044678 -0.6359999775886536 2.552000045776367
0.7019999027252197 -0.5999999642372131 2.503999948501587
-0.12000000476837158 0.04799997806549072 1.2620000839233398
-0.6480000019073486 0.624000072479248 1.5980000495910645
0.04200005531311035 0.4320000410079956 1.1540000438690186
0.9000000953674316 -0.49800002574920654 2.450000047683716
1.0859999656677246 -0.3240000009536743 2.4800000190734863
0.630000114440918 -0.6240000128746033 2.5280001163482666
0.029999971389770508 0.10199999809265137 1.2020000219345093
-0.5220000147819519 -0.04799997806549072 2.9779999256134033
0.8640000820159912 -0.5220000147819519 2.4559998512268066
-0.38999998569488525 -0.1260000467300415 3.049999952316284
0.054000020027160645 -0.5460000038146973 2.8519999980926514
-0.018000006675720215 -0.49800002574920654 2.9000000953674316
-0.3240000009536743 -0.12000000476837158 3.1040000915527344
-0.7199999690055847 0.011999964714050293 2.7260000705718994
-0.8460000157356262 0.1499999761581421 2.4679999351501465
0.9779999256134033 -0.437999963760376 2.450000047683716
0.156000018119812 -0.5999999642372131 2.7799999713897705
0.5280001163482666 0.156000018119812 1.2020000219345093
0.1260000467300415 0.13199996948242188 1.1779999732971191
0.7739999294281006 -0.5699999928474426 2.4860000610351562
0.7079999446868896 -0.5999999642372131 2.498000144958496
0.5399999618530273 -0.6480000019073486 2.552000045776367
-0.312000036239624 -0.09599995613098145 3.128000020980835
0.2820000648498535 -0.6480000019073486 2.677999973297119
-0.34200000762939453 -0.10199999809265137 3.1040000915527344
0.20399999618530273 -0.6179999709129333 2.75
-0.8700000047683716 0.19800007343292236 2.371999979019165
1.128000020980835 -0.2760000228881836 2.4800000190734863
0.04799997806549072 -0.5460000038146973 2.8519999980926514
-0.75 0.5399999618530273 1.7300000190734863
-0.34800004959106445 -0.09599995613098145 3.1040000915527344
-0.6959999799728394 0.5880000591278076 1.6519999504089355
0.6059999465942383 0.1499999761581421 1.2260000705718994
0.30000007152557373 -0.6480000019073486 2.677999973297119
-0.8700000047683716 0.19800007343292236 2.378000020980835
-0.36000001430511475 -0.12000000476837158 3.0799999237060547
0.22800004482269287 0.1499999761581421 1.1660000085830688
-0.04799997806549072 -0.4739999771118164 2.9240000247955322
-0.6539999842643738 0.630000114440918 1.6039999723434448
1.0740001201629639 -0.34800004959106445 2.450000047683716
-0.04799997806549072 0.07800006866455078 1.2260000705718994
-0.5099999904632568 -0.054000020027160645 2.990000009536743
0.1380000114440918 -0.5999999642372131 2.7799999713897705
-0.06599998474121094 -0.38399994373321533 3.0260000228881836
-0.49800002574920654 -0.09000003337860107 2.9779999256134033
-0.3960000276565552 -0.33000004291534424 1.7000000476837158
1.0799999237060547 -0.34200000762939453 2.450000047683716
-0.1799999475479126 -0.3240000009536743 3.0320000648498535
0.018000006675720215 -0.5220000147819519 2.881999969482422
0.5039999485015869 0.33000004291534424 1.1660000085830688
-0.34800004959106445 -0.1260000467300415 3.0859999656677246
0.2640000581741333 -0.6480000019073486 2.684000015258789
0.6540000438690186 -0.6179999709129333 2.5280001163482666
-0.8700000047683716 0.37800002098083496 2.0299999713897705
1.0799999237060547 -0.34800004959106445 2.4260001182556152
0.3539999723434448 -0.6539999842643738 2.6540000438690186
-0.8700000047683716 0.37199997901916504 2.0299999713897705
0.024000048637390137 0.4440000057220459 1.1540000438690186
1.062000036239624 -0.36000001430511475 2.4619998931884766
0.6480000019073486 -0.6240000128746033 2.5160000324249268
-0.7919999957084656 0.5039999485015869 1.8020000457763672
1.1459999084472656 -0.22800004482269287 2.558000087738037
-0.8460000157356262 0.4200000762939453 1.934000015258789
0.9539999961853027 -0.4620000123977661 2.450000047683716
1.0859999656677246 -0.33000004291534424 2.4800000190734863
-0.8460000157356262 0.14400005340576172 2.4800000190734863
0.630000114440918 0.1499999761581421 1.2319999933242798
0.5520000457763672 -0.6480000019073486 2.552000045776367
0.6180000305175781 0.156000018119812 1.2260000705718994
0.7260000705718994 -0.593999981880188 2.503999948501587
-0.16199994087219238 0.029999971389770508 1.2799999713897705
-0.6840000152587891 -0.018000006675720215 2.7799999713897705
1.2360000610351562 -0.10800004005432129 2.503999948501587
-0.26399993896484375 -0.1499999761581421 3.128000020980835
-0.07799994945526123 -0.4440000057220459 2.9539999961853027
-0.3960000276565552 -0.3240000009536743 1.687999963760376
-0.7979999780654907 0.08399999141693115 2.6059999465942383
0.4259999990463257 0.17400002479553223 1.1719999313354492
-0.4739999771118164 -0.09599995613098145 3.002000093460083
0.018000006675720215 0.4500000476837158 1.1540000438690186
-0.8819999694824219 0.22800004482269287 2.3299999237060547
-0.3960000276565552 -0.12000000476837158 3.055999994277954
1.1040000915527344 -0.3240000009536743 2.4260001182556152
-0.7680000066757202 0.5280001163482666 1.7540000677108765
0.10199999809265137 0.1260000467300415 1.1779999732971191
0.07800006866455078 -0.5699999928474426 2.828000068664551
0.7860000133514404 -0.5699999928474426 2.4800000190734863
0.18000006675720215 -0.6240000128746033 2.74399995803833
-0.04799997806549072 -0.4739999771118164 2.930000066757202
-0.07799994945526123 -0.4679999351501465 2.9240000247955322
0.48600006103515625 0.3179999589920044 1.1600000858306885
0.630000114440918 -0.6299999952316284 2.5280001163482666
0.8280000686645508 -0.5460000038146973 2.4800000190734863
-0.8460000157356262 0.4259999990463257 1.9279999732971191
-0.8219999670982361 0.10800004005432129 2.552000045776367
0.875999927520752 -0.5220000147819519 2.450000047683716
-0.5339999794960022 -0.0419999361038208 2.9779999256134033
0.0 0.10199999809265137 1.2020000219345093
0.5699999332427979 -0.6480000019073486 2.5399999618530273
1.062000036239624 -0.37199997901916504 2.4260001182556152
-0.7199999690055847 0.5699999332427979 1.6759999990463257
0.029999971389770508 0.1679999828338623 1.1779999732971191
1.121999979019165 -0.2999999523162842 2.450000047683716
-0.8700000047683716 0.18599998950958252 2.4019999504089355
-0.4500000476837158 -0.07200002670288086 3.0439999103546143
1.1340000629425049 -0.26999998092651367 2.503999948501587
0.5520000457763672 0.156000018119812 1.2020000219345093
0.6540000438690186 0.1499999761581421 1.2380000352859497
0.4020000696182251 0.17400002479553223 1.1660000085830688
0.49800002574920654 0.33000004291534424 1.1600000858306885
-0.7739999890327454 0.054000020027160645 2.6540000438690186
-0.7199999690055847 0.5759999752044678 1.6759999990463257
0.22800004482269287 -0.6359999775886536 2.7260000705718994
-0.4559999704360962 -0.1260000467300415 3.002000093460083
1.2000000476837158 -0.156000018119812 2.552000045776367
-0.006000041961669922 0.10199999809265137 1.2020000219345093
0.9479999542236328 -0.4739999771118164 2.437999963760376
-0.5399999618530273 -0.054000020027160645 2.9660000801086426
1.253999948501587 -0.10199999809265137 2.450000047683716
-0.5460000038146973 -0.07799994945526123 2.941999912261963
0.0 0.09599995613098145 1.2020000219345093
0.18000006675720215 -0.6240000128746033 2.75
-0.03600001335144043 -0.49800002574920654 2.9060001373291016
0.630000114440918 0.156000018119812 1.2260000705718994
-0.4440000057220459 -0.08399999141693115 3.0439999103546143
0.20399999618530273 0.1499999761581421 1.1600000858306885
0.07800006866455078 0.1260000467300415 1.1779999732971191
-0.07200002670288086 0.07800006866455078 1.2260000705718994
0.8399999141693115 -0.5460000038146973 2.4619998931884766
-0.12000000476837158 0.054000020027160645 1.25
-0.7979999780654907 0.49800002574920654 1.8020000457763672
0.4259999990463257 -0.6660000085830688 2.6059999465942383
0.1679999828338623 -0.6240000128746033 2.75
0.4739999771118164 0.1679999828338623 1.1779999732971191
-0.3240000009536743 -0.1380000114440918 3.1040000915527344
-0.41999995708465576 -0.2999999523162842 1.6759999990463257
-0.40799999237060547 -0.33000004291534424 1.7000000476837158
0.24000000953674316 -0.6480000019073486 2.7019999027252197
0.25199997425079346 -0.6480000019073486 2.7019999027252197
0.4739999771118164 0.312000036239624 1.1540000438690186
0.12000000476837158 -0.5999999642372131 2.7920000553131104
-0.8700000047683716 0.38999998569488525 2.0
0.1260000467300415 0.19800007343292236 1.1540000438690186
-0.4919999837875366 -0.11399996280670166 2.9779999256134033
-0.7199999690055847 0.5699999332427979 1.6699999570846558
1.1519999504089355 -0.22200000286102295 2.5759999752044678
-0.7739999890327454 0.5220000743865967 1.7540000677108765
0.2760000228881836 0.1679999828338623 1.1540000438690186
0.37800002098083496 0.17400002479553223 1.1600000858306885
0.6719999313354492 -0.6240000128746033 2.503999948501587
1.068000078201294 -0.37199997901916504 2.4200000762939453
0.07800006866455078 0.12000000476837158 1.1779999732971191
0.7980000972747803 -0.5699999928474426 2.4739999771118164
-0.8219999670982361 0.46800005435943604 1.850000023841858
-0.07799994945526123 0.07800006866455078 1.2260000705718994
0.06599998474121094 0.1260000467300415 1.1779999732971191
1.128000020980835 -0.2940000295639038 2.4679999351501465
-0.07200002670288086 0.07200002670288086 1.2260000705718994
1.2360000610351562 -0.1260000467300415 2.492000102996826
-0.40799999237060547 -0.1260000467300415 3.049999952316284
1.2300000190734863 -0.13199996948242188 2.503999948501587
1.1340000629425049 -0.2760000228881836 2.503999948501587
0.054000020027160645 -0.5579999685287476 2.8519999980926514
1.0439999103546143 -0.3960000276565552 2.4260001182556152
1.2420001029968262 -0.12000000476837158 2.4800000190734863
0.5940001010894775 -0.6480000019073486 2.5280001163482666
-0.3960000276565552 -0.13199996948242188 3.055999994277954
0.30000007152557373 0.1679999828338623 1.1540000438690186
0.25199997425079346 0.16200006008148193 1.1540000438690186
-0.6179999709129333 0.6480000019073486 1.5499999523162842
-0.75 0.029999971389770508 2.7019999027252197
-0.75 0.5460000038146973 1.7120000123977661
0.060000061988830566 -0.5699999928474426 2.8340001106262207
-0.7739999890327454 0.04799997806549072 2.6600000858306885
1.2060000896453857 -0.156000018119812 2.5460000038146973
-0.25199997425079346 -0.156000018119812 3.140000104904175
-0.7979999780654907 0.49800002574920654 1.7960000038146973
0.33000004291534424 0.17400002479553223 1.1540000438690186
0.7379999160766602 -0.5999999642372131 2.4860000610351562
0.437999963760376 -0.671999990940094 2.5880000591278076
-0.8700000047683716 0.17400002479553223 2.4200000762939453
1.0199999809265137 -0.41999995708465576 2.4260001182556152
1.0980000495910645 -0.34200000762939453 2.4200000762939453
-0.6240000128746033 0.6480000019073486 1.555999994277954
-0.8460000157356262 0.13199996948242188 2.503999948501587
0.40799999237060547 -0.671999990940094 2.6059999465942383
0.4200000762939453 -0.671999990940094 2.5999999046325684
0.3960000276565552 -0.671999990940094 2.611999988555908
-0.7979999780654907 0.07200002670288086 2.618000030517578
-0.07200002670288086 -0.4739999771118164 2.930000066757202
-0.5759999752044678 -0.07799994945526123 2.9119999408721924
0.024000048637390137 -0.5460000038146973 2.864000082015991
0.029999971389770508 -0.5399999618530273 2.875999927520752
-0.011999964714050293 -0.5220000147819519 2.888000011444092
0.6779999732971191 -0.6240000128746033 2.503999948501587
-0.8219999670982361 0.09599995613098145 2.564000129699707
-0.593999981880188 0.6660001277923584 1.5260000228881836
0.9240000247955322 -0.49800002574920654 2.437999963760376
0.22800004482269287 0.156000018119812 1.1540000438690186
0.5759999752044678 0.16200006008148193 1.2020000219345093
-0.8700000047683716 0.3960000276565552 1.9880000352859497
-0.7260000109672546 0.5759999752044678 1.6759999990463257
-0.527999997138977 -0.10800004005432129 2.947999954223633
0.36000001430511475 0.18000006675720215 1.1540000438690186
-0.8880000114440918 0.3539999723434448 2.078000068664551
0.48600006103515625 0.16200006008148193 1.1779999732971191
0.9300000667572021 -0.4919999837875366 2.450000047683716
0.10800004005432129 0.19200003147125244 1.1540000438690186
-0.8399999737739563 0.12000000476837158 2.5220000743865967
-0.6240000128746033 0.6540000438690186 1.555999994277954
1.187999963760376 -0.17400002479553223 2.5759999752044678
-0.4440000057220459 -0.12000000476837158 3.0260000228881836
-0.8939999938011169 0.33000004291534424 2.125999927520752
-0.75 0.024000048637390137 2.7019999027252197
-0.6480000019073486 0.6359999179840088 1.5800000429153442
0.20399999618530273 0.156000018119812 1.1540000438690186
-0.24599993228912354 -0.156000018119812 3.1459999084472656
0.30000007152557373 -0.6599999666213989 2.677999973297119
0.3539999723434448 0.17400002479553223 1.1540000438690186
-0.8460000157356262 0.437999963760376 1.9040000438690186
-0.023999929428100586 0.09599995613098145 1.2020000219345093
-0.8700000047683716 0.1679999828338623 2.4260001182556152
0.9960000514984131 -0.4440000057220459 2.4260001182556152
0.46800005435943604 -0.671999990940094 2.5759999752044678
-0.07799994945526123 -0.4739999771118164 2.930000066757202
0.36600005626678467 -0.671999990940094 2.630000114440918
0.054000020027160645 0.12000000476837158 1.1779999732971191
0.0 0.16200006008148193 1.1779999732971191
0.18000006675720215 0.156000018119812 1.1540000438690186
1.0499999523162842 -0.3960000276565552 2.4200000762939453
-0.40199995040893555 -0.13199996948242188 3.055999994277954
-0.06599998474121094 -0.37199997901916504 3.055999994277954
0.8039999008178711 -0.5699999928474426 2.4800000190734863
0.029999971389770508 0.4440000057220459 1.1419999599456787
0.33000004291534424 -0.671999990940094 2.6419999599456787
0.8940000534057617 -0.5220000147819519 2.437999963760376
-0.671999990940094 0.6180000305175781 1.6039999723434448
0.029999971389770508 0.4500000476837158 1.1419999599456787
1.1640000343322754 -0.1979999542236328 2.6059999465942383
0.6059999465942383 -0.6480000019073486 2.5280001163482666
0.17400002479553223 0.156000018119812 1.1540000438690186
0.21000003814697266 -0.6480000019073486 2.7139999866485596
0.37800002098083496 0.18000006675720215 1.1540000438690186
-0.1799999475479126 -0.3539999723434448 3.0199999809265137
-0.33000004291534424 -0.09599995613098145 3.134000062942505
-0.7199999690055847 0.0 2.75
-0.04799997806549072 -0.4679999351501465 2.9539999961853027
-0.5640000104904175 -0.04799997806549072 2.9539999961853027
0.25199997425079346 -0.6539999842643738 2.7019999027252197
0.7260000705718994 -0.6060000061988831 2.503999948501587
0.37800002098083496 -0.671999990940094 2.630000114440918
-0.8219999670982361 0.4739999771118164 1.8380000591278076
-0.5699999928474426 -0.07200002670288086 2.930000066757202
0.5039999485015869 0.1679999828338623 1.1779999732971191
-0.8700000047683716 0.4020000696182251 1.9760000705718994
-0.8999999761581421 0.2879999876022339 2.2039999961853027
0.75 -0.5999999642372131 2.4800000190734863
0.18000006675720215 0.1499999761581421 1.1540000438690186
-0.8999999761581421 0.2760000228881836 2.2280001640319824
0.690000057220459 -0.6240000128746033 2.498000144958496
1.0260000228881836 -0.41999995708465576 2.4260001182556152
0.14400005340576172 -0.6240000128746033 2.76200008392334
0.3240000009536743 -0.671999990940094 2.6480000019073486
-0.8999999761581421 0.30000007152557373 2.180000066757202
-0.4739999771118164 -0.12000000476837158 3.002000093460083
0.48000001907348633 -0.671999990940094 2.5759999752044678
0.0 -0.5220000147819519 2.9000000953674316
-0.8999999761581421 0.26999998092651367 2.2339999675750732
-0.17400002479553223 -0.34800004959106445 3.0320000648498535
-0.4320000410079956 -0.2999999523162842 1.6759999990463257
-0.054000020027160645 -0.4679999351501465 2.9539999961853027
-0.8999999761581421 0.2640000581741333 2.251999855041504
-0.8999999761581421 0.2940000295639038 2.180000066757202
-0.5220000147819519 -0.10199999809265137 2.9660000801086426
0.49800002574920654 -0.671999990940094 2.564000129699707
0.3059999942779541 -0.671999990940094 2.6540000438690186
-0.48000001907348633 -0.11399996280670166 3.002000093460083
-0.8219999670982361 0.09000003337860107 2.5759999752044678
-0.6959999799728394 0.5999999046325684 1.628000020980835
-0.515999972820282 -0.09599995613098145 2.9779999256134033
-0.37199997901916504 -0.1380000114440918 3.0799999237060547
0.04200005531311035 -0.5699999928474426 2.8399999141693115
0.156000018119812 0.1499999761581421 1.1540000438690186
0.10199999809265137 -0.5999999642372131 2.803999900817871
0.33000004291534424 0.17400002479553223 1.1480000019073486
0.9660000801086426 -0.4739999771118164 2.4260001182556152
-0.6299999952316284 0.6540000438690186 1.555999994277954
1.002000093460083 -0.4440000057220459 2.4260001182556152
-0.09599995613098145 0.07200002670288086 1.2260000705718994
-0.7979999780654907 0.06599998474121094 2.630000114440918
-0.5339999794960022 -0.10199999809265137 2.9539999961853027
-0.07799994945526123 -0.4320000410079956 2.990000009536743
0.4020000696182251 0.18000006675720215 1.1540000438690186
-0.8999999761581421 0.312000036239624 2.1500000953674316
1.1760001182556152 -0.18599998950958252 2.6059999465942383
0.624000072479248 -0.6480000019073486 2.5160000324249268
-0.75 0.5520000457763672 1.7000000476837158
-0.8999999761581421 0.25199997425079346 2.2760000228881836
-0.5699999928474426 -0.07799994945526123 2.930000066757202
0.48600006103515625 0.312000036239624 1.1480000019073486
0.5099999904632568 -0.671999990940094 2.558000087738037
-0.6959999799728394 0.6059999465942383 1.628000020980835
0.07800006866455078 0.18599998950958252 1.1540000438690186
-0.011999964714050293 0.156000018119812 1.1779999732971191
-0.8700000047683716 0.16200006008148193 2.450000047683716
0.33000004291534424 -0.671999990940094 2.6540000438690186
-0.06599998474121094 -0.37800002098083496 3.055999994277954
-0.1799999475479126 -0.34800004959106445 3.0320000648498535
-0.1499999761581421 0.054000020027160645 1.25
1.2660000324249268 -0.09599995613098145 2.4679999351501465
0.19800007343292236 0.21599996089935303 1.1359999179840088
-0.41999995708465576 -0.12000000476837158 3.055999994277954
-0.8999999761581421 0.24600005149841309 2.2820000648498535
-0.5399999618530273 -0.09599995613098145 2.9539999961853027
-0.5399999618530273 -0.054000020027160645 2.9839999675750732
-0.515999972820282 -0.06599998474121094 3.002000093460083
1.128000020980835 -0.312000036239624 2.450000047683716
0.18000006675720215 -0.6359999775886536 2.75
0.8220000267028809 -0.5699999928474426 2.4559998512268066
-0.023999929428100586 0.09599995613098145 1.1959999799728394
1.055999994277954 -0.3960000276565552 2.4260001182556152
0.4739999771118164 0.17400002479553223 1.1660000085830688
-0.7739999890327454 0.04200005531311035 2.677999973297119
0.20399999618530273 -0.6480000019073486 2.7260000705718994
-0.7199999690055847 -0.006000041961669922 2.75600004196167
-0.8999999761581421 0.3240000009536743 2.125999927520752
-0.8460000157356262 0.4440000057220459 1.8860000371932983
1.0799999237060547 -0.37199997901916504 2.4260001182556152
0.9000000953674316 -0.5220000147819519 2.450000047683716
0.8640000820159912 -0.5460000038146973 2.450000047683716
0.08399999141693115 -0.5999999642372131 2.803999900817871
-0.07200002670288086 -0.4320000410079956 2.996000051498413
-0.2999999523162842 -0.156000018119812 3.121999979019165
0.054000020027160645 0.12000000476837158 1.1719999313354492
1.2179999351501465 -0.1499999761581421 2.552000045776367
0.029999971389770508 0.11399996280670166 1.1779999732971191
-0.8460000157356262 0.12000000476837158 2.5280001163482666
-0.7979999780654907 0.5099999904632568 1.777999997138977
0.4259999990463257 0.18599998950958252 1.1540000438690186
0.19200003147125244 -0.6480000019073486 2.7260000705718994
-0.20399999618530273 -0.3179999589920044 3.049999952316284
-0.2580000162124634 -0.1499999761581421 3.1519999504089355
-0.41999995708465576 -0.312000036239624 1.6699999570846558
-0.8219999670982361 0.48000001907348633 1.8259999752044678
0.2940000295639038 -0.671999990940094 2.6660001277923584
-0.8999999761581421 0.3240000009536743 2.119999885559082
-0.1499999761581421 0.04799997806549072 1.25
0.5280001163482666 -0.671999990940094 2.552000045776367
-0.41999995708465576 -0.3179999589920044 1.6759999990463257
-0.8880000114440918 0.37800002098083496 2.0299999713897705
0.37800002098083496 -0.6779999732971191 2.630000114440918
-0.8999999761581421 0.23399996757507324 2.3000001907348633
1.1040000915527344 -0.34800004959106445 2.4260001182556152
-0.059999942779541016 -0.49800002574920654 2.9179999828338623
0.5280001163482666 0.1679999828338623 1.1779999732971191
0.875999927520752 -0.5399999618530273 2.450000047683716
-0.7199999690055847 0.5820000171661377 1.6519999504089355
-0.4259999990463257 -0.1260000467300415 3.049999952316284
-0.04799997806549072 0.09000003337860107 1.2020000219345093
0.06599998474121094 0.18000006675720215 1.1540000438690186
-0.2999999523162842 -0.1499999761581421 3.128000020980835
0.07800006866455078 -0.5879999995231628 2.828000068664551
0.5039999485015869 -0.671999990940094 2.5759999752044678
1.253999948501587 -0.12000000476837158 2.4800000190734863
-0.09000003337860107 0.13199996948242188 1.2020000219345093
0.30000007152557373 0.17400002479553223 1.1419999599456787
0.1260000467300415 0.14400005340576172 1.1540000438690186
-0.5820000171661377 -0.06599998474121094 2.930000066757202
0.6059999465942383 0.16200006008148193 1.2020000219345093
-0.023999929428100586 -0.5220000147819519 2.9000000953674316
0.7680001258850098 -0.5999999642372131 2.4679999351501465
-0.5879999995231628 -0.07200002670288086 2.9179999828338623
-0.34800004959106445 -0.1380000114440918 3.1040000915527344
1.2300000190734863 -0.14399993419647217 2.5280001163482666
0.7019999027252197 -0.6240000128746033 2.503999948501587
-0.906000018119812 0.2760000228881836 2.2280001640319824
-0.8460000157356262 0.4500000476837158 1.8799999952316284
0.024000048637390137 0.4559999704360962 1.1359999179840088
-0.8700000047683716 0.4140000343322754 1.9520000219345093
-0.8999999761581421 0.3359999656677246 2.1019999980926514
-0.906000018119812 0.30000007152557373 2.180000066757202
0.8700001239776611 -0.5460000038146973 2.444000005722046
0.9419999122619629 -0.49800002574920654 2.432000160217285
-0.7739999890327454 0.5339999198913574 1.7300000190734863
0.5399999618530273 -0.671999990940094 2.5460000038146973
-0.6899999976158142 -0.023999929428100586 2.803999900817871
0.6419999599456787 -0.6480000019073486 2.509999990463257
-0.671999990940094 0.624000072479248 1.5920000076293945
-0.0419999361038208 -0.5220000147819519 2.8940000534057617
-0.1499999761581421 0.11399996280670166 1.2260000705718994
1.2000000476837158 -0.17400002479553223 2.5759999752044678
-0.8700000047683716 0.1499999761581421 2.4619998931884766
0.7139999866485596 -0.6240000128746033 2.4860000610351562
1.1579999923706055 -0.23399996757507324 2.5820000171661377
-0.16199994087219238 0.054000020027160645 1.25
-0.437999963760376 -0.3240000009536743 1.7000000476837158
-0.09599995613098145 0.07200002670288086 1.2200000286102295
0.156000018119812 0.1499999761581421 1.1480000019073486
0.0 -0.5460000038146973 2.875999927520752
-0.19200003147125244 -0.3240000009536743 3.055999994277954
0.12000000476837158 -0.6240000128746033 2.7739999294281006
-0.4500000476837158 -0.3179999589920044 1.7059999704360962
-0.19200003147125244 0.054000020027160645 1.2620000839233398
0.5460000038146973 0.34800004959106445 1.1540000438690186
-0.7919999957084656 0.054000020027160645 2.6540000438690186
0.2640000581741333 -0.671999990940094 2.677999973297119
-0.5339999794960022 -0.04799997806549072 3.002000093460083
-0.4259999990463257 -0.312000036239624 1.6699999570846558
-0.029999971389770508 0.1499999761581421 1.1779999732971191
-0.8999999761581421 0.22200000286102295 2.3239998817443848
0.7799999713897705 -0.593999981880188 2.4800000190734863
0.2760000228881836 -0.671999990940094 2.677999973297119
0.4500000476837158 0.18599998950958252 1.1540000438690186
-0.8999999761581421 0.22200000286102295 2.3299999237060547
-0.3059999942779541 -0.1499999761581421 3.128000020980835
-0.20399999618530273 -0.3179999589920044 3.055999994277954
1.194000005722046 -0.1799999475479126 2.5880000591278076
1.1640000343322754 -0.21599996089935303 2.6059999465942383
0.8340001106262207 -0.5699999928474426 2.450000047683716
-0.4259999990463257 -0.3179999589920044 1.6759999990463257
-0.17400002479553223 -0.36000001430511475 3.0320000648498535
-0.04799997806549072 -0.49800002574920654 2.930000066757202
0.9779999256134033 -0.4739999771118164 2.4260001182556152
-0.8999999761581421 0.34800004959106445 2.078000068664551
1.1040000915527344 -0.3539999723434448 2.4260001182556152
0.06599998474121094 -0.5999999642372131 2.809999942779541
-0.4259999990463257 -0.1260000467300415 3.055999994277954
0.1260000467300415 -0.6240000128746033 2.7799999713897705
0.029999971389770508 -0.5699999928474426 2.8519999980926514
0.6540000438690186 -0.6480000019073486 2.503999948501587
-0.3059999942779541 -0.16199994087219238 3.121999979019165
0.10199999809265137 0.1380000114440918 1.1540000438690186
0.6059999465942383 -0.6599999666213989 2.5280001163482666
1.128000020980835 -0.3240000009536743 2.444000005722046
0.0 0.11399996280670166 1.1779999732971191
-0.8999999761581421 0.34800004959106445 2.072000026702881
0.1679999828338623 -0.6480000019073486 2.73799991607666
1.068000078201294 -0.3960000276565552 2.4140000343322754
0.48000001907348633 0.17400002479553223 1.1600000858306885
1.253999948501587 -0.1260000467300415 2.492000102996826
0.5699999332427979 -0.671999990940094 2.5280001163482666
-0.75 0.011999964714050293 2.7260000705718994
0.2760000228881836 0.17400002479553223 1.1359999179840088
-0.5220000147819519 -0.10800004005432129 2.9779999256134033
1.0439999103546143 -0.41999995708465576 2.4140000343322754
0.9179999828338623 -0.5220000147819519 2.4260001182556152
-0.6959999799728394 -0.03600001335144043 2.7920000553131104
-0.12000000476837158 0.06599998474121094 1.2260000705718994
0.7260000705718994 -0.6240000128746033 2.4800000190734863
1.0920000076293945 -0.37199997901916504 2.4140000343322754
0.5520000457763672 -0.671999990940094 2.552000045776367
-0.16199994087219238 0.11399996280670166 1.2260000705718994
-0.2999999523162842 -0.16199994087219238 3.128000020980835
0.5520000457763672 0.1679999828338623 1.1779999732971191
-0.018000006675720215 -0.5460000038146973 2.875999927520752
0.10800004005432129 -0.6240000128746033 2.7799999713897705
-0.04799997806549072 -0.5220000147819519 2.9000000953674316
-0.8700000047683716 0.14400005340576172 2.4800000190734863
-0.07200002670288086 0.09000003337860107 1.2020000219345093
0.1679999828338623 0.21000003814697266 1.1299999952316284
-0.5759999752044678 -0.09000003337860107 2.930000066757202
-0.07799994945526123 -0.4739999771118164 2.9539999961853027
0.23399996757507324 -0.671999990940094 2.690000057220459
0.630000114440918 0.1679999828338623 1.2020000219345093
1.0199999809265137 -0.4440000057220459 2.4140000343322754
0.5759999752044678 -0.671999990940094 2.5280001163482666
-0.10800004005432129 0.1260000467300415 1.2020000219345093
-0.26999998092651367 -0.156000018119812 3.1519999504089355
0.48000001907348633 0.19200003147125244 1.1540000438690186
1.1159999370574951 -0.34800004959106445 2.4140000343322754
-0.8999999761581421 0.20399999618530273 2.3540000915527344
-0.8999999761581421 0.36000001430511475 2.053999900817871
0.6779999732971191 -0.6420000195503235 2.503999948501587
-0.8219999670982361 0.07800006866455078 2.6059999465942383
0.9539999961853027 -0.49800002574920654 2.4260001182556152
-0.8700000047683716 0.4200000762939453 1.9279999732971191
-0.18599998950958252 -0.36000001430511475 3.0320000648498535
-0.8700000047683716 0.4259999990463257 1.9279999732971191
0.07800006866455078 0.1380000114440918 1.1540000438690186
1.2000000476837158 -0.1799999475479126 2.5880000591278076
-0.07799994945526123 -0.49800002574920654 2.9240000247955322
1.0980000495910645 -0.34800004959106445 2.503999948501587
0.8880000114440918 -0.5460000038146973 2.4260001182556152
0.2760000228881836 -0.6779999732971191 2.677999973297119
0.8459999561309814 -0.5699999928474426 2.444000005722046
0.6719999313354492 -0.6480000019073486 2.492000102996826
0.029999971389770508 0.12000000476837158 1.1660000085830688
0.029999971389770508 0.1679999828338623 1.1540000438690186
0.22200000286102295 -0.671999990940094 2.696000099182129
0.006000041961669922 -0.5699999928474426 2.8519999980926514
-0.6480000019073486 0.6480000019073486 1.555999994277954
0.5999999046325684 -0.671999990940094 2.503999948501587
-0.8460000157356262 0.10199999809265137 2.552000045776367
-0.3960000276565552 -0.1380000114440918 3.0799999237060547
0.14400005340576172 0.20399999618530273 1.1299999952316284
-0.4259999990463257 -0.12000000476837158 3.068000078201294
-0.8219999670982361 0.4919999837875366 1.8020000457763672
0.20399999618530273 -0.6599999666213989 2.7260000705718994
-0.527999997138977 -0.10800004005432129 2.9779999256134033
-0.8999999761581421 0.19800007343292236 2.366000175476074
-0.04799997806549072 0.09599995613098145 1.190000057220459
0.7920000553131104 -0.5999999642372131 2.4559998512268066
0.1260000467300415 -0.6299999952316284 2.7799999713897705
0.2580000162124634 0.18000006675720215 1.1299999952316284
0.38999998569488525 -0.6959999799728394 2.5999999046325684
-0.7979999780654907 0.04799997806549072 2.6540000438690186
-0.671999990940094 0.630000114440918 1.5800000429153442
-0.07200002670288086 -0.49800002574920654 2.930000066757202
0.37800002098083496 -0.6959999799728394 2.6059999465942383
0.2760000228881836 0.18000006675720215 1.1299999952316284
0.6540000438690186 -0.6539999842643738 2.503999948501587
-0.17400002479553223 0.04200005531311035 1.25
0.5759999752044678 0.3539999723434448 1.1540000438690186
0.5280001163482666 0.17400002479553223 1.1660000085830688
-0.023999929428100586 -0.5339999794960022 2.9000000953674316
0.5039999485015869 0.17400002479553223 1.1600000858306885
1.253999948501587 -0.13199996948242188 2.503999948501587
-0.7139999866485596 -0.023999929428100586 2.7799999713897705
-0.75 0.564000129699707 1.6759999990463257
-0.7979999780654907 0.5220000743865967 1.7540000677108765
1.2300000190734863 -0.156000018119812 2.5460000038146973
0.4200000762939453 -0.6959999799728394 2.5880000591278076
0.1260000467300415 0.1499999761581421 1.1419999599456787
0.6960000991821289 -0.6480000019073486 2.450000047683716
0.156000018119812 -0.6480000019073486 2.75
-0.4620000123977661 -0.12000000476837158 3.0380001068115234
0.4320000410079956 -0.6959999799728394 2.5820000171661377
0.07200002670288086 0.18000006675720215 1.1419999599456787
0.30000007152557373 0.18000006675720215 1.1299999952316284
0.25199997425079346 0.17400002479553223 1.1299999952316284
-0.7739999890327454 0.029999971389770508 2.7019999027252197
-0.054000020027160645 -0.4500000476837158 3.002000093460083
0.6059999465942383 -0.671999990940094 2.503999948501587
-0.6959999799728394 -0.03600001335144043 2.803999900817871
0.6840000152587891 -0.6480000019073486 2.4800000190734863
1.0799999237060547 -0.38999998569488525 2.4260001182556152
0.22800004482269287 0.17400002479553223 1.1299999952316284
1.055999994277954 -0.4140000343322754 2.4260001182556152
0.37199997901916504 -0.6959999799728394 2.611999988555908
0.22800004482269287 -0.671999990940094 2.7019999027252197
-0.054000020027160645 -0.5220000147819519 2.9060001373291016
0.7260000705718994 -0.6299999952316284 2.4800000190734863
-0.8219999670982361 0.07200002670288086 2.611999988555908
-0.07200002670288086 -0.4440000057220459 3.002000093460083
0.7439999580383301 -0.6240000128746033 2.4679999351501465
-0.26399993896484375 -0.13199996948242188 3.1760001182556152
0.5759999752044678 0.17400002479553223 1.1779999732971191
0.33000004291534424 0.18599998950958252 1.1299999952316284
0.21000003814697266 -0.671999990940094 2.7019999027252197
1.1760001182556152 -0.20399999618530273 2.624000072479248
-0.07799994945526123 -0.49800002574920654 2.930000066757202
-0.5820000171661377 -0.059999942779541016 2.9539999961853027
-0.8460000157356262 0.4620000123977661 1.850000023841858
0.14400005340576172 -0.6480000019073486 2.75
-0.8999999761581421 0.19200003147125244 2.378000020980835
-0.054000020027160645 -0.4559999704360962 2.996000051498413
-0.6959999799728394 0.6119999885559082 1.6039999723434448
-0.023999929428100586 0.10800004005432129 1.1779999732971191
-0.312000036239624 -0.16199994087219238 3.128000020980835
-0.7139999866485596 0.6059999465942383 1.628000020980835
-0.8999999761581421 0.37199997901916504 2.0299999713897705
1.2300000190734863 -0.156000018119812 2.552000045776367
-0.029999971389770508 -0.5460000038146973 2.881999969482422
0.7019999027252197 -0.6480000019073486 2.444000005722046
0.10199999809265137 -0.6179999709129333 2.803999900817871
-0.8460000157356262 0.09599995613098145 2.558000087738037
0.0 -0.5579999685287476 2.875999927520752
0.1260000467300415 0.19800007343292236 1.1299999952316284
0.7019999027252197 -0.6420000195503235 2.4800000190734863
1.0260000228881836 -0.4440000057220459 2.4260001182556152
0.6180000305175781 -0.671999990940094 2.492000102996826
0.8519999980926514 -0.5699999928474426 2.450000047683716
0.9300000667572021 -0.5220000147819519 2.4260001182556152
0.5759999752044678 -0.6779999732971191 2.5280001163482666
-0.6480000019073486 0.6480000019073486 1.5499999523162842
0.20399999618530273 0.1679999828338623 1.1299999952316284
-0.006000041961669922 0.156000018119812 1.1600000858306885
-0.7739999890327454 0.024000048637390137 2.7019999027252197
0.4020000696182251 -0.6959999799728394 2.6059999465942383
0.054000020027160645 0.13199996948242188 1.1540000438690186
-0.059999942779541016 0.1380000114440918 1.1779999732971191
0.630000114440918 -0.6660000085830688 2.503999948501587
0.7019999027252197 -0.6480000019073486 2.450000047683716
-0.7080000042915344 -0.029999971389770508 2.7920000553131104
-0.8999999761581421 0.37199997901916504 2.0240001678466797
-0.7979999780654907 0.5220000743865967 1.7480000257492065
0.4559999704360962 -0.6959999799728394 2.5759999752044678
0.3539999723434448 0.18599998950958252 1.1299999952316284
-0.17400002479553223 0.04799997806549072 1.24399995803833
-0.1799999475479126 -0.41999995708465576 2.9779999256134033
-0.6240000128746033 0.6660001277923584 1.5260000228881836
0.04200005531311035 -0.5999999642372131 2.822000026702881
-0.8700000047683716 0.13199996948242188 2.503999948501587
0.09000003337860107 -0.6240000128746033 2.7920000553131104
0.9960000514984131 -0.4739999771118164 2.4140000343322754
0.46800005435943604 -0.6959999799728394 2.569999933242798
0.18000006675720215 0.1679999828338623 1.1299999952316284
0.34800004959106445 -0.6959999799728394 2.630000114440918
0.630000114440918 -0.671999990940094 2.4800000190734863
-0.4500000476837158 -0.1260000467300415 3.049999952316284
0.6779999732971191 -0.6539999842643738 2.4800000190734863
-0.7919999957084656 0.04200005531311035 2.677999973297119
0.054000020027160645 -0.5999999642372131 2.828000068664551
0.8039999008178711 -0.5999999642372131 2.450000047683716
-0.006000041961669922 -0.5699999928474426 2.8580000400543213
0.3539999723434448 -0.6959999799728394 2.630000114440918
0.6059999465942383 0.17400002479553223 1.184000015258789
1.002000093460083 -0.4679999351501465 2.4260001182556152
0.37800002098083496 0.19200003147125244 1.1299999952316284
0.5220000743865967 0.3359999656677246 1.1359999179840088
-0.3359999656677246 -0.09599995613098145 3.1579999923706055
-0.12000000476837158 0.07200002670288086 1.2139999866485596
1.181999921798706 -0.1979999542236328 2.630000114440918
-0.09599995613098145 0.08399999141693115 1.2020000219345093
0.9000000953674316 -0.5460000038146973 2.4260001182556152
0.5699999332427979 -0.6899999976158142 2.492000102996826
-0.8700000047683716 0.4320000410079956 1.9040000438690186
0.14400005340576172 0.20399999618530273 1.124000072479248
0.3179999589920044 -0.6959999799728394 2.6419999599456787
-0.1499999761581421 0.06599998474121094 1.2260000705718994
0.5220000743865967 -0.6959999799728394 2.5280001163482666
-0.7020000219345093 -0.03600001335144043 2.803999900817871
-0.7199999690055847 0.5999999046325684 1.628000020980835
0.4919999837875366 -0.6959999799728394 2.558000087738037
0.75 -0.6240000128746033 2.4800000190734863
-0.37199997901916504 -0.14399993419647217 3.1040000915527344
-0.5699999928474426 -0.09000003337860107 2.9539999961853027
0.5099999904632568 0.18000006675720215 1.1540000438690186
1.2000000476837158 -0.18599998950958252 2.6059999465942383
0.5520000457763672 0.17400002479553223 1.1660000085830688
0.7620000839233398 -0.6240000128746033 2.450000047683716
1.1700000762939453 -0.22800004482269287 2.611999988555908
-0.8999999761581421 0.18000006675720215 2.4019999504089355
-0.10199999809265137 0.1260000467300415 1.190000057220459
1.1760001182556152 -0.21000003814697266 2.630000114440918
0.19200003147125244 -0.671999990940094 2.7139999866485596
0.630000114440918 0.17400002479553223 1.190000057220459
0.22800004482269287 -0.6779999732971191 2.7019999027252197
0.5460000038146973 -0.6959999799728394 2.503999948501587
0.5280001163482666 -0.6899999976158142 2.552000045776367
0.22800004482269287 0.17400002479553223 1.124000072479248
0.156000018119812 0.16200006008148193 1.1299999952316284
-0.7739999890327454 0.5460000038146973 1.7000000476837158
0.5039999485015869 -0.6959999799728394 2.552000045776367
0.5759999752044678 0.17400002479553223 1.1719999313354492
1.128000020980835 -0.34800004959106445 2.4200000762939453
0.5280001163482666 -0.6959999799728394 2.5280001163482666
0.5999999046325684 0.18000006675720215 1.1779999732971191
0.9539999961853027 -0.5099999904632568 2.4260001182556152
-0.8219999670982361 0.49800002574920654 1.784000039100647
0.9720001220703125 -0.49800002574920654 2.4140000343322754
-0.75 0.5699999332427979 1.6640000343322754
0.0 0.156000018119812 1.1540000438690186
-0.07799994945526123 -0.5220000147819519 2.9060001373291016
0.5520000457763672 -0.6899999976158142 2.5280001163482666
0.9060001373291016 -0.5460000038146973 2.4200000762939453
-0.7739999890327454 0.5520000457763672 1.7000000476837158
0.4020000696182251 0.19200003147125244 1.1299999952316284
0.690000057220459 -0.6599999666213989 2.437999963760376
-0.8939999938011169 0.4020000696182251 1.9760000705718994
0.2879999876022339 -0.6959999799728394 2.6540000438690186
0.48000001907348633 -0.6959999799728394 2.5759999752044678
1.128000020980835 -0.34800004959106445 2.4260001182556152
-0.2999999523162842 -0.1499999761581421 3.1519999504089355
-0.8999999761581421 0.38999998569488525 2.0
0.6480000019073486 -0.671999990940094 2.4679999351501465
-0.4500000476837158 -0.1260000467300415 3.055999994277954
0.5520000457763672 -0.6959999799728394 2.503999948501587
0.30000007152557373 -0.6959999799728394 2.6540000438690186
-0.8219999670982361 0.06599998474121094 2.630000114440918
-0.8460000157356262 0.09000003337860107 2.5759999752044678
0.10199999809265137 0.18000006675720215 1.1299999952316284
0.029999971389770508 -0.5999999642372131 2.828000068664551
-0.6240000128746033 0.6719999313354492 1.5199999809265137
0.029999971389770508 0.1260000467300415 1.1540000438690186
-0.20399999618530273 -0.37199997901916504 3.0260000228881836
0.12000000476837158 -0.6480000019073486 2.76200008392334
0.07200002670288086 -0.6240000128746033 2.7980000972747803
0.6059999465942383 0.18000006675720215 1.1779999732971191
-0.23399996757507324 -0.3179999589920044 3.062000036239624
0.7799999713897705 -0.6179999709129333 2.450000047683716
-0.8999999761581421 0.17400002479553223 2.4140000343322754
-0.37800002098083496 -0.14399993419647217 3.1040000915527344
0.7739999294281006 -0.6240000128746033 2.432000160217285
-0.75 0.0 2.75
-0.9240000247955322 0.2820000648498535 2.2039999961853027
-0.04799997806549072 0.10199999809265137 1.1779999732971191
0.10199999809265137 0.1499999761581421 1.1359999179840088
-0.7199999690055847 0.5999999046325684 1.621999979019165
0.26999998092651367 -0.6959999799728394 2.6600000858306885
-0.9240000247955322 0.26999998092651367 2.2280001640319824
-0.9240000247955322 0.2940000295639038 2.180000066757202
-0.9240000247955322 0.26999998092651367 2.2220001220703125
-0.41999995708465576 -0.13199996948242188 3.0799999237060547
0.4259999990463257 0.19800007343292236 1.1299999952316284
0.09000003337860107 0.18000006675720215 1.1299999952316284
-0.1979999542236328 -0.34800004959106445 3.055999994277954
-0.5759999752044678 -0.09000003337860107 2.9539999961853027
-0.07200002670288086 -0.48000001907348633 2.9720001220703125
-0.8219999670982361 0.5039999485015869 1.777999997138977
-0.9240000247955322 0.2580000162124634 2.251999855041504
0.8700001239776611 -0.5699999928474426 2.437999963760376
0.3539999723434448 -0.7020000219345093 2.630000114440918
0.0 0.12000000476837158 1.1600000858306885
-0.8700000047683716 0.12000000476837158 2.5220000743865967
0.5280001163482666 0.18000006675720215 1.1540000438690186
0.6600000858306885 -0.671999990940094 2.4559998512268066
-0.9240000247955322 0.2940000295639038 2.1679999828338623
0.07800006866455078 -0.6240000128746033 2.803999900817871
-0.3059999942779541 -0.1499999761581421 3.1519999504089355
-0.9240000247955322 0.25199997425079346 2.2760000228881836
-0.1799999475479126 0.04799997806549072 1.2380000352859497
1.008000135421753 -0.4739999771118164 2.4079999923706055
-0.04799997806549072 -0.5399999618530273 2.9000000953674316
0.1260000467300415 0.156000018119812 1.1299999952316284
0.9479999542236328 -0.5220000147819519 2.4079999923706055
0.7799999713897705 -0.6240000128746033 2.4260001182556152
1.253999948501587 -0.14399993419647217 2.5280001163482666
-0.2940000295639038 -0.16199994087219238 3.1519999504089355
-0.9240000247955322 0.3059999942779541 2.1500000953674316
-0.8460000157356262 0.4739999771118164 1.8259999752044678
0.8220000267028809 -0.5999999642372131 2.437999963760376
-0.8460000157356262 0.48000001907348633 1.8259999752044678
-0.07200002670288086 0.09599995613098145 1.184000015258789
0.6180000305175781 -0.6840000152587891 2.4800000190734863
-0.8700000047683716 0.12000000476837158 2.5280001163482666
0.4440000057220459 0.20399999618530273 1.1299999952316284
-0.9240000247955322 0.24600005149841309 2.2760000228881836
-0.14399993419647217 0.11399996280670166 1.2020000219345093
0.18000006675720215 -0.671999990940094 2.7260000705718994
-0.8999999761581421 0.1679999828338623 2.4260001182556152
0.75 -0.6359999775886536 2.450000047683716
1.1159999370574951 -0.37199997901916504 2.4019999504089355
1.0439999103546143 -0.4440000057220459 2.4079999923706055
-0.1979999542236328 0.10199999809265137 1.2260000705718994
-0.7979999780654907 0.5339999198913574 1.7300000190734863
0.1679999828338623 -0.671999990940094 2.7260000705718994
0.9779999256134033 -0.49800002574920654 2.4260001182556152
0.7260000705718994 -0.6480000019073486 2.450000047683716
0.8519999980926514 -0.5820000171661377 2.450000047683716
0.5999999046325684 -0.6899999976158142 2.4860000610351562
0.4500000476837158 0.20399999618530273 1.1299999952316284
0.5039999485015869 -0.7020000219345093 2.552000045776367
0.5039999485015869 0.19800007343292236 1.1419999599456787
-0.9240000247955322 0.3179999589920044 2.125999927520752
0.5520000457763672 -0.7020000219345093 2.498000144958496
0.5039999485015869 -0.7080000042915344 2.5280001163482666
-0.8700000047683716 0.4440000057220459 1.8799999952316284
-0.8700000047683716 0.4500000476837158 1.8799999952316284
0.20399999618530273 0.17400002479553223 1.1180000305175781
0.9839999675750732 -0.49800002574920654 2.4019999504089355
-0.34800004959106445 -0.1499999761581421 3.128000020980835
0.48000001907348633 0.19800007343292236 1.1359999179840088
0.10199999809265137 0.156000018119812 1.1299999952316284
-0.8999999761581421 0.3960000276565552 1.9760000705718994
0.5280001163482666 -0.7080000042915344 2.503999948501587
-0.75 -0.006000041961669922 2.75600004196167
1.2300000190734863 -0.1679999828338623 2.5759999752044678
-0.9240000247955322 0.23399996757507324 2.3000001907348633
0.4500000476837158 0.19800007343292236 1.1299999952316284
0.48000001907348633 -0.7139999866485596 2.5280001163482666
0.5339999198913574 0.33000004291534424 1.1299999952316284
-0.9240000247955322 0.3240000009536743 2.113999843597412
-0.12000000476837158 0.07800006866455078 1.2020000219345093
0.5520000457763672 -0.7020000219345093 2.503999948501587
-0.8159999847412109 0.04799997806549072 2.6480000019073486
-0.07200002670288086 -0.515999972820282 2.930000066757202
1.247999906539917 -0.1499999761581421 2.552000045776367
-0.6959999799728394 0.624000072479248 1.5859999656677246
-0.054000020027160645 -0.5460000038146973 2.8940000534057617
0.054000020027160645 -0.6240000128746033 2.803999900817871
0.4020000696182251 -0.7080000042915344 2.6059999465942383
0.0 0.1260000467300415 1.1540000438690186
0.7079999446868896 -0.6599999666213989 2.437999963760376
0.5759999752044678 -0.6959999799728394 2.503999948501587
0.4739999771118164 -0.7199999690055847 2.509999990463257
0.6480000019073486 -0.6779999732971191 2.4739999771118164
0.011999964714050293 -0.5999999642372131 2.8340001106262207
0.8039999008178711 -0.6119999885559082 2.450000047683716
0.5280001163482666 0.18599998950958252 1.1480000019073486
-0.3359999656677246 -0.156000018119812 3.134000062942505
-0.1979999542236328 -0.3240000009536743 3.0859999656677246
0.7379999160766602 -0.6480000019073486 2.432000160217285
1.0740001201629639 -0.41999995708465576 2.4019999504089355
0.25199997425079346 -0.6959999799728394 2.677999973297119
0.24000000953674316 -0.6959999799728394 2.677999973297119
-0.8880000114440918 0.4259999990463257 1.9279999732971191
0.09599995613098145 0.18000006675720215 1.124000072479248
-0.9240000247955322 0.33000004291534424 2.1019999980926514
1.0980000495910645 -0.3960000276565552 2.4019999504089355
0.018000006675720215 0.156000018119812 1.1419999599456787
-0.75 0.5820000171661377 1.6519999504089355
-0.07200002670288086 0.10199999809265137 1.1779999732971191
0.630000114440918 -0.6840000152587891 2.4800000190734863
-0.22200000286102295 -0.34800004959106445 3.049999952316284
-0.17400002479553223 0.060000061988830566 1.2260000705718994
0.4259999990463257 0.19800007343292236 1.124000072479248
-0.09599995613098145 0.1260000467300415 1.1779999732971191
0.48000001907348633 -0.7199999690055847 2.509999990463257
-0.029999971389770508 -0.5699999928474426 2.870000123977661
0.6779999732971191 -0.671999990940094 2.450000047683716
0.8280000686645508 -0.5999999642372131 2.450000047683716
0.07800006866455078 -0.6299999952316284 2.803999900817871
0.4620000123977661 -0.7199999690055847 2.5280001163482666
-0.9240000247955322 0.22200000286102295 2.317999839782715
-0.20399999618530273 0.09599995613098145 1.2260000705718994
0.5520000457763672 0.18000006675720215 1.1540000438690186
-0.671999990940094 0.6419999599456787 1.555999994277954
0.5699999332427979 0.34200000762939453 1.1359999179840088
0.09599995613098145 -0.6480000019073486 2.7739999294281006
-0.9300000071525574 0.25199997425079346 2.2760000228881836
0.07800006866455078 0.156000018119812 1.1299999952316284
0.6540000438690186 -0.6779999732971191 2.4739999771118164
0.8039999008178711 -0.6179999709129333 2.4260001182556152
0.156000018119812 -0.6660000085830688 2.75
0.22200000286102295 -0.6959999799728394 2.684000015258789
-0.023999929428100586 -0.5699999928474426 2.875999927520752
0.9600000381469727 -0.5220000147819519 2.4019999504089355
-0.8999999761581421 0.156000018119812 2.450000047683716
0.03600001335144043 0.156000018119812 1.1359999179840088
-0.9240000247955322 0.21599996089935303 2.3299999237060547
0.6540000438690186 -0.6779999732971191 2.4800000190734863
0.7980000972747803 -0.6240000128746033 2.4140000343322754
1.1459999084472656 -0.33000004291534424 2.4800000190734863
-0.1799999475479126 -0.41999995708465576 3.002000093460083
-0.9240000247955322 0.34200000762939453 2.078000068664551
-0.7739999890327454 0.006000041961669922 2.7260000705718994
0.07800006866455078 0.1499999761581421 1.1299999952316284
0.2820000648498535 0.24600005149841309 1.100000023841858
0.4020000696182251 0.19800007343292236 1.1180000305175781
0.48000001907348633 0.20399999618530273 1.1299999952316284
0.3059999942779541 0.25199997425079346 1.100000023841858
-0.09000003337860107 -0.49800002574920654 2.9539999961853027
0.10199999809265137 -0.6480000019073486 2.7799999713897705
0.6719999313354492 -0.671999990940094 2.4800000190734863
0.8399999141693115 -0.5999999642372131 2.4260001182556152
-0.6959999799728394 0.630000114440918 1.5800000429153442
0.11399996280670166 0.18000006675720215 1.1180000305175781
0.14400005340576172 -0.671999990940094 2.73799991607666
-0.09000003337860107 -0.515999972820282 2.930000066757202
0.48000001907348633 -0.7139999866485596 2.552000045776367
1.0799999237060547 -0.41999995708465576 2.4019999504089355
-0.3179999589920044 -0.156000018119812 3.1519999504089355
-0.22200000286102295 -0.34800004959106445 3.055999994277954
1.2000000476837158 -0.1979999542236328 2.630000114440918
0.4500000476837158 -0.7139999866485596 2.5759999752044678
0.7019999027252197 -0.6660000085830688 2.450000047683716
0.25199997425079346 0.23399996757507324 1.100000023841858
0.8459999561309814 -0.5999999642372131 2.4079999923706055
1.1040000915527344 -0.3960000276565552 2.4019999504089355
0.37800002098083496 -0.7199999690055847 2.5940001010894775
-0.9240000247955322 0.34800004959106445 2.065999984741211
-0.023999929428100586 0.1260000467300415 1.1540000438690186
-0.8460000157356262 0.07800006866455078 2.6059999465942383
-0.8999999761581421 0.40799999237060547 1.9520000219345093
1.055999994277954 -0.4440000057220459 2.4019999504089355
-0.1499999761581421 0.07200002670288086 1.2079999446868896
-0.437999963760376 -0.13199996948242188 3.0799999237060547
-0.22200000286102295 -0.3240000009536743 3.0799999237060547
0.09000003337860107 -0.6480000019073486 2.7799999713897705
1.2780001163482666 -0.13199996948242188 2.498000144958496
0.03600001335144043 -0.6240000128746033 2.809999942779541
-0.23399996757507324 -0.34800004959106445 3.049999952316284
-0.6480000019073486 0.6600000858306885 1.5260000228881836
1.1400001049041748 -0.34800004959106445 2.450000047683716
0.9960000514984131 -0.49800002574920654 2.3959999084472656
0.5759999752044678 -0.7020000219345093 2.503999948501587
0.18000006675720215 0.17400002479553223 1.1119999885559082
0.054000020027160645 0.156000018119812 1.1299999952316284
0.23399996757507324 0.22800004482269287 1.100000023841858
0.48000001907348633 -0.7260000109672546 2.503999948501587
-0.5579999685287476 -0.10199999809265137 2.9839999675750732
0.3539999723434448 -0.7199999690055847 2.6059999465942383
0.37199997901916504 -0.7199999690055847 2.5999999046325684
0.0 -0.593999981880188 2.8519999980926514
0.25199997425079346 -0.7020000219345093 2.677999973297119
-0.07200002670288086 -0.4500000476837158 3.0260000228881836
0.5399999618530273 0.3359999656677246 1.124000072479248
0.17400002479553223 0.20399999618530273 1.1059999465942383
-0.8999999761581421 0.1499999761581421 2.4619998931884766
1.2839999198913574 -0.12000000476837158 2.503999948501587
-0.33000004291534424 -0.1380000114440918 3.1579999923706055
-0.7739999890327454 0.564000129699707 1.6759999990463257
0.4140000343322754 -0.7199999690055847 2.5820000171661377
-0.8460000157356262 0.48600006103515625 1.8020000457763672
0.37800002098083496 0.19800007343292236 1.1119999885559082
-0.7199999690055847 0.6119999885559082 1.6039999723434448
-0.9240000247955322 0.20399999618530273 2.3540000915527344
0.4440000057220459 -0.7199999690055847 2.564000129699707
-0.023999929428100586 0.12000000476837158 1.1540000438690186
-0.8219999670982361 0.04799997806549072 2.6540000438690186
0.4259999990463257 -0.7199999690055847 2.5759999752044678
-0.26999998092651367 -0.1679999828338623 3.1760001182556152
-0.8219999670982361 0.5160000324249268 1.7540000677108765
0.4620000123977661 -0.7199999690055847 2.552000045776367
0.22800004482269287 0.22200000286102295 1.100000023841858
0.8940000534057617 -0.5699999928474426 2.4260001182556152
0.5759999752044678 0.18599998950958252 1.1540000438690186
-0.9240000247955322 0.3539999723434448 2.053999900817871
1.128000020980835 -0.37199997901916504 2.4079999923706055
-0.8700000047683716 0.10199999809265137 2.552000045776367
-0.1799999475479126 -0.4500000476837158 2.9720001220703125
0.34800004959106445 -0.7199999690055847 2.611999988555908
-0.18599998950958252 0.054000020027160645 1.2260000705718994
0.054000020027160645 0.1499999761581421 1.1299999952316284
-0.1799999475479126 0.10199999809265137 1.2079999446868896
-0.7979999780654907 0.029999971389770508 2.7019999027252197
-0.07799994945526123 0.1260000467300415 1.1660000085830688
1.0260000228881836 -0.4739999771118164 2.4019999504089355
0.9300000667572021 -0.5460000038146973 2.4260001182556152
-0.07200002670288086 -0.5460000038146973 2.9000000953674316
-0.09599995613098145 0.10199999809265137 1.1779999732971191
0.7439999580383301 -0.6539999842643738 2.4260001182556152
1.253999948501587 -0.156000018119812 2.552000045776367
-0.26399993896484375 -0.2999999523162842 3.0799999237060547
-0.5699999928474426 -0.09599995613098145 2.9779999256134033
-0.36000001430511475 -0.156000018119812 3.128000020980835
-0.8579999804496765 0.48000001907348633 1.8259999752044678
0.024000048637390137 0.14400005340576172 1.1359999179840088
0.33000004291534424 0.19800007343292236 1.1059999465942383
-0.9240000247955322 0.19800007343292236 2.3600001335144043
0.04799997806549072 0.1499999761581421 1.1299999952316284
-0.059999942779541016 0.1260000467300415 1.1600000858306885
0.37800002098083496 -0.7199999690055847 2.6059999465942383
0.8280000686645508 -0.6119999885559082 2.4260001182556152
0.7980000972747803 -0.6299999952316284 2.4140000343322754
-0.8460000157356262 0.07200002670288086 2.611999988555908
-0.04799997806549072 -0.5699999928474426 2.875999927520752
0.5039999485015869 0.20399999618530273 1.1299999952316284
0.9360001087188721 -0.5460000038146973 2.4079999923706055
0.6779999732971191 -0.6779999732971191 2.4619998931884766
0.07200002670288086 0.156000018119812 1.124000072479248
0.7260000705718994 -0.6599999666213989 2.450000047683716
-0.1499999761581421 0.07800006866455078 1.2020000219345093
0.5160000324249268 -0.7199999690055847 2.509999990463257
-0.07799994945526123 -0.5460000038146973 2.9000000953674316
-0.09599995613098145 0.09599995613098145 1.1779999732971191
-0.7979999780654907 0.024000048637390137 2.7019999027252197
0.10199999809265137 -0.6539999842643738 2.7799999713897705
0.20399999618530273 -0.6959999799728394 2.7019999027252197
-0.8700000047683716 0.4620000123977661 1.850000023841858
-0.006000041961669922 -0.5999999642372131 2.8459999561309814
0.029999971389770508 -0.6179999709129333 2.828000068664551
0.9720001220703125 -0.5220000147819519 2.3959999084472656
-0.4500000476837158 -0.1260000467300415 3.0799999237060547
-0.7680000066757202 0.0 2.75
0.7620000839233398 -0.6480000019073486 2.4260001182556152
0.19200003147125244 -0.6959999799728394 2.7019999027252197
0.3539999723434448 0.19800007343292236 1.1059999465942383
-0.8700000047683716 0.09599995613098145 2.558000087738037
0.09599995613098145 0.16200006008148193 1.1180000305175781
-0.054000020027160645 -0.5699999928474426 2.875999927520752
0.8519999980926514 -0.5999999642372131 2.4260001182556152
1.002000093460083 -0.49800002574920654 2.4019999504089355
0.9000000953674316 -0.5699999928474426 2.4260001182556152
-0.06599998474121094 -0.4919999837875366 2.9839999675750732
-0.17400002479553223 0.10199999809265137 1.2020000219345093
0.3240000009536743 -0.7199999690055847 2.630000114440918
0.07200002670288086 -0.6480000019073486 2.7860000133514404
1.2780001163482666 -0.1380000114440918 2.509999990463257
-0.9240000247955322 0.19200003147125244 2.378000020980835
0.20399999618530273 0.20399999618530273 1.100000023841858
0.1260000467300415 -0.671999990940094 2.75
0.5520000457763672 0.19200003147125244 1.1419999599456787
-0.023999929428100586 0.1260000467300415 1.1480000019073486
-0.04799997806549072 0.1260000467300415 1.1540000438690186
0.30000007152557373 -0.7139999866485596 2.6540000438690186
0.75 -0.6539999842643738 2.432000160217285
0.33000004291534424 -0.7199999690055847 2.630000114440918
-0.04799997806549072 -0.5579999685287476 2.9000000953674316
-0.9240000247955322 0.36600005626678467 2.0299999713897705
-0.1979999542236328 -0.37199997901916504 3.055999994277954
1.1159999370574951 -0.3960000276565552 2.378000020980835
1.2300000190734863 -0.1799999475479126 2.5999999046325684
0.6779999732971191 -0.6779999732971191 2.4800000190734863
0.4739999771118164 -0.7319999933242798 2.509999990463257
-0.7080000042915344 -0.04799997806549072 2.828000068664551
0.18000006675720215 0.20399999618530273 1.100000023841858
0.12000000476837158 0.1679999828338623 1.1119999885559082
1.0920000076293945 -0.41999995708465576 2.3899998664855957
-0.8999999761581421 0.4200000762939453 1.9279999732971191
-0.24000000953674316 -0.34800004959106445 3.055999994277954
-0.8999999761581421 0.1380000114440918 2.4800000190734863
0.11399996280670166 -0.671999990940094 2.75
0.3179999589920044 0.20399999618530273 1.100000023841858
-0.029999971389770508 0.1260000467300415 1.1480000019073486
0.25199997425079346 0.19200003147125244 1.100000023841858
0.9300000667572021 -0.5519999861717224 2.4260001182556152
0.30000007152557373 0.19800007343292236 1.100000023841858
0.564000129699707 0.3359999656677246 1.124000072479248
1.1519999504089355 -0.33000004291534424 2.503999948501587
-0.04799997806549072 0.12000000476837158 1.1540000438690186
0.875999927520752 -0.5879999995231628 2.4260001182556152
0.7799999713897705 -0.6420000195503235 2.4260001182556152
0.2760000228881836 0.19200003147125244 1.100000023841858
0.2940000295639038 -0.7199999690055847 2.6419999599456787
-0.8040000200271606 0.029999971389770508 2.7019999027252197
0.33000004291534424 0.20399999618530273 1.100000023841858
0.4259999990463257 -0.7379999756813049 2.5280001163482666
-0.023999929428100586 -0.5820000171661377 2.875999927520752
0.14400005340576172 0.18000006675720215 1.1059999465942383
0.5280001163482666 0.21000003814697266 1.1299999952316284
1.0799999237060547 -0.4320000410079956 2.4019999504089355
-0.7739999890327454 0.5699999332427979 1.6640000343322754
0.156000018119812 0.17400002479553223 1.1059999465942383
-0.7979999780654907 0.5460000038146973 1.7000000476837158
1.1040000915527344 -0.40799999237060547 2.4019999504089355
0.4440000057220459 -0.7379999756813049 2.5160000324249268
-0.75 -0.018000006675720215 2.7799999713897705
0.22800004482269287 0.18599998950958252 1.100000023841858
-0.9419999718666077 0.2580000162124634 2.251999855041504
-0.21000003814697266 -0.3179999589920044 3.1040000915527344
0.8640000820159912 -0.5999999642372131 2.4019999504089355
-0.23399996757507324 -0.37199997901916504 3.0380001068115234
-0.25199997425079346 -0.3240000009536743 3.074000120162964
-0.8999999761581421 0.4200000762939453 1.9220000505447388
-0.08399999141693115 -0.5040000081062317 2.9660000801086426
0.18000006675720215 -0.6899999976158142 2.7260000705718994
0.9779999256134033 -0.5220000147819519 2.4019999504089355
-0.7979999780654907 0.5520000457763672 1.7000000476837158
0.8220000267028809 -0.6240000128746033 2.4079999923706055
1.055999994277954 -0.4559999704360962 2.4019999504089355
-0.671999990940094 0.6480000019073486 1.5379999876022339
0.20399999618530273 0.18599998950958252 1.100000023841858
0.4020000696182251 -0.7440000176429749 2.5220000743865967
0.018000006675720215 -0.6240000128746033 2.822000026702881
-0.07200002670288086 0.11399996280670166 1.1600000858306885
0.624000072479248 -0.6959999799728394 2.503999948501587
-0.4739999771118164 -0.11399996280670166 3.074000120162964
-0.6480000019073486 0.6660001277923584 1.5140000581741333
0.6059999465942383 0.19200003147125244 1.1540000438690186
0.6059999465942383 -0.7020000219345093 2.503999948501587
1.2060000896453857 -0.20399999618530273 2.635999917984009
-0.12000000476837158 0.10199999809265137 1.1779999732971191
-0.9240000247955322 0.37199997901916504 2.01200008392334
-0.2879999876022339 -0.1679999828338623 3.1760001182556152
0.875999927520752 -0.593999981880188 2.4019999504089355
0.1380000114440918 0.17400002479553223 1.1059999465942383
1.002000093460083 -0.5040000081062317 2.4019999504089355
0.3539999723434448 0.20399999618530273 1.100000023841858
0.7019999027252197 -0.671999990940094 2.4800000190734863
-0.24599993228912354 -0.3240000009536743 3.0799999237060547
-0.156000018119812 0.10199999809265137 1.190000057220459
0.20399999618530273 -0.7020000219345093 2.7019999027252197
-0.75 0.5940001010894775 1.628000020980835
0.9000000953674316 -0.5759999752044678 2.4260001182556152
-0.09000003337860107 0.10800004005432129 1.1660000085830688
-0.9240000247955322 0.18000006675720215 2.4019999504089355
1.187999963760376 -0.22200000286102295 2.6540000438690186
-0.8219999670982361 0.5220000743865967 1.7360000610351562
0.8700001239776611 -0.5999999642372131 2.3899998664855957
-0.37199997901916504 -0.1499999761581421 3.134000062942505
0.26999998092651367 -0.7199999690055847 2.6540000438690186
0.1679999828338623 -0.6959999799728394 2.7139999866485596
0.2760000228881836 -0.7199999690055847 2.6540000438690186
0.5039999485015869 -0.7260000109672546 2.5280001163482666
0.5099999904632568 -0.7260000109672546 2.5220000743865967
-0.8880000114440918 0.4500000476837158 1.8799999952316284
1.0740001201629639 -0.4440000057220459 2.384000062942505
1.0139999389648438 -0.49800002574920654 2.384000062942505
-0.8700000047683716 0.09000003337860107 2.5759999752044678
1.2300000190734863 -0.18599998950958252 2.6059999465942383
-0.12000000476837158 0.09599995613098145 1.1779999732971191
0.8159999847412109 -0.6299999952316284 2.4079999923706055
-0.34200000762939453 -0.156000018119812 3.1519999504089355
0.630000114440918 -0.6959999799728394 2.503999948501587
0.18000006675720215 0.18000006675720215 1.100000023841858
0.9839999675750732 -0.5220000147819519 2.3899998664855957
-0.023999929428100586 -0.5999999642372131 2.8519999980926514
1.0260000228881836 -0.4859999418258667 2.4019999504089355
-0.1260000467300415 0.10199999809265137 1.1779999732971191
-0.22200000286102295 -0.3659999370574951 3.055999994277954
0.33000004291534424 -0.7260000109672546 2.630000114440918
0.19800007343292236 0.20399999618530273 1.093999981880188
-0.8460000157356262 0.49800002574920654 1.777999997138977
-0.7739999890327454 -0.006000041961669922 2.75
1.2780001163482666 -0.14399993419647217 2.5280001163482666
-0.08399999141693115 -0.5339999794960022 2.930000066757202
0.5580000877380371 -0.7139999866485596 2.5280001163482666
-0.17400002479553223 0.07800006866455078 1.2020000219345093
-0.9240000247955322 0.37800002098083496 2.0
0.37800002098083496 0.20399999618530273 1.100000023841858
1.1400001049041748 -0.3659999370574951 2.450000047683716
-0.8460000157356262 0.060000061988830566 2.630000114440918
-0.8460000157356262 0.5039999485015869 1.777999997138977
0.9179999828338623 -0.5699999928474426 2.4019999504089355
0.16200006008148193 0.18000006675720215 1.100000023841858
1.0439999103546143 -0.4739999771118164 2.384000062942505
0.24600005149841309 0.22800004482269287 1.0880000591278076
-0.5879999995231628 -0.09000003337860107 2.9779999256134033
-0.9240000247955322 0.17400002479553223 2.4140000343322754
0.4559999704360962 -0.7379999756813049 2.5280001163482666
-0.7440000176429749 -0.029999971389770508 2.7920000553131104
0.875999927520752 -0.5999999642372131 2.384000062942505
1.1400001049041748 -0.37199997901916504 2.4260001182556152
0.30000007152557373 0.19800007343292236 1.093999981880188
0.011999964714050293 -0.6240000128746033 2.828000068664551
0.4259999990463257 -0.7319999933242798 2.5759999752044678
-0.7020000219345093 -0.04799997806549072 2.8519999980926514
0.5399999618530273 -0.7199999690055847 2.5280001163482666
-0.11399996280670166 0.10199999809265137 1.1719999313354492
-0.8219999670982361 0.03600001335144043 2.677999973297119
1.2000000476837158 -0.21000003814697266 2.6540000438690186
-0.4739999771118164 -0.11399996280670166 3.0799999237060547
1.187999963760376 -0.22800004482269287 2.6540000438690186
0.9539999961853027 -0.5460000038146973 2.4019999504089355
-0.8219999670982361 0.5280001163482666 1.7300000190734863
-0.37800002098083496 -0.1499999761581421 3.134000062942505
0.6540000438690186 -0.6899999976158142 2.503999948501587
0.75 -0.6599999666213989 2.450000047683716
1.1340000629425049 -0.38399994373321533 2.4019999504089355
-0.7199999690055847 0.624000072479248 1.5859999656677246
-0.8700000047683716 0.4739999771118164 1.8259999752044678
-0.17400002479553223 0.07200002670288086 1.2020000219345093
0.5520000457763672 0.21000003814697266 1.1299999952316284
-0.7919999957084656 0.006000041961669922 2.7260000705718994
0.4020000696182251 0.21000003814697266 1.100000023841858
0.7260000705718994 -0.6660000085830688 2.4800000190734863
-0.9480000138282776 0.2760000228881836 2.2039999961853027
-0.9480000138282776 0.26999998092651367 2.2160000801086426
-0.8999999761581421 0.1260000467300415 2.503999948501587
-0.8999999761581421 0.4320000410079956 1.9040000438690186
0.23399996757507324 -0.7199999690055847 2.6660001277923584
-0.9480000138282776 0.2879999876022339 2.180000066757202
-0.9480000138282776 0.2640000581741333 2.2280001640319824
1.0799999237060547 -0.4440000057220459 2.378000020980835
-0.8460000157356262 0.49800002574920654 1.7719999551773071
0.09000003337860107 -0.671999990940094 2.76200008392334
-0.13199996948242188 0.09599995613098145 1.1779999732971191
-0.2580000162124634 -0.3240000009536743 3.0799999237060547
-0.9480000138282776 0.2940000295639038 2.1620001792907715
-0.9240000247955322 0.1679999828338623 2.4260001182556152
-0.6959999799728394 0.6419999599456787 1.555999994277954
-0.22200000286102295 -0.34800004959106445 3.0799999237060547
0.4020000696182251 -0.7379999756813049 2.5759999752044678
1.128000020980835 -0.3960000276565552 2.384000062942505
0.18599998950958252 0.18599998950958252 1.093999981880188
-0.25199997425079346 -0.34800004959106445 3.062000036239624
-0.9480000138282776 0.30000007152557373 2.1500000953674316
-0.9480000138282776 0.24600005149841309 2.2760000228881836
-0.9480000138282776 0.24600005149841309 2.2699999809265137
-0.7739999890327454 0.5820000171661377 1.6519999504089355
-0.20399999618530273 0.08399999141693115 1.2079999446868896
0.156000018119812 -0.6959999799728394 2.7260000705718994
0.054000020027160645 -0.6480000019073486 2.803999900817871
0.9119999408721924 -0.5820000171661377 2.371999979019165
0.49800002574920654 -0.7319999933242798 2.5339999198913574
-0.18599998950958252 -0.4620000123977661 2.9779999256134033
0.8519999980926514 -0.6179999709129333 2.3899998664855957
0.5759999752044678 0.19800007343292236 1.1359999179840088
-0.8640000224113464 0.07800006866455078 2.6059999465942383
0.14400005340576172 -0.6959999799728394 2.7260000705718994
-0.03600001335144043 -0.5999999642372131 2.8580000400543213
0.21599996089935303 0.20399999618530273 1.0880000591278076
0.38999998569488525 -0.75 2.5399999618530273
0.4259999990463257 0.21000003814697266 1.100000023841858
-0.07799994945526123 -0.5699999928474426 2.888000011444092
0.9000000953674316 -0.5879999995231628 2.4019999504089355
-0.9480000138282776 0.312000036239624 2.125999927520752
-0.9240000247955322 0.38999998569488525 1.9760000705718994
-0.671999990940094 0.6540000438690186 1.5260000228881836
-0.75 0.5999999046325684 1.6160000562667847
0.809999942779541 -0.6420000195503235 2.3959999084472656
-0.8999999761581421 0.12000000476837158 2.5160000324249268
0.6359999179840088 -0.6959999799728394 2.5280001163482666
-0.1979999542236328 -0.37800002098083496 3.068000078201294
0.2760000228881836 0.19800007343292236 1.0880000591278076
0.22800004482269287 -0.7199999690055847 2.677999973297119
-0.7199999690055847 0.630000114440918 1.5800000429153442
0.8039999008178711 -0.6420000195503235 2.4260001182556152
0.9779999256134033 -0.5339999794960022 2.4019999504089355
-0.8700000047683716 0.4739999771118164 1.8140000104904175
-0.6599999666213989 0.6660001277923584 1.5140000581741333
0.21599996089935303 -0.7199999690055847 2.677999973297119
0.37800002098083496 -0.7440000176429749 2.5759999752044678
1.1100001335144043 -0.41999995708465576 2.378000020980835
-0.24000000953674316 -0.37800002098083496 3.0439999103546143
0.4020000696182251 -0.75 2.5399999618530273
-0.156000018119812 0.09000003337860107 1.184000015258789
-0.9480000138282776 0.3240000009536743 2.1080000400543213
-0.9480000138282776 0.22800004482269287 2.3000001907348633
0.7139999866485596 -0.671999990940094 2.503999948501587
0.03600001335144043 -0.6480000019073486 2.803999900817871
0.9300000667572021 -0.5699999928474426 2.4019999504089355
1.2599999904632568 -0.1679999828338623 2.5759999752044678
-0.9480000138282776 0.33000004291534424 2.1019999980926514
0.8340001106262207 -0.6299999952316284 2.4019999504089355
0.37199997901916504 -0.75 2.558000087738037
0.9660000801086426 -0.5460000038146973 2.3899998664855957
0.6059999465942383 0.19800007343292236 1.1419999599456787
0.7799999713897705 -0.6539999842643738 2.437999963760376
-0.1979999542236328 -0.41999995708465576 3.0260000228881836
0.5820000171661377 -0.7139999866485596 2.5339999198913574
-0.19200003147125244 -0.4440000057220459 3.002000093460083
1.055999994277954 -0.4739999771118164 2.378000020980835
0.8459999561309814 -0.6240000128746033 2.4019999504089355
0.38999998569488525 -0.75 2.552000045776367
-0.9480000138282776 0.22200000286102295 2.312000036239624
0.4500000476837158 0.21599996089935303 1.100000023841858
0.9360001087188721 -0.5699999928474426 2.378000020980835
-0.9240000247955322 0.3960000276565552 1.9639999866485596
0.36600005626678467 -0.7559999823570251 2.5399999618530273
0.38999998569488525 0.2760000228881836 1.0820000171661377
-0.1979999542236328 0.07800006866455078 1.2020000219345093
-0.9240000247955322 0.156000018119812 2.450000047683716
-0.7979999780654907 0.5580000877380371 1.6759999990463257
-0.24599993228912354 -0.34200000762939453 3.0799999237060547
0.054000020027160645 -0.6539999842643738 2.803999900817871
-0.8460000157356262 0.04799997806549072 2.6480000019073486
-0.22200000286102295 -0.41999995708465576 3.0139999389648438
0.4020000696182251 -0.75 2.552000045776367
0.156000018119812 -0.7020000219345093 2.7260000705718994
0.5039999485015869 -0.7319999933242798 2.552000045776367
0.630000114440918 -0.7020000219345093 2.5280001163482666
0.9119999408721924 -0.5879999995231628 2.378000020980835
-0.9480000138282776 0.21599996089935303 2.3299999237060547
-0.8999999761581421 0.11399996280670166 2.5280001163482666
-0.07200002670288086 -0.5699999928474426 2.9000000953674316
-0.8999999761581421 0.4440000057220459 1.8799999952316284
0.07200002670288086 -0.671999990940094 2.7739999294281006
-0.1979999542236328 -0.37199997901916504 3.0799999237060547
1.0320000648498535 -0.49800002574920654 2.378000020980835
-0.6779999732971191 0.6540000438690186 1.5260000228881836
-0.7139999866485596 -0.054000020027160645 2.8459999561309814
0.1260000467300415 -0.6899999976158142 2.75
-0.1979999542236328 0.07200002670288086 1.2020000219345093
-0.9480000138282776 0.3359999656677246 2.078000068664551
0.36000001430511475 -0.75 2.5759999752044678
-0.7080000042915344 -0.059999942779541016 2.8519999980926514
0.312000036239624 0.25199997425079346 1.0759999752044678
-0.6899999976158142 0.6480000019073486 1.5379999876022339
0.5580000877380371 -0.7199999690055847 2.552000045776367
0.6960000991821289 -0.6840000152587891 2.503999948501587
0.33000004291534424 0.2580000162124634 1.0759999752044678
0.36600005626678467 -0.7559999823570251 2.552000045776367
-0.8219999670982361 0.024000048637390137 2.696000099182129
0.19200003147125244 -0.7199999690055847 2.690000057220459
-0.9240000247955322 0.40799999237060547 1.9520000219345093
-0.8460000157356262 0.5160000324249268 1.7540000677108765
-0.9240000247955322 0.1499999761581421 2.4559998512268066
-0.023999929428100586 -0.6240000128746033 2.8340001106262207
0.6180000305175781 -0.7080000042915344 2.5280001163482666
-0.8700000047683716 0.48600006103515625 1.8020000457763672
0.07800006866455078 -0.671999990940094 2.7799999713897705
0.875999927520752 -0.6119999885559082 2.3899998664855957
0.25199997425079346 0.19800007343292236 1.0820000171661377
0.024000048637390137 -0.6480000019073486 2.809999942779541
-0.19200003147125244 0.07800006866455078 1.1959999799728394
0.22800004482269287 0.19800007343292236 1.0820000171661377
0.30000007152557373 0.24000000953674316 1.0759999752044678
-0.1979999542236328 -0.4259999990463257 3.0260000228881836
-0.8700000047683716 0.07200002670288086 2.6059999465942383
0.3539999723434448 -0.7440000176429749 2.6059999465942383
1.2300000190734863 -0.1979999542236328 2.630000114440918
0.22200000286102295 0.19800007343292236 1.0820000171661377
0.8459999561309814 -0.6299999952316284 2.3899998664855957
-0.8999999761581421 0.4440000057220459 1.8739999532699585
-0.2940000295639038 -0.2999999523162842 3.0920000076293945
0.11399996280670166 -0.6959999799728394 2.73799991607666
0.5339999198913574 -0.7319999933242798 2.5339999198913574
0.36600005626678467 0.26999998092651367 1.0759999752044678
0.48000001907348633 0.22200000286102295 1.100000023841858
0.5880000591278076 0.20399999618530273 1.1299999952316284
-0.8159999847412109 0.5520000457763672 1.7000000476837158
0.2640000581741333 0.22800004482269287 1.0759999752044678
-0.24599993228912354 -0.37199997901916504 3.055999994277954
0.2760000228881836 0.22800004482269287 1.0759999752044678
-0.75 0.6059999465942383 1.6039999723434448
-0.8460000157356262 0.04200005531311035 2.6540000438690186
-0.9480000138282776 0.20399999618530273 2.3540000915527344
-0.08399999141693115 -0.5699999928474426 2.9000000953674316
-0.75 -0.03600001335144043 2.803999900817871
-0.8219999670982361 0.024000048637390137 2.7019999027252197
-0.26999998092651367 -0.3059999942779541 3.1040000915527344
-0.9480000138282776 0.3539999723434448 2.053999900817871
0.4320000410079956 -0.75 2.552000045776367
-0.9480000138282776 0.34800004959106445 2.053999900817871
0.4020000696182251 -0.7559999823570251 2.5460000038146973
0.8580000400543213 -0.6240000128746033 2.4019999504089355
0.34800004959106445 -0.75 2.5940001010894775
1.0980000495910645 -0.4440000057220459 2.366000175476074
0.49800002574920654 -0.7379999756813049 2.552000045776367
0.9479999542236328 -0.5699999928474426 2.366000175476074
-0.9480000138282776 0.19800007343292236 2.3540000915527344
0.060000061988830566 -0.671999990940094 2.7799999713897705
0.9300000667572021 -0.5820000171661377 2.371999979019165
0.7019999027252197 -0.6840000152587891 2.509999990463257
0.7799999713897705 -0.6599999666213989 2.450000047683716
-0.2760000228881836 -0.3240000009536743 3.0859999656677246
1.121999979019165 -0.41999995708465576 2.371999979019165
1.1519999504089355 -0.37199997901916504 2.4619998931884766
1.1040000915527344 -0.437999963760376 2.378000020980835
-0.5879999995231628 -0.09000003337860107 3.002000093460083
-0.2760000228881836 -0.1679999828338623 3.2060000896453857
-0.21000003814697266 -0.4739999771118164 2.9660000801086426
0.8340001106262207 -0.6359999775886536 2.4260001182556152
0.4020000696182251 -0.7559999823570251 2.552000045776367
-0.25199997425079346 -0.37199997901916504 3.055999994277954
-0.029999971389770508 -0.6240000128746033 2.8399999141693115
-0.2580000162124634 -0.40799999237060547 3.0139999389648438
0.2760000228881836 -0.7379999756813049 2.6540000438690186
-0.20399999618530273 -0.4440000057220459 3.008000135421753
1.253999948501587 -0.1799999475479126 2.6059999465942383
0.4020000696182251 0.2760000228881836 1.0759999752044678
0.75 -0.6660000085830688 2.503999948501587
0.9539999961853027 -0.5640000104904175 2.4019999504089355
0.18000006675720215 -0.7199999690055847 2.7019999027252197
0.8519999980926514 -0.6299999952316284 2.4019999504089355
0.3359999656677246 -0.75 2.6059999465942383
0.3960000276565552 -0.7619999647140503 2.5339999198913574
-0.7739999890327454 -0.018000006675720215 2.7799999713897705
0.17400002479553223 -0.7199999690055847 2.7019999027252197
0.24600005149841309 0.20399999618530273 1.0759999752044678
0.25199997425079346 0.20399999618530273 1.0759999752044678
0.4500000476837158 -0.75 2.552000045776367
-0.04799997806549072 -0.5999999642372131 2.875999927520752
-0.059999942779541016 -0.5999999642372131 2.870000123977661
0.30000007152557373 0.21000003814697266 1.0759999752044678
-0.22200000286102295 -0.41999995708465576 3.0260000228881836
0.2760000228881836 0.20399999618530273 1.0759999752044678
0.5280001163482666 0.22200000286102295 1.1059999465942383
0.5520000457763672 0.22200000286102295 1.1119999885559082
0.3179999589920044 0.25199997425079346 1.0699999332427979
0.3240000009536743 -0.75 2.611999988555908
0.5759999752044678 -0.7199999690055847 2.558000087738037
0.9839999675750732 -0.5460000038146973 2.378000020980835
1.2899999618530273 -0.156000018119812 2.5339999198913574
-0.8219999670982361 0.5460000038146973 1.7000000476837158
-0.7739999890327454 0.5880000591278076 1.628000020980835
0.33000004291534424 0.21599996089935303 1.0759999752044678
1.0439999103546143 -0.49800002574920654 2.371999979019165
0.5039999485015869 0.22200000286102295 1.100000023841858
-0.3059999942779541 -0.2999999523162842 3.0920000076293945
0.22800004482269287 -0.7319999933242798 2.677999973297119
0.5759999752044678 0.22200000286102295 1.1180000305175781
-0.9480000138282776 0.36000001430511475 2.0299999713897705
-0.9240000247955322 0.1380000114440918 2.4800000190734863
-0.9240000247955322 0.4140000343322754 1.9279999732971191
0.875999927520752 -0.6179999709129333 2.4019999504089355
-0.8999999761581421 0.10199999809265137 2.552000045776367
0.37800002098083496 -0.7619999647140503 2.552000045776367
-0.9480000138282776 0.18599998950958252 2.378000020980835
0.10199999809265137 -0.6959999799728394 2.75
1.2899999618530273 -0.1499999761581421 2.552000045776367
0.48000001907348633 0.22200000286102295 1.093999981880188
1.2300000190734863 -0.20399999618530273 2.6419999599456787
1.128000020980835 -0.41999995708465576 2.366000175476074
0.6059999465942383 -0.7139999866485596 2.552000045776367
0.04799997806549072 -0.671999990940094 2.7860000133514404
0.9539999961853027 -0.5699999928474426 2.378000020980835
0.4500000476837158 0.22200000286102295 1.0880000591278076
-0.22200000286102295 -0.37199997901916504 3.0799999237060547
0.5160000324249268 0.22800004482269287 1.100000023841858
-0.9599999785423279 0.33000004291534424 2.1019999980926514
1.0740001201629639 -0.4739999771118164 2.366000175476074
0.8039999008178711 -0.6539999842643738 2.444000005722046
0.3539999723434448 0.21599996089935303 1.0759999752044678
0.9000000953674316 -0.6060000061988831 2.3899998664855957
0.7680001258850098 -0.6660000085830688 2.4800000190734863
-0.9539999961853027 0.3539999723434448 2.053999900817871
