ply
format ascii 1.0
element vertex 8000
property float x
property float y
property float z
end_header
-0.9539999961853027 -1.2300000190734863 2.941999912261963
-0.9480000138282776 -1.2300000190734863 2.941999912261963
-0.9480000138282776 -1.2239999771118164 2.9539999961853027
-0.9480000138282776 -1.2360000610351562 2.9539999961853027
-0.9660000205039978 -1.2300000190734863 2.9539999961853027
-0.9480000138282776 -1.2179999351501465 2.930000066757202
-0.9660000205039978 -1.2239999771118164 2.9539999961853027
-0.9539999961853027 -1.2120000123977661 2.930000066757202
-0.9779999852180481 -1.2239999771118164 2.9600000381469727
-0.9240000247955322 -1.2239999771118164 2.9539999961853027
-0.9240000247955322 -1.2300000190734863 2.9600000381469727
-0.9419999718666077 -1.194000005722046 2.936000108718872
-0.9839999675750732 -1.2300000190734863 2.9660000801086426
-0.972000002861023 -1.2419999837875366 2.9779999256134033
-0.9539999961853027 -1.2000000476837158 2.9119999408721924
-0.9240000247955322 -1.2000000476837158 2.930000066757202
-0.9779999852180481 -1.2419999837875366 2.9779999256134033
-0.9359999895095825 -1.2000000476837158 2.9119999408721924
-0.9300000071525574 -1.2480000257492065 2.9779999256134033
-0.9240000247955322 -1.2000000476837158 2.9179999828338623
-0.9240000247955322 -1.2480000257492065 2.9779999256134033
-0.9179999828338623 -1.194000005722046 2.930000066757202
-0.9419999718666077 -1.194000005722046 2.9000000953674316
-0.8999999761581421 -1.2179999351501465 2.9539999961853027
-0.8999999761581421 -1.2000000476837158 2.930000066757202
-0.8999999761581421 -1.2360000610351562 2.9779999256134033
-0.9240000247955322 -1.187999963760376 2.9000000953674316
-0.9959999918937683 -1.2480000257492065 3.002000093460083
-0.8819999694824219 -1.2419999837875366 2.9660000801086426
-0.9120000004768372 -1.253999948501587 3.002000093460083
-0.9419999718666077 -1.1820000410079956 2.881999969482422
-0.9959999918937683 -1.253999948501587 3.008000135421753
-0.8999999761581421 -1.253999948501587 3.002000093460083
-0.8759999871253967 -1.2239999771118164 2.9779999256134033
-0.8759999871253967 -1.194000005722046 2.930000066757202
-0.8700000047683716 -1.2120000123977661 2.9539999961853027
-0.8999999761581421 -1.1759999990463257 2.9000000953674316
-0.9179999828338623 -1.1759999990463257 2.881999969482422
-0.8700000047683716 -1.2000000476837158 2.936000108718872
-0.8999999761581421 -1.1759999990463257 2.8940000534057617
-0.8880000114440918 -1.2480000257492065 3.002000093460083
-0.8700000047683716 -1.2239999771118164 2.9779999256134033
-0.9359999895095825 -1.1759999990463257 2.870000123977661
-0.8700000047683716 -1.194000005722046 2.930000066757202
-0.8700000047683716 -1.2300000190734863 2.990000009536743
-0.906000018119812 -1.1699999570846558 2.881999969482422
-0.9300000071525574 -1.1699999570846558 2.864000082015991
-0.8700000047683716 -1.2419999837875366 3.002000093460083
-0.8999999761581421 -1.2599999904632568 3.0260000228881836
-0.8700000047683716 -1.1759999990463257 2.9060001373291016
-0.8759999871253967 -1.1699999570846558 2.9000000953674316
-0.8759999871253967 -1.1640000343322754 2.9839999675750732
-0.8939999938011169 -1.1640000343322754 2.875999927520752
-0.8700000047683716 -1.1699999570846558 2.9000000953674316
-0.8759999871253967 -1.1519999504089355 2.9600000381469727
-0.8460000157356262 -1.2000000476837158 2.9539999961853027
-0.8640000224113464 -1.1579999923706055 2.930000066757202
-0.8640000224113464 -1.1579999923706055 2.9539999961853027
-0.8460000157356262 -1.1820000410079956 2.930000066757202
-0.8700000047683716 -1.1460000276565552 2.9539999961853027
-0.8759999871253967 -1.2480000257492065 3.0320000648498535
-0.8460000157356262 -1.2300000190734863 2.996000051498413
-0.8399999737739563 -1.2120000123977661 2.9779999256134033
-0.8759999871253967 -1.1579999923706055 3.002000093460083
-0.8999999761581421 -1.1519999504089355 2.864000082015991
-0.8460000157356262 -1.1759999990463257 2.9179999828338623
-0.8640000224113464 -1.1460000276565552 2.930000066757202
-0.8339999914169312 -1.194000005722046 2.9539999961853027
-0.8700000047683716 -1.1579999923706055 3.002000093460083
-0.8700000047683716 -1.1460000276565552 2.9000000953674316
-0.8640000224113464 -1.1460000276565552 2.9779999256134033
-0.8399999737739563 -1.2300000190734863 3.002000093460083
-0.8700000047683716 -1.253999948501587 3.0380001068115234
-0.9179999828338623 -1.1579999923706055 2.8399999141693115
-0.8519999980926514 -1.1579999923706055 2.9779999256134033
-0.8460000157356262 -1.1640000343322754 2.9060001373291016
-0.8700000047683716 -1.1519999504089355 2.875999927520752
-0.8519999980926514 -1.2419999837875366 3.0260000228881836
-0.8939999938011169 -1.1460000276565552 2.8519999980926514
-0.8700000047683716 -1.1399999856948853 3.002000093460083
-0.8460000157356262 -1.1460000276565552 2.930000066757202
-0.8460000157356262 -1.1460000276565552 2.9539999961853027
-0.8219999670982361 -1.2000000476837158 2.9660000801086426
-0.8219999670982361 -1.2059999704360962 2.9779999256134033
-0.8219999670982361 -1.187999963760376 2.9539999961853027
-0.8640000224113464 -1.1460000276565552 2.875999927520752
-0.828000009059906 -1.2239999771118164 3.002000093460083
-0.828000009059906 -1.1699999570846558 2.930000066757202
-0.8819999694824219 -1.2719999551773071 3.055999994277954
-0.8460000157356262 -1.1460000276565552 2.9779999256134033
-0.8700000047683716 -1.1460000276565552 2.864000082015991
-0.8759999871253967 -1.1399999856948853 3.0199999809265137
-0.8219999670982361 -1.1759999990463257 2.936000108718872
-0.8399999737739563 -1.1519999504089355 2.9779999256134033
-0.8700000047683716 -1.2599999904632568 3.055999994277954
-0.8579999804496765 -1.121999979019165 2.930000066757202
-0.8579999804496765 -1.121999979019165 2.9539999961853027
-0.8219999670982361 -1.2239999771118164 3.002000093460083
-0.8219999670982361 -1.1699999570846558 2.930000066757202
-0.8219999670982361 -1.1699999570846558 2.9539999961853027
-0.8700000047683716 -1.1460000276565552 3.0260000228881836
-0.828000009059906 -1.1579999923706055 2.9539999961853027
-0.8339999914169312 -1.2419999837875366 3.0260000228881836
-0.8219999670982361 -1.2300000190734863 3.008000135421753
-0.8519999980926514 -1.1640000343322754 3.0260000228881836
-0.8819999694824219 -1.277999997138977 3.062000036239624
-0.8219999670982361 -1.1640000343322754 2.9240000247955322
-0.8759999871253967 -1.1519999504089355 3.0439999103546143
-0.8460000157356262 -1.253999948501587 3.0439999103546143
-0.8819999694824219 -1.1460000276565552 3.0439999103546143
-0.8399999737739563 -1.1519999504089355 3.002000093460083
-0.8399999737739563 -1.1460000276565552 3.002000093460083
-0.8460000157356262 -1.1579999923706055 3.0260000228881836
-0.8939999938011169 -1.1399999856948853 2.828000068664551
-0.8159999847412109 -1.1640000343322754 2.9779999256134033
-0.8460000157356262 -1.1460000276565552 3.0260000228881836
-0.8579999804496765 -1.1699999570846558 3.055999994277954
-0.8700000047683716 -1.1759999990463257 3.068000078201294
-0.7979999780654907 -1.2120000123977661 2.9779999256134033
-0.906000018119812 -1.1399999856948853 2.815999984741211
-0.8819999694824219 -1.277999997138977 3.0799999237060547
-0.8519999980926514 -1.1100000143051147 2.9000000953674316
-0.8159999847412109 -1.1640000343322754 3.002000093460083
-0.8159999847412109 -1.1460000276565552 2.9779999256134033
-0.8700000047683716 -1.284000039100647 3.074000120162964
-0.7919999957084656 -1.2000000476837158 2.9600000381469727
-0.7919999957084656 -1.194000005722046 2.9539999961853027
-0.8759999871253967 -1.1640000343322754 3.074000120162964
-0.7979999780654907 -1.2239999771118164 3.002000093460083
-0.8519999980926514 -1.0980000495910645 2.9179999828338623
-0.8880000114440918 -1.1579999923706055 3.0799999237060547
-0.8100000023841858 -1.1460000276565552 2.9720001220703125
-0.8219999670982361 -1.1640000343322754 3.0260000228881836
-0.8579999804496765 -1.1460000276565552 3.055999994277954
-0.828000009059906 -1.253999948501587 3.055999994277954
-0.8999999761581421 -1.1340000629425049 2.809999942779541
-0.8040000200271606 -1.2360000610351562 3.0260000228881836
-0.7979999780654907 -1.1579999923706055 2.9539999961853027
-0.8159999847412109 -1.1460000276565552 3.002000093460083
-0.8700000047683716 -1.128000020980835 2.828000068664551
-0.828000009059906 -1.1759999990463257 3.049999952316284
-0.7979999780654907 -1.2360000610351562 3.0199999809265137
-0.8579999804496765 -1.277999997138977 3.0799999237060547
-0.8819999694824219 -1.1759999990463257 3.0920000076293945
-0.8640000224113464 -1.1699999570846558 3.0799999237060547
-0.8219999670982361 -1.253999948501587 3.055999994277954
-0.8339999914169312 -1.1699999570846558 3.055999994277954
-0.8519999980926514 -1.2719999551773071 3.0799999237060547
-0.8819999694824219 -1.1460000276565552 3.0799999237060547
-0.7979999780654907 -1.2360000610351562 3.0260000228881836
-0.7979999780654907 -1.1460000276565552 2.9539999961853027
-0.7979999780654907 -1.1519999504089355 2.9779999256134033
-0.828000009059906 -1.1759999990463257 3.055999994277954
-0.7860000133514404 -1.1699999570846558 2.930000066757202
-0.8159999847412109 -1.2480000257492065 3.055999994277954
-0.8460000157356262 -1.2719999551773071 3.0799999237060547
-0.7979999780654907 -1.1460000276565552 2.9779999256134033
-0.7799999713897705 -1.1820000410079956 2.930000066757202
-0.7979999780654907 -1.1579999923706055 3.002000093460083
-0.8159999847412109 -1.1460000276565552 3.0260000228881836
-0.8219999670982361 -1.1759999990463257 3.055999994277954
-0.7799999713897705 -1.1759999990463257 2.9240000247955322
-0.8460000157356262 -1.1759999990463257 3.0799999237060547
-0.7739999890327454 -1.2120000123977661 2.9779999256134033
-0.8460000157356262 -1.1699999570846558 3.0799999237060547
-0.8700000047683716 -1.1759999990463257 3.0980000495910645
-0.7799999713897705 -1.1699999570846558 2.9179999828338623
-0.8219999670982361 -1.1640000343322754 3.055999994277954
-0.8700000047683716 -1.128000020980835 2.809999942779541
-0.8880000114440918 -1.2960000038146973 3.1040000915527344
-0.8759999871253967 -1.1759999990463257 3.1040000915527344
-0.8579999804496765 -1.1460000276565552 3.0799999237060547
-0.7860000133514404 -1.1460000276565552 2.930000066757202
-0.7680000066757202 -1.2000000476837158 2.9539999961853027
-0.8339999914169312 -1.1460000276565552 3.062000036239624
-0.8460000157356262 -1.0920000076293945 2.870000123977661
-0.7680000066757202 -1.194000005722046 2.9539999961853027
-0.7739999890327454 -1.2239999771118164 3.002000093460083
-0.8460000157356262 -1.277999997138977 3.0920000076293945
-0.7680000066757202 -1.187999963760376 2.930000066757202
-0.8040000200271606 -1.1159999370574951 2.9779999256134033
-0.8939999938011169 -1.1460000276565552 3.1040000915527344
-0.8700000047683716 -1.1699999570846558 3.1040000915527344
-0.8219999670982361 -1.253999948501587 3.0799999237060547
-0.7979999780654907 -1.1340000629425049 3.002000093460083
-0.8819999694824219 -1.1519999504089355 3.1040000915527344
-0.7799999713897705 -1.1460000276565552 2.9240000247955322
-0.7979999780654907 -1.2480000257492065 3.055999994277954
-0.8700000047683716 -1.2960000038146973 3.1040000915527344
-0.8460000157356262 -1.1460000276565552 3.0799999237060547
-0.8040000200271606 -1.121999979019165 3.002000093460083
-0.7919999957084656 -1.121999979019165 2.9539999961853027
-0.7979999780654907 -1.121999979019165 2.990000009536743
-0.8579999804496765 -1.1759999990463257 3.1040000915527344
-0.7979999780654907 -1.253999948501587 3.062000036239624
-0.7739999890327454 -1.2360000610351562 3.0260000228881836
-0.7979999780654907 -1.121999979019165 3.002000093460083
-0.8460000157356262 -1.1820000410079956 3.1040000915527344
-0.7739999890327454 -1.1399999856948853 2.936000108718872
-0.8460000157356262 -1.2899999618530273 3.1040000915527344
-0.7799999713897705 -1.121999979019165 2.930000066757202
-0.7619999647140503 -1.1699999570846558 2.9000000953674316
-0.75 -1.2000000476837158 2.947999954223633
-0.75 -1.2000000476837158 2.9539999961853027
-0.75 -1.194000005722046 2.930000066757202
-0.7680000066757202 -1.1460000276565552 2.9000000953674316
-0.7559999823570251 -1.1759999990463257 2.9000000953674316
-0.828000009059906 -1.2719999551773071 3.1040000915527344
-0.8219999670982361 -1.277999997138977 3.0980000495910645
-0.8579999804496765 -1.3020000457763672 3.115999937057495
-0.8460000157356262 -1.1579999923706055 3.1100001335144043
-0.7739999890327454 -1.1159999370574951 2.930000066757202
-0.7979999780654907 -1.253999948501587 3.0859999656677246
-0.7440000176429749 -1.2120000123977661 2.9779999256134033
-0.8219999670982361 -1.277999997138977 3.1040000915527344
-0.75 -1.1759999990463257 2.9000000953674316
-0.8579999804496765 -1.1759999990463257 3.128000020980835
-0.75 -1.1759999990463257 2.8940000534057617
-0.8640000224113464 -1.1640000343322754 3.128000020980835
-0.7799999713897705 -1.0980000495910645 2.941999912261963
-0.75 -1.2300000190734863 3.0199999809265137
-0.8999999761581421 -1.128000020980835 2.75600004196167
-0.7559999823570251 -1.1579999923706055 2.881999969482422
-0.7680000066757202 -1.121999979019165 2.9000000953674316
-0.7739999890327454 -1.253999948501587 3.068000078201294
-0.8519999980926514 -1.1100000143051147 2.7860000133514404
-0.7739999890327454 -1.0980000495910645 2.930000066757202
-0.8460000157356262 -1.3079999685287476 3.121999979019165
-0.7559999823570251 -1.1460000276565552 2.875999927520752
-0.8519999980926514 -1.3079999685287476 3.128000020980835
-0.8460000157356262 -1.3079999685287476 3.128000020980835
-0.7979999780654907 -1.2719999551773071 3.1040000915527344
-0.8100000023841858 -1.2719999551773071 3.115999937057495
-0.7440000176429749 -1.1640000343322754 2.875999927520752
-0.7559999823570251 -1.2480000257492065 3.062000036239624
-0.8880000114440918 -1.1159999370574951 2.75
-0.7559999823570251 -1.121999979019165 2.881999969482422
-0.7680000066757202 -1.2599999904632568 3.0799999237060547
-0.7260000109672546 -1.2239999771118164 3.002000093460083
-0.7619999647140503 -1.0980000495910645 2.9000000953674316
-0.7319999933242798 -1.2360000610351562 3.0260000228881836
-0.8219999670982361 -1.2960000038146973 3.128000020980835
-0.7199999690055847 -1.2059999704360962 2.9779999256134033
-0.75 -1.121999979019165 2.875999927520752
-0.8579999804496765 -1.1640000343322754 3.1519999504089355
-0.8219999670982361 -1.3079999685287476 3.128000020980835
-0.8100000023841858 -1.3020000457763672 3.121999979019165
-0.7139999866485596 -1.194000005722046 2.9539999961853027
-0.8640000224113464 -1.3140000104904175 3.1519999504089355
-0.7199999690055847 -1.1759999990463257 2.9000000953674316
-0.7559999823570251 -1.0980000495910645 2.888000011444092
-0.7379999756813049 -1.253999948501587 3.055999994277954
-0.7799999713897705 -1.277999997138977 3.1100001335144043
-0.8999999761581421 -1.121999979019165 2.7260000705718994
-0.7080000042915344 -1.2120000123977661 2.9660000801086426
-0.8460000157356262 -1.0980000495910645 2.76200008392334
-0.7319999933242798 -1.253999948501587 3.049999952316284
-0.7379999756813049 -1.1460000276565552 2.8519999980926514
-0.8579999804496765 -1.1039999723434448 2.75
-0.7680000066757202 -1.2719999551773071 3.1040000915527344
-0.7139999866485596 -1.1699999570846558 2.9000000953674316
-0.75 -1.0980000495910645 2.875999927520752
-0.7319999933242798 -1.1519999504089355 2.8519999980926514
-0.7199999690055847 -1.1640000343322754 2.875999927520752
-0.7440000176429749 -1.2599999904632568 3.0799999237060547
-0.7619999647140503 -1.0740000009536743 2.888000011444092
-0.828000009059906 -1.2960000038146973 3.1519999504089355
-0.7020000219345093 -1.2000000476837158 2.930000066757202
-0.8700000047683716 -1.1039999723434448 2.73799991607666
-0.8519999980926514 -1.0980000495910645 2.75
-0.7020000219345093 -1.2000000476837158 2.9240000247955322
-0.7020000219345093 -1.194000005722046 2.930000066757202
-0.7979999780654907 -1.3079999685287476 3.128000020980835
-0.8219999670982361 -1.2960000038146973 3.1519999504089355
-0.8219999670982361 -1.0679999589920044 2.7920000553131104
-0.7860000133514404 -1.2960000038146973 3.128000020980835
-0.7379999756813049 -1.1159999370574951 2.8519999980926514
-0.7559999823570251 -1.277999997138977 3.1040000915527344
-0.8219999670982361 -1.3140000104904175 3.1519999504089355
-0.7199999690055847 -1.1519999504089355 2.8519999980926514
-0.7619999647140503 -1.062000036239624 2.870000123977661
-0.7440000176429749 -1.277999997138977 3.0980000495910645
-0.75 -1.284000039100647 3.1040000915527344
-0.7739999890327454 -1.3079999685287476 3.121999979019165
-0.7199999690055847 -1.1519999504089355 2.8399999141693115
-0.828000009059906 -1.3079999685287476 3.1640000343322754
-0.6959999799728394 -1.1699999570846558 2.9000000953674316
-0.7379999756813049 -1.0980000495910645 2.8519999980926514
-0.7440000176429749 -1.0740000009536743 2.875999927520752
-0.7979999780654907 -1.2960000038146973 3.1519999504089355
-0.7739999890327454 -1.3079999685287476 3.128000020980835
-0.8579999804496765 -1.0980000495910645 2.7260000705718994
-0.7680000066757202 -1.2960000038146973 3.128000020980835
-0.8460000157356262 -1.0920000076293945 2.7320001125335693
-0.7260000109672546 -1.128000020980835 2.828000068664551
-0.8819999694824219 -1.1039999723434448 2.7079999446868896
-0.7199999690055847 -1.1399999856948853 2.828000068664551
-0.6840000152587891 -1.187999963760376 2.9000000953674316
-0.7260000109672546 -1.121999979019165 2.828000068664551
-0.8219999670982361 -1.055999994277954 2.7680001258850098
-0.7260000109672546 -1.121999979019165 2.822000026702881
-0.7020000219345093 -1.1460000276565552 2.8519999980926514
-0.828000009059906 -1.3199999332427979 3.1760001182556152
-0.6840000152587891 -1.187999963760376 2.875999927520752
-0.7860000133514404 -1.3140000104904175 3.1519999504089355
-0.7440000176429749 -1.0499999523162842 2.881999969482422
-0.8819999694824219 -1.0980000495910645 2.7019999027252197
-0.8219999670982361 -1.3199999332427979 3.1760001182556152
-0.6959999799728394 -1.1519999504089355 2.8519999980926514
-0.6840000152587891 -1.1699999570846558 2.875999927520752
-0.6959999799728394 -1.1460000276565552 2.8519999980926514
-0.7319999933242798 -1.0740000009536743 2.8519999980926514
-0.7260000109672546 -1.0980000495910645 2.828000068664551
-0.671999990940094 -1.187999963760376 2.8940000534057617
-0.8700000047683716 -1.0920000076293945 2.7019999027252197
-0.8219999670982361 -1.3259999752044678 3.181999921798706
-0.8939999938011169 -1.1100000143051147 2.684000015258789
-0.6779999732971191 -1.187999963760376 2.8580000400543213
-0.7680000066757202 -1.3140000104904175 3.1519999504089355
-1.187999963760376 -1.1579999923706055 2.7799999713897705
-0.7919999957084656 -1.3079999685287476 3.1760001182556152
-1.1699999570846558 -1.1519999504089355 2.75600004196167
-0.6959999799728394 -1.1399999856948853 2.828000068664551
-0.7260000109672546 -1.0740000009536743 2.8340001106262207
-0.8219999670982361 -1.0740000009536743 2.7260000705718994
-0.8460000157356262 -1.0799999237060547 2.7079999446868896
-0.671999990940094 -1.187999963760376 2.8519999980926514
-0.7020000219345093 -1.128000020980835 2.815999984741211
-1.1759999990463257 -1.1519999504089355 2.75600004196167
-0.7199999690055847 -1.0799999237060547 2.828000068664551
-0.671999990940094 -1.1699999570846558 2.8519999980926514
-0.6779999732971191 -1.1519999504089355 2.8459999561309814
-0.7199999690055847 -1.0740000009536743 2.828000068664551
-0.7080000042915344 -1.1159999370574951 2.803999900817871
-0.7199999690055847 -1.055999994277954 2.8519999980926514
-0.8759999871253967 -1.0980000495910645 2.677999973297119
-0.8040000200271606 -1.0440000295639038 2.75
-0.6959999799728394 -1.128000020980835 2.809999942779541
-0.8460000157356262 -1.0799999237060547 2.696000099182129
-0.7260000109672546 -1.0440000295639038 2.8519999980926514
-0.671999990940094 -1.1399999856948853 2.8519999980926514
-1.187999963760376 -1.1460000276565552 2.75600004196167
-0.7080000042915344 -1.0980000495910645 2.803999900817871
-0.6959999799728394 -1.121999979019165 2.803999900817871
-0.7139999866485596 -1.0499999523162842 2.8519999980926514
-0.8100000023841858 -1.0499999523162842 2.7260000705718994
-0.8579999804496765 -1.0740000009536743 2.684000015258789
-0.7199999690055847 -1.0499999523162842 2.828000068664551
-0.8640000224113464 -1.0799999237060547 2.677999973297119
-0.6599999666213989 -1.187999963760376 2.828000068664551
-0.8219999670982361 -1.0679999589920044 2.7019999027252197
-0.6660000085830688 -1.1759999990463257 2.815999984741211
-0.7020000219345093 -1.1039999723434448 2.7920000553131104
-1.1699999570846558 -1.1340000629425049 2.7260000705718994
-0.7020000219345093 -1.0980000495910645 2.7920000553131104
-1.1759999990463257 -1.1399999856948853 2.7260000705718994
-0.6660000085830688 -1.1399999856948853 2.828000068664551
-0.7080000042915344 -1.0320000648498535 2.875999927520752
-0.7260000109672546 -1.0260000228881836 2.828000068664551
-0.6539999842643738 -1.1699999570846558 2.828000068664551
-0.7020000219345093 -1.0740000009536743 2.803999900817871
-0.8399999737739563 -1.0740000009536743 2.677999973297119
-0.671999990940094 -1.128000020980835 2.809999942779541
-0.8759999871253967 -1.0920000076293945 2.6540000438690186
-0.6480000019073486 -1.187999963760376 2.828000068664551
-0.7020000219345093 -1.0740000009536743 2.7980000972747803
-0.6480000019073486 -1.1460000276565552 2.8519999980926514
-1.0679999589920044 -1.0139999389648438 2.7200000286102295
-0.6359999775886536 -1.1640000343322754 2.875999927520752
-0.7979999780654907 -1.0320000648498535 2.7260000705718994
-0.6480000019073486 -1.1699999570846558 2.828000068664551
-0.671999990940094 -1.121999979019165 2.803999900817871
-0.6599999666213989 -1.121999979019165 2.828000068664551
-0.8819999694824219 -0.9660000205039978 2.75
-0.8519999980926514 -0.9959999918937683 2.7260000705718994
-1.1699999570846558 -1.128000020980835 2.7079999446868896
-0.906000018119812 -1.1039999723434448 2.635999917984009
-0.8399999737739563 -0.9959999918937683 2.7320001125335693
-0.8040000200271606 -1.0440000295639038 2.7079999446868896
-1.1340000629425049 -1.1159999370574951 2.684000015258789
-0.6779999732971191 -1.0499999523162842 2.881999969482422
-0.8700000047683716 -1.0799999237060547 2.6540000438690186
-0.7080000042915344 -1.0199999809265137 2.8519999980926514
-0.6899999976158142 -1.0980000495910645 2.7799999713897705
-0.8219999670982361 -1.0679999589920044 2.677999973297119
-0.9240000247955322 -0.972000002861023 2.7260000705718994
-0.6779999732971191 -1.055999994277954 2.8519999980926514
-0.6480000019073486 -1.1399999856948853 2.828000068664551
-0.7020000219345093 -1.0499999523162842 2.803999900817871
-0.8640000224113464 -1.0740000009536743 2.6540000438690186
-0.6959999799728394 -1.055999994277954 2.803999900817871
-0.9419999718666077 -0.9480000138282776 2.75
-0.6299999952316284 -1.1699999570846558 2.8519999980926514
-0.6779999732971191 -1.0499999523162842 2.8519999980926514
-0.8759999871253967 -0.972000002861023 2.7320001125335693
-0.7919999957084656 -1.0199999809265137 2.7260000705718994
-0.9240000247955322 -1.0920000076293945 2.630000114440918
-0.8999999761581421 -1.0980000495910645 2.630000114440918
-0.671999990940094 -1.055999994277954 2.8519999980926514
-0.9660000205039978 -0.9539999961853027 2.73799991607666
-0.6959999799728394 -1.0499999523162842 2.803999900817871
-0.6779999732971191 -1.1039999723434448 2.7799999713897705
-0.8759999871253967 -0.9959999918937683 2.7019999027252197
-0.6959999799728394 -1.0199999809265137 2.8519999980926514
-0.7979999780654907 -1.0379999876022339 2.7019999027252197
-0.671999990940094 -1.055999994277954 2.8459999561309814
-0.9419999718666077 -0.9599999785423279 2.7260000705718994
-0.6480000019073486 -1.128000020980835 2.815999984741211
-0.7020000219345093 -1.0199999809265137 2.828000068664551
-0.6240000128746033 -1.1699999570846558 2.8519999980926514
-0.6179999709129333 -1.1699999570846558 2.875999927520752
-0.7979999780654907 -1.055999994277954 2.684000015258789
-0.8640000224113464 -0.972000002861023 2.7260000705718994
-0.671999990940094 -1.1039999723434448 2.7799999713897705
-0.6240000128746033 -1.1699999570846558 2.8459999561309814
-0.671999990940094 -1.0980000495910645 2.7799999713897705
-0.9599999785423279 -0.9359999895095825 2.75
-0.906000018119812 -0.9779999852180481 2.7019999027252197
-0.9120000004768372 -1.0740000009536743 2.630000114440918
-0.6840000152587891 -1.0740000009536743 2.7799999713897705
-0.6240000128746033 -1.187999963760376 2.828000068664551
-0.6959999799728394 -1.0199999809265137 2.828000068664551
-0.7080000042915344 -1.0199999809265137 2.803999900817871
-0.6240000128746033 -1.1460000276565552 2.8519999980926514
-0.6480000019073486 -1.121999979019165 2.803999900817871
-0.8579999804496765 -0.9900000095367432 2.7019999027252197
-0.8999999761581421 -1.0740000009536743 2.630000114440918
-0.671999990940094 -1.0499999523162842 2.828000068664551
-0.8700000047683716 -1.0859999656677246 2.630000114440918
-0.8339999914169312 -1.062000036239624 2.6540000438690186
-0.9480000138282776 -0.9480000138282776 2.7260000705718994
-0.7979999780654907 -1.0499999523162842 2.677999973297119
-1.1399999856948853 -1.1039999723434448 2.6660001277923584
-0.8999999761581421 -1.0920000076293945 2.618000030517578
-0.6119999885559082 -1.1820000410079956 2.8519999980926514
-0.9419999718666077 -0.9660000205039978 2.7019999027252197
-0.6660000085830688 -1.0379999876022339 2.8519999980926514
-0.8700000047683716 -0.9900000095367432 2.690000057220459
-0.6779999732971191 -1.0320000648498535 2.828000068664551
-0.6060000061988831 -1.1759999990463257 2.875999927520752
-0.8460000157356262 -0.9599999785423279 2.7320001125335693
-0.9839999675750732 -1.0920000076293945 2.611999988555908
-0.9240000247955322 -0.9419999718666077 2.7260000705718994
-0.8219999670982361 -1.055999994277954 2.6540000438690186
-0.6779999732971191 -1.0740000009536743 2.7680001258850098
-0.8100000023841858 -0.9779999852180481 2.7260000705718994
-0.6779999732971191 -1.0799999237060547 2.76200008392334
-0.9179999828338623 -0.9599999785423279 2.7019999027252197
-0.8460000157356262 -1.055999994277954 2.6419999599456787
-0.9480000138282776 -1.0920000076293945 2.6059999465942383
-0.6240000128746033 -1.128000020980835 2.828000068664551
-0.9240000247955322 -1.0799999237060547 2.611999988555908
-0.8700000047683716 -1.062000036239624 2.630000114440918
-0.6899999976158142 -1.0199999809265137 2.803999900817871
-0.9660000205039978 -0.9359999895095825 2.7260000705718994
-0.5999999642372131 -1.1699999570846558 2.875999927520752
-0.8999999761581421 -0.9599999785423279 2.7019999027252197
-0.8939999938011169 -0.9779999852180481 2.684000015258789
-0.6480000019073486 -1.1039999723434448 2.7860000133514404
-0.671999990940094 -1.062000036239624 2.7799999713897705
-0.8219999670982361 -1.055999994277954 2.6480000019073486
-0.6779999732971191 -1.0499999523162842 2.7799999713897705
-0.7860000133514404 -1.0080000162124634 2.7019999027252197
-0.6119999885559082 -1.1820000410079956 2.815999984741211
-0.9599999785423279 -1.0799999237060547 2.6059999465942383
-0.8100000023841858 -1.0499999523162842 2.6540000438690186
-1.062000036239624 -0.9959999918937683 2.677999973297119
-0.593999981880188 -1.2000000476837158 2.864000082015991
-0.5999999642372131 -1.1519999504089355 2.870000123977661
-0.828000009059906 -0.9779999852180481 2.7019999027252197
-0.8159999847412109 -0.9839999675750732 2.7019999027252197
-1.1460000276565552 -1.0980000495910645 2.6540000438690186
-0.9480000138282776 -1.0740000009536743 2.6059999465942383
-0.6480000019073486 -1.0980000495910645 2.7799999713897705
-0.9300000071525574 -0.9480000138282776 2.7019999027252197
-0.8519999980926514 -0.9660000205039978 2.7019999027252197
-0.6840000152587891 -1.0199999809265137 2.7980000972747803
-0.671999990940094 -1.0320000648498535 2.803999900817871
-0.8640000224113464 -1.0499999523162842 2.630000114440918
-0.8999999761581421 -1.055999994277954 2.618000030517578
-0.671999990940094 -1.0499999523162842 2.7799999713897705
-0.6660000085830688 -1.0859999656677246 2.75600004196167
-0.9179999828338623 -0.9480000138282776 2.7019999027252197
-0.8700000047683716 -1.055999994277954 2.624000072479248
-0.8339999914169312 -0.972000002861023 2.7019999027252197
-1.1039999723434448 -1.0920000076293945 2.630000114440918
-0.8399999737739563 -0.9480000138282776 2.7260000705718994
-0.7979999780654907 -1.0499999523162842 2.6540000438690186
-0.9300000071525574 -0.9660000205039978 2.677999973297119
-0.7919999957084656 -1.0199999809265137 2.677999973297119
-0.5999999642372131 -1.187999963760376 2.828000068664551
-0.5879999995231628 -1.187999963760376 2.875999927520752
-0.671999990940094 -1.0499999523162842 2.7739999294281006
-0.9599999785423279 -0.9419999718666077 2.7019999027252197
-0.8159999847412109 -1.0019999742507935 2.677999973297119
-0.8939999938011169 -0.9419999718666077 2.7079999446868896
-0.5999999642372131 -1.1399999856948853 2.8519999980926514
-0.8219999670982361 -0.972000002861023 2.7019999027252197
-0.671999990940094 -1.0080000162124634 2.828000068664551
-0.8219999670982361 -0.9959999918937683 2.677999973297119
-0.6119999885559082 -1.0740000009536743 2.9179999828338623
-0.6240000128746033 -1.1100000143051147 2.803999900817871
-0.8999999761581421 -0.972000002861023 2.671999931335449
-0.7979999780654907 -0.9839999675750732 2.7019999027252197
-0.671999990940094 -1.0199999809265137 2.803999900817871
-0.9539999961853027 -0.9240000247955322 2.7200000286102295
-1.128000020980835 -1.0920000076293945 2.635999917984009
-0.828000009059906 -0.9900000095367432 2.677999973297119
-1.1100000143051147 -1.0080000162124634 2.677999973297119
-0.8460000157356262 -1.0440000295639038 2.630000114440918
-0.6060000061988831 -1.0799999237060547 2.936000108718872
-0.6299999952316284 -1.0440000295639038 2.875999927520752
-0.9240000247955322 -1.055999994277954 2.6059999465942383
-0.6240000128746033 -1.0499999523162842 2.881999969482422
-0.8579999804496765 -0.972000002861023 2.677999973297119
-0.6060000061988831 -1.121999979019165 2.828000068664551
-0.8579999804496765 -0.9480000138282776 2.7019999027252197
-0.9179999828338623 -1.0499999523162842 2.6059999465942383
-0.6840000152587891 -0.9959999918937683 2.803999900817871
-0.6480000019073486 -1.0859999656677246 2.76200008392334
-0.9179999828338623 -0.9539999961853027 2.677999973297119
-0.6240000128746033 -1.1039999723434448 2.7920000553131104
-0.5999999642372131 -1.128000020980835 2.8340001106262207
-0.5759999752044678 -1.2000000476837158 2.881999969482422
-0.6599999666213989 -1.0740000009536743 2.75
-0.8100000023841858 -1.0199999809265137 2.6540000438690186
-0.593999981880188 -1.1820000410079956 2.815999984741211
-0.9480000138282776 -1.0799999237060547 2.5880000591278076
-0.5999999642372131 -1.0799999237060547 2.936000108718872
-0.6420000195503235 -1.0740000009536743 2.7799999713897705
-0.7979999780654907 -0.972000002861023 2.7019999027252197
-1.0260000228881836 -0.9839999675750732 2.6540000438690186
-0.8999999761581421 -0.9539999961853027 2.677999973297119
-0.7979999780654907 -0.9959999918937683 2.677999973297119
-0.8460000157356262 -0.9480000138282776 2.7019999027252197
-0.8399999737739563 -0.972000002861023 2.677999973297119
-0.9300000071525574 -0.9660000205039978 2.6600000858306885
-0.5820000171661377 -1.1460000276565552 2.875999927520752
-0.5999999642372131 -1.121999979019165 2.828000068664551
-0.6480000019073486 -1.0740000009536743 2.76200008392334
-0.8999999761581421 -1.0440000295639038 2.6059999465942383
-0.8219999670982361 -0.972000002861023 2.684000015258789
-0.6359999775886536 -1.0260000228881836 2.8519999980926514
-0.7979999780654907 -1.0199999809265137 2.6540000438690186
-0.9539999961853027 -1.0799999237060547 2.5820000171661377
-0.8999999761581421 -0.9480000138282776 2.677999973297119
-0.6480000019073486 -1.0499999523162842 2.7799999713897705
-0.5759999752044678 -1.194000005722046 2.8519999980926514
-0.9779999852180481 -1.0799999237060547 2.5820000171661377
-0.9480000138282776 -0.9419999718666077 2.677999973297119
-0.9660000205039978 -0.9660000205039978 2.6540000438690186
-0.671999990940094 -0.9959999918937683 2.803999900817871
-0.5640000104904175 -1.194000005722046 2.930000066757202
-0.9240000247955322 -0.9419999718666077 2.677999973297119
-0.9480000138282776 -0.9779999852180481 2.6419999599456787
-0.9179999828338623 -0.9660000205039978 2.6540000438690186
-0.8219999670982361 -1.0320000648498535 2.630000114440918
-0.5640000104904175 -1.2059999704360962 2.9060001373291016
-0.6240000128746033 -1.0920000076293945 2.7799999713897705
-1.0980000495910645 -1.0859999656677246 2.6059999465942383
-0.8399999737739563 -1.0199999809265137 2.630000114440918
-0.6420000195503235 -1.0199999809265137 2.828000068664551
-0.8219999670982361 -0.9480000138282776 2.7019999027252197
-0.5699999928474426 -1.1699999570846558 2.881999969482422
-1.1039999723434448 -1.0080000162124634 2.6540000438690186
-0.7979999780654907 -1.0199999809265137 2.6480000019073486
-0.8339999914169312 -0.9900000095367432 2.6540000438690186
-0.6060000061988831 -1.055999994277954 2.881999969482422
-0.8219999670982361 -0.9959999918937683 2.6540000438690186
-0.8219999670982361 -1.0199999809265137 2.635999917984009
-0.6359999775886536 -1.0260000228881836 2.828000068664551
-0.8460000157356262 -1.0320000648498535 2.618000030517578
-0.7860000133514404 -0.9959999918937683 2.671999931335449
-0.8700000047683716 -0.9480000138282776 2.677999973297119
-0.6299999952316284 -1.0499999523162842 2.803999900817871
-0.6060000061988831 -1.055999994277954 2.870000123977661
-0.6480000019073486 -1.0199999809265137 2.803999900817871
-0.5699999928474426 -1.194000005722046 2.8519999980926514
-0.8519999980926514 -1.0080000162124634 2.630000114440918
-0.7979999780654907 -1.0320000648498535 2.635999917984009
-1.1159999370574951 -1.0799999237060547 2.611999988555908
-0.6240000128746033 -1.0859999656677246 2.7739999294281006
-0.6599999666213989 -1.0080000162124634 2.7920000553131104
-0.6480000019073486 -1.0199999809265137 2.7980000972747803
-0.8219999670982361 -0.9959999918937683 2.6480000019073486
-0.8579999804496765 -0.972000002861023 2.6540000438690186
-1.0080000162124634 -1.0679999589920044 2.5820000171661377
-0.5699999928474426 -1.1460000276565552 2.875999927520752
-0.5640000104904175 -1.2000000476837158 2.864000082015991
-0.8700000047683716 -1.0320000648498535 2.6059999465942383
-0.9839999675750732 -1.0740000009536743 2.5759999752044678
-0.6240000128746033 -1.0740000009536743 2.7799999713897705
-0.5879999995231628 -1.0740000009536743 2.9060001373291016
-0.9539999961853027 -0.9300000071525574 2.677999973297119
-0.9480000138282776 -1.055999994277954 2.5820000171661377
-0.5999999642372131 -1.1039999723434448 2.803999900817871
-0.6240000128746033 -1.0499999523162842 2.803999900817871
-0.8460000157356262 -1.0199999809265137 2.618000030517578
-0.9300000071525574 -0.9240000247955322 2.684000015258789
-0.6779999732971191 -0.9839999675750732 2.7860000133514404
-0.8460000157356262 -0.972000002861023 2.6540000438690186
-0.6179999709129333 -1.0260000228881836 2.8580000400543213
-0.5579999685287476 -1.2059999704360962 2.875999927520752
-0.6240000128746033 -1.0499999523162842 2.7980000972747803
-0.593999981880188 -1.062000036239624 2.875999927520752
-0.8399999737739563 -0.9480000138282776 2.677999973297119
-0.5579999685287476 -1.194000005722046 2.875999927520752
-0.8519999980926514 -0.9959999918937683 2.630000114440918
-0.9539999961853027 -0.9240000247955322 2.677999973297119
-1.0499999523162842 -0.9839999675750732 2.635999917984009
-0.8460000157356262 -0.9959999918937683 2.630000114440918
-1.0080000162124634 -0.9779999852180481 2.630000114440918
-0.9419999718666077 -0.972000002861023 2.630000114440918
-0.8700000047683716 -1.0199999809265137 2.6059999465942383
-0.972000002861023 -0.972000002861023 2.630000114440918
-0.6119999885559082 -1.062000036239624 2.803999900817871
-0.972000002861023 -1.055999994277954 2.5759999752044678
-1.128000020980835 -1.0019999742507935 2.6540000438690186
-1.121999979019165 -1.0740000009536743 2.6059999465942383
-0.906000018119812 -0.9240000247955322 2.677999973297119
-0.7919999957084656 -0.9660000205039978 2.677999973297119
-0.8700000047683716 -1.0260000228881836 2.5999999046325684
-0.6240000128746033 -1.0199999809265137 2.828000068664551
-0.9359999895095825 -0.9419999718666077 2.6540000438690186
-0.5519999861717224 -1.1759999990463257 2.9000000953674316
-0.9599999785423279 -1.0499999523162842 2.5759999752044678
-0.9480000138282776 -1.0499999523162842 2.5759999752044678
-1.0740000009536743 -1.0799999237060547 2.5820000171661377
-1.0080000162124634 -0.972000002861023 2.630000114440918
-0.8880000114440918 -0.9480000138282776 2.6540000438690186
-0.6119999885559082 -1.0379999876022339 2.828000068664551
-0.5519999861717224 -1.1699999570846558 2.9000000953674316
-0.5699999928474426 -1.128000020980835 2.8459999561309814
-0.6480000019073486 -0.9959999918937683 2.803999900817871
-1.0499999523162842 -1.0740000009536743 2.5759999752044678
-0.8460000157356262 -0.9959999918937683 2.624000072479248
-0.9120000004768372 -0.9419999718666077 2.6540000438690186
-0.8700000047683716 -1.0199999809265137 2.5999999046325684
-0.8759999871253967 -1.0080000162124634 2.6059999465942383
-0.9900000095367432 -0.9660000205039978 2.630000114440918
-0.9419999718666077 -0.9779999852180481 2.618000030517578
-1.128000020980835 -1.0019999742507935 2.6480000019073486
-0.5999999642372131 -1.0740000009536743 2.803999900817871
-0.7919999957084656 -0.9480000138282776 2.690000057220459
-1.0859999656677246 -1.0799999237060547 2.5820000171661377
-0.8759999871253967 -0.972000002861023 2.630000114440918
-0.593999981880188 -1.0499999523162842 2.8519999980926514
-0.5879999995231628 -1.055999994277954 2.864000082015991
-0.5999999642372131 -1.0859999656677246 2.7860000133514404
-0.5879999995231628 -1.0980000495910645 2.803999900817871
-0.8640000224113464 -0.9480000138282776 2.6540000438690186
-0.8700000047683716 -0.9959999918937683 2.611999988555908
-0.8700000047683716 -0.972000002861023 2.630000114440918
-0.5460000038146973 -1.2059999704360962 2.875999927520752
-0.5460000038146973 -1.1699999570846558 2.9000000953674316
-0.9120000004768372 -0.9599999785423279 2.630000114440918
-0.5460000038146973 -1.194000005722046 2.875999927520752
-1.121999979019165 -1.0139999389648438 2.630000114440918
-0.8759999871253967 -0.9240000247955322 2.671999931335449
-1.0740000009536743 -1.0740000009536743 2.5759999752044678
-1.0980000495910645 -0.9959999918937683 2.630000114440918
-0.8819999694824219 -0.9959999918937683 2.6059999465942383
-0.9539999961853027 -0.9300000071525574 2.6540000438690186
-0.5699999928474426 -1.1159999370574951 2.828000068664551
-0.8100000023841858 -0.9359999895095825 2.684000015258789
-0.5999999642372131 -1.0740000009536743 2.7860000133514404
-0.9240000247955322 -1.0320000648498535 2.5759999752044678
-0.9839999675750732 -0.9480000138282776 2.635999917984009
-0.8999999761581421 -1.0260000228881836 2.5820000171661377
-0.6179999709129333 -1.0199999809265137 2.809999942779541
-0.5460000038146973 -1.1579999923706055 2.888000011444092
-1.121999979019165 -1.0260000228881836 2.618000030517578
-0.6539999842643738 -0.9839999675750732 2.7860000133514404
-0.593999981880188 -1.0499999523162842 2.828000068664551
-1.128000020980835 -0.9959999918937683 2.6419999599456787
-0.5820000171661377 -1.0499999523162842 2.875999927520752
-0.5999999642372131 -1.0499999523162842 2.809999942779541
-0.5579999685287476 -1.128000020980835 2.8519999980926514
-0.9539999961853027 -0.9240000247955322 2.6540000438690186
-0.9480000138282776 -0.9240000247955322 2.6540000438690186
-1.0260000228881836 -0.972000002861023 2.618000030517578
-1.0199999809265137 -0.9779999852180481 2.611999988555908
-0.7860000133514404 -0.9599999785423279 2.6660001277923584
-0.8460000157356262 -0.9419999718666077 2.6540000438690186
-0.9240000247955322 -0.9480000138282776 2.630000114440918
-0.9240000247955322 -1.0320000648498535 2.569999933242798
-1.0320000648498535 -0.9779999852180481 2.611999988555908
-0.8700000047683716 -0.972000002861023 2.618000030517578
-0.5339999794960022 -1.194000005722046 2.9000000953674316
-0.8999999761581421 -0.9480000138282776 2.630000114440918
-0.9959999918937683 -1.0679999589920044 2.552000045776367
-0.9660000205039978 -0.9419999718666077 2.630000114440918
-1.0019999742507935 -1.0679999589920044 2.552000045776367
-0.5699999928474426 -1.1039999723434448 2.809999942779541
-0.8999999761581421 -1.0199999809265137 2.5759999752044678
-0.6420000195503235 -0.9900000095367432 2.7799999713897705
-1.0920000076293945 -1.062000036239624 2.5759999752044678
-0.9959999918937683 -0.972000002861023 2.6059999465942383
-0.906000018119812 -0.972000002861023 2.6059999465942383
-0.8999999761581421 -0.972000002861023 2.6059999465942383
-0.5999999642372131 -1.0199999809265137 2.828000068664551
-0.9539999961853027 -0.9660000205039978 2.6059999465942383
-0.6240000128746033 -0.9959999918937683 2.803999900817871
-0.5399999618530273 -1.1460000276565552 2.875999927520752
-0.527999997138977 -1.2179999351501465 2.9060001373291016
-0.9359999895095825 -0.9660000205039978 2.6059999465942383
-1.1159999370574951 -1.0199999809265137 2.6059999465942383
-1.0199999809265137 -0.972000002861023 2.6059999465942383
-0.8700000047683716 -0.9480000138282776 2.630000114440918
-0.9419999718666077 -0.9359999895095825 2.630000114440918
-0.5759999752044678 -1.062000036239624 2.828000068664551
-0.9779999852180481 -0.9120000004768372 2.6540000438690186
-1.1039999723434448 -1.062000036239624 2.5759999752044678
-0.5460000038146973 -1.128000020980835 2.8519999980926514
-0.5699999928474426 -1.0920000076293945 2.803999900817871
-0.5699999928474426 -1.055999994277954 2.8519999980926514
-0.9959999918937683 -1.0499999523162842 2.552000045776367
-1.0019999742507935 -1.0499999523162842 2.552000045776367
-1.0379999876022339 -1.062000036239624 2.552000045776367
-1.055999994277954 -1.055999994277954 2.558000087738037
-0.972000002861023 -1.0379999876022339 2.552000045776367
-1.0199999809265137 -1.062000036239624 2.5460000038146973
-1.0980000495910645 -1.055999994277954 2.569999933242798
-0.5519999861717224 -1.0679999589920044 2.9000000953674316
-0.5220000147819519 -1.194000005722046 2.9000000953674316
-0.8999999761581421 -0.972000002861023 2.5940001010894775
-1.1100000143051147 -1.0499999523162842 2.5759999752044678
-0.5220000147819519 -1.194000005722046 2.888000011444092
-0.5699999928474426 -1.0740000009536743 2.803999900817871
-0.9599999785423279 -0.9240000247955322 2.630000114440918
-1.0980000495910645 -0.9900000095367432 2.6059999465942383
-0.9359999895095825 -0.9240000247955322 2.630000114440918
-0.9779999852180481 -0.9240000247955322 2.630000114440918
-0.8999999761581421 -0.9959999918937683 2.5759999752044678
-0.8460000157356262 -0.9240000247955322 2.6480000019073486
-0.5220000147819519 -1.1699999570846558 2.9000000953674316
-1.1100000143051147 -0.9959999918937683 2.6059999465942383
-0.8999999761581421 -1.0139999389648438 2.564000129699707
-0.9599999785423279 -0.9480000138282776 2.6059999465942383
-0.9359999895095825 -0.9480000138282776 2.6059999465942383
-0.5699999928474426 -1.0499999523162842 2.828000068664551
-0.9779999852180481 -0.9480000138282776 2.6059999465942383
-1.0320000648498535 -1.055999994277954 2.5460000038146973
-0.9240000247955322 -0.9480000138282776 2.6059999465942383
-1.0499999523162842 -1.0499999523162842 2.552000045776367
-0.9480000138282776 -1.0260000228881836 2.552000045776367
-0.906000018119812 -0.9900000095367432 2.5759999752044678
-0.5460000038146973 -1.1100000143051147 2.828000068664551
-0.5519999861717224 -1.055999994277954 2.888000011444092
-0.5220000147819519 -1.1519999504089355 2.888000011444092
-0.515999972820282 -1.2120000123977661 2.881999969482422
-0.8939999938011169 -0.9480000138282776 2.6059999465942383
-0.9480000138282776 -1.0199999809265137 2.552000045776367
-0.972000002861023 -1.0320000648498535 2.5460000038146973
-0.5460000038146973 -1.1039999723434448 2.822000026702881
-0.5579999685287476 -1.0499999523162842 2.8519999980926514
-0.5099999904632568 -1.194000005722046 2.941999912261963
-0.5519999861717224 -1.0740000009536743 2.828000068664551
-0.9480000138282776 -0.8999999761581421 2.6419999599456787
-0.5220000147819519 -1.1399999856948853 2.875999927520752
-0.5099999904632568 -1.2059999704360962 2.9000000953674316
-0.8999999761581421 -0.9959999918937683 2.564000129699707
-0.593999981880188 -1.0019999742507935 2.803999900817871
-1.0740000009536743 -1.0440000295639038 2.552000045776367
-0.527999997138977 -1.121999979019165 2.8519999980926514
-0.9179999828338623 -0.972000002861023 2.5759999752044678
-0.9240000247955322 -1.0080000162124634 2.552000045776367
-0.9779999852180481 -0.9179999828338623 2.618000030517578
-0.5460000038146973 -1.0920000076293945 2.809999942779541
-0.5460000038146973 -1.0740000009536743 2.828000068664551
-0.5220000147819519 -1.128000020980835 2.8580000400543213
-0.9300000071525574 -0.9660000205039978 2.5759999752044678
-1.1100000143051147 -1.0139999389648438 2.5759999752044678
-0.5460000038146973 -1.0740000009536743 2.822000026702881
-0.9240000247955322 -0.9480000138282776 2.5880000591278076
-0.5699999928474426 -1.0199999809265137 2.822000026702881
-1.0859999656677246 -1.0379999876022339 2.552000045776367
-0.5220000147819519 -1.121999979019165 2.8519999980926514
-0.9480000138282776 -0.9240000247955322 2.6059999465942383
-0.9660000205039978 -0.9240000247955322 2.6059999465942383
-0.5460000038146973 -1.0499999523162842 2.8519999980926514
-0.5699999928474426 -1.0139999389648438 2.828000068664551
-0.9300000071525574 -0.9959999918937683 2.552000045776367
-1.0799999237060547 -0.972000002861023 2.5880000591278076
-0.9240000247955322 -0.9959999918937683 2.552000045776367
-0.49800002574920654 -1.2239999771118164 2.930000066757202
-0.9959999918937683 -0.9599999785423279 2.5759999752044678
-1.1039999723434448 -1.0199999809265137 2.564000129699707
-0.9959999918937683 -1.0260000228881836 2.5339999198913574
-0.972000002861023 -0.9539999961853027 2.5759999752044678
-0.9480000138282776 -1.0080000162124634 2.5399999618530273
-0.49800002574920654 -1.187999963760376 2.9779999256134033
-1.0199999809265137 -0.9599999785423279 2.5759999752044678
-1.1039999723434448 -1.0260000228881836 2.558000087738037
-1.0740000009536743 -0.9779999852180481 2.5759999752044678
-1.0799999237060547 -1.0320000648498535 2.5460000038146973
-0.527999997138977 -1.0980000495910645 2.828000068664551
-1.1039999723434448 -0.9839999675750732 2.5820000171661377
-0.49800002574920654 -1.194000005722046 2.881999969482422
-1.0499999523162842 -0.9660000205039978 2.5759999752044678
-0.9480000138282776 -0.9480000138282776 2.5759999752044678
-0.972000002861023 -0.9480000138282776 2.5759999752044678
-0.527999997138977 -1.0740000009536743 2.8519999980926514
-0.9839999675750732 -0.9480000138282776 2.5759999752044678
-0.9240000247955322 -0.972000002861023 2.558000087738037
-0.5460000038146973 -1.0379999876022339 2.8340001106262207
-1.0920000076293945 -1.0199999809265137 2.552000045776367
-0.4919999837875366 -1.187999963760376 2.930000066757202
-0.4919999837875366 -1.2179999351501465 2.9000000953674316
-0.4919999837875366 -1.187999963760376 2.9539999961853027
-0.5220000147819519 -1.1039999723434448 2.828000068664551
-1.0019999742507935 -0.9480000138282776 2.5759999752044678
-0.49800002574920654 -1.1519999504089355 2.9000000953674316
-1.0920000076293945 -0.9779999852180481 2.5759999752044678
-1.0799999237060547 -1.0199999809265137 2.5460000038146973
-0.4919999837875366 -1.187999963760376 2.9000000953674316
-0.5220000147819519 -1.0980000495910645 2.828000068664551
-0.4919999837875366 -1.1699999570846558 2.930000066757202
-0.9959999918937683 -1.0199999809265137 2.5280001163482666
-1.0199999809265137 -1.0260000228881836 2.5280001163482666
-0.4919999837875366 -1.2059999704360962 2.881999969482422
-1.0080000162124634 -1.0199999809265137 2.5280001163482666
-0.9539999961853027 -0.972000002861023 2.552000045776367
-0.9480000138282776 -0.972000002861023 2.552000045776367
-0.5220000147819519 -1.0740000009536743 2.8519999980926514
-1.062000036239624 -1.0260000228881836 2.5339999198913574
-0.5220000147819519 -1.0920000076293945 2.822000026702881
-0.5220000147819519 -1.0740000009536743 2.8459999561309814
-0.972000002861023 -1.0080000162124634 2.5280001163482666
-0.9480000138282776 -0.9959999918937683 2.5339999198913574
-0.49800002574920654 -1.1340000629425049 2.875999927520752
-1.0499999523162842 -1.0260000228881836 2.5280001163482666
-0.9480000138282776 -0.9480000138282776 2.564000129699707
-1.0799999237060547 -0.9959999918937683 2.552000045776367
-0.9480000138282776 -0.9240000247955322 2.5820000171661377
-0.9480000138282776 -0.972000002861023 2.5460000038146973
-0.49800002574920654 -1.128000020980835 2.864000082015991
-0.5220000147819519 -1.0379999876022339 2.9060001373291016
-0.5640000104904175 -1.0019999742507935 2.7980000972747803
-0.5339999794960022 -1.0199999809265137 2.875999927520752
-1.055999994277954 -1.0199999809265137 2.5280001163482666
-0.9660000205039978 -0.9959999918937683 2.5280001163482666
-0.527999997138977 -1.0260000228881836 2.881999969482422
-0.5220000147819519 -1.0499999523162842 2.8519999980926514
-1.0799999237060547 -0.9959999918937683 2.5460000038146973
-0.4859999418258667 -1.1460000276565552 2.9000000953674316
-0.5040000081062317 -1.0980000495910645 2.8519999980926514
-0.972000002861023 -1.0019999742507935 2.5220000743865967
-0.49800002574920654 -1.1159999370574951 2.8519999980926514
-0.9900000095367432 -0.9539999961853027 2.552000045776367
-1.0799999237060547 -0.972000002861023 2.558000087738037
-1.0440000295639038 -0.9660000205039978 2.552000045776367
-1.0740000009536743 -0.9779999852180481 2.552000045776367
-0.9240000247955322 -0.8880000114440918 2.6059999465942383
-0.5040000081062317 -1.0740000009536743 2.875999927520752
-0.9660000205039978 -0.9179999828338623 2.5759999752044678
-0.49800002574920654 -1.1100000143051147 2.8459999561309814
-0.9660000205039978 -0.9480000138282776 2.552000045776367
-1.0199999809265137 -0.9539999961853027 2.552000045776367
-1.0740000009536743 -0.972000002861023 2.552000045776367
-0.9959999918937683 -0.9480000138282776 2.552000045776367
-0.49800002574920654 -1.0980000495910645 2.8519999980926514
-0.5519999861717224 -0.9660000205039978 2.888000011444092
-1.0139999389648438 -0.9480000138282776 2.552000045776367
-0.49800002574920654 -1.0980000495910645 2.8399999141693115
-1.055999994277954 -1.0080000162124634 2.5220000743865967
-0.527999997138977 -1.0139999389648438 2.8519999980926514
-1.055999994277954 -0.9959999918937683 2.5280001163482666
-0.49800002574920654 -1.0740000009536743 2.875999927520752
-0.4919999837875366 -1.0920000076293945 2.875999927520752
-1.0320000648498535 -0.9480000138282776 2.552000045776367
-0.4739999771118164 -1.1519999504089355 2.9060001373291016
-0.972000002861023 -0.972000002861023 2.5280001163482666
-0.49800002574920654 -1.0740000009536743 2.864000082015991
-0.9779999852180481 -0.972000002861023 2.5280001163482666
-0.4739999771118164 -1.1460000276565552 2.9000000953674316
-0.5220000147819519 -1.0260000228881836 2.8340001106262207
-0.515999972820282 -1.0199999809265137 2.875999927520752
-0.4679999351501465 -1.1640000343322754 2.936000108718872
-0.5339999794960022 -1.0019999742507935 2.828000068664551
-0.5220000147819519 -1.0139999389648438 2.8519999980926514
-0.5040000081062317 -1.0440000295639038 2.875999927520752
-0.5640000104904175 -0.9779999852180481 2.7799999713897705
-0.972000002861023 -0.972000002861023 2.5220000743865967
-1.055999994277954 -0.972000002861023 2.5339999198913574
-0.5339999794960022 -0.9959999918937683 2.828000068664551
-0.527999997138977 -0.9959999918937683 2.8519999980926514
-0.972000002861023 -0.9900000095367432 2.509999990463257
-0.5640000104904175 -0.972000002861023 2.7799999713897705
-1.0199999809265137 -1.0080000162124634 2.503999948501587
-0.9959999918937683 -1.0019999742507935 2.503999948501587
-0.5220000147819519 -0.9959999918937683 2.875999927520752
-0.5339999794960022 -1.0019999742507935 2.809999942779541
-1.0260000228881836 -1.0080000162124634 2.503999948501587
-0.527999997138977 -0.9839999675750732 2.875999927520752
-1.0499999523162842 -0.972000002861023 2.5280001163482666
-0.5220000147819519 -0.9959999918937683 2.864000082015991
-0.9959999918937683 -0.9959999918937683 2.503999948501587
-0.5579999685287476 -0.9779999852180481 2.7739999294281006
-0.5519999861717224 -0.9660000205039978 2.803999900817871
-0.5399999618530273 -0.972000002861023 2.828000068664551
-0.5339999794960022 -0.972000002861023 2.8519999980926514
-0.5399999618530273 -0.9900000095367432 2.7920000553131104
-1.0199999809265137 -0.9539999961853027 2.5280001163482666
-0.5460000038146973 -0.972000002861023 2.803999900817871
-0.4679999351501465 -1.121999979019165 2.875999927520752
-0.527999997138977 -0.972000002861023 2.875999927520752
-0.9959999918937683 -0.9480000138282776 2.5280001163482666
-0.49800002574920654 -1.0379999876022339 2.8519999980926514
-0.4739999771118164 -1.1039999723434448 2.8580000400543213
-1.0199999809265137 -1.0019999742507935 2.498000144958496
-1.0379999876022339 -0.9959999918937683 2.503999948501587
-0.5879999995231628 -0.9240000247955322 2.7799999713897705
-0.5699999928474426 -0.9660000205039978 2.75
-1.0260000228881836 -1.0019999742507935 2.498000144958496
-0.4739999771118164 -1.0980000495910645 2.8580000400543213
-0.527999997138977 -0.9959999918937683 2.803999900817871
-0.4859999418258667 -1.0499999523162842 2.875999927520752
-0.5220000147819519 -0.972000002861023 2.881999969482422
-0.9539999961853027 -0.906000018119812 2.552000045776367
-0.5220000147819519 -1.0019999742507935 2.803999900817871
-0.5640000104904175 -0.9480000138282776 2.7799999713897705
-1.0379999876022339 -0.9480000138282776 2.5280001163482666
-0.49800002574920654 -1.0139999389648438 2.875999927520752
-0.5460000038146973 -0.9480000138282776 2.828000068664551
-0.5399999618530273 -0.9480000138282776 2.8519999980926514
-0.4739999771118164 -1.0740000009536743 2.875999927520752
-0.5040000081062317 -1.0199999809265137 2.828000068664551
-0.49800002574920654 -1.0199999809265137 2.8519999980926514
-0.9959999918937683 -0.972000002861023 2.503999948501587
-0.5519999861717224 -0.9480000138282776 2.803999900817871
-0.5339999794960022 -0.9480000138282776 2.875999927520752
-1.0019999742507935 -0.972000002861023 2.503999948501587
-0.9599999785423279 -0.8999999761581421 2.552000045776367
-0.4559999704360962 -1.1340000629425049 2.875999927520752
-1.0199999809265137 -0.9359999895095825 2.5280001163482666
-0.5460000038146973 -0.9480000138282776 2.809999942779541
-0.5699999928474426 -0.9480000138282776 2.75
-0.4620000123977661 -1.0980000495910645 2.875999927520752
-0.4919999837875366 -1.0260000228881836 2.8459999561309814
-1.0320000648498535 -0.972000002861023 2.503999948501587
-0.5519999861717224 -0.9300000071525574 2.828000068664551
-0.5640000104904175 -0.9240000247955322 2.803999900817871
-0.6060000061988831 -0.9359999895095825 2.7019999027252197
-1.0260000228881836 -0.9900000095367432 2.492000102996826
-0.9959999918937683 -0.972000002861023 2.498000144958496
-0.5099999904632568 -0.972000002861023 2.9000000953674316
-0.527999997138977 -0.9419999718666077 2.9000000953674316
-1.055999994277954 -0.9480000138282776 2.5220000743865967
-0.4440000057220459 -1.1519999504089355 2.9240000247955322
-0.5519999861717224 -0.9179999828338623 2.8519999980926514
-0.4739999771118164 -1.0499999523162842 2.875999927520752
-0.5699999928474426 -0.9240000247955322 2.7799999713897705
-0.5220000147819519 -0.9480000138282776 2.9000000953674316
-0.5460000038146973 -0.9240000247955322 2.8519999980926514
-0.5519999861717224 -0.9240000247955322 2.828000068664551
-1.0260000228881836 -0.972000002861023 2.498000144958496
-0.4440000057220459 -1.1460000276565552 2.9000000953674316
-1.0080000162124634 -0.9480000138282776 2.509999990463257
-0.5759999752044678 -0.9480000138282776 2.7260000705718994
-0.5220000147819519 -0.9480000138282776 2.888000011444092
-0.5399999618530273 -0.9240000247955322 2.875999927520752
-1.0199999809265137 -0.9900000095367432 2.4860000610351562
-0.9539999961853027 -0.8999999761581421 2.5399999618530273
-0.5460000038146973 -0.9240000247955322 2.8399999141693115
-0.5759999752044678 -0.9539999961853027 2.7139999866485596
-0.5640000104904175 -0.9599999785423279 2.7260000705718994
-0.5339999794960022 -0.9240000247955322 2.9000000953674316
-1.0320000648498535 -0.9480000138282776 2.509999990463257
-0.4919999837875366 -0.9959999918937683 2.875999927520752
-0.9959999918937683 -0.9779999852180481 2.4860000610351562
-0.5699999928474426 -0.9480000138282776 2.7260000705718994
-0.4559999704360962 -1.0679999589920044 2.936000108718872
-0.437999963760376 -1.1399999856948853 2.930000066757202
-0.4440000057220459 -1.128000020980835 2.875999927520752
-0.5519999861717224 -0.8999999761581421 2.875999927520752
-0.5699999928474426 -0.8999999761581421 2.803999900817871
-0.4440000057220459 -1.121999979019165 2.875999927520752
-0.4859999418258667 -1.0199999809265137 2.828000068664551
-0.4620000123977661 -1.0499999523162842 2.9000000953674316
-0.49800002574920654 -1.0080000162124634 2.803999900817871
-0.4440000057220459 -1.121999979019165 2.870000123977661
-0.4739999771118164 -1.0320000648498535 2.8519999980926514
-0.5699999928474426 -0.9240000247955322 2.75
-0.5759999752044678 -0.8999999761581421 2.7799999713897705
-1.0139999389648438 -0.972000002861023 2.4860000610351562
-0.5519999861717224 -0.8999999761581421 2.8519999980926514
-0.5579999685287476 -0.8999999761581421 2.828000068664551
-0.5699999928474426 -0.8999999761581421 2.7920000553131104
-0.5820000171661377 -0.9419999718666077 2.7019999027252197
-0.49800002574920654 -0.9660000205039978 2.9000000953674316
-0.5460000038146973 -0.8999999761581421 2.875999927520752
-0.4500000476837158 -1.0740000009536743 2.9000000953674316
-0.5699999928474426 -0.9240000247955322 2.74399995803833
-0.6060000061988831 -0.9300000071525574 2.677999973297119
-0.593999981880188 -0.9240000247955322 2.7019999027252197
-0.5759999752044678 -0.9120000004768372 2.75
-0.5220000147819519 -0.9240000247955322 2.9060001373291016
-0.5699999928474426 -0.9480000138282776 2.7079999446868896
-0.4440000057220459 -1.0980000495910645 2.875999927520752
-0.5399999618530273 -0.8999999761581421 2.9000000953674316
-0.4739999771118164 -1.0260000228881836 2.8399999141693115
-0.5759999752044678 -0.9240000247955322 2.7260000705718994
-0.4739999771118164 -1.0080000162124634 2.875999927520752
-0.5519999861717224 -0.8819999694824219 2.9000000953674316
-0.48000001907348633 -0.9959999918937683 2.870000123977661
-0.5640000104904175 -0.9539999961853027 2.7019999027252197
-0.4440000057220459 -1.0740000009536743 2.9000000953674316
-0.4440000057220459 -1.0740000009536743 2.8940000534057617
-0.5759999752044678 -0.8759999871253967 2.803999900817871
-0.4919999837875366 -1.0019999742507935 2.7920000553131104
-0.5820000171661377 -0.8939999938011169 2.75
-0.5999999642372131 -0.9240000247955322 2.677999973297119
-0.437999963760376 -1.0859999656677246 2.9000000953674316
-0.4859999418258667 -0.972000002861023 2.881999969482422
-0.49800002574920654 -0.9480000138282776 2.9000000953674316
-0.593999981880188 -0.9300000071525574 2.677999973297119
-0.5879999995231628 -0.8999999761581421 2.7260000705718994
-0.4739999771118164 -0.9959999918937683 2.875999927520752
-0.6179999709129333 -0.9179999828338623 2.6600000858306885
-0.5640000104904175 -0.8700000047683716 2.8519999980926514
-0.527999997138977 -0.8999999761581421 2.930000066757202
-0.5579999685287476 -0.8700000047683716 2.875999927520752
-0.4320000410079956 -1.0920000076293945 2.941999912261963
-0.5759999752044678 -0.8700000047683716 2.803999900817871
-0.5220000147819519 -0.906000018119812 2.930000066757202
-0.5519999861717224 -0.8700000047683716 2.9000000953674316
-0.4259999990463257 -1.1100000143051147 2.941999912261963
-0.41999995708465576 -1.1399999856948853 2.930000066757202
-0.5820000171661377 -0.8700000047683716 2.7799999713897705
-0.4620000123977661 -1.0199999809265137 2.8519999980926514
-0.5699999928474426 -0.8640000224113464 2.828000068664551
-0.5699999928474426 -0.8700000047683716 2.809999942779541
-0.5220000147819519 -0.8999999761581421 2.930000066757202
-0.4679999351501465 -1.0139999389648438 2.828000068664551
-0.593999981880188 -0.8999999761581421 2.7019999027252197
-0.41999995708465576 -1.1340000629425049 2.9000000953674316
-1.0260000228881836 -0.9300000071525574 2.492000102996826
-0.5460000038146973 -0.8700000047683716 2.9000000953674316
-0.41999995708465576 -1.121999979019165 2.9779999256134033
-0.41999995708465576 -1.128000020980835 2.881999969482422
-0.5699999928474426 -0.8460000157356262 2.875999927520752
-0.41999995708465576 -1.1100000143051147 2.9539999961853027
-0.5699999928474426 -0.9419999718666077 2.677999973297119
-0.5879999995231628 -0.8700000047683716 2.75
-0.437999963760376 -1.0499999523162842 2.9000000953674316
-0.4859999418258667 -0.9480000138282776 2.8940000534057617
-0.5399999618530273 -0.8700000047683716 2.930000066757202
-0.4739999771118164 -0.972000002861023 2.875999927520752
-0.41999995708465576 -1.1159999370574951 2.875999927520752
-0.593999981880188 -0.9300000071525574 2.6540000438690186
-0.49800002574920654 -0.9240000247955322 2.9060001373291016
-0.5699999928474426 -0.8460000157356262 2.8519999980926514
-0.4140000343322754 -1.121999979019165 2.930000066757202
-0.4440000057220459 -1.0320000648498535 2.875999927520752
-0.5999999642372131 -0.8999999761581421 2.677999973297119
-0.5820000171661377 -0.8460000157356262 2.803999900817871
-0.4140000343322754 -1.121999979019165 2.9000000953674316
-0.5999999642372131 -0.9179999828338623 2.6540000438690186
-0.593999981880188 -0.8700000047683716 2.7260000705718994
-0.593999981880188 -0.9300000071525574 2.6480000019073486
-0.5579999685287476 -0.8460000157356262 2.9000000953674316
-0.5339999794960022 -0.8700000047683716 2.9539999961853027
-0.5699999928474426 -0.8460000157356262 2.8340001106262207
-0.527999997138977 -0.8759999871253967 2.9539999961853027
-0.5879999995231628 -0.8460000157356262 2.7799999713897705
-0.5759999752044678 -0.8339999914169312 2.8519999980926514
-0.5220000147819519 -0.8819999694824219 2.9539999961853027
-0.5759999752044678 -0.8399999737739563 2.828000068664551
-0.6060000061988831 -0.8700000047683716 2.7019999027252197
-0.4739999771118164 -0.9539999961853027 2.9000000953674316
-0.4140000343322754 -1.0980000495910645 2.930000066757202
-0.5999999642372131 -0.8999999761581421 2.6660001277923584
-0.4140000343322754 -1.0980000495910645 2.9000000953674316
-0.4559999704360962 -0.9959999918937683 2.8519999980926514
-0.4739999771118164 -0.9480000138282776 2.9000000953674316
-0.5040000081062317 -0.8999999761581421 2.9179999828338623
-0.4440000057220459 -1.0199999809265137 2.8519999980926514
-0.5999999642372131 -0.8700000047683716 2.7019999027252197
-0.4140000343322754 -1.0980000495910645 2.881999969482422
-0.4140000343322754 -1.1039999723434448 2.870000123977661
-0.6060000061988831 -0.8999999761581421 2.6540000438690186
-0.5759999752044678 -0.8219999670982361 2.875999927520752
-0.5519999861717224 -0.8399999737739563 2.930000066757202
-0.593999981880188 -0.8460000157356262 2.75
-0.5460000038146973 -0.8460000157356262 2.930000066757202
-0.5460000038146973 -0.8460000157356262 2.9539999961853027
-0.437999963760376 -1.0260000228881836 2.8580000400543213
-0.40799999237060547 -1.0980000495910645 2.9600000381469727
-0.6060000061988831 -0.8759999871253967 2.677999973297119
-0.5220000147819519 -0.8700000047683716 2.9539999961853027
-0.5759999752044678 -0.8219999670982361 2.8519999980926514
-0.4140000343322754 -1.0740000009536743 2.9000000953674316
-0.5820000171661377 -0.8219999670982361 2.828000068664551
-0.5999999642372131 -0.8219999670982361 2.7799999713897705
-0.5699999928474426 -0.8219999670982361 2.875999927520752
-0.4140000343322754 -1.0740000009536743 2.888000011444092
-0.5699999928474426 -0.8219999670982361 2.870000123977661
-0.6179999709129333 -0.8999999761581421 2.630000114440918
-0.41999995708465576 -1.0499999523162842 2.9000000953674316
-0.5999999642372131 -0.8460000157356262 2.7260000705718994
-0.5879999995231628 -0.8219999670982361 2.803999900817871
-0.6060000061988831 -0.9120000004768372 2.630000114440918
-0.6060000061988831 -0.8399999737739563 2.7260000705718994
-0.5640000104904175 -0.8219999670982361 2.9000000953674316
-0.6060000061988831 -0.8700000047683716 2.677999973297119
-0.49800002574920654 -0.8939999938011169 2.930000066757202
-0.5640000104904175 -0.9359999895095825 2.6540000438690186
-0.6119999885559082 -0.8460000157356262 2.7019999027252197
-0.5999999642372131 -0.8460000157356262 2.7200000286102295
-0.4440000057220459 -0.9959999918937683 2.8519999980926514
-0.5519999861717224 -0.828000009059906 2.9539999961853027
-0.5999999642372131 -0.9120000004768372 2.630000114440918
-0.4440000057220459 -1.0080000162124634 2.822000026702881
-0.4620000123977661 -0.9480000138282776 2.881999969482422
-0.4500000476837158 -0.972000002861023 2.870000123977661
-0.4739999771118164 -0.9240000247955322 2.9000000953674316
-0.5640000104904175 -1.3619999885559082 3.3380000591278076
-0.4440000057220459 -0.9779999852180481 2.875999927520752
-0.5519999861717224 -0.8219999670982361 2.9539999961853027
-0.5579999685287476 -0.8159999847412109 2.930000066757202
-0.5999999642372131 -0.8219999670982361 2.75
-0.5879999995231628 -0.7979999780654907 2.8519999980926514
-0.6060000061988831 -0.8040000200271606 2.7799999713897705
-0.6060000061988831 -0.8159999847412109 2.75
-0.5820000171661377 -0.7979999780654907 2.875999927520752
-0.6119999885559082 -0.8700000047683716 2.6540000438690186
-0.6119999885559082 -0.8219999670982361 2.7260000705718994
-0.527999997138977 -0.8460000157356262 2.9779999256134033
-0.6299999952316284 -0.8939999938011169 2.6059999465942383
-0.5999999642372131 -0.7979999780654907 2.803999900817871
-0.4440000057220459 -0.972000002861023 2.875999927520752
-0.6060000061988831 -0.906000018119812 2.618000030517578
-0.5759999752044678 -0.7979999780654907 2.9000000953674316
-0.5579999685287476 -1.343999981880188 3.3440001010894775
-0.5040000081062317 -0.8700000047683716 2.941999912261963
-0.5460000038146973 -0.8219999670982361 2.9600000381469727
-0.5879999995231628 -0.7979999780654907 2.828000068664551
-0.6060000061988831 -0.7979999780654907 2.7799999713897705
-0.6119999885559082 -0.8460000157356262 2.677999973297119
-0.48000001907348633 -0.8999999761581421 2.9060001373291016
-0.5220000147819519 -0.8460000157356262 2.9779999256134033
-0.5699999928474426 -0.7979999780654907 2.9000000953674316
-0.40199995040893555 -1.0679999589920044 2.870000123977661
-0.5999999642372131 -0.7979999780654907 2.7860000133514404
-0.6179999709129333 -0.8219999670982361 2.7019999027252197
-0.40799999237060547 -1.0440000295639038 2.875999927520752
-0.4320000410079956 -1.0019999742507935 2.828000068664551
-0.6240000128746033 -0.8880000114440918 2.6059999465942383
-0.5640000104904175 -0.7979999780654907 2.930000066757202
-0.5399999618530273 -0.8219999670982361 2.9779999256134033
-0.6240000128746033 -0.8460000157356262 2.6540000438690186
-0.5519999861717224 -0.8100000023841858 2.9779999256134033
-0.6179999709129333 -0.8700000047683716 2.630000114440918
-0.6119999885559082 -0.7979999780654907 2.75
-0.4140000343322754 -1.0260000228881836 2.8519999980926514
-0.593999981880188 -0.7739999890327454 2.875999927520752
-0.6060000061988831 -0.7799999713897705 2.803999900817871
-0.5579999685287476 -0.7979999780654907 2.9539999961853027
-0.4140000343322754 -1.0199999809265137 2.8519999980926514
-0.4559999704360962 -0.9240000247955322 2.888000011444092
-0.5099999904632568 -0.8460000157356262 2.9600000381469727
-0.593999981880188 -0.7739999890327454 2.8519999980926514
-0.5999999642372131 -0.7739999890327454 2.828000068664551
-0.49800002574920654 -0.8579999804496765 2.9539999961853027
-0.4259999990463257 -0.9959999918937683 2.828000068664551
-0.6299999952316284 -0.8700000047683716 2.6059999465942383
-0.6060000061988831 -0.7739999890327454 2.803999900817871
-0.4859999418258667 -0.8700000047683716 2.930000066757202
-0.6179999709129333 -0.8219999670982361 2.677999973297119
-0.5519999861717224 -0.7979999780654907 2.9779999256134033
-0.437999963760376 -0.9480000138282776 2.875999927520752
-0.6119999885559082 -0.7979999780654907 2.7260000705718994
-0.41999995708465576 -0.9900000095367432 2.8519999980926514
-0.6119999885559082 -0.7739999890327454 2.7799999713897705
-0.4140000343322754 -1.0139999389648438 2.828000068664551
-0.6240000128746033 -0.8700000047683716 2.6059999465942383
-0.5999999642372131 -0.7739999890327454 2.803999900817871
-0.4259999990463257 -0.972000002861023 2.8580000400543213
-0.5759999752044678 -0.7739999890327454 2.9000000953674316
-0.41999995708465576 -1.0019999742507935 2.815999984741211
-0.6240000128746033 -0.7979999780654907 2.7019999027252197
-0.6240000128746033 -0.8460000157356262 2.630000114440918
-0.5220000147819519 -0.8219999670982361 2.9779999256134033
-0.6299999952316284 -0.8399999737739563 2.630000114440918
-0.48000001907348633 -0.8700000047683716 2.9240000247955322
-0.5460000038146973 -0.7979999780654907 2.9839999675750732
-0.49800002574920654 -0.8460000157356262 2.9539999961853027
-0.5699999928474426 -0.7739999890327454 2.930000066757202
-0.5699999928474426 -0.7739999890327454 2.9539999961853027
-0.5699999928474426 -0.7739999890327454 2.9240000247955322
-0.4440000057220459 -0.9240000247955322 2.881999969482422
-0.6240000128746033 -0.8460000157356262 2.624000072479248
-0.6179999709129333 -0.7739999890327454 2.75
-0.5640000104904175 -1.3680000305175781 3.374000072479248
-0.6240000128746033 -0.8219999670982361 2.6540000438690186
-0.6240000128746033 -0.7979999780654907 2.690000057220459
-0.6299999952316284 -0.8159999847412109 2.6540000438690186
-0.4140000343322754 -0.9959999918937683 2.828000068664551
-0.6299999952316284 -0.7860000133514404 2.7019999027252197
-0.41999995708465576 -0.972000002861023 2.8519999980926514
-0.4739999771118164 -0.8700000047683716 2.930000066757202
-0.6299999952316284 -0.7979999780654907 2.677999973297119
-0.5640000104904175 -0.7739999890327454 2.9779999256134033
-0.5640000104904175 -1.3619999885559082 3.380000114440918
-0.4440000057220459 -0.9120000004768372 2.9000000953674316
-0.6240000128746033 -0.7739999890327454 2.7260000705718994
-0.4259999990463257 -0.9480000138282776 2.870000123977661
-0.5999999642372131 -0.75 2.8519999980926514
-0.6240000128746033 -0.8819999694824219 2.5759999752044678
-0.6299999952316284 -0.8759999871253967 2.5759999752044678
-0.593999981880188 -0.75 2.875999927520752
-0.6060000061988831 -0.75 2.828000068664551
-0.5099999904632568 -0.8219999670982361 2.9720001220703125
-0.4500000476837158 -0.8999999761581421 2.9000000953674316
-0.6359999775886536 -0.8219999670982361 2.630000114440918
-0.6299999952316284 -0.8460000157356262 2.6059999465942383
-0.5879999995231628 -0.75 2.9000000953674316
-0.6119999885559082 -0.75 2.803999900817871
-0.5999999642372131 -0.75 2.8340001106262207
-0.5759999752044678 -0.7559999823570251 2.930000066757202
-0.6299999952316284 -0.8700000047683716 2.5759999752044678
-0.41999995708465576 -0.9480000138282776 2.875999927520752
-0.6179999709129333 -0.75 2.7799999713897705
-0.3960000276565552 -1.0199999809265137 2.822000026702881
-0.6299999952316284 -0.7739999890327454 2.7019999027252197
-0.6359999775886536 -0.7979999780654907 2.6540000438690186
-0.4440000057220459 -0.8999999761581421 2.9000000953674316
-0.6060000061988831 -0.7379999756813049 2.8519999980926514
-0.4440000057220459 -0.8999999761581421 2.8940000534057617
-0.6240000128746033 -0.7739999890327454 2.7079999446868896
-0.48000001907348633 -0.8460000157356262 2.941999912261963
-0.5399999618530273 -0.7860000133514404 3.002000093460083
-0.6240000128746033 -0.8819999694824219 2.564000129699707
-0.5519999861717224 -0.7739999890327454 3.002000093460083
-0.5759999752044678 -0.75 2.930000066757202
-0.40799999237060547 -0.9959999918937683 2.7980000972747803
-0.40199995040893555 -0.9959999918937683 2.822000026702881
-0.40799999237060547 -0.972000002861023 2.8459999561309814
-0.6240000128746033 -0.75 2.75
-0.6299999952316284 -0.7559999823570251 2.7260000705718994
-0.3960000276565552 -1.0019999742507935 2.828000068664551
-0.6420000195503235 -0.8219999670982361 2.6059999465942383
-0.5460000038146973 -0.7739999890327454 2.996000051498413
-0.5460000038146973 -0.7739999890327454 3.002000093460083
-0.5699999928474426 -0.75 2.9600000381469727
-0.4559999704360962 -0.8700000047683716 2.9119999408721924
-0.6359999775886536 -0.7739999890327454 2.677999973297119
-0.5699999928474426 -0.75 2.9779999256134033
-0.5759999752044678 -0.7440000176429749 2.9539999961853027
-0.6060000061988831 -0.7260000109672546 2.875999927520752
-0.6420000195503235 -0.7979999780654907 2.630000114440918
-0.3960000276565552 -0.9900000095367432 2.828000068664551
-0.6299999952316284 -0.75 2.7260000705718994
-0.6299999952316284 -0.8759999871253967 2.552000045776367
-0.6359999775886536 -0.8460000157356262 2.5759999752044678
-0.6359999775886536 -0.8700000047683716 2.552000045776367
-0.41999995708465576 -0.9240000247955322 2.875999927520752
-0.6240000128746033 -0.75 2.7320001125335693
-0.6299999952316284 -0.7379999756813049 2.75
-0.40799999237060547 -0.9480000138282776 2.8580000400543213
-0.6420000195503235 -0.75 2.7019999027252197
-0.6060000061988831 -0.7199999690055847 2.875999927520752
-0.49800002574920654 -0.8100000023841858 2.9779999256134033
-0.3960000276565552 -0.972000002861023 2.8519999980926514
-0.5640000104904175 -1.3739999532699585 3.4040000438690186
-0.6420000195503235 -0.7739999890327454 2.6540000438690186
-0.6060000061988831 -0.7199999690055847 2.8519999980926514
-0.4620000123977661 -0.8460000157356262 2.930000066757202
-0.5999999642372131 -0.7199999690055847 2.875999927520752
-0.6119999885559082 -0.7199999690055847 2.828000068664551
-0.5040000081062317 -0.7979999780654907 2.9779999256134033
-0.5579999685287476 -0.75 3.002000093460083
-0.5759999752044678 -1.4160000085830688 3.4040000438690186
-0.48000001907348633 -0.8219999670982361 2.9539999961853027
-0.6299999952316284 -0.7199999690055847 2.7799999713897705
-0.593999981880188 -0.7199999690055847 2.9000000953674316
-0.6179999709129333 -0.7199999690055847 2.803999900817871
-0.4739999771118164 -0.828000009059906 2.9539999961853027
-0.5759999752044678 -0.7319999933242798 2.9779999256134033
-0.5220000147819519 -0.7799999713897705 3.002000093460083
-0.6480000019073486 -0.7979999780654907 2.6059999465942383
-0.6480000019073486 -0.8460000157356262 2.552000045776367
-0.5640000104904175 -1.3980000019073486 3.4040000438690186
-0.5879999995231628 -0.7199999690055847 2.930000066757202
-0.6240000128746033 -0.7199999690055847 2.7799999713897705
-0.49800002574920654 -0.7979999780654907 2.9779999256134033
-0.5579999685287476 -1.4220000505447388 3.3919999599456787
-0.4739999771118164 -0.8219999670982361 2.9539999961853027
-0.6420000195503235 -0.75 2.677999973297119
-0.5519999861717224 -1.3980000019073486 3.3980000019073486
-0.6359999775886536 -0.7199999690055847 2.75
-0.5220000147819519 -0.7739999890327454 3.002000093460083
-0.5820000171661377 -0.7199999690055847 2.9539999961853027
-0.6480000019073486 -0.7739999890327454 2.630000114440918
-0.3960000276565552 -0.9480000138282776 2.8519999980926514
-0.6480000019073486 -0.8159999847412109 2.5759999752044678
-0.527999997138977 -1.3919999599456787 3.380000114440918
-0.6539999842643738 -0.7860000133514404 2.6059999465942383
-0.5399999618530273 -1.3739999532699585 3.3980000019073486
-0.5460000038146973 -0.75 3.002000093460083
-0.6539999842643738 -0.7680000066757202 2.630000114440918
-0.6480000019073486 -0.7979999780654907 2.5940001010894775
-0.5759999752044678 -1.3980000019073486 3.421999931335449
-0.38399994373321533 -0.9900000095367432 2.803999900817871
-0.4500000476837158 -0.8460000157356262 2.9179999828338623
-0.6359999775886536 -0.8700000047683716 2.5280001163482666
-0.5640000104904175 -1.4220000505447388 3.4040000438690186
-0.6299999952316284 -0.7020000219345093 2.803999900817871
-0.40199995040893555 -0.9240000247955322 2.870000123977661
-0.6420000195503235 -0.7199999690055847 2.7260000705718994
-0.5040000081062317 -1.4040000438690186 3.3559999465942383
-0.6539999842643738 -0.8519999980926514 2.5280001163482666
-0.5759999752044678 -0.7199999690055847 2.9779999256134033
-0.6539999842643738 -0.8040000200271606 2.5759999752044678
-0.5399999618530273 -1.3739999532699585 3.4040000438690186
-0.3960000276565552 -0.9300000071525574 2.875999927520752
-0.6179999709129333 -0.6959999799728394 2.8519999980926514
-0.6119999885559082 -0.6959999799728394 2.875999927520752
-0.6480000019073486 -0.7739999890327454 2.618000030517578
-0.5220000147819519 -1.3980000019073486 3.380000114440918
-0.6480000019073486 -0.75 2.6540000438690186
-0.5640000104904175 -1.3680000305175781 3.427999973297119
-0.5099999904632568 -0.7739999890327454 2.990000009536743
-0.6480000019073486 -0.8460000157356262 2.5339999198913574
-0.527999997138977 -1.4160000085830688 3.380000114440918
-0.37199997901916504 -0.9900000095367432 2.8340001106262207
-0.6060000061988831 -0.6959999799728394 2.9000000953674316
-0.41999995708465576 -0.8819999694824219 2.9000000953674316
-0.5460000038146973 -1.3980000019073486 3.4040000438690186
-0.6539999842643738 -0.8219999670982361 2.552000045776367
-0.6539999842643738 -0.8460000157356262 2.5280001163482666
-0.6299999952316284 -0.6959999799728394 2.803999900817871
-0.5699999928474426 -0.7199999690055847 2.9839999675750732
-0.3960000276565552 -0.9240000247955322 2.875999927520752
-0.5579999685287476 -1.4279999732971191 3.4040000438690186
-0.4259999990463257 -0.8700000047683716 2.9000000953674316
-0.6539999842643738 -0.7979999780654907 2.5759999752044678
-0.6539999842643738 -0.7739999890327454 2.6059999465942383
-0.5220000147819519 -1.409999966621399 3.380000114440918
-0.6179999709129333 -0.6959999799728394 2.828000068664551
-0.37800002098083496 -0.972000002861023 2.828000068664551
-0.6480000019073486 -0.7199999690055847 2.7019999027252197
-0.48000001907348633 -0.7979999780654907 2.9660000801086426
-0.6480000019073486 -0.8219999670982361 2.552000045776367
-0.5040000081062317 -1.3980000019073486 3.368000030517578
-0.5999999642372131 -0.6959999799728394 2.9000000953674316
-0.5759999752044678 -1.4279999732971191 3.421999931335449
-0.6359999775886536 -0.6959999799728394 2.7799999713897705
-0.5999999642372131 -0.6959999799728394 2.8940000534057617
-0.6240000128746033 -0.6959999799728394 2.803999900817871
-0.5460000038146973 -1.4279999732971191 3.3980000019073486
-0.6539999842643738 -0.7260000109672546 2.677999973297119
-0.6539999842643738 -0.8519999980926514 2.5160000324249268
-0.437999963760376 -0.8460000157356262 2.9119999408721924
-0.6240000128746033 -0.6959999799728394 2.7980000972747803
-0.5040000081062317 -1.3320000171661377 3.3919999599456787
-0.4859999418258667 -1.4040000438690186 3.3500001430511475
-0.5640000104904175 -0.7199999690055847 3.002000093460083
-0.5759999752044678 -1.4220000505447388 3.427999973297119
-0.41999995708465576 -0.8700000047683716 2.9000000953674316
-0.37800002098083496 -0.9839999675750732 2.7860000133514404
-0.4440000057220459 -0.8339999914169312 2.930000066757202
-0.6480000019073486 -0.7199999690055847 2.690000057220459
-0.5579999685287476 -1.3860000371932983 3.427999973297119
-0.6480000019073486 -0.75 2.635999917984009
-0.6539999842643738 -0.75 2.630000114440918
-0.40199995040893555 -0.8999999761581421 2.875999927520752
-0.5699999928474426 -1.4160000085830688 3.427999973297119
-0.37199997901916504 -0.972000002861023 2.828000068664551
-0.37199997901916504 -0.9839999675750732 2.803999900817871
-0.5460000038146973 -1.4279999732971191 3.4040000438690186
-0.5879999995231628 -0.6959999799728394 2.9539999961853027
-0.6420000195503235 -0.6959999799728394 2.75
-0.6539999842643738 -0.7199999690055847 2.677999973297119
-0.6539999842643738 -0.7080000042915344 2.7019999027252197
-0.5879999995231628 -0.6959999799728394 2.9779999256134033
-0.515999972820282 -1.3739999532699585 3.3980000019073486
-0.4500000476837158 -0.8219999670982361 2.930000066757202
-0.5220000147819519 -0.75 3.002000093460083
-0.5759999752044678 -1.434000015258789 3.427999973297119
-0.6539999842643738 -0.7319999933242798 2.6540000438690186
-0.593999981880188 -0.6899999976158142 2.930000066757202
-0.37800002098083496 -0.9480000138282776 2.8399999141693115
-0.48000001907348633 -1.3320000171661377 3.374000072479248
-0.5099999904632568 -1.3380000591278076 3.4040000438690186
-0.48000001907348633 -1.3919999599456787 3.3559999465942383
-0.4679999351501465 -0.7979999780654907 2.9539999961853027
-0.4739999771118164 -0.7919999957084656 2.9779999256134033
-0.37199997901916504 -0.9839999675750732 2.7860000133514404
-0.4919999837875366 -1.3199999332427979 3.3919999599456787
-0.6599999666213989 -0.8219999670982361 2.5280001163482666
-0.5220000147819519 -1.3860000371932983 3.4040000438690186
-0.3960000276565552 -0.8999999761581421 2.875999927520752
-0.6599999666213989 -0.7979999780654907 2.552000045776367
-0.515999972820282 -0.75 2.996000051498413
-0.5699999928474426 -1.434000015258789 3.427999973297119
-0.6480000019073486 -0.6959999799728394 2.7260000705718994
-0.515999972820282 -1.3739999532699585 3.4040000438690186
-0.4859999418258667 -1.3739999532699585 3.374000072479248
-0.4440000057220459 -0.8219999670982361 2.930000066757202
-0.4739999771118164 -1.4040000438690186 3.3500001430511475
-0.49800002574920654 -1.3980000019073486 3.380000114440918
-0.6599999666213989 -0.7739999890327454 2.5759999752044678
-0.6179999709129333 -0.671999990940094 2.875999927520752
-0.5519999861717224 -0.7199999690055847 3.0260000228881836
-0.6599999666213989 -0.7199999690055847 2.6540000438690186
-0.48000001907348633 -1.343999981880188 3.380000114440918
-0.6599999666213989 -0.75 2.6059999465942383
-0.49800002574920654 -1.4040000438690186 3.380000114440918
-0.6299999952316284 -0.8640000224113464 2.503999948501587
-0.6480000019073486 -0.6959999799728394 2.7139999866485596
-0.4859999418258667 -1.3739999532699585 3.380000114440918
-0.5759999752044678 -0.6959999799728394 3.002000093460083
-0.5460000038146973 -0.7199999690055847 3.0139999389648438
-0.6179999709129333 -0.671999990940094 2.8519999980926514
-0.5399999618530273 -0.7260000109672546 3.0260000228881836
-0.6539999842643738 -0.6959999799728394 2.7019999027252197
-0.6480000019073486 -0.8460000157356262 2.503999948501587
-0.6240000128746033 -0.671999990940094 2.828000068664551
-0.37199997901916504 -0.9359999895095825 2.8519999980926514
-0.37800002098083496 -0.9240000247955322 2.8519999980926514
-0.5460000038146973 -0.7199999690055847 3.0260000228881836
-0.5699999928474426 -1.3919999599456787 3.452000141143799
-0.48000001907348633 -0.7739999890327454 2.9779999256134033
-0.41999995708465576 -0.8460000157356262 2.9060001373291016
-0.6539999842643738 -0.8399999737739563 2.503999948501587
-0.6060000061988831 -0.671999990940094 2.9000000953674316
-0.4500000476837158 -1.3980000019073486 3.3320000171661377
-0.6240000128746033 -0.671999990940094 2.822000026702881
-0.6240000128746033 -0.8640000224113464 2.503999948501587
-0.6420000195503235 -0.671999990940094 2.7799999713897705
-0.5460000038146973 -1.409999966621399 3.427999973297119
-0.4739999771118164 -1.343999981880188 3.380000114440918
-0.6299999952316284 -0.671999990940094 2.803999900817871
-0.4679999351501465 -1.3199999332427979 3.380000114440918
-0.5699999928474426 -0.6959999799728394 3.002000093460083
-0.40199995040893555 -0.8700000047683716 2.888000011444092
-0.5999999642372131 -0.671999990940094 2.9060001373291016
-0.4739999771118164 -0.7739999890327454 2.9779999256134033
-0.5759999752044678 -1.4220000505447388 3.452000141143799
-0.4919999837875366 -1.343999981880188 3.4040000438690186
-0.6240000128746033 -0.8640000224113464 2.498000144958496
-0.6660000085830688 -0.7199999690055847 2.630000114440918
-0.37199997901916504 -0.9240000247955322 2.8519999980926514
-0.4859999418258667 -1.3199999332427979 3.4040000438690186
-0.4500000476837158 -0.7979999780654907 2.941999912261963
-0.5339999794960022 -1.3980000019073486 3.427999973297119
-0.6660000085830688 -0.7979999780654907 2.5280001163482666
-0.593999981880188 -0.671999990940094 2.9539999961853027
-0.593999981880188 -0.671999990940094 2.930000066757202
-0.6599999666213989 -0.6959999799728394 2.677999973297119
-0.5759999752044678 -1.3919999599456787 3.4639999866485596
-0.6480000019073486 -0.671999990940094 2.75
-0.49800002574920654 -0.75 3.002000093460083
-0.49800002574920654 -1.3739999532699585 3.4040000438690186
-0.4559999704360962 -1.343999981880188 3.368000030517578
-0.6660000085830688 -0.7739999890327454 2.552000045776367
-0.4739999771118164 -1.3739999532699585 3.380000114440918
-0.527999997138977 -1.4220000505447388 3.4160001277923584
-0.5220000147819519 -1.3739999532699585 3.427999973297119
-0.527999997138977 -1.3739999532699585 3.434000015258789
-0.5640000104904175 -0.6959999799728394 3.0260000228881836
-0.5699999928474426 -1.4220000505447388 3.452000141143799
-0.4559999704360962 -1.3739999532699585 3.361999988555908
-0.4440000057220459 -1.3980000019073486 3.3380000591278076
-0.5820000171661377 -1.4459999799728394 3.452000141143799
-0.36000001430511475 -0.9480000138282776 2.828000068664551
-0.3539999723434448 -0.972000002861023 2.803999900817871
-0.4259999990463257 -0.8219999670982361 2.9119999408721924
-0.6660000085830688 -0.8159999847412109 2.503999948501587
-0.4739999771118164 -1.3860000371932983 3.380000114440918
-0.5879999995231628 -0.671999990940094 2.9779999256134033
-0.6480000019073486 -0.671999990940094 2.73799991607666
-0.37800002098083496 -0.8999999761581421 2.864000082015991
-0.34800004959106445 -0.9839999675750732 2.803999900817871
-0.4440000057220459 -1.4040000438690186 3.3380000591278076
-0.6660000085830688 -0.75 2.5759999752044678
-0.6539999842643738 -0.671999990940094 2.7260000705718994
-0.4500000476837158 -1.3980000019073486 3.3500001430511475
-0.5220000147819519 -1.409999966621399 3.421999931335449
-0.49800002574920654 -1.3980000019073486 3.4040000438690186
-0.6299999952316284 -0.6539999842643738 2.828000068664551
-0.6539999842643738 -0.8460000157356262 2.4800000190734863
-0.5460000038146973 -1.3860000371932983 3.452000141143799
-0.6660000085830688 -0.6959999799728394 2.6540000438690186
-0.5220000147819519 -1.3980000019073486 3.427999973297119
-0.38999998569488525 -0.8700000047683716 2.881999969482422
-0.3960000276565552 -0.8579999804496765 2.9000000953674316
-0.48000001907348633 -1.277999997138977 3.4160001277923584
-0.6539999842643738 -0.6599999666213989 2.75
-0.6299999952316284 -0.6480000019073486 2.8519999980926514
-0.6660000085830688 -0.671999990940094 2.7019999027252197
-0.4739999771118164 -1.3199999332427979 3.4040000438690186
-0.6240000128746033 -0.6480000019073486 2.875999927520752
-0.4440000057220459 -0.7919999957084656 2.9539999961853027
-0.671999990940094 -0.7199999690055847 2.6059999465942383
-0.34800004959106445 -0.972000002861023 2.803999900817871
-0.34800004959106445 -0.9779999852180481 2.7920000553131104
-0.5820000171661377 -0.671999990940094 3.002000093460083
-0.4440000057220459 -1.343999981880188 3.368000030517578
-0.4440000057220459 -1.3980000019073486 3.3500001430511475
-0.5220000147819519 -1.409999966621399 3.427999973297119
-0.6240000128746033 -0.6480000019073486 2.8519999980926514
-0.37199997901916504 -0.8939999938011169 2.875999927520752
-0.34800004959106445 -0.9539999961853027 2.828000068664551
-0.4559999704360962 -0.7739999890327454 2.9660000801086426
-0.6299999952316284 -0.6480000019073486 2.828000068664551
-0.48000001907348633 -0.75 2.9839999675750732
-0.4739999771118164 -1.343999981880188 3.4040000438690186
-0.4440000057220459 -1.4040000438690186 3.3500001430511475
-0.36000001430511475 -0.9240000247955322 2.8399999141693115
-0.5339999794960022 -1.3739999532699585 3.452000141143799
-0.4620000123977661 -1.2719999551773071 3.4040000438690186
-0.6359999775886536 -0.8519999980926514 2.4800000190734863
-0.6119999885559082 -0.6480000019073486 2.9000000953674316
-0.671999990940094 -0.7979999780654907 2.503999948501587
-0.5820000171661377 -1.4160000085830688 3.4760000705718994
-0.6420000195503235 -0.8460000157356262 2.4800000190734863
-0.6359999775886536 -0.8579999804496765 2.4739999771118164
-0.6480000019073486 -0.6480000019073486 2.7799999713897705
-0.6779999732971191 -0.75 2.552000045776367
-0.671999990940094 -0.7739999890327454 2.5280001163482666
-0.6359999775886536 -0.6480000019073486 2.803999900817871
-0.4320000410079956 -0.7979999780654907 2.930000066757202
-0.437999963760376 -1.2660000324249268 3.380000114440918
-0.671999990940094 -0.8219999670982361 2.4800000190734863
-0.34800004959106445 -0.9480000138282776 2.828000068664551
-0.4620000123977661 -1.2960000038146973 3.4040000438690186
-0.4440000057220459 -1.3199999332427979 3.380000114440918
-0.6480000019073486 -0.8460000157356262 2.4739999771118164
-0.3960000276565552 -0.8460000157356262 2.9000000953674316
-0.6779999732971191 -0.7680000066757202 2.5280001163482666
-0.6779999732971191 -0.8159999847412109 2.4800000190734863
-0.4259999990463257 -1.3739999532699585 3.3440001010894775
-0.5640000104904175 -1.3860000371932983 3.4760000705718994
-0.41999995708465576 -0.8100000023841858 2.930000066757202
-0.6539999842643738 -0.6420000195503235 2.7799999713897705
-0.671999990940094 -0.6959999799728394 2.630000114440918
-0.671999990940094 -0.75 2.552000045776367
-0.4859999418258667 -1.3140000104904175 3.427999973297119
-0.6480000019073486 -0.6480000019073486 2.7680001258850098
-0.4919999837875366 -1.343999981880188 3.427999973297119
-0.49800002574920654 -1.4040000438690186 3.4160001277923584
-0.5699999928474426 -1.4040000438690186 3.4760000705718994
-0.4440000057220459 -1.3380000591278076 3.380000114440918
-0.6660000085830688 -0.671999990940094 2.677999973297119
-0.5999999642372131 -0.6480000019073486 2.9539999961853027
-0.5999999642372131 -0.6480000019073486 2.930000066757202
-0.5699999928474426 -0.671999990940094 3.0199999809265137
-0.671999990940094 -0.7199999690055847 2.5880000591278076
-0.48000001907348633 -1.2960000038146973 3.427999973297119
-0.4739999771118164 -1.409999966621399 3.3919999599456787
-0.6539999842643738 -0.6480000019073486 2.75
-0.5699999928474426 -0.671999990940094 3.0260000228881836
-0.4259999990463257 -1.3739999532699585 3.3500001430511475
-0.5220000147819519 -0.7080000042915344 3.0260000228881836
-0.5040000081062317 -0.7199999690055847 3.002000093460083
-0.6060000061988831 -0.6420000195503235 2.930000066757202
-0.4320000410079956 -1.3199999332427979 3.374000072479248
-0.6779999732971191 -0.7020000219345093 2.6059999465942383
-0.4679999351501465 -0.75 2.9779999256134033
-0.6299999952316284 -0.6299999952316284 2.875999927520752
-0.671999990940094 -0.6959999799728394 2.618000030517578
-0.5339999794960022 -0.6959999799728394 3.0320000648498535
-0.5820000171661377 -1.4459999799728394 3.4760000705718994
-0.6779999732971191 -0.7199999690055847 2.5759999752044678
-0.6779999732971191 -0.7799999713897705 2.503999948501587
-0.515999972820282 -1.3680000305175781 3.452000141143799
-0.49800002574920654 -0.7199999690055847 3.002000093460083
-0.6599999666213989 -0.6480000019073486 2.7260000705718994
-0.41999995708465576 -0.7979999780654907 2.930000066757202
-0.49800002574920654 -1.3980000019073486 3.427999973297119
-0.41999995708465576 -1.3739999532699585 3.3500001430511475
-0.40199995040893555 -0.8219999670982361 2.9060001373291016
-0.37199997901916504 -0.8700000047683716 2.875999927520752
-0.671999990940094 -0.671999990940094 2.6540000438690186
-0.5879999995231628 -0.6480000019073486 2.9779999256134033
-0.6779999732971191 -0.828000009059906 2.4559998512268066
-0.671999990940094 -0.7979999780654907 2.4860000610351562
-0.6779999732971191 -0.6959999799728394 2.6059999465942383
-0.437999963760376 -0.7739999890327454 2.9539999961853027
-0.49800002574920654 -1.4040000438690186 3.427999973297119
-0.4739999771118164 -1.3199999332427979 3.427999973297119
-0.5759999752044678 -0.6599999666213989 3.0260000228881836
-0.4259999990463257 -1.2960000038146973 3.380000114440918
-0.6779999732971191 -0.7739999890327454 2.503999948501587
-0.4859999418258667 -1.3739999532699585 3.427999973297119
-0.6779999732971191 -0.7979999780654907 2.4800000190734863
-0.34800004959106445 -0.9120000004768372 2.8519999980926514
-0.6359999775886536 -0.6240000128746033 2.8519999980926514
-0.6299999952316284 -0.6240000128746033 2.875999927520752
-0.3539999723434448 -0.8999999761581421 2.8519999980926514
-0.3359999656677246 -0.9480000138282776 2.815999984741211
-0.5460000038146973 -0.6840000152587891 3.055999994277954
-0.40799999237060547 -1.343999981880188 3.3500001430511475
-0.6779999732971191 -0.6779999732971191 2.630000114440918
-0.33000004291534424 -0.972000002861023 2.7920000553131104
-0.4440000057220459 -1.3559999465942383 3.3919999599456787
-0.5220000147819519 -0.6959999799728394 3.0260000228881836
-0.6660000085830688 -0.6480000019073486 2.7019999027252197
-0.5519999861717224 -0.6779999732971191 3.055999994277954
-0.41999995708465576 -1.3980000019073486 3.3500001430511475
-0.6480000019073486 -0.6240000128746033 2.803999900817871
-0.6840000152587891 -0.7440000176429749 2.5280001163482666
-0.6240000128746033 -0.6240000128746033 2.875999927520752
-0.5820000171661377 -0.6480000019073486 3.002000093460083
-0.671999990940094 -0.671999990940094 2.6419999599456787
-0.34200000762939453 -0.9240000247955322 2.828000068664551
-0.5579999685287476 -0.671999990940094 3.055999994277954
-0.6060000061988831 -0.6299999952316284 2.9539999961853027
-0.37800002098083496 -0.8460000157356262 2.8940000534057617
-0.4440000057220459 -1.3199999332427979 3.4040000438690186
-0.6179999709129333 -0.6240000128746033 2.9000000953674316
-0.41999995708465576 -1.4040000438690186 3.3500001430511475
-0.40199995040893555 -1.3739999532699585 3.3380000591278076
-0.5339999794960022 -1.3739999532699585 3.4760000705718994
-0.515999972820282 -1.3860000371932983 3.4579999446868896
-0.671999990940094 -0.828000009059906 2.450000047683716
-0.6480000019073486 -0.6240000128746033 2.7920000553131104
-0.6539999842643738 -0.6240000128746033 2.7799999713897705
-0.34800004959106445 -0.8999999761581421 2.8519999980926514
-0.6119999885559082 -0.6240000128746033 2.930000066757202
-0.6119999885559082 -0.6240000128746033 2.9539999961853027
-0.6779999732971191 -0.8219999670982361 2.450000047683716
-0.6779999732971191 -0.671999990940094 2.630000114440918
-0.6420000195503235 -0.6179999709129333 2.828000068664551
-0.40199995040893555 -1.3980000019073486 3.3320000171661377
-0.6840000152587891 -0.7199999690055847 2.552000045776367
-0.40799999237060547 -1.4040000438690186 3.3380000591278076
-0.5339999794960022 -1.3860000371932983 3.4760000705718994
-0.4259999990463257 -0.7739999890327454 2.947999954223633
-0.3960000276565552 -1.3980000019073486 3.3259999752044678
-0.48000001907348633 -0.7199999690055847 2.990000009536743
-0.5099999904632568 -0.6959999799728394 3.0139999389648438
-0.671999990940094 -0.6480000019073486 2.677999973297119
-0.4919999837875366 -1.350000023841858 3.452000141143799
-0.671999990940094 -0.8219999670982361 2.450000047683716
-0.4679999351501465 -1.3559999465942383 3.427999973297119
-0.34800004959106445 -0.8880000114440918 2.875999927520752
-0.4559999704360962 -1.2960000038146973 3.427999973297119
-0.6299999952316284 -0.6119999885559082 2.9000000953674316
-0.5759999752044678 -0.6480000019073486 3.0260000228881836
-0.40199995040893555 -1.3199999332427979 3.361999988555908
-0.3539999723434448 -1.2360000610351562 3.302000045776367
-0.6599999666213989 -0.6240000128746033 2.75
-0.5460000038146973 -0.671999990940094 3.055999994277954
-0.3960000276565552 -1.343999981880188 3.3500001430511475
-0.6539999842643738 -0.6119999885559082 2.803999900817871
-0.4500000476837158 -0.7440000176429749 2.9720001220703125
-0.671999990940094 -0.6480000019073486 2.671999931335449
-0.4620000123977661 -1.343999981880188 3.427999973297119
-0.38999998569488525 -1.3380000591278076 3.3440001010894775
-0.4140000343322754 -1.3199999332427979 3.380000114440918
-0.6779999732971191 -0.6420000195503235 2.677999973297119
-0.312000036239624 -0.9839999675750732 2.803999900817871
-0.4440000057220459 -0.75 2.9779999256134033
-0.40199995040893555 -0.7979999780654907 2.9179999828338623
-0.6840000152587891 -0.6959999799728394 2.5759999752044678
-0.5220000147819519 -1.3739999532699585 3.4760000705718994
-0.37199997901916504 -0.8399999737739563 2.9000000953674316
-0.4140000343322754 -1.3259999752044678 3.380000114440918
-0.437999963760376 -1.343999981880188 3.4040000438690186
-0.41999995708465576 -0.7739999890327454 2.9539999961853027
-0.5999999642372131 -0.6240000128746033 2.9720001220703125
-0.6779999732971191 -0.6299999952316284 2.7019999027252197
-0.5999999642372131 -0.6240000128746033 2.9779999256134033
-0.6899999976158142 -0.671999990940094 2.6059999465942383
-0.3179999589920044 -0.9779999852180481 2.7799999713897705
-0.6840000152587891 -0.7739999890327454 2.4800000190734863
-0.40799999237060547 -1.2960000038146973 3.380000114440918
-0.37800002098083496 -1.3860000371932983 3.314000129699707
-0.3539999723434448 -0.8700000047683716 2.870000123977661
-0.6840000152587891 -0.75 2.503999948501587
-0.4259999990463257 -1.2899999618530273 3.4040000438690186
-0.3240000009536743 -0.9359999895095825 2.828000068664551
-0.5699999928474426 -0.6480000019073486 3.0439999103546143
-0.6660000085830688 -0.6240000128746033 2.7260000705718994
-0.6060000061988831 -0.6179999709129333 2.9779999256134033
-0.33000004291534424 -0.9240000247955322 2.822000026702881
-0.4859999418258667 -1.3079999685287476 3.4639999866485596
-0.38399994373321533 -1.3739999532699585 3.3320000171661377
-0.6779999732971191 -0.6480000019073486 2.6540000438690186
-0.5220000147819519 -1.3919999599456787 3.4760000705718994
-0.4679999351501465 -0.7199999690055847 2.9839999675750732
-0.3960000276565552 -1.3739999532699585 3.3500001430511475
-0.5699999928474426 -0.6480000019073486 3.055999994277954
-0.4440000057220459 -1.2899999618530273 3.427999973297119
-0.37800002098083496 -0.8219999670982361 2.9000000953674316
-0.6779999732971191 -0.6240000128746033 2.7019999027252197
-0.6899999976158142 -0.7199999690055847 2.5280001163482666
-0.34800004959106445 -0.8700000047683716 2.875999927520752
-0.6840000152587891 -0.7979999780654907 2.450000047683716
-1.3199999332427979 -0.9539999961853027 2.4019999504089355
-0.6599999666213989 -0.828000009059906 2.437999963760376
-0.527999997138977 -0.671999990940094 3.0380001068115234
-0.3960000276565552 -1.3860000371932983 3.3500001430511475
-0.6420000195503235 -0.5999999642372131 2.8519999980926514
-0.6359999775886536 -0.5999999642372131 2.875999927520752
-0.41999995708465576 -1.2960000038146973 3.4040000438690186
-0.4320000410079956 -0.75 2.9600000381469727
-0.3240000009536743 -0.9240000247955322 2.828000068664551
-0.6480000019073486 -0.5999999642372131 2.828000068664551
-0.6299999952316284 -0.5999999642372131 2.9000000953674316
-0.36000001430511475 -0.8460000157356262 2.881999969482422
-0.48000001907348633 -1.343999981880188 3.4579999446868896
-0.671999990940094 -0.6240000128746033 2.7019999027252197
-0.4440000057220459 -1.3199999332427979 3.427999973297119
-0.5879999995231628 -0.6240000128746033 3.002000093460083
-0.3059999942779541 -0.972000002861023 2.803999900817871
-0.6539999842643738 -0.5999999642372131 2.803999900817871
-0.6660000085830688 -0.5999999642372131 2.7799999713897705
-0.4739999771118164 -0.7080000042915344 3.002000093460083
-0.6899999976158142 -0.6959999799728394 2.552000045776367
-0.37199997901916504 -0.8219999670982361 2.9000000953674316
-0.6240000128746033 -0.5999999642372131 2.9000000953674316
-0.6480000019073486 -0.5999999642372131 2.809999942779541
-0.3960000276565552 -0.7860000133514404 2.930000066757202
-0.33000004291534424 -0.8999999761581421 2.8399999141693115
-0.38399994373321533 -1.277999997138977 3.368000030517578
-0.5759999752044678 -0.6359999775886536 3.055999994277954
-0.6840000152587891 -0.6480000019073486 2.630000114440918
-0.5879999995231628 -0.6359999775886536 3.0920000076293945
-0.4679999351501465 -1.343999981880188 3.452000141143799
-0.6179999709129333 -0.5999999642372131 2.930000066757202
-0.2999999523162842 -0.9779999852180481 2.803999900817871
-0.3960000276565552 -1.3140000104904175 3.380000114440918
-0.4620000123977661 -1.3199999332427979 3.452000141143799
-0.6959999799728394 -0.75 2.4800000190734863
-1.3320000171661377 -0.9539999961853027 2.4019999504089355
-0.37800002098083496 -1.3199999332427979 3.3559999465942383
-0.4140000343322754 -1.3140000104904175 3.4040000438690186
-0.671999990940094 -0.8219999670982361 2.4260001182556152
-0.437999963760376 -1.3559999465942383 3.421999931335449
-0.5820000171661377 -0.6240000128746033 3.0260000228881836
-0.3059999942779541 -0.972000002861023 2.7799999713897705
-0.40199995040893555 -0.7739999890327454 2.930000066757202
-0.49800002574920654 -0.6840000152587891 3.0260000228881836
-0.37199997901916504 -1.3199999332427979 3.3500001430511475
-0.48000001907348633 -0.6959999799728394 3.002000093460083
-0.4679999351501465 -1.3619999885559082 3.452000141143799
-0.6779999732971191 -0.8159999847412109 2.4260001182556152
-0.3659999370574951 -1.3739999532699585 3.3259999752044678
-0.6119999885559082 -0.5999999642372131 2.9539999961853027
-0.38999998569488525 -1.2960000038146973 3.380000114440918
-0.37199997901916504 -1.3980000019073486 3.3259999752044678
-0.3659999370574951 -0.8219999670982361 2.8940000534057617
-0.3059999942779541 -0.972000002861023 2.7739999294281006
-0.6899999976158142 -0.671999990940094 2.5759999752044678
-0.437999963760376 -1.343999981880188 3.427999973297119
-0.2999999523162842 -0.9779999852180481 2.7860000133514404
-0.5099999904632568 -0.671999990940094 3.0260000228881836
-0.41999995708465576 -0.75 2.9539999961853027
-0.6660000085830688 -0.5999999642372131 2.75
-0.6840000152587891 -0.6179999709129333 2.677999973297119
-0.48000001907348633 -1.3199999332427979 3.4760000705718994
-0.3960000276565552 -1.4040000438690186 3.361999988555908
-0.6959999799728394 -0.6480000019073486 2.6059999465942383
-0.5460000038146973 -0.6480000019073486 3.055999994277954
-0.37199997901916504 -1.343999981880188 3.3500001430511475
-0.437999963760376 -1.3559999465942383 3.427999973297119
-0.3059999942779541 -0.9480000138282776 2.803999900817871
-0.6959999799728394 -0.7199999690055847 2.503999948501587
-0.4739999771118164 -0.6959999799728394 3.002000093460083
-0.6060000061988831 -0.5999999642372131 2.9779999256134033
-0.4679999351501465 -1.2960000038146973 3.4700000286102295
-0.3960000276565552 -0.7739999890327454 2.930000066757202
-0.37199997901916504 -1.350000023841858 3.3500001430511475
-0.2999999523162842 -0.9599999785423279 2.803999900817871
-0.6899999976158142 -0.7739999890327454 2.450000047683716
-0.37800002098083496 -0.7979999780654907 2.9060001373291016
-0.6779999732971191 -0.5999999642372131 2.7260000705718994
-0.5220000147819519 -0.671999990940094 3.0920000076293945
-0.2999999523162842 -0.972000002861023 2.7799999713897705
-0.6359999775886536 -0.5820000171661377 2.9600000381469727
-0.4440000057220459 -0.7199999690055847 2.9779999256134033
-0.312000036239624 -0.9240000247955322 2.815999984741211
-1.3380000591278076 -0.9419999718666077 2.4019999504089355
-0.36000001430511475 -1.3199999332427979 3.3440001010894775
-0.6899999976158142 -0.7979999780654907 2.4260001182556152
-0.36000001430511475 -1.343999981880188 3.3380000591278076
-0.3539999723434448 -1.3860000371932983 3.314000129699707
-0.48000001907348633 -1.343999981880188 3.4760000705718994
-0.6840000152587891 -0.6240000128746033 2.6540000438690186
-0.671999990940094 -0.5999999642372131 2.7260000705718994
-0.6959999799728394 -0.6959999799728394 2.5280001163482666
-0.5759999752044678 -0.6240000128746033 3.055999994277954
-0.3539999723434448 -1.3739999532699585 3.319999933242798
-0.5640000104904175 -0.6359999775886536 3.0799999237060547
-1.350000023841858 -0.9539999961853027 2.4019999504089355
-1.3199999332427979 -0.9599999785423279 2.378000020980835
-0.671999990940094 -0.5999999642372131 2.7200000286102295
-0.33000004291534424 -0.8700000047683716 2.8580000400543213
-0.3240000009536743 -0.8819999694824219 2.8519999980926514
-0.2999999523162842 -0.9480000138282776 2.803999900817871
-0.49800002574920654 -0.671999990940094 3.0260000228881836
-0.34200000762939453 -0.8460000157356262 2.875999927520752
-0.24000000953674316 -1.1159999370574951 3.002000093460083
-0.5339999794960022 -0.6480000019073486 3.049999952316284
-0.6840000152587891 -0.5999999642372131 2.7019999027252197
-0.4679999351501465 -1.3079999685287476 3.4760000705718994
-0.6959999799728394 -0.6959999799728394 2.5220000743865967
-0.3539999723434448 -1.2719999551773071 3.3500001430511475
-0.4739999771118164 -1.343999981880188 3.4760000705718994
-0.3960000276565552 -1.2960000038146973 3.4040000438690186
-0.4440000057220459 -1.3259999752044678 3.452000141143799
-0.5999999642372131 -0.6119999885559082 3.0920000076293945
-0.6959999799728394 -0.671999990940094 2.552000045776367
-0.24000000953674316 -1.1640000343322754 3.068000078201294
-0.49800002574920654 -0.6779999732971191 3.074000120162964
-0.23399996757507324 -1.128000020980835 2.9779999256134033
-0.593999981880188 -0.5999999642372131 3.002000093460083
-0.593999981880188 -0.6179999709129333 3.1040000915527344
-0.41999995708465576 -1.3259999752044678 3.427999973297119
-0.5699999928474426 -0.6240000128746033 3.068000078201294
-1.3320000171661377 -0.9660000205039978 2.378000020980835
-0.6539999842643738 -0.5759999752044678 2.828000068664551
-0.7020000219345093 -0.7260000109672546 2.4800000190734863
-0.6959999799728394 -0.6240000128746033 2.630000114440918
-0.23399996757507324 -1.121999979019165 2.9779999256134033
-0.5220000147819519 -0.6539999842643738 3.055999994277954
-1.3199999332427979 -0.9480000138282776 2.378000020980835
-0.7020000219345093 -0.6840000152587891 2.5280001163482666
-0.6959999799728394 -0.75 2.4559998512268066
-0.36000001430511475 -1.2960000038146973 3.361999988555908
-0.7020000219345093 -0.6660000085830688 2.552000045776367
-0.5699999928474426 -0.6240000128746033 3.0799999237060547
-0.312000036239624 -0.8999999761581421 2.828000068664551
-0.7020000219345093 -0.7020000219345093 2.503999948501587
-0.437999963760376 -1.3199999332427979 3.452000141143799
-0.6959999799728394 -0.7199999690055847 2.4860000610351562
-0.3240000009536743 -0.8700000047683716 2.8519999980926514
-0.6959999799728394 -0.671999990940094 2.5460000038146973
-1.350000023841858 -0.9359999895095825 2.4019999504089355
-0.6959999799728394 -0.6480000019073486 2.5820000171661377
-0.37199997901916504 -1.2960000038146973 3.380000114440918
-0.40199995040893555 -0.75 2.941999912261963
-0.34800004959106445 -1.3739999532699585 3.3259999752044678
-0.34800004959106445 -1.2719999551773071 3.3500001430511475
-0.4859999418258667 -0.671999990940094 3.0139999389648438
-0.37199997901916504 -1.3020000457763672 3.380000114440918
-0.23399996757507324 -1.128000020980835 3.0260000228881836
-0.7020000219345093 -0.6480000019073486 2.5759999752044678
-0.6899999976158142 -0.5999999642372131 2.677999973297119
-0.7020000219345093 -0.6299999952316284 2.6059999465942383
-0.2940000295639038 -1.2300000190734863 3.259999990463257
-0.22800004482269287 -1.1519999504089355 3.002000093460083
-0.7020000219345093 -0.7199999690055847 2.4800000190734863
-0.6420000195503235 -0.5699999928474426 2.875999927520752
-0.6480000019073486 -0.5699999928474426 2.8519999980926514
-0.6660000085830688 -0.5699999928474426 2.803999900817871
-0.22800004482269287 -1.1460000276565552 3.002000093460083
-0.22800004482269287 -1.1699999570846558 3.0260000228881836
-0.23399996757507324 -1.0920000076293945 2.9600000381469727
-0.5879999995231628 -0.5999999642372131 3.0260000228881836
-1.3140000104904175 -0.9660000205039978 2.3600001335144043
-0.34800004959106445 -1.2960000038146973 3.3500001430511475
-0.22800004482269287 -1.1759999990463257 3.0320000648498535
-0.5220000147819519 -0.6480000019073486 3.055999994277954
-0.6539999842643738 -0.5699999928474426 2.828000068664551
-0.6959999799728394 -0.6240000128746033 2.618000030517578
-1.3020000457763672 -0.9480000138282776 2.3600001335144043
-0.4259999990463257 -0.7199999690055847 2.9720001220703125
-0.5699999928474426 -0.6299999952316284 3.121999979019165
-0.37800002098083496 -0.7739999890327454 2.9179999828338623
-0.34800004959106445 -0.8159999847412109 2.9000000953674316
-0.4679999351501465 -1.3680000305175781 3.4760000705718994
-0.7020000219345093 -0.6959999799728394 2.503999948501587
-0.23399996757507324 -1.1340000629425049 3.055999994277954
-0.6959999799728394 -0.7739999890327454 2.4260001182556152
-0.6779999732971191 -0.5759999752044678 2.75
-0.4500000476837158 -0.6959999799728394 2.9839999675750732
-0.36000001430511475 -0.7979999780654907 2.9000000953674316
-0.671999990940094 -0.5699999928474426 2.7799999713897705
-0.6539999842643738 -0.5640000104904175 2.8519999980926514
-0.7020000219345093 -0.7440000176429749 2.450000047683716
-0.34800004959106445 -1.3199999332427979 3.3500001430511475
-0.33000004291534424 -0.8460000157356262 2.870000123977661
-0.6299999952316284 -0.5699999928474426 2.9000000953674316
-0.3359999656677246 -1.343999981880188 3.3259999752044678
-0.671999990940094 -0.8159999847412109 2.4019999504089355
-0.6899999976158142 -0.8040000200271606 2.4019999504089355
-0.33000004291534424 -1.2660000324249268 3.3320000171661377
-1.3259999752044678 -0.9359999895095825 2.378000020980835
-0.34800004959106445 -1.3980000019073486 3.3259999752044678
-0.34800004959106445 -1.3259999752044678 3.3500001430511475
-0.22200000286102295 -1.1699999570846558 3.002000093460083
-1.3259999752044678 -0.9599999785423279 2.366000175476074
-0.22800004482269287 -1.187999963760376 3.062000036239624
-0.37800002098083496 -1.3259999752044678 3.3919999599456787
-0.7020000219345093 -0.6240000128746033 2.6059999465942383
-0.3240000009536743 -0.8519999980926514 2.875999927520752
-0.6359999775886536 -0.5640000104904175 2.941999912261963
-0.6959999799728394 -0.7979999780654907 2.4019999504089355
-0.6359999775886536 -0.5640000104904175 2.9539999961853027
-0.22200000286102295 -1.1820000410079956 3.0260000228881836
-0.33000004291534424 -1.3619999885559082 3.314000129699707
-0.38399994373321533 -1.3140000104904175 3.4040000438690186
-0.2999999523162842 -0.906000018119812 2.828000068664551
-0.9660000205039978 -0.8640000224113464 2.3000001907348633
-0.7020000219345093 -0.671999990940094 2.5280001163482666
-0.22800004482269287 -1.0980000495910645 2.9839999675750732
-0.41999995708465576 -0.7199999690055847 2.9779999256134033
-0.5699999928474426 -0.6240000128746033 3.121999979019165
-0.22800004482269287 -1.1159999370574951 3.0260000228881836
-0.5820000171661377 -0.5999999642372131 3.055999994277954
-0.6779999732971191 -0.5699999928474426 2.75
-0.6179999709129333 -0.5699999928474426 2.9539999961853027
-0.3240000009536743 -0.8460000157356262 2.875999927520752
-0.7020000219345093 -0.7619999647140503 2.4260001182556152
-0.22200000286102295 -1.121999979019165 2.9779999256134033
-0.5040000081062317 -0.6480000019073486 3.0320000648498535
-0.21599996089935303 -1.1699999570846558 2.9779999256134033
-0.21599996089935303 -1.194000005722046 3.002000093460083
-0.33000004291534424 -1.3919999599456787 3.308000087738037
-0.33000004291534424 -1.3199999332427979 3.3320000171661377
-0.2999999523162842 -0.8999999761581421 2.828000068664551
-0.671999990940094 -0.5699999928474426 2.75600004196167
-0.9480000138282776 -0.8579999804496765 2.3000001907348633
-0.2760000228881836 -0.9419999718666077 2.8519999980926514
-0.7080000042915344 -0.6480000019073486 2.552000045776367
-0.41999995708465576 -1.3079999685287476 3.452000141143799
-0.21599996089935303 -1.2120000123977661 3.0260000228881836
-0.7020000219345093 -0.7860000133514404 2.4019999504089355
-0.22200000286102295 -1.2059999704360962 3.068000078201294
-0.6060000061988831 -0.5759999752044678 3.002000093460083
-0.36000001430511475 -1.3980000019073486 3.3559999465942383
-0.5460000038146973 -0.6240000128746033 3.0799999237060547
-0.21599996089935303 -1.1460000276565552 2.9779999256134033
-0.6959999799728394 -0.7739999890327454 2.4140000343322754
-0.49800002574920654 -0.6480000019073486 3.0260000228881836
-0.40199995040893555 -1.3140000104904175 3.434000015258789
-0.6119999885559082 -0.5699999928474426 2.9779999256134033
-0.6959999799728394 -0.593999981880188 2.6540000438690186
-0.5999999642372131 -0.5759999752044678 2.9779999256134033
-0.22200000286102295 -1.0980000495910645 2.9779999256134033
-0.6840000152587891 -0.5699999928474426 2.7260000705718994
-0.33000004291534424 -1.2960000038146973 3.3440001010894775
-0.38399994373321533 -0.75 2.930000066757202
-0.34800004959106445 -0.7979999780654907 2.9000000953674316
-0.22200000286102295 -1.1039999723434448 3.008000135421753
-0.37199997901916504 -1.2960000038146973 3.4040000438690186
-0.6179999709129333 -0.5640000104904175 2.930000066757202
-0.2940000295639038 -1.2419999837875366 3.2899999618530273
-0.6959999799728394 -0.5999999642372131 2.635999917984009
-0.22200000286102295 -1.1100000143051147 3.0260000228881836
-0.28199994564056396 -0.9480000138282776 2.7799999713897705
-0.3240000009536743 -1.343999981880188 3.3259999752044678
-0.7020000219345093 -0.5999999642372131 2.630000114440918
-0.312000036239624 -1.3739999532699585 3.2960000038146973
-0.37199997901916504 -1.3079999685287476 3.4040000438690186
-0.40799999237060547 -0.7199999690055847 2.9539999961853027
-0.3179999589920044 -1.2719999551773071 3.3320000171661377
-0.21000003814697266 -1.1640000343322754 2.9720001220703125
-0.26999998092651367 -0.9419999718666077 2.8519999980926514
-0.7080000042915344 -0.6959999799728394 2.4800000190734863
-0.3960000276565552 -0.7319999933242798 2.9539999961853027
-0.437999963760376 -1.3199999332427979 3.4760000705718994
-0.6959999799728394 -0.5699999928474426 2.7019999027252197
-0.7020000219345093 -0.75 2.4260001182556152
-0.33000004291534424 -0.8219999670982361 2.875999927520752
-0.34800004959106445 -1.2719999551773071 3.380000114440918
-0.3059999942779541 -0.8700000047683716 2.8340001106262207
-0.21000003814697266 -1.1460000276565552 2.9720001220703125
-0.7080000042915344 -0.6240000128746033 2.5759999752044678
-0.5699999928474426 -0.5999999642372131 3.074000120162964
-0.4440000057220459 -0.6840000152587891 3.002000093460083
-0.36000001430511475 -0.7739999890327454 2.9060001373291016
-0.28199994564056396 -0.9539999961853027 2.75600004196167
-0.7080000042915344 -0.7199999690055847 2.450000047683716
-0.5999999642372131 -0.5699999928474426 2.9839999675750732
-0.4559999704360962 -0.671999990940094 3.002000093460083
-0.7020000219345093 -0.7739999890327454 2.4019999504089355
-0.312000036239624 -1.3199999332427979 3.319999933242798
-0.5699999928474426 -0.5999999642372131 3.0799999237060547
-0.3059999942779541 -1.3799999952316284 3.2899999618530273
-0.38999998569488525 -1.3259999752044678 3.427999973297119
-0.37199997901916504 -0.7559999823570251 2.930000066757202
-0.7080000042915344 -0.671999990940094 2.503999948501587
-0.4859999418258667 -0.6480000019073486 3.0199999809265137
-0.28199994564056396 -0.9240000247955322 2.803999900817871
-1.3320000171661377 -0.9300000071525574 2.366000175476074
-0.5879999995231628 -0.593999981880188 3.1040000915527344
-0.20399999618530273 -1.194000005722046 2.9779999256134033
-0.3240000009536743 -1.3739999532699585 3.3259999752044678
-0.3240000009536743 -1.2719999551773071 3.3500001430511475
-0.20399999618530273 -1.2000000476837158 2.9839999675750732
-0.4259999990463257 -0.6959999799728394 2.9779999256134033
-0.6840000152587891 -0.8040000200271606 2.384000062942505
-0.6539999842643738 -0.5460000038146973 2.8519999980926514
-0.312000036239624 -1.3860000371932983 3.302000045776367
-0.20399999618530273 -1.2239999771118164 3.002000093460083
-0.20399999618530273 -1.2419999837875366 3.002000093460083
-0.20399999618530273 -1.1759999990463257 2.9720001220703125
-0.5759999752044678 -0.593999981880188 3.0799999237060547
-0.34800004959106445 -1.277999997138977 3.385999917984009
-0.21000003814697266 -1.2480000257492065 3.055999994277954
-0.34800004959106445 -1.3980000019073486 3.3559999465942383
-0.5220000147819519 -0.6240000128746033 3.055999994277954
-0.437999963760376 -1.3259999752044678 3.4820001125335693
-0.2999999523162842 -1.3799999952316284 3.2839999198913574
-0.7139999866485596 -0.6480000019073486 2.5280001163482666
-0.312000036239624 -1.3199999332427979 3.3259999752044678
-0.3240000009536743 -0.8219999670982361 2.875999927520752
-0.3240000009536743 -1.2960000038146973 3.3500001430511475
-0.312000036239624 -1.343999981880188 3.319999933242798
-0.41999995708465576 -1.3320000171661377 3.4639999866485596
-0.3240000009536743 -1.3020000457763672 3.3500001430511475
-0.37199997901916504 -0.75 2.930000066757202
-0.21599996089935303 -1.0740000009536743 2.9600000381469727
-0.2760000228881836 -0.9480000138282776 2.7680001258850098
-0.6480000019073486 -0.5460000038146973 2.8519999980926514
-0.3059999942779541 -1.277999997138977 3.3259999752044678
-0.6660000085830688 -0.5460000038146973 2.803999900817871
-0.20399999618530273 -1.2480000257492065 3.0260000228881836
-0.3059999942779541 -1.3739999532699585 3.302000045776367
-0.26999998092651367 -0.9539999961853027 2.7799999713897705
-0.7080000042915344 -0.5999999642372131 2.6059999465942383
-0.6240000128746033 -0.5519999861717224 2.9000000953674316
-0.20399999618530273 -1.2599999904632568 3.0260000228881836
-0.3240000009536743 -1.3919999599456787 3.3259999752044678
-0.6539999842643738 -0.5460000038146973 2.828000068664551
-0.3960000276565552 -0.7199999690055847 2.9539999961853027
-0.41999995708465576 -0.6959999799728394 2.9779999256134033
-0.34200000762939453 -1.3739999532699585 3.361999988555908
-0.6959999799728394 -0.5699999928474426 2.677999973297119
-0.7020000219345093 -0.5339999794960022 2.7860000133514404
-0.671999990940094 -0.8040000200271606 2.384000062942505
-0.26999998092651367 -0.9599999785423279 2.76200008392334
-0.26999998092651367 -0.9179999828338623 2.8519999980926514
-0.26999998092651367 -0.9359999895095825 2.803999900817871
-0.26999998092651367 -0.9480000138282776 2.7799999713897705
-0.671999990940094 -0.5460000038146973 2.7799999713897705
-0.1979999542236328 -1.194000005722046 2.9779999256134033
-0.2999999523162842 -0.8579999804496765 2.8519999980926514
-0.2999999523162842 -1.3199999332427979 3.314000129699707
-0.21000003814697266 -1.0980000495910645 3.002000093460083
-0.5099999904632568 -0.6240000128746033 3.0439999103546143
-0.4440000057220459 -0.671999990940094 3.002000093460083
-0.3059999942779541 -0.8460000157356262 2.8519999980926514
-0.1979999542236328 -1.2480000257492065 3.002000093460083
-0.2879999876022339 -1.3680000305175781 3.2780001163482666
-0.21000003814697266 -1.2660000324249268 3.0859999656677246
-0.6299999952316284 -0.5460000038146973 2.888000011444092
-0.1979999542236328 -1.2599999904632568 3.002000093460083
-0.37800002098083496 -1.3199999332427979 3.427999973297119
-0.527999997138977 -0.6119999885559082 3.055999994277954
-0.6959999799728394 -0.7919999957084656 2.378000020980835
-0.3659999370574951 -0.75 2.9179999828338623
-0.7139999866485596 -0.6240000128746033 2.552000045776367
-0.20399999618530273 -1.2719999551773071 3.055999994277954
-0.20399999618530273 -1.1100000143051147 2.9660000801086426
-0.6840000152587891 -0.5460000038146973 2.75
-0.28199994564056396 -0.8999999761581421 2.809999942779541
-0.2999999523162842 -1.3739999532699585 3.302000045776367
-0.2940000295639038 -0.8700000047683716 2.828000068664551
-0.6959999799728394 -0.5699999928474426 2.6660001277923584
-0.20399999618530273 -1.284000039100647 3.055999994277954
-0.6779999732971191 -0.5399999618530273 2.7799999713897705
-0.21000003814697266 -1.2960000038146973 3.0859999656677246
-0.7020000219345093 -0.7860000133514404 2.378000020980835
-0.1979999542236328 -1.2419999837875366 3.0260000228881836
-0.33000004291534424 -0.7979999780654907 2.888000011444092
-1.3079999685287476 -0.9480000138282776 2.3299999237060547
-0.2999999523162842 -1.2960000038146973 3.3259999752044678
-0.41999995708465576 -1.3259999752044678 3.4760000705718994
-0.21000003814697266 -1.0679999589920044 2.947999954223633
-0.2999999523162842 -1.3799999952316284 3.302000045776367
-0.1979999542236328 -1.1460000276565552 2.9779999256134033
-0.6840000152587891 -0.527999997138977 2.822000026702881
-0.20399999618530273 -1.0980000495910645 2.9600000381469727
-1.3140000104904175 -0.9539999961853027 2.3299999237060547
-0.26999998092651367 -0.9240000247955322 2.803999900817871
-0.9599999785423279 -0.8579999804496765 2.2760000228881836
-0.37199997901916504 -1.3140000104904175 3.427999973297119
-0.7139999866485596 -0.671999990940094 2.4800000190734863
-0.5460000038146973 -0.5999999642372131 3.0799999237060547
-0.7080000042915344 -0.75 2.4019999504089355
-0.4739999771118164 -0.6420000195503235 3.0260000228881836
-0.2999999523162842 -0.8460000157356262 2.8519999980926514
-0.2999999523162842 -1.3199999332427979 3.3259999752044678
-0.312000036239624 -0.8219999670982361 2.870000123977661
-0.7139999866485596 -0.7199999690055847 2.4260001182556152
-0.6899999976158142 -0.5460000038146973 2.7260000705718994
-0.7020000219345093 -0.5579999685287476 2.677999973297119
-0.7139999866485596 -0.6959999799728394 2.450000047683716
-0.19200003147125244 -1.1699999570846558 2.9779999256134033
-0.4320000410079956 -0.671999990940094 2.990000009536743
-0.7080000042915344 -0.7739999890327454 2.378000020980835
-0.9419999718666077 -0.8519999980926514 2.2760000228881836
-0.8640000224113464 -0.8219999670982361 2.3000001907348633
-0.20399999618530273 -1.0740000009536743 2.9779999256134033
-0.7139999866485596 -0.6480000019073486 2.503999948501587
-0.2999999523162842 -1.343999981880188 3.3259999752044678
-0.21599996089935303 -1.2960000038146973 3.140000104904175
-0.7139999866485596 -0.5999999642372131 2.5759999752044678
-0.7020000219345093 -0.5460000038146973 2.7019999027252197
-0.21599996089935303 -1.3020000457763672 3.140000104904175
-0.1979999542236328 -1.0980000495910645 2.9600000381469727
-0.26399993896484375 -1.2480000257492065 3.2780001163482666
-0.2580000162124634 -1.2480000257492065 3.2660000324249268
-0.7020000219345093 -0.5640000104904175 2.6540000438690186
-0.1979999542236328 -1.0980000495910645 2.9779999256134033
-0.40199995040893555 -0.6959999799728394 2.9660000801086426
-0.3240000009536743 -0.7919999957084656 2.9000000953674316
-0.2879999876022339 -1.343999981880188 3.308000087738037
-0.4559999704360962 -0.6480000019073486 3.008000135421753
-0.18599998950958252 -1.2239999771118164 2.9779999256134033
-0.18599998950958252 -1.2480000257492065 2.9779999256134033
-0.9300000071525574 -0.8460000157356262 2.2760000228881836
-0.8640000224113464 -0.7979999780654907 2.312000036239624
-0.3359999656677246 -0.7739999890327454 2.9000000953674316
-0.18599998950958252 -1.253999948501587 2.9779999256134033
-0.18599998950958252 -1.194000005722046 2.9660000801086426
-0.37800002098083496 -0.7199999690055847 2.936000108718872
-0.6959999799728394 -0.5460000038146973 2.7019999027252197
-0.527999997138977 -0.5999999642372131 3.062000036239624
-0.7199999690055847 -0.5220000147819519 2.75
-0.38399994373321533 -1.3199999332427979 3.452000141143799
-0.7199999690055847 -0.6240000128746033 2.5280001163482666
-0.7080000042915344 -0.5699999928474426 2.630000114440918
-0.3179999589920044 -0.7979999780654907 2.881999969482422
-0.6420000195503235 -0.5339999794960022 2.828000068664551
-0.18599998950958252 -1.1579999923706055 2.9600000381469727
-0.3240000009536743 -1.3799999952316284 3.361999988555908
-0.26999998092651367 -0.8999999761581421 2.803999900817871
-0.2999999523162842 -1.3739999532699585 3.3259999752044678
-0.37199997901916504 -1.3259999752044678 3.440000057220459
-0.2999999523162842 -1.2719999551773071 3.3500001430511475
-0.28199994564056396 -1.2719999551773071 3.319999933242798
-0.6779999732971191 -0.5220000147819519 2.803999900817871
-0.2999999523162842 -1.277999997138977 3.3500001430511475
-0.1979999542236328 -1.0740000009536743 2.9779999256134033
-0.9120000004768372 -0.8399999737739563 2.2760000228881836
-0.2999999523162842 -1.3799999952316284 3.3259999752044678
-0.3960000276565552 -0.6959999799728394 2.9779999256134033
-0.2999999523162842 -0.8219999670982361 2.875999927520752
-0.48000001907348633 -0.6240000128746033 3.0260000228881836
-0.18599998950958252 -1.1340000629425049 2.9600000381469727
-0.5339999794960022 -0.5999999642372131 3.1040000915527344
-0.1799999475479126 -1.2120000123977661 2.9660000801086426
-0.7199999690055847 -0.5220000147819519 2.7320001125335693
-0.2580000162124634 -0.9480000138282776 2.75
-0.28199994564056396 -1.2719999551773071 3.3259999752044678
-0.2760000228881836 -1.284000039100647 3.314000129699707
-0.7020000219345093 -0.5460000038146973 2.677999973297119
-0.26999998092651367 -1.3739999532699585 3.2780001163482666
-0.18599998950958252 -1.121999979019165 2.9600000381469727
-0.25199997425079346 -1.253999948501587 3.2720000743865967
-0.4440000057220459 -0.6480000019073486 3.002000093460083
-0.5220000147819519 -0.5999999642372131 3.0799999237060547
-0.38999998569488525 -0.6959999799728394 2.9600000381469727
-0.2760000228881836 -0.8700000047683716 2.822000026702881
-0.2580000162124634 -1.277999997138977 3.2839999198913574
-0.6779999732971191 -0.5220000147819519 2.7799999713897705
-0.7199999690055847 -0.5999999642372131 2.552000045776367
-0.24000000953674316 -1.253999948501587 3.247999906539917
-0.18599998950958252 -1.1159999370574951 2.9779999256134033
-0.7260000109672546 -0.6480000019073486 2.4800000190734863
-0.4739999771118164 -0.6240000128746033 3.0260000228881836
-0.8880000114440918 -0.8339999914169312 2.2760000228881836
-0.21599996089935303 -1.3199999332427979 3.1700000762939453
-0.7260000109672546 -0.6119999885559082 2.5280001163482666
-0.3659999370574951 -0.7199999690055847 2.930000066757202
-0.7139999866485596 -0.75 2.378000020980835
-0.7139999866485596 -0.5699999928474426 2.6059999465942383
-0.7199999690055847 -0.6959999799728394 2.4260001182556152
-0.312000036239624 -1.277999997138977 3.380000114440918
-0.7199999690055847 -0.7199999690055847 2.4019999504089355
-0.26999998092651367 -1.2480000257492065 3.314000129699707
-0.3240000009536743 -0.7739999890327454 2.9000000953674316
-0.7199999690055847 -0.6480000019073486 2.4800000190734863
-0.5099999904632568 -0.5999999642372131 3.055999994277954
-0.37800002098083496 -1.3259999752044678 3.4579999446868896
-0.8700000047683716 -0.8339999914169312 2.2760000228881836
-0.25199997425079346 -1.2719999551773071 3.2780001163482666
-0.26399993896484375 -1.2719999551773071 3.302000045776367
-0.37199997901916504 -1.3259999752044678 3.452000141143799
-0.7199999690055847 -0.671999990940094 2.450000047683716
-0.7199999690055847 -0.5999999642372131 2.5460000038146973
-1.3020000457763672 -0.9419999718666077 2.305999994277954
-0.22200000286102295 -1.3259999752044678 3.194000005722046
-0.19200003147125244 -1.0740000009536743 3.002000093460083
-0.24000000953674316 -1.2719999551773071 3.253999948501587
-0.25199997425079346 -0.9240000247955322 2.7920000553131104
-0.6959999799728394 -0.7860000133514404 2.3540000915527344
-0.28199994564056396 -0.8460000157356262 2.8399999141693115
-0.17400002479553223 -1.2239999771118164 2.9779999256134033
-0.17400002479553223 -1.2480000257492065 2.9779999256134033
-0.19200003147125244 -1.0799999237060547 3.0260000228881836
-0.17400002479553223 -1.253999948501587 2.9779999256134033
-0.49800002574920654 -0.6060000061988831 3.055999994277954
-0.26999998092651367 -0.8700000047683716 2.828000068664551
-0.3059999942779541 -1.350000023841858 3.361999988555908
-0.40799999237060547 -0.671999990940094 2.9779999256134033
-0.6840000152587891 -0.5220000147819519 2.75
-0.5040000081062317 -0.5999999642372131 3.049999952316284
-0.7139999866485596 -0.7739999890327454 2.3540000915527344
-0.7080000042915344 -0.5460000038146973 2.6540000438690186
-0.17400002479553223 -1.187999963760376 2.9779999256134033
-0.26399993896484375 -1.3799999952316284 3.2780001163482666
-0.7020000219345093 -0.7799999713897705 2.3540000915527344
-0.7260000109672546 -0.6660000085830688 2.450000047683716
-0.2999999523162842 -1.3199999332427979 3.361999988555908
-0.18599998950958252 -1.0920000076293945 3.002000093460083
-0.23399996757507324 -1.3380000591278076 3.2300000190734863
-0.17400002479553223 -1.1699999570846558 2.9779999256134033
-0.3359999656677246 -0.75 2.9060001373291016
-0.22800004482269287 -1.3140000104904175 3.2239999771118164
-0.7199999690055847 -0.6240000128746033 2.503999948501587
-0.24599993228912354 -0.9539999961853027 2.75
-0.22800004482269287 -1.2960000038146973 3.2300000190734863
-0.4620000123977661 -0.6240000128746033 3.0139999389648438
-0.25199997425079346 -1.343999981880188 3.2720000743865967
-0.25199997425079346 -0.9419999718666077 2.74399995803833
-0.9599999785423279 -0.8460000157356262 2.257999897003174
-0.22200000286102295 -1.343999981880188 3.200000047683716
-0.24599993228912354 -1.2660000324249268 3.2780001163482666
-0.7260000109672546 -0.7080000042915344 2.4019999504089355
-0.22800004482269287 -1.3079999685287476 3.2300000190734863
-0.7260000109672546 -0.6840000152587891 2.4260001182556152
-0.26999998092651367 -1.3680000305175781 3.302000045776367
-0.26999998092651367 -1.2719999551773071 3.3259999752044678
-0.6899999976158142 -0.5220000147819519 2.7260000705718994
-0.37199997901916504 -0.7020000219345093 2.9539999961853027
-0.24599993228912354 -0.9480000138282776 2.75
-0.24599993228912354 -0.9179999828338623 2.803999900817871
-0.49800002574920654 -0.5999999642372131 3.055999994277954
-0.7260000109672546 -0.6179999709129333 2.503999948501587
-0.24000000953674316 -1.2899999618530273 3.2660000324249268
-0.7199999690055847 -0.6959999799728394 2.4140000343322754
-0.25199997425079346 -1.343999981880188 3.2780001163482666
-0.26399993896484375 -1.343999981880188 3.302000045776367
-0.9599999785423279 -0.8519999980926514 2.251999855041504
-0.9480000138282776 -0.8519999980926514 2.251999855041504
-0.8579999804496765 -0.8219999670982361 2.2760000228881836
-1.3020000457763672 -0.9240000247955322 2.305999994277954
-0.24599993228912354 -0.9240000247955322 2.7860000133514404
-0.7080000042915344 -0.5220000147819519 2.7019999027252197
-0.7199999690055847 -0.7199999690055847 2.3899998664855957
-0.26999998092651367 -1.2960000038146973 3.3259999752044678
-0.22200000286102295 -1.350000023841858 3.2060000896453857
-0.7199999690055847 -0.5460000038146973 2.630000114440918
-0.2580000162124634 -1.3079999685287476 3.302000045776367
-0.17400002479553223 -1.121999979019165 2.9539999961853027
-0.7260000109672546 -0.5999999642372131 2.5280001163482666
-0.4259999990463257 -0.6480000019073486 2.996000051498413
-0.4919999837875366 -0.5999999642372131 3.0439999103546143
-0.25199997425079346 -1.3140000104904175 3.2899999618530273
-0.26999998092651367 -1.3079999685287476 3.3259999752044678
-0.26399993896484375 -0.8700000047683716 2.815999984741211
-0.22200000286102295 -1.3140000104904175 3.2239999771118164
-0.25199997425079346 -1.3739999532699585 3.2720000743865967
-0.22800004482269287 -1.3559999465942383 3.2239999771118164
-0.9660000205039978 -0.8819999694824219 2.2339999675750732
-0.312000036239624 -1.3199999332427979 3.3919999599456787
-0.9480000138282776 -0.8460000157356262 2.251999855041504
-0.23399996757507324 -1.3199999332427979 3.253999948501587
-0.2999999523162842 -1.2960000038146973 3.380000114440918
-0.7260000109672546 -0.5820000171661377 2.552000045776367
-0.3960000276565552 -0.671999990940094 2.9779999256134033
-0.37199997901916504 -0.6959999799728394 2.9539999961853027
-0.23399996757507324 -0.9480000138282776 2.7799999713897705
-0.7199999690055847 -0.5699999928474426 2.5759999752044678
-0.22800004482269287 -1.350000023841858 3.2300000190734863
-0.17400002479553223 -1.0980000495910645 2.9600000381469727
-0.28199994564056396 -0.8219999670982361 2.8519999980926514
-0.24000000953674316 -1.3680000305175781 3.253999948501587
-0.2940000295639038 -0.7979999780654907 2.875999927520752
-0.25199997425079346 -1.2960000038146973 3.302000045776367
-0.24000000953674316 -1.2960000038146973 3.2780001163482666
-0.17400002479553223 -1.0980000495910645 2.9779999256134033
-0.34800004959106445 -0.7199999690055847 2.930000066757202
-0.41999995708465576 -0.6480000019073486 3.002000093460083
-0.16199994087219238 -1.2300000190734863 2.9660000801086426
-0.7260000109672546 -0.6959999799728394 2.4019999504089355
-0.23399996757507324 -1.343999981880188 3.253999948501587
-0.7199999690055847 -0.5699999928474426 2.569999933242798
-0.6959999799728394 -0.7799999713897705 2.3420000076293945
-0.9240000247955322 -0.8399999737739563 2.251999855041504
-0.24599993228912354 -0.8999999761581421 2.803999900817871
-0.7260000109672546 -0.5640000104904175 2.5759999752044678
-0.7260000109672546 -0.671999990940094 2.4260001182556152
-0.7319999933242798 -0.6240000128746033 2.4800000190734863
-0.7319999933242798 -0.6480000019073486 2.450000047683716
-0.7260000109672546 -0.7199999690055847 2.378000020980835
-0.3059999942779541 -0.7739999890327454 2.888000011444092
-0.24000000953674316 -1.3199999332427979 3.2780001163482666
-0.7199999690055847 -0.75 2.3540000915527344
-0.24599993228912354 -0.8999999761581421 2.7980000972747803
-0.6959999799728394 -0.515999972820282 2.7079999446868896
-0.7080000042915344 -0.5220000147819519 2.677999973297119
-0.7199999690055847 -0.5460000038146973 2.611999988555908
-0.24599993228912354 -1.3619999885559082 3.2780001163482666
-0.4440000057220459 -0.6240000128746033 3.008000135421753
-0.24000000953674316 -0.9419999718666077 2.74399995803833
-0.1679999828338623 -1.1159999370574951 2.9779999256134033
-0.37199997901916504 -1.3259999752044678 3.4760000705718994
-0.24599993228912354 -1.284000039100647 3.302000045776367
-0.7260000109672546 -0.7440000176429749 2.3540000915527344
-0.17400002479553223 -1.0740000009536743 2.9779999256134033
-0.16199994087219238 -1.1460000276565552 2.9539999961853027
-0.17400002479553223 -1.0980000495910645 3.0380001068115234
-0.24000000953674316 -1.343999981880188 3.2780001163482666
-0.8999999761581421 -0.8339999914169312 2.251999855041504
-0.17400002479553223 -1.0740000009536743 3.002000093460083
-0.48000001907348633 -0.6060000061988831 3.0920000076293945
-0.156000018119812 -1.2179999351501465 2.9600000381469727
-0.26999998092651367 -0.828000009059906 2.8519999980926514
-0.26999998092651367 -1.2899999618530273 3.3500001430511475
-0.7319999933242798 -0.5999999642372131 2.503999948501587
-0.8640000224113464 -0.7619999647140503 2.3000001907348633
-0.9599999785423279 -0.8700000047683716 2.2280001640319824
-0.7260000109672546 -0.5699999928474426 2.552000045776367
-0.17400002479553223 -1.0740000009536743 3.0260000228881836
-0.156000018119812 -1.1759999990463257 2.9539999961853027
-0.7139999866485596 -0.7739999890327454 2.3299999237060547
-0.4739999771118164 -0.5999999642372131 3.055999994277954
-0.156000018119812 -1.1699999570846558 2.9539999961853027
-0.8519999980926514 -0.7979999780654907 2.2760000228881836
-0.21599996089935303 -0.9419999718666077 2.828000068664551
-0.7260000109672546 -0.5399999618530273 2.6059999465942383
-0.7139999866485596 -0.5220000147819519 2.6540000438690186
-0.1679999828338623 -1.0859999656677246 3.002000093460083
-0.24599993228912354 -1.3140000104904175 3.308000087738037
-0.26999998092651367 -0.8219999670982361 2.8519999980926514
-0.7199999690055847 -0.49800002574920654 2.7139999866485596
-0.28199994564056396 -0.7979999780654907 2.870000123977661
-0.312000036239624 -0.75 2.9000000953674316
-0.37199997901916504 -0.6779999732971191 2.9779999256134033
-0.8700000047683716 -0.828000009059906 2.251999855041504
-0.2580000162124634 -0.8460000157356262 2.828000068664551
-0.22200000286102295 -0.9419999718666077 2.7799999713897705
-0.7199999690055847 -0.75 2.3420000076293945
-0.3539999723434448 -0.6959999799728394 2.941999912261963
-0.40199995040893555 -0.6480000019073486 2.9839999675750732
-0.6959999799728394 -0.5099999904632568 2.696000099182129
-0.156000018119812 -1.1399999856948853 2.9779999256134033
-0.4739999771118164 -0.5999999642372131 3.0799999237060547
-1.2899999618530273 -0.9300000071525574 2.2760000228881836
-0.2940000295639038 -0.7739999890327454 2.881999969482422
-0.2580000162124634 -1.3559999465942383 3.3259999752044678
-0.7319999933242798 -0.7559999823570251 2.3299999237060547
-0.2999999523162842 -0.7619999647140503 2.9000000953674316
-0.7379999756813049 -0.671999990940094 2.4019999504089355
-0.21599996089935303 -0.9240000247955322 2.8340001106262207
-1.2899999618530273 -0.9240000247955322 2.2760000228881836
-0.1499999761581421 -1.1699999570846558 2.9539999961853027
-0.33000004291534424 -0.7199999690055847 2.9119999408721924
-0.7260000109672546 -0.5220000147819519 2.630000114440918
-0.8759999871253967 -0.7559999823570251 2.2940001487731934
-0.37199997901916504 -0.671999990940094 2.9779999256134033
-0.8579999804496765 -0.8219999670982361 2.251999855041504
-0.8460000157356262 -0.7860000133514404 2.2760000228881836
-0.24000000953674316 -1.343999981880188 3.302000045776367
-0.7319999933242798 -0.6959999799728394 2.378000020980835
-0.24599993228912354 -0.8579999804496765 2.828000068664551
-0.26399993896484375 -0.8219999670982361 2.8399999141693115
-0.24599993228912354 -1.2960000038146973 3.3259999752044678
-0.25199997425079346 -1.343999981880188 3.3259999752044678
-0.7199999690055847 -0.5220000147819519 2.630000114440918
-0.1499999761581421 -1.1460000276565552 2.947999954223633
-0.1499999761581421 -1.1460000276565552 2.9539999961853027
-0.7379999756813049 -0.5699999928474426 2.5280001163482666
-0.7260000109672546 -0.5460000038146973 2.5759999752044678
-0.7319999933242798 -0.75 2.3299999237060547
-0.7319999933242798 -0.6480000019073486 2.4260001182556152
-0.7319999933242798 -0.7199999690055847 2.3540000915527344
-0.7379999756813049 -0.6240000128746033 2.450000047683716
-0.22200000286102295 -0.9120000004768372 2.803999900817871
-0.4440000057220459 -0.6060000061988831 3.0260000228881836
-0.9539999961853027 -0.8700000047683716 2.2160000801086426
-0.24000000953674316 -0.8700000047683716 2.809999942779541
-0.7379999756813049 -0.5999999642372131 2.4800000190734863
-0.9539999961853027 -0.8460000157356262 2.2280001640319824
-0.3659999370574951 -0.671999990940094 2.9660000801086426
-0.14399993419647217 -1.2480000257492065 2.9779999256134033
-0.24599993228912354 -1.3259999752044678 3.3259999752044678
-0.4500000476837158 -0.5999999642372131 3.0260000228881836
-0.1499999761581421 -1.121999979019165 2.9539999961853027
-0.24000000953674316 -1.3680000305175781 3.302000045776367
-0.26999998092651367 -0.7979999780654907 2.875999927520752
-0.8460000157356262 -0.8159999847412109 2.251999855041504
-0.2999999523162842 -0.75 2.9000000953674316
-0.24599993228912354 -0.8460000157356262 2.828000068664551
-0.9480000138282776 -0.8399999737739563 2.2280001640319824
-0.156000018119812 -1.0740000009536743 2.9720001220703125
-0.1499999761581421 -1.1100000143051147 2.9779999256134033
-0.4140000343322754 -0.6240000128746033 3.002000093460083
-0.24599993228912354 -0.8460000157356262 2.822000026702881
-0.6899999976158142 -0.49800002574920654 2.7019999027252197
-0.22200000286102295 -0.8999999761581421 2.803999900817871
-0.4440000057220459 -0.5999999642372131 3.0260000228881836
-0.21599996089935303 -0.9419999718666077 2.75
-0.21599996089935303 -0.9240000247955322 2.7799999713897705
-0.24599993228912354 -1.3559999465942383 3.3259999752044678
-0.1499999761581421 -1.0980000495910645 2.9779999256134033
-0.24000000953674316 -1.3199999332427979 3.3259999752044678
-0.34800004959106445 -0.6840000152587891 2.9539999961853027
-0.8999999761581421 -0.828000009059906 2.2339999675750732
-0.3179999589920044 -0.7199999690055847 2.9060001373291016
-0.7080000042915344 -0.49800002574920654 2.677999973297119
-0.8460000157356262 -0.7979999780654907 2.257999897003174
-0.8579999804496765 -0.7680000066757202 2.2760000228881836
-0.7379999756813049 -0.5460000038146973 2.552000045776367
-0.22200000286102295 -0.8999999761581421 2.7920000553131104
-0.3359999656677246 -0.6959999799728394 2.930000066757202
-0.1380000114440918 -1.194000005722046 2.9539999961853027
-0.1380000114440918 -1.253999948501587 2.9779999256134033
-0.1380000114440918 -1.2179999351501465 2.990000009536743
-0.1380000114440918 -1.1699999570846558 2.947999954223633
-0.9539999961853027 -0.8759999871253967 2.2039999961853027
-0.37800002098083496 -0.6480000019073486 2.9779999256134033
-0.8579999804496765 -0.7979999780654907 2.251999855041504
-0.7319999933242798 -0.515999972820282 2.6059999465942383
-0.1499999761581421 -1.0740000009536743 2.9779999256134033
-0.9240000247955322 -0.828000009059906 2.2280001640319824
-0.156000018119812 -1.0440000295639038 2.9779999256134033
-0.1979999542236328 -0.9419999718666077 2.803999900817871
-0.7440000176429749 -0.671999990940094 2.378000020980835
-0.7379999756813049 -0.5699999928474426 2.503999948501587
-0.7440000176429749 -0.6480000019073486 2.4019999504089355
-0.40199995040893555 -0.6240000128746033 2.996000051498413
-0.3240000009536743 -0.7020000219345093 2.930000066757202
-0.13199996948242188 -1.2120000123977661 2.9539999961853027
-0.1499999761581421 -1.0679999589920044 3.002000093460083
-0.7139999866485596 -0.49800002574920654 2.6540000438690186
-0.7379999756813049 -0.6959999799728394 2.3540000915527344
-0.7440000176429749 -0.6240000128746033 2.4260001182556152
-0.9120000004768372 -0.8219999670982361 2.2280001640319824
-0.7319999933242798 -0.7559999823570251 2.305999994277954
-0.9480000138282776 -0.8640000224113464 2.2039999961853027
-0.8999999761581421 -0.8219999670982361 2.2280001640319824
-0.1499999761581421 -1.0679999589920044 3.0260000228881836
-0.8759999871253967 -0.75 2.2760000228881836
-0.13199996948242188 -1.1699999570846558 2.9779999256134033
-0.1979999542236328 -0.9419999718666077 2.7799999713897705
-0.4259999990463257 -0.5999999642372131 3.0139999389648438
-0.6959999799728394 -0.4919999837875366 2.677999973297119
-0.8700000047683716 -0.75 2.2760000228881836
-0.7379999756813049 -0.7199999690055847 2.3299999237060547
-0.3240000009536743 -0.6959999799728394 2.930000066757202
-0.7440000176429749 -0.5999999642372131 2.450000047683716
-0.7440000176429749 -0.5460000038146973 2.5280001163482666
-0.20399999618530273 -0.9240000247955322 2.7739999294281006
-0.7319999933242798 -0.5220000147819519 2.5759999752044678
-0.28199994564056396 -0.75 2.888000011444092
-0.7260000109672546 -0.49800002574920654 2.630000114440918
-0.24599993228912354 -0.8100000023841858 2.8519999980926514
-0.3659999370574951 -0.6480000019073486 2.9779999256134033
-0.1260000467300415 -1.2419999837875366 2.9539999961853027
-0.34200000762939453 -0.671999990940094 2.9539999961853027
-0.7080000042915344 -0.7680000066757202 2.3000001907348633
-0.9300000071525574 -0.8100000023841858 2.2280001640319824
-0.25199997425079346 -0.7979999780654907 2.8519999980926514
-0.7199999690055847 -0.49800002574920654 2.630000114440918
-0.8700000047683716 -0.8159999847412109 2.2280001640319824
-0.26399993896484375 -0.7739999890327454 2.875999927520752
-1.0260000228881836 -0.7319999933242798 2.2820000648498535
-0.1260000467300415 -1.1820000410079956 2.9779999256134033
-0.8460000157356262 -0.8100000023841858 2.2339999675750732
-0.3960000276565552 -0.6179999709129333 3.002000093460083
-0.2999999523162842 -0.7199999690055847 2.9000000953674316
-0.8759999871253967 -0.7559999823570251 2.2639999389648438
-0.1979999542236328 -0.9240000247955322 2.7799999713897705
-0.7319999933242798 -0.75 2.3000001907348633
-0.8640000224113464 -0.7739999890327454 2.251999855041504
-0.9419999718666077 -0.8460000157356262 2.2039999961853027
-0.7020000219345093 -0.4739999771118164 2.7019999027252197
-0.9300000071525574 -0.7559999823570251 2.257999897003174
-0.7440000176429749 -0.5699999928474426 2.4800000190734863
-0.34800004959106445 -0.6599999666213989 2.9779999256134033
-0.38399994373321533 -0.6240000128746033 2.9839999675750732
-0.7379999756813049 -0.49800002574920654 2.6059999465942383
-0.4140000343322754 -0.5999999642372131 3.0260000228881836
-0.20399999618530273 -0.9359999895095825 2.7260000705718994
-0.12000000476837158 -1.2360000610351562 2.941999912261963
-0.6959999799728394 -0.4739999771118164 2.7019999027252197
-0.12000000476837158 -1.2419999837875366 2.9539999961853027
-0.24599993228912354 -0.7979999780654907 2.8519999980926514
-0.22200000286102295 -0.8460000157356262 2.828000068664551
-0.4259999990463257 -0.593999981880188 3.055999994277954
-0.12000000476837158 -1.194000005722046 2.9539999961853027
-0.19200003147125244 -0.9480000138282776 2.75
-0.7440000176429749 -0.5220000147819519 2.552000045776367
-0.9419999718666077 -0.8880000114440918 2.180000066757202
-0.75 -0.6480000019073486 2.378000020980835
-0.40799999237060547 -0.5999999642372131 3.002000093460083
-0.75 -0.671999990940094 2.3540000915527344
-0.12000000476837158 -1.2120000123977661 2.996000051498413
-0.7139999866485596 -0.4739999771118164 2.677999973297119
-0.9300000071525574 -0.75 2.257999897003174
-0.22200000286102295 -0.8460000157356262 2.815999984741211
-0.12000000476837158 -1.1699999570846558 2.947999954223633
-0.12000000476837158 -1.1699999570846558 2.9539999961853027
-0.12000000476837158 -1.2419999837875366 3.002000093460083
-0.6840000152587891 -0.4859999418258667 2.671999931335449
-0.1979999542236328 -0.8999999761581421 2.803999900817871
-0.1380000114440918 -1.0499999523162842 2.9779999256134033
-0.75 -0.6240000128746033 2.4019999504089355
-0.33000004291534424 -0.671999990940094 2.947999954223633
-0.9240000247955322 -0.7559999823570251 2.251999855041504
-0.1979999542236328 -0.9240000247955322 2.75
-0.21000003814697266 -0.8700000047683716 2.803999900817871
-0.8399999737739563 -0.7680000066757202 2.251999855041504
-0.12000000476837158 -1.1460000276565552 2.9539999961853027
-0.1260000467300415 -1.0980000495910645 2.9539999961853027
-0.20399999618530273 -0.9359999895095825 2.7079999446868896
-0.7440000176429749 -0.6959999799728394 2.3299999237060547
-0.7440000176429749 -0.5460000038146973 2.503999948501587
-0.7260000109672546 -0.7559999823570251 2.2880001068115234
-0.8640000224113464 -0.7979999780654907 2.2280001640319824
-0.75 -0.5999999642372131 2.4260001182556152
-0.7559999823570251 -0.6179999709129333 2.4019999504089355
-0.11399996280670166 -1.2239999771118164 2.9539999961853027
-0.25199997425079346 -0.7739999890327454 2.870000123977661
-0.3059999942779541 -0.6959999799728394 2.9119999408721924
-0.22800004482269287 -0.8219999670982361 2.828000068664551
-0.11399996280670166 -1.194000005722046 2.947999954223633
-0.75 -0.6240000128746033 2.3959999084472656
-0.34800004959106445 -0.6480000019073486 2.9779999256134033
-0.1380000114440918 -1.0260000228881836 2.936000108718872
-0.75 -0.5699999928474426 2.4619998931884766
-0.24599993228912354 -0.7799999713897705 2.875999927520752
-0.3240000009536743 -0.671999990940094 2.9539999961853027
-0.7559999823570251 -0.5759999752044678 2.450000047683716
-0.7199999690055847 -0.4739999771118164 2.6540000438690186
-0.7020000219345093 -0.4559999704360962 2.7260000705718994
-0.26399993896484375 -0.75 2.881999969482422
-0.7559999823570251 -0.6359999775886536 2.378000020980835
-0.1260000467300415 -1.0740000009536743 2.9600000381469727
-0.19200003147125244 -0.9419999718666077 2.7260000705718994
-0.8700000047683716 -0.8100000023841858 2.2160000801086426
-0.13199996948242188 -1.0440000295639038 2.9600000381469727
-0.75 -0.5999999642372131 2.4200000762939453
-0.6840000152587891 -0.4739999771118164 2.684000015258789
-0.9419999718666077 -0.8219999670982361 2.2039999961853027
-0.8819999694824219 -0.75 2.251999855041504
-0.156000018119812 -0.9839999675750732 2.822000026702881
-0.3960000276565552 -0.5999999642372131 3.002000093460083
-0.1799999475479126 -0.9539999961853027 2.75
-0.8339999914169312 -0.7680000066757202 2.246000051498413
-0.12000000476837158 -1.0980000495910645 2.9539999961853027
-0.8700000047683716 -0.75 2.251999855041504
-0.24599993228912354 -0.7739999890327454 2.875999927520752
-0.9179999828338623 -0.7440000176429749 2.251999855041504
-0.7440000176429749 -0.49800002574920654 2.5759999752044678
-0.19200003147125244 -0.8999999761581421 2.7860000133514404
-0.28199994564056396 -0.7199999690055847 2.8940000534057617
-0.75 -0.5220000147819519 2.5280001163482666
-0.1799999475479126 -0.9539999961853027 2.74399995803833
-0.22200000286102295 -0.8219999670982361 2.828000068664551
-0.10800004005432129 -1.2300000190734863 2.9179999828338623
-0.7199999690055847 -0.4739999771118164 2.6419999599456787
-0.7440000176429749 -0.7199999690055847 2.3000001907348633
-0.22200000286102295 -0.8219999670982361 2.822000026702881
-0.7559999823570251 -0.5699999928474426 2.450000047683716
-0.7559999823570251 -0.5879999995231628 2.4260001182556152
-0.10800004005432129 -1.253999948501587 2.9839999675750732
-0.7319999933242798 -0.4739999771118164 2.630000114440918
-0.9359999895095825 -0.8579999804496765 2.180000066757202
-0.7139999866485596 -0.7619999647140503 2.2760000228881836
-0.1979999542236328 -0.8700000047683716 2.803999900817871
-0.7559999823570251 -0.5460000038146973 2.4800000190734863
-0.3359999656677246 -0.6480000019073486 2.9660000801086426
-0.9240000247955322 -0.8100000023841858 2.2039999961853027
-0.2940000295639038 -0.6959999799728394 2.9060001373291016
-1.0080000162124634 -0.7199999690055847 2.2639999389648438
-0.75 -0.5460000038146973 2.4800000190734863
-0.12000000476837158 -1.0679999589920044 2.9779999256134033
-0.6299999952316284 -0.4559999704360962 3.0799999237060547
-0.7559999823570251 -0.6480000019073486 2.3540000915527344
-0.17400002479553223 -0.9539999961853027 2.74399995803833
-0.8759999871253967 -0.7739999890327454 2.2280001640319824
-0.6119999885559082 -0.4679999351501465 3.1040000915527344
-0.22800004482269287 -0.7979999780654907 2.8399999141693115
-0.75 -0.5220000147819519 2.5160000324249268
-0.7559999823570251 -0.6240000128746033 2.378000020980835
-0.7260000109672546 -0.4620000123977661 2.6540000438690186
-0.8700000047683716 -0.7739999890327454 2.2280001640319824
-0.17400002479553223 -0.9480000138282776 2.75
-0.7619999647140503 -0.5999999642372131 2.4019999504089355
-0.6240000128746033 -0.4559999704360962 3.074000120162964
-0.7260000109672546 -0.75 2.2760000228881836
-0.10199999809265137 -1.2239999771118164 2.947999954223633
-0.75 -0.6480000019073486 2.3540000915527344
-0.9599999785423279 -0.8999999761581421 2.1560001373291016
-0.6240000128746033 -0.4559999704360962 3.0799999237060547
-0.12000000476837158 -1.062000036239624 3.002000093460083
-0.1979999542236328 -0.8519999980926514 2.828000068664551
-0.10199999809265137 -1.2480000257492065 2.9779999256134033
-0.75 -0.671999990940094 2.3299999237060547
-0.1679999828338623 -0.9599999785423279 2.75
-0.9419999718666077 -0.8460000157356262 2.180000066757202
-0.17400002479553223 -0.9240000247955322 2.7799999713897705
-0.3539999723434448 -0.6240000128746033 2.9779999256134033
-0.7440000176429749 -0.4739999771118164 2.6059999465942383
-0.7559999823570251 -0.5099999904632568 2.5280001163482666
-0.8999999761581421 -0.8040000200271606 2.2039999961853027
-0.6299999952316284 -0.4500000476837158 3.068000078201294
-0.12000000476837158 -1.0499999523162842 2.9779999256134033
-0.10199999809265137 -1.1820000410079956 2.9779999256134033
-0.75 -0.49800002574920654 2.552000045776367
-0.26999998092651367 -0.7199999690055847 2.9000000953674316
-0.7260000109672546 -0.4500000476837158 2.677999973297119
-0.19200003147125244 -0.8700000047683716 2.7980000972747803
-0.37800002098083496 -0.5999999642372131 2.990000009536743
-0.3059999942779541 -0.671999990940094 2.936000108718872
-0.7559999823570251 -0.6660000085830688 2.3299999237060547
-0.6420000195503235 -0.4500000476837158 3.1040000915527344
-0.1979999542236328 -0.8460000157356262 2.828000068664551
-0.1499999761581421 -0.972000002861023 2.803999900817871
-0.7559999823570251 -0.5220000147819519 2.503999948501587
-0.2999999523162842 -0.6779999732971191 2.930000066757202
-0.7139999866485596 -0.4440000057220459 2.7019999027252197
-1.0080000162124634 -0.7260000109672546 2.251999855041504
-0.8700000047683716 -0.7739999890327454 2.2220001220703125
-0.23399996757507324 -0.7739999890327454 2.8580000400543213
-0.6420000195503235 -0.4440000057220459 3.0799999237060547
-0.8700000047683716 -0.7919999957084656 2.2100000381469727
-0.8880000114440918 -0.7979999780654907 2.2039999961853027
-0.34800004959106445 -0.6240000128746033 2.9779999256134033
-0.22200000286102295 -0.7919999957084656 2.8519999980926514
-0.6299999952316284 -0.4440000057220459 3.055999994277954
-0.09599995613098145 -1.2300000190734863 2.947999954223633
-0.09599995613098145 -1.2179999351501465 2.936000108718872
-0.09599995613098145 -1.2419999837875366 2.9539999961853027
-0.09599995613098145 -1.2179999351501465 2.9539999961853027
-0.1260000467300415 -1.0080000162124634 2.9000000953674316
-0.906000018119812 -0.7559999823570251 2.2280001640319824
-0.09599995613098145 -1.194000005722046 2.9539999961853027
-0.10199999809265137 -1.121999979019165 2.9539999961853027
-0.09599995613098145 -1.2480000257492065 2.9779999256134033
-0.8999999761581421 -0.8040000200271606 2.197999954223633
-0.37199997901916504 -0.5999999642372131 2.990000009536743
-0.9480000138282776 -0.8700000047683716 2.1620001792907715
-0.1380000114440918 -0.9839999675750732 2.8340001106262207
-0.6060000061988831 -0.48000001907348633 3.1760001182556152
-0.09599995613098145 -1.1820000410079956 2.947999954223633
-0.7619999647140503 -0.5699999928474426 2.4260001182556152
-0.8700000047683716 -0.75 2.2339999675750732
-0.593999981880188 -0.48000001907348633 3.1579999923706055
-0.75 -0.6959999799728394 2.3000001907348633
-0.75 -0.49800002574920654 2.5399999618530273
-0.26399993896484375 -0.7199999690055847 2.888000011444092
-0.37199997901916504 -0.5999999642372131 3.002000093460083
-0.2999999523162842 -0.671999990940094 2.930000066757202
-0.1799999475479126 -0.9240000247955322 2.7260000705718994
-0.09599995613098145 -1.1699999570846558 2.947999954223633
-0.09599995613098145 -1.1699999570846558 2.9539999961853027
-0.9480000138282776 -0.8939999938011169 2.1500000953674316
-0.10800004005432129 -1.0740000009536743 2.9539999961853027
-0.13199996948242188 -0.9900000095367432 2.8580000400543213
-0.6959999799728394 -0.437999963760376 2.7260000705718994
-1.0019999742507935 -0.7260000109672546 2.246000051498413
-0.1799999475479126 -0.9300000071525574 2.7139999866485596
-0.7199999690055847 -0.4440000057220459 2.677999973297119
-0.5999999642372131 -0.48000001907348633 3.1760001182556152
-0.17400002479553223 -0.9179999828338623 2.75
-0.5999999642372131 -0.4679999351501465 3.134000062942505
-0.09599995613098145 -1.1460000276565552 2.947999954223633
-0.09599995613098145 -1.1460000276565552 2.9539999961853027
-0.9779999852180481 -0.8759999871253967 2.1560001373291016
-0.1679999828338623 -0.9480000138282776 2.7260000705718994
-0.1799999475479126 -0.9240000247955322 2.7139999866485596
-0.7080000042915344 -0.7559999823570251 2.2639999389648438
-0.9240000247955322 -0.8040000200271606 2.191999912261963
-0.6899999976158142 -0.4440000057220459 2.7019999027252197
-0.593999981880188 -0.4739999771118164 3.1519999504089355
-0.75 -0.7199999690055847 2.2760000228881836
-0.6060000061988831 -0.4620000123977661 3.128000020980835
-0.36000001430511475 -0.6060000061988831 3.002000093460083
-0.8759999871253967 -0.75 2.2280001640319824
-0.7559999823570251 -0.49800002574920654 2.5280001163482666
-0.9480000138282776 -0.8460000157356262 2.1679999828338623
-0.7619999647140503 -0.5460000038146973 2.450000047683716
-0.7020000219345093 -0.4320000410079956 2.7260000705718994
-0.75 -0.4739999771118164 2.5759999752044678
-0.9480000138282776 -0.8219999670982361 2.180000066757202
-0.9179999828338623 -0.7440000176429749 2.2280001640319824
-0.09000003337860107 -1.253999948501587 2.9720001220703125
-0.7199999690055847 -0.4440000057220459 2.6660001277923584
-0.7260000109672546 -0.437999963760376 2.677999973297119
-0.7559999823570251 -0.7139999866485596 2.2760000228881836
-0.6240000128746033 -0.4440000057220459 3.0920000076293945
-0.7619999647140503 -0.6240000128746033 2.3540000915527344
-0.7319999933242798 -0.4440000057220459 2.6540000438690186
-0.3359999656677246 -0.6240000128746033 2.9720001220703125
-0.7619999647140503 -0.6480000019073486 2.3299999237060547
-0.9300000071525574 -0.8939999938011169 2.1440000534057617
-0.10800004005432129 -1.0440000295639038 2.9539999961853027
-0.1979999542236328 -0.8219999670982361 2.828000068664551
-0.312000036239624 -0.6480000019073486 2.9539999961853027
-0.7619999647140503 -0.5220000147819519 2.4800000190734863
-0.5999999642372131 -0.4739999771118164 3.1760001182556152
-0.10800004005432129 -1.0499999523162842 3.002000093460083
-0.7619999647140503 -0.5999999642372131 2.378000020980835
-0.9539999961853027 -0.8159999847412109 2.180000066757202
-0.1679999828338623 -0.8999999761581421 2.7799999713897705
-0.6240000128746033 -0.4440000057220459 3.1040000915527344
-0.23399996757507324 -0.75 2.875999927520752
-0.09599995613098145 -1.0980000495910645 2.9539999961853027
-0.7559999823570251 -0.48000001907348633 2.552000045776367
-0.75 -0.6959999799728394 2.2880001068115234
-0.26999998092651367 -0.6959999799728394 2.9000000953674316
-0.6060000061988831 -0.4620000123977661 3.1519999504089355
-0.7559999823570251 -0.6779999732971191 2.3000001907348633
-0.1499999761581421 -0.9599999785423279 2.75
-0.7020000219345093 -0.41999995708465576 2.75
-0.6060000061988831 -0.4679999351501465 3.1760001182556152
-0.6480000019073486 -0.4320000410079956 3.1040000915527344
-0.17400002479553223 -0.8700000047683716 2.803999900817871
-0.972000002861023 -0.8700000047683716 2.1500000953674316
-0.8819999694824219 -0.7739999890327454 2.2039999961853027
-0.1679999828338623 -0.9240000247955322 2.7260000705718994
-0.9900000095367432 -0.8700000047683716 2.1500000953674316
-0.3240000009536743 -0.6299999952316284 2.9779999256134033
-0.09000003337860107 -1.121999979019165 2.9539999961853027
-0.7260000109672546 -0.75 2.251999855041504
-0.5820000171661377 -0.4859999418258667 3.200000047683716
-0.14399993419647217 -0.9539999961853027 2.7799999713897705
-0.3059999942779541 -0.6480000019073486 2.947999954223633
-0.22200000286102295 -0.7619999647140503 2.875999927520752
-0.7440000176429749 -0.4440000057220459 2.630000114440918
-0.75 -0.4739999771118164 2.558000087738037
-0.09599995613098145 -1.0740000009536743 2.9539999961853027
-0.21599996089935303 -0.7739999890327454 2.8519999980926514
-0.7199999690055847 -0.75 2.251999855041504
-0.7680000066757202 -0.5699999928474426 2.4019999504089355
-0.5699999928474426 -0.4919999837875366 3.2060000896453857
-0.20399999618530273 -0.7979999780654907 2.828000068664551
-0.6060000061988831 -0.4739999771118164 3.2060000896453857
-0.7559999823570251 -0.671999990940094 2.3000001907348633
-0.1499999761581421 -0.9480000138282776 2.75
-0.7559999823570251 -0.4739999771118164 2.552000045776367
-0.7080000042915344 -0.41999995708465576 2.7260000705718994
-0.28199994564056396 -0.671999990940094 2.9179999828338623
-0.5460000038146973 -0.4859999418258667 3.1519999504089355
-0.7619999647140503 -0.49800002574920654 2.503999948501587
-0.3240000009536743 -0.6240000128746033 2.9779999256134033
-0.9480000138282776 -0.8219999670982361 2.1679999828338623
-0.1799999475479126 -0.8460000157356262 2.803999900817871
-0.09599995613098145 -1.062000036239624 2.9779999256134033
-0.7260000109672546 -0.41999995708465576 2.7019999027252197
-0.1979999542236328 -0.7979999780654907 2.8519999980926514
-0.5999999642372131 -0.4739999771118164 3.2060000896453857
-0.2999999523162842 -0.6480000019073486 2.9539999961853027
-0.6959999799728394 -0.41999995708465576 2.7320001125335693
-0.9359999895095825 -0.7979999780654907 2.180000066757202
-0.34800004959106445 -0.5999999642372131 3.002000093460083
-0.7559999823570251 -0.6959999799728394 2.2760000228881836
-0.9240000247955322 -0.7979999780654907 2.180000066757202
-0.7199999690055847 -0.41999995708465576 2.7019999027252197
-0.7680000066757202 -0.5460000038146973 2.4260001182556152
-0.6959999799728394 -0.4140000343322754 2.75
-0.5640000104904175 -0.48000001907348633 3.1760001182556152
-0.7199999690055847 -0.75 2.246000051498413
-0.07799994945526123 -1.253999948501587 2.9839999675750732
-0.22200000286102295 -0.75 2.875999927520752
-0.5519999861717224 -0.48000001907348633 3.1579999923706055
-0.1979999542236328 -0.7979999780654907 2.828000068664551
-0.1380000114440918 -0.9480000138282776 2.7799999713897705
-0.2580000162124634 -0.6959999799728394 2.8940000534057617
-0.18599998950958252 -0.8219999670982361 2.815999984741211
-0.34800004959106445 -0.5999999642372131 3.0320000648498535
-0.7559999823570251 -0.4559999704360962 2.5759999752044678
-0.75 -0.4440000057220459 2.6059999465942383
-0.6420000195503235 -0.41999995708465576 3.0799999237060547
-0.1979999542236328 -0.7979999780654907 2.822000026702881
-0.6060000061988831 -0.4440000057220459 3.128000020980835
-0.5339999794960022 -0.48000001907348633 3.128000020980835
-0.24000000953674316 -0.7199999690055847 2.881999969482422
-0.156000018119812 -0.8999999761581421 2.7739999294281006
-0.07799994945526123 -1.1579999923706055 2.9839999675750732
-0.09599995613098145 -1.0379999876022339 2.9779999256134033
-0.5460000038146973 -0.4859999418258667 3.1760001182556152
-0.17400002479553223 -0.8460000157356262 2.803999900817871
-0.972000002861023 -0.8460000157356262 2.1500000953674316
-0.7319999933242798 -0.41999995708465576 2.677999973297119
-0.9779999852180481 -0.8460000157356262 2.1500000953674316
-0.8999999761581421 -0.7919999957084656 2.180000066757202
-0.7559999823570251 -0.7199999690055847 2.251999855041504
-0.7739999890327454 -0.5220000147819519 2.450000047683716
-0.7680000066757202 -0.6240000128746033 2.3299999237060547
-0.16199994087219238 -0.9179999828338623 2.7139999866485596
-0.7680000066757202 -0.5999999642372131 2.3540000915527344
-0.6359999775886536 -0.4140000343322754 3.0439999103546143
-0.7680000066757202 -0.4739999771118164 2.5280001163482666
-0.75 -0.7199999690055847 2.251999855041504
-0.07200002670288086 -1.2239999771118164 2.947999954223633
-0.9179999828338623 -0.7379999756813049 2.2100000381469727
-0.7559999823570251 -0.437999963760376 2.6059999465942383
-0.8880000114440918 -0.75 2.2039999961853027
-0.5220000147819519 -0.48000001907348633 3.115999937057495
-0.08399999141693115 -1.0799999237060547 2.947999954223633
-0.20399999618530273 -0.7739999890327454 2.8459999561309814
-0.07200002670288086 -1.253999948501587 2.9779999256134033
-0.5519999861717224 -0.4739999771118164 3.1579999923706055
-0.972000002861023 -0.8519999980926514 2.1440000534057617
-0.1499999761581421 -0.9179999828338623 2.75
-0.7199999690055847 -0.4140000343322754 2.696000099182129
-0.08399999141693115 -1.0740000009536743 2.947999954223633
-0.1499999761581421 -0.8999999761581421 2.7799999713897705
-0.7739999890327454 -0.49800002574920654 2.4800000190734863
-0.07200002670288086 -1.1699999570846558 2.9539999961853027
-0.24599993228912354 -0.7020000219345093 2.9000000953674316
-0.5460000038146973 -0.4739999771118164 3.1519999504089355
-0.5999999642372131 -0.4440000057220459 3.140000104904175
-0.1499999761581421 -0.9300000071525574 2.7260000705718994
-0.5579999685287476 -0.4739999771118164 3.1760001182556152
-0.9900000095367432 -0.7080000042915344 2.2280001640319824
-0.7619999647140503 -0.7260000109672546 2.240000009536743
-0.07200002670288086 -1.1579999923706055 2.9779999256134033
-0.6359999775886536 -0.4140000343322754 3.074000120162964
-0.972000002861023 -0.8460000157356262 2.1440000534057617
-0.07200002670288086 -1.1460000276565552 2.9539999961853027
-0.7680000066757202 -0.6480000019073486 2.3000001907348633
-0.1499999761581421 -0.9300000071525574 2.7200000286102295
-0.7379999756813049 -0.41999995708465576 2.6540000438690186
-0.7739999890327454 -0.5699999928474426 2.378000020980835
-0.26999998092651367 -0.6660000085830688 2.930000066757202
-0.5999999642372131 -0.4440000057220459 3.1519999504089355
-0.6299999952316284 -0.41999995708465576 3.1040000915527344
-0.3059999942779541 -0.6240000128746033 2.9600000381469727
-0.33000004291534424 -0.5999999642372131 2.9779999256134033
-0.1979999542236328 -0.7739999890327454 2.8519999980926514
-0.11399996280670166 -0.9779999852180481 2.803999900817871
-0.24599993228912354 -0.6959999799728394 2.9000000953674316
-0.06599998474121094 -1.2239999771118164 2.9539999961853027
-0.08399999141693115 -1.0499999523162842 2.9539999961853027
-0.7680000066757202 -0.671999990940094 2.2760000228881836
-0.07200002670288086 -1.121999979019165 2.9539999961853027
-0.7799999713897705 -0.5460000038146973 2.4019999504089355
-0.527999997138977 -0.4739999771118164 3.134000062942505
-0.06599998474121094 -1.194000005722046 2.9539999961853027
-0.06599998474121094 -1.2419999837875366 2.9779999256134033
-0.21000003814697266 -0.75 2.864000082015991
-0.28199994564056396 -0.6480000019073486 2.930000066757202
-0.5220000147819519 -0.4739999771118164 3.121999979019165
-0.5040000081062317 -0.4859999418258667 3.128000020980835
-0.156000018119812 -0.8700000047683716 2.7860000133514404
-0.7559999823570251 -0.4440000057220459 2.5759999752044678
-0.11399996280670166 -0.972000002861023 2.803999900817871
-0.6240000128746033 -0.41999995708465576 3.1040000915527344
-0.49800002574920654 -0.4859999418258667 3.115999937057495
-0.7739999890327454 -0.5460000038146973 2.4019999504089355
-0.1679999828338623 -0.828000009059906 2.828000068664551
-0.5220000147819519 -0.4739999771118164 3.128000020980835
-0.11399996280670166 -0.972000002861023 2.7980000972747803
-0.8880000114440918 -0.7739999890327454 2.180000066757202
-0.7080000042915344 -0.3960000276565552 2.75
-0.972000002861023 -0.8219999670982361 2.1500000953674316
-0.1499999761581421 -0.9120000004768372 2.7260000705718994
-0.9839999675750732 -0.8219999670982361 2.1500000953674316
-0.3359999656677246 -0.5879999995231628 2.9660000801086426
-0.75 -0.41999995708465576 2.630000114440918
-0.3240000009536743 -0.5999999642372131 2.9779999256134033
-0.07200002670288086 -1.0980000495910645 2.9539999961853027
-0.7739999890327454 -0.4739999771118164 2.503999948501587
-0.2580000162124634 -0.671999990940094 2.9060001373291016
-0.07799994945526123 -1.0679999589920044 3.002000093460083
-0.1679999828338623 -0.8219999670982361 2.828000068664551
-0.24000000953674316 -0.6959999799728394 2.888000011444092
-0.7619999647140503 -0.6959999799728394 2.251999855041504
-0.7739999890327454 -0.5460000038146973 2.3959999084472656
-0.7379999756813049 -0.7379999756813049 2.2280001640319824
-0.7739999890327454 -0.49800002574920654 2.4619998931884766
-0.6959999799728394 -0.3960000276565552 2.75
-0.7139999866485596 -0.3960000276565552 2.7260000705718994
-0.07799994945526123 -1.0499999523162842 2.947999954223633
-0.7739999890327454 -0.5220000147819519 2.4260001182556152
-0.7799999713897705 -0.5579999685287476 2.378000020980835
-0.059999942779541016 -1.253999948501587 2.9720001220703125
-0.059999942779541016 -1.2239999771118164 2.990000009536743
-0.7799999713897705 -0.5999999642372131 2.3299999237060547
-0.6060000061988831 -0.4320000410079956 3.1519999504089355
-0.593999981880188 -0.4440000057220459 3.1760001182556152
-0.07200002670288086 -1.0740000009536743 2.947999954223633
-0.07200002670288086 -1.0740000009536743 2.9539999961853027
-0.7319999933242798 -0.3960000276565552 2.7019999027252197
-0.7080000042915344 -0.38399994373321533 2.7799999713897705
-0.75 -0.41999995708465576 2.618000030517578
-0.059999942779541016 -1.1699999570846558 2.947999954223633
-0.2940000295639038 -0.6240000128746033 2.9539999961853027
-0.6179999709129333 -0.41999995708465576 3.128000020980835
-0.7799999713897705 -0.5759999752044678 2.3540000915527344
-0.5099999904632568 -0.48000001907348633 3.1519999504089355
-0.7739999890327454 -0.5999999642372131 2.3299999237060547
-0.7260000109672546 -0.38999998569488525 2.7260000705718994
-0.7680000066757202 -0.4440000057220459 2.552000045776367
-0.156000018119812 -0.8460000157356262 2.7980000972747803
-0.9839999675750732 -0.8579999804496765 2.125999927520752
-0.7619999647140503 -0.41999995708465576 2.6059999465942383
-0.7799999713897705 -0.48000001907348633 2.4800000190734863
-0.1979999542236328 -0.75 2.875999927520752
-0.14399993419647217 -0.9120000004768372 2.7200000286102295
-0.7739999890327454 -0.5699999928474426 2.3600001335144043
-0.26999998092651367 -0.6480000019073486 2.930000066757202
-0.7619999647140503 -0.7199999690055847 2.2280001640319824
-0.6179999709129333 -0.4320000410079956 3.181999921798706
-0.17400002479553223 -0.7979999780654907 2.828000068664551
-0.7799999713897705 -0.49800002574920654 2.450000047683716
-0.8939999938011169 -0.7199999690055847 2.2039999961853027
-0.1499999761581421 -0.8519999980926514 2.803999900817871
-0.7440000176429749 -0.3960000276565552 2.677999973297119
-0.3240000009536743 -0.5879999995231628 2.9600000381469727
-0.054000020027160645 -1.2360000610351562 2.9539999961853027
-0.07200002670288086 -1.0499999523162842 2.9539999961853027
-0.9779999852180481 -0.7139999866485596 2.2039999961853027
-0.7799999713897705 -0.5699999928474426 2.3540000915527344
-0.07799994945526123 -1.0199999809265137 2.9539999961853027
-0.7739999890327454 -0.6240000128746033 2.3000001907348633
-0.7739999890327454 -0.4739999771118164 2.4860000610351562
-0.14399993419647217 -0.8700000047683716 2.7799999713897705
-0.054000020027160645 -1.1820000410079956 2.936000108718872
-0.7739999890327454 -0.5220000147819519 2.4140000343322754
-0.16199994087219238 -0.8219999670982361 2.803999900817871
-0.1499999761581421 -0.8460000157356262 2.803999900817871
-0.8999999761581421 -0.7799999713897705 2.1620001792907715
-0.07799994945526123 -1.0139999389648438 2.936000108718872
-0.49800002574920654 -0.4739999771118164 3.128000020980835
-0.24599993228912354 -0.671999990940094 2.9000000953674316
-0.49800002574920654 -0.48000001907348633 3.1519999504089355
-0.9900000095367432 -0.8460000157356262 2.125999927520752
-0.8939999938011169 -0.75 2.180000066757202
-0.7739999890327454 -0.6480000019073486 2.2760000228881836
-0.7260000109672546 -0.37800002098083496 2.75
-0.9839999675750732 -0.7979999780654907 2.1500000953674316
-0.7799999713897705 -0.5099999904632568 2.4260001182556152
-0.7799999713897705 -0.4739999771118164 2.4800000190734863
-0.4679999351501465 -0.4919999837875366 3.128000020980835
-0.7799999713897705 -0.5460000038146973 2.378000020980835
-0.6119999885559082 -0.41999995708465576 3.1519999504089355
-0.972000002861023 -0.7080000042915344 2.2039999961853027
-0.21000003814697266 -0.7199999690055847 2.875999927520752
-0.059999942779541016 -1.0920000076293945 2.947999954223633
-0.12000000476837158 -0.9359999895095825 2.75
-0.054000020027160645 -1.1340000629425049 2.936000108718872
-0.972000002861023 -0.7919999957084656 2.1500000953674316
-0.5699999928474426 -0.4440000057220459 3.1760001182556152
-0.7139999866485596 -0.37199997901916504 2.7799999713897705
-0.1799999475479126 -0.7739999890327454 2.828000068664551
-0.07200002670288086 -1.0260000228881836 2.9779999256134033
-0.04799997806549072 -1.2239999771118164 2.9539999961853027
-0.7860000133514404 -0.5220000147819519 2.4019999504089355
-0.04799997806549072 -1.2419999837875366 2.9539999961853027
-0.13199996948242188 -0.8999999761581421 2.75
-0.9779999852180481 -0.6959999799728394 2.2100000381469727
-0.7739999890327454 -0.4440000057220459 2.5280001163482666
-0.7680000066757202 -0.671999990940094 2.251999855041504
-0.7559999823570251 -0.40199995040893555 2.630000114440918
-0.04799997806549072 -1.194000005722046 2.9539999961853027
-0.7440000176429749 -0.3960000276565552 2.6540000438690186
-0.5040000081062317 -0.48000001907348633 3.181999921798706
-0.9480000138282776 -0.7020000219345093 2.2039999961853027
-0.49800002574920654 -0.4739999771118164 3.1519999504089355
-0.22200000286102295 -0.6959999799728394 2.888000011444092
-0.7799999713897705 -0.6119999885559082 2.3000001907348633
-0.48000001907348633 -0.4739999771118164 3.1100001335144043
-0.04799997806549072 -1.1699999570846558 2.9539999961853027
-0.12000000476837158 -0.9240000247955322 2.75
-0.5519999861717224 -0.4440000057220459 3.1579999923706055
-0.13199996948242188 -0.8999999761581421 2.73799991607666
-0.7799999713897705 -0.6359999775886536 2.2760000228881836
-0.6299999952316284 -0.3960000276565552 3.1040000915527344
-0.2760000228881836 -0.6240000128746033 2.941999912261963
-0.7619999647140503 -0.41999995708465576 2.5759999752044678
-0.5040000081062317 -0.4679999351501465 3.1519999504089355
-0.7739999890327454 -0.6240000128746033 2.2880001068115234
-0.6119999885559082 -0.41999995708465576 3.1760001182556152
-0.04799997806549072 -1.1460000276565552 2.936000108718872
-0.04799997806549072 -1.1460000276565552 2.9539999961853027
-0.18599998950958252 -0.75 2.8519999980926514
-0.5460000038146973 -0.4440000057220459 3.1519999504089355
-0.22200000286102295 -0.6899999976158142 2.9000000953674316
-0.17400002479553223 -0.7739999890327454 2.828000068664551
-0.7680000066757202 -0.6959999799728394 2.2280001640319824
-0.16199994087219238 -0.7979999780654907 2.815999984741211
-0.9419999718666077 -0.7799999713897705 2.1500000953674316
-0.11399996280670166 -0.9419999718666077 2.73799991607666
-0.7860000133514404 -0.49800002574920654 2.4260001182556152
-0.7799999713897705 -0.4500000476837158 2.503999948501587
-0.9240000247955322 -0.7799999713897705 2.1500000953674316
-0.1499999761581421 -0.8159999847412109 2.828000068664551
-0.75 -0.3960000276565552 2.635999917984009
-0.059999942779541016 -1.0499999523162842 2.936000108718872
-0.1499999761581421 -0.8219999670982361 2.803999900817871
-0.7559999823570251 -0.3960000276565552 2.630000114440918
-0.7319999933242798 -0.37199997901916504 2.7260000705718994
-0.25199997425079346 -0.6480000019073486 2.9179999828338623
-0.04799997806549072 -1.121999979019165 2.936000108718872
-0.04799997806549072 -1.121999979019165 2.9539999961853027
-0.06599998474121094 -1.0199999809265137 2.9539999961853027
-0.4919999837875366 -0.48000001907348633 3.181999921798706
-0.4500000476837158 -0.4859999418258667 3.1040000915527344
-0.4679999351501465 -0.4739999771118164 3.1040000915527344
-0.9959999918937683 -0.8219999670982361 2.125999927520752
-0.0419999361038208 -1.1820000410079956 2.936000108718872
-0.49800002574920654 -0.4739999771118164 3.1760001182556152
-0.9959999918937683 -0.8460000157356262 2.113999843597412
-0.17400002479553223 -0.7619999647140503 2.8519999980926514
-0.5339999794960022 -0.4440000057220459 3.1459999084472656
-0.1979999542236328 -0.7199999690055847 2.875999927520752
-0.9179999828338623 -0.7739999890327454 2.1500000953674316
-0.7739999890327454 -0.4440000057220459 2.509999990463257
-0.6299999952316284 -0.3960000276565552 3.134000062942505
-0.7440000176429749 -0.37199997901916504 2.7019999027252197
-0.7199999690055847 -0.3659999370574951 2.75
-0.7860000133514404 -0.5699999928474426 2.3299999237060547
-0.04799997806549072 -1.0980000495910645 2.9539999961853027
-0.7799999713897705 -0.4320000410079956 2.5280001163482666
-0.7739999890327454 -0.6480000019073486 2.257999897003174
-0.6240000128746033 -0.3960000276565552 3.128000020980835
-0.7799999713897705 -0.5999999642372131 2.3000001907348633
-0.9480000138282776 -0.7799999713897705 2.1440000534057617
-0.9900000095367432 -0.8519999980926514 2.1080000400543213
-0.6299999952316284 -0.40199995040893555 3.1640000343322754
-0.4440000057220459 -0.4859999418258667 3.1040000915527344
-0.7799999713897705 -0.4440000057220459 2.503999948501587
-0.7739999890327454 -0.41999995708465576 2.552000045776367
-1.0019999742507935 -0.8519999980926514 2.1080000400543213
-0.22800004482269287 -0.671999990940094 2.8940000534057617
-0.9599999785423279 -0.7199999690055847 2.180000066757202
-0.4500000476837158 -0.48000001907348633 3.0980000495910645
-0.7799999713897705 -0.6240000128746033 2.2760000228881836
-0.7860000133514404 -0.5460000038146973 2.3540000915527344
-0.7860000133514404 -0.4739999771118164 2.450000047683716
-0.26999998092651367 -0.6179999709129333 2.9539999961853027
-0.7199999690055847 -0.3659999370574951 2.73799991607666
-0.7680000066757202 -0.3960000276565552 2.6059999465942383
-0.12000000476837158 -0.9120000004768372 2.7260000705718994
-0.1260000467300415 -0.8700000047683716 2.7739999294281006
-0.8999999761581421 -0.7680000066757202 2.1500000953674316
-0.8939999938011169 -0.7199999690055847 2.180000066757202
-1.0019999742507935 -0.8100000023841858 2.125999927520752
-0.6179999709129333 -0.38999998569488525 3.1040000915527344
-0.4320000410079956 -0.4859999418258667 3.0799999237060547
-0.7799999713897705 -0.6480000019073486 2.251999855041504
-0.04799997806549072 -1.0740000009536743 2.936000108718872
-0.12000000476837158 -0.8939999938011169 2.75
-0.7739999890327454 -0.41999995708465576 2.5460000038146973
-0.7919999957084656 -0.5220000147819519 2.378000020980835
-0.7260000109672546 -0.36000001430511475 2.75
-0.1499999761581421 -0.7979999780654907 2.828000068664551
-0.03600001335144043 -1.1699999570846558 2.930000066757202
-0.515999972820282 -0.4440000057220459 3.134000062942505
-0.9359999895095825 -0.7619999647140503 2.1500000953674316
-0.17400002479553223 -0.75 2.8519999980926514
-0.12000000476837158 -0.8759999871253967 2.7799999713897705
-0.75 -0.37199997901916504 2.677999973297119
-0.7559999823570251 -0.37800002098083496 2.6540000438690186
-0.04799997806549072 -1.0740000009536743 2.996000051498413
-0.4259999990463257 -0.4859999418258667 3.068000078201294
-0.28199994564056396 -0.5999999642372131 2.9539999961853027
-0.059999942779541016 -1.0080000162124634 2.930000066757202
-0.22200000286102295 -0.671999990940094 2.9000000953674316
-0.04799997806549072 -1.062000036239624 2.9539999961853027
-0.16199994087219238 -0.7739999890327454 2.822000026702881
-0.28199994564056396 -0.5999999642372131 2.9779999256134033
-0.75 -0.37199997901916504 2.671999931335449
-0.12000000476837158 -0.8999999761581421 2.7260000705718994
-0.12000000476837158 -0.8700000047683716 2.7799999713897705
-0.7680000066757202 -0.7080000042915344 2.2039999961853027
-0.593999981880188 -0.41999995708465576 3.200000047683716
-0.1380000114440918 -0.8219999670982361 2.7980000972747803
-0.9480000138282776 -0.7080000042915344 2.180000066757202
-0.7739999890327454 -0.671999990940094 2.2280001640319824
-0.7919999957084656 -0.49800002574920654 2.4019999504089355
-0.9959999918937683 -0.8219999670982361 2.113999843597412
-0.029999971389770508 -1.2239999771118164 2.936000108718872
-0.029999971389770508 -1.2360000610351562 2.930000066757202
-0.9959999918937683 -0.7979999780654907 2.125999927520752
-0.24599993228912354 -0.6359999775886536 2.930000066757202
-0.41999995708465576 -0.4859999418258667 3.068000078201294
-1.0080000162124634 -0.7979999780654907 2.125999927520752
-0.7559999823570251 -0.3659999370574951 2.677999973297119
-0.906000018119812 -0.7080000042915344 2.180000066757202
-0.2999999523162842 -0.5759999752044678 2.9179999828338623
-1.0139999389648438 -0.8460000157356262 2.1019999980926514
-0.4500000476837158 -0.4679999351501465 3.0920000076293945
-0.1260000467300415 -0.8460000157356262 2.7860000133514404
-0.7799999713897705 -0.41999995708465576 2.5280001163482666
-0.5220000147819519 -0.437999963760376 3.1519999504089355
-0.7559999823570251 -0.37199997901916504 2.6540000438690186
-0.5699999928474426 -0.41999995708465576 3.1760001182556152
-0.23399996757507324 -0.6480000019073486 2.9060001373291016
-0.437999963760376 -0.4739999771118164 3.0859999656677246
-0.972000002861023 -0.7799999713897705 2.131999969482422
-0.21599996089935303 -0.671999990940094 2.888000011444092
-0.7860000133514404 -0.4440000057220459 2.4800000190734863
-0.9779999852180481 -0.7020000219345093 2.180000066757202
-0.04799997806549072 -1.0320000648498535 2.9539999961853027
-0.25199997425079346 -0.6240000128746033 2.930000066757202
-0.6299999952316284 -0.40199995040893555 3.2060000896453857
-0.49800002574920654 -0.4440000057220459 3.128000020980835
-0.26399993896484375 -0.6119999885559082 2.990000009536743
-0.8999999761581421 -0.75 2.1500000953674316
-0.14399993419647217 -0.7979999780654907 2.803999900817871
-0.7739999890327454 -0.671999990940094 2.2220001220703125
-0.7739999890327454 -0.6959999799728394 2.2039999961853027
-0.6060000061988831 -0.41999995708465576 3.2360000610351562
-0.28199994564056396 -0.5879999995231628 2.947999954223633
-0.7919999957084656 -0.4739999771118164 2.4260001182556152
-0.7680000066757202 -0.3960000276565552 2.5759999752044678
-0.4140000343322754 -0.4859999418258667 3.0799999237060547
-0.26999998092651367 -0.5999999642372131 2.9539999961853027
-0.023999929428100586 -1.2239999771118164 2.941999912261963
-0.7799999713897705 -0.6599999666213989 2.2280001640319824
-0.04799997806549072 -1.0199999809265137 2.9539999961853027
-0.023999929428100586 -1.2360000610351562 2.930000066757202
-0.1799999475479126 -0.7199999690055847 2.864000082015991
-0.023999929428100586 -1.194000005722046 2.9539999961853027
-0.7919999957084656 -0.5999999642372131 2.2760000228881836
-0.7979999780654907 -0.5460000038146973 2.3299999237060547
-0.17400002479553223 -0.7260000109672546 2.875999927520752
-0.7260000109672546 -0.34800004959106445 2.75
-0.023999929428100586 -1.187999963760376 2.930000066757202
-0.5879999995231628 -0.4259999990463257 3.2360000610351562
-1.0499999523162842 -0.8399999737739563 2.1019999980926514
-0.1499999761581421 -0.7739999890327454 2.828000068664551
-0.7020000219345093 -0.34800004959106445 2.7799999713897705
-0.16199994087219238 -0.75 2.8399999141693115
-0.023999929428100586 -1.1699999570846558 2.936000108718872
-0.24599993228912354 -0.6240000128746033 2.930000066757202
-0.5820000171661377 -0.40799999237060547 3.1760001182556152
-0.7199999690055847 -0.34800004959106445 2.75
-0.7619999647140503 -0.37199997901916504 2.630000114440918
-0.7020000219345093 -0.34200000762939453 2.803999900817871
-0.029999971389770508 -1.0980000495910645 2.936000108718872
-0.6060000061988831 -0.3960000276565552 3.1760001182556152
-0.7860000133514404 -0.6240000128746033 2.251999855041504
-0.0419999361038208 -1.0320000648498535 2.9779999256134033
-0.48000001907348633 -0.4440000057220459 3.115999937057495
-0.17400002479553223 -0.7199999690055847 2.875999927520752
-0.7799999713897705 -0.6840000152587891 2.2039999961853027
-0.7919999957084656 -0.5220000147819519 2.3540000915527344
-0.6060000061988831 -0.40199995040893555 3.200000047683716
-0.5699999928474426 -0.4259999990463257 3.2239999771118164
-0.7319999933242798 -0.34800004959106445 2.7260000705718994
-0.7919999957084656 -0.5699999928474426 2.3000001907348633
-0.8999999761581421 -0.7559999823570251 2.138000011444092
-0.5519999861717224 -0.4140000343322754 3.1579999923706055
-1.1699999570846558 -0.828000009059906 2.125999927520752
-0.972000002861023 -0.7739999890327454 2.125999927520752
-0.5339999794960022 -0.41999995708465576 3.1459999084472656
-1.1699999570846558 -0.8159999847412109 2.131999969482422
-0.9779999852180481 -0.7739999890327454 2.125999927520752
-0.5999999642372131 -0.38999998569488525 3.1519999504089355
-0.10800004005432129 -0.906000018119812 2.7079999446868896
-0.10800004005432129 -0.8700000047683716 2.7680001258850098
-0.5999999642372131 -0.3960000276565552 3.1760001182556152
-0.5999999642372131 -0.38399994373321533 3.128000020980835
-0.41999995708465576 -0.4739999771118164 3.0799999237060547
-0.7860000133514404 -0.41999995708465576 2.503999948501587
-1.0199999809265137 -0.8219999670982361 2.1019999980926514
-0.5339999794960022 -0.41999995708465576 3.1519999504089355
-0.7860000133514404 -0.6480000019073486 2.2280001640319824
-0.75 -0.34800004959106445 2.7019999027252197
-0.7799999713897705 -0.3960000276565552 2.552000045776367
-1.055999994277954 -0.8399999737739563 2.0959999561309814
-0.7979999780654907 -0.49800002574920654 2.378000020980835
-0.11399996280670166 -0.8460000157356262 2.7799999713897705
-0.9480000138282776 -0.7680000066757202 2.125999927520752
-0.8999999761581421 -0.75 2.138000011444092
-0.03600001335144043 -1.0379999876022339 2.930000066757202
-0.9959999918937683 -0.7799999713897705 2.119999885559082
-0.75 -0.34800004959106445 2.696000099182129
-0.7739999890327454 -0.3960000276565552 2.552000045776367
-0.19200003147125244 -0.6840000152587891 2.9000000953674316
-0.8999999761581421 -0.7199999690055847 2.1560001373291016
-0.12000000476837158 -0.8219999670982361 2.803999900817871
-0.7739999890327454 -0.37199997901916504 2.6059999465942383
-0.2580000162124634 -0.5999999642372131 2.930000066757202
-1.0260000228881836 -0.8159999847412109 2.1019999980926514
-1.0199999809265137 -0.8399999737739563 2.0900001525878906
-0.023999929428100586 -1.0980000495910645 2.936000108718872
-0.593999981880188 -0.41999995708465576 3.253999948501587
-0.906000018119812 -0.7260000109672546 2.1500000953674316
-0.3960000276565552 -0.4859999418258667 3.0799999237060547
-0.5820000171661377 -0.37800002098083496 3.0859999656677246
-0.4440000057220459 -0.4559999704360962 3.1040000915527344
-0.9240000247955322 -0.7619999647140503 2.125999927520752
-0.1979999542236328 -0.671999990940094 2.888000011444092
-0.7919999957084656 -0.4440000057220459 2.450000047683716
-0.23399996757507324 -0.6240000128746033 2.9179999828338623
-0.7799999713897705 -0.671999990940094 2.2039999961853027
-0.10199999809265137 -0.8999999761581421 2.7139999866485596
-0.5220000147819519 -0.41999995708465576 3.1519999504089355
-0.8999999761581421 -0.6959999799728394 2.1679999828338623
-0.7979999780654907 -0.4739999771118164 2.4019999504089355
-0.011999964714050293 -1.2179999351501465 2.9660000801086426
-0.1799999475479126 -0.6959999799728394 2.875999927520752
-0.38999998569488525 -0.4859999418258667 3.074000120162964
-0.906000018119812 -0.7199999690055847 2.1500000953674316
-0.09599995613098145 -0.8880000114440918 2.75
-0.09599995613098145 -0.8999999761581421 2.7260000705718994
-0.4739999771118164 -0.437999963760376 3.128000020980835
-0.7559999823570251 -0.7080000042915344 2.180000066757202
-0.5099999904632568 -0.41999995708465576 3.140000104904175
-0.7919999957084656 -0.3960000276565552 2.5280001163482666
-0.19200003147125244 -0.671999990940094 2.9000000953674316
-0.5999999642372131 -0.40199995040893555 3.2300000190734863
-0.7979999780654907 -0.4739999771118164 2.3959999084472656
-0.21000003814697266 -0.6480000019073486 2.9000000953674316
-0.4559999704360962 -0.4440000057220459 3.1100001335144043
-0.011999964714050293 -1.1460000276565552 2.936000108718872
-0.8040000200271606 -0.4679999351501465 2.4019999504089355
-0.7619999647140503 -0.34200000762939453 2.677999973297119
-0.7919999957084656 -0.41999995708465576 2.4800000190734863
-0.09599995613098145 -0.906000018119812 2.7079999446868896
-0.7559999823570251 -0.3359999656677246 2.7019999027252197
-0.5879999995231628 -0.3960000276565552 3.200000047683716
-1.0199999809265137 -0.7979999780654907 2.1019999980926514
-0.1499999761581421 -0.7379999756813049 2.8519999980926514
-1.0199999809265137 -0.8219999670982361 2.0900001525878906
-0.26399993896484375 -0.5820000171661377 2.9119999408721924
-0.5640000104904175 -0.3960000276565552 3.1640000343322754
-0.7139999866485596 -0.3240000009536743 2.803999900817871
-0.7619999647140503 -0.34800004959106445 2.6540000438690186
-0.5699999928474426 -0.3960000276565552 3.1760001182556152
-0.17400002479553223 -0.6959999799728394 2.875999927520752
-0.7739999890327454 -0.37199997901916504 2.5820000171661377
-0.7739999890327454 -0.6959999799728394 2.180000066757202
-1.0320000648498535 -0.7979999780654907 2.1019999980926514
-0.8040000200271606 -0.5220000147819519 2.3299999237060547
-0.24599993228912354 -0.5999999642372131 2.930000066757202
-0.906000018119812 -0.75 2.125999927520752
-0.006000041961669922 -1.2419999837875366 2.9539999961853027
-0.7919999957084656 -0.5999999642372131 2.251999855041504
-0.14399993419647217 -0.75 2.828000068664551
-0.9539999961853027 -0.7080000042915344 2.1500000953674316
-0.9480000138282776 -0.7080000042915344 2.1500000953674316
-0.09599995613098145 -0.8999999761581421 2.7079999446868896
-0.7979999780654907 -0.5220000147819519 2.3299999237060547
-0.7799999713897705 -0.37199997901916504 2.5759999752044678
-0.011999964714050293 -1.1159999370574951 2.930000066757202
-0.011999964714050293 -1.1159999370574951 2.9539999961853027
-0.018000006675720215 -1.0740000009536743 2.930000066757202
-0.09599995613098145 -0.8579999804496765 2.7799999713897705
-0.12000000476837158 -0.7979999780654907 2.803999900817871
-0.7199999690055847 -0.3240000009536743 2.7799999713897705
-0.3960000276565552 -0.4739999771118164 3.0799999237060547
-0.37199997901916504 -0.4919999837875366 3.0799999237060547
-0.8040000200271606 -0.48000001907348633 2.378000020980835
-0.029999971389770508 -1.0080000162124634 2.930000066757202
-0.7919999957084656 -0.6240000128746033 2.2280001640319824
-0.029999971389770508 -1.0080000162124634 2.9240000247955322
-0.7979999780654907 -0.5699999928474426 2.2760000228881836
-0.5519999861717224 -0.40799999237060547 3.200000047683716
-0.22200000286102295 -0.6240000128746033 2.9119999408721924
-0.4440000057220459 -0.4440000057220459 3.1040000915527344
-0.023999929428100586 -1.0320000648498535 2.930000066757202
-0.7979999780654907 -0.5460000038146973 2.3000001907348633
-0.08399999141693115 -0.9120000004768372 2.7260000705718994
-0.011999964714050293 -1.0980000495910645 2.9539999961853027
-0.156000018119812 -0.7199999690055847 2.8519999980926514
-0.7199999690055847 -0.3240000009536743 2.7680001258850098
-0.7979999780654907 -0.49800002574920654 2.3540000915527344
-1.1519999504089355 -0.828000009059906 2.1019999980926514
-0.5460000038146973 -0.40199995040893555 3.1760001182556152
-0.7319999933242798 -0.3240000009536743 2.75
-0.7739999890327454 -0.34800004959106445 2.630000114440918
-0.49800002574920654 -0.41999995708465576 3.1519999504089355
-0.7979999780654907 -0.4440000057220459 2.4260001182556152
-1.0260000228881836 -0.8339999914169312 2.078000068664551
-1.1460000276565552 -0.8219999670982361 2.1019999980926514
-0.7799999713897705 -0.6840000152587891 2.180000066757202
-0.9539999961853027 -0.7080000042915344 2.1440000534057617
-0.7919999957084656 -0.6480000019073486 2.2039999961853027
-0.09599995613098145 -0.8460000157356262 2.7799999713897705
-0.7260000109672546 -0.3179999589920044 2.7799999713897705
0.0 -1.2239999771118164 2.9539999961853027
0.0 -1.2419999837875366 2.9539999961853027
-0.1380000114440918 -0.75 2.822000026702881
-0.8040000200271606 -0.5399999618530273 2.3000001907348633
-0.1260000467300415 -0.7739999890327454 2.809999942779541
-0.12000000476837158 -0.7799999713897705 2.828000068664551
-1.1519999504089355 -0.8100000023841858 2.1080000400543213
-0.9240000247955322 -0.7559999823570251 2.113999843597412
-0.006000041961669922 -1.128000020980835 2.990000009536743
-0.7440000176429749 -0.3240000009536743 2.7260000705718994
-0.023999929428100586 -1.0139999389648438 2.930000066757202
-0.1979999542236328 -0.6480000019073486 2.9000000953674316
-0.7979999780654907 -0.5460000038146973 2.2940001487731934
-0.8040000200271606 -0.4739999771118164 2.378000020980835
-0.9599999785423279 -0.6959999799728394 2.1500000953674316
-0.9419999718666077 -0.6959999799728394 2.1500000953674316
-0.8040000200271606 -0.4919999837875366 2.3540000915527344
-0.9240000247955322 -0.6959999799728394 2.1500000953674316
-0.7919999957084656 -0.3960000276565552 2.503999948501587
-0.006000041961669922 -1.128000020980835 3.0139999389648438
-0.006000041961669922 -1.1100000143051147 2.9779999256134033
-0.7979999780654907 -0.4440000057220459 2.4200000762939453
-0.4320000410079956 -0.4440000057220459 3.0980000495910645
-0.1499999761581421 -0.7199999690055847 2.8519999980926514
-0.48000001907348633 -0.41999995708465576 3.128000020980835
-1.1460000276565552 -0.8519999980926514 2.0840001106262207
-0.8040000200271606 -0.437999963760376 2.4260001182556152
-0.006000041961669922 -1.1340000629425049 3.0320000648498535
-0.7860000133514404 -0.37199997901916504 2.552000045776367
-0.12000000476837158 -0.7739999890327454 2.828000068664551
-0.7979999780654907 -0.41999995708465576 2.4559998512268066
-0.006000041961669922 -1.1100000143051147 3.002000093460083
-0.10199999809265137 -0.8219999670982361 2.7860000133514404
0.0 -1.1460000276565552 2.936000108718872
-0.5640000104904175 -0.3960000276565552 3.2060000896453857
-0.006000041961669922 -1.121999979019165 3.0260000228881836
-0.023999929428100586 -1.0019999742507935 2.9179999828338623
-0.8040000200271606 -0.5579999685287476 2.2760000228881836
-0.7559999823570251 -0.3240000009536743 2.7019999027252197
-0.37800002098083496 -0.4739999771118164 3.062000036239624
-1.0199999809265137 -0.7739999890327454 2.1019999980926514
-0.22200000286102295 -0.6119999885559082 2.930000066757202
-1.0260000228881836 -0.7739999890327454 2.1019999980926514
-1.0320000648498535 -0.8219999670982361 2.078000068664551
-0.006000041961669922 -1.0920000076293945 2.9779999256134033
-0.36000001430511475 -0.4859999418258667 3.055999994277954
-0.006000041961669922 -1.0980000495910645 3.002000093460083
-0.011999964714050293 -1.0499999523162842 2.9539999961853027
-0.75 -0.3240000009536743 2.7019999027252197
-0.7860000133514404 -0.671999990940094 2.180000066757202
-0.5640000104904175 -0.40199995040893555 3.2300000190734863
-0.8040000200271606 -0.41999995708465576 2.450000047683716
-0.006000041961669922 -1.1340000629425049 3.055999994277954
-0.7799999713897705 -0.34800004959106445 2.6059999465942383
-0.4739999771118164 -0.41999995708465576 3.128000020980835
-0.5460000038146973 -0.40199995040893555 3.2060000896453857
0.0 -1.121999979019165 2.9539999961853027
-0.12000000476837158 -0.7739999890327454 2.803999900817871
-0.24000000953674316 -0.5879999995231628 2.9179999828338623
0.0 -1.121999979019165 2.9779999256134033
-0.006000041961669922 -1.0740000009536743 2.9539999961853027
-0.7739999890327454 -0.34800004959106445 2.6059999465942383
-0.08399999141693115 -0.8700000047683716 2.75
0.006000041961669922 -1.1699999570846558 2.936000108718872
0.0 -1.121999979019165 3.002000093460083
-0.41999995708465576 -0.4440000057220459 3.0920000076293945
-0.006000041961669922 -1.0679999589920044 2.9779999256134033
-0.9959999918937683 -0.7619999647140503 2.1019999980926514
-1.1399999856948853 -0.7979999780654907 2.1019999980926514
-0.5220000147819519 -0.40199995040893555 3.1760001182556152
-0.7619999647140503 -0.3240000009536743 2.677999973297119
-0.9120000004768372 -0.7199999690055847 2.125999927520752
-0.7979999780654907 -0.5699999928474426 2.257999897003174
-0.156000018119812 -0.6959999799728394 2.864000082015991
0.006000041961669922 -1.1460000276565552 2.9539999961853027
-0.8100000023841858 -0.4440000057220459 2.4019999504089355
-0.3659999370574951 -0.4739999771118164 3.055999994277954
-0.9480000138282776 -0.7559999823570251 2.1019999980926514
-0.972000002861023 -0.7559999823570251 2.1019999980926514
-0.18599998950958252 -0.6480000019073486 2.8940000534057617
-0.7979999780654907 -0.5999999642372131 2.2280001640319824
-0.8100000023841858 -0.49800002574920654 2.3299999237060547
-0.22800004482269287 -0.593999981880188 2.9539999961853027
-0.3539999723434448 -0.48000001907348633 3.0380001068115234
-0.7979999780654907 -0.37199997901916504 2.5280001163482666
-0.8100000023841858 -0.5460000038146973 2.2760000228881836
-0.07200002670288086 -0.906000018119812 2.7200000286102295
-0.006000041961669922 -1.0499999523162842 2.9779999256134033
-0.5339999794960022 -0.3960000276565552 3.187999963760376
-0.22200000286102295 -0.5999999642372131 2.930000066757202
0.011999964714050293 -1.2179999351501465 2.941999912261963
-0.7979999780654907 -0.3960000276565552 2.4800000190734863
0.011999964714050293 -1.2419999837875366 2.947999954223633
-0.07200002670288086 -0.8999999761581421 2.7260000705718994
-0.4620000123977661 -0.4320000410079956 3.1760001182556152
-0.8100000023841858 -0.5220000147819519 2.3000001907348633
-0.8040000200271606 -0.5699999928474426 2.251999855041504
0.0 -1.0859999656677246 3.002000093460083
0.011999964714050293 -1.194000005722046 2.936000108718872
0.0 -1.121999979019165 3.055999994277954
-0.36000001430511475 -0.4739999771118164 3.0439999103546143
-0.10199999809265137 -0.7979999780654907 2.7920000553131104
-0.34200000762939453 -0.4859999418258667 3.0260000228881836
0.0 -1.1039999723434448 3.0380001068115234
0.0 -1.0799999237060547 2.996000051498413
0.006000041961669922 -1.1460000276565552 3.0260000228881836
-0.7979999780654907 -0.6240000128746033 2.2039999961853027
0.0 -1.1460000276565552 3.0799999237060547
-0.9359999895095825 -0.75 2.1019999980926514
-1.1759999990463257 -0.7919999957084656 2.1080000400543213
-0.08399999141693115 -0.8460000157356262 2.76200008392334
-0.9240000247955322 -0.75 2.1019999980926514
0.011999964714050293 -1.1699999570846558 2.9539999961853027
-0.006000041961669922 -1.1519999504089355 3.121999979019165
0.0 -1.0859999656677246 3.0260000228881836
-0.8100000023841858 -0.4739999771118164 2.3540000915527344
-0.006000041961669922 -1.1460000276565552 3.121999979019165
-0.4500000476837158 -0.41999995708465576 3.1100001335144043
-0.7680000066757202 -0.3240000009536743 2.6540000438690186
-0.41999995708465576 -0.437999963760376 3.1040000915527344
-0.7199999690055847 -0.2999999523162842 2.803999900817871
-0.7979999780654907 -0.3960000276565552 2.4739999771118164
-0.12000000476837158 -0.75 2.828000068664551
-0.09000003337860107 -0.8219999670982361 2.7799999713897705
-0.7979999780654907 -0.5999999642372131 2.2220001220703125
-0.7559999823570251 -0.3059999942779541 2.7260000705718994
0.0 -1.062000036239624 2.9779999256134033
-0.4859999418258667 -0.4140000343322754 3.1760001182556152
-0.7860000133514404 -0.34800004959106445 2.5759999752044678
-0.07200002670288086 -0.8759999871253967 2.75
-1.0379999876022339 -0.7979999780654907 2.078000068664551
-0.4739999771118164 -0.4140000343322754 3.1519999504089355
-0.7319999933242798 -0.2999999523162842 2.7799999713897705
-0.972000002861023 -0.7559999823570251 2.0959999561309814
0.011999964714050293 -1.1460000276565552 2.9779999256134033
-0.8040000200271606 -0.38999998569488525 2.4800000190734863
0.006000041961669922 -1.1460000276565552 3.055999994277954
-0.8040000200271606 -0.6179999709129333 2.2039999961853027
-0.09599995613098145 -0.7979999780654907 2.803999900817871
0.0 -1.062000036239624 3.002000093460083
-0.7619999647140503 -0.7020000219345093 2.1500000953674316
-0.8100000023841858 -0.41999995708465576 2.4260001182556152
0.011999964714050293 -1.1699999570846558 3.0260000228881836
0.011999964714050293 -1.1460000276565552 3.002000093460083
-0.054000020027160645 -0.9179999828338623 2.75
-0.07200002670288086 -0.8700000047683716 2.75
-0.8040000200271606 -0.5879999995231628 2.2280001640319824
-0.7919999957084656 -0.6480000019073486 2.180000066757202
-0.7440000176429749 -0.2999999523162842 2.75
-1.0379999876022339 -0.828000009059906 2.059999942779541
-1.1640000343322754 -0.7860000133514404 2.1019999980926514
-0.7680000066757202 -0.6959999799728394 2.1500000953674316
0.018000006675720215 -1.1820000410079956 2.9539999961853027
0.0 -1.0379999876022339 2.9660000801086426
-0.75 -0.7020000219345093 2.1500000953674316
-0.3359999656677246 -0.48000001907348633 3.002000093460083
-1.128000020980835 -0.8159999847412109 2.078000068664551
-0.059999942779541016 -0.906000018119812 2.7320001125335693
-0.7799999713897705 -0.3240000009536743 2.630000114440918
-0.17400002479553223 -0.6480000019073486 2.9000000953674316
-0.1499999761581421 -0.6840000152587891 2.875999927520752
0.018000006675720215 -1.2000000476837158 3.002000093460083
-0.14399993419647217 -0.6959999799728394 2.8519999980926514
0.018000006675720215 -1.1699999570846558 2.9779999256134033
-0.7739999890327454 -0.3240000009536743 2.630000114440918
-0.7559999823570251 -0.2999999523162842 2.7260000705718994
-0.4440000057220459 -0.41999995708465576 3.128000020980835
-1.128000020980835 -0.8519999980926514 2.059999942779541
-0.9300000071525574 -0.6959999799728394 2.125999927520752
-0.9240000247955322 -0.6959999799728394 2.125999927520752
0.018000006675720215 -1.1699999570846558 3.002000093460083
0.006000041961669922 -1.1640000343322754 3.1040000915527344
0.006000041961669922 -1.121999979019165 3.0799999237060547
-0.7979999780654907 -0.37199997901916504 2.503999948501587
-0.156000018119812 -0.671999990940094 2.875999927520752
-0.34200000762939453 -0.4739999771118164 3.0260000228881836
-0.75 -0.2999999523162842 2.7260000705718994
-0.7199999690055847 -0.2940000295639038 2.7920000553131104
0.006000041961669922 -1.0920000076293945 3.055999994277954
-0.7979999780654907 -0.34800004959106445 2.552000045776367
0.006000041961669922 -1.1460000276565552 3.1040000915527344
-0.8159999847412109 -0.4440000057220459 2.378000020980835
-1.121999979019165 -0.8579999804496765 2.053999900817871
-0.7799999713897705 -0.6840000152587891 2.1500000953674316
-1.128000020980835 -0.8460000157356262 2.059999942779541
0.011999964714050293 -1.1699999570846558 3.0799999237060547
-0.75 -0.2999999523162842 2.7200000286102295
-0.7080000042915344 -0.2879999876022339 2.8519999980926514
-1.121999979019165 -0.8040000200271606 2.078000068664551
-0.4679999351501465 -0.4140000343322754 3.1760001182556152
-0.7680000066757202 -0.2999999523162842 2.7019999027252197
-0.1260000467300415 -0.7199999690055847 2.8340001106262207
-0.9539999961853027 -0.6899999976158142 2.125999927520752
-0.9660000205039978 -0.671999990940094 2.138000011444092
-0.8100000023841858 -0.3960000276565552 2.450000047683716
-0.18599998950958252 -0.6240000128746033 2.9060001373291016
0.024000048637390137 -1.2059999704360962 2.9779999256134033
-0.7260000109672546 -0.2879999876022339 2.803999900817871
0.024000048637390137 -1.2419999837875366 2.9839999675750732
0.024000048637390137 -1.194000005722046 2.9779999256134033
-1.1159999370574951 -0.7979999780654907 2.078000068664551
-0.1679999828338623 -0.6480000019073486 2.888000011444092
0.006000041961669922 -1.121999979019165 3.1040000915527344
-0.8040000200271606 -0.3659999370574951 2.503999948501587
-0.34800004959106445 -0.4679999351501465 3.055999994277954
-0.4259999990463257 -0.41999995708465576 3.1040000915527344
-0.8040000200271606 -0.3539999723434448 2.5280001163482666
-0.4859999418258667 -0.40799999237060547 3.200000047683716
0.018000006675720215 -1.1699999570846558 3.055999994277954
0.024000048637390137 -1.194000005722046 3.002000093460083
-0.3240000009536743 -0.48000001907348633 2.990000009536743
-0.7860000133514404 -0.3240000009536743 2.6059999465942383
-1.0379999876022339 -0.8219999670982361 2.053999900817871
-0.07799994945526123 -0.8219999670982361 2.7739999294281006
-0.1499999761581421 -0.671999990940094 2.875999927520752
-1.0440000295639038 -0.7739999890327454 2.078000068664551
-0.9959999918937683 -0.7559999823570251 2.0840001106262207
-0.09599995613098145 -0.7739999890327454 2.803999900817871
0.006000041961669922 -1.1460000276565552 3.128000020980835
-0.10800004005432129 -0.75 2.809999942779541
-0.12000000476837158 -0.7199999690055847 2.8519999980926514
-0.8159999847412109 -0.5220000147819519 2.2760000228881836
0.024000048637390137 -1.2120000123977661 3.0260000228881836
-0.8040000200271606 -0.5999999642372131 2.2039999961853027
-1.128000020980835 -0.8219999670982361 2.065999984741211
-1.121999979019165 -0.8460000157356262 2.053999900817871
-0.8100000023841858 -0.5460000038146973 2.251999855041504
0.024000048637390137 -1.194000005722046 3.0260000228881836
-0.7919999957084656 -0.671999990940094 2.1500000953674316
-0.3179999589920044 -0.4859999418258667 3.0260000228881836
-0.8159999847412109 -0.4739999771118164 2.3299999237060547
-0.07200002670288086 -0.828000009059906 2.7799999713897705
-0.8100000023841858 -0.5699999928474426 2.2280001640319824
-0.37199997901916504 -0.4500000476837158 3.0799999237060547
-0.3240000009536743 -0.4859999418258667 3.068000078201294
0.011999964714050293 -1.0679999589920044 3.0260000228881836
-0.7199999690055847 -0.28199994564056396 2.828000068664551
-0.9240000247955322 -0.7199999690055847 2.1019999980926514
-0.8159999847412109 -0.41999995708465576 2.4019999504089355
0.011999964714050293 -1.0499999523162842 2.9779999256134033
-0.7739999890327454 -0.2999999523162842 2.677999973297119
-0.8159999847412109 -0.49800002574920654 2.3000001907348633
-0.9539999961853027 -0.6899999976158142 2.119999885559082
-0.7319999933242798 -0.2760000228881836 2.8519999980926514
-0.41999995708465576 -0.41999995708465576 3.1040000915527344
0.006000041961669922 -1.121999979019165 3.128000020980835
-1.1159999370574951 -0.8519999980926514 2.047999858856201
-0.37800002098083496 -0.4440000057220459 3.0799999237060547
0.029999971389770508 -1.2419999837875366 2.9600000381469727
-0.1979999542236328 -0.5999999642372131 2.9179999828338623
0.011999964714050293 -1.0980000495910645 3.0799999237060547
0.029999971389770508 -1.2179999351501465 2.9779999256134033
0.029999971389770508 -1.253999948501587 2.9720001220703125
0.029999971389770508 -1.253999948501587 2.9779999256134033
-0.8100000023841858 -0.37199997901916504 2.4800000190734863
-0.8040000200271606 -0.6240000128746033 2.180000066757202
-0.07200002670288086 -0.8219999670982361 2.7799999713897705
0.024000048637390137 -1.194000005722046 3.055999994277954
-0.33000004291534424 -0.48000001907348633 3.0799999237060547
-0.8040000200271606 -0.34800004959106445 2.5280001163482666
0.029999971389770508 -1.2239999771118164 3.002000093460083
-0.18599998950958252 -0.6119999885559082 2.930000066757202
-0.3179999589920044 -0.48000001907348633 3.0139999389648438
-0.7979999780654907 -0.6240000128746033 2.180000066757202
-0.7319999933242798 -0.2760000228881836 2.828000068664551
0.006000041961669922 -1.1460000276565552 3.1519999504089355
0.011999964714050293 -1.1579999923706055 3.128000020980835
-1.0980000495910645 -0.8519999980926514 2.0420000553131104
-0.7979999780654907 -0.34800004959106445 2.5280001163482666
-0.09599995613098145 -0.7559999823570251 2.828000068664551
-0.7559999823570251 -0.28199994564056396 2.75
0.024000048637390137 -1.2000000476837158 3.074000120162964
-0.09000003337860107 -0.7739999890327454 2.7980000972747803
-0.3240000009536743 -0.4739999771118164 3.0260000228881836
-1.0199999809265137 -0.7559999823570251 2.078000068664551
-0.37199997901916504 -0.4440000057220459 3.0799999237060547
0.029999971389770508 -1.2480000257492065 3.0260000228881836
0.024000048637390137 -1.2059999704360962 3.0799999237060547
-0.04799997806549072 -0.8999999761581421 2.7260000705718994
-1.1039999723434448 -0.7979999780654907 2.065999984741211
0.024000048637390137 -1.194000005722046 3.0799999237060547
-0.17400002479553223 -0.6240000128746033 2.9000000953674316
-0.054000020027160645 -0.8939999938011169 2.7079999446868896
-0.19200003147125244 -0.5999999642372131 2.930000066757202
-0.07799994945526123 -0.7979999780654907 2.7860000133514404
-0.40799999237060547 -0.41999995708465576 3.0980000495910645
-0.9959999918937683 -0.75 2.078000068664551
-1.0019999742507935 -0.75 2.078000068664551
-1.1100000143051147 -0.8219999670982361 2.053999900817871
-0.09599995613098145 -0.75 2.828000068664551
-0.1260000467300415 -0.6959999799728394 2.8459999561309814
-0.7739999890327454 -0.2999999523162842 2.6540000438690186
-1.055999994277954 -0.8040000200271606 2.053999900817871
-1.0980000495910645 -0.8159999847412109 2.053999900817871
-0.8159999847412109 -0.3960000276565552 2.4260001182556152
-0.7919999957084656 -0.3240000009536743 2.5759999752044678
0.029999971389770508 -1.194000005722046 3.049999952316284
-0.7979999780654907 -0.6240000128746033 2.1740000247955322
-0.8040000200271606 -0.6539999842643738 2.1500000953674316
0.029999971389770508 -1.2480000257492065 3.055999994277954
-0.9240000247955322 -0.6959999799728394 2.1080000400543213
-0.7260000109672546 -0.26999998092651367 2.8519999980926514
0.03600001335144043 -1.2480000257492065 2.9779999256134033
-0.7680000066757202 -0.6899999976158142 2.131999969482422
-0.7860000133514404 -0.6840000152587891 2.131999969482422
0.029999971389770508 -1.194000005722046 3.055999994277954
-0.8159999847412109 -0.4440000057220459 2.3540000915527344
-1.121999979019165 -0.7739999890327454 2.078000068664551
-0.972000002861023 -0.7440000176429749 2.078000068664551
-0.8040000200271606 -0.6779999732971191 2.131999969482422
0.024000048637390137 -1.2059999704360962 3.1040000915527344
0.011999964714050293 -1.1519999504089355 3.1519999504089355
-0.054000020027160645 -0.8700000047683716 2.7320001125335693
-0.7319999933242798 -0.26999998092651367 2.828000068664551
0.03600001335144043 -1.2480000257492065 3.002000093460083
-0.20399999618530273 -0.5820000171661377 2.9000000953674316
-0.9779999852180481 -0.6840000152587891 2.113999843597412
-1.0499999523162842 -0.7979999780654907 2.053999900817871
-0.7199999690055847 -0.26999998092651367 2.8519999980926514
-1.1039999723434448 -0.8399999737739563 2.0420000553131104
-0.9300000071525574 -0.7020000219345093 2.1019999980926514
-1.1579999923706055 -0.7860000133514404 2.078000068664551
-0.09599995613098145 -0.75 2.803999900817871
-1.1460000276565552 -0.7799999713897705 2.078000068664551
-0.36000001430511475 -0.4440000057220459 3.068000078201294
-0.18599998950958252 -0.5999999642372131 2.9539999961853027
-0.437999963760376 -0.4140000343322754 3.1760001182556152
0.03600001335144043 -1.2239999771118164 3.0260000228881836
-0.2940000295639038 -0.4919999837875366 3.0260000228881836
0.029999971389770508 -1.2239999771118164 3.0799999237060547
-0.4320000410079956 -0.4140000343322754 3.1640000343322754
-1.0679999589920044 -0.7979999780654907 2.053999900817871
-1.1039999723434448 -0.8219999670982361 2.047999858856201
-1.0499999523162842 -0.8460000157356262 2.0299999713897705
0.018000006675720215 -1.0980000495910645 3.1040000915527344
-0.8040000200271606 -0.6480000019073486 2.1500000953674316
0.029999971389770508 -1.194000005722046 3.0799999237060547
-0.9419999718666077 -0.7379999756813049 2.078000068664551
-0.10800004005432129 -0.7199999690055847 2.828000068664551
-0.12000000476837158 -0.6959999799728394 2.8519999980926514
-1.1399999856948853 -0.7739999890327454 2.078000068664551
-0.7799999713897705 -0.2940000295639038 2.6540000438690186
-0.7199999690055847 -0.26999998092651367 2.828000068664551
-0.7319999933242798 -0.26999998092651367 2.803999900817871
-0.7979999780654907 -0.6480000019073486 2.1500000953674316
-0.7860000133514404 -0.2999999523162842 2.630000114440918
-0.8100000023841858 -0.34800004959106445 2.503999948501587
0.029999971389770508 -1.1699999570846558 3.0799999237060547
-0.9359999895095825 -0.6959999799728394 2.1019999980926514
-0.8219999670982361 -0.41999995708465576 2.378000020980835
-0.7440000176429749 -0.26999998092651367 2.7799999713897705
-0.13199996948242188 -0.671999990940094 2.864000082015991
-1.1519999504089355 -0.7739999890327454 2.078000068664551
-0.07200002670288086 -0.7860000133514404 2.803999900817871
-1.0920000076293945 -0.7979999780654907 2.053999900817871
-0.054000020027160645 -0.8460000157356262 2.75
-1.0499999523162842 -0.7979999780654907 2.047999858856201
-0.9240000247955322 -0.7319999933242798 2.078000068664551
0.029999971389770508 -1.2000000476837158 3.1040000915527344
-0.8040000200271606 -0.3240000009536743 2.552000045776367
-0.8159999847412109 -0.5460000038146973 2.2280001640319824
-0.8219999670982361 -0.49800002574920654 2.2760000228881836
0.04200005531311035 -1.2660000324249268 3.002000093460083
-0.7979999780654907 -0.3240000009536743 2.552000045776367
-0.8159999847412109 -0.37199997901916504 2.450000047683716
-0.7559999823570251 -0.26999998092651367 2.75
-0.17400002479553223 -0.6060000061988831 2.9539999961853027
-0.17400002479553223 -0.6060000061988831 2.930000066757202
-1.0740000009536743 -0.8399999737739563 2.0299999713897705
-0.8100000023841858 -0.5999999642372131 2.180000066757202
-0.828000009059906 -0.4500000476837158 2.3299999237060547
-0.8159999847412109 -0.5699999928474426 2.2039999961853027
-1.0799999237060547 -0.8399999737739563 2.0299999713897705
-0.8040000200271606 -0.671999990940094 2.125999927520752
0.03600001335144043 -1.2599999904632568 3.0799999237060547
-0.75 -0.26999998092651367 2.75
0.018000006675720215 -1.121999979019165 3.1519999504089355
-0.04799997806549072 -0.8519999980926514 2.75
0.04200005531311035 -1.2719999551773071 3.0260000228881836
-0.8219999670982361 -0.4739999771118164 2.3000001907348633
-0.06599998474121094 -0.7979999780654907 2.7799999713897705
0.029999971389770508 -1.1460000276565552 3.1040000915527344
-0.38399994373321533 -0.41999995708465576 3.0859999656677246
-0.4140000343322754 -0.40799999237060547 3.128000020980835
-0.7979999780654907 -0.2999999523162842 2.6059999465942383
0.04200005531311035 -1.277999997138977 3.0320000648498535
-0.8219999670982361 -0.515999972820282 2.251999855041504
-0.7919999957084656 -0.671999990940094 2.125999927520752
-0.3960000276565552 -0.4140000343322754 3.1040000915527344
-0.8219999670982361 -0.3960000276565552 2.4019999504089355
-1.0859999656677246 -0.8219999670982361 2.0360000133514404
0.04200005531311035 -1.2239999771118164 3.055999994277954
-0.7619999647140503 -0.26999998092651367 2.7260000705718994
-0.04799997806549072 -0.8460000157356262 2.75
-0.34200000762939453 -0.4440000057220459 3.055999994277954
-0.17400002479553223 -0.5999999642372131 2.9539999961853027
0.029999971389770508 -1.121999979019165 3.1040000915527344
-0.2999999523162842 -0.4739999771118164 3.0260000228881836
-0.156000018119812 -0.6240000128746033 2.8940000534057617
-0.9300000071525574 -0.7199999690055847 2.078000068664551
-1.0499999523162842 -0.8219999670982361 2.0299999713897705
-0.9240000247955322 -0.7199999690055847 2.078000068664551
-0.828000009059906 -0.4259999990463257 2.3540000915527344
-0.1499999761581421 -0.6299999952316284 2.9000000953674316
-0.828000009059906 -0.4440000057220459 2.3299999237060547
0.024000048637390137 -1.0980000495910645 3.128000020980835
-1.1519999504089355 -0.7799999713897705 2.065999984741211
-0.09599995613098145 -0.7199999690055847 2.828000068664551
-0.8219999670982361 -0.4440000057220459 2.3299999237060547
0.03600001335144043 -1.1699999570846558 3.1040000915527344
-0.7799999713897705 -0.2760000228881836 2.677999973297119
-0.8159999847412109 -0.34800004959106445 2.4800000190734863
-1.0740000009536743 -0.7739999890327454 2.053999900817871
-1.0740000009536743 -0.7979999780654907 2.0420000553131104
-0.054000020027160645 -0.8219999670982361 2.75600004196167
-0.7739999890327454 -0.26999998092651367 2.7019999027252197
-0.9240000247955322 -0.7260000109672546 2.072000026702881
0.029999971389770508 -1.0980000495910645 3.1040000915527344
-0.8219999670982361 -0.41999995708465576 2.3600001335144043
-1.0799999237060547 -0.7979999780654907 2.0420000553131104
-1.0740000009536743 -0.8219999670982361 2.0299999713897705
-0.8100000023841858 -0.3240000009536743 2.5280001163482666
-0.828000009059906 -0.4859999418258667 2.2760000228881836
-0.059999942779541016 -0.7979999780654907 2.7739999294281006
-0.8100000023841858 -0.6240000128746033 2.1500000953674316
-0.1499999761581421 -0.6240000128746033 2.9000000953674316
-0.07200002670288086 -0.7619999647140503 2.803999900817871
-0.8219999670982361 -0.4739999771118164 2.2880001068115234
-0.2760000228881836 -0.4859999418258667 3.002000093460083
-0.9480000138282776 -0.671999990940094 2.1019999980926514
-0.8219999670982361 -0.3960000276565552 2.3899998664855957
-0.828000009059906 -0.41999995708465576 2.3540000915527344
-1.0499999523162842 -0.8219999670982361 2.0240001678466797
-0.7139999866485596 -0.25199997425079346 2.875999927520752
-0.07799994945526123 -0.75 2.7980000972747803
0.04799997806549072 -1.2719999551773071 3.055999994277954
-0.13199996948242188 -0.6480000019073486 2.875999927520752
-0.03600001335144043 -0.8700000047683716 2.7260000705718994
0.04799997806549072 -1.277999997138977 3.055999994277954
-0.8219999670982361 -0.37199997901916504 2.4260001182556152
-0.029999971389770508 -0.8999999761581421 2.7019999027252197
-0.7739999890327454 -0.26999998092651367 2.684000015258789
-0.8219999670982361 -0.49800002574920654 2.257999897003174
-0.7799999713897705 -0.26999998092651367 2.677999973297119
-1.0499999523162842 -0.7559999823570251 2.053999900817871
-0.10199999809265137 -0.6959999799728394 2.8340001106262207
-0.34800004959106445 -0.4320000410079956 3.0799999237060547
-0.7979999780654907 -0.2999999523162842 2.5759999752044678
0.04799997806549072 -1.2419999837875366 3.0799999237060547
-0.828000009059906 -0.38399994373321533 2.4019999504089355
-1.0740000009536743 -0.8219999670982361 2.0240001678466797
-0.9660000205039978 -0.6660000085830688 2.1019999980926514
-0.04799997806549072 -0.8219999670982361 2.75
0.054000020027160645 -1.2300000190734863 3.0320000648498535
-0.4739999771118164 -0.36000001430511475 3.134000062942505
-0.16199994087219238 -0.5999999642372131 2.930000066757202
-1.0499999523162842 -0.828000009059906 2.0180001258850098
-0.26999998092651367 -0.4859999418258667 3.002000093460083
-0.4919999837875366 -0.36000001430511475 3.1760001182556152
-0.9959999918937683 -0.6660000085830688 2.1019999980926514
-0.48000001907348633 -0.36000001430511475 3.1519999504089355
-1.055999994277954 -0.828000009059906 2.0180001258850098
0.04200005531311035 -1.121999979019165 3.0920000076293945
-0.8040000200271606 -0.6480000019073486 2.125999927520752
-0.828000009059906 -0.4559999704360962 2.3000001907348633
-0.07200002670288086 -0.75 2.803999900817871
0.054000020027160645 -1.277999997138977 3.0380001068115234
0.03600001335144043 -1.1159999370574951 3.128000020980835
-0.828000009059906 -0.49800002574920654 2.251999855041504
-1.1460000276565552 -0.7799999713897705 2.053999900817871
-0.36000001430511475 -0.41999995708465576 3.0799999237060547
-1.0499999523162842 -0.75 2.053999900817871
-0.28199994564056396 -0.4739999771118164 3.0139999389648438
-0.7260000109672546 -0.24599993228912354 2.8519999980926514
-0.8219999670982361 -0.5220000147819519 2.2280001640319824
-0.04799997806549072 -0.8040000200271606 2.7799999713897705
-0.7199999690055847 -0.24599993228912354 2.864000082015991
0.054000020027160645 -1.2480000257492065 3.055999994277954
-0.828000009059906 -0.3960000276565552 2.378000020980835
-0.8219999670982361 -0.5460000038146973 2.2039999961853027
0.04799997806549072 -1.1460000276565552 3.0799999237060547
0.054000020027160645 -1.2719999551773071 3.055999994277954
-0.37199997901916504 -0.4140000343322754 3.1040000915527344
-0.828000009059906 -0.4739999771118164 2.2760000228881836
-1.1399999856948853 -0.7739999890327454 2.053999900817871
-0.7440000176429749 -0.24599993228912354 2.803999900817871
-0.12000000476837158 -0.6539999842643738 2.875999927520752
-0.8159999847412109 -0.3240000009536743 2.503999948501587
-1.0679999589920044 -0.75 2.053999900817871
-0.9359999895095825 -0.6959999799728394 2.078000068664551
-0.9959999918937683 -0.7379999756813049 2.053999900817871
-0.8219999670982361 -0.37199997901916504 2.4140000343322754
-0.8040000200271606 -0.2940000295639038 2.5759999752044678
-0.029999971389770508 -0.8700000047683716 2.7200000286102295
-0.4559999704360962 -0.37199997901916504 3.1640000343322754
-0.04799997806549072 -0.7979999780654907 2.7799999713897705
-0.7559999823570251 -0.24599993228912354 2.7799999713897705
-1.0980000495910645 -0.7559999823570251 2.053999900817871
-0.37800002098083496 -0.4140000343322754 3.134000062942505
-0.7799999713897705 -0.26999998092651367 2.6540000438690186
-1.0199999809265137 -0.7379999756813049 2.053999900817871
-0.10800004005432129 -0.671999990940094 2.8519999980926514
0.054000020027160645 -1.2419999837875366 3.0799999237060547
-0.8159999847412109 -0.5699999928474426 2.180000066757202
-0.828000009059906 -0.515999972820282 2.2280001640319824
-0.1499999761581421 -0.6060000061988831 2.930000066757202
-0.1380000114440918 -0.6240000128746033 2.888000011444092
0.054000020027160645 -1.2000000476837158 3.0799999237060547
-0.75 -0.24599993228912354 2.7799999713897705
0.054000020027160645 -1.194000005722046 3.0799999237060547
-0.7260000109672546 -0.24000000953674316 2.875999927520752
-0.828000009059906 -0.5399999618530273 2.2039999961853027
-0.972000002861023 -0.7319999933242798 2.053999900817871
-0.023999929428100586 -0.8759999871253967 2.7260000705718994
-0.8219999670982361 -0.5220000147819519 2.2220001220703125
-0.3240000009536743 -0.437999963760376 3.055999994277954
-0.8219999670982361 -0.34800004959106445 2.450000047683716
0.054000020027160645 -1.277999997138977 3.0799999237060547
-0.8100000023841858 -0.2999999523162842 2.552000045776367
-0.7199999690055847 -0.24000000953674316 2.881999969482422
-0.12000000476837158 -0.6480000019073486 2.875999927520752
0.054000020027160645 -1.1699999570846558 3.0799999237060547
-0.312000036239624 -0.4440000057220459 3.0380001068115234
-1.0980000495910645 -0.75 2.053999900817871
-0.75 -0.24599993228912354 2.7680001258850098
-0.029999971389770508 -0.8880000114440918 2.677999973297119
-0.7799999713897705 -0.6779999732971191 2.1019999980926514
-0.023999929428100586 -0.8700000047683716 2.7260000705718994
0.060000061988830566 -1.2239999771118164 3.055999994277954
-1.121999979019165 -0.7559999823570251 2.053999900817871
-0.8219999670982361 -0.5999999642372131 2.1500000953674316
-0.011999964714050293 -0.906000018119812 2.7200000286102295
-0.7619999647140503 -0.24599993228912354 2.75
0.04799997806549072 -1.0980000495910645 3.0859999656677246
0.054000020027160645 -1.1460000276565552 3.0799999237060547
-0.054000020027160645 -0.7739999890327454 2.7860000133514404
-0.7319999933242798 -0.24000000953674316 2.828000068664551
-0.09599995613098145 -0.6840000152587891 2.8519999980926514
-0.34800004959106445 -0.41999995708465576 3.0799999237060547
-0.9480000138282776 -0.7260000109672546 2.053999900817871
0.04799997806549072 -1.062000036239624 3.0439999103546143
-0.029999971389770508 -0.8460000157356262 2.73799991607666
-0.1499999761581421 -0.5999999642372131 2.930000066757202
0.060000061988830566 -1.277999997138977 3.055999994277954
-1.1579999923706055 -0.7680000066757202 2.053999900817871
-0.828000009059906 -0.37199997901916504 2.4019999504089355
-0.37199997901916504 -0.4140000343322754 3.140000104904175
0.06599998474121094 -1.1759999990463257 2.9119999408721924
-0.07799994945526123 -0.7199999690055847 2.809999942779541
-0.8339999914169312 -0.41999995708465576 2.3299999237060547
-0.7860000133514404 -0.671999990940094 2.1019999980926514
-0.7919999957084656 -0.26999998092651367 2.630000114440918
0.06599998474121094 -1.1699999570846558 2.9000000953674316
-0.828000009059906 -0.4440000057220459 2.3000001907348633
-1.121999979019165 -0.75 2.053999900817871
0.06599998474121094 -1.2179999351501465 3.0260000228881836
-0.25199997425079346 -0.4859999418258667 2.9839999675750732
-0.9419999718666077 -0.7199999690055847 2.053999900817871
0.060000061988830566 -1.2719999551773071 3.0799999237060547
-0.48000001907348633 -0.34800004959106445 3.1579999923706055
-0.4559999704360962 -0.3659999370574951 3.1760001182556152
-0.4679999351501465 -0.3659999370574951 3.200000047683716
-0.8219999670982361 -0.34800004959106445 2.437999963760376
-0.828000009059906 -0.3539999723434448 2.4260001182556152
-0.7680000066757202 -0.24599993228912354 2.7260000705718994
-0.006000041961669922 -0.906000018119812 2.7260000705718994
-1.1340000629425049 -0.75 2.053999900817871
-0.8219999670982361 -0.3240000009536743 2.4800000190734863
-0.8159999847412109 -0.6240000128746033 2.125999927520752
-1.121999979019165 -0.7559999823570251 2.047999858856201
-0.023999929428100586 -0.8819999694824219 2.684000015258789
-0.8040000200271606 -0.6599999666213989 2.1019999980926514
-0.14399993419647217 -0.5999999642372131 2.9539999961853027
-0.9480000138282776 -0.7260000109672546 2.047999858856201
0.054000020027160645 -1.121999979019165 3.1040000915527344
-0.14399993419647217 -0.5999999642372131 2.9779999256134033
0.06599998474121094 -1.194000005722046 3.055999994277954
0.07200002670288086 -1.187999963760376 2.9600000381469727
-0.04799997806549072 -0.7739999890327454 2.7799999713897705
-0.08399999141693115 -0.6959999799728394 2.828000068664551
-0.8159999847412109 -0.2999999523162842 2.5280001163482666
-0.09599995613098145 -0.671999990940094 2.8519999980926514
-0.8339999914169312 -0.3960000276565552 2.3540000915527344
0.07200002670288086 -1.1759999990463257 2.930000066757202
0.054000020027160645 -1.0859999656677246 3.0799999237060547
0.04799997806549072 -1.0980000495910645 3.128000020980835
-0.7799999713897705 -0.24599993228912354 2.7019999027252197
-1.1340000629425049 -0.7559999823570251 2.047999858856201
-0.437999963760376 -0.3659999370574951 3.1519999504089355
-0.8040000200271606 -0.26999998092651367 2.6059999465942383
-0.07200002670288086 -0.7139999866485596 2.828000068664551
-0.828000009059906 -0.3359999656677246 2.450000047683716
0.07200002670288086 -1.2000000476837158 3.002000093460083
-0.48000001907348633 -0.34800004959106445 3.1760001182556152
-0.011999964714050293 -0.8939999938011169 2.7019999027252197
-0.9480000138282776 -0.671999990940094 2.078000068664551
-0.7739999890327454 -0.24599993228912354 2.7019999027252197
-0.023999929428100586 -0.8339999914169312 2.75
-0.7979999780654907 -0.26999998092651367 2.6059999465942383
0.060000061988830566 -1.121999979019165 3.0799999237060547
-0.34800004959106445 -0.4140000343322754 3.1040000915527344
-0.029999971389770508 -0.8219999670982361 2.74399995803833
-0.4259999990463257 -0.3659999370574951 3.128000020980835
0.07200002670288086 -1.1640000343322754 2.888000011444092
-0.8339999914169312 -0.49800002574920654 2.2280001640319824
-0.828000009059906 -0.34800004959106445 2.4260001182556152
-0.10800004005432129 -0.6480000019073486 2.864000082015991
-0.828000009059906 -0.3179999589920044 2.4800000190734863
-0.7739999890327454 -0.24599993228912354 2.696000099182129
-0.33000004291534424 -0.41999995708465576 3.068000078201294
-0.03600001335144043 -0.7979999780654907 2.76200008392334
-0.828000009059906 -0.5220000147819519 2.2039999961853027
-0.8339999914169312 -0.4739999771118164 2.251999855041504
0.07200002670288086 -1.194000005722046 3.0320000648498535
0.04799997806549072 -1.1100000143051147 3.1519999504089355
0.07200002670288086 -1.2599999904632568 3.0380001068115234
-0.4440000057220459 -0.37199997901916504 3.200000047683716
-0.054000020027160645 -0.75 2.7920000553131104
-0.8219999670982361 -0.3240000009536743 2.4679999351501465
-1.1519999504089355 -0.7559999823570251 2.047999858856201
0.06599998474121094 -1.1460000276565552 3.068000078201294
-0.8159999847412109 -0.6480000019073486 2.1019999980926514
-0.972000002861023 -0.7260000109672546 2.0420000553131104
-0.828000009059906 -0.5460000038146973 2.180000066757202
-0.9660000205039978 -0.6660000085830688 2.078000068664551
-0.4739999771118164 -0.34200000762939453 3.1579999923706055
-0.8219999670982361 -0.5460000038146973 2.180000066757202
-0.7860000133514404 -0.24599993228912354 2.677999973297119
-0.41999995708465576 -0.3659999370574951 3.128000020980835
-0.40199995040893555 -0.37199997901916504 3.1040000915527344
-0.24599993228912354 -0.48000001907348633 3.002000093460083
-0.437999963760376 -0.3659999370574951 3.1760001182556152
-0.023999929428100586 -0.8219999670982361 2.75
-0.8339999914169312 -0.37199997901916504 2.378000020980835
0.07800006866455078 -1.1699999570846558 2.930000066757202
-0.24599993228912354 -0.4859999418258667 3.062000036239624
0.07200002670288086 -1.1699999570846558 3.062000036239624
0.07800006866455078 -1.1640000343322754 2.9060001373291016
-0.8219999670982361 -0.5699999928474426 2.1560001373291016
-0.7379999756813049 -0.22200000286102295 2.8519999980926514
-0.828000009059906 -0.5759999752044678 2.1500000953674316
-0.48000001907348633 -0.3539999723434448 3.2239999771118164
-0.9900000095367432 -0.6599999666213989 2.078000068664551
-0.13199996948242188 -0.5999999642372131 2.9179999828338623
-0.3179999589920044 -0.41999995708465576 3.055999994277954
-0.9419999718666077 -0.6959999799728394 2.053999900817871
-0.26999998092651367 -0.4559999704360962 3.0260000228881836
-0.8219999670982361 -0.2999999523162842 2.503999948501587
-0.8399999737739563 -0.4440000057220459 2.2760000228881836
-0.4739999771118164 -0.34800004959106445 3.200000047683716
-0.48000001907348633 -0.3539999723434448 3.2300000190734863
-0.7379999756813049 -0.22200000286102295 2.828000068664551
0.07800006866455078 -1.2719999551773071 3.0380001068115234
-0.07200002670288086 -0.6959999799728394 2.828000068664551
-0.04799997806549072 -0.7440000176429749 2.803999900817871
-0.41999995708465576 -0.37199997901916504 3.1760001182556152
-0.8100000023841858 -0.26999998092651367 2.5759999752044678
-0.24599993228912354 -0.4739999771118164 3.002000093460083
-0.28199994564056396 -0.4440000057220459 3.0260000228881836
0.07800006866455078 -1.277999997138977 3.0380001068115234
-0.75 -0.22200000286102295 2.803999900817871
-0.25199997425079346 -0.4679999351501465 3.002000093460083
-0.8339999914169312 -0.3240000009536743 2.450000047683716
0.06599998474121094 -1.0799999237060547 3.062000036239624
-0.7919999957084656 -0.24599993228912354 2.6540000438690186
-0.2999999523162842 -0.4320000410079956 3.055999994277954
0.06599998474121094 -1.062000036239624 3.0380001068115234
0.07800006866455078 -1.2480000257492065 3.055999994277954
-0.40799999237060547 -0.37199997901916504 3.1519999504089355
-0.059999942779541016 -0.7199999690055847 2.803999900817871
0.07800006866455078 -1.253999948501587 3.055999994277954
-0.08399999141693115 -0.671999990940094 2.8399999141693115
-0.828000009059906 -0.5699999928474426 2.1500000953674316
-0.7619999647140503 -0.22200000286102295 2.7799999713897705
-0.12000000476837158 -0.6119999885559082 2.9000000953674316
0.07800006866455078 -1.194000005722046 3.055999994277954
-0.48000001907348633 -0.34200000762939453 3.200000047683716
-0.8219999670982361 -0.5999999642372131 2.125999927520752
-0.4559999704360962 -0.34800004959106445 3.1760001182556152
0.011999964714050293 -0.9120000004768372 2.7260000705718994
0.08399999141693115 -1.187999963760376 2.9839999675750732
-0.8399999737739563 -0.41999995708465576 2.3000001907348633
-0.37800002098083496 -0.37800002098083496 3.0980000495910645
-0.75 -0.22200000286102295 2.7860000133514404
-0.006000041961669922 -0.8700000047683716 2.7079999446868896
-0.8399999737739563 -0.3960000276565552 2.3299999237060547
-0.8339999914169312 -0.34800004959106445 2.4019999504089355
-0.37800002098083496 -0.37800002098083496 3.1040000915527344
0.06599998474121094 -1.0980000495910645 3.1040000915527344
0.07800006866455078 -1.1699999570846558 3.068000078201294
-0.972000002861023 -0.6480000019073486 2.078000068664551
-0.48000001907348633 -0.34800004959106445 3.2300000190734863
0.07200002670288086 -1.1460000276565552 3.1040000915527344
-0.9839999675750732 -0.6480000019073486 2.078000068664551
-0.828000009059906 -0.593999981880188 2.125999927520752
0.08399999141693115 -1.2120000123977661 3.0380001068115234
-0.10800004005432129 -0.6240000128746033 2.875999927520752
-0.38399994373321533 -0.37199997901916504 3.1040000915527344
-0.9959999918937683 -0.7260000109672546 2.0299999713897705
-0.7680000066757202 -0.22200000286102295 2.75
-0.3059999942779541 -0.41999995708465576 3.049999952316284
0.07800006866455078 -1.1699999570846558 3.0799999237060547
-1.0740000009536743 -0.7379999756813049 2.0299999713897705
-1.0499999523162842 -0.7319999933242798 2.0299999713897705
-0.3659999370574951 -0.37800002098083496 3.074000120162964
-0.7979999780654907 -0.24599993228912354 2.630000114440918
-1.0199999809265137 -0.7260000109672546 2.0299999713897705
-0.22800004482269287 -0.48000001907348633 2.9660000801086426
-0.8219999670982361 -0.6240000128746033 2.1019999980926514
-0.8219999670982361 -0.2999999523162842 2.4860000610351562
-0.3659999370574951 -0.37800002098083496 3.0799999237060547
0.0 -0.8640000224113464 2.7260000705718994
-0.828000009059906 -0.6480000019073486 2.0840001106262207
0.08399999141693115 -1.2120000123977661 3.055999994277954
-0.22800004482269287 -0.48000001907348633 2.9779999256134033
-0.3240000009536743 -0.40799999237060547 3.0799999237060547
-0.3960000276565552 -0.37199997901916504 3.1519999504089355
0.07200002670288086 -1.0679999589920044 3.055999994277954
-0.029999971389770508 -0.7739999890327454 2.7680001258850098
-0.972000002861023 -0.7199999690055847 2.0299999713897705
-0.9779999852180481 -0.7199999690055847 2.0299999713897705
-0.3960000276565552 -0.3659999370574951 3.128000020980835
-0.12000000476837158 -0.5999999642372131 2.930000066757202
-0.26999998092651367 -0.4440000057220459 3.0260000228881836
-0.8159999847412109 -0.26999998092651367 2.552000045776367
-0.4440000057220459 -0.34800004959106445 3.1760001182556152
-0.7860000133514404 -0.6660000085830688 2.078000068664551
-0.006000041961669922 -0.8460000157356262 2.7260000705718994
0.07200002670288086 -1.1699999570846558 3.134000062942505
-0.8399999737739563 -0.49800002574920654 2.2039999961853027
-0.023999929428100586 -0.7799999713897705 2.7799999713897705
-0.7979999780654907 -0.24599993228912354 2.624000072479248
-0.828000009059906 -0.2999999523162842 2.4800000190734863
-0.8399999737739563 -0.4739999771118164 2.2280001640319824
0.07200002670288086 -1.1460000276565552 3.128000020980835
-1.0980000495910645 -0.7379999756813049 2.0299999713897705
-0.8399999737739563 -0.37199997901916504 2.3540000915527344
-0.7739999890327454 -0.22200000286102295 2.7260000705718994
-0.011999964714050293 -0.8219999670982361 2.73799991607666
-1.121999979019165 -0.7440000176429749 2.0299999713897705
-0.8339999914169312 -0.5220000147819519 2.180000066757202
0.07800006866455078 -1.1460000276565552 3.0980000495910645
-1.1399999856948853 -0.75 2.0299999713897705
-0.2999999523162842 -0.41999995708465576 3.055999994277954
0.0 -0.8700000047683716 2.7019999027252197
0.09000003337860107 -1.194000005722046 3.0199999809265137
-0.03600001335144043 -0.75 2.7860000133514404
-0.22800004482269287 -0.48000001907348633 3.0320000648498535
-0.7739999890327454 -0.22200000286102295 2.7200000286102295
-0.9480000138282776 -0.7139999866485596 2.0299999713897705
0.09000003337860107 -1.194000005722046 3.0260000228881836
-0.10199999809265137 -0.6240000128746033 2.870000123977661
-0.4259999990463257 -0.34800004959106445 3.1459999084472656
0.07800006866455078 -1.1460000276565552 3.1040000915527344
0.07200002670288086 -1.121999979019165 3.128000020980835
-0.023999929428100586 -0.7739999890327454 2.7799999713897705
0.09000003337860107 -1.2480000257492065 3.0380001068115234
-0.018000006675720215 -0.7979999780654907 2.75
-0.9539999961853027 -0.671999990940094 2.053999900817871
-0.8219999670982361 -0.5999999642372131 2.113999843597412
-0.8040000200271606 -0.24000000953674316 2.630000114440918
-0.9480000138282776 -0.671999990940094 2.053999900817871
-0.48000001907348633 -0.34800004959106445 3.253999948501587
-0.04799997806549072 -0.7199999690055847 2.803999900817871
-0.09599995613098145 -0.6299999952316284 2.875999927520752
-0.8040000200271606 -0.6539999842643738 2.078000068664551
-0.4259999990463257 -0.34800004959106445 3.1519999504089355
-0.36000001430511475 -0.38399994373321533 3.121999979019165
-1.0199999809265137 -0.7260000109672546 2.0240001678466797
-0.37199997901916504 -0.37199997901916504 3.1040000915527344
-0.8339999914169312 -0.3240000009536743 2.4260001182556152
-0.22800004482269287 -0.4739999771118164 2.996000051498413
-0.04799997806549072 -0.7199999690055847 2.7980000972747803
-0.7860000133514404 -0.22200000286102295 2.7019999027252197
-0.4739999771118164 -0.34200000762939453 3.2300000190734863
-0.8100000023841858 -0.24599993228912354 2.6059999465942383
-0.22200000286102295 -0.48000001907348633 3.002000093460083
0.0 -0.8759999871253967 2.684000015258789
-0.22200000286102295 -0.4859999418258667 3.055999994277954
-0.3659999370574951 -0.37199997901916504 3.0859999656677246
0.07800006866455078 -1.0980000495910645 3.0859999656677246
-0.08399999141693115 -0.6480000019073486 2.8519999980926514
-0.07200002670288086 -0.6660000085830688 2.8519999980926514
0.0 -0.8460000157356262 2.7260000705718994
0.07800006866455078 -1.1159999370574951 3.1040000915527344
0.07800006866455078 -1.0799999237060547 3.074000120162964
-0.7799999713897705 -0.21599996089935303 2.7260000705718994
0.07800006866455078 -1.1039999723434448 3.0980000495910645
-0.22200000286102295 -0.48000001907348633 3.0260000228881836
-0.8460000157356262 -0.4440000057220459 2.251999855041504
-0.22800004482269287 -0.4739999771118164 3.0260000228881836
0.07200002670288086 -1.1340000629425049 3.1519999504089355
-0.828000009059906 -0.28199994564056396 2.503999948501587
0.07800006866455078 -1.1460000276565552 3.128000020980835
0.024000048637390137 -0.9120000004768372 2.7200000286102295
-1.0080000162124634 -0.7080000042915344 2.0299999713897705
-0.41999995708465576 -0.34800004959106445 3.1519999504089355
0.08399999141693115 -1.1699999570846558 3.1040000915527344
-0.8460000157356262 -0.34800004959106445 2.378000020980835
-0.8040000200271606 -0.6480000019073486 2.078000068664551
-0.09599995613098145 -0.6240000128746033 2.875999927520752
0.07200002670288086 -1.121999979019165 3.1519999504089355
0.07800006866455078 -1.0980000495910645 3.1040000915527344
-0.828000009059906 -0.26999998092651367 2.5280001163482666
0.0 -0.8700000047683716 2.677999973297119
-0.8339999914169312 -0.5460000038146973 2.1500000953674316
0.09000003337860107 -1.2000000476837158 3.0799999237060547
0.09000003337860107 -1.194000005722046 3.0799999237060547
-0.8219999670982361 -0.26999998092651367 2.5280001163482666
-0.828000009059906 -0.6060000061988831 2.1019999980926514
-0.7559999823570251 -0.20399999618530273 2.803999900817871
-0.22200000286102295 -0.4739999771118164 3.002000093460083
-0.054000020027160645 -0.6959999799728394 2.815999984741211
-0.8040000200271606 -0.6539999842643738 2.072000026702881
0.018000006675720215 -0.8999999761581421 2.7019999027252197
-0.8460000157356262 -0.41999995708465576 2.2760000228881836
-0.7919999957084656 -0.22200000286102295 2.677999973297119
0.024000048637390137 -0.8999999761581421 2.7260000705718994
0.029999971389770508 -0.9179999828338623 2.7260000705718994
-0.7559999823570251 -0.1979999542236328 2.8519999980926514
-0.40799999237060547 -0.34800004959106445 3.134000062942505
-0.2760000228881836 -0.437999963760376 3.1040000915527344
-0.10199999809265137 -0.6060000061988831 2.941999912261963
0.08399999141693115 -1.1699999570846558 3.128000020980835
-0.25199997425079346 -0.4440000057220459 3.0139999389648438
-0.8339999914169312 -0.5699999928474426 2.125999927520752
-0.9480000138282776 -0.6959999799728394 2.0299999713897705
-1.0499999523162842 -0.7260000109672546 2.0180001258850098
-0.75 -0.1979999542236328 2.8399999141693115
0.09000003337860107 -1.2000000476837158 3.1040000915527344
-0.2760000228881836 -0.4320000410079956 3.0859999656677246
-0.9779999852180481 -0.6480000019073486 2.059999942779541
-0.7559999823570251 -0.1979999542236328 2.828000068664551
-0.4679999351501465 -0.3179999589920044 3.1640000343322754
-0.26999998092651367 -0.437999963760376 3.0920000076293945
-0.28199994564056396 -0.437999963760376 3.140000104904175
-0.828000009059906 -0.5999999642372131 2.1019999980926514
-0.04799997806549072 -0.6959999799728394 2.828000068664551
-0.8460000157356262 -0.3960000276565552 2.3000001907348633
-0.34200000762939453 -0.37800002098083496 3.0799999237060547
0.07200002670288086 -1.1460000276565552 3.187999963760376
-0.9779999852180481 -0.6539999842643738 2.053999900817871
-0.8159999847412109 -0.24599993228912354 2.5759999752044678
-0.023999929428100586 -0.75 2.7799999713897705
0.09599995613098145 -1.2480000257492065 3.0799999237060547
0.09599995613098145 -1.253999948501587 3.0799999237060547
-0.8460000157356262 -0.37199997901916504 2.3299999237060547
-0.21599996089935303 -0.4739999771118164 3.0260000228881836
-0.7559999823570251 -0.1979999542236328 2.803999900817871
-0.7979999780654907 -0.22200000286102295 2.6540000438690186
0.0 -0.8100000023841858 2.75
-0.04799997806549072 -0.6959999799728394 2.809999942779541
-0.24599993228912354 -0.4440000057220459 3.008000135421753
0.08399999141693115 -1.121999979019165 3.128000020980835
-0.3960000276565552 -0.34800004959106445 3.128000020980835
-0.8460000157356262 -0.3240000009536743 2.4019999504089355
-0.10199999809265137 -0.5999999642372131 2.9000000953674316
-0.07200002670288086 -0.6480000019073486 2.8519999980926514
0.08399999141693115 -1.1699999570846558 3.1519999504089355
-0.21000003814697266 -0.4739999771118164 2.9660000801086426
0.09000003337860107 -1.194000005722046 3.128000020980835
-0.7680000066757202 -0.1979999542236328 2.7799999713897705
-0.4440000057220459 -0.3359999656677246 3.200000047683716
-0.24599993228912354 -0.4440000057220459 3.0260000228881836
0.10199999809265137 -1.2719999551773071 3.0380001068115234
-0.2879999876022339 -0.40799999237060547 3.0260000228881836
0.10199999809265137 -1.277999997138977 3.0380001068115234
-0.34200000762939453 -0.37800002098083496 3.1040000915527344
-0.7979999780654907 -0.22200000286102295 2.6480000019073486
-0.26999998092651367 -0.4259999990463257 3.055999994277954
-0.09599995613098145 -0.6060000061988831 2.9000000953674316
-0.9660000205039978 -0.6480000019073486 2.053999900817871
-0.8460000157356262 -0.41999995708465576 2.2639999389648438
-0.011999964714050293 -0.7739999890327454 2.76200008392334
0.10199999809265137 -1.2000000476837158 3.049999952316284
-0.8460000157356262 -0.4739999771118164 2.2039999961853027
-1.0199999809265137 -0.6420000195503235 2.059999942779541
0.10199999809265137 -1.194000005722046 3.049999952316284
-0.33000004291534424 -0.37800002098083496 3.055999994277954
0.10199999809265137 -1.2000000476837158 3.055999994277954
0.09599995613098145 -1.2480000257492065 3.1040000915527344
-0.828000009059906 -0.26999998092651367 2.503999948501587
0.10199999809265137 -1.194000005722046 3.055999994277954
-0.8399999737739563 -0.49800002574920654 2.180000066757202
0.08399999141693115 -1.0980000495910645 3.128000020980835
-0.828000009059906 -0.6240000128746033 2.078000068664551
-0.4500000476837158 -0.3240000009536743 3.1760001182556152
0.09599995613098145 -1.2599999904632568 3.1040000915527344
-0.8519999980926514 -0.40799999237060547 2.2760000228881836
-0.34200000762939453 -0.37199997901916504 3.0799999237060547
-0.9539999961853027 -0.6840000152587891 2.0299999713897705
0.10199999809265137 -1.2480000257492065 3.062000036239624
0.09599995613098145 -1.194000005722046 3.1040000915527344
-0.08399999141693115 -0.6240000128746033 2.864000082015991
-0.7979999780654907 -0.6480000019073486 2.065999984741211
0.029999971389770508 -0.906000018119812 2.7019999027252197
-0.8219999670982361 -0.6240000128746033 2.078000068664551
-0.8399999737739563 -0.2940000295639038 2.450000047683716
-0.8519999980926514 -0.3659999370574951 2.3299999237060547
-0.9480000138282776 -0.7020000219345093 2.0180001258850098
-0.09599995613098145 -0.5999999642372131 2.930000066757202
-1.0740000009536743 -0.7260000109672546 2.01200008392334
-0.10199999809265137 -0.593999981880188 2.888000011444092
0.0 -0.7979999780654907 2.75
-0.8519999980926514 -0.34800004959106445 2.3540000915527344
-0.7739999890327454 -0.1979999542236328 2.75
-0.054000020027160645 -0.671999990940094 2.828000068664551
0.08399999141693115 -1.1820000410079956 3.1760001182556152
0.10199999809265137 -1.2480000257492065 3.0799999237060547
-0.09599995613098145 -0.5999999642372131 2.9000000953674316
-0.8460000157356262 -0.3960000276565552 2.2880001068115234
-0.8460000157356262 -0.34800004959106445 2.3540000915527344
0.10199999809265137 -1.194000005722046 3.0799999237060547
-0.8040000200271606 -0.22200000286102295 2.630000114440918
-0.828000009059906 -0.24599993228912354 2.552000045776367
0.054000020027160645 -0.9300000071525574 2.7680001258850098
-0.09599995613098145 -0.5999999642372131 2.881999969482422
-0.7799999713897705 -0.1799999475479126 2.875999927520752
0.09599995613098145 -1.2120000123977661 3.128000020980835
-0.06599998474121094 -0.6480000019073486 2.8399999141693115
-0.8219999670982361 -0.24599993228912354 2.552000045776367
-0.8519999980926514 -0.4440000057220459 2.2280001640319824
-0.8519999980926514 -0.38399994373321533 2.3000001907348633
-0.3240000009536743 -0.38399994373321533 3.1040000915527344
-0.7799999713897705 -0.1799999475479126 2.864000082015991
-0.9480000138282776 -0.6959999799728394 2.0180001258850098
-0.7739999890327454 -0.1979999542236328 2.73799991607666
-0.41999995708465576 -0.3359999656677246 3.1760001182556152
-0.8460000157356262 -0.4440000057220459 2.2280001640319824
-1.0980000495910645 -0.7260000109672546 2.01200008392334
-0.34800004959106445 -0.3659999370574951 3.1040000915527344
-0.8460000157356262 -0.5220000147819519 2.1500000953674316
-0.3240000009536743 -0.37800002098083496 3.074000120162964
0.09000003337860107 -1.1460000276565552 3.1519999504089355
-0.2760000228881836 -0.40799999237060547 3.0199999809265137
0.10199999809265137 -1.2480000257492065 3.1040000915527344
-0.3240000009536743 -0.37800002098083496 3.0799999237060547
-0.7799999713897705 -0.1979999542236328 2.7260000705718994
-0.37800002098083496 -0.34800004959106445 3.121999979019165
-0.8460000157356262 -0.34800004959106445 2.3480000495910645
-0.8219999670982361 -0.24599993228912354 2.5460000038146973
0.10800004005432129 -1.2719999551773071 3.055999994277954
-0.8519999980926514 -0.41999995708465576 2.251999855041504
-0.9539999961853027 -0.671999990940094 2.0299999713897705
-0.8460000157356262 -0.3240000009536743 2.384000062942505
-0.8399999737739563 -0.2999999523162842 2.4260001182556152
0.10800004005432129 -1.2899999618530273 3.055999994277954
-0.7979999780654907 -0.6539999842643738 2.053999900817871
-0.8519999980926514 -0.4620000123977661 2.2039999961853027
-0.04799997806549072 -0.671999990940094 2.828000068664551
-0.26399993896484375 -0.41999995708465576 3.055999994277954
-0.8460000157356262 -0.4739999771118164 2.191999912261963
0.09000003337860107 -1.121999979019165 3.1519999504089355
-0.8040000200271606 -0.21000003814697266 2.6540000438690186
-0.011999964714050293 -0.75 2.7739999294281006
0.011999964714050293 -0.8219999670982361 2.7260000705718994
-0.04799997806549072 -0.671999990940094 2.822000026702881
-0.8399999737739563 -0.5460000038146973 2.125999927520752
0.10800004005432129 -1.2059999704360962 3.0799999237060547
0.09599995613098145 -1.2000000476837158 3.1519999504089355
0.08399999141693115 -1.1699999570846558 3.200000047683716
0.09599995613098145 -1.194000005722046 3.1519999504089355
-0.8159999847412109 -0.22200000286102295 2.6059999465942383
-0.8399999737739563 -0.26999998092651367 2.4800000190734863
-0.4320000410079956 -0.3240000009536743 3.1760001182556152
-0.7919999957084656 -0.1979999542236328 2.7019999027252197
-0.8519999980926514 -0.3960000276565552 2.2760000228881836
-0.07200002670288086 -0.6240000128746033 2.875999927520752
-0.8040000200271606 -0.6480000019073486 2.053999900817871
-0.7860000133514404 -0.1799999475479126 2.803999900817871
0.10199999809265137 -1.2480000257492065 3.128000020980835
-0.1979999542236328 -0.4739999771118164 3.0260000228881836
-0.023999929428100586 -0.7139999866485596 2.803999900817871
-0.4259999990463257 -0.3240000009536743 3.1700000762939453
0.09000003337860107 -1.1460000276565552 3.1760001182556152
-0.4500000476837158 -0.3179999589920044 3.200000047683716
-0.19200003147125244 -0.48000001907348633 3.0380001068115234
-0.8519999980926514 -0.48000001907348633 2.180000066757202
-0.8339999914169312 -0.24599993228912354 2.5280001163482666
-0.8399999737739563 -0.5699999928474426 2.1019999980926514
-1.128000020980835 -0.7319999933242798 2.00600004196167
-0.3960000276565552 -0.3359999656677246 3.1519999504089355
0.10199999809265137 -1.194000005722046 3.140000104904175
-0.8519999980926514 -0.3059999942779541 2.4019999504089355
-0.1979999542236328 -0.4679999351501465 3.002000093460083
0.024000048637390137 -0.8460000157356262 2.7139999866485596
-0.7799999713897705 -0.18599998950958252 2.75
0.10800004005432129 -1.194000005722046 3.1100001335144043
-0.8339999914169312 -0.5999999642372131 2.078000068664551
0.09599995613098145 -1.2059999704360962 3.1760001182556152
0.09000003337860107 -1.187999963760376 3.200000047683716
-0.8519999980926514 -0.37199997901916504 2.3000001907348633
-0.7799999713897705 -0.1799999475479126 2.7799999713897705
-0.7979999780654907 -0.1979999542236328 2.677999973297119
0.029999971389770508 -0.8640000224113464 2.7019999027252197
-0.4320000410079956 -0.3240000009536743 3.200000047683716
-0.8519999980926514 -0.3179999589920044 2.378000020980835
-0.018000006675720215 -0.7199999690055847 2.7860000133514404
0.10199999809265137 -1.194000005722046 3.1519999504089355
-0.41999995708465576 -0.3240000009536743 3.1760001182556152
0.09599995613098145 -1.1699999570846558 3.1760001182556152
0.10199999809265137 -1.2719999551773071 3.1519999504089355
-0.3179999589920044 -0.37199997901916504 3.0859999656677246
0.11399996280670166 -1.2719999551773071 3.0799999237060547
-0.9959999918937683 -0.7080000042915344 2.0
-0.8579999804496765 -0.34800004959106445 2.3299999237060547
0.08399999141693115 -1.194000005722046 3.2300000190734863
-0.8460000157356262 -0.2999999523162842 2.4079999923706055
-0.37199997901916504 -0.34200000762939453 3.128000020980835
0.060000061988830566 -0.9179999828338623 2.75
-0.8519999980926514 -0.4739999771118164 2.180000066757202
-0.8219999670982361 -0.6240000128746033 2.059999942779541
-1.0499999523162842 -0.7139999866485596 2.0
-1.121999979019165 -0.7319999933242798 2.0
-1.0199999809265137 -0.7080000042915344 2.0
0.09000003337860107 -1.1399999856948853 3.200000047683716
-0.2580000162124634 -0.40799999237060547 3.0139999389648438
-0.24599993228912354 -0.41999995708465576 3.0320000648498535
-0.7979999780654907 -0.1979999542236328 2.6660001277923584
-0.3539999723434448 -0.34800004959106445 3.1100001335144043
0.10199999809265137 -1.1100000143051147 3.134000062942505
-0.972000002861023 -0.7020000219345093 2.0
0.11399996280670166 -1.3020000457763672 3.0859999656677246
0.0 -0.75 2.7799999713897705
-0.8519999980926514 -0.2999999523162842 2.4019999504089355
0.029999971389770508 -0.8399999737739563 2.7260000705718994
0.11399996280670166 -1.2120000123977661 3.1040000915527344
-0.8219999670982361 -0.22200000286102295 2.5759999752044678
0.029999971389770508 -0.8700000047683716 2.677999973297119
-1.0740000009536743 -0.7139999866485596 2.0
-1.0980000495910645 -0.7199999690055847 2.0
0.11399996280670166 -1.2719999551773071 3.1040000915527344
0.09599995613098145 -1.2120000123977661 3.200000047683716
-0.21599996089935303 -0.4440000057220459 3.0260000228881836
-0.8040000200271606 -0.1979999542236328 2.6540000438690186
0.04799997806549072 -0.8999999761581421 2.7019999027252197
-0.9660000205039978 -0.6480000019073486 2.0299999713897705
0.10199999809265137 -1.1699999570846558 3.1700000762939453
0.08399999141693115 -1.0859999656677246 3.2120001316070557
-0.828000009059906 -0.6240000128746033 2.053999900817871
-0.6179999709129333 -0.22800004482269287 3.1760001182556152
-0.4259999990463257 -0.33000004291534424 3.2300000190734863
-0.40199995040893555 -0.3240000009536743 3.1579999923706055
0.024000048637390137 -0.8219999670982361 2.7200000286102295
-0.9660000205039978 -0.6959999799728394 2.0
-0.8519999980926514 -0.4440000057220459 2.2039999961853027
-0.7979999780654907 -0.6480000019073486 2.0420000553131104
-0.8399999737739563 -0.24599993228912354 2.503999948501587
-0.8519999980926514 -0.49800002574920654 2.1500000953674316
0.10199999809265137 -1.1699999570846558 3.1760001182556152
0.10199999809265137 -1.1100000143051147 3.1519999504089355
-0.40199995040893555 -0.3359999656677246 3.2060000896453857
-1.1159999370574951 -0.7199999690055847 2.0
0.09599995613098145 -1.1100000143051147 3.181999921798706
-0.059999942779541016 -0.6240000128746033 2.8519999980926514
-0.04799997806549072 -0.6420000195503235 2.8519999980926514
-0.8460000157356262 -0.49800002574920654 2.1500000953674316
-0.38999998569488525 -0.3359999656677246 3.181999921798706
-0.8579999804496765 -0.41999995708465576 2.2280001640319824
-0.828000009059906 -0.6299999952316284 2.047999858856201
-0.8460000157356262 -0.26999998092651367 2.450000047683716
-0.9959999918937683 -0.6359999775886536 2.0360000133514404
-0.25199997425079346 -0.40799999237060547 3.0260000228881836
0.11399996280670166 -1.2120000123977661 3.128000020980835
-0.8579999804496765 -0.3240000009536743 2.3540000915527344
-0.6299999952316284 -0.22200000286102295 3.1760001182556152
-1.0139999389648438 -0.6959999799728394 2.0
-0.3960000276565552 -0.3240000009536743 3.1519999504089355
0.10199999809265137 -1.1340000629425049 3.1700000762939453
-0.8219999670982361 -0.22200000286102295 2.564000129699707
0.12000000476837158 -1.2960000038146973 3.0799999237060547
0.11399996280670166 -1.2719999551773071 3.128000020980835
0.09000003337860107 -1.1100000143051147 3.2120001316070557
0.011999964714050293 -0.7739999890327454 2.75
0.10199999809265137 -1.1399999856948853 3.1760001182556152
0.11399996280670166 -1.284000039100647 3.128000020980835
-0.8460000157356262 -0.5220000147819519 2.125999927520752
-0.24000000953674316 -0.41999995708465576 3.055999994277954
-0.07200002670288086 -0.5999999642372131 2.875999927520752
-0.7739999890327454 -0.1679999828338623 2.803999900817871
-0.6060000061988831 -0.23399996757507324 3.200000047683716
-0.6240000128746033 -0.22200000286102295 3.1760001182556152
-0.6299999952316284 -0.21599996089935303 3.1579999923706055
-0.7739999890327454 -0.17400002479553223 2.76200008392334
-0.018000006675720215 -0.6959999799728394 2.803999900817871
-0.8579999804496765 -0.3960000276565552 2.251999855041504
-0.18599998950958252 -0.4620000123977661 2.9779999256134033
-0.8460000157356262 -0.26999998092651367 2.444000005722046
0.029999971389770508 -0.8219999670982361 2.7260000705718994
-0.8159999847412109 -0.1979999542236328 2.630000114440918
-0.8040000200271606 -0.18599998950958252 2.677999973297119
-0.7799999713897705 -0.17400002479553223 2.75
0.054000020027160645 -0.8999999761581421 2.7019999027252197
-0.023999929428100586 -0.6779999732971191 2.828000068664551
0.04200005531311035 -0.8819999694824219 2.677999973297119
-0.28199994564056396 -0.38999998569488525 3.1040000915527344
-0.41999995708465576 -0.3179999589920044 3.200000047683716
0.10800004005432129 -1.194000005722046 3.1760001182556152
-0.828000009059906 -0.22200000286102295 2.552000045776367
0.12000000476837158 -1.2960000038146973 3.1040000915527344
0.10800004005432129 -1.2719999551773071 3.1760001182556152
-0.7799999713897705 -0.1679999828338623 2.7799999713897705
-0.20399999618530273 -0.4440000057220459 3.008000135421753
0.11399996280670166 -1.2480000257492065 3.1519999504089355
-0.8460000157356262 -0.5460000038146973 2.1019999980926514
0.10199999809265137 -1.1699999570846558 3.200000047683716
0.12000000476837158 -1.3079999685287476 3.1040000915527344
-0.3359999656677246 -0.34800004959106445 3.1040000915527344
-0.7739999890327454 -0.1679999828338623 2.7799999713897705
-0.8519999980926514 -0.2760000228881836 2.4260001182556152
-1.0019999742507935 -0.6359999775886536 2.0299999713897705
0.11399996280670166 -1.277999997138977 3.1519999504089355
0.024000048637390137 -0.7979999780654907 2.7320001125335693
-0.6060000061988831 -0.24000000953674316 3.2360000610351562
-0.8640000224113464 -0.37199997901916504 2.2760000228881836
-0.5999999642372131 -0.24000000953674316 3.2300000190734863
0.10199999809265137 -1.1460000276565552 3.200000047683716
-0.023999929428100586 -0.671999990940094 2.828000068664551
0.09000003337860107 -1.1159999370574951 3.2360000610351562
-0.7860000133514404 -0.17400002479553223 2.7260000705718994
-0.828000009059906 -0.21000003814697266 2.5759999752044678
-0.3240000009536743 -0.3539999723434448 3.1040000915527344
0.09599995613098145 -1.1579999923706055 3.2300000190734863
-0.9959999918937683 -0.7020000219345093 1.9880000352859497
-0.38399994373321533 -0.3359999656677246 3.200000047683716
-0.37800002098083496 -0.3240000009536743 3.140000104904175
-0.023999929428100586 -0.671999990940094 2.815999984741211
-0.8579999804496765 -0.2999999523162842 2.378000020980835
-0.8159999847412109 -0.6359999775886536 2.0360000133514404
0.1260000467300415 -1.2960000038146973 3.0920000076293945
-0.8460000157356262 -0.24599993228912354 2.4800000190734863
-0.8460000157356262 -0.5699999928474426 2.078000068664551
0.1260000467300415 -1.3020000457763672 3.0920000076293945
-0.08399999141693115 -0.5699999928474426 2.9000000953674316
0.10800004005432129 -1.121999979019165 3.1760001182556152
-0.03600001335144043 -0.6480000019073486 2.828000068664551
-0.8219999670982361 -0.6240000128746033 2.0420000553131104
-0.8519999980926514 -0.5099999904632568 2.125999927520752
-0.6240000128746033 -0.22200000286102295 3.2060000896453857
-0.22200000286102295 -0.4259999990463257 3.055999994277954
-0.8219999670982361 -0.1979999542236328 2.6059999465942383
0.11399996280670166 -1.2239999771118164 3.1760001182556152
0.10800004005432129 -1.194000005722046 3.200000047683716
-1.1159999370574951 -0.7319999933242798 1.9819999933242798
-0.5999999642372131 -0.22800004482269287 3.200000047683716
-0.6240000128746033 -0.21000003814697266 3.1579999923706055
-0.2760000228881836 -0.38399994373321533 3.0859999656677246
-0.04799997806549072 -0.6240000128746033 2.8519999980926514
0.1260000467300415 -1.2960000038146973 3.1040000915527344
-0.7979999780654907 -0.17400002479553223 2.7019999027252197
-0.22200000286102295 -0.41999995708465576 3.0139999389648438
-0.8519999980926514 -0.2580000162124634 2.450000047683716
0.12000000476837158 -1.2239999771118164 3.1519999504089355
-0.3960000276565552 -0.3179999589920044 3.1760001182556152
-0.8640000224113464 -0.34800004959106445 2.3000001907348633
-0.8519999980926514 -0.26999998092651367 2.4260001182556152
-0.8399999737739563 -0.5999999642372131 2.053999900817871
-0.8460000157356262 -0.5220000147819519 2.113999843597412
0.1260000467300415 -1.3079999685287476 3.1040000915527344
-0.9660000205039978 -0.671999990940094 2.0
0.09000003337860107 -1.121999979019165 3.253999948501587
-0.22200000286102295 -0.41999995708465576 3.0260000228881836
-0.07200002670288086 -0.5820000171661377 2.9000000953674316
-0.8519999980926514 -0.5339999794960022 2.1019999980926514
-0.8399999737739563 -0.22200000286102295 2.5280001163482666
0.1260000467300415 -1.2719999551773071 3.121999979019165
-0.6480000019073486 -0.21000003814697266 3.200000047683716
-0.3240000009536743 -0.34800004959106445 3.1040000915527344
-0.3659999370574951 -0.3240000009536743 3.128000020980835
-0.059999942779541016 -0.5999999642372131 2.870000123977661
0.0 -0.7080000042915344 2.803999900817871
-0.19200003147125244 -0.4440000057220459 3.002000093460083
0.1260000467300415 -1.2719999551773071 3.128000020980835
-0.7979999780654907 -0.17400002479553223 2.690000057220459
-0.437999963760376 -0.3059999942779541 3.2300000190734863
-0.8640000224113464 -0.3240000009536743 2.3299999237060547
-0.8219999670982361 -0.1979999542236328 2.5940001010894775
0.024000048637390137 -0.7739999890327454 2.74399995803833
-0.5820000171661377 -0.24599993228912354 3.253999948501587
-1.1039999723434448 -0.7680000066757202 1.9580000638961792
-1.0199999809265137 -0.7020000219345093 1.9819999933242798
-0.22200000286102295 -0.41999995708465576 3.055999994277954
0.1260000467300415 -1.2960000038146973 3.128000020980835
-0.07799994945526123 -0.5699999928474426 2.888000011444092
-0.6359999775886536 -0.19200003147125244 3.1100001335144043
-0.8040000200271606 -0.17400002479553223 2.677999973297119
0.10800004005432129 -1.1159999370574951 3.200000047683716
0.018000006675720215 -0.75 2.76200008392334
0.029999971389770508 -0.7799999713897705 2.75
-0.8579999804496765 -0.4440000057220459 2.180000066757202
0.006000041961669922 -0.7199999690055847 2.7799999713897705
-0.8579999804496765 -0.4739999771118164 2.1500000953674316
-0.5999999642372131 -0.21599996089935303 3.1760001182556152
-0.1799999475479126 -0.4500000476837158 2.9720001220703125
0.10199999809265137 -1.128000020980835 3.2300000190734863
-0.8640000224113464 -0.41999995708465576 2.2039999961853027
0.04799997806549072 -0.8460000157356262 2.7019999027252197
-0.6359999775886536 -0.1979999542236328 3.1519999504089355
-0.8460000157356262 -0.24599993228912354 2.4619998931884766
0.04200005531311035 -0.8219999670982361 2.7139999866485596
-0.8460000157356262 -0.6240000128746033 2.0299999713897705
0.1260000467300415 -1.2179999351501465 3.1519999504089355
0.1260000467300415 -1.2480000257492065 3.1519999504089355
-0.26399993896484375 -0.38399994373321533 3.0799999237060547
0.12000000476837158 -1.2300000190734863 3.181999921798706
0.12000000476837158 -1.284000039100647 3.1760001182556152
-0.34800004959106445 -0.33000004291534424 3.128000020980835
-0.8519999980926514 -0.49800002574920654 2.125999927520752
-0.593999981880188 -0.22200000286102295 3.200000047683716
0.1260000467300415 -1.2719999551773071 3.1519999504089355
-0.6539999842643738 -0.20399999618530273 3.2060000896453857
-0.312000036239624 -0.34800004959106445 3.0920000076293945
0.1260000467300415 -1.277999997138977 3.1519999504089355
-0.5519999861717224 -0.24599993228912354 3.2300000190734863
-0.40799999237060547 -0.3179999589920044 3.2300000190734863
0.029999971389770508 -0.7739999890327454 2.75
-0.6359999775886536 -0.19200003147125244 3.128000020980835
-0.3539999723434448 -0.3240000009536743 3.121999979019165
0.03600001335144043 -0.7979999780654907 2.7260000705718994
-0.8640000224113464 -0.3960000276565552 2.2280001640319824
0.0 -0.6959999799728394 2.803999900817871
-0.828000009059906 -0.1979999542236328 2.5759999752044678
-0.2760000228881836 -0.37199997901916504 3.0799999237060547
-0.07200002670288086 -0.5699999928474426 2.9000000953674316
0.054000020027160645 -0.8700000047683716 2.677999973297119
-0.2580000162124634 -0.38399994373321533 3.068000078201294
-0.8519999980926514 -0.5519999861717224 2.078000068664551
-0.023999929428100586 -0.6480000019073486 2.828000068664551
-0.8159999847412109 -0.17400002479553223 2.6540000438690186
-0.6420000195503235 -0.1979999542236328 3.1760001182556152
-0.8519999980926514 -0.5220000147819519 2.1019999980926514
0.09599995613098145 -1.0980000495910645 3.253999948501587
0.12000000476837158 -1.0980000495910645 3.1579999923706055
-1.1100000143051147 -0.7199999690055847 1.9760000705718994
0.09599995613098145 -1.128000020980835 3.2660000324249268
-0.6240000128746033 -0.1979999542236328 3.1519999504089355
0.04799997806549072 -0.8579999804496765 2.6660001277923584
-0.828000009059906 -0.18599998950958252 2.6059999465942383
-0.8640000224113464 -0.2999999523162842 2.3540000915527344
0.060000061988830566 -0.8819999694824219 2.677999973297119
-0.37800002098083496 -0.3240000009536743 3.200000047683716
-0.8460000157356262 -0.22200000286102295 2.503999948501587
0.12000000476837158 -1.2300000190734863 3.200000047683716
-0.9959999918937683 -0.6959999799728394 1.9760000705718994
-0.37199997901916504 -0.3240000009536743 3.187999963760376
0.12000000476837158 -1.2239999771118164 3.200000047683716
-0.8640000224113464 -0.37199997901916504 2.251999855041504
0.10800004005432129 -1.1519999504089355 3.2360000610351562
-0.5699999928474426 -0.24599993228912354 3.2660000324249268
-0.8519999980926514 -0.24599993228912354 2.450000047683716
0.13199996948242188 -1.0799999237060547 3.0799999237060547
0.054000020027160645 -0.8460000157356262 2.7019999027252197
-1.0499999523162842 -0.7020000219345093 1.9760000705718994
-0.5460000038146973 -0.24599993228912354 3.2360000610351562
0.1260000467300415 -1.2239999771118164 3.1760001182556152
-0.3659999370574951 -0.3179999589920044 3.1519999504089355
0.10199999809265137 -1.1340000629425049 3.253999948501587
0.09000003337860107 -1.0920000076293945 3.2780001163482666
-0.04799997806549072 -0.5999999642372131 2.875999927520752
-0.8579999804496765 -0.26999998092651367 2.4019999504089355
-1.1039999723434448 -0.7739999890327454 1.9459999799728394
-1.0199999809265137 -0.6959999799728394 1.9760000705718994
-0.34800004959106445 -0.3240000009536743 3.128000020980835
-0.26999998092651367 -0.37199997901916504 3.0799999237060547
-1.0019999742507935 -0.6240000128746033 2.0180001258850098
-1.1039999723434448 -0.7860000133514404 1.940000057220459
0.12000000476837158 -1.2899999618530273 3.200000047683716
0.10199999809265137 -1.121999979019165 3.253999948501587
0.1380000114440918 -1.0799999237060547 3.0380001068115234
-0.6539999842643738 -0.1979999542236328 3.2060000896453857
-0.8519999980926514 -0.5460000038146973 2.078000068664551
-0.7440000176429749 -0.14399993419647217 2.9779999256134033
-1.0679999589920044 -0.7020000219345093 1.9760000705718994
-0.1979999542236328 -0.4259999990463257 3.0260000228881836
0.060000061988830566 -0.8819999694824219 2.6660001277923584
-0.8460000157356262 -0.5460000038146973 2.078000068664551
-0.3960000276565552 -0.3179999589920044 3.2300000190734863
-1.0980000495910645 -0.7080000042915344 1.9760000705718994
-1.0440000295639038 -0.6959999799728394 1.9760000705718994
-0.972000002861023 -0.6480000019073486 2.0
-0.515999972820282 -0.24599993228912354 3.200000047683716
0.06599998474121094 -0.8700000047683716 2.7019999027252197
0.13199996948242188 -1.3259999752044678 3.140000104904175
-0.8519999980926514 -0.22800004482269287 2.4800000190734863
0.10800004005432129 -1.0980000495910645 3.2300000190734863
-0.7680000066757202 -0.1380000114440918 2.9779999256134033
0.13199996948242188 -1.0859999656677246 3.1100001335144043
-0.8700000047683716 -0.34800004959106445 2.2760000228881836
-1.055999994277954 -0.6959999799728394 1.9760000705718994
-0.593999981880188 -0.20399999618530273 3.1579999923706055
-0.018000006675720215 -0.6480000019073486 2.822000026702881
0.1260000467300415 -1.0920000076293945 3.1519999504089355
-0.8219999670982361 -0.17400002479553223 2.630000114440918
0.10199999809265137 -1.0980000495910645 3.253999948501587
-0.5699999928474426 -0.22200000286102295 3.200000047683716
-0.5579999685287476 -0.22800004482269287 3.2060000896453857
-0.24599993228912354 -0.38399994373321533 3.062000036239624
-0.029999971389770508 -0.6240000128746033 2.8399999141693115
-0.8339999914169312 -0.1979999542236328 2.552000045776367
-0.6240000128746033 -0.1979999542236328 3.181999921798706
-0.972000002861023 -0.6840000152587891 1.9760000705718994
0.1260000467300415 -1.121999979019165 3.1760001182556152
0.1260000467300415 -1.2239999771118164 3.200000047683716
-0.3359999656677246 -0.3240000009536743 3.115999937057495
0.018000006675720215 -0.7199999690055847 2.7739999294281006
-0.6240000128746033 -0.18599998950958252 3.128000020980835
-0.8040000200271606 -0.156000018119812 2.7019999027252197
-0.8219999670982361 -0.17400002479553223 2.624000072479248
-0.40199995040893555 -0.3179999589920044 3.253999948501587
0.060000061988830566 -0.8700000047683716 2.6660001277923584
0.11399996280670166 -1.0980000495910645 3.2179999351501465
0.1260000467300415 -1.194000005722046 3.200000047683716
-0.5999999642372131 -0.1979999542236328 3.1519999504089355
-0.8519999980926514 -0.5699999928474426 2.053999900817871
-0.1979999542236328 -0.41999995708465576 3.0260000228881836
0.13199996948242188 -1.0859999656677246 3.128000020980835
0.1260000467300415 -1.2719999551773071 3.200000047683716
0.12000000476837158 -1.3020000457763672 3.2179999351501465
-0.8460000157356262 -0.5699999928474426 2.053999900817871
-0.8460000157356262 -0.5460000038146973 2.072000026702881
0.12000000476837158 -1.2300000190734863 3.2300000190734863
0.1260000467300415 -1.1699999570846558 3.200000047683716
-0.6299999952316284 -0.1979999542236328 3.200000047683716
-0.07799994945526123 -0.5460000038146973 2.9000000953674316
-0.7979999780654907 -0.1499999761581421 2.7260000705718994
0.14400005340576172 -1.0980000495910645 3.062000036239624
-1.0740000009536743 -0.7020000219345093 1.9700000286102295
0.14400005340576172 -1.121999979019165 3.0859999656677246
0.13199996948242188 -1.2960000038146973 3.1760001182556152
-1.1039999723434448 -0.7319999933242798 1.9580000638961792
-1.0080000162124634 -0.6299999952316284 2.00600004196167
0.1499999761581421 -1.2120000123977661 3.0859999656677246
-0.8519999980926514 -0.22200000286102295 2.4800000190734863
0.04799997806549072 -0.7979999780654907 2.7200000286102295
0.1260000467300415 -1.1460000276565552 3.200000047683716
-0.8700000047683716 -0.3240000009536743 2.3000001907348633
0.14400005340576172 -1.2360000610351562 3.128000020980835
-0.023999929428100586 -0.6240000128746033 2.8519999980926514
-0.8460000157356262 -0.5999999642372131 2.0299999713897705
-0.8460000157356262 -0.22200000286102295 2.4800000190734863
0.1260000467300415 -1.0980000495910645 3.181999921798706
-0.08399999141693115 -0.5339999794960022 2.930000066757202
0.04200005531311035 -0.7739999890327454 2.73799991607666
-0.25199997425079346 -0.37199997901916504 3.055999994277954
-0.2879999876022339 -0.34800004959106445 3.0859999656677246
0.1260000467300415 -1.2360000610351562 3.2179999351501465
-1.0980000495910645 -0.7379999756813049 1.9520000219345093
-0.527999997138977 -0.23399996757507324 3.2060000896453857
0.12000000476837158 -1.2239999771118164 3.242000102996826
-0.972000002861023 -0.6240000128746033 2.00600004196167
-0.8579999804496765 -0.24599993228912354 2.4260001182556152
-0.8700000047683716 -0.41999995708465576 2.180000066757202
-0.023999929428100586 -0.6240000128746033 2.8340001106262207
-0.828000009059906 -0.17400002479553223 2.6059999465942383
-0.7979999780654907 -0.1260000467300415 2.9119999408721924
0.054000020027160645 -0.8040000200271606 2.7260000705718994
-0.8100000023841858 -0.1499999761581421 2.7019999027252197
-0.972000002861023 -0.671999990940094 1.9760000705718994
0.1499999761581421 -1.2179999351501465 3.1040000915527344
-0.7919999957084656 -0.1260000467300415 2.930000066757202
-0.8640000224113464 -0.4739999771118164 2.125999927520752
-0.24000000953674316 -0.37800002098083496 3.0439999103546143
-0.4919999837875366 -0.25199997425079346 3.2179999351501465
0.156000018119812 -1.194000005722046 3.055999994277954
-0.8700000047683716 -0.2999999523162842 2.3299999237060547
-0.03600001335144043 -0.5999999642372131 2.8580000400543213
0.10199999809265137 -1.0920000076293945 3.2780001163482666
-0.8700000047683716 -0.3960000276565552 2.2039999961853027
0.14400005340576172 -1.3140000104904175 3.128000020980835
-0.07200002670288086 -0.5460000038146973 2.9000000953674316
-0.8640000224113464 -0.26999998092651367 2.378000020980835
0.0 -0.6599999666213989 2.828000068664551
0.13199996948242188 -1.3020000457763672 3.194000005722046
0.12000000476837158 -1.121999979019165 3.2300000190734863
-0.8460000157356262 -0.1979999542236328 2.5280001163482666
-0.9839999675750732 -0.6299999952316284 2.0
-0.7979999780654907 -0.1499999761581421 2.7019999027252197
-0.8040000200271606 -0.14399993419647217 2.7260000705718994
-0.5460000038146973 -0.22200000286102295 3.200000047683716
0.1499999761581421 -1.2360000610351562 3.115999937057495
-0.7799999713897705 -0.1260000467300415 2.9539999961853027
0.054000020027160645 -0.7979999780654907 2.7260000705718994
0.1260000467300415 -1.2300000190734863 3.2300000190734863
-0.593999981880188 -0.1979999542236328 3.1760001182556152
0.060000061988830566 -0.8219999670982361 2.7079999446868896
-0.5699999928474426 -0.20399999618530273 3.1640000343322754
-0.8640000224113464 -0.49800002574920654 2.1019999980926514
0.13199996948242188 -1.2899999618530273 3.200000047683716
-0.972000002861023 -0.6779999732971191 1.9700000286102295
-0.054000020027160645 -0.5699999928474426 2.875999927520752
-0.6299999952316284 -0.17400002479553223 3.115999937057495
-0.24599993228912354 -0.37199997901916504 3.055999994277954
0.12000000476837158 -1.2300000190734863 3.253999948501587
-1.1039999723434448 -0.7199999690055847 1.9580000638961792
-0.7799999713897705 -0.1260000467300415 2.9839999675750732
0.12000000476837158 -1.2239999771118164 3.253999948501587
-0.7739999890327454 -0.1260000467300415 2.9539999961853027
-0.3179999589920044 -0.3240000009536743 3.1040000915527344
-0.8700000047683716 -0.4440000057220459 2.1500000953674316
-0.8700000047683716 -0.34800004959106445 2.257999897003174
-0.8700000047683716 -0.37199997901916504 2.2280001640319824
0.1499999761581421 -1.2179999351501465 3.128000020980835
0.16200006008148193 -1.194000005722046 3.0260000228881836
-0.828000009059906 -0.16199994087219238 2.630000114440918
-0.4859999418258667 -0.24599993228912354 3.200000047683716
0.029999971389770508 -0.7199999690055847 2.7799999713897705
-0.8040000200271606 -0.12000000476837158 2.936000108718872
-0.6299999952316284 -0.17400002479553223 3.128000020980835
-0.5699999928474426 -0.20399999618530273 3.1760001182556152
-0.8519999980926514 -0.20399999618530273 2.503999948501587
-0.8159999847412109 -0.1499999761581421 2.677999973297119
0.07800006866455078 -0.8819999694824219 2.677999973297119
-0.9900000095367432 -0.6240000128746033 2.0
-0.6060000061988831 -0.1799999475479126 3.121999979019165
-0.09000003337860107 -0.515999972820282 2.930000066757202
-0.1799999475479126 -0.41999995708465576 2.9779999256134033
-0.7979999780654907 -0.12000000476837158 2.930000066757202
0.1260000467300415 -1.0980000495910645 3.2120001316070557
-0.8579999804496765 -0.5220000147819519 2.078000068664551
0.1260000467300415 -1.1100000143051147 3.2179999351501465
0.14400005340576172 -1.3079999685287476 3.1579999923706055
0.156000018119812 -1.2239999771118164 3.1040000915527344
-0.5879999995231628 -0.18599998950958252 3.128000020980835
-0.6240000128746033 -0.17400002479553223 3.128000020980835
-0.1799999475479126 -0.41999995708465576 3.002000093460083
0.07800006866455078 -0.8819999694824219 2.671999931335449
0.14400005340576172 -1.1640000343322754 3.1640000343322754
0.14400005340576172 -1.187999963760376 3.1700000762939453
-0.8759999871253967 -0.33000004291534424 2.2760000228881836
-0.8759999871253967 -0.34800004959106445 2.251999855041504
-0.5999999642372131 -0.1799999475479126 3.121999979019165
-0.6359999775886536 -0.17400002479553223 3.1519999504089355
-0.7860000133514404 -0.12000000476837158 2.9539999961853027
0.14400005340576172 -1.2480000257492065 3.1760001182556152
-0.04799997806549072 -0.5699999928474426 2.875999927520752
0.14400005340576172 -1.253999948501587 3.1760001182556152
0.14400005340576172 -1.121999979019165 3.1519999504089355
0.1499999761581421 -1.128000020980835 3.121999979019165
0.0 -0.6480000019073486 2.828000068664551
-0.8399999737739563 -0.17400002479553223 2.5759999752044678
0.14400005340576172 -1.187999963760376 3.1760001182556152
0.13199996948242188 -1.2239999771118164 3.2300000190734863
0.14400005340576172 -1.128000020980835 3.1579999923706055
-0.8460000157356262 -0.1979999542236328 2.509999990463257
-0.8700000047683716 -0.3240000009536743 2.2820000648498535
0.1260000467300415 -1.2360000610351562 3.253999948501587
-0.23399996757507324 -0.37199997901916504 3.0380001068115234
-0.34200000762939453 -0.2999999523162842 3.0980000495910645
0.14400005340576172 -1.1699999570846558 3.1760001182556152
-0.5519999861717224 -0.22200000286102295 3.2360000610351562
0.07800006866455078 -0.8700000047683716 2.677999973297119
-0.7739999890327454 -0.12000000476837158 2.9539999961853027
-0.26999998092651367 -0.34800004959106445 3.0799999237060547
0.16200006008148193 -1.2120000123977661 3.0799999237060547
-0.3059999942779541 -0.3240000009536743 3.0980000495910645
-0.8700000047683716 -0.3960000276565552 2.191999912261963
-0.34800004959106445 -0.3059999942779541 3.1519999504089355
0.1260000467300415 -1.1039999723434448 3.2300000190734863
-0.9779999852180481 -0.6539999842643738 1.9760000705718994
-0.8579999804496765 -0.5460000038146973 2.053999900817871
0.024000048637390137 -0.6959999799728394 2.7860000133514404
-1.0920000076293945 -0.7619999647140503 1.9279999732971191
-0.8159999847412109 -0.6299999952316284 2.0
-0.8759999871253967 -0.38399994373321533 2.2039999961853027
0.156000018119812 -1.2239999771118164 3.128000020980835
-0.8219999670982361 -0.1499999761581421 2.6540000438690186
0.156000018119812 -1.277999997138977 3.121999979019165
0.060000061988830566 -0.7979999780654907 2.7139999866485596
0.1679999828338623 -1.2000000476837158 3.0260000228881836
-0.8700000047683716 -0.24599993228912354 2.4019999504089355
0.156000018119812 -1.2480000257492065 3.128000020980835
-1.0980000495910645 -0.7139999866485596 1.9520000219345093
-0.8519999980926514 -0.1979999542236328 2.503999948501587
-0.8579999804496765 -0.22200000286102295 2.450000047683716
-0.8759999871253967 -0.2879999876022339 2.3299999237060547
-0.972000002861023 -0.671999990940094 1.9639999866485596
0.156000018119812 -1.2719999551773071 3.128000020980835
0.14400005340576172 -1.1399999856948853 3.1760001182556152
-0.7319999933242798 -0.1260000467300415 2.9660000801086426
0.1260000467300415 -1.194000005722046 3.259999990463257
-0.8700000047683716 -0.2999999523162842 2.312000036239624
-0.5699999928474426 -0.19200003147125244 3.1519999504089355
0.07200002670288086 -0.8460000157356262 2.677999973297119
-0.8519999980926514 -0.5759999752044678 2.0299999713897705
-0.023999929428100586 -0.5999999642372131 2.8519999980926514
-0.07799994945526123 -0.5220000147819519 2.9060001373291016
-0.8700000047683716 -0.37199997901916504 2.2160000801086426
-0.8759999871253967 -0.3240000009536743 2.2760000228881836
0.04799997806549072 -0.75 2.75
-0.8700000047683716 -0.41999995708465576 2.1620001792907715
-0.7979999780654907 -0.11399996280670166 2.9000000953674316
-0.4739999771118164 -0.24599993228912354 3.2120001316070557
-0.8519999980926514 -0.18599998950958252 2.5280001163482666
0.054000020027160645 -0.7619999647140503 2.75
-0.8219999670982361 -0.6240000128746033 2.0
-0.6179999709129333 -0.17400002479553223 3.1519999504089355
-0.972000002861023 -0.6480000019073486 1.9760000705718994
-0.8759999871253967 -0.40199995040893555 2.180000066757202
-0.8040000200271606 -0.11399996280670166 2.875999927520752
-0.9779999852180481 -0.6480000019073486 1.9760000705718994
-0.7559999823570251 -0.12000000476837158 2.9779999256134033
-0.8759999871253967 -0.36000001430511475 2.2280001640319824
0.07200002670288086 -0.8460000157356262 2.671999931335449
-0.8219999670982361 -0.1499999761581421 2.6419999599456787
-0.7979999780654907 -0.11399996280670166 2.875999927520752
-0.04799997806549072 -0.5579999685287476 2.9000000953674316
-0.8700000047683716 -0.26999998092651367 2.3540000915527344
0.16200006008148193 -1.2599999904632568 3.1100001335144043
-0.2999999523162842 -0.3240000009536743 3.1040000915527344
-0.7979999780654907 -0.11399996280670166 2.870000123977661
-0.75 -0.12000000476837158 2.9779999256134033
-0.5999999642372131 -0.17400002479553223 3.128000020980835
0.018000006675720215 -0.671999990940094 2.803999900817871
-0.6060000061988831 -0.1679999828338623 3.1040000915527344
-0.48000001907348633 -0.24599993228912354 3.2300000190734863
-0.8399999737739563 -0.6359999775886536 1.9880000352859497
-1.0859999656677246 -0.75 1.9279999732971191
-0.6179999709129333 -0.16199994087219238 3.0920000076293945
-0.8339999914169312 -0.6179999709129333 2.0
-0.5579999685287476 -0.1979999542236328 3.1760001182556152
-0.5460000038146973 -0.20399999618530273 3.181999921798706
0.1260000467300415 -1.1159999370574951 3.253999948501587
0.13199996948242188 -1.2239999771118164 3.253999948501587
-0.5040000081062317 -0.23399996757507324 3.2300000190734863
-0.8519999980926514 -0.5699999928474426 2.0299999713897705
-0.8460000157356262 -0.17400002479553223 2.552000045776367
0.156000018119812 -1.2419999837875366 3.1579999923706055
0.07800006866455078 -0.8339999914169312 2.7019999027252197
-0.828000009059906 -0.1499999761581421 2.630000114440918
-0.8159999847412109 -0.10800004005432129 2.9000000953674316
-0.054000020027160645 -0.5460000038146973 2.8940000534057617
-1.0499999523162842 -0.6899999976158142 1.9520000219345093
-0.8700000047683716 -0.26999998092651367 2.3480000495910645
-0.4620000123977661 -0.25199997425079346 3.2300000190734863
0.07800006866455078 -0.8460000157356262 2.677999973297119
-0.8759999871253967 -0.3960000276565552 2.180000066757202
-0.09000003337860107 -0.49800002574920654 2.9539999961853027
-0.33000004291534424 -0.2999999523162842 3.1100001335144043
-1.0199999809265137 -0.6840000152587891 1.9520000219345093
-0.8759999871253967 -0.2999999523162842 2.3000001907348633
0.054000020027160645 -0.75 2.75
-0.4500000476837158 -0.25199997425079346 3.2120001316070557
-0.8700000047683716 -0.4739999771118164 2.1019999980926514
-1.0920000076293945 -0.6959999799728394 1.9520000219345093
0.16200006008148193 -1.2960000038146973 3.128000020980835
0.04200005531311035 -0.7199999690055847 2.76200008392334
-0.08399999141693115 -0.5040000081062317 2.9660000801086426
-0.5699999928474426 -0.1799999475479126 3.128000020980835
-0.4859999418258667 -0.24599993228912354 3.253999948501587
-0.8759999871253967 -0.26399993896484375 2.3540000915527344
-0.828000009059906 -0.13199996948242188 2.690000057220459
-0.25199997425079346 -0.34800004959106445 3.062000036239624
-0.3240000009536743 -0.3059999942779541 3.128000020980835
0.09599995613098145 -0.8759999871253967 2.7019999027252197
0.17400002479553223 -1.2239999771118164 3.055999994277954
-1.0740000009536743 -0.6899999976158142 1.9520000219345093
-0.9900000095367432 -0.6779999732971191 1.9520000219345093
-0.5460000038146973 -0.1979999542236328 3.1760001182556152
-0.8759999871253967 -0.37199997901916504 2.2039999961853027
-0.4679999351501465 -0.24599993228912354 3.2300000190734863
-0.8579999804496765 -0.1979999542236328 2.4800000190734863
-0.07200002670288086 -0.515999972820282 2.930000066757202
-0.3240000009536743 -0.2999999523162842 3.1040000915527344
0.17400002479553223 -1.2300000190734863 3.068000078201294
-0.8460000157356262 -0.17400002479553223 2.5399999618530273
-1.1039999723434448 -0.6840000152587891 1.9580000638961792
-0.3240000009536743 -0.312000036239624 3.1640000343322754
0.07800006866455078 -0.8219999670982361 2.7019999027252197
-0.023999929428100586 -0.5820000171661377 2.875999927520752
-0.8759999871253967 -0.41999995708465576 2.1500000953674316
-0.8040000200271606 -0.10800004005432129 2.8519999980926514
-0.4440000057220459 -0.25199997425079346 3.2120001316070557
-0.8640000224113464 -0.49800002574920654 2.078000068664551
-0.8640000224113464 -0.22200000286102295 2.4260001182556152
-0.8700000047683716 -0.4440000057220459 2.125999927520752
0.16200006008148193 -1.0920000076293945 3.1040000915527344
0.10199999809265137 -0.8819999694824219 2.7079999446868896
-0.22200000286102295 -0.37199997901916504 3.0799999237060547
-0.7739999890327454 -0.10800004005432129 2.930000066757202
0.17400002479553223 -1.2360000610351562 3.0799999237060547
0.03600001335144043 -0.6959999799728394 2.7799999713897705
0.029999971389770508 -0.6779999732971191 2.803999900817871
-0.8399999737739563 -0.1499999761581421 2.6059999465942383
-0.9839999675750732 -0.671999990940094 1.9520000219345093
-0.8819999694824219 -0.34800004959106445 2.2280001640319824
-0.8700000047683716 -0.24599993228912354 2.378000020980835
-0.5220000147819519 -0.21000003814697266 3.200000047683716
0.16200006008148193 -1.3259999752044678 3.140000104904175
0.1679999828338623 -1.1340000629425049 3.1040000915527344
-0.029999971389770508 -0.5699999928474426 2.870000123977661
-0.4919999837875366 -0.24599993228912354 3.2780001163482666
-0.22200000286102295 -0.3659999370574951 3.055999994277954
0.1679999828338623 -1.0920000076293945 3.074000120162964
-0.8460000157356262 -0.5999999642372131 2.0
-0.8519999980926514 -0.17400002479553223 2.5280001163482666
0.1679999828338623 -1.0920000076293945 3.0799999237060547
-0.5699999928474426 -0.17400002479553223 3.128000020980835
-0.8640000224113464 -0.5220000147819519 2.053999900817871
0.1679999828338623 -1.3140000104904175 3.121999979019165
-0.9959999918937683 -0.6779999732971191 1.9459999799728394
-1.0379999876022339 -0.671999990940094 1.9520000219345093
0.029999971389770508 -0.671999990940094 2.803999900817871
-0.04799997806549072 -0.5399999618530273 2.9000000953674316
0.17400002479553223 -1.2480000257492065 3.1040000915527344
-0.8759999871253967 -0.437999963760376 2.125999927520752
-0.4440000057220459 -0.25199997425079346 3.2300000190734863
0.1679999828338623 -1.1519999504089355 3.128000020980835
-0.5099999904632568 -0.22200000286102295 3.2360000610351562
0.17400002479553223 -1.194000005722046 3.1040000915527344
-0.5460000038146973 -0.18599998950958252 3.1519999504089355
-0.75 -0.10800004005432129 2.9539999961853027
-0.24000000953674316 -0.34800004959106445 3.055999994277954
-0.2760000228881836 -0.3240000009536743 3.0859999656677246
-0.9839999675750732 -0.6240000128746033 1.9760000705718994
-0.8819999694824219 -0.26999998092651367 2.3299999237060547
0.1679999828338623 -1.3199999332427979 3.128000020980835
-0.8759999871253967 -0.22800004482269287 2.4019999504089355
0.18000006675720215 -1.2179999351501465 3.068000078201294
-0.8819999694824219 -0.3240000009536743 2.251999855041504
-0.8519999980926514 -0.593999981880188 2.0
-0.8100000023841858 -0.10199999809265137 2.8459999561309814
-0.5220000147819519 -0.20399999618530273 3.194000005722046
-0.07799994945526123 -0.49800002574920654 2.930000066757202
-0.07799994945526123 -0.49800002574920654 2.9240000247955322
-0.828000009059906 -0.09599995613098145 2.9000000953674316
-0.8759999871253967 -0.24000000953674316 2.378000020980835
-0.006000041961669922 -0.5999999642372131 2.8459999561309814
-0.023999929428100586 -0.5699999928474426 2.875999927520752
0.18000006675720215 -1.2239999771118164 3.0799999237060547
0.1499999761581421 -1.1699999570846558 3.2300000190734863
-0.7739999890327454 -0.10199999809265137 2.9179999828338623
-1.0260000228881836 -0.6240000128746033 1.9760000705718994
-0.20399999618530273 -0.37199997901916504 3.0260000228881836
0.18000006675720215 -1.2360000610351562 3.0859999656677246
0.07200002670288086 -0.7739999890327454 2.7260000705718994
-0.3059999942779541 -0.2999999523162842 3.0920000076293945
-1.0920000076293945 -0.7199999690055847 1.9279999732971191
-0.8640000224113464 -0.5460000038146973 2.0299999713897705
-0.23399996757507324 -0.34800004959106445 3.049999952316284
-1.0859999656677246 -0.7680000066757202 1.9040000438690186
-0.8100000023841858 -0.09599995613098145 2.9000000953674316
-0.24599993228912354 -0.34200000762939453 3.0799999237060547
-0.8100000023841858 -0.10199999809265137 2.815999984741211
-0.5640000104904175 -0.1679999828338623 3.115999937057495
-0.8700000047683716 -0.4440000057220459 2.113999843597412
-0.5460000038146973 -0.1799999475479126 3.1459999084472656
-0.437999963760376 -0.24599993228912354 3.2179999351501465
-0.8759999871253967 -0.4559999704360962 2.1019999980926514
0.1679999828338623 -1.1399999856948853 3.1519999504089355
-0.4739999771118164 -0.24599993228912354 3.2780001163482666
-0.8460000157356262 -0.1499999761581421 2.5759999752044678
-0.7979999780654907 -0.09599995613098145 2.9000000953674316
-0.8159999847412109 -0.09599995613098145 2.8580000400543213
0.09000003337860107 -0.8519999980926514 2.6600000858306885
0.18000006675720215 -1.2419999837875366 3.1040000915527344
-0.054000020027160645 -0.5220000147819519 2.9060001373291016
0.024000048637390137 -0.6480000019073486 2.809999942779541
-0.8880000114440918 -0.2999999523162842 2.2760000228881836
-1.0199999809265137 -0.6779999732971191 1.940000057220459
-0.1979999542236328 -0.37800002098083496 3.068000078201294
0.011999964714050293 -0.6240000128746033 2.828000068664551
-0.8759999871253967 -0.22200000286102295 2.4019999504089355
-0.07200002670288086 -0.49800002574920654 2.930000066757202
0.07800006866455078 -0.7799999713897705 2.7260000705718994
-0.8700000047683716 -0.22200000286102295 2.4019999504089355
0.18000006675720215 -1.253999948501587 3.1100001335144043
-0.8399999737739563 -0.12000000476837158 2.677999973297119
0.17400002479553223 -1.1399999856948853 3.128000020980835
-0.8640000224113464 -0.1979999542236328 2.450000047683716
-0.4620000123977661 -0.24599993228912354 3.2660000324249268
-0.8519999980926514 -0.156000018119812 2.552000045776367
-0.8579999804496765 -0.17400002479553223 2.503999948501587
-0.5820000171661377 -0.156000018119812 3.0980000495910645
0.17400002479553223 -1.1759999990463257 3.1459999084472656
0.04799997806549072 -0.6959999799728394 2.7739999294281006
-0.828000009059906 -0.1260000467300415 2.6540000438690186
-0.8159999847412109 -0.09599995613098145 2.828000068664551
-0.5820000171661377 -0.156000018119812 3.1040000915527344
-0.22800004482269287 -0.3539999723434448 3.0980000495910645
-0.5220000147819519 -0.19200003147125244 3.1760001182556152
-0.2999999523162842 -0.2999999523162842 3.1040000915527344
0.18000006675720215 -1.1759999990463257 3.115999937057495
-0.8819999694824219 -0.24599993228912354 2.3540000915527344
-0.8159999847412109 -0.6240000128746033 1.9760000705718994
0.07800006866455078 -0.7739999890327454 2.7260000705718994
-0.9839999675750732 -0.6480000019073486 1.9520000219345093
0.09000003337860107 -0.8219999670982361 2.690000057220459
0.09000003337860107 -0.8460000157356262 2.6540000438690186
0.1679999828338623 -1.0980000495910645 3.1519999504089355
-0.7680000066757202 -0.09599995613098145 2.930000066757202
-0.1979999542236328 -0.37199997901916504 3.055999994277954
-0.8819999694824219 -0.37199997901916504 2.180000066757202
0.18000006675720215 -1.2719999551773071 3.128000020980835
0.18000006675720215 -1.187999963760376 3.128000020980835
0.1679999828338623 -1.0740000009536743 3.140000104904175
0.0 -0.593999981880188 2.8519999980926514
0.18000006675720215 -1.2960000038146973 3.121999979019165
-0.2940000295639038 -0.2999999523162842 3.0920000076293945
-0.4440000057220459 -0.24000000953674316 3.2300000190734863
-0.515999972820282 -0.1979999542236328 3.200000047683716
-0.828000009059906 -0.6179999709129333 1.9760000705718994
0.17400002479553223 -1.1100000143051147 3.134000062942505
-0.04799997806549072 -0.5220000147819519 2.9000000953674316
-0.2580000162124634 -0.3240000009536743 3.0799999237060547
-0.7260000109672546 -0.10199999809265137 2.930000066757202
-0.41999995708465576 -0.25199997425079346 3.2300000190734863
0.07200002670288086 -0.75 2.73799991607666
0.18000006675720215 -1.2960000038146973 3.128000020980835
-0.8700000047683716 -0.4739999771118164 2.078000068664551
-0.029999971389770508 -0.5460000038146973 2.881999969482422
-0.22200000286102295 -0.34800004959106445 3.049999952316284
-0.8460000157356262 -0.1499999761581421 2.558000087738037
-0.8519999980926514 -0.11399996280670166 2.677999973297119
0.18599998950958252 -1.2239999771118164 3.1040000915527344
-0.41999995708465576 -0.24599993228912354 3.2120001316070557
0.018000006675720215 -0.6240000128746033 2.822000026702881
-0.22200000286102295 -0.34800004959106445 3.055999994277954
-0.1979999542236328 -0.37199997901916504 3.0799999237060547
0.17400002479553223 -1.1579999923706055 3.1640000343322754
-0.8880000114440918 -0.34800004959106445 2.2039999961853027
0.10800004005432129 -0.8700000047683716 2.677999973297119
-0.8819999694824219 -0.41999995708465576 2.125999927520752
-0.49800002574920654 -0.20399999618530273 3.200000047683716
0.17400002479553223 -1.1759999990463257 3.1700000762939453
0.1679999828338623 -1.0740000009536743 3.1519999504089355
0.054000020027160645 -0.6959999799728394 2.7799999713897705
-0.4500000476837158 -0.25199997425079346 3.2839999198913574
-0.75 -0.09599995613098145 2.930000066757202
-0.40199995040893555 -0.25199997425079346 3.200000047683716
-0.8819999694824219 -0.3960000276565552 2.1500000953674316
0.17400002479553223 -1.0920000076293945 3.134000062942505
-1.0980000495910645 -0.75 1.9040000438690186
0.18000006675720215 -1.3199999332427979 3.128000020980835
-0.8519999980926514 -0.1499999761581421 2.552000045776367
-0.5460000038146973 -0.1679999828338623 3.128000020980835
-0.8219999670982361 -0.12000000476837158 2.6600000858306885
-0.8759999871253967 -0.4440000057220459 2.1019999980926514
0.17400002479553223 -1.1759999990463257 3.1760001182556152
-0.5759999752044678 -0.16199994087219238 3.1579999923706055
0.17400002479553223 -1.1100000143051147 3.1519999504089355
-0.828000009059906 -0.12000000476837158 2.6540000438690186
-0.8640000224113464 -0.5699999928474426 2.0
-0.25199997425079346 -0.3240000009536743 3.074000120162964
-0.48000001907348633 -0.24599993228912354 3.314000129699707
-0.8700000047683716 -0.49800002574920654 2.053999900817871
-0.8339999914169312 -0.08399999141693115 2.875999927520752
0.10199999809265137 -0.8460000157356262 2.677999973297119
-0.7379999756813049 -0.09599995613098145 2.9539999961853027
0.18000006675720215 -1.1579999923706055 3.1459999084472656
-0.22200000286102295 -0.34800004959106445 3.0799999237060547
-0.8759999871253967 -0.4679999351501465 2.078000068664551
-0.5220000147819519 -0.1799999475479126 3.1519999504089355
-0.4440000057220459 -0.25199997425079346 3.2839999198913574
-0.7739999890327454 -0.09000003337860107 2.9000000953674316
-1.0980000495910645 -0.6959999799728394 1.9279999732971191
0.09000003337860107 -0.7979999780654907 2.7019999027252197
0.17400002479553223 -1.1460000276565552 3.1760001182556152
0.18599998950958252 -1.2239999771118164 3.128000020980835
-0.3960000276565552 -0.25199997425079346 3.200000047683716
0.18599998950958252 -1.2480000257492065 3.128000020980835
-0.06599998474121094 -0.4919999837875366 2.9839999675750732
-0.8880000114440918 -0.3240000009536743 2.2280001640319824
-1.0859999656677246 -0.7799999713897705 1.8860000371932983
-0.8219999670982361 -0.08399999141693115 2.875999927520752
-0.4679999351501465 -0.22200000286102295 3.2300000190734863
0.18000006675720215 -1.1579999923706055 3.1519999504089355
-0.0419999361038208 -0.5220000147819519 2.8940000534057617
-0.8700000047683716 -0.4739999771118164 2.072000026702881
-0.8700000047683716 -0.17400002479553223 2.4800000190734863
-0.059999942779541016 -0.49800002574920654 2.9179999828338623
-1.1039999723434448 -0.7440000176429749 1.9040000438690186
-1.0260000228881836 -0.6179999709129333 1.9639999866485596
-0.41999995708465576 -0.24599993228912354 3.2300000190734863
-0.828000009059906 -0.08399999141693115 2.8519999980926514
0.06599998474121094 -0.7199999690055847 2.75
-0.5460000038146973 -0.16199994087219238 3.115999937057495
0.03600001335144043 -0.6480000019073486 2.803999900817871
0.07800006866455078 -0.7440000176429749 2.75
-0.8700000047683716 -0.1979999542236328 2.4260001182556152
-0.8519999980926514 -0.11399996280670166 2.6540000438690186
-0.8819999694824219 -0.26999998092651367 2.3000001907348633
-0.07799994945526123 -0.4739999771118164 2.930000066757202
-0.07799994945526123 -0.4739999771118164 2.9539999961853027
-0.8579999804496765 -0.10199999809265137 2.7019999027252197
-0.8759999871253967 -0.4919999837875366 2.053999900817871
-0.437999963760376 -0.24599993228912354 3.2660000324249268
-0.49800002574920654 -0.1979999542236328 3.200000047683716
0.04799997806549072 -0.671999990940094 2.7860000133514404
-0.8700000047683716 -0.5220000147819519 2.0299999713897705
-0.5699999928474426 -0.1499999761581421 3.1040000915527344
-0.8759999871253967 -0.22200000286102295 2.378000020980835
-0.527999997138977 -0.17400002479553223 3.1519999504089355
-1.0440000295639038 -0.6779999732971191 1.9279999732971191
0.09599995613098145 -0.8399999737739563 2.6480000019073486
0.18000006675720215 -1.1039999723434448 3.140000104904175
-0.24599993228912354 -0.3240000009536743 3.0799999237060547
-0.4440000057220459 -0.24599993228912354 3.2780001163482666
-0.07200002670288086 -0.48000001907348633 2.9720001220703125
-0.006000041961669922 -0.5699999928474426 2.8580000400543213
-0.5759999752044678 -0.1499999761581421 3.121999979019165
-0.8460000157356262 -0.5999999642372131 1.9760000705718994
0.011999964714050293 -0.5999999642372131 2.8340001106262207
0.18000006675720215 -1.121999979019165 3.1519999504089355
-0.8700000047683716 -0.49800002574920654 2.047999858856201
-0.828000009059906 -0.08399999141693115 2.828000068664551
0.18000006675720215 -1.187999963760376 3.1760001182556152
0.18599998950958252 -1.2239999771118164 3.1519999504089355
-0.8339999914169312 -0.12000000476837158 2.630000114440918
-0.5759999752044678 -0.1499999761581421 3.128000020980835
-1.0199999809265137 -0.671999990940094 1.9279999732971191
-0.8700000047683716 -0.1979999542236328 2.4200000762939453
-0.8880000114440918 -0.2999999523162842 2.251999855041504
-0.4140000343322754 -0.25199997425079346 3.253999948501587
-1.1039999723434448 -0.7739999890327454 1.8860000371932983
0.18000006675720215 -1.128000020980835 3.1640000343322754
-1.0980000495910645 -0.7199999690055847 1.909999966621399
-0.5220000147819519 -0.17400002479553223 3.1519999504089355
-1.0379999876022339 -0.671999990940094 1.9279999732971191
-0.8579999804496765 -0.1499999761581421 2.5280001163482666
0.17400002479553223 -1.1399999856948853 3.200000047683716
-0.8880000114440918 -0.24599993228912354 2.3299999237060547
-1.0740000009536743 -0.6779999732971191 1.9279999732971191
0.18000006675720215 -1.0980000495910645 3.1519999504089355
0.18000006675720215 -1.1460000276565552 3.1760001182556152
-0.26999998092651367 -0.3059999942779541 3.1040000915527344
-0.9959999918937683 -0.6660000085830688 1.9279999732971191
-0.018000006675720215 -0.5460000038146973 2.875999927520752
-0.07799994945526123 -0.4679999351501465 2.9240000247955322
-0.5699999928474426 -0.1499999761581421 3.128000020980835
0.12000000476837158 -0.8759999871253967 2.677999973297119
-0.9900000095367432 -0.6240000128746033 1.9520000219345093
-0.07200002670288086 -0.4739999771118164 2.930000066757202
0.09599995613098145 -0.7979999780654907 2.696000099182129
0.17400002479553223 -1.0799999237060547 3.1760001182556152
-0.4739999771118164 -0.20399999618530273 3.200000047683716
-0.5640000104904175 -0.156000018119812 3.1519999504089355
-0.41999995708465576 -0.24599993228912354 3.253999948501587
-0.023999929428100586 -0.5339999794960022 2.9000000953674316
0.17400002479553223 -1.0740000009536743 3.1760001182556152
-0.4500000476837158 -0.24599993228912354 3.302000045776367
-0.8700000047683716 -0.17400002479553223 2.4619998931884766
-0.49800002574920654 -0.18599998950958252 3.1760001182556152
-1.0859999656677246 -0.7739999890327454 1.8799999952316284
-0.5220000147819519 -0.1679999828338623 3.140000104904175
-1.0740000009536743 -0.671999990940094 1.9279999732971191
0.10199999809265137 -0.8040000200271606 2.7019999027252197
-0.3960000276565552 -0.25199997425079346 3.2360000610351562
-1.0260000228881836 -0.593999981880188 1.9700000286102295
-0.8579999804496765 -0.5879999995231628 1.9760000705718994
-0.18599998950958252 -0.36000001430511475 3.0320000648498535
-0.7979999780654907 -0.07799994945526123 2.881999969482422
0.18000006675720215 -1.1100000143051147 3.1760001182556152
-1.0799999237060547 -0.671999990940094 1.9279999732971191
-0.8460000157356262 -0.07200002670288086 2.888000011444092
0.029999971389770508 -0.6179999709129333 2.828000068664551
-0.3960000276565552 -0.24599993228912354 3.2179999351501465
-0.7199999690055847 -0.09000003337860107 2.9000000953674316
-0.8460000157356262 -0.12000000476837158 2.6059999465942383
-0.04799997806549072 -0.49800002574920654 2.930000066757202
0.18000006675720215 -1.1640000343322754 3.200000047683716
-0.49800002574920654 -0.1799999475479126 3.1579999923706055
0.10199999809265137 -0.8399999737739563 2.6419999599456787
0.18000006675720215 -1.0980000495910645 3.1760001182556152
0.19200003147125244 -1.194000005722046 3.1519999504089355
-0.4440000057220459 -0.22200000286102295 3.2300000190734863
0.10199999809265137 -0.7979999780654907 2.7019999027252197
-1.0740000009536743 -0.6779999732971191 1.9220000505447388
0.18000006675720215 -1.1460000276565552 3.200000047683716
-1.1039999723434448 -0.7199999690055847 1.9040000438690186
-0.26399993896484375 -0.2999999523162842 3.0799999237060547
0.17400002479553223 -1.0920000076293945 3.2060000896453857
-1.0740000009536743 -0.7619999647140503 1.8799999952316284
-0.7379999756813049 -0.08399999141693115 2.9000000953674316
-0.8819999694824219 -0.1979999542236328 2.4019999504089355
0.07800006866455078 -0.7199999690055847 2.75
-0.4739999771118164 -0.1979999542236328 3.200000047683716
-0.8759999871253967 -0.18599998950958252 2.4260001182556152
-0.8700000047683716 -0.5460000038146973 2.0
0.09599995613098145 -0.7739999890327454 2.7139999866485596
-0.1979999542236328 -0.34800004959106445 3.055999994277954
-0.3960000276565552 -0.24599993228912354 3.2300000190734863
0.19800007343292236 -1.3020000457763672 3.115999937057495
-0.5640000104904175 -0.1499999761581421 3.1519999504089355
-0.8219999670982361 -0.07200002670288086 2.875999927520752
-0.8880000114440918 -0.34800004959106445 2.180000066757202
-0.23399996757507324 -0.33000004291534424 3.128000020980835
-0.7739999890327454 -0.07799994945526123 2.881999969482422
-0.5460000038146973 -0.1499999761581421 3.115999937057495
-0.8519999980926514 -0.1260000467300415 2.5759999752044678
-0.8759999871253967 -0.17400002479553223 2.450000047683716
0.17400002479553223 -1.0740000009536743 3.200000047683716
-0.8339999914169312 -0.07200002670288086 2.8519999980926514
0.10800004005432129 -0.8219999670982361 2.677999973297119
-0.527999997138977 -0.1679999828338623 3.1760001182556152
-0.23399996757507324 -0.3179999589920044 3.062000036239624
0.03600001335144043 -0.6240000128746033 2.809999942779541
-0.8759999871253967 -0.5040000081062317 2.0299999713897705
0.18000006675720215 -1.0740000009536743 3.1760001182556152
-0.8819999694824219 -0.4739999771118164 2.053999900817871
0.006000041961669922 -0.5699999928474426 2.8519999980926514
-0.8880000114440918 -0.3960000276565552 2.125999927520752
0.060000061988830566 -0.671999990940094 2.7799999713897705
-0.8880000114440918 -0.41999995708465576 2.1019999980926514
0.0 -0.5579999685287476 2.875999927520752
-0.8880000114440918 -0.22200000286102295 2.3540000915527344
-0.41999995708465576 -0.24599993228912354 3.2780001163482666
-0.8640000224113464 -0.1499999761581421 2.503999948501587
0.054000020027160645 -0.6539999842643738 2.803999900817871
-0.9959999918937683 -0.5999999642372131 1.9580000638961792
0.09000003337860107 -0.75 2.7260000705718994
0.18599998950958252 -1.2000000476837158 3.200000047683716
-0.8880000114440918 -0.37199997901916504 2.1500000953674316
-0.023999929428100586 -0.5220000147819519 2.9000000953674316
0.18599998950958252 -1.0740000009536743 3.1519999504089355
-0.5220000147819519 -0.17400002479553223 3.200000047683716
-0.07200002670288086 -0.4620000123977661 2.9179999828338623
-0.9959999918937683 -0.6480000019073486 1.9279999732971191
-0.8939999938011169 -0.26999998092651367 2.2760000228881836
0.19200003147125244 -1.2000000476837158 3.1760001182556152
-0.8939999938011169 -0.3240000009536743 2.2039999961853027
-0.8819999694824219 -0.4440000057220459 2.078000068664551
-0.7979999780654907 -0.07200002670288086 2.875999927520752
0.10199999809265137 -0.7739999890327454 2.7260000705718994
-0.5339999794960022 -0.1679999828338623 3.200000047683716
0.11399996280670166 -0.8460000157356262 2.6540000438690186
-0.37199997901916504 -0.25199997425079346 3.2179999351501465
0.19200003147125244 -1.1699999570846558 3.1760001182556152
-0.38999998569488525 -0.25199997425079346 3.253999948501587
-1.0080000162124634 -0.6060000061988831 1.9520000219345093
-0.5399999618530273 -0.1499999761581421 3.128000020980835
0.07200002670288086 -0.6959999799728394 2.75600004196167
-0.1799999475479126 -0.3539999723434448 3.0199999809265137
-0.5640000104904175 -0.1499999761581421 3.1760001182556152
-0.8460000157356262 -0.12000000476837158 2.5820000171661377
-0.17400002479553223 -0.36000001430511475 3.0320000648498535
-0.8759999871253967 -0.49800002574920654 2.0299999713897705
-0.8460000157356262 -0.6119999885559082 1.9520000219345093
0.054000020027160645 -0.6480000019073486 2.803999900817871
-0.515999972820282 -0.1679999828338623 3.1760001182556152
-0.22200000286102295 -0.3240000009536743 3.0799999237060547
-0.8700000047683716 -0.5699999928474426 1.9760000705718994
0.20399999618530273 -1.2480000257492065 3.128000020980835
-0.8519999980926514 -0.12000000476837158 2.5759999752044678
0.19200003147125244 -1.0740000009536743 3.140000104904175
-0.5460000038146973 -0.1499999761581421 3.1519999504089355
0.20399999618530273 -1.2719999551773071 3.128000020980835
-0.7739999890327454 -0.07200002670288086 2.875999927520752
0.20399999618530273 -1.2239999771118164 3.134000062942505
0.10800004005432129 -0.7979999780654907 2.690000057220459
0.029999971389770508 -0.5999999642372131 2.828000068664551
-0.8939999938011169 -0.2999999523162842 2.2280001640319824
-1.0980000495910645 -0.75 1.8799999952316284
0.12000000476837158 -0.8519999980926514 2.6540000438690186
-0.03600001335144043 -0.49800002574920654 2.9060001373291016
0.20399999618530273 -1.2960000038146973 3.128000020980835
-0.7319999933242798 -0.07799994945526123 2.881999969482422
-0.8219999670982361 -0.06599998474121094 2.8519999980926514
0.18599998950958252 -1.1100000143051147 3.200000047683716
-0.8399999737739563 -0.06599998474121094 2.828000068664551
-0.8519999980926514 -0.10800004005432129 2.6059999465942383
0.0 -0.5460000038146973 2.875999927520752
0.19800007343292236 -1.0859999656677246 3.128000020980835
0.20399999618530273 -1.3199999332427979 3.128000020980835
-0.8939999938011169 -0.24599993228912354 2.3000001907348633
-0.41999995708465576 -0.22200000286102295 3.2300000190734863
-0.8700000047683716 -0.5220000147819519 2.00600004196167
-1.1039999723434448 -0.6959999799728394 1.9040000438690186
0.20399999618530273 -1.2239999771118164 3.1519999504089355
-0.1799999475479126 -0.34800004959106445 3.0320000648498535
-0.07799994945526123 -0.4440000057220459 2.936000108718872
-0.07799994945526123 -0.4440000057220459 2.9539999961853027
-0.4919999837875366 -0.1679999828338623 3.1519999504089355
0.18599998950958252 -1.1699999570846558 3.2300000190734863
-0.9959999918937683 -0.6539999842643738 1.9160000085830688
-0.8759999871253967 -0.527999997138977 2.0
0.20399999618530273 -1.194000005722046 3.1519999504089355
-0.8819999694824219 -0.17400002479553223 2.4260001182556152
-1.0019999742507935 -0.593999981880188 1.9520000219345093
-1.0740000009536743 -0.7619999647140503 1.8680000305175781
-0.8700000047683716 -0.1499999761581421 2.4800000190734863
0.18599998950958252 -1.0859999656677246 3.200000047683716
-0.75 -0.07200002670288086 2.875999927520752
-0.8880000114440918 -0.1979999542236328 2.378000020980835
-0.36000001430511475 -0.24599993228912354 3.200000047683716
-0.4739999771118164 -0.1799999475479126 3.1760001182556152
0.18000006675720215 -1.0920000076293945 3.2300000190734863
0.20399999618530273 -1.1699999570846558 3.1519999504089355
-0.7139999866485596 -0.07799994945526123 2.875999927520752
-0.8399999737739563 -0.5999999642372131 1.9520000219345093
-0.34800004959106445 -0.25199997425079346 3.200000047683716
0.18599998950958252 -1.0740000009536743 3.200000047683716
-0.054000020027160645 -0.4679999351501465 2.9539999961853027
-1.0499999523162842 -0.7260000109672546 1.8799999952316284
-0.011999964714050293 -0.5220000147819519 2.888000011444092
-0.437999963760376 -0.20399999618530273 3.2120001316070557
0.10199999809265137 -0.75 2.7260000705718994
0.07200002670288086 -0.671999990940094 2.7739999294281006
-0.8640000224113464 -0.12000000476837158 2.552000045776367
-0.8700000047683716 -0.1499999761581421 2.4739999771118164
-0.04799997806549072 -0.4739999771118164 2.930000066757202
-0.04799997806549072 -0.4739999771118164 2.9240000247955322
-0.7080000042915344 -0.07799994945526123 2.870000123977661
0.18000006675720215 -1.0740000009536743 3.2300000190734863
-0.4919999837875366 -0.16199994087219238 3.140000104904175
-0.07200002670288086 -0.4500000476837158 3.0260000228881836
-0.8339999914169312 -0.06599998474121094 2.7860000133514404
-0.8939999938011169 -0.22200000286102295 2.3299999237060547
-0.17400002479553223 -0.34800004959106445 3.0320000648498535
-0.8759999871253967 -0.5220000147819519 2.0
-0.8460000157356262 -0.09599995613098145 2.630000114440918
-0.07200002670288086 -0.4440000057220459 2.930000066757202
-1.0980000495910645 -0.7199999690055847 1.8860000371932983
-0.07200002670288086 -0.4440000057220459 2.9240000247955322
0.12000000476837158 -0.8219999670982361 2.6660001277923584
0.13199996948242188 -0.8640000224113464 2.6540000438690186
0.20399999618530273 -1.0859999656677246 3.128000020980835
0.19200003147125244 -1.0320000648498535 3.1519999504089355
0.1260000467300415 -0.8460000157356262 2.6540000438690186
-0.3659999370574951 -0.24599993228912354 3.2300000190734863
-0.9959999918937683 -0.6240000128746033 1.9279999732971191
-0.34200000762939453 -0.24599993228912354 3.1760001182556152
-1.1039999723434448 -0.7319999933242798 1.8799999952316284
0.20399999618530273 -1.1039999723434448 3.1459999084472656
0.18599998950958252 -1.0499999523162842 3.200000047683716
-0.8759999871253967 -0.5519999861717224 1.9760000705718994
-0.8759999871253967 -0.14399993419647217 2.4800000190734863
0.21000003814697266 -1.2419999837875366 3.1519999504089355
-0.8700000047683716 -0.5879999995231628 1.9520000219345093
-0.07200002670288086 -0.4440000057220459 3.002000093460083
-0.4500000476837158 -0.21000003814697266 3.2660000324249268
-0.3539999723434448 -0.25199997425079346 3.2300000190734863
0.08399999141693115 -0.6959999799728394 2.75
0.20399999618530273 -1.1100000143051147 3.1519999504089355
-0.4739999771118164 -0.1679999828338623 3.1459999084472656
-0.7199999690055847 -0.07200002670288086 2.875999927520752
-0.4739999771118164 -0.17400002479553223 3.1760001182556152
0.19200003147125244 -1.0499999523162842 3.1760001182556152
0.21599996089935303 -1.2899999618530273 3.1100001335144043
-0.8399999737739563 -0.059999942779541016 2.803999900817871
-0.7979999780654907 -0.059999942779541016 2.8519999980926514
-0.04799997806549072 -0.4679999351501465 2.9539999961853027
0.20399999618530273 -1.1519999504089355 3.1760001182556152
-0.34800004959106445 -0.24599993228912354 3.200000047683716
-0.4739999771118164 -0.1679999828338623 3.1519999504089355
0.054000020027160645 -0.6240000128746033 2.803999900817871
0.1260000467300415 -0.8219999670982361 2.677999973297119
0.07800006866455078 -0.671999990940094 2.7799999713897705
0.20399999618530273 -1.1460000276565552 3.1760001182556152
-1.0980000495910645 -0.6779999732971191 1.9040000438690186
0.04200005531311035 -0.5999999642372131 2.822000026702881
-0.3539999723434448 -0.24000000953674316 3.194000005722046
-0.4440000057220459 -0.19200003147125244 3.200000047683716
0.09599995613098145 -0.7199999690055847 2.73799991607666
-0.8999999761581421 -0.3240000009536743 2.180000066757202
-0.8939999938011169 -0.3960000276565552 2.1019999980926514
-1.0019999742507935 -0.6179999709129333 1.9279999732971191
-0.8640000224113464 -0.09000003337860107 2.630000114440918
-0.9959999918937683 -0.6480000019073486 1.909999966621399
-0.8939999938011169 -0.37199997901916504 2.125999927520752
-0.20399999618530273 -0.3179999589920044 3.049999952316284
-0.4620000123977661 -0.19200003147125244 3.2360000610351562
-0.07799994945526123 -0.4320000410079956 2.990000009536743
-1.0199999809265137 -0.6599999666213989 1.9040000438690186
-0.8880000114440918 -0.41999995708465576 2.078000068664551
-0.8759999871253967 -0.5460000038146973 1.9760000705718994
-0.20399999618530273 -0.3179999589920044 3.055999994277954
0.10800004005432129 -0.75 2.7200000286102295
-0.8700000047683716 -0.5460000038146973 1.9760000705718994
-0.8999999761581421 -0.34800004959106445 2.1500000953674316
0.20399999618530273 -1.0859999656677246 3.1579999923706055
-0.8819999694824219 -0.4739999771118164 2.0299999713897705
-0.8519999980926514 -0.09599995613098145 2.6059999465942383
-0.4440000057220459 -0.21000003814697266 3.2720000743865967
-0.7739999890327454 -0.059999942779541016 2.8519999980926514
-1.0980000495910645 -0.671999990940094 1.9040000438690186
-1.0740000009536743 -0.6660000085830688 1.9040000438690186
-0.3960000276565552 -0.22200000286102295 3.2300000190734863
-1.1039999723434448 -0.7199999690055847 1.8799999952316284
-0.8460000157356262 -0.09599995613098145 2.6059999465942383
-0.8700000047683716 -0.12000000476837158 2.5280001163482666
-0.8880000114440918 -0.4440000057220459 2.053999900817871
-0.8880000114440918 -0.17400002479553223 2.4019999504089355
-0.21000003814697266 -0.3179999589920044 3.1040000915527344
-1.0499999523162842 -0.6599999666213989 1.9040000438690186
0.029999971389770508 -0.5699999928474426 2.8519999980926514
-0.054000020027160645 -0.4559999704360962 2.996000051498413
-0.8999999761581421 -0.26399993896484375 2.251999855041504
-0.8519999980926514 -0.054000020027160645 2.803999900817871
-0.8999999761581421 -0.2999999523162842 2.2039999961853027
0.19800007343292236 -1.1759999990463257 3.2300000190734863
-0.8759999871253967 -0.08399999141693115 2.635999917984009
-0.1979999542236328 -0.3240000009536743 3.0859999656677246
0.0 -0.5220000147819519 2.9000000953674316
-0.8219999670982361 -0.054000020027160645 2.828000068664551
-0.4440000057220459 -0.21000003814697266 3.2780001163482666
-0.8819999694824219 -0.1499999761581421 2.450000047683716
-0.018000006675720215 -0.49800002574920654 2.9000000953674316
-0.34200000762939453 -0.25199997425079346 3.2300000190734863
-0.8939999938011169 -0.1979999542236328 2.3540000915527344
-0.19200003147125244 -0.3240000009536743 3.055999994277954
-0.9959999918937683 -0.5999999642372131 1.934000015258789
-0.8999999761581421 -0.24599993228912354 2.2760000228881836
0.07200002670288086 -0.6480000019073486 2.7860000133514404
0.18599998950958252 -1.0920000076293945 3.253999948501587
-0.8759999871253967 -0.07799994945526123 2.6540000438690186
0.12000000476837158 -0.7739999890327454 2.7079999446868896
0.22200000286102295 -1.2719999551773071 3.121999979019165
0.20399999618530273 -1.0499999523162842 3.1519999504089355
-0.07200002670288086 -0.4320000410079956 2.996000051498413
0.18000006675720215 -1.0920000076293945 3.2780001163482666
0.22200000286102295 -1.3140000104904175 3.1100001335144043
-0.8399999737739563 -0.6060000061988831 1.934000015258789
-1.0019999742507935 -0.6480000019073486 1.9040000438690186
0.20399999618530273 -1.0980000495910645 3.187999963760376
-0.7979999780654907 -0.054000020027160645 2.8340001106262207
-0.8700000047683716 -0.5460000038146973 1.9700000286102295
0.21599996089935303 -1.1460000276565552 3.1519999504089355
-0.4140000343322754 -0.20399999618530273 3.2179999351501465
0.1260000467300415 -0.7860000133514404 2.7019999027252197
-0.9959999918937683 -0.6240000128746033 1.9160000085830688
-0.054000020027160645 -0.4500000476837158 3.002000093460083
-0.8700000047683716 -0.5699999928474426 1.9520000219345093
-0.3240000009536743 -0.24599993228912354 3.181999921798706
-0.906000018119812 -0.2940000295639038 2.2039999961853027
-1.0920000076293945 -0.7559999823570251 1.8560000658035278
-0.4440000057220459 -0.1799999475479126 3.187999963760376
-0.3659999370574951 -0.24000000953674316 3.253999948501587
-1.1039999723434448 -0.7199999690055847 1.8739999532699585
-0.8700000047683716 -0.04799997806549072 2.803999900817871
0.21000003814697266 -1.0740000009536743 3.1519999504089355
-0.07799994945526123 -0.41999995708465576 2.941999912261963
-0.07799994945526123 -0.41999995708465576 2.9539999961853027
0.21599996089935303 -1.0799999237060547 3.121999979019165
-1.1039999723434448 -0.7319999933242798 1.8680000305175781
0.22200000286102295 -1.1640000343322754 3.134000062942505
0.22200000286102295 -1.1759999990463257 3.140000104904175
-1.0499999523162842 -0.6480000019073486 1.9040000438690186
0.21599996089935303 -1.0740000009536743 3.121999979019165
-0.8700000047683716 -0.12000000476837158 2.509999990463257
-0.7739999890327454 -0.054000020027160645 2.8399999141693115
0.054000020027160645 -0.5999999642372131 2.828000068664551
-1.0199999809265137 -0.6539999842643738 1.8980000019073486
-0.3179999589920044 -0.25199997425079346 3.200000047683716
0.21599996089935303 -1.0740000009536743 3.128000020980835
-0.8460000157356262 -0.04799997806549072 2.803999900817871
-0.054000020027160645 -0.4440000057220459 2.9539999961853027
-1.0080000162124634 -0.5999999642372131 1.9279999732971191
-0.1799999475479126 -0.3240000009536743 3.0320000648498535
0.20399999618530273 -1.0499999523162842 3.1760001182556152
-0.8460000157356262 -0.09000003337860107 2.5999999046325684
-0.8880000114440918 -0.07200002670288086 2.6540000438690186
-0.8819999694824219 -0.49800002574920654 2.0
-0.19200003147125244 -0.312000036239624 3.0139999389648438
-0.8579999804496765 -0.09599995613098145 2.5759999752044678
-0.312000036239624 -0.25199997425079346 3.187999963760376
-0.8159999847412109 -0.04799997806549072 2.828000068664551
0.22200000286102295 -1.1460000276565552 3.140000104904175
-0.8759999871253967 -0.5640000104904175 1.9520000219345093
-0.4440000057220459 -0.17400002479553223 3.1760001182556152
-0.8759999871253967 -0.12000000476837158 2.503999948501587
0.024000048637390137 -0.5460000038146973 2.864000082015991
0.10199999809265137 -0.7020000219345093 2.75
-0.8999999761581421 -0.24599993228912354 2.2639999389648438
-0.5579999685287476 -0.10199999809265137 2.9839999675750732
-0.8999999761581421 -0.22200000286102295 2.3000001907348633
0.22800004482269287 -1.2480000257492065 3.128000020980835
-0.75 -0.054000020027160645 2.8519999980926514
-0.3359999656677246 -0.24599993228912354 3.2300000190734863
-0.41999995708465576 -0.1979999542236328 3.2300000190734863
0.22800004482269287 -1.2719999551773071 3.128000020980835
0.09000003337860107 -0.671999990940094 2.76200008392334
0.21000003814697266 -1.0740000009536743 3.1760001182556152
-0.8999999761581421 -0.26999998092651367 2.2280001640319824
-0.07200002670288086 -0.41999995708465576 2.9600000381469727
-0.7979999780654907 -0.04799997806549072 2.828000068664551
-0.07799994945526123 -0.4140000343322754 2.9779999256134033
0.22800004482269287 -1.284000039100647 3.128000020980835
-0.5699999928474426 -0.09599995613098145 2.9779999256134033
-0.5879999995231628 -0.09000003337860107 2.9779999256134033
-0.75 -0.054000020027160645 2.8399999141693115
-0.07200002670288086 -0.41999995708465576 2.9779999256134033
-1.1039999723434448 -0.6959999799728394 1.8799999952316284
-0.8759999871253967 -0.10800004005432129 2.5280001163482666
-0.023999929428100586 -0.4739999771118164 2.930000066757202
-0.8460000157356262 -0.5999999642372131 1.9279999732971191
-0.8939999938011169 -0.17400002479553223 2.378000020980835
-0.8880000114440918 -0.1499999761581421 2.4260001182556152
-0.5879999995231628 -0.09000003337860107 3.002000093460083
0.10199999809265137 -0.6959999799728394 2.75
-0.7080000042915344 -0.059999942779541016 2.8519999980926514
-0.37199997901916504 -0.22200000286102295 3.2300000190734863
-0.906000018119812 -0.23399996757507324 2.2760000228881836
0.04200005531311035 -0.5699999928474426 2.8399999141693115
0.21599996089935303 -1.1100000143051147 3.1760001182556152
-0.04799997806549072 -0.4440000057220459 2.9539999961853027
-0.04799997806549072 -0.4440000057220459 2.930000066757202
-0.906000018119812 -0.33000004291534424 2.1500000953674316
-0.8819999694824219 -0.5220000147819519 1.9760000705718994
0.22800004482269287 -1.3199999332427979 3.128000020980835
0.20399999618530273 -1.0499999523162842 3.200000047683716
-0.527999997138977 -0.10800004005432129 2.947999954223633
0.07200002670288086 -0.6240000128746033 2.7980000972747803
0.22800004482269287 -1.2239999771118164 3.1519999504089355
-0.8999999761581421 -0.3240000009536743 2.1560001373291016
-0.527999997138977 -0.10800004005432129 2.9779999256134033
-1.0920000076293945 -0.75 1.850000023841858
-0.8999999761581421 -0.1979999542236328 2.3299999237060547
-0.7739999890327454 -0.04799997806549072 2.828000068664551
0.22800004482269287 -1.194000005722046 3.1519999504089355
-0.5759999752044678 -0.09000003337860107 2.9539999961853027
-0.5759999752044678 -0.09000003337860107 2.930000066757202
-0.8999999761581421 -0.26999998092651367 2.2220001220703125
-0.8519999980926514 -0.593999981880188 1.9279999732971191
-0.3240000009536743 -0.25199997425079346 3.242000102996826
0.23399996757507324 -1.3079999685287476 3.1040000915527344
0.23399996757507324 -1.2480000257492065 3.121999979019165
0.07800006866455078 -0.6299999952316284 2.803999900817871
-0.8759999871253967 -0.07200002670288086 2.630000114440918
0.20399999618530273 -1.0859999656677246 3.2300000190734863
-0.8700000047683716 -0.0419999361038208 2.7799999713897705
-0.8999999761581421 -0.37199997901916504 2.1019999980926514
-0.34800004959106445 -0.24000000953674316 3.253999948501587
0.22800004482269287 -1.1699999570846558 3.1519999504089355
0.13199996948242188 -0.7739999890327454 2.7019999027252197
-0.8700000047683716 -0.09599995613098145 2.552000045776367
-0.906000018119812 -0.26399993896484375 2.2280001640319824
-0.8939999938011169 -0.3960000276565552 2.078000068664551
-0.906000018119812 -0.24599993228912354 2.251999855041504
-0.8999999761581421 -0.34800004959106445 2.125999927520752
-0.5220000147819519 -0.10800004005432129 2.9779999256134033
-1.0019999742507935 -0.6240000128746033 1.9040000438690186
-0.5699999928474426 -0.09000003337860107 2.9539999961853027
0.0 -0.49800002574920654 2.9000000953674316
-0.906000018119812 -0.2999999523162842 2.180000066757202
-0.437999963760376 -0.17400002479553223 3.200000047683716
-0.3240000009536743 -0.24599993228912354 3.2300000190734863
-0.8939999938011169 -0.41999995708465576 2.053999900817871
-0.37800002098083496 -0.21000003814697266 3.2179999351501465
-0.8999999761581421 -0.2999999523162842 2.180000066757202
0.23399996757507324 -1.1460000276565552 3.115999937057495
0.029999971389770508 -0.5399999618530273 2.875999927520752
0.1380000114440918 -0.7979999780654907 2.677999973297119
-0.5339999794960022 -0.10199999809265137 2.9539999961853027
0.1260000467300415 -0.7440000176429749 2.7260000705718994
0.22800004482269287 -1.1399999856948853 3.1519999504089355
-0.4320000410079956 -0.1679999828338623 3.1640000343322754
0.018000006675720215 -0.5220000147819519 2.881999969482422
-0.7139999866485596 -0.054000020027160645 2.8459999561309814
-0.8399999737739563 -0.5999999642372131 1.9220000505447388
0.23399996757507324 -1.1640000343322754 3.128000020980835
-0.906000018119812 -0.3240000009536743 2.1500000953674316
-0.8819999694824219 -0.12000000476837158 2.4800000190734863
0.24000000953674316 -1.2960000038146973 3.0859999656677246
-0.3179999589920044 -0.24000000953674316 3.200000047683716
0.07800006866455078 -0.6240000128746033 2.803999900817871
-0.75 -0.04799997806549072 2.828000068664551
0.22800004482269287 -1.121999979019165 3.1519999504089355
0.23399996757507324 -1.1460000276565552 3.128000020980835
-0.8819999694824219 -0.5460000038146973 1.9520000219345093
-0.8939999938011169 -0.4440000057220459 2.0299999713897705
-1.0980000495910645 -0.6779999732971191 1.8799999952316284
-0.4259999990463257 -0.19200003147125244 3.253999948501587
-0.906000018119812 -0.19200003147125244 2.3299999237060547
-0.2999999523162842 -0.24000000953674316 3.1579999923706055
0.21599996089935303 -1.0920000076293945 3.200000047683716
-0.8999999761581421 -0.22200000286102295 2.2820000648498535
-0.40799999237060547 -0.18599998950958252 3.200000047683716
0.06599998474121094 -0.5999999642372131 2.809999942779541
0.22800004482269287 -1.0859999656677246 3.134000062942505
0.09000003337860107 -0.6480000019073486 2.7799999713897705
-1.0440000295639038 -0.6539999842643738 1.8860000371932983
0.14400005340576172 -0.8219999670982361 2.6540000438690186
-1.0379999876022339 -0.5820000171661377 1.9279999732971191
0.24000000953674316 -1.2719999551773071 3.1100001335144043
0.22800004482269287 -1.0740000009536743 3.128000020980835
-0.8999999761581421 -0.34800004959106445 2.119999885559082
-0.7260000109672546 -0.04799997806549072 2.8519999980926514
-0.8999999761581421 -0.1979999542236328 2.317999839782715
-0.5399999618530273 -0.09599995613098145 2.9539999961853027
-0.8759999871253967 -0.03600001335144043 2.7799999713897705
-0.906000018119812 -0.054000020027160645 2.671999931335449
0.22800004482269287 -1.0980000495910645 3.1519999504089355
-0.3960000276565552 -0.1979999542236328 3.2300000190734863
-0.8700000047683716 -0.09599995613098145 2.5339999198913574
-0.5220000147819519 -0.10199999809265137 2.9660000801086426
-0.8759999871253967 -0.07200002670288086 2.6059999465942383
-1.0980000495910645 -0.671999990940094 1.8799999952316284
-0.4919999837875366 -0.11399996280670166 2.9779999256134033
0.12000000476837158 -0.7199999690055847 2.7260000705718994
0.24000000953674316 -1.2239999771118164 3.128000020980835
-0.8700000047683716 -0.07200002670288086 2.6059999465942383
-0.8939999938011169 -0.1499999761581421 2.4019999504089355
-0.906000018119812 -0.22200000286102295 2.2760000228881836
0.24000000953674316 -1.1519999504089355 3.115999937057495
-0.8219999670982361 -0.03600001335144043 2.803999900817871
-0.8939999938011169 -0.4739999771118164 2.0
0.156000018119812 -0.8460000157356262 2.6540000438690186
-0.2999999523162842 -0.24000000953674316 3.1760001182556152
-0.8880000114440918 -0.029999971389770508 2.803999900817871
-0.8759999871253967 -0.09599995613098145 2.5280001163482666
-0.8999999761581421 -0.17400002479553223 2.3540000915527344
-0.07799994945526123 -0.3960000276565552 2.9779999256134033
-0.906000018119812 -0.36000001430511475 2.1019999980926514
0.24000000953674316 -1.1759999990463257 3.134000062942505
0.22800004482269287 -1.0740000009536743 3.1519999504089355
0.24600005149841309 -1.3020000457763672 3.0859999656677246
-0.4739999771118164 -0.12000000476837158 3.002000093460083
-0.34800004959106445 -0.22200000286102295 3.2300000190734863
-0.906000018119812 -0.20399999618530273 2.3000001907348633
0.11399996280670166 -0.6959999799728394 2.73799991607666
-0.906000018119812 -0.3359999656677246 2.125999927520752
-0.3960000276565552 -0.18599998950958252 3.200000047683716
-0.9120000004768372 -0.26999998092651367 2.2039999961853027
-0.7020000219345093 -0.04799997806549072 2.8519999980926514
0.09599995613098145 -0.6480000019073486 2.7739999294281006
-0.8700000047683716 -0.03600001335144043 2.75
-0.8939999938011169 -0.04799997806549072 2.677999973297119
-0.4559999704360962 -0.1260000467300415 3.002000093460083
0.24600005149841309 -1.2960000038146973 3.1040000915527344
-0.7080000042915344 -0.04799997806549072 2.828000068664551
-0.8700000047683716 -0.5699999928474426 1.9279999732971191
-0.8999999761581421 -0.17400002479553223 2.3480000495910645
-0.5759999752044678 -0.07799994945526123 2.9119999408721924
-0.7919999957084656 -0.03600001335144043 2.803999900817871
-0.006000041961669922 -0.4739999771118164 2.9119999408721924
-0.906000018119812 -0.0419999361038208 2.7019999027252197
-0.8999999761581421 -0.0419999361038208 2.7019999027252197
0.1499999761581421 -0.8339999914169312 2.630000114440918
-0.9779999852180481 -0.5820000171661377 1.9160000085830688
0.10199999809265137 -0.6539999842643738 2.7799999713897705
0.1260000467300415 -0.7199999690055847 2.7260000705718994
-1.0980000495910645 -0.7199999690055847 1.850000023841858
-0.3539999723434448 -0.21000003814697266 3.2120001316070557
-0.8880000114440918 -0.49800002574920654 1.9760000705718994
-0.48000001907348633 -0.11399996280670166 3.002000093460083
0.029999971389770508 -0.5220000147819519 2.875999927520752
0.22200000286102295 -1.0740000009536743 3.200000047683716
-1.0740000009536743 -0.6539999842643738 1.8799999952316284
0.24000000953674316 -1.121999979019165 3.134000062942505
-0.8759999871253967 -0.029999971389770508 2.7739999294281006
-0.2999999523162842 -0.24000000953674316 3.200000047683716
-0.5699999928474426 -0.07799994945526123 2.930000066757202
-0.07200002670288086 -0.3960000276565552 2.9779999256134033
-0.8999999761581421 -0.37199997901916504 2.0840001106262207
0.1499999761581421 -0.8219999670982361 2.6419999599456787
-0.38999998569488525 -0.1799999475479126 3.1760001182556152
0.060000061988830566 -0.5699999928474426 2.8340001106262207
-0.5879999995231628 -0.07200002670288086 2.9179999828338623
0.054000020027160645 -0.5579999685287476 2.8519999980926514
-1.0499999523162842 -0.6480000019073486 1.8799999952316284
-0.8460000157356262 -0.029999971389770508 2.7860000133514404
0.22800004482269287 -1.0740000009536743 3.1760001182556152
-0.3359999656677246 -0.21599996089935303 3.200000047683716
-0.04799997806549072 -0.41999995708465576 2.9539999961853027
-0.7739999890327454 -0.03600001335144043 2.803999900817871
-1.0080000162124634 -0.5999999642372131 1.9040000438690186
-0.8700000047683716 -0.07200002670288086 2.5820000171661377
-0.8759999871253967 -0.5640000104904175 1.9279999732971191
-1.0199999809265137 -0.6420000195503235 1.8799999952316284
0.25199997425079346 -1.3020000457763672 3.0799999237060547
-0.4140000343322754 -0.18599998950958252 3.253999948501587
-0.515999972820282 -0.09599995613098145 2.9779999256134033
-0.906000018119812 -0.1979999542236328 2.3000001907348633
-0.3240000009536743 -0.22200000286102295 3.200000047683716
0.09000003337860107 -0.6240000128746033 2.7920000553131104
-0.9120000004768372 -0.24599993228912354 2.2280001640319824
-0.8219999670982361 -0.029999971389770508 2.7920000553131104
0.04799997806549072 -0.5460000038146973 2.8519999980926514
0.10199999809265137 -0.6480000019073486 2.7799999713897705
-0.8819999694824219 -0.07200002670288086 2.5759999752044678
-1.0740000009536743 -0.6480000019073486 1.8799999952316284
0.156000018119812 -0.8219999670982361 2.6540000438690186
0.22800004482269287 -1.0499999523162842 3.1700000762939453
0.1499999761581421 -0.7979999780654907 2.6660001277923584
-0.33000004291534424 -0.21000003814697266 3.1700000762939453
-0.37800002098083496 -0.20399999618530273 3.253999948501587
-0.4140000343322754 -0.19200003147125244 3.2780001163482666
-1.0799999237060547 -0.6480000019073486 1.8799999952316284
-0.023999929428100586 -0.4440000057220459 2.930000066757202
-0.8819999694824219 -0.09599995613098145 2.503999948501587
-0.4620000123977661 -0.12000000476837158 3.0380001068115234
0.2580000162124634 -1.2719999551773071 3.055999994277954
-0.07799994945526123 -0.38399994373321533 2.9720001220703125
-0.3179999589920044 -0.22200000286102295 3.194000005722046
0.22800004482269287 -1.0499999523162842 3.1760001182556152
-0.4500000476837158 -0.1260000467300415 3.049999952316284
-0.906000018119812 -0.37199997901916504 2.078000068664551
0.25199997425079346 -1.2960000038146973 3.1040000915527344
-0.9120000004768372 -0.34800004959106445 2.1019999980926514
-0.8759999871253967 -0.07799994945526123 2.552000045776367
-0.8880000114440918 -0.5220000147819519 1.9520000219345093
-0.4500000476837158 -0.1260000467300415 3.055999994277954
0.25199997425079346 -1.3020000457763672 3.1040000915527344
-0.8819999694824219 -0.023999929428100586 2.7799999713897705
0.156000018119812 -0.8339999914169312 2.630000114440918
-0.3240000009536743 -0.23399996757507324 3.253999948501587
-0.8880000114440918 -0.593999981880188 1.9040000438690186
-0.75 -0.03600001335144043 2.803999900817871
-0.906000018119812 -0.3960000276565552 2.053999900817871
-0.37199997901916504 -0.1979999542236328 3.2300000190734863
-0.7979999780654907 -0.029999971389770508 2.7920000553131104
0.21599996089935303 -1.0740000009536743 3.247999906539917
-0.8999999761581421 -0.3960000276565552 2.053999900817871
-0.38399994373321533 -0.1979999542236328 3.253999948501587
-0.33000004291534424 -0.21000003814697266 3.181999921798706
-0.8999999761581421 -0.1499999761581421 2.378000020980835
-0.8700000047683716 -0.023999929428100586 2.7799999713897705
-0.0419999361038208 -0.41999995708465576 2.947999954223633
-0.34200000762939453 -0.22200000286102295 3.253999948501587
0.22800004482269287 -1.0740000009536743 3.200000047683716
-0.5699999928474426 -0.07200002670288086 2.930000066757202
0.23399996757507324 -1.0799999237060547 3.1760001182556152
-0.906000018119812 -0.16199994087219238 2.3540000915527344
-0.37199997901916504 -0.20399999618530273 3.253999948501587
0.11399996280670166 -0.671999990940094 2.75
-0.906000018119812 -0.3240000009536743 2.125999927520752
0.25199997425079346 -1.2239999771118164 3.128000020980835
0.24000000953674316 -1.1519999504089355 3.181999921798706
0.25199997425079346 -1.2480000257492065 3.128000020980835
0.25199997425079346 -1.253999948501587 3.128000020980835
0.2580000162124634 -1.2719999551773071 3.0799999237060547
0.07800006866455078 -0.5879999995231628 2.828000068664551
-0.8999999761581421 -0.41999995708465576 2.0299999713897705
-0.437999963760376 -0.13199996948242188 3.0799999237060547
-0.8939999938011169 -0.11399996280670166 2.450000047683716
-0.4500000476837158 -0.1260000467300415 3.0799999237060547
-0.906000018119812 -0.17400002479553223 2.3299999237060547
0.25199997425079346 -1.1579999923706055 3.121999979019165
0.054000020027160645 -0.5460000038146973 2.8519999980926514
-0.8460000157356262 -0.023999929428100586 2.7799999713897705
-0.34800004959106445 -0.1979999542236328 3.187999963760376
-0.7739999890327454 -0.029999971389770508 2.7980000972747803
-0.4739999771118164 -0.11399996280670166 3.074000120162964
0.1499999761581421 -0.7739999890327454 2.684000015258789
0.08399999141693115 -0.5999999642372131 2.803999900817871
0.25199997425079346 -1.1640000343322754 3.128000020980835
-0.5820000171661377 -0.06599998474121094 2.930000066757202
-0.5460000038146973 -0.07799994945526123 2.941999912261963
0.25199997425079346 -1.1460000276565552 3.121999979019165
-0.9120000004768372 -0.2999999523162842 2.1500000953674316
-0.9120000004768372 -0.22200000286102295 2.251999855041504
-0.8999999761581421 -0.1499999761581421 2.371999979019165
0.156000018119812 -0.828000009059906 2.624000072479248
0.1260000467300415 -0.6899999976158142 2.75
-0.4739999771118164 -0.11399996280670166 3.0799999237060547
0.024000048637390137 -0.49800002574920654 2.888000011444092
0.25199997425079346 -1.1460000276565552 3.128000020980835
0.22800004482269287 -1.0499999523162842 3.200000047683716
0.2580000162124634 -1.2719999551773071 3.1040000915527344
-0.8999999761581421 -0.04799997806549072 2.630000114440918
-0.8640000224113464 -0.5879999995231628 1.9040000438690186
-0.8939999938011169 -0.0419999361038208 2.6540000438690186
-0.906000018119812 -0.054000020027160645 2.6059999465942383
-0.8819999694824219 -0.07200002670288086 2.552000045776367
0.23399996757507324 -1.0859999656677246 3.200000047683716
-1.0139999389648438 -0.6240000128746033 1.8799999952316284
0.156000018119812 -0.7860000133514404 2.677999973297119
-1.0859999656677246 -0.7440000176429749 1.8259999752044678
-0.4440000057220459 -0.12000000476837158 3.0260000228881836
-0.906000018119812 -0.4140000343322754 2.0299999713897705
-0.8640000224113464 -0.029999971389770508 2.7139999866485596
-0.8880000114440918 -0.5460000038146973 1.9279999732971191
0.22800004482269287 -1.0859999656677246 3.2300000190734863
-0.8939999938011169 -0.12000000476837158 2.4260001182556152
-0.8880000114440918 -0.09599995613098145 2.4800000190734863
-0.9120000004768372 -0.26999998092651367 2.180000066757202
-1.0740000009536743 -0.5879999995231628 1.9040000438690186
-0.3539999723434448 -0.19200003147125244 3.200000047683716
0.1380000114440918 -0.7199999690055847 2.7139999866485596
0.24600005149841309 -1.1460000276565552 3.181999921798706
-0.07799994945526123 -0.37199997901916504 2.9779999256134033
0.25199997425079346 -1.0859999656677246 3.115999937057495
-1.0799999237060547 -0.5879999995231628 1.9040000438690186
-0.34200000762939453 -0.1979999542236328 3.200000047683716
-0.054000020027160645 -0.3960000276565552 2.9720001220703125
-0.7440000176429749 -0.029999971389770508 2.7920000553131104
0.1499999761581421 -0.75 2.7019999027252197
0.2640000581741333 -1.2960000038146973 3.0799999237060547
0.2580000162124634 -1.194000005722046 3.134000062942505
-0.2999999523162842 -0.22200000286102295 3.194000005722046
-0.5820000171661377 -0.059999942779541016 2.9539999961853027
-0.8999999761581421 -0.4739999771118164 1.9760000705718994
-0.8999999761581421 -0.4440000057220459 2.0
-0.7020000219345093 -0.03600001335144043 2.803999900817871
0.10199999809265137 -0.6179999709129333 2.803999900817871
-0.49800002574920654 -0.09000003337860107 2.9779999256134033
-0.8999999761581421 -0.04799997806549072 2.611999988555908
-0.4259999990463257 -0.1260000467300415 3.049999952316284
0.0 -0.4559999704360962 2.930000066757202
-1.0920000076293945 -0.6840000152587891 1.850000023841858
-0.41999995708465576 -0.13199996948242188 3.0799999237060547
-0.07200002670288086 -0.37800002098083496 3.0199999809265137
-0.8880000114440918 -0.018000006675720215 2.75
-1.0260000228881836 -0.5759999752044678 1.9040000438690186
0.26999998092651367 -1.2719999551773071 3.0439999103546143
-0.9120000004768372 -0.1979999542236328 2.2760000228881836
-0.2999999523162842 -0.22200000286102295 3.200000047683716
-0.3539999723434448 -0.18599998950958252 3.187999963760376
-0.4259999990463257 -0.1260000467300415 3.055999994277954
-0.6959999799728394 -0.03600001335144043 2.803999900817871
-0.06599998474121094 -0.38399994373321533 3.0260000228881836
0.04799997806549072 -0.5220000147819519 2.864000082015991
-0.9120000004768372 -0.029999971389770508 2.677999973297119
-0.9120000004768372 -0.04799997806549072 2.6059999465942383
0.2640000581741333 -1.2480000257492065 3.1100001335144043
0.26999998092651367 -1.277999997138977 3.049999952316284
-0.8219999670982361 -0.018000006675720215 2.7799999713897705
-0.906000018119812 -0.1380000114440918 2.378000020980835
0.25199997425079346 -1.1100000143051147 3.1519999504089355
0.07800006866455078 -0.5699999928474426 2.828000068664551
0.2640000581741333 -1.2239999771118164 3.115999937057495
-0.5220000147819519 -0.07799994945526123 2.9539999961853027
-0.9179999828338623 -0.24599993228912354 2.2039999961853027
0.156000018119812 -0.7559999823570251 2.7019999027252197
-0.906000018119812 -0.1499999761581421 2.3540000915527344
0.1260000467300415 -0.671999990940094 2.75
-0.26999998092651367 -0.23399996757507324 3.1760001182556152
0.029999971389770508 -0.4919999837875366 2.9000000953674316
-0.6959999799728394 -0.03600001335144043 2.7920000553131104
0.26999998092651367 -1.2899999618530273 3.055999994277954
-0.07799994945526123 -0.3659999370574951 2.9720001220703125
-0.07200002670288086 -0.37199997901916504 2.9779999256134033
0.2580000162124634 -1.0679999589920044 3.0859999656677246
0.25199997425079346 -1.0980000495910645 3.1519999504089355
-0.8880000114440918 -0.07200002670288086 2.5280001163482666
0.018000006675720215 -0.4739999771118164 2.9060001373291016
-1.0260000228881836 -0.5699999928474426 1.9040000438690186
0.06599998474121094 -0.5460000038146973 2.8399999141693115
-0.9120000004768372 -0.054000020027160645 2.5759999752044678
0.1679999828338623 -0.8219999670982361 2.635999917984009
-0.8939999938011169 -0.49800002574920654 1.9520000219345093
-0.7979999780654907 -0.018000006675720215 2.7799999713897705
-0.8880000114440918 -0.018000006675720215 2.7260000705718994
-0.4739999771118164 -0.09599995613098145 3.002000093460083
0.156000018119812 -0.75 2.7019999027252197
-0.07200002670288086 -0.37199997901916504 3.0199999809265137
0.2580000162124634 -1.0980000495910645 3.128000020980835
-0.8640000224113464 -0.5699999928474426 1.9040000438690186
-0.023999929428100586 -0.41999995708465576 2.9539999961853027
0.10800004005432129 -0.6240000128746033 2.7799999713897705
-0.5460000038146973 -0.06599998474121094 2.930000066757202
-0.3960000276565552 -0.1380000114440918 3.0799999237060547
0.25199997425079346 -1.0740000009536743 3.1519999504089355
-0.7080000042915344 -0.029999971389770508 2.7920000553131104
0.16200006008148193 -0.7739999890327454 2.677999973297119
-0.40199995040893555 -0.13199996948242188 3.055999994277954
-0.4440000057220459 -0.10800004005432129 3.008000135421753
0.2760000228881836 -1.2719999551773071 3.0380001068115234
-0.8999999761581421 -0.41999995708465576 2.01200008392334
-1.0920000076293945 -0.7199999690055847 1.8259999752044678
0.12000000476837158 -0.6480000019073486 2.76200008392334
0.1679999828338623 -0.7979999780654907 2.6600000858306885
-0.8880000114440918 -0.5640000104904175 1.9040000438690186
-0.906000018119812 -0.12000000476837158 2.4019999504089355
-0.9120000004768372 -0.34800004959106445 2.078000068664551
-0.906000018119812 -0.023999929428100586 2.677999973297119
-0.906000018119812 -0.4320000410079956 2.0
-0.9120000004768372 -0.37199997901916504 2.053999900817871
-0.8999999761581421 -0.12000000476837158 2.4019999504089355
0.25199997425079346 -1.0980000495910645 3.1760001182556152
-0.4259999990463257 -0.12000000476837158 3.068000078201294
-0.8999999761581421 -0.023999929428100586 2.677999973297119
-0.9179999828338623 -0.22200000286102295 2.2280001640319824
0.2760000228881836 -1.2660000324249268 3.055999994277954
-0.06599998474121094 -0.37800002098083496 3.055999994277954
-0.8700000047683716 -0.011999964714050293 2.75
-0.7739999890327454 -0.018000006675720215 2.7799999713897705
-0.5220000147819519 -0.07200002670288086 2.9539999961853027
-0.9179999828338623 -0.3240000009536743 2.1019999980926514
-0.04799997806549072 -0.38999998569488525 2.9779999256134033
0.0 -0.4440000057220459 2.930000066757202
-0.40799999237060547 -0.1260000467300415 3.049999952316284
-0.9120000004768372 -0.17400002479553223 2.3000001907348633
-1.0199999809265137 -0.5999999642372131 1.8799999952316284
-0.906000018119812 -0.3960000276565552 2.0299999713897705
-0.3960000276565552 -0.13199996948242188 3.055999994277954
-0.41999995708465576 -0.12000000476837158 3.055999994277954
-0.8999999761581421 -0.09599995613098145 2.450000047683716
0.10199999809265137 -0.5999999642372131 2.803999900817871
-0.38999998569488525 -0.1499999761581421 3.1579999923706055
-0.06599998474121094 -0.37199997901916504 3.0260000228881836
-0.9179999828338623 -0.2999999523162842 2.125999927520752
-0.018000006675720215 -0.41999995708465576 2.936000108718872
-0.9120000004768372 -0.04799997806549072 2.5759999752044678
-0.8939999938011169 -0.5220000147819519 1.9279999732971191
0.2640000581741333 -1.1039999723434448 3.128000020980835
-1.0859999656677246 -0.6959999799728394 1.8320000171661377
-1.0859999656677246 -0.6599999666213989 1.850000023841858
0.24000000953674316 -1.0679999589920044 3.2300000190734863
-0.37800002098083496 -0.1499999761581421 3.134000062942505
-0.49800002574920654 -0.07799994945526123 2.9660000801086426
-0.5640000104904175 -0.054000020027160645 2.9119999408721924
0.2580000162124634 -1.1159999370574951 3.1760001182556152
-0.75 -0.018000006675720215 2.7799999713897705
-0.8880000114440918 -0.07200002670288086 2.503999948501587
-0.906000018119812 -0.054000020027160645 2.552000045776367
0.14400005340576172 -0.6959999799728394 2.7260000705718994
-0.37800002098083496 -0.14399993419647217 3.1040000915527344
0.060000061988830566 -0.5220000147819519 2.8519999980926514
-0.41999995708465576 -0.11399996280670166 3.0260000228881836
-0.06599998474121094 -0.37199997901916504 3.055999994277954
-0.7139999866485596 -0.023999929428100586 2.7799999713897705
0.054000020027160645 -0.5099999904632568 2.875999927520752
0.2760000228881836 -1.2480000257492065 3.1040000915527344
-0.906000018119812 -0.023999929428100586 2.6540000438690186
-1.0260000228881836 -0.5820000171661377 1.8860000371932983
-0.8999999761581421 -0.023999929428100586 2.6540000438690186
0.2760000228881836 -1.2719999551773071 3.1040000915527344
-0.36000001430511475 -0.156000018119812 3.128000020980835
0.2760000228881836 -1.2239999771118164 3.1100001335144043
0.029999971389770508 -0.4739999771118164 2.9000000953674316
0.25199997425079346 -1.0499999523162842 3.1760001182556152
-0.37199997901916504 -0.1499999761581421 3.134000062942505
-0.9179999828338623 -0.1979999542236328 2.251999855041504
-0.9120000004768372 -0.1499999761581421 2.3299999237060547
-0.6899999976158142 -0.023999929428100586 2.803999900817871
-1.0199999809265137 -0.6299999952316284 1.8560000658035278
-0.906000018119812 -0.4500000476837158 1.9760000705718994
0.04799997806549072 -0.49800002574920654 2.875999927520752
-0.37199997901916504 -0.14399993419647217 3.1040000915527344
-0.9120000004768372 -0.41999995708465576 2.0
0.25199997425079346 -1.0740000009536743 3.200000047683716
-0.8880000114440918 -0.011999964714050293 2.7019999027252197
-0.07799994945526123 -0.34800004959106445 2.9720001220703125
-0.8819999694824219 0.0 2.7739999294281006
-0.07799994945526123 -0.34800004959106445 2.9779999256134033
-0.8460000157356262 -0.006000041961669922 2.75
-0.8700000047683716 -0.006000041961669922 2.73799991607666
-1.0799999237060547 -0.6480000019073486 1.850000023841858
0.2760000228881836 -1.2239999771118164 3.128000020980835
0.2760000228881836 -1.2419999837875366 3.128000020980835
0.2580000162124634 -1.0740000009536743 3.1760001182556152
0.2820000648498535 -1.2719999551773071 3.0799999237060547
-0.38999998569488525 -0.1260000467300415 3.049999952316284
0.2760000228881836 -1.194000005722046 3.128000020980835
0.12000000476837158 -0.6240000128746033 2.7739999294281006
-0.5640000104904175 -0.04799997806549072 2.9539999961853027
-0.029999971389770508 -0.3960000276565552 2.9539999961853027
-0.8880000114440918 -0.5460000038146973 1.9040000438690186
-0.4440000057220459 -0.09599995613098145 3.002000093460083
-0.9240000247955322 -0.26999998092651367 2.1500000953674316
-0.9240000247955322 -0.24599993228912354 2.180000066757202
-1.0799999237060547 -0.7319999933242798 1.8079999685287476
-0.37199997901916504 -0.1380000114440918 3.0799999237060547
-0.5460000038146973 -0.054000020027160645 2.9119999408721924
-0.515999972820282 -0.06599998474121094 3.002000093460083
-1.055999994277954 -0.5879999995231628 1.8799999952316284
0.06599998474121094 -0.5220000147819519 2.8459999561309814
-0.9120000004768372 -0.04799997806549072 2.552000045776367
0.2760000228881836 -1.1699999570846558 3.128000020980835
0.26999998092651367 -1.1340000629425049 3.1519999504089355
-0.906000018119812 -0.054000020027160645 2.5339999198913574
-0.9120000004768372 -0.12000000476837158 2.378000020980835
0.21000003814697266 -0.8640000224113464 2.690000057220459
-0.8219999670982361 -0.006000041961669922 2.75
-1.0740000009536743 -0.6420000195503235 1.850000023841858
0.1260000467300415 -0.6299999952316284 2.7799999713897705
0.1679999828338623 -0.75 2.690000057220459
-0.906000018119812 -0.4440000057220459 1.9760000705718994
0.25199997425079346 -1.0499999523162842 3.200000047683716
-0.8999999761581421 -0.4440000057220459 1.9760000705718994
0.09599995613098145 -0.5699999928474426 2.815999984741211
-0.5579999685287476 -0.04799997806549072 2.930000066757202
-1.0499999523162842 -0.6359999775886536 1.850000023841858
-0.8999999761581421 -0.4739999771118164 1.9520000219345093
-0.8999999761581421 -0.023999929428100586 2.630000114440918
-0.5399999618530273 -0.054000020027160645 2.9660000801086426
-0.8999999761581421 -0.09599995613098145 2.4260001182556152
-0.5220000147819519 -0.059999942779541016 2.930000066757202
-0.5399999618530273 -0.054000020027160645 2.9839999675750732
0.054000020027160645 -0.49800002574920654 2.875999927520752
0.2580000162124634 -1.0859999656677246 3.200000047683716
-0.3960000276565552 -0.12000000476837158 3.055999994277954
0.17400002479553223 -0.7739999890327454 2.6660001277923584
0.2760000228881836 -1.1460000276565552 3.134000062942505
0.156000018119812 -0.7020000219345093 2.7260000705718994
-0.07200002670288086 -0.34800004959106445 2.9839999675750732
-0.8939999938011169 -0.07200002670288086 2.4800000190734863
-0.04799997806549072 -0.37199997901916504 2.9779999256134033
0.14400005340576172 -0.671999990940094 2.73799991607666
-0.4739999771118164 -0.07799994945526123 2.9779999256134033
0.26999998092651367 -1.0679999589920044 3.128000020980835
-0.5519999861717224 -0.04799997806549072 2.9179999828338623
-0.7979999780654907 -0.006000041961669922 2.75
-0.9240000247955322 -0.17400002479553223 2.2760000228881836
0.1260000467300415 -0.6240000128746033 2.7799999713897705
-0.023999929428100586 -0.3960000276565552 2.9539999961853027
-0.4859999418258667 -0.07200002670288086 2.9779999256134033
-0.8999999761581421 -0.09599995613098145 2.4200000762939453
-0.9240000247955322 -0.22200000286102295 2.2039999961853027
-0.8999999761581421 -0.023999929428100586 2.618000030517578
-0.8700000047683716 -0.5759999752044678 1.8799999952316284
0.19200003147125244 -0.8219999670982361 2.6540000438690186
-0.41999995708465576 -0.10199999809265137 3.0139999389648438
-0.07200002670288086 -0.34800004959106445 3.0260000228881836
-0.49800002574920654 -0.06599998474121094 2.9539999961853027
-0.906000018119812 -0.4679999351501465 1.9520000219345093
0.018000006675720215 -0.4440000057220459 2.9119999408721924
-0.5460000038146973 -0.04799997806549072 2.930000066757202
-0.8880000114440918 0.0 2.7260000705718994
0.156000018119812 -0.6959999799728394 2.7260000705718994
-1.0199999809265137 -0.6240000128746033 1.850000023841858
-0.8339999914169312 0.0 2.75
-1.0260000228881836 -0.6240000128746033 1.850000023841858
0.2879999876022339 -1.2480000257492065 3.0920000076293945
0.07800006866455078 -0.527999997138977 2.8519999980926514
-0.8700000047683716 0.0 2.7260000705718994
-0.8999999761581421 -0.49800002574920654 1.9279999732971191
0.25199997425079346 -1.0799999237060547 3.242000102996826
-0.8219999670982361 0.0 2.75
0.2760000228881836 -1.128000020980835 3.1519999504089355
-0.7739999890327454 -0.006000041961669922 2.75
0.2760000228881836 -1.0740000009536743 3.115999937057495
-0.9179999828338623 -0.34800004959106445 2.053999900817871
-1.0199999809265137 -0.5699999928474426 1.8799999952316284
0.2940000295639038 -1.277999997138977 3.0320000648498535
-0.6840000152587891 -0.018000006675720215 2.7799999713897705
-0.34800004959106445 -0.1499999761581421 3.128000020980835
0.2760000228881836 -1.0859999656677246 3.128000020980835
0.18599998950958252 -0.8159999847412109 2.630000114440918
-0.906000018119812 -0.018000006675720215 2.630000114440918
-0.9179999828338623 -0.3240000009536743 2.078000068664551
-1.0260000228881836 -0.5699999928474426 1.8799999952316284
0.18000006675720215 -0.7680000066757202 2.677999973297119
-0.9120000004768372 -0.023999929428100586 2.6059999465942383
0.18599998950958252 -0.7979999780654907 2.6540000438690186
-0.9120000004768372 -0.37199997901916504 2.0299999713897705
-0.06599998474121094 -0.34800004959106445 3.002000093460083
0.18000006675720215 -0.7739999890327454 2.6660001277923584
-0.8700000047683716 -0.5699999928474426 1.8799999952316284
-0.37199997901916504 -0.1260000467300415 3.055999994277954
-0.906000018119812 -0.04799997806549072 2.5280001163482666
-0.9240000247955322 -0.2999999523162842 2.1019999980926514
0.2760000228881836 -1.0740000009536743 3.128000020980835
-0.34200000762939453 -0.156000018119812 3.1519999504089355
-0.3359999656677246 -0.156000018119812 3.134000062942505
0.19200003147125244 -0.828000009059906 2.630000114440918
-0.4739999771118164 -0.07200002670288086 2.9779999256134033
0.12000000476837158 -0.5999999642372131 2.7920000553131104
-0.8999999761581421 0.0 2.7019999027252197
0.2879999876022339 -1.194000005722046 3.115999937057495
-0.75 -0.006000041961669922 2.75600004196167
0.07800006866455078 -0.5220000147819519 2.8519999980926514
-1.0499999523162842 -0.6299999952316284 1.843999981880188
-0.906000018119812 -0.4919999837875366 1.9279999732971191
-0.9240000247955322 -0.1979999542236328 2.2280001640319824
-1.0859999656677246 -0.7080000042915344 1.8079999685287476
0.19200003147125244 -0.828000009059906 2.624000072479248
0.2820000648498535 -1.121999979019165 3.134000062942505
-0.49800002574920654 -0.059999942779541016 2.947999954223633
-0.5339999794960022 -0.04799997806549072 3.002000093460083
0.21000003814697266 -0.8519999980926514 2.6600000858306885
-0.8759999871253967 -0.5640000104904175 1.8799999952316284
-0.8999999761581421 -0.4739999771118164 1.940000057220459
0.04799997806549072 -0.4739999771118164 2.888000011444092
-0.5460000038146973 -0.0419999361038208 2.9119999408721924
-0.527999997138977 -0.04799997806549072 2.9600000381469727
-0.9179999828338623 -0.12000000476837158 2.3540000915527344
-0.9120000004768372 -0.09599995613098145 2.4019999504089355
0.10199999809265137 -0.5579999685287476 2.828000068664551
-0.9179999828338623 -0.1499999761581421 2.3000001907348633
-0.07799994945526123 -0.33000004291534424 3.002000093460083
0.14400005340576172 -0.6480000019073486 2.75
0.30000007152557373 -1.2719999551773071 3.0260000228881836
-0.8999999761581421 -0.5220000147819519 1.9040000438690186
-0.906000018119812 -0.08399999141693115 2.4260001182556152
-0.8999999761581421 0.0 2.684000015258789
-0.5099999904632568 -0.054000020027160645 2.990000009536743
0.2820000648498535 -1.0799999237060547 3.121999979019165
0.30000007152557373 -1.277999997138977 3.0320000648498535
0.09599995613098145 -0.5460000038146973 2.828000068664551
-0.9240000247955322 0.0 2.677999973297119
-0.4440000057220459 -0.08399999141693115 3.0439999103546143
-0.37199997901916504 -0.12000000476837158 3.055999994277954
-0.5220000147819519 -0.04799997806549072 2.930000066757202
-0.9179999828338623 -0.3960000276565552 2.0
-0.7680000066757202 0.0 2.75
-1.0199999809265137 -0.6179999709129333 1.843999981880188
-0.4140000343322754 -0.09599995613098145 3.0260000228881836
-1.062000036239624 -0.5820000171661377 1.8680000305175781
-0.5220000147819519 -0.04799997806549072 2.9779999256134033
-0.906000018119812 -0.07200002670288086 2.450000047683716
-0.9300000071525574 -0.21000003814697266 2.2039999961853027
0.18000006675720215 -0.7379999756813049 2.7019999027252197
-0.8999999761581421 -0.07200002670288086 2.450000047683716
-0.34800004959106445 -0.1380000114440918 3.1040000915527344
-0.8460000157356262 0.006000041961669922 2.7260000705718994
-0.9240000247955322 -0.24599993228912354 2.1560001373291016
0.156000018119812 -0.6660000085830688 2.75
0.2820000648498535 -1.1159999370574951 3.1579999923706055
-0.312000036239624 -0.16199994087219238 3.128000020980835
-0.7199999690055847 -0.006000041961669922 2.75600004196167
-0.906000018119812 0.006000041961669922 2.7019999027252197
-0.4500000476837158 -0.07799994945526123 3.0260000228881836
-0.9240000247955322 -0.26999998092651367 2.125999927520752
-0.9240000247955322 -0.22200000286102295 2.185999870300293
-0.4440000057220459 -0.07799994945526123 2.9839999675750732
-0.5339999794960022 -0.0419999361038208 2.9779999256134033
0.08399999141693115 -0.5220000147819519 2.8399999141693115
-0.515999972820282 -0.04799997806549072 2.9539999961853027
-0.9240000247955322 -0.023999929428100586 2.5759999752044678
0.011999964714050293 -0.41999995708465576 2.930000066757202
0.17400002479553223 -0.7199999690055847 2.7019999027252197
-0.9179999828338623 0.011999964714050293 2.7260000705718994
-0.029999971389770508 -0.37199997901916504 2.9660000801086426
-0.9120000004768372 -0.41999995708465576 1.9760000705718994
-0.906000018119812 -0.04799997806549072 2.503999948501587
-0.75 0.0 2.75
-0.8999999761581421 -0.49800002574920654 1.9160000085830688
0.22800004482269287 -0.8640000224113464 2.696000099182129
-0.07799994945526123 -0.3240000009536743 3.002000093460083
-0.3960000276565552 -0.10199999809265137 3.0320000648498535
-0.8999999761581421 0.0 2.6660001277923584
-0.9240000247955322 -0.17400002479553223 2.251999855041504
0.30000007152557373 -1.2599999904632568 3.0799999237060547
0.30000007152557373 -1.284000039100647 3.074000120162964
-0.3059999942779541 -0.16199994087219238 3.121999979019165
-0.9240000247955322 -0.1979999542236328 2.2160000801086426
-1.0799999237060547 -0.6539999842643738 1.8259999752044678
-1.0199999809265137 -0.5699999928474426 1.8680000305175781
-0.9300000071525574 -0.2879999876022339 2.1019999980926514
-1.0199999809265137 -0.5999999642372131 1.850000023841858
-0.006000041961669922 -0.3960000276565552 2.947999954223633
-1.0260000228881836 -0.5999999642372131 1.850000023841858
0.07200002670288086 -0.49800002574920654 2.864000082015991
0.11399996280670166 -0.5699999928474426 2.803999900817871
0.20399999618530273 -0.8159999847412109 2.6540000438690186
0.3059999942779541 -1.277999997138977 3.0199999809265137
0.10199999809265137 -0.5460000038146973 2.828000068664551
0.1679999828338623 -0.6959999799728394 2.7139999866485596
-0.9300000071525574 -0.24599993228912354 2.1500000953674316
0.20399999618530273 -0.828000009059906 2.635999917984009
-0.9240000247955322 0.0 2.6540000438690186
-0.9300000071525574 -0.22200000286102295 2.180000066757202
-0.906000018119812 -0.5099999904632568 1.9040000438690186
0.054000020027160645 -0.4679999351501465 2.9000000953674316
0.30000007152557373 -1.2239999771118164 3.1040000915527344
0.30000007152557373 -1.2480000257492065 3.1040000915527344
-0.8939999938011169 -0.5460000038146973 1.8799999952316284
-0.9120000004768372 -0.4440000057220459 1.9520000219345093
-0.04799997806549072 -0.3539999723434448 3.049999952316284
0.26999998092651367 -1.0199999809265137 3.181999921798706
-1.0799999237060547 -0.6480000019073486 1.8259999752044678
0.2760000228881836 -1.0499999523162842 3.1760001182556152
0.19800007343292236 -0.7979999780654907 2.6480000019073486
-0.9300000071525574 -0.18599998950958252 2.2280001640319824
0.30000007152557373 -1.2719999551773071 3.1040000915527344
-0.7919999957084656 0.006000041961669922 2.7260000705718994
-0.6959999799728394 -0.006000041961669922 2.75
0.3059999942779541 -1.2660000324249268 3.055999994277954
-0.906000018119812 -0.4739999771118164 1.9279999732971191
-0.41999995708465576 -0.08399999141693115 3.002000093460083
-0.3179999589920044 -0.156000018119812 3.1519999504089355
-0.07200002670288086 -0.3240000009536743 3.002000093460083
-0.2999999523162842 -0.16199994087219238 3.128000020980835
0.2760000228881836 -1.0859999656677246 3.2060000896453857
-0.9359999895095825 -0.006000041961669922 2.618000030517578
0.18000006675720215 -0.7199999690055847 2.7019999027252197
-0.36000001430511475 -0.12000000476837158 3.0799999237060547
-0.3960000276565552 -0.09599995613098145 3.0260000228881836
-0.7199999690055847 0.0 2.75
-0.49800002574920654 -0.04799997806549072 2.9539999961853027
0.14400005340576172 -0.6240000128746033 2.76200008392334
0.1260000467300415 -0.5820000171661377 2.803999900817871
-0.9179999828338623 -0.09599995613098145 2.378000020980835
-0.4500000476837158 -0.07200002670288086 3.0439999103546143
0.19800007343292236 -0.8219999670982361 2.6059999465942383
-0.8219999670982361 0.011999964714050293 2.7260000705718994
-0.7739999890327454 0.006000041961669922 2.7260000705718994
-0.34800004959106445 -0.1260000467300415 3.0859999656677246
-0.9300000071525574 -0.029999971389770508 2.5339999198913574
-1.0799999237060547 -0.6899999976158142 1.8020000457763672
-0.9300000071525574 -0.023999929428100586 2.552000045776367
0.2879999876022339 -1.0859999656677246 3.1519999504089355
-0.9240000247955322 -0.12000000476837158 2.3299999237060547
0.156000018119812 -0.6480000019073486 2.75
0.30000007152557373 -1.2000000476837158 3.128000020980835
-0.9240000247955322 -0.26999998092651367 2.113999843597412
0.30000007152557373 -1.194000005722046 3.128000020980835
-0.906000018119812 -0.07200002670288086 2.4260001182556152
0.312000036239624 -1.2719999551773071 3.0139999389648438
-0.9300000071525574 -0.3240000009536743 2.053999900817871
-0.9300000071525574 -0.1979999542236328 2.2039999961853027
-0.9240000247955322 -0.3240000009536743 2.053999900817871
-0.4440000057220459 -0.07200002670288086 3.0380001068115234
-0.04799997806549072 -0.34800004959106445 3.049999952316284
-0.9300000071525574 -0.1499999761581421 2.2760000228881836
0.20399999618530273 -0.7979999780654907 2.6540000438690186
-0.9240000247955322 -0.34800004959106445 2.0299999713897705
-0.9359999895095825 0.0 2.630000114440918
0.30000007152557373 -1.1699999570846558 3.128000020980835
-0.9240000247955322 -0.1499999761581421 2.2760000228881836
0.04200005531311035 -0.4440000057220459 2.9060001373291016
-0.9240000247955322 0.0 2.630000114440918
-0.9300000071525574 -0.2580000162124634 2.125999927520752
0.2760000228881836 -1.0499999523162842 3.200000047683716
-0.9240000247955322 -0.2999999523162842 2.078000068664551
-1.0740000009536743 -0.6359999775886536 1.8259999752044678
-0.906000018119812 -0.04799997806549072 2.4800000190734863
0.024000048637390137 -0.41999995708465576 2.9240000247955322
0.22200000286102295 -0.8460000157356262 2.6540000438690186
0.19200003147125244 -0.75 2.677999973297119
-0.08399999141693115 -0.3059999942779541 2.996000051498413
-0.2999999523162842 -0.156000018119812 3.121999979019165
0.07800006866455078 -0.4919999837875366 2.875999927520752
0.30000007152557373 -1.1460000276565552 3.128000020980835
0.26999998092651367 -1.055999994277954 3.2360000610351562
-0.8640000224113464 -0.5759999752044678 1.8560000658035278
-0.906000018119812 -0.49800002574920654 1.9040000438690186
0.1380000114440918 -0.5999999642372131 2.7799999713897705
-0.3240000009536743 -0.1380000114440918 3.1040000915527344
0.0 -0.38999998569488525 2.9539999961853027
0.06599998474121094 -0.4739999771118164 2.875999927520752
-1.062000036239624 -0.5579999685287476 1.8680000305175781
0.1679999828338623 -0.671999990940094 2.7260000705718994
-0.4320000410079956 -0.07200002670288086 3.002000093460083
-0.9240000247955322 -0.018000006675720215 2.558000087738037
-0.9240000247955322 -0.17400002479553223 2.2339999675750732
-0.9300000071525574 -0.16199994087219238 2.251999855041504
0.2760000228881836 -1.0799999237060547 3.2300000190734863
-0.34800004959106445 -0.12000000476837158 3.0799999237060547
0.2820000648498535 -1.0740000009536743 3.200000047683716
0.21000003814697266 -0.8219999670982361 2.630000114440918
-0.9240000247955322 0.0 2.618000030517578
-0.8999999761581421 -0.5220000147819519 1.8860000371932983
0.2760000228881836 -1.0740000009536743 3.2300000190734863
-0.2940000295639038 -0.16199994087219238 3.1519999504089355
-0.9300000071525574 -0.11399996280670166 2.3299999237060547
-0.3059999942779541 -0.1499999761581421 3.128000020980835
-0.9240000247955322 -0.3240000009536743 2.047999858856201
0.1260000467300415 -0.5699999928474426 2.803999900817871
0.30000007152557373 -1.121999979019165 3.134000062942505
-0.37199997901916504 -0.10199999809265137 3.0439999103546143
-0.4140000343322754 -0.07799994945526123 2.996000051498413
-0.03600001335144043 -0.34800004959106445 2.9779999256134033
-0.48000001907348633 -0.04799997806549072 2.930000066757202
0.312000036239624 -1.2480000257492065 3.0799999237060547
-0.8700000047683716 0.018000006675720215 2.7019999027252197
-0.9240000247955322 -0.12000000476837158 2.317999839782715
-0.6840000152587891 0.0 2.75
-0.906000018119812 -0.527999997138977 1.8799999952316284
-0.48000001907348633 -0.04799997806549072 2.9779999256134033
-0.023999929428100586 -0.36000001430511475 2.9779999256134033
-0.9300000071525574 -0.2940000295639038 2.078000068664551
-0.054000020027160645 -0.3359999656677246 3.062000036239624
-0.011999964714050293 -0.37199997901916504 2.9539999961853027
0.26999998092651367 -1.062000036239624 3.253999948501587
0.18000006675720215 -0.6899999976158142 2.7260000705718994
-0.9240000247955322 -0.37199997901916504 2.0
-0.4620000123977661 -0.054000020027160645 2.9539999961853027
-0.9300000071525574 -0.17400002479553223 2.2280001640319824
-1.1579999923706055 -0.6480000019073486 1.8259999752044678
0.2940000295639038 -1.0740000009536743 3.1519999504089355
-0.9359999895095825 -0.023999929428100586 2.5280001163482666
-0.2879999876022339 -0.1679999828338623 3.1760001182556152
-1.0799999237060547 -0.671999990940094 1.8020000457763672
-1.0740000009536743 -0.6240000128746033 1.8259999752044678
-0.9300000071525574 -0.26999998092651367 2.1019999980926514
-0.4739999771118164 -0.04799997806549072 2.9600000381469727
-0.07799994945526123 -0.3059999942779541 3.0260000228881836
-0.33000004291534424 -0.1380000114440918 3.1579999923706055
-0.4620000123977661 -0.054000020027160645 3.002000093460083
-0.2999999523162842 -0.1499999761581421 3.128000020980835
0.30000007152557373 -1.0980000495910645 3.140000104904175
-1.0499999523162842 -0.6179999709129333 1.8259999752044678
-0.9240000247955322 -0.3960000276565552 1.9760000705718994
-0.41999995708465576 -0.07200002670288086 3.002000093460083
-0.4440000057220459 -0.059999942779541016 2.9720001220703125
0.20399999618530273 -0.8100000023841858 2.6059999465942383
0.312000036239624 -1.194000005722046 3.1040000915527344
-0.4440000057220459 -0.059999942779541016 2.9779999256134033
0.19800007343292236 -0.75 2.671999931335449
-0.3059999942779541 -0.1499999761581421 3.1519999504089355
0.14400005340576172 -0.5999999642372131 2.7739999294281006
-0.75 0.011999964714050293 2.7260000705718994
0.30000007152557373 -1.1100000143051147 3.1519999504089355
-0.906000018119812 -0.5220000147819519 1.8799999952316284
-0.9300000071525574 -0.1260000467300415 2.3000001907348633
-0.9240000247955322 -0.09599995613098145 2.3540000915527344
-0.9240000247955322 -0.2999999523162842 2.065999984741211
-0.9179999828338623 -0.07200002670288086 2.4019999504089355
0.30000007152557373 -1.0980000495910645 3.1519999504089355
0.029999971389770508 -0.4140000343322754 2.930000066757202
-0.04799997806549072 -0.33000004291534424 3.002000093460083
-0.9300000071525574 -0.24599993228912354 2.125999927520752
0.21000003814697266 -0.7979999780654907 2.635999917984009
-1.0799999237060547 -0.7020000219345093 1.784000039100647
0.30000007152557373 -1.0740000009536743 3.140000104904175
-1.0440000295639038 -0.5699999928474426 1.850000023841858
0.2760000228881836 -1.0679999589920044 3.253999948501587
0.2940000295639038 -1.0499999523162842 3.1579999923706055
0.2940000295639038 -1.0740000009536743 3.1760001182556152
0.19200003147125244 -0.7199999690055847 2.690000057220459
-0.9300000071525574 0.006000041961669922 2.611999988555908
0.12000000476837158 -0.5460000038146973 2.815999984741211
-0.9179999828338623 -0.41999995708465576 1.9520000219345093
0.2940000295639038 -1.0799999237060547 3.181999921798706
-0.37199997901916504 -0.09599995613098145 3.055999994277954
-0.2999999523162842 -0.1499999761581421 3.1519999504089355
0.2879999876022339 -1.0139999389648438 3.1640000343322754
0.3179999589920044 -1.2239999771118164 3.0859999656677246
0.1679999828338623 -0.6480000019073486 2.73799991607666
-0.07799994945526123 -0.2999999523162842 3.0260000228881836
-0.3240000009536743 -0.1260000467300415 3.0980000495910645
-1.0679999589920044 -0.7080000042915344 1.777999997138977
0.07800006866455078 -0.4739999771118164 2.875999927520752
-0.9120000004768372 -0.04799997806549072 2.450000047683716
0.20399999618530273 -0.75 2.677999973297119
0.2879999876022339 -1.0199999809265137 3.1760001182556152
0.10199999809265137 -0.5099999904632568 2.8519999980926514
0.07800006866455078 -0.4739999771118164 2.870000123977661
-0.8460000157356262 0.024000048637390137 2.7019999027252197
-0.41999995708465576 -0.06599998474121094 2.9839999675750732
-0.9300000071525574 -0.33000004291534424 2.0299999713897705
-0.9359999895095825 0.024000048637390137 2.677999973297119
-0.3960000276565552 -0.07799994945526123 3.008000135421753
-0.9300000071525574 -0.1499999761581421 2.251999855041504
-0.9359999895095825 -0.22200000286102295 2.1500000953674316
-0.9240000247955322 -0.34800004959106445 2.01200008392334
-0.7199999690055847 0.011999964714050293 2.7260000705718994
0.18000006675720215 -0.671999990940094 2.7260000705718994
-0.023999929428100586 -0.34800004959106445 2.9779999256134033
-0.8460000157356262 0.024000048637390137 2.696000099182129
-0.9300000071525574 -0.12000000476837158 2.3000001907348633
-0.9300000071525574 -0.36000001430511475 2.0
-0.054000020027160645 -0.3240000009536743 3.062000036239624
-0.8579999804496765 0.024000048637390137 2.690000057220459
-0.04799997806549072 -0.3240000009536743 3.002000093460083
-0.9359999895095825 -0.1979999542236328 2.180000066757202
0.09599995613098145 -0.49800002574920654 2.8519999980926514
0.0 -0.37199997901916504 2.9539999961853027
-0.9179999828338623 -0.4440000057220459 1.9279999732971191
0.20399999618530273 -0.75 2.6660001277923584
-0.8219999670982361 0.024000048637390137 2.7019999027252197
-0.9240000247955322 0.0 2.5759999752044678
0.3240000009536743 -1.2480000257492065 3.062000036239624
-1.0320000648498535 -0.5999999642372131 1.8259999752044678
-0.054000020027160645 -0.3179999589920044 3.0260000228881836
0.04200005531311035 -0.41999995708465576 2.9119999408721924
0.30000007152557373 -1.0499999523162842 3.1519999504089355
0.30000007152557373 -1.0799999237060547 3.1760001182556152
-0.07200002670288086 -0.2999999523162842 3.0260000228881836
-0.8759999871253967 -0.5579999685287476 1.850000023841858
-0.8219999670982361 0.024000048637390137 2.696000099182129
-0.26999998092651367 -0.1679999828338623 3.1760001182556152
-0.9120000004768372 -0.4739999771118164 1.9040000438690186
-0.8700000047683716 -0.5579999685287476 1.850000023841858
0.30000007152557373 -1.0740000009536743 3.1760001182556152
0.024000048637390137 -0.3960000276565552 2.930000066757202
-0.9300000071525574 0.024000048637390137 2.6600000858306885
-0.9300000071525574 -0.3240000009536743 2.0299999713897705
0.11399996280670166 -0.5220000147819519 2.8340001106262207
-0.9359999895095825 -0.2999999523162842 2.053999900817871
-0.34800004959106445 -0.10199999809265137 3.062000036239624
-0.9240000247955322 -0.09599995613098145 2.3359999656677246
-1.0799999237060547 -0.6480000019073486 1.8020000457763672
-1.0679999589920044 -0.7080000042915344 1.7719999551773071
-0.7979999780654907 0.024000048637390137 2.7019999027252197
-0.3240000009536743 -0.12000000476837158 3.1040000915527344
0.156000018119812 -0.5999999642372131 2.7799999713897705
0.1260000467300415 -0.5399999618530273 2.828000068664551
0.33000004291534424 -1.2719999551773071 3.0139999389648438
-0.6959999799728394 0.011999964714050293 2.7260000705718994
0.3059999942779541 -1.0740000009536743 3.1519999504089355
0.19200003147125244 -0.6959999799728394 2.7019999027252197
0.33000004291534424 -1.277999997138977 3.0199999809265137
-0.2760000228881836 -0.1679999828338623 3.2060000896453857
-0.6660000085830688 0.006000041961669922 2.7260000705718994
-0.9419999718666077 0.029999971389770508 2.677999973297119
-0.9240000247955322 0.029999971389770508 2.677999973297119
0.3240000009536743 -1.194000005722046 3.0980000495910645
0.10199999809265137 -0.49800002574920654 2.8519999980926514
0.30000007152557373 -1.0859999656677246 3.200000047683716
-0.9240000247955322 -0.07200002670288086 2.378000020980835
0.06599998474121094 -0.4440000057220459 2.9000000953674316
-0.9359999895095825 -0.17400002479553223 2.2039999961853027
-0.8999999761581421 0.029999971389770508 2.677999973297119
-0.9300000071525574 -0.09599995613098145 2.3299999237060547
-0.9359999895095825 -0.018000006675720215 2.503999948501587
0.33000004291534424 -1.2480000257492065 3.055999994277954
0.33000004291534424 -1.253999948501587 3.055999994277954
-1.0799999237060547 -0.6899999976158142 1.777999997138977
0.2879999876022339 -1.0799999237060547 3.253999948501587
-0.7739999890327454 0.024000048637390137 2.7019999027252197
0.1679999828338623 -0.6240000128746033 2.75
0.30000007152557373 -1.0080000162124634 3.1459999084472656
0.029999971389770508 -0.3960000276565552 2.930000066757202
-1.1519999504089355 -0.6359999775886536 1.8140000104904175
-0.9179999828338623 -0.04799997806549072 2.4260001182556152
-0.9359999895095825 0.0 2.552000045776367
-0.9120000004768372 -0.49800002574920654 1.8799999952316284
-0.26999998092651367 -0.156000018119812 3.1519999504089355
-0.8819999694824219 -0.5460000038146973 1.850000023841858
0.14400005340576172 -0.5699999928474426 2.7860000133514404
-0.9300000071525574 -0.34800004959106445 2.0
-0.03600001335144043 -0.3240000009536743 2.990000009536743
-0.9240000247955322 0.0 2.552000045776367
-0.34800004959106445 -0.09599995613098145 3.055999994277954
0.30000007152557373 -1.0740000009536743 3.2060000896453857
0.3240000009536743 -1.1699999570846558 3.115999937057495
-0.8040000200271606 0.029999971389770508 2.7019999027252197
0.33000004291534424 -1.2239999771118164 3.0799999237060547
0.33000004291534424 -1.2419999837875366 3.0799999237060547
-0.9359999895095825 -0.26999998092651367 2.078000068664551
-0.9300000071525574 -0.023999929428100586 2.4800000190734863
-0.38399994373321533 -0.07200002670288086 3.002000093460083
-1.0499999523162842 -0.5460000038146973 1.850000023841858
-0.7979999780654907 0.029999971389770508 2.7019999027252197
-0.07799994945526123 -0.28199994564056396 3.002000093460083
-0.9300000071525574 -0.37199997901916504 1.9760000705718994
-0.9240000247955322 -0.37199997901916504 1.9760000705718994
-1.055999994277954 -0.5460000038146973 1.850000023841858
-0.9359999895095825 0.029999971389770508 2.6540000438690186
-0.75 0.024000048637390137 2.7019999027252197
-0.9179999828338623 0.029999971389770508 2.6540000438690186
-0.34800004959106445 -0.09599995613098145 3.0799999237060547
-0.2999999523162842 -0.1260000467300415 3.1040000915527344
0.2940000295639038 -1.0499999523162842 3.2300000190734863
-0.37199997901916504 -0.07799994945526123 3.0260000228881836
-0.34200000762939453 -0.10199999809265137 3.1040000915527344
0.30000007152557373 -1.0440000295639038 3.200000047683716
0.22200000286102295 -0.7739999890327454 2.6540000438690186
-0.9419999718666077 -0.24599993228912354 2.1019999980926514
0.30000007152557373 -1.0199999809265137 3.181999921798706
-0.38999998569488525 -0.06599998474121094 2.9839999675750732
0.33000004291534424 -1.2300000190734863 3.1040000915527344
0.33000004291534424 -1.2239999771118164 3.1040000915527344
0.24600005149841309 -0.8399999737739563 2.6540000438690186
0.24000000953674316 -0.8399999737739563 2.630000114440918
0.23399996757507324 -0.8219999670982361 2.630000114440918
0.18000006675720215 -0.6359999775886536 2.75
-0.9359999895095825 -0.12000000476837158 2.2760000228881836
0.03600001335144043 -0.3960000276565552 2.9240000247955322
0.33000004291534424 -1.194000005722046 3.1040000915527344
-0.9419999718666077 -0.1499999761581421 2.2280001640319824
-0.9240000247955322 -0.3960000276565552 1.9520000219345093
0.19200003147125244 -0.671999990940094 2.7139999866485596
0.312000036239624 -1.0499999523162842 3.1459999084472656
-0.26399993896484375 -0.1499999761581421 3.128000020980835
-0.006000041961669922 -0.34800004959106445 2.9660000801086426
0.22800004482269287 -0.7860000133514404 2.6540000438690186
0.20399999618530273 -0.7020000219345093 2.7019999027252197
-0.7739999890327454 0.029999971389770508 2.7019999027252197
-0.34800004959106445 -0.09599995613098145 3.1040000915527344
-0.8700000047683716 0.03600001335144043 2.677999973297119
-1.0799999237060547 -0.5339999794960022 1.8560000658035278
-0.07799994945526123 -0.2760000228881836 2.990000009536743
0.30000007152557373 -1.0740000009536743 3.2300000190734863
-0.07200002670288086 -0.28199994564056396 3.002000093460083
0.1260000467300415 -0.5220000147819519 2.828000068664551
0.018000006675720215 -0.37199997901916504 2.941999912261963
0.22800004482269287 -0.7979999780654907 2.630000114440918
-0.9240000247955322 -0.37199997901916504 1.9700000286102295
-0.7199999690055847 0.024000048637390137 2.7079999446868896
-0.9359999895095825 -0.22200000286102295 2.125999927520752
0.3059999942779541 -1.0139999389648438 3.1640000343322754
0.20399999618530273 -0.6959999799728394 2.7019999027252197
-0.8460000157356262 0.03600001335144043 2.677999973297119
-1.0859999656677246 -0.6240000128746033 1.8020000457763672
-0.9480000138282776 0.0 2.5280001163482666
0.07800006866455078 -0.4440000057220459 2.9000000953674316
0.25199997425079346 -0.8460000157356262 2.6540000438690186
-0.9240000247955322 -0.41999995708465576 1.9279999732971191
-1.0920000076293945 -0.671999990940094 1.777999997138977
-0.25199997425079346 -0.156000018119812 3.140000104904175
0.34200000762939453 -1.2480000257492065 3.0199999809265137
-0.2999999523162842 -0.12000000476837158 3.1040000915527344
-0.9300000071525574 -0.38999998569488525 1.9520000219345093
-0.75 0.029999971389770508 2.7019999027252197
0.33000004291534424 -1.1699999570846558 3.128000020980835
0.34200000762939453 -1.2480000257492065 3.0260000228881836
-0.9300000071525574 -0.07200002670288086 2.3540000915527344
-0.906000018119812 -0.527999997138977 1.850000023841858
-0.9240000247955322 -0.07200002670288086 2.3540000915527344
0.3240000009536743 -1.128000020980835 3.1519999504089355
0.30000007152557373 -1.0499999523162842 3.2300000190734863
0.22800004482269287 -0.7739999890327454 2.6540000438690186
-1.0379999876022339 -0.5699999928474426 1.8259999752044678
0.1679999828338623 -0.5999999642372131 2.76200008392334
-0.3240000009536743 -0.10199999809265137 3.0799999237060547
-0.059999942779541016 -0.2940000295639038 3.055999994277954
-0.9240000247955322 -0.04799997806549072 2.4019999504089355
-0.8219999670982361 0.03600001335144043 2.677999973297119
0.18000006675720215 -0.6240000128746033 2.75
-0.37199997901916504 -0.07200002670288086 3.0439999103546143
-0.3659999370574951 -0.07200002670288086 3.002000093460083
0.33000004291534424 -1.1460000276565552 3.128000020980835
-0.07799994945526123 -0.26999998092651367 2.996000051498413
0.18000006675720215 -0.6240000128746033 2.74399995803833
-0.9419999718666077 -0.1979999542236328 2.1500000953674316
-0.07799994945526123 -0.26999998092651367 3.002000093460083
-0.04799997806549072 -0.2999999523162842 3.0260000228881836
0.24600005149841309 -0.8399999737739563 2.624000072479248
0.156000018119812 -0.5699999928474426 2.7799999713897705
-0.3179999589920044 -0.10199999809265137 3.074000120162964
-0.37199997901916504 -0.06599998474121094 2.9720001220703125
-0.2580000162124634 -0.1499999761581421 3.1519999504089355
-0.06599998474121094 -0.2879999876022339 3.0799999237060547
-0.8759999871253967 -0.5640000104904175 1.8259999752044678
-0.9120000004768372 -0.5220000147819519 1.850000023841858
-1.0740000009536743 -0.6119999885559082 1.8020000457763672
-0.9419999718666077 -0.17400002479553223 2.180000066757202
-0.9240000247955322 -0.4440000057220459 1.9040000438690186
-0.24599993228912354 -0.156000018119812 3.1459999084472656
-0.9359999895095825 -0.2999999523162842 2.0299999713897705
-0.34200000762939453 -0.08399999141693115 3.0380001068115234
0.33000004291534424 -1.121999979019165 3.134000062942505
-1.0499999523162842 -0.6060000061988831 1.8020000457763672
-0.9359999895095825 -0.09599995613098145 2.3000001907348633
0.21599996089935303 -0.7199999690055847 2.677999973297119
0.19200003147125244 -0.6480000019073486 2.7260000705718994
0.12000000476837158 -0.49800002574920654 2.8399999141693115
-0.7199999690055847 0.029999971389770508 2.7019999027252197
-0.9359999895095825 0.03600001335144043 2.630000114440918
-0.9179999828338623 -0.4739999771118164 1.8799999952316284
-0.906000018119812 -0.527999997138977 1.843999981880188
-0.3659999370574951 -0.07200002670288086 3.062000036239624
-0.3539999723434448 -0.07200002670288086 2.9779999256134033
-0.07200002670288086 -0.26999998092651367 2.996000051498413
0.156000018119812 -0.5579999685287476 2.803999900817871
-0.6840000152587891 0.024000048637390137 2.7019999027252197
-0.07200002670288086 -0.26999998092651367 3.002000093460083
-0.8999999761581421 0.04200005531311035 2.6540000438690186
0.34800004959106445 -1.2719999551773071 3.0260000228881836
-0.671999990940094 0.024000048637390137 2.7139999866485596
-0.24000000953674316 -0.1499999761581421 3.1100001335144043
-0.9300000071525574 -0.40799999237060547 1.9279999732971191
-0.9480000138282776 0.0 2.503999948501587
0.3179999589920044 -1.0499999523162842 3.1760001182556152
-1.0499999523162842 -0.5999999642372131 1.8020000457763672
0.23399996757507324 -0.7739999890327454 2.6480000019073486
0.1499999761581421 -0.5460000038146973 2.803999900817871
-0.9300000071525574 0.024000048637390137 2.5759999752044678
0.33000004291534424 -1.0740000009536743 3.128000020980835
-0.8700000047683716 0.04200005531311035 2.6540000438690186
-0.9419999718666077 -0.12000000476837158 2.251999855041504
-0.9359999895095825 -0.3240000009536743 2.0
0.25199997425079346 -0.8339999914169312 2.630000114440918
0.10199999809265137 -0.4620000123977661 2.875999927520752
-0.9240000247955322 -0.04799997806549072 2.384000062942505
-1.0799999237060547 -0.6480000019073486 1.777999997138977
-0.3179999589920044 -0.09599995613098145 3.0799999237060547
-0.9240000247955322 -0.41999995708465576 1.9160000085830688
0.33000004291534424 -1.0980000495910645 3.1519999504089355
-0.9419999718666077 -0.26999998092651367 2.053999900817871
0.07200002670288086 -0.41999995708465576 2.9000000953674316
0.0 -0.3359999656677246 2.9779999256134033
-0.9480000138282776 -0.1499999761581421 2.2039999961853027
0.34800004959106445 -1.2239999771118164 3.068000078201294
-0.03600001335144043 -0.2999999523162842 3.002000093460083
-0.9359999895095825 -0.34800004959106445 1.9760000705718994
-0.018000006675720215 -0.3179999589920044 3.002000093460083
-0.9300000071525574 -0.018000006675720215 2.450000047683716
-0.6959999799728394 0.029999971389770508 2.7019999027252197
-0.33000004291534424 -0.09599995613098145 3.134000062942505
0.25199997425079346 -0.8339999914169312 2.624000072479248
0.20399999618530273 -0.6599999666213989 2.7260000705718994
-0.8460000157356262 0.04200005531311035 2.6540000438690186
-0.26999998092651367 -0.1260000467300415 3.1040000915527344
-0.7919999957084656 0.04200005531311035 2.677999973297119
-0.3359999656677246 -0.09599995613098145 3.1579999923706055
0.22800004482269287 -0.7319999933242798 2.677999973297119
-0.9419999718666077 -0.24599993228912354 2.078000068664551
-0.9300000071525574 -0.04799997806549072 2.378000020980835
-0.9359999895095825 -0.07200002670288086 2.3299999237060547
-1.0679999589920044 -0.6899999976158142 1.7540000677108765
-0.9359999895095825 0.03600001335144043 2.6059999465942383
0.03600001335144043 -0.37199997901916504 2.936000108718872
-0.3179999589920044 -0.09599995613098145 3.1040000915527344
-0.9300000071525574 -0.37199997901916504 1.9520000219345093
-0.3179999589920044 -0.09000003337860107 3.055999994277954
0.34800004959106445 -1.194000005722046 3.0859999656677246
-1.128000020980835 -0.6299999952316284 1.7899999618530273
-1.0799999237060547 -0.6779999732971191 1.7599999904632568
-0.9300000071525574 -0.03600001335144043 2.4019999504089355
-0.07200002670288086 -0.26399993896484375 3.0260000228881836
0.3539999723434448 -1.2480000257492065 3.0260000228881836
0.25199997425079346 -0.8219999670982361 2.630000114440918
-0.8819999694824219 -0.5460000038146973 1.8259999752044678
0.156000018119812 -0.5460000038146973 2.803999900817871
0.34200000762939453 -1.1460000276565552 3.121999979019165
-0.2999999523162842 -0.10199999809265137 3.0799999237060547
0.3539999723434448 -1.277999997138977 3.0199999809265137
-0.23399996757507324 -0.1499999761581421 3.128000020980835
-0.9539999961853027 0.006000041961669922 2.503999948501587
0.3539999723434448 -1.2719999551773071 3.0260000228881836
0.312000036239624 -1.0199999809265137 3.2120001316070557
0.3359999656677246 -1.121999979019165 3.1519999504089355
-0.7739999890327454 0.04200005531311035 2.677999973297119
0.33000004291534424 -1.0499999523162842 3.140000104904175
-0.006000041961669922 -0.3240000009536743 2.9779999256134033
-0.9120000004768372 0.018000006675720215 2.5399999618530273
-1.0440000295639038 -0.5460000038146973 1.8259999752044678
-0.9240000247955322 -0.023999929428100586 2.4260001182556152
-0.9480000138282776 0.054000020027160645 2.671999931335449
-0.9480000138282776 -0.22200000286102295 2.1019999980926514
0.054000020027160645 -0.38999998569488525 2.930000066757202
-0.9359999895095825 0.029999971389770508 2.5759999752044678
0.1679999828338623 -0.5699999928474426 2.7739999294281006
0.018000006675720215 -0.34800004959106445 2.9539999961853027
0.07800006866455078 -0.41999995708465576 2.9000000953674316
0.34800004959106445 -1.1699999570846558 3.0980000495910645
0.21000003814697266 -0.671999990940094 2.7019999027252197
0.09599995613098145 -0.4440000057220459 2.881999969482422
0.3539999723434448 -1.2419999837875366 3.055999994277954
-1.0799999237060547 -0.5399999618530273 1.8320000171661377
-0.9300000071525574 -0.3960000276565552 1.9279999732971191
-0.9300000071525574 -0.4259999990463257 1.9040000438690186
0.060000061988830566 -0.3960000276565552 2.9119999408721924
-0.671999990940094 0.029999971389770508 2.7019999027252197
0.34800004959106445 -1.1699999570846558 3.1040000915527344
0.24000000953674316 -0.7979999780654907 2.6059999465942383
0.33000004291534424 -1.0499999523162842 3.1519999504089355
0.3539999723434448 -1.2239999771118164 3.062000036239624
-0.8999999761581421 0.04799997806549072 2.6419999599456787
-0.26999998092651367 -0.12000000476837158 3.1040000915527344
0.20399999618530273 -0.6480000019073486 2.7260000705718994
-0.9480000138282776 0.0 2.4800000190734863
-0.9240000247955322 0.029999971389770508 2.569999933242798
0.22800004482269287 -0.7199999690055847 2.677999973297119
-0.9240000247955322 -0.023999929428100586 2.4200000762939453
0.1260000467300415 -0.4859999418258667 2.8519999980926514
-0.9240000247955322 -0.49800002574920654 1.850000023841858
-0.06599998474121094 -0.26999998092651367 3.0799999237060547
0.24000000953674316 -0.7979999780654907 2.5999999046325684
-0.75 0.04200005531311035 2.677999973297119
0.24600005149841309 -0.8100000023841858 2.6059999465942383
-0.3179999589920044 -0.08399999141693115 3.049999952316284
-0.9419999718666077 -0.09599995613098145 2.2760000228881836
0.3539999723434448 -1.2239999771118164 3.0799999237060547
-0.8700000047683716 0.04799997806549072 2.6419999599456787
-1.0740000009536743 -0.6060000061988831 1.7899999618530273
-0.9480000138282776 -0.1979999542236328 2.125999927520752
0.3359999656677246 -1.0440000295639038 3.121999979019165
0.3539999723434448 -1.194000005722046 3.0799999237060547
-0.8460000157356262 0.04799997806549072 2.6480000019073486
-0.9240000247955322 0.04799997806549072 2.630000114440918
-1.055999994277954 -0.5399999618530273 1.8259999752044678
0.0 -0.3240000009536743 2.9779999256134033
0.3359999656677246 -1.0740000009536743 3.1519999504089355
-0.2999999523162842 -0.09599995613098145 3.0799999237060547
-0.312000036239624 -0.09599995613098145 3.128000020980835
0.12000000476837158 -0.4739999771118164 2.8519999980926514
0.24600005149841309 -0.8100000023841858 2.5999999046325684
-0.023999929428100586 -0.2999999523162842 3.002000093460083
-0.8219999670982361 0.04799997806549072 2.6540000438690186
-0.059999942779541016 -0.26999998092651367 3.055999994277954
-0.9300000071525574 -0.41999995708465576 1.9040000438690186
0.22200000286102295 -0.6959999799728394 2.684000015258789
0.029999971389770508 -0.3539999723434448 2.9539999961853027
-0.9300000071525574 -0.018000006675720215 2.4260001182556152
-1.0799999237060547 -0.5220000147819519 1.8380000591278076
0.1499999761581421 -0.5220000147819519 2.815999984741211
-0.26399993896484375 -0.13199996948242188 3.1760001182556152
-0.9300000071525574 -0.4500000476837158 1.8799999952316284
0.10199999809265137 -0.4440000057220459 2.875999927520752
-1.0799999237060547 -0.671999990940094 1.7540000677108765
-0.8159999847412109 0.04799997806549072 2.6480000019073486
0.3539999723434448 -1.1820000410079956 3.1040000915527344
-1.0859999656677246 -0.6240000128746033 1.777999997138977
-0.9480000138282776 0.029999971389770508 2.552000045776367
-0.2999999523162842 -0.09000003337860107 3.055999994277954
-0.7979999780654907 0.04799997806549072 2.6540000438690186
0.3539999723434448 -1.1699999570846558 3.1040000915527344
-0.9539999961853027 0.006000041961669922 2.4800000190734863
-0.9480000138282776 -0.12000000476837158 2.2280001640319824
-0.9480000138282776 -0.17400002479553223 2.1500000953674316
-0.7199999690055847 0.04200005531311035 2.677999973297119
-0.9359999895095825 -0.04799997806549072 2.3540000915527344
0.25199997425079346 -0.7919999957084656 2.630000114440918
0.25199997425079346 -0.8100000023841858 2.6059999465942383
-1.0499999523162842 -0.5699999928474426 1.8020000457763672
-0.7739999890327454 0.04799997806549072 2.6600000858306885
0.21000003814697266 -0.6480000019073486 2.7139999866485596
-0.9539999961853027 -0.21000003814697266 2.1019999980926514
-0.9539999961853027 0.054000020027160645 2.630000114440918
0.1260000467300415 -0.4739999771118164 2.8519999980926514
-0.9300000071525574 -0.4440000057220459 1.8799999952316284
0.029999971389770508 -0.34800004959106445 2.9539999961853027
-0.9240000247955322 -0.4440000057220459 1.8799999952316284
-0.9300000071525574 -0.4859999418258667 1.850000023841858
-0.9300000071525574 0.054000020027160645 2.630000114440918
-0.9300000071525574 -0.023999929428100586 2.4019999504089355
-0.9240000247955322 0.054000020027160645 2.630000114440918
-0.9480000138282776 -0.1499999761581421 2.180000066757202
0.33000004291534424 -1.0199999809265137 3.1760001182556152
0.23399996757507324 -0.7199999690055847 2.6660001277923584
0.18000006675720215 -0.5699999928474426 2.7799999713897705
0.09000003337860107 -0.41999995708465576 2.8940000534057617
-0.8999999761581421 -0.5519999861717224 1.8079999685287476
-0.906000018119812 -0.5220000147819519 1.8259999752044678
0.36600005626678467 -1.2719999551773071 3.0139999389648438
0.34800004959106445 -1.0980000495910645 3.134000062942505
-0.22200000286102295 -0.14399993419647217 3.128000020980835
-0.2999999523162842 -0.08399999141693115 3.0380001068115234
-1.121999979019165 -0.6240000128746033 1.777999997138977
-0.8880000114440918 0.054000020027160645 2.630000114440918
-0.9480000138282776 -0.1979999542236328 2.113999843597412
0.25199997425079346 -0.7680000066757202 2.6540000438690186
-1.0740000009536743 -0.671999990940094 1.7480000257492065
0.3539999723434448 -1.1519999504089355 3.128000020980835
-0.9539999961853027 0.04200005531311035 2.5759999752044678
-0.9480000138282776 -0.17400002479553223 2.1440000534057617
0.20399999618530273 -0.6179999709129333 2.75
0.054000020027160645 -0.37199997901916504 2.930000066757202
-0.9419999718666077 -0.2999999523162842 2.0
0.3539999723434448 -1.1460000276565552 3.128000020980835
-0.9419999718666077 -0.07200002670288086 2.3000001907348633
0.24600005149841309 -0.75 2.6540000438690186
-0.9480000138282776 -0.26999998092651367 2.0299999713897705
0.25199997425079346 -0.7979999780654907 2.6059999465942383
-0.9419999718666077 -0.3240000009536743 1.9760000705718994
-0.6959999799728394 0.04200005531311035 2.677999973297119
-0.75 0.04799997806549072 2.6600000858306885
0.011999964714050293 -0.3240000009536743 2.9660000801086426
0.22200000286102295 -0.671999990940094 2.696000099182129
-0.9480000138282776 0.0 2.450000047683716
-0.9539999961853027 -0.1679999828338623 2.1500000953674316
0.3359999656677246 -1.0379999876022339 3.1760001182556152
-0.9539999961853027 -0.18599998950958252 2.125999927520752
-0.9480000138282776 -0.1499999761581421 2.1740000247955322
-0.9480000138282776 -0.24599993228912354 2.053999900817871
0.33000004291534424 -1.0260000228881836 3.200000047683716
0.3539999723434448 -1.121999979019165 3.128000020980835
-0.7919999957084656 0.054000020027160645 2.6540000438690186
0.03600001335144043 -0.34800004959106445 2.941999912261963
-0.9419999718666077 -0.34800004959106445 1.9520000219345093
-0.28199994564056396 -0.10199999809265137 3.128000020980835
-0.9539999961853027 0.029999971389770508 2.5280001163482666
-0.9480000138282776 0.029999971389770508 2.5280001163482666
-0.26999998092651367 -0.10199999809265137 3.0799999237060547
0.22800004482269287 -0.6779999732971191 2.7019999027252197
-0.24599993228912354 -0.12000000476837158 3.1040000915527344
-0.0419999361038208 -0.26999998092651367 3.0260000228881836
0.19800007343292236 -0.5999999642372131 2.75
-1.0740000009536743 -0.5220000147819519 1.8259999752044678
0.36600005626678467 -1.2300000190734863 3.0799999237060547
-0.9419999718666077 0.054000020027160645 2.6059999465942383
-0.9480000138282776 -0.09599995613098145 2.251999855041504
-0.9480000138282776 -0.22200000286102295 2.078000068664551
0.17400002479553223 -0.5460000038146973 2.7920000553131104
0.2820000648498535 -0.8399999737739563 2.6540000438690186
0.156000018119812 -0.5099999904632568 2.828000068664551
0.37199997901916504 -1.2480000257492065 3.0139999389648438
-0.7739999890327454 0.054000020027160645 2.6540000438690186
-0.9480000138282776 0.029999971389770508 2.5220000743865967
-0.7199999690055847 0.04799997806549072 2.6660001277923584
-0.9300000071525574 -0.4739999771118164 1.850000023841858
-0.9359999895095825 -0.37199997901916504 1.9279999732971191
-0.9240000247955322 -0.4739999771118164 1.850000023841858
-0.006000041961669922 -0.2999999523162842 2.990000009536743
0.22800004482269287 -0.671999990940094 2.7019999027252197
-1.0740000009536743 -0.5999999642372131 1.777999997138977
-1.0799999237060547 -0.6599999666213989 1.7480000257492065
-1.128000020980835 -0.6119999885559082 1.777999997138977
0.2580000162124634 -0.8040000200271606 2.5999999046325684
0.1499999761581421 -0.49800002574920654 2.828000068664551
-1.0799999237060547 -0.5999999642372131 1.777999997138977
0.25199997425079346 -0.75 2.6540000438690186
-0.8700000047683716 0.060000061988830566 2.630000114440918
-0.9240000247955322 -0.49800002574920654 1.8320000171661377
-0.9539999961853027 0.006000041961669922 2.450000047683716
-0.8999999761581421 -0.5460000038146973 1.8020000457763672
0.34200000762939453 -1.0199999809265137 3.1579999923706055
-0.9539999961853027 -0.1979999542236328 2.1019999980926514
-0.6660000085830688 0.04200005531311035 2.677999973297119
0.33000004291534424 -1.0320000648498535 3.2300000190734863
-0.26999998092651367 -0.09599995613098145 3.074000120162964
-0.9419999718666077 -0.04799997806549072 2.3299999237060547
-0.22200000286102295 -0.1380000114440918 3.1519999504089355
-0.9359999895095825 -0.023999929428100586 2.378000020980835
-0.9539999961853027 -0.1380000114440918 2.180000066757202
-0.9300000071525574 -0.5040000081062317 1.8259999752044678
-0.8460000157356262 0.060000061988830566 2.630000114440918
-0.75 0.054000020027160645 2.6540000438690186
-0.9359999895095825 -0.3960000276565552 1.9040000438690186
-0.2760000228881836 -0.09599995613098145 3.1100001335144043
-0.2580000162124634 -0.10199999809265137 3.074000120162964
-1.0859999656677246 -0.6420000195503235 1.7540000677108765
-0.9539999961853027 -0.21599996089935303 2.078000068664551
0.20399999618530273 -0.5999999642372131 2.75
-1.0499999523162842 -0.5879999995231628 1.777999997138977
-1.0499999523162842 -0.5460000038146973 1.8020000457763672
-0.9539999961853027 -0.12000000476837158 2.2039999961853027
-0.9480000138282776 -0.12000000476837158 2.2039999961853027
0.06599998474121094 -0.37199997901916504 2.9240000247955322
0.37199997901916504 -1.194000005722046 3.074000120162964
0.12000000476837158 -0.4440000057220459 2.864000082015991
0.1679999828338623 -0.5220000147819519 2.809999942779541
0.3539999723434448 -1.0499999523162842 3.128000020980835
-0.9240000247955322 -0.4739999771118164 1.843999981880188
-0.9480000138282776 0.0 2.4260001182556152
0.36000001430511475 -1.0379999876022339 3.068000078201294
-0.9539999961853027 0.029999971389770508 2.503999948501587
0.34800004959106445 -1.055999994277954 3.1760001182556152
0.24000000953674316 -0.6959999799728394 2.677999973297119
-0.9539999961853027 -0.23399996757507324 2.053999900817871
-0.029999971389770508 -0.26999998092651367 3.0139999389648438
0.156000018119812 -0.49800002574920654 2.828000068664551
-0.9539999961853027 -0.17400002479553223 2.125999927520752
-0.26399993896484375 -0.09599995613098145 3.0799999237060547
0.37800002098083496 -1.2360000610351562 3.0260000228881836
-0.9300000071525574 -0.49800002574920654 1.8259999752044678
-0.9539999961853027 -0.10199999809265137 2.2280001640319824
-0.6899999976158142 0.04799997806549072 2.6600000858306885
0.37800002098083496 -1.277999997138977 3.0199999809265137
0.21599996089935303 -0.6240000128746033 2.7260000705718994
0.36000001430511475 -1.062000036239624 3.1100001335144043
-0.9480000138282776 -0.22200000286102295 2.065999984741211
-1.121999979019165 -0.515999972820282 1.8259999752044678
-0.9359999895095825 -0.41999995708465576 1.8799999952316284
0.37199997901916504 -1.1699999570846558 3.0920000076293945
-0.9480000138282776 -0.07200002670288086 2.2760000228881836
-0.23399996757507324 -0.12000000476837158 3.128000020980835
-0.20399999618530273 -0.1380000114440918 3.115999937057495
-1.055999994277954 -0.5399999618530273 1.8020000457763672
0.34800004959106445 -1.0740000009536743 3.200000047683716
0.23399996757507324 -0.671999990940094 2.690000057220459
-0.7199999690055847 0.054000020027160645 2.6540000438690186
0.2820000648498535 -0.828000009059906 2.630000114440918
-1.1039999723434448 -0.6240000128746033 1.7599999904632568
0.09000003337860107 -0.3960000276565552 2.9000000953674316
-0.9480000138282776 -0.09599995613098145 2.2339999675750732
0.37800002098083496 -1.2360000610351562 3.055999994277954
0.37800002098083496 -1.2239999771118164 3.055999994277954
0.14400005340576172 -0.4739999771118164 2.8399999141693115
-0.9539999961853027 -0.25199997425079346 2.0299999713897705
0.18000006675720215 -0.5339999794960022 2.803999900817871
-0.9539999961853027 -0.08399999141693115 2.251999855041504
-0.0419999361038208 -0.2580000162124634 3.055999994277954
-0.9359999895095825 -0.5399999618530273 1.7960000038146973
-1.0499999523162842 -0.5879999995231628 1.7719999551773071
0.34200000762939453 -1.0199999809265137 3.200000047683716
0.029999971389770508 -0.3240000009536743 2.9779999256134033
-0.6840000152587891 0.054000020027160645 2.677999973297119
0.36000001430511475 -1.0859999656677246 3.1519999504089355
0.2820000648498535 -0.8219999670982361 2.630000114440918
0.37199997901916504 -1.1460000276565552 3.1040000915527344
-0.9480000138282776 -0.07200002670288086 2.2699999809265137
0.10199999809265137 -0.40799999237060547 2.9000000953674316
0.37800002098083496 -1.2239999771118164 3.0799999237060547
-0.9240000247955322 0.06599998474121094 2.6059999465942383
-0.9599999785423279 -0.1499999761581421 2.1500000953674316
-0.9480000138282776 0.060000061988830566 2.5820000171661377
-0.9539999961853027 0.006000041961669922 2.4260001182556152
0.054000020027160645 -0.34800004959106445 2.9539999961853027
-0.8219999670982361 0.06599998474121094 2.630000114440918
-0.24599993228912354 -0.10199999809265137 3.0859999656677246
0.37800002098083496 -1.194000005722046 3.0799999237060547
0.19800007343292236 -0.5699999928474426 2.76200008392334
-0.9539999961853027 -0.09599995613098145 2.2280001640319824
-0.9419999718666077 0.054000020027160645 2.558000087738037
0.22800004482269287 -0.6359999775886536 2.7260000705718994
-0.9539999961853027 -0.2760000228881836 2.0
-0.9480000138282776 -0.26999998092651367 2.00600004196167
0.1260000467300415 -0.437999963760376 2.875999927520752
-0.9480000138282776 -0.2999999523162842 1.9760000705718994
-0.9599999785423279 0.060000061988830566 2.5759999752044678
-0.6959999799728394 0.054000020027160645 2.6540000438690186
0.37199997901916504 -1.121999979019165 3.1100001335144043
-0.22200000286102295 -0.12000000476837158 3.115999937057495
-0.9539999961853027 -0.06599998474121094 2.2760000228881836
-1.0980000495910645 -0.6240000128746033 1.7540000677108765
-0.6539999842643738 0.04799997806549072 2.6660001277923584
0.36600005626678467 -1.0440000295639038 3.0920000076293945
-1.0499999523162842 -0.5699999928474426 1.777999997138977
-0.9539999961853027 -0.24599993228912354 2.0299999713897705
-0.9480000138282776 -0.24599993228912354 2.0299999713897705
-0.9419999718666077 -0.023999929428100586 2.3540000915527344
-0.9539999961853027 0.054000020027160645 2.552000045776367
-1.055999994277954 -0.5699999928474426 1.777999997138977
-0.9480000138282776 -0.3240000009536743 1.9520000219345093
0.36000001430511475 -1.055999994277954 3.1519999504089355
0.0 -0.2879999876022339 3.002000093460083
-0.9660000205039978 0.029999971389770508 2.4800000190734863
-0.7979999780654907 0.06599998474121094 2.630000114440918
0.36600005626678467 -1.0740000009536743 3.128000020980835
-0.22200000286102295 -0.12000000476837158 3.128000020980835
-1.128000020980835 -0.6060000061988831 1.7660000324249268
0.25199997425079346 -0.7020000219345093 2.677999973297119
0.26999998092651367 -0.7739999890327454 2.630000114440918
-0.8999999761581421 -0.5220000147819519 1.8020000457763672
0.2640000581741333 -0.75 2.6419999599456787
0.37800002098083496 -1.1699999570846558 3.1040000915527344
-0.9480000138282776 0.0 2.4019999504089355
-0.9539999961853027 -0.22200000286102295 2.053999900817871
0.21599996089935303 -0.5999999642372131 2.74399995803833
-0.023999929428100586 -0.26399993896484375 3.0260000228881836
-0.9480000138282776 -0.34800004959106445 1.9279999732971191
0.18000006675720215 -0.5220000147819519 2.803999900817871
0.3539999723434448 -1.0260000228881836 3.1760001182556152
0.19200003147125244 -0.5460000038146973 2.7799999713897705
0.37800002098083496 -1.1460000276565552 3.1040000915527344
0.37199997901916504 -1.0980000495910645 3.121999979019165
-0.972000002861023 0.07800006866455078 2.630000114440918
-0.9539999961853027 -0.26999998092651367 2.0
0.25199997425079346 -0.6959999799728394 2.677999973297119
-0.9480000138282776 -0.04799997806549072 2.3000001907348633
0.3840000629425049 -1.2360000610351562 3.0799999237060547
-0.7739999890327454 0.06599998474121094 2.630000114440918
-0.9359999895095825 -0.515999972820282 1.8020000457763672
0.3539999723434448 -1.0199999809265137 3.1760001182556152
0.38999998569488525 -1.2660000324249268 2.990000009536743
0.37199997901916504 -1.0980000495910645 3.128000020980835
-0.9359999895095825 -0.4440000057220459 1.850000023841858
0.018000006675720215 -0.2999999523162842 2.9779999256134033
-0.9480000138282776 -0.24599993228912354 2.0240001678466797
0.22800004482269287 -0.6240000128746033 2.7260000705718994
-0.8999999761581421 0.07200002670288086 2.6059999465942383
0.38999998569488525 -1.2660000324249268 3.002000093460083
-0.9599999785423279 -0.1979999542236328 2.078000068664551
-0.906000018119812 -0.515999972820282 1.8020000457763672
0.30000007152557373 -0.8339999914169312 2.6540000438690186
0.10199999809265137 -0.3960000276565552 2.9000000953674316
-1.062000036239624 -0.5220000147819519 1.8020000457763672
-0.9539999961853027 -0.12000000476837158 2.180000066757202
0.2760000228881836 -0.7799999713897705 2.630000114440918
-0.0419999361038208 -0.24599993228912354 3.055999994277954
-0.9240000247955322 0.07200002670288086 2.5999999046325684
-1.0499999523162842 -0.5699999928474426 1.7719999551773071
-0.9419999718666077 -0.37199997901916504 1.9040000438690186
0.34200000762939453 -1.0379999876022339 3.253999948501587
0.36000001430511475 -1.0199999809265137 3.1519999504089355
-0.8700000047683716 0.07200002670288086 2.6059999465942383
0.38999998569488525 -1.277999997138977 3.0260000228881836
-0.8460000157356262 0.07200002670288086 2.611999988555908
-1.0799999237060547 -0.6420000195503235 1.7360000610351562
0.37199997901916504 -1.0499999523162842 3.1040000915527344
0.2820000648498535 -0.8100000023841858 2.6059999465942383
-0.9539999961853027 -0.07200002670288086 2.251999855041504
-0.9359999895095825 -0.4739999771118164 1.8259999752044678
0.36000001430511475 -1.0740000009536743 3.200000047683716
-1.0499999523162842 -0.5460000038146973 1.784000039100647
0.2760000228881836 -0.7739999890327454 2.630000114440918
0.1380000114440918 -0.4440000057220459 2.8519999980926514
-0.75 0.06599998474121094 2.630000114440918
-0.9539999961853027 -0.2879999876022339 1.9760000705718994
0.26999998092651367 -0.7860000133514404 2.5880000591278076
-1.0320000648498535 -0.5220000147819519 1.7960000038146973
-0.9599999785423279 -0.17400002479553223 2.1019999980926514
-0.9660000205039978 0.060000061988830566 2.5460000038146973
-0.9480000138282776 -0.2999999523162842 1.9639999866485596
-0.8219999670982361 0.07200002670288086 2.611999988555908
0.37800002098083496 -1.1159999370574951 3.128000020980835
0.24000000953674316 -0.6480000019073486 2.7019999027252197
0.07800006866455078 -0.36000001430511475 2.930000066757202
0.19800007343292236 -0.5460000038146973 2.7739999294281006
0.38999998569488525 -1.194000005722046 3.068000078201294
-0.9419999718666077 -0.3960000276565552 1.8799999952316284
0.12000000476837158 -0.4140000343322754 2.875999927520752
-0.006000041961669922 -0.26999998092651367 3.002000093460083
0.37800002098083496 -1.0980000495910645 3.121999979019165
0.17400002479553223 -0.49800002574920654 2.815999984741211
-0.972000002861023 0.029999971389770508 2.4559998512268066
-0.7979999780654907 0.07200002670288086 2.618000030517578
-0.9480000138282776 -0.04799997806549072 2.2880001068115234
-0.1979999542236328 -0.1260000467300415 3.128000020980835
0.04799997806549072 -0.3240000009536743 2.9539999961853027
0.36600005626678467 -1.062000036239624 3.1760001182556152
0.3960000276565552 -1.2480000257492065 2.996000051498413
0.37800002098083496 -1.0980000495910645 3.128000020980835
0.3960000276565552 -1.2480000257492065 3.002000093460083
-0.671999990940094 0.060000061988830566 2.6540000438690186
-1.0859999656677246 -0.515999972820282 1.8020000457763672
0.1260000467300415 -0.41999995708465576 2.875999927520752
-1.1159999370574951 -0.5220000147819519 1.8020000457763672
0.2820000648498535 -0.7979999780654907 2.6059999465942383
0.38999998569488525 -1.1699999570846558 3.074000120162964
0.30000007152557373 -0.828000009059906 2.635999917984009
-0.029999971389770508 -0.24599993228912354 3.0199999809265137
-1.0980000495910645 -0.5999999642372131 1.7540000677108765
0.38999998569488525 -1.1699999570846558 3.0799999237060547
-0.9480000138282776 -0.023999929428100586 2.3299999237060547
-0.029999971389770508 -0.24599993228912354 3.0260000228881836
-0.9779999852180481 0.029999971389770508 2.450000047683716
-0.9599999785423279 -0.09599995613098145 2.2039999961853027
0.07200002670288086 -0.34800004959106445 2.930000066757202
0.22800004482269287 -0.5999999642372131 2.75
-0.9480000138282776 0.0 2.378000020980835
0.3960000276565552 -1.2239999771118164 3.0380001068115234
-0.8640000224113464 0.07800006866455078 2.6059999465942383
-0.9660000205039978 -0.1499999761581421 2.125999927520752
-1.055999994277954 -0.5460000038146973 1.777999997138977
0.37800002098083496 -1.0740000009536743 3.128000020980835
-0.9539999961853027 -0.3059999942779541 1.9520000219345093
0.029999971389770508 -0.2999999523162842 2.9779999256134033
0.37199997901916504 -1.0499999523162842 3.1519999504089355
0.20399999618530273 -0.5460000038146973 2.7799999713897705
0.0 -0.26999998092651367 3.002000093460083
-0.8460000157356262 0.07800006866455078 2.6059999465942383
-0.9300000071525574 -0.49800002574920654 1.8020000457763672
-0.9480000138282776 -0.023999929428100586 2.3239998817443848
-1.121999979019165 -0.5999999642372131 1.7540000677108765
-0.9480000138282776 -0.3240000009536743 1.934000015258789
0.054000020027160645 -0.3240000009536743 2.9539999961853027
-1.0799999237060547 -0.6240000128746033 1.7360000610351562
0.09000003337860107 -0.3659999370574951 2.9060001373291016
-0.9539999961853027 -0.03600001335144043 2.3000001907348633
0.2760000228881836 -0.7379999756813049 2.6540000438690186
-0.75 0.07200002670288086 2.624000072479248
-0.9539999961853027 -0.33000004291534424 1.9279999732971191
0.21599996089935303 -0.5699999928474426 2.75600004196167
0.156000018119812 -0.4559999704360962 2.8519999980926514
-0.7559999823570251 0.07200002670288086 2.618000030517578
0.2760000228881836 -0.7860000133514404 2.5820000171661377
-0.023999929428100586 -0.24599993228912354 3.0260000228881836
-0.9660000205039978 0.054000020027160645 2.503999948501587
-0.9599999785423279 -0.04799997806549072 2.2760000228881836
0.4020000696182251 -1.2599999904632568 2.9779999256134033
0.2879999876022339 -0.8040000200271606 2.5999999046325684
-0.9120000004768372 -0.5339999794960022 1.777999997138977
-0.8219999670982361 0.07800006866455078 2.6059999465942383
-1.1340000629425049 -0.5460000038146973 1.784000039100647
0.26999998092651367 -0.7199999690055847 2.6540000438690186
-0.23399996757507324 -0.09599995613098145 3.134000062942505
0.07200002670288086 -0.34200000762939453 2.9240000247955322
0.4020000696182251 -1.2480000257492065 3.002000093460083
-0.8939999938011169 -0.5339999794960022 1.777999997138977
0.07800006866455078 -0.34800004959106445 2.930000066757202
-0.9539999961853027 -0.018000006675720215 2.3299999237060547
0.18000006675720215 -0.4919999837875366 2.828000068664551
0.4020000696182251 -1.2660000324249268 3.002000093460083
0.25199997425079346 -0.6539999842643738 2.7019999027252197
0.38999998569488525 -1.121999979019165 3.1040000915527344
0.37800002098083496 -1.0679999589920044 3.1519999504089355
-0.9599999785423279 0.07800006866455078 2.5759999752044678
-0.9480000138282776 0.07800006866455078 2.5759999752044678
-0.9539999961853027 -0.2999999523162842 1.9520000219345093
-1.0740000009536743 -0.5820000171661377 1.7540000677108765
0.4020000696182251 -1.2300000190734863 3.0260000228881836
0.4020000696182251 -1.2239999771118164 3.0260000228881836
-0.7199999690055847 0.07200002670288086 2.630000114440918
-0.9599999785423279 -0.22200000286102295 2.0299999713897705
-0.17400002479553223 -0.13199996948242188 3.128000020980835
-0.9419999718666077 -0.41999995708465576 1.850000023841858
-0.9539999961853027 -0.3240000009536743 1.9279999732971191
-0.9599999785423279 0.018000006675720215 2.4019999504089355
0.3960000276565552 -1.1460000276565552 3.0859999656677246
-0.19200003147125244 -0.11399996280670166 3.0980000495910645
0.37800002098083496 -1.0499999523162842 3.1519999504089355
0.25199997425079346 -0.6480000019073486 2.7019999027252197
-0.9599999785423279 -0.07200002670288086 2.2280001640319824
0.19800007343292236 -0.5220000147819519 2.7920000553131104
-1.121999979019165 -0.5460000038146973 1.777999997138977
-0.7199999690055847 0.07200002670288086 2.624000072479248
0.3059999942779541 -0.8219999670982361 2.630000114440918
-0.1979999542236328 -0.11399996280670166 3.128000020980835
0.4020000696182251 -1.2179999351501465 3.055999994277954
-0.19200003147125244 -0.11399996280670166 3.1040000915527344
0.12000000476837158 -0.3960000276565552 2.881999969482422
0.36600005626678467 -1.0199999809265137 3.200000047683716
-0.9660000205039978 -0.1979999542236328 2.053999900817871
-0.9779999852180481 0.029999971389770508 2.4260001182556152
-0.9599999785423279 -0.26999998092651367 1.9760000705718994
-0.9539999961853027 -0.34800004959106445 1.9040000438690186
-0.9480000138282776 -0.34800004959106445 1.9040000438690186
-0.9599999785423279 -0.24599993228912354 2.0
0.2760000228881836 -0.7199999690055847 2.6540000438690186
0.024000048637390137 -0.28199994564056396 2.9720001220703125
0.17400002479553223 -0.4739999771118164 2.828000068664551
0.37199997901916504 -1.0499999523162842 3.200000047683716
0.3840000629425049 -1.0499999523162842 3.128000020980835
0.156000018119812 -0.4440000057220459 2.8519999980926514
-0.906000018119812 -0.5220000147819519 1.777999997138977
-1.062000036239624 -0.5699999928474426 1.7540000677108765
-0.9480000138282776 0.0 2.3540000915527344
-0.8999999761581421 -0.5220000147819519 1.777999997138977
0.4020000696182251 -1.194000005722046 3.0799999237060547
-0.6959999799728394 0.07200002670288086 2.630000114440918
0.24600005149841309 -0.6240000128746033 2.7139999866485596
-0.9660000205039978 -0.12000000476837158 2.1500000953674316
0.04200005531311035 -0.2999999523162842 3.002000093460083
-0.9539999961853027 0.011999964714050293 2.378000020980835
-0.9900000095367432 0.09000003337860107 2.5999999046325684
-0.22200000286102295 -0.09599995613098145 3.140000104904175
0.4020000696182251 -1.1699999570846558 3.0799999237060547
-0.9240000247955322 0.08399999141693115 2.5759999752044678
-0.9660000205039978 -0.17400002479553223 2.078000068664551
0.30000007152557373 -0.8100000023841858 2.6059999465942383
-0.9660000205039978 0.054000020027160645 2.4800000190734863
0.26999998092651367 -0.6959999799728394 2.6600000858306885
-0.6959999799728394 0.07200002670288086 2.624000072479248
-0.972000002861023 0.07800006866455078 2.552000045776367
-0.9419999718666077 -0.4440000057220459 1.8259999752044678
-0.8999999761581421 0.08399999141693115 2.5759999752044678
-0.9779999852180481 0.07800006866455078 2.552000045776367
-0.7979999780654907 0.08399999141693115 2.6059999465942383
-0.9539999961853027 -0.37199997901916504 1.8799999952316284
-0.9480000138282776 -0.37199997901916504 1.8799999952316284
0.2640000581741333 -0.671999990940094 2.677999973297119
-0.9480000138282776 0.0 2.3480000495910645
0.1260000467300415 -0.3960000276565552 2.875999927520752
-0.9539999961853027 -0.023999929428100586 2.3000001907348633
-0.9660000205039978 -0.09599995613098145 2.180000066757202
-0.6480000019073486 0.06599998474121094 2.635999917984009
-1.128000020980835 -0.5460000038146973 1.7719999551773071
0.04799997806549072 -0.2999999523162842 2.947999954223633
0.04799997806549072 -0.2999999523162842 2.9539999961853027
-1.0679999589920044 -0.5220000147819519 1.777999997138977
0.21599996089935303 -0.5460000038146973 2.76200008392334
0.40799999237060547 -1.194000005722046 3.055999994277954
0.20399999618530273 -0.515999972820282 2.803999900817871
-0.21000003814697266 -0.10199999809265137 3.1519999504089355
0.2879999876022339 -0.75 2.630000114440918
0.18000006675720215 -0.4739999771118164 2.828000068664551
0.30000007152557373 -0.8040000200271606 2.5999999046325684
-0.9419999718666077 -0.4739999771118164 1.8020000457763672
0.37800002098083496 -1.0740000009536743 3.2120001316070557
-0.7739999890327454 0.08399999141693115 2.6059999465942383
-0.671999990940094 0.07200002670288086 2.630000114440918
-0.972000002861023 -0.1499999761581421 2.1019999980926514
0.4140000343322754 -1.2480000257492065 2.9779999256134033
0.37800002098083496 -1.0199999809265137 3.1760001182556152
-0.9599999785423279 -0.04799997806549072 2.251999855041504
-0.9539999961853027 0.006000041961669922 2.3540000915527344
0.4020000696182251 -1.1820000410079956 3.121999979019165
0.07200002670288086 -0.3240000009536743 2.936000108718872
0.25199997425079346 -0.6179999709129333 2.7260000705718994
0.4020000696182251 -1.121999979019165 3.1040000915527344
-0.9480000138282776 -0.37199997901916504 1.8739999532699585
-0.9179999828338623 -0.527999997138977 1.7660000324249268
0.3960000276565552 -1.0740000009536743 3.115999937057495
0.30000007152557373 -0.7919999957084656 2.6059999465942383
0.37199997901916504 -1.0379999876022339 3.2300000190734863
0.2940000295639038 -0.7739999890327454 2.6059999465942383
0.3840000629425049 -1.0199999809265137 3.1519999504089355
0.11399996280670166 -0.37199997901916504 2.9000000953674316
0.024000048637390137 -0.26999998092651367 2.9720001220703125
0.11399996280670166 -0.37199997901916504 2.8940000534057617
0.024000048637390137 -0.26999998092651367 2.9779999256134033
-0.972000002861023 0.029999971389770508 2.4019999504089355
-0.75 0.08399999141693115 2.6059999465942383
0.40799999237060547 -1.1460000276565552 3.0799999237060547
0.09599995613098145 -0.34800004959106445 2.9119999408721924
0.1499999761581421 -0.41999995708465576 2.8580000400543213
0.0 -0.24599993228912354 3.002000093460083
0.19800007343292236 -0.49800002574920654 2.803999900817871
-0.9419999718666077 -0.5040000081062317 1.777999997138977
-0.011999964714050293 -0.23399996757507324 2.996000051498413
-0.006000041961669922 -0.24000000953674316 3.002000093460083
-0.8700000047683716 0.09000003337860107 2.5759999752044678
0.24600005149841309 -0.5999999642372131 2.7260000705718994
-1.0920000076293945 -0.515999972820282 1.777999997138977
0.23399996757507324 -0.5699999928474426 2.75
0.1499999761581421 -0.4140000343322754 2.9240000247955322
0.3960000276565552 -1.0499999523162842 3.115999937057495
0.37199997901916504 -1.0199999809265137 3.2300000190734863
-0.9660000205039978 -0.07200002670288086 2.2039999961853027
0.07800006866455078 -0.3240000009536743 2.930000066757202
0.07800006866455078 -0.3240000009536743 2.9240000247955322
0.1679999828338623 -0.4440000057220459 2.8399999141693115
-1.1039999723434448 -0.515999972820282 1.777999997138977
0.2760000228881836 -0.6779999732971191 2.677999973297119
0.37800002098083496 -1.0139999389648438 3.200000047683716
-0.9599999785423279 0.0 2.3299999237060547
-0.8460000157356262 0.09000003337860107 2.5759999752044678
-0.9480000138282776 -0.3960000276565552 1.850000023841858
0.4200000762939453 -1.253999948501587 2.9600000381469727
0.4200000762939453 -1.2480000257492065 2.9660000801086426
0.2640000581741333 -0.6480000019073486 2.684000015258789
0.30000007152557373 -0.7619999647140503 2.630000114440918
0.4020000696182251 -1.0980000495910645 3.128000020980835
-1.062000036239624 -0.5460000038146973 1.7540000677108765
0.029999971389770508 -0.26999998092651367 2.9779999256134033
-0.9300000071525574 -0.49800002574920654 1.777999997138977
-0.9779999852180481 0.054000020027160645 2.450000047683716
0.4200000762939453 -1.2239999771118164 3.008000135421753
-1.1039999723434448 -0.5220000147819519 1.7719999551773071
-0.9599999785423279 -0.2999999523162842 1.9279999732971191
0.30000007152557373 -0.7739999890327454 2.6059999465942383
-0.6420000195503235 0.07200002670288086 2.624000072479248
-0.8219999670982361 0.09000003337860107 2.5759999752044678
0.2760000228881836 -0.671999990940094 2.677999973297119
-0.7199999690055847 0.08399999141693115 2.6059999465942383
-0.6599999666213989 0.07800006866455078 2.630000114440918
-0.9779999852180481 0.03600001335144043 2.4019999504089355
0.20399999618530273 -0.49800002574920654 2.803999900817871
0.21599996089935303 -0.5220000147819519 2.7799999713897705
-1.0740000009536743 -0.5759999752044678 1.7360000610351562
-0.9660000205039978 -0.1979999542236328 2.0299999713897705
0.07800006866455078 -0.3179999589920044 2.9539999961853027
-1.1159999370574951 -0.5519999861717224 1.7540000677108765
0.4020000696182251 -1.0740000009536743 3.128000020980835
0.25199997425079346 -0.5999999642372131 2.7260000705718994
-0.9539999961853027 -0.38999998569488525 1.850000023841858
-0.9660000205039978 0.08399999141693115 2.5280001163482666
-0.9660000205039978 -0.023999929428100586 2.2760000228881836
-0.972000002861023 -0.12000000476837158 2.125999927520752
-0.9599999785423279 -0.3240000009536743 1.9040000438690186
-1.1100000143051147 -0.5820000171661377 1.7360000610351562
0.30000007152557373 -0.75 2.630000114440918
0.24000000953674316 -0.5699999928474426 2.74399995803833
-0.7979999780654907 0.09000003337860107 2.5759999752044678
0.4200000762939453 -1.194000005722046 3.049999952316284
-0.9660000205039978 -0.24599993228912354 1.9760000705718994
-0.9480000138282776 -0.41999995708465576 1.8259999752044678
-0.9660000205039978 -0.26999998092651367 1.9520000219345093
0.14400005340576172 -0.3960000276565552 2.9000000953674316
-1.1100000143051147 -0.5460000038146973 1.7540000677108765
-0.9660000205039978 -0.22200000286102295 2.0
0.10199999809265137 -0.34200000762939453 2.930000066757202
-0.972000002861023 -0.17400002479553223 2.053999900817871
0.1260000467300415 -0.37199997901916504 2.9000000953674316
0.1499999761581421 -0.40199995040893555 2.936000108718872
0.4200000762939453 -1.1699999570846558 3.055999994277954
0.4259999990463257 -1.2480000257492065 2.9539999961853027
0.4259999990463257 -1.253999948501587 2.9600000381469727
0.06599998474121094 -0.2999999523162842 2.9539999961853027
0.4020000696182251 -1.0499999523162842 3.128000020980835
0.4140000343322754 -1.1399999856948853 3.1040000915527344
-0.9599999785423279 -0.34800004959106445 1.8799999952316284
-0.972000002861023 0.029999971389770508 2.378000020980835
0.4259999990463257 -1.2480000257492065 2.9779999256134033
-1.0920000076293945 -0.5399999618530273 1.7540000677108765
-0.972000002861023 0.060000061988830566 2.450000047683716
-0.011999964714050293 -0.22200000286102295 3.002000093460083
-0.9660000205039978 -0.04799997806549072 2.2280001640319824
0.2940000295639038 -0.7199999690055847 2.6419999599456787
0.4259999990463257 -1.2300000190734863 3.002000093460083
0.2640000581741333 -0.6240000128746033 2.7019999027252197
-0.8999999761581421 0.09599995613098145 2.558000087738037
0.30000007152557373 -0.7799999713897705 2.5759999752044678
-1.0920000076293945 -0.5699999928474426 1.7360000610351562
0.16200006008148193 -0.41999995708465576 2.8519999980926514
-0.9480000138282776 0.09599995613098145 2.552000045776367
0.12000000476837158 -0.36000001430511475 2.930000066757202
-0.9300000071525574 -0.5040000081062317 1.7660000324249268
0.2879999876022339 -0.6959999799728394 2.6540000438690186
0.4200000762939453 -1.1460000276565552 3.068000078201294
-0.9539999961853027 -0.4140000343322754 1.8259999752044678
0.4259999990463257 -1.2239999771118164 3.0260000228881836
-0.9179999828338623 0.09599995613098145 2.552000045776367
-0.6840000152587891 0.08399999141693115 2.6059999465942383
0.22200000286102295 -0.5220000147819519 2.7739999294281006
-0.8700000047683716 0.09599995613098145 2.558000087738037
-0.972000002861023 -0.1499999761581421 2.078000068664551
-0.972000002861023 -0.09599995613098145 2.1500000953674316
-1.0859999656677246 -0.5759999752044678 1.7300000190734863
-1.1100000143051147 -0.5699999928474426 1.7360000610351562
-0.9480000138282776 -0.3960000276565552 1.8380000591278076
0.19800007343292236 -0.4739999771118164 2.815999984741211
-0.9480000138282776 0.09599995613098145 2.5460000038146973
0.2580000162124634 -0.5999999642372131 2.7200000286102295
0.006000041961669922 -0.23399996757507324 2.9839999675750732
-0.9839999675750732 0.054000020027160645 2.4260001182556152
0.22800004482269287 -0.527999997138977 2.7799999713897705
-0.8460000157356262 0.09599995613098145 2.558000087738037
-0.9480000138282776 -0.4440000057220459 1.8020000457763672
0.4020000696182251 -1.0440000295639038 3.1519999504089355
-0.6480000019073486 0.08399999141693115 2.630000114440918
-1.1100000143051147 -0.5460000038146973 1.7480000257492065
0.4259999990463257 -1.2000000476837158 3.055999994277954
-0.8219999670982361 0.09599995613098145 2.564000129699707
0.4259999990463257 -1.194000005722046 3.055999994277954
-1.0740000009536743 -0.5699999928474426 1.7300000190734863
-0.671999990940094 0.08399999141693115 2.6059999465942383
0.156000018119812 -0.40199995040893555 2.9000000953674316
0.11399996280670166 -0.34800004959106445 2.9060001373291016
0.13199996948242188 -0.37199997901916504 2.875999927520752
0.156000018119812 -0.40199995040893555 2.888000011444092
0.4259999990463257 -1.1699999570846558 3.055999994277954
0.18000006675720215 -0.437999963760376 2.8519999980926514
-0.9779999852180481 0.03600001335144043 2.378000020980835
0.30000007152557373 -0.7139999866485596 2.6540000438690186
-0.972000002861023 -0.07200002670288086 2.180000066757202
0.4200000762939453 -1.121999979019165 3.0920000076293945
-0.9120000004768372 -0.515999972820282 1.7540000677108765
0.38999998569488525 -1.0440000295639038 3.2300000190734863
0.1679999828338623 -0.41999995708465576 2.8459999561309814
-0.7739999890327454 0.09599995613098145 2.5759999752044678
0.22800004482269287 -0.5220000147819519 2.7799999713897705
0.3960000276565552 -1.0260000228881836 3.187999963760376
-0.9599999785423279 0.0 2.3000001907348633
-0.7979999780654907 0.09599995613098145 2.564000129699707
0.04799997806549072 -0.26999998092651367 2.9539999961853027
-0.9480000138282776 -0.4739999771118164 1.777999997138977
-0.972000002861023 0.029999971389770508 2.3600001335144043
-0.9359999895095825 0.10199999809265137 2.552000045776367
0.25199997425079346 -0.5699999928474426 2.75
0.060000061988830566 -0.28199994564056396 2.941999912261963
0.4020000696182251 -1.0199999809265137 3.1519999504089355
-1.0740000009536743 -0.5220000147819519 1.7540000677108765
-0.9240000247955322 0.10199999809265137 2.552000045776367
-1.0799999237060547 -0.5220000147819519 1.7540000677108765
-0.9539999961853027 -0.37199997901916504 1.850000023841858
0.3960000276565552 -1.0379999876022339 3.2060000896453857
-0.8999999761581421 0.10199999809265137 2.552000045776367
0.14400005340576172 -0.38399994373321533 2.8519999980926514
0.4259999990463257 -1.1519999504089355 3.0799999237060547
0.4140000343322754 -1.0499999523162842 3.1040000915527344
0.4259999990463257 -1.1460000276565552 3.0799999237060547
0.2760000228881836 -0.6299999952316284 2.7019999027252197
0.0 -0.22200000286102295 3.008000135421753
-0.9660000205039978 -0.023999929428100586 2.251999855041504
-0.9900000095367432 0.09599995613098145 2.5280001163482666
0.4200000762939453 -1.0980000495910645 3.1040000915527344
0.3960000276565552 -0.9959999918937683 3.1760001182556152
0.4320000410079956 -1.194000005722046 3.0439999103546143
0.0 -0.22200000286102295 3.0260000228881836
-0.8700000047683716 0.10199999809265137 2.552000045776367
-0.75 0.09599995613098145 2.5759999752044678
0.4020000696182251 -1.0440000295639038 3.187999963760376
-0.972000002861023 0.09000003337860107 2.503999948501587
0.20399999618530273 -0.4679999351501465 2.828000068664551
0.4259999990463257 -1.121999979019165 3.0799999237060547
-1.0679999589920044 -0.5460000038146973 1.7360000610351562
-0.7680000066757202 0.09599995613098145 2.564000129699707
0.156000018119812 -0.3960000276565552 2.8519999980926514
0.10199999809265137 -0.3240000009536743 2.930000066757202
0.2820000648498535 -0.6480000019073486 2.677999973297119
0.4320000410079956 -1.1699999570846558 3.049999952316284
0.10199999809265137 -0.3240000009536743 2.9240000247955322
-0.9539999961853027 -0.4320000410079956 1.8020000457763672
0.1380000114440918 -0.37199997901916504 2.8519999980926514
0.2760000228881836 -0.6240000128746033 2.7019999027252197
-0.8460000157356262 0.10199999809265137 2.552000045776367
-0.972000002861023 -0.12000000476837158 2.1019999980926514
-1.0799999237060547 -0.5460000038146973 1.7360000610351562
-0.9779999852180481 -0.12000000476837158 2.1019999980926514
-0.75 0.09599995613098145 2.569999933242798
0.38999998569488525 -1.0440000295639038 3.253999948501587
-0.9779999852180481 -0.10199999809265137 2.125999927520752
0.34800004959106445 -0.828000009059906 2.6540000438690186
0.4020000696182251 -1.0139999389648438 3.1760001182556152
0.30000007152557373 -0.6959999799728394 2.6540000438690186
-0.9539999961853027 -0.3960000276565552 1.8259999752044678
-0.9779999852180481 -0.08399999141693115 2.1500000953674316
-1.0740000009536743 -0.5220000147819519 1.7480000257492065
0.437999963760376 -1.2239999771118164 3.002000093460083
0.22200000286102295 -0.49800002574920654 2.7920000553131104
-0.972000002861023 -0.1979999542236328 2.00600004196167
-0.9900000095367432 0.054000020027160645 2.4019999504089355
-0.972000002861023 -0.04799997806549072 2.2039999961853027
-0.9480000138282776 -0.41999995708465576 1.8079999685287476
0.4020000696182251 -0.972000002861023 3.134000062942505
0.4200000762939453 -1.062000036239624 3.1040000915527344
-0.9660000205039978 -0.2999999523162842 1.9040000438690186
-0.9779999852180481 -0.156000018119812 2.053999900817871
-0.7199999690055847 0.09599995613098145 2.5820000171661377
-1.0799999237060547 -0.5220000147819519 1.7480000257492065
-0.972000002861023 0.07200002670288086 2.444000005722046
0.19200003147125244 -0.4440000057220459 2.828000068664551
-0.972000002861023 -0.1499999761581421 2.059999942779541
0.24600005149841309 -0.5460000038146973 2.75
-0.9480000138282776 -0.4440000057220459 1.7899999618530273
0.4200000762939453 -1.0440000295639038 3.0920000076293945
0.2940000295639038 -0.671999990940094 2.6660001277923584
-0.972000002861023 0.10199999809265137 2.5280001163482666
-0.9779999852180481 0.10199999809265137 2.5280001163482666
-0.972000002861023 -0.17400002479553223 2.0299999713897705
0.1260000467300415 -0.34800004959106445 2.888000011444092
-0.9779999852180481 -0.17400002479553223 2.0299999713897705
-0.9359999895095825 -0.49800002574920654 1.7540000677108765
-0.9240000247955322 -0.49800002574920654 1.7540000677108765
0.4259999990463257 -1.0980000495910645 3.1040000915527344
0.4020000696182251 -0.9959999918937683 3.1760001182556152
-0.972000002861023 -0.24599993228912354 1.9520000219345093
-0.9660000205039978 -0.3240000009536743 1.8799999952316284
-0.9779999852180481 0.03600001335144043 2.3540000915527344
0.156000018119812 -0.38999998569488525 2.8340001106262207
0.4020000696182251 -1.0199999809265137 3.200000047683716
-0.972000002861023 -0.22200000286102295 1.9760000705718994
-0.972000002861023 -0.07200002670288086 2.1620001792907715
-0.972000002861023 -0.26999998092651367 1.9279999732971191
0.4140000343322754 -1.0199999809265137 3.128000020980835
-0.972000002861023 0.09000003337860107 2.4860000610351562
-0.972000002861023 -0.04799997806549072 2.197999954223633
-0.9900000095367432 0.09599995613098145 2.503999948501587
0.3960000276565552 -1.0139999389648438 3.2300000190734863
-0.972000002861023 -0.09599995613098145 2.125999927520752
-0.9779999852180481 -0.09599995613098145 2.125999927520752
-0.9779999852180481 -0.13199996948242188 2.078000068664551
-0.9779999852180481 -0.1979999542236328 2.0
-0.9839999675750732 0.07800006866455078 2.450000047683716
0.40799999237060547 -0.9959999918937683 3.1519999504089355
-0.9539999961853027 -0.4559999704360962 1.777999997138977
-0.9480000138282776 -0.4739999771118164 1.7660000324249268
0.4440000057220459 -1.2419999837875366 2.941999912261963
0.14400005340576172 -0.37199997901916504 2.828000068664551
0.4259999990463257 -1.0740000009536743 3.1040000915527344
-0.9779999852180481 -0.054000020027160645 2.185999870300293
-0.9779999852180481 -0.1499999761581421 2.053999900817871
-0.9539999961853027 -0.41999995708465576 1.8020000457763672
0.1499999761581421 -0.37800002098083496 2.8340001106262207
-0.9779999852180481 -0.0419999361038208 2.2039999961853027
0.4440000057220459 -1.2239999771118164 2.990000009536743
-0.972000002861023 0.0 2.2760000228881836
-0.6899999976158142 0.09599995613098145 2.5820000171661377
-0.972000002861023 -0.17400002479553223 2.0240001678466797
0.4020000696182251 -1.0379999876022339 3.2300000190734863
0.34800004959106445 -0.8219999670982361 2.630000114440918
0.25199997425079346 -0.5460000038146973 2.75
-0.8219999670982361 0.10800004005432129 2.552000045776367
0.3179999589920044 -0.7739999890327454 2.5759999752044678
-0.7260000109672546 0.10199999809265137 2.5759999752044678
-0.9959999918937683 0.11399996280670166 2.552000045776367
0.22800004482269287 -0.4919999837875366 2.803999900817871
-0.9839999675750732 0.09599995613098145 2.492000102996826
-0.972000002861023 0.029999971389770508 2.3299999237060547
-0.7199999690055847 0.10199999809265137 2.5759999752044678
0.4259999990463257 -1.0499999523162842 3.1040000915527344
0.2640000581741333 -0.5699999928474426 2.7320001125335693
0.18599998950958252 -0.41999995708465576 2.8519999980926514
-0.972000002861023 -0.023999929428100586 2.2280001640319824
-0.6480000019073486 0.09599995613098145 2.6059999465942383
-0.7979999780654907 0.10800004005432129 2.552000045776367
-0.9839999675750732 0.10199999809265137 2.503999948501587
0.30000007152557373 -0.6599999666213989 2.677999973297119
-0.671999990940094 0.09599995613098145 2.5820000171661377
0.4140000343322754 -0.9959999918937683 3.1459999084472656
-0.9959999918937683 0.054000020027160645 2.378000020980835
-0.9779999852180481 -0.07200002670288086 2.1500000953674316
0.2940000295639038 -0.6480000019073486 2.671999931335449
-0.9660000205039978 -0.34800004959106445 1.850000023841858
-0.972000002861023 0.07800006866455078 2.432000160217285
0.2760000228881836 -0.5879999995231628 2.7260000705718994
0.20399999618530273 -0.4440000057220459 2.828000068664551
0.3240000009536743 -0.75 2.611999988555908
-0.9539999961853027 -0.4440000057220459 1.777999997138977
0.22200000286102295 -0.4739999771118164 2.803999900817871
0.4259999990463257 -1.0440000295639038 3.128000020980835
0.24600005149841309 -0.5220000147819519 2.76200008392334
-0.9779999852180481 -0.21000003814697266 1.9760000705718994
0.4440000057220459 -1.1460000276565552 3.055999994277954
-0.7739999890327454 0.10800004005432129 2.552000045776367
-0.6959999799728394 0.10199999809265137 2.5759999752044678
0.4500000476837158 -1.2239999771118164 3.002000093460083
0.437999963760376 -1.0980000495910645 3.0859999656677246
0.437999963760376 -1.1159999370574951 3.1040000915527344
-0.9480000138282776 0.11399996280670166 2.5280001163482666
-0.9839999675750732 0.07800006866455078 2.4260001182556152
-0.9779999852180481 -0.04799997806549072 2.180000066757202
0.4500000476837158 -1.2120000123977661 3.0260000228881836
-0.9240000247955322 0.11399996280670166 2.5280001163482666
-0.9779999852180481 -0.12000000476837158 2.078000068664551
0.34800004959106445 -0.8159999847412109 2.6059999465942383
0.4140000343322754 -1.0260000228881836 3.200000047683716
-0.8999999761581421 0.11399996280670166 2.5280001163482666
-1.0019999742507935 0.09000003337860107 2.4559998512268066
0.30000007152557373 -0.6480000019073486 2.677999973297119
-0.9660000205039978 -0.37199997901916504 1.8259999752044678
-0.972000002861023 -0.023999929428100586 2.2160000801086426
0.3059999942779541 -0.671999990940094 2.6540000438690186
0.34200000762939453 -0.8040000200271606 2.5940001010894775
-0.9539999961853027 -0.4739999771118164 1.7540000677108765
0.4259999990463257 -1.0199999809265137 3.128000020980835
0.4440000057220459 -1.121999979019165 3.074000120162964
-0.972000002861023 -0.22200000286102295 1.9580000638961792
-0.9779999852180481 -0.22800004482269287 1.9520000219345093
0.33000004291534424 -0.7559999823570251 2.6059999465942383
-0.7440000176429749 0.10800004005432129 2.552000045776367
-0.9480000138282776 -0.5099999904632568 1.7300000190734863
-0.671999990940094 0.10199999809265137 2.5759999752044678
0.22800004482269287 -0.4739999771118164 2.803999900817871
0.4500000476837158 -1.1699999570846558 3.055999994277954
0.4559999704360962 -1.2419999837875366 2.936000108718872
-0.6299999952316284 0.09599995613098145 2.5880000591278076
-0.9839999675750732 0.10199999809265137 2.4800000190734863
0.4559999704360962 -1.2239999771118164 2.9720001220703125
-0.972000002861023 0.0 2.251999855041504
0.4559999704360962 -1.2239999771118164 2.9779999256134033
0.33000004291534424 -0.7739999890327454 2.5759999752044678
0.2640000581741333 -0.5460000038146973 2.74399995803833
0.3240000009536743 -0.7199999690055847 2.630000114440918
0.4500000476837158 -1.1460000276565552 3.055999994277954
0.437999963760376 -1.0440000295639038 3.0799999237060547
0.437999963760376 -1.0379999876022339 3.074000120162964
-0.9839999675750732 -0.09599995613098145 2.1019999980926514
-1.0019999742507935 0.09000003337860107 2.444000005722046
-0.972000002861023 -0.2999999523162842 1.8799999952316284
-0.9779999852180481 0.04200005531311035 2.3299999237060547
0.3179999589920044 -0.6959999799728394 2.6419999599456787
-0.9779999852180481 -0.011999964714050293 2.2280001640319824
0.2940000295639038 -0.6240000128746033 2.677999973297119
0.2760000228881836 -0.5699999928474426 2.7260000705718994
-0.9660000205039978 -0.3960000276565552 1.8020000457763672
-0.9539999961853027 -0.5040000081062317 1.7300000190734863
0.40799999237060547 -1.0199999809265137 3.253999948501587
-0.9779999852180481 -0.22200000286102295 1.9520000219345093
-0.972000002861023 -0.24599993228912354 1.9279999732971191
-0.9240000247955322 -0.5040000081062317 1.7300000190734863
-0.9779999852180481 -0.24599993228912354 1.9279999732971191
0.4320000410079956 -1.055999994277954 3.1579999923706055
0.4259999990463257 -0.9959999918937683 3.140000104904175
0.4500000476837158 -1.1399999856948853 3.0799999237060547
0.4140000343322754 -1.0199999809265137 3.2300000190734863
-0.9779999852180481 -0.1499999761581421 2.0299999713897705
-0.9779999852180481 -0.1979999542236328 1.9760000705718994
-0.972000002861023 -0.26999998092651367 1.9040000438690186
-0.9779999852180481 -0.023999929428100586 2.2039999961853027
-1.0019999742507935 0.06599998474121094 2.378000020980835
0.33000004291534424 -0.7260000109672546 2.630000114440918
-0.972000002861023 0.029999971389770508 2.3000001907348633
0.19200003147125244 -0.40799999237060547 2.8340001106262207
-0.8700000047683716 0.12000000476837158 2.5280001163482666
0.2760000228881836 -0.5579999685287476 2.75
-0.6480000019073486 0.10199999809265137 2.5759999752044678
0.4500000476837158 -1.121999979019165 3.0799999237060547
0.24600005149841309 -0.49800002574920654 2.7799999713897705
-0.9179999828338623 -0.5099999904632568 1.7239999771118164
0.4259999990463257 -0.9959999918937683 3.1519999504089355
-0.9839999675750732 -0.17400002479553223 2.0
0.4259999990463257 -1.0260000228881836 3.181999921798706
-0.9959999918937683 0.07800006866455078 2.4019999504089355
-0.9779999852180481 0.006000041961669922 2.251999855041504
0.2580000162124634 -0.5220000147819519 2.75600004196167
0.3359999656677246 -0.7799999713897705 2.569999933242798
0.4440000057220459 -1.062000036239624 3.0920000076293945
0.4620000123977661 -1.2480000257492065 2.9539999961853027
-0.8460000157356262 0.12000000476837158 2.5280001163482666
0.4140000343322754 -1.0379999876022339 3.253999948501587
-0.9240000247955322 -0.49800002574920654 1.7300000190734863
-0.8700000047683716 0.12000000476837158 2.5220000743865967
0.33000004291534424 -0.7199999690055847 2.630000114440918
-0.8999999761581421 0.12000000476837158 2.5160000324249268
0.3359999656677246 -0.75 2.6059999465942383
-0.9839999675750732 -0.07200002670288086 2.125999927520752
0.25199997425079346 -0.5040000081062317 2.7799999713897705
0.4320000410079956 -1.0199999809265137 3.1519999504089355
0.30000007152557373 -0.6240000128746033 2.677999973297119
-0.9240000247955322 0.12000000476837158 2.509999990463257
0.4500000476837158 -1.1159999370574951 3.1040000915527344
-0.9599999785423279 -0.41999995708465576 1.777999997138977
-0.9779999852180481 -0.26399993896484375 1.9040000438690186
-0.8219999670982361 0.12000000476837158 2.5280001163482666
-0.9959999918937683 0.060000061988830566 2.3540000915527344
-0.8399999737739563 0.12000000476837158 2.5220000743865967
0.2940000295639038 -0.5999999642372131 2.7019999027252197
-0.7199999690055847 0.11399996280670166 2.552000045776367
-0.7979999780654907 0.12000000476837158 2.5339999198913574
-0.972000002861023 -0.3240000009536743 1.850000023841858
-0.9300000071525574 -0.4919999837875366 1.7300000190734863
-0.9480000138282776 0.12000000476837158 2.503999948501587
-0.972000002861023 0.12000000476837158 2.503999948501587
0.4500000476837158 -1.0980000495910645 3.1040000915527344
0.4259999990463257 -1.0199999809265137 3.200000047683716
-0.972000002861023 0.029999971389770508 2.2880001068115234
-0.9779999852180481 -0.2879999876022339 1.8799999952316284
0.34800004959106445 -0.7979999780654907 2.5759999752044678
0.25199997425079346 -0.49800002574920654 2.7799999713897705
0.22200000286102295 -0.4440000057220459 2.815999984741211
-0.9779999852180481 0.024000048637390137 2.2760000228881836
0.36000001430511475 -0.8040000200271606 2.611999988555908
0.4440000057220459 -1.0199999809265137 3.0799999237060547
-0.9900000095367432 0.10199999809265137 2.450000047683716
0.2760000228881836 -0.5460000038146973 2.75
0.30000007152557373 -0.6060000061988831 2.7019999027252197
-0.972000002861023 0.12000000476837158 2.498000144958496
-0.7739999890327454 0.12000000476837158 2.5339999198913574
0.4500000476837158 -1.0740000009536743 3.1040000915527344
-0.9900000095367432 -0.12000000476837158 2.053999900817871
0.3359999656677246 -0.7919999957084656 2.5339999198913574
-0.9779999852180481 0.0 2.2280001640319824
-0.9900000095367432 0.10199999809265137 2.444000005722046
-0.972000002861023 -0.34800004959106445 1.8259999752044678
0.4620000123977661 -1.1460000276565552 3.049999952316284
-0.9959999918937683 0.07800006866455078 2.384000062942505
-0.9900000095367432 0.054000020027160645 2.3299999237060547
0.4440000057220459 -1.0199999809265137 3.1040000915527344
0.20399999618530273 -0.40799999237060547 2.8519999980926514
-0.6959999799728394 0.11399996280670166 2.552000045776367
-0.9839999675750732 -0.04799997806549072 2.1500000953674316
-0.9419999718666077 -0.5040000081062317 1.718000054359436
-0.75 0.12000000476837158 2.5399999618530273
0.36000001430511475 -0.7979999780654907 2.6059999465942383
0.30000007152557373 -0.5999999642372131 2.7019999027252197
0.4320000410079956 -1.0379999876022339 3.2060000896453857
-1.0019999742507935 0.06599998474121094 2.3540000915527344
0.4259999990463257 -1.0260000228881836 3.2300000190734863
-0.9599999785423279 -0.4440000057220459 1.7540000677108765
-0.8159999847412109 0.1260000467300415 2.5280001163482666
-0.9539999961853027 0.1260000467300415 2.503999948501587
-0.9779999852180481 0.04200005531311035 2.3000001907348633
-0.9419999718666077 0.1260000467300415 2.503999948501587
0.3240000009536743 -0.671999990940094 2.6480000019073486
-1.0019999742507935 0.07800006866455078 2.378000020980835
-0.9240000247955322 0.1260000467300415 2.503999948501587
-0.9660000205039978 -0.48000001907348633 1.7300000190734863
-0.9779999852180481 0.029999971389770508 2.2760000228881836
-0.8999999761581421 0.1260000467300415 2.503999948501587
-0.9900000095367432 -0.09599995613098145 2.078000068664551
0.24600005149841309 -0.4739999771118164 2.7920000553131104
0.4500000476837158 -1.0199999809265137 3.0799999237060547
-0.7979999780654907 0.1260000467300415 2.5280001163482666
0.34200000762939453 -0.7680000066757202 2.564000129699707
-0.9839999675750732 -0.023999929428100586 2.180000066757202
-0.972000002861023 -0.37199997901916504 1.8020000457763672
0.3179999589920044 -0.6480000019073486 2.6600000858306885
-1.0019999742507935 0.09000003337860107 2.4019999504089355
0.4500000476837158 -1.0320000648498535 3.1040000915527344
-0.972000002861023 -0.26999998092651367 1.8860000371932983
-0.671999990940094 0.11399996280670166 2.552000045776367
0.21599996089935303 -0.41999995708465576 2.828000068664551
0.4259999990463257 -1.0379999876022339 3.253999948501587
-0.7199999690055847 0.12000000476837158 2.5399999618530273
0.4739999771118164 -1.253999948501587 2.9600000381469727
0.4440000057220459 -1.0260000228881836 3.1519999504089355
-0.9480000138282776 -0.4739999771118164 1.7300000190734863
0.4739999771118164 -1.2360000610351562 2.9779999256134033
-0.9660000205039978 -0.4739999771118164 1.7300000190734863
0.4620000123977661 -1.0980000495910645 3.0799999237060547
0.4500000476837158 -1.0199999809265137 3.1040000915527344
-0.7739999890327454 0.1260000467300415 2.5280001163482666
-1.0019999742507935 0.10199999809265137 2.4260001182556152
0.4739999771118164 -1.2300000190734863 3.002000093460083
0.3539999723434448 -0.7799999713897705 2.5820000171661377
0.33000004291534424 -0.671999990940094 2.6540000438690186
-0.972000002861023 -0.2999999523162842 1.8560000658035278
0.4500000476837158 -1.0320000648498535 3.128000020980835
-0.9839999675750732 -0.22200000286102295 1.9279999732971191
-0.9839999675750732 -0.1979999542236328 1.9520000219345093
-0.9779999852180481 -0.24599993228912354 1.9040000438690186
0.34800004959106445 -0.75 2.5940001010894775
-0.9779999852180481 -0.3059999942779541 1.850000023841858
0.30000007152557373 -0.5759999752044678 2.7260000705718994
0.22800004482269287 -0.4320000410079956 2.828000068664551
-0.9900000095367432 -0.07200002670288086 2.1019999980926514
0.4739999771118164 -1.194000005722046 3.0320000648498535
-0.9839999675750732 -0.17400002479553223 1.9760000705718994
0.2640000581741333 -0.49800002574920654 2.7680001258850098
0.4500000476837158 -1.0199999809265137 3.128000020980835
-0.9779999852180481 -0.26999998092651367 1.8799999952316284
0.33000004291534424 -0.671999990940094 2.6419999599456787
-0.9660000205039978 -0.3960000276565552 1.777999997138977
-0.6959999799728394 0.12000000476837158 2.5399999618530273
0.2760000228881836 -0.5220000147819519 2.75
-0.6240000128746033 0.10800004005432129 2.552000045776367
-0.75 0.1260000467300415 2.5280001163482666
0.4739999771118164 -1.1699999570846558 3.0380001068115234
-0.6480000019073486 0.11399996280670166 2.552000045776367
0.3539999723434448 -0.7739999890327454 2.5759999752044678
-0.8700000047683716 0.13199996948242188 2.503999948501587
-0.9959999918937683 0.1260000467300415 2.4800000190734863
0.30000007152557373 -0.5699999928474426 2.7260000705718994
-0.9900000095367432 -0.1499999761581421 2.0
-1.0019999742507935 0.12000000476837158 2.4619998931884766
-1.0019999742507935 0.06599998474121094 2.3299999237060547
0.4620000123977661 -1.0499999523162842 3.0799999237060547
0.48000001907348633 -1.2480000257492065 2.9600000381469727
0.48000001907348633 -1.253999948501587 2.9600000381469727
-0.9779999852180481 -0.2999999523162842 1.850000023841858
-0.9839999675750732 0.0 2.2039999961853027
-0.8460000157356262 0.13199996948242188 2.503999948501587
0.4440000057220459 -1.0139999389648438 3.181999921798706
0.4500000476837158 -1.0199999809265137 3.1519999504089355
-1.0080000162124634 0.07800006866455078 2.3540000915527344
0.3539999723434448 -0.7440000176429749 2.6059999465942383
0.48000001907348633 -1.2239999771118164 3.002000093460083
-0.9839999675750732 0.10199999809265137 2.4079999923706055
-0.9900000095367432 0.054000020027160645 2.3000001907348633
0.4620000123977661 -1.1100000143051147 3.1519999504089355
-0.671999990940094 0.12000000476837158 2.5399999618530273
0.48000001907348633 -1.2120000123977661 3.0260000228881836
0.4739999771118164 -1.121999979019165 3.055999994277954
0.34800004959106445 -0.7199999690055847 2.611999988555908
-0.9900000095367432 -0.04799997806549072 2.125999927520752
-0.8219999670982361 0.13199996948242188 2.503999948501587
-0.9839999675750732 0.029999971389770508 2.251999855041504
-0.9900000095367432 -0.12000000476837158 2.0299999713897705
0.22800004482269287 -0.41999995708465576 2.828000068664551
-0.972000002861023 -0.3240000009536743 1.8259999752044678
-0.9779999852180481 -0.3240000009536743 1.8259999752044678
-0.7139999866485596 0.1260000467300415 2.5280001163482666
-0.972000002861023 -0.41999995708465576 1.7540000677108765
-1.0019999742507935 0.10199999809265137 2.4019999504089355
-0.972000002861023 0.13199996948242188 2.4800000190734863
0.2940000295639038 -0.5460000038146973 2.7320001125335693
0.4500000476837158 -0.9959999918937683 3.1519999504089355
0.4500000476837158 -1.0199999809265137 3.1760001182556152
0.33000004291534424 -0.6480000019073486 2.6540000438690186
-0.7979999780654907 0.13199996948242188 2.503999948501587
0.4739999771118164 -1.0980000495910645 3.068000078201294
0.25199997425079346 -0.4559999704360962 2.803999900817871
0.48600006103515625 -1.2480000257492065 2.9779999256134033
0.48000001907348633 -1.1519999504089355 3.055999994277954
0.48600006103515625 -1.2239999771118164 2.990000009536743
-0.9959999918937683 -0.09599995613098145 2.053999900817871
0.48000001907348633 -1.1460000276565552 3.055999994277954
0.3240000009536743 -0.6240000128746033 2.6660001277923584
0.24600005149841309 -0.4440000057220459 2.803999900817871
0.4500000476837158 -1.0320000648498535 3.200000047683716
0.48600006103515625 -1.2360000610351562 3.002000093460083
0.34800004959106445 -0.6959999799728394 2.630000114440918
-0.6480000019073486 0.12000000476837158 2.5399999618530273
-0.972000002861023 -0.34800004959106445 1.8020000457763672
-0.9779999852180481 -0.34800004959106445 1.8020000457763672
-0.9599999785423279 -0.49800002574920654 1.7000000476837158
-0.7739999890327454 0.13199996948242188 2.503999948501587
-0.972000002861023 -0.3240000009536743 1.8200000524520874
0.4739999771118164 -1.0740000009536743 3.074000120162964
0.48000001907348633 -1.121999979019165 3.055999994277954
0.2640000581741333 -0.4739999771118164 2.7799999713897705
0.4739999771118164 -1.0740000009536743 3.0799999237060547
-0.9959999918937683 -0.023999929428100586 2.1500000953674316
-1.0080000162124634 0.1260000467300415 2.450000047683716
0.3539999723434448 -0.7199999690055847 2.6059999465942383
-0.9480000138282776 0.1380000114440918 2.4800000190734863
0.4500000476837158 -1.0199999809265137 3.2060000896453857
-0.6179999709129333 0.11399996280670166 2.5339999198913574
-0.9240000247955322 0.1380000114440918 2.4800000190734863
0.4620000123977661 -1.0379999876022339 3.1519999504089355
0.3539999723434448 -0.7020000219345093 2.630000114440918
-0.972000002861023 -0.4440000057220459 1.7300000190734863
-0.9480000138282776 -0.4919999837875366 1.7000000476837158
-0.8999999761581421 0.1380000114440918 2.4800000190734863
-0.9240000247955322 -0.4919999837875366 1.7000000476837158
0.48000001907348633 -1.0980000495910645 3.062000036239624
-1.0139999389648438 0.07800006866455078 2.3299999237060547
-0.9959999918937683 -0.07200002670288086 2.078000068664551
0.3359999656677246 -0.6480000019073486 2.6480000019073486
0.36000001430511475 -0.75 2.5759999752044678
0.48600006103515625 -1.1460000276565552 3.0439999103546143
-0.6299999952316284 0.1260000467300415 2.558000087738037
0.25199997425079346 -0.4440000057220459 2.803999900817871
-0.972000002861023 -0.37199997901916504 1.777999997138977
-0.9779999852180481 -0.37199997901916504 1.777999997138977
0.48000001907348633 -1.0980000495910645 3.0799999237060547
0.33000004291534424 -0.6179999709129333 2.677999973297119
-0.6959999799728394 0.13199996948242188 2.5280001163482666
0.3539999723434448 -0.6959999799728394 2.630000114440918
-0.9900000095367432 0.054000020027160645 2.2760000228881836
-1.0019999742507935 0.06599998474121094 2.3000001907348633
0.4739999771118164 -1.0320000648498535 3.068000078201294
-0.9900000095367432 -0.1979999542236328 1.9279999732971191
-0.9900000095367432 -0.22200000286102295 1.9040000438690186
-0.9900000095367432 0.0 2.180000066757202
-1.0080000162124634 0.10199999809265137 2.378000020980835
0.24000000953674316 -0.41999995708465576 2.822000026702881
-0.9900000095367432 -0.17400002479553223 1.9520000219345093
0.3240000009536743 -0.5999999642372131 2.684000015258789
-0.9900000095367432 -0.24599993228912354 1.8799999952316284
0.26999998092651367 -0.4739999771118164 2.7739999294281006
-0.9900000095367432 0.029999971389770508 2.2280001640319824
0.4919999837875366 -1.194000005722046 3.0260000228881836
0.4620000123977661 -0.9359999895095825 2.8519999980926514
0.48000001907348633 -1.0740000009536743 3.0799999237060547
-0.6539999842643738 0.1260000467300415 2.5280001163482666
0.4739999771118164 -1.0139999389648438 3.062000036239624
0.2940000295639038 -0.5220000147819519 2.73799991607666
0.46800005435943604 -0.9900000095367432 3.0859999656677246
-0.9900000095367432 -0.1499999761581421 1.9760000705718994
0.3059999942779541 -0.5460000038146973 2.7260000705718994
0.46800005435943604 -0.9959999918937683 3.1040000915527344
-0.9959999918937683 -0.04799997806549072 2.1019999980926514
-0.75 0.1380000114440918 2.503999948501587
0.4620000123977661 -0.9240000247955322 2.8580000400543213
-0.972000002861023 -0.3960000276565552 1.7540000677108765
-0.9779999852180481 -0.3960000276565552 1.7540000677108765
0.48000001907348633 -1.0499999523162842 3.0799999237060547
0.3179999589920044 -0.5699999928474426 2.7079999446868896
-0.8700000047683716 0.14400005340576172 2.4800000190734863
-1.0199999809265137 0.1260000467300415 2.4260001182556152
-0.9900000095367432 0.10800004005432129 2.378000020980835
0.4739999771118164 -0.9959999918937683 3.068000078201294
0.49800002574920654 -1.2599999904632568 2.9779999256134033
0.2760000228881836 -0.4739999771118164 2.7799999713897705
-0.9839999675750732 -0.2999999523162842 1.8259999752044678
0.4620000123977661 -0.9240000247955322 2.828000068664551
0.2879999876022339 -0.49800002574920654 2.75600004196167
-0.8460000157356262 0.14400005340576172 2.4800000190734863
0.46800005435943604 -1.0379999876022339 3.1760001182556152
-0.9419999718666077 -0.4739999771118164 1.7000000476837158
-0.9839999675750732 -0.26999998092651367 1.850000023841858
-0.9959999918937683 0.1380000114440918 2.450000047683716
0.49800002574920654 -1.194000005722046 3.0199999809265137
0.46800005435943604 -0.9419999718666077 2.828000068664551
-0.6179999709129333 0.1260000467300415 2.5339999198913574
0.4440000057220459 -0.8640000224113464 2.7680001258850098
-0.8219999670982361 0.14400005340576172 2.4800000190734863
0.36600005626678467 -0.7559999823570251 2.552000045776367
-0.9959999918937683 -0.09599995613098145 2.0299999713897705
0.48000001907348633 -1.0199999809265137 3.0799999237060547
0.23399996757507324 -0.3960000276565552 2.828000068664551
0.49800002574920654 -1.1699999570846558 3.0320000648498535
-0.6480000019073486 0.13199996948242188 2.5280001163482666
-0.9959999918937683 -0.12000000476837158 2.0
-0.9839999675750732 -0.3240000009536743 1.8020000457763672
0.4739999771118164 -0.9539999961853027 2.864000082015991
-0.972000002861023 -0.3960000276565552 1.7480000257492065
-0.9959999918937683 -0.023999929428100586 2.125999927520752
-1.0080000162124634 0.10199999809265137 2.3540000915527344
0.4739999771118164 -0.9480000138282776 2.875999927520752
-0.9539999961853027 -0.4679999351501465 1.7000000476837158
0.25199997425079346 -0.41999995708465576 2.828000068664551
0.4739999771118164 -0.9599999785423279 2.828000068664551
-0.972000002861023 -0.41999995708465576 1.7300000190734863
-1.0019999742507935 0.06599998474121094 2.2760000228881836
0.3539999723434448 -0.6539999842643738 2.6540000438690186
-0.9900000095367432 0.054000020027160645 2.251999855041504
0.33000004291534424 -0.5820000171661377 2.7019999027252197
-1.0139999389648438 0.07800006866455078 2.3000001907348633
0.46800005435943604 -0.906000018119812 2.9240000247955322
-1.0019999742507935 -0.006000041961669922 2.1500000953674316
0.30000007152557373 -0.5099999904632568 2.75
0.36600005626678467 -0.7559999823570251 2.5399999618530273
-0.972000002861023 -0.3659999370574951 1.7660000324249268
0.48000001907348633 -0.9599999785423279 2.9119999408721924
0.3359999656677246 -0.5999999642372131 2.677999973297119
-0.9959999918937683 -0.07200002670288086 2.053999900817871
0.49800002574920654 -1.121999979019165 3.049999952316284
0.3539999723434448 -0.6480000019073486 2.6540000438690186
0.5039999485015869 -1.2120000123977661 3.0260000228881836
-1.0019999742507935 -0.03600001335144043 2.1019999980926514
0.48000001907348633 -0.9599999785423279 2.875999927520752
-0.9839999675750732 -0.34800004959106445 1.777999997138977
-1.0139999389648438 0.1260000467300415 2.4019999504089355
-0.9959999918937683 0.029999971389770508 2.2039999961853027
0.5039999485015869 -1.194000005722046 3.0260000228881836
0.4739999771118164 -0.9539999961853027 2.803999900817871
-0.7199999690055847 0.14400005340576172 2.503999948501587
-0.9959999918937683 -0.04799997806549072 2.0840001106262207
0.3179999589920044 -0.5460000038146973 2.7200000286102295
0.37199997901916504 -0.7199999690055847 2.5999999046325684
-0.9779999852180481 -0.4140000343322754 1.7300000190734863
0.24000000953674316 -0.3960000276565552 2.822000026702881
0.48000001907348633 -0.972000002861023 2.828000068664551
0.37199997901916504 -0.75 2.558000087738037
-0.9959999918937683 -0.1499999761581421 1.9580000638961792
0.4500000476837158 -0.8519999980926514 2.7920000553131104
0.48600006103515625 -1.0019999742507935 3.049999952316284
-0.8999999761581421 0.1499999761581421 2.4619998931884766
0.4739999771118164 -0.9480000138282776 2.803999900817871
0.26999998092651367 -0.4440000057220459 2.7920000553131104
0.46800005435943604 -0.8999999761581421 2.8519999980926514
-0.972000002861023 -0.41999995708465576 1.7239999771118164
-0.8460000157356262 0.1499999761581421 2.4679999351501465
-0.8219999670982361 0.1499999761581421 2.4739999771118164
-0.9480000138282776 -0.4859999418258667 1.6820000410079956
0.48600006103515625 -0.9959999918937683 3.055999994277954
-0.9240000247955322 0.1499999761581421 2.4559998512268066
-0.8700000047683716 0.1499999761581421 2.4619998931884766
0.33000004291534424 -0.5699999928474426 2.7019999027252197
-0.9959999918937683 0.0 2.1500000953674316
0.34800004959106445 -0.6240000128746033 2.6600000858306885
-0.9959999918937683 -0.07200002670288086 2.047999858856201
0.5039999485015869 -1.1460000276565552 3.0380001068115234
-0.7979999780654907 0.1499999761581421 2.4800000190734863
-1.0019999742507935 0.0 2.1500000953674316
0.2580000162124634 -0.41999995708465576 2.809999942779541
0.4739999771118164 -0.9419999718666077 2.7980000972747803
-0.9900000095367432 -0.1979999542236328 1.9040000438690186
0.46800005435943604 -0.8999999761581421 2.828000068664551
0.37800002098083496 -0.7440000176429749 2.5759999752044678
-0.9959999918937683 -0.17400002479553223 1.9279999732971191
-0.9900000095367432 -0.22200000286102295 1.8799999952316284
0.30000007152557373 -0.49800002574920654 2.75
0.37800002098083496 -0.7619999647140503 2.552000045776367
-1.0019999742507935 -0.06599998474121094 2.053999900817871
-1.0019999742507935 -0.04799997806549072 2.078000068664551
-0.6959999799728394 0.14400005340576172 2.503999948501587
0.2879999876022339 -0.4739999771118164 2.76200008392334
-0.9419999718666077 0.1499999761581421 2.450000047683716
-0.972000002861023 0.1499999761581421 2.450000047683716
0.49800002574920654 -1.0740000009536743 3.062000036239624
0.5099999904632568 -1.2480000257492065 3.002000093460083
0.37800002098083496 -0.7199999690055847 2.6059999465942383
0.4620000123977661 -0.8700000047683716 2.828000068664551
-0.7979999780654907 0.1499999761581421 2.4739999771118164
0.4919999837875366 -1.0199999809265137 3.055999994277954
0.48600006103515625 -0.972000002861023 2.8519999980926514
-0.9839999675750732 -0.37199997901916504 1.7540000677108765
-1.0019999742507935 -0.10800004005432129 2.0
-0.9900000095367432 0.12000000476837158 2.371999979019165
0.5039999485015869 -1.128000020980835 3.055999994277954
0.34200000762939453 -0.5999999642372131 2.671999931335449
0.5099999904632568 -1.194000005722046 3.0139999389648438
0.4739999771118164 -0.8999999761581421 2.9000000953674316
-0.7739999890327454 0.1499999761581421 2.4800000190734863
0.4739999771118164 -0.9240000247955322 2.809999942779541
0.5039999485015869 -1.121999979019165 3.055999994277954
0.36600005626678467 -0.671999990940094 2.630000114440918
-1.0019999742507935 -0.011999964714050293 2.125999927520752
-0.9959999918937683 -0.023999929428100586 2.1080000400543213
0.48000001907348633 -1.0080000162124634 3.1579999923706055
0.37199997901916504 -0.6959999799728394 2.611999988555908
-0.9959999918937683 -0.09599995613098145 2.01200008392334
-0.972000002861023 0.1499999761581421 2.444000005722046
0.5099999904632568 -1.1699999570846558 3.0199999809265137
-1.0199999809265137 0.10199999809265137 2.3299999237060547
-0.6539999842643738 0.1380000114440918 2.503999948501587
0.5099999904632568 -1.1699999570846558 3.0260000228881836
-1.0019999742507935 -0.1260000467300415 1.9760000705718994
-1.0199999809265137 0.1260000467300415 2.384000062942505
0.4919999837875366 -0.9959999918937683 3.0380001068115234
0.48000001907348633 -0.9480000138282776 2.803999900817871
0.48000001907348633 -1.0199999809265137 3.1760001182556152
0.36000001430511475 -0.6480000019073486 2.6419999599456787
0.37800002098083496 -0.7199999690055847 2.5940001010894775
0.5039999485015869 -1.0980000495910645 3.055999994277954
0.4739999771118164 -0.8939999938011169 2.875999927520752
-0.9660000205039978 -0.4859999418258667 1.6759999990463257
-0.6480000019073486 0.1380000114440918 2.503999948501587
0.49800002574920654 -1.0379999876022339 3.055999994277954
0.48000001907348633 -1.0260000228881836 3.187999963760376
0.2760000228881836 -0.437999963760376 2.803999900817871
-0.75 0.1499999761581421 2.4800000190734863
-1.0260000228881836 0.09000003337860107 2.3000001907348633
0.46800005435943604 -0.8700000047683716 2.8519999980926514
-0.9959999918937683 -0.1499999761581421 1.9459999799728394
0.4020000696182251 -0.7919999957084656 2.5820000171661377
-0.9959999918937683 0.054000020027160645 2.2280001640319824
0.46800005435943604 -0.8819999694824219 2.809999942779541
-0.972000002861023 -0.4440000057220459 1.7000000476837158
-0.9779999852180481 -0.4440000057220459 1.7000000476837158
0.3539999723434448 -0.6240000128746033 2.6540000438690186
-1.0019999742507935 -0.07799994945526123 2.0299999713897705
0.4919999837875366 -0.9900000095367432 2.828000068664551
-1.0019999742507935 -0.14399993419647217 1.9520000219345093
-0.9900000095367432 -0.24599993228912354 1.850000023841858
-1.0019999742507935 -0.023999929428100586 2.1019999980926514
0.5160000324249268 -1.253999948501587 2.9720001220703125
-0.9480000138282776 0.156000018119812 2.450000047683716
0.5039999485015869 -1.0740000009536743 3.055999994277954
0.5160000324249268 -1.2599999904632568 2.9779999256134033
0.33000004291534424 -0.5460000038146973 2.7260000705718994
0.49800002574920654 -1.0019999742507935 2.881999969482422
-0.9240000247955322 0.156000018119812 2.450000047683716
0.5160000324249268 -1.2239999771118164 3.002000093460083
-0.9839999675750732 -0.3960000276565552 1.7300000190734863
-0.9900000095367432 -0.2999999523162842 1.8020000457763672
-0.8999999761581421 0.156000018119812 2.450000047683716
0.46800005435943604 -0.8700000047683716 2.822000026702881
-0.9959999918937683 0.1499999761581421 2.432000160217285
0.5160000324249268 -1.2719999551773071 3.002000093460083
-0.7739999890327454 0.156000018119812 2.4800000190734863
-0.9959999918937683 -0.12000000476837158 1.9760000705718994
-0.7199999690055847 0.1499999761581421 2.4860000610351562
0.49800002574920654 -0.9959999918937683 2.875999927520752
-1.0019999742507935 -0.12000000476837158 1.9760000705718994
0.48000001907348633 -1.0260000228881836 3.2060000896453857
-1.0199999809265137 0.10199999809265137 2.317999839782715
-0.9900000095367432 -0.26999998092651367 1.8259999752044678
0.49800002574920654 -1.0019999742507935 2.8519999980926514
0.48000001907348633 -0.9240000247955322 2.803999900817871
-0.9959999918937683 0.029999971389770508 2.180000066757202
-1.0019999742507935 -0.16199994087219238 1.9279999732971191
0.5039999485015869 -1.0499999523162842 3.055999994277954
0.49800002574920654 -0.9959999918937683 2.8519999980926514
0.4919999837875366 -0.9779999852180481 2.809999942779541
0.37800002098083496 -0.6959999799728394 2.6059999465942383
0.4739999771118164 -0.8700000047683716 2.875999927520752
-1.0019999742507935 0.07200002670288086 2.251999855041504
-0.9539999961853027 -0.4739999771118164 1.6759999990463257
-0.9480000138282776 -0.4739999771118164 1.6759999990463257
-1.0019999742507935 -0.07200002670288086 2.0299999713897705
-1.0019999742507935 -0.09599995613098145 2.0
-0.75 0.156000018119812 2.4800000190734863
-0.6179999709129333 0.1380000114440918 2.503999948501587
0.37800002098083496 -0.6779999732971191 2.630000114440918
0.4919999837875366 -0.972000002861023 2.803999900817871
-1.0320000648498535 0.1499999761581421 2.4260001182556152
-0.9900000095367432 -0.3240000009536743 1.777999997138977
0.2580000162124634 -0.3960000276565552 2.828000068664551
-0.6959999799728394 0.1499999761581421 2.4860000610351562
0.312000036239624 -0.49800002574920654 2.73799991607666
0.5220000743865967 -1.2480000257492065 2.9779999256134033
-1.0019999742507935 0.0 2.125999927520752
0.3240000009536743 -0.5220000147819519 2.7260000705718994
0.5220000743865967 -1.2239999771118164 2.996000051498413
-0.6539999842643738 0.156000018119812 2.5280001163482666
0.5039999485015869 -1.0199999809265137 3.055999994277954
0.37800002098083496 -0.671999990940094 2.630000114440918
0.3539999723434448 -0.593999981880188 2.677999973297119
0.5039999485015869 -1.0019999742507935 2.8519999980926514
-0.9959999918937683 0.054000020027160645 2.2100000381469727
0.2879999876022339 -0.4440000057220459 2.7799999713897705
-0.8700000047683716 0.16200006008148193 2.450000047683716
-0.9660000205039978 0.156000018119812 2.4260001182556152
0.2760000228881836 -0.41999995708465576 2.803999900817871
-0.9959999918937683 0.029999971389770508 2.1679999828338623
-1.0080000162124634 -0.04799997806549072 2.053999900817871
0.5039999485015869 -0.9959999918937683 2.8519999980926514
0.38999998569488525 -0.75 2.552000045776367
-1.0199999809265137 0.1260000467300415 2.3540000915527344
0.5039999485015869 -1.0199999809265137 3.0799999237060547
-0.9959999918937683 0.156000018119812 2.4260001182556152
0.5099999904632568 -1.0199999809265137 2.9000000953674316
-0.7199999690055847 0.156000018119812 2.4800000190734863
-1.0080000162124634 0.07800006866455078 2.251999855041504
-1.0080000162124634 0.156000018119812 2.4260001182556152
-1.0199999809265137 0.09000003337860107 2.2760000228881836
-0.9900000095367432 -0.34800004959106445 1.7540000677108765
-0.8460000157356262 0.16200006008148193 2.450000047683716
0.3960000276565552 -0.7799999713897705 2.5339999198913574
-1.0019999742507935 0.06599998474121094 2.2280001640319824
-0.671999990940094 0.1499999761581421 2.4860000610351562
-1.0320000648498535 0.10199999809265137 2.3000001907348633
0.34800004959106445 -0.5699999928474426 2.690000057220459
-0.9959999918937683 -0.17400002479553223 1.9040000438690186
-0.9959999918937683 -0.1979999542236328 1.8799999952316284
0.48000001907348633 -0.8759999871253967 2.828000068664551
0.4739999771118164 -0.8460000157356262 2.8519999980926514
-1.0019999742507935 -0.17400002479553223 1.9040000438690186
-1.0019999742507935 -0.1979999542236328 1.8799999952316284
-1.0019999742507935 0.054000020027160645 2.2039999961853027
-0.9599999785423279 -0.48000001907348633 1.6640000343322754
0.36600005626678467 -0.6240000128746033 2.6480000019073486
0.5039999485015869 -1.0199999809265137 3.1040000915527344
0.5039999485015869 -0.9900000095367432 2.828000068664551
0.33000004291534424 -0.5220000147819519 2.7260000705718994
0.5099999904632568 -1.0199999809265137 3.0380001068115234
-1.0019999742507935 -0.1499999761581421 1.9279999732971191
0.30000007152557373 -0.4559999704360962 2.7799999713897705
0.5280001163482666 -1.2480000257492065 2.9779999256134033
0.38999998569488525 -0.75 2.5399999618530273
0.48000001907348633 -0.8640000224113464 2.8519999980926514
0.5280001163482666 -1.2599999904632568 2.9779999256134033
0.48000001907348633 -0.8700000047683716 2.828000068664551
-1.0260000228881836 0.09000003337860107 2.2699999809265137
0.5220000743865967 -1.121999979019165 3.0380001068115234
-0.9839999675750732 -0.41999995708465576 1.7000000476837158
0.5280001163482666 -1.2239999771118164 3.002000093460083
-1.0019999742507935 0.04200005531311035 2.180000066757202
-0.6959999799728394 0.156000018119812 2.4800000190734863
0.5280001163482666 -1.2660000324249268 3.002000093460083
0.48600006103515625 -0.8999999761581421 2.803999900817871
0.4739999771118164 -0.8399999737739563 2.8399999141693115
-1.0260000228881836 0.12000000476837158 2.3299999237060547
-0.8040000200271606 0.16200006008148193 2.450000047683716
-0.6480000019073486 0.16200006008148193 2.5280001163482666
0.36000001430511475 -0.5999999642372131 2.6600000858306885
-1.0379999876022339 0.1499999761581421 2.4019999504089355
-1.0080000162124634 -0.023999929428100586 2.078000068664551
-0.9480000138282776 0.16200006008148193 2.4260001182556152
-0.7979999780654907 0.16200006008148193 2.450000047683716
0.5160000324249268 -1.0260000228881836 2.9000000953674316
0.5099999904632568 -1.0019999742507935 2.8459999561309814
0.5160000324249268 -1.0260000228881836 2.8940000534057617
0.49800002574920654 -0.9599999785423279 2.7860000133514404
