ply
format ascii 1.0
element vertex 8000
property float x
property float y
property float z
end_header
0.5099999904632568 -0.5460000038146973 2.803999900817871
0.5280001163482666 -0.5460000038146973 2.803999900817871
0.5280001163482666 -0.5460000038146973 2.7980000972747803
0.48600006103515625 -0.5460000038146973 2.809999942779541
0.5039999485015869 -0.5699999928474426 2.803999900817871
0.5160000324249268 -0.5699999928474426 2.7980000972747803
0.5220000743865967 -0.5220000147819519 2.809999942779541
0.5280001163482666 -0.5699999928474426 2.803999900817871
0.5280001163482666 -0.5220000147819519 2.809999942779541
0.5039999485015869 -0.5220000147819519 2.828000068664551
0.5280001163482666 -0.5759999752044678 2.803999900817871
0.4739999771118164 -0.5460000038146973 2.815999984741211
0.48000001907348633 -0.5699999928474426 2.803999900817871
0.48000001907348633 -0.5339999794960022 2.828000068664551
0.5520000457763672 -0.5460000038146973 2.803999900817871
0.5039999485015869 -0.5879999995231628 2.803999900817871
0.48000001907348633 -0.5220000147819519 2.822000026702881
0.48000001907348633 -0.5220000147819519 2.828000068664551
0.5520000457763672 -0.5640000104904175 2.803999900817871
0.5460000038146973 -0.5699999928474426 2.7860000133514404
0.4739999771118164 -0.5220000147819519 2.822000026702881
0.5520000457763672 -0.5220000147819519 2.803999900817871
0.5280001163482666 -0.5040000081062317 2.828000068664551
0.5220000743865967 -0.49800002574920654 2.822000026702881
0.5039999485015869 -0.49800002574920654 2.828000068664551
0.564000129699707 -0.5460000038146973 2.7920000553131104
0.5280001163482666 -0.49800002574920654 2.828000068664551
0.4919999837875366 -0.5999999642372131 2.7920000553131104
0.5220000743865967 -0.5999999642372131 2.7799999713897705
0.5460000038146973 -0.49800002574920654 2.815999984741211
0.48000001907348633 -0.49800002574920654 2.828000068664551
0.48000001907348633 -0.5999999642372131 2.803999900817871
0.5280001163482666 -0.5999999642372131 2.7799999713897705
0.4559999704360962 -0.5220000147819519 2.828000068664551
0.564000129699707 -0.5699999928474426 2.7799999713897705
0.4500000476837158 -0.5460000038146973 2.828000068664551
0.4739999771118164 -0.49800002574920654 2.828000068664551
0.4500000476837158 -0.5699999928474426 2.809999942779541
0.4500000476837158 -0.5519999861717224 2.828000068664551
0.5759999752044678 -0.5460000038146973 2.803999900817871
0.46800005435943604 -0.5999999642372131 2.7980000972747803
0.5759999752044678 -0.5220000147819519 2.803999900817871
0.4440000057220459 -0.5699999928474426 2.809999942779541
0.5460000038146973 -0.5999999642372131 2.7739999294281006
0.48000001907348633 -0.6119999885559082 2.803999900817871
0.5520000457763672 -0.5999999642372131 2.7799999713897705
0.564000129699707 -0.49800002574920654 2.809999942779541
0.5520000457763672 -0.4919999837875366 2.828000068664551
0.5759999752044678 -0.5699999928474426 2.7799999713897705
0.5280001163482666 -0.6179999709129333 2.7799999713897705
0.5099999904632568 -0.4739999771118164 2.8340001106262207
0.5280001163482666 -0.4739999771118164 2.828000068664551
0.4320000410079956 -0.5460000038146973 2.822000026702881
0.5880000591278076 -0.5460000038146973 2.7860000133514404
0.4500000476837158 -0.5999999642372131 2.803999900817871
0.5820000171661377 -0.5699999928474426 2.7739999294281006
0.5039999485015869 -0.6240000128746033 2.7799999713897705
0.5880000591278076 -0.5220000147819519 2.7920000553131104
0.48600006103515625 -0.4739999771118164 2.8399999141693115
0.49800002574920654 -0.6240000128746033 2.7739999294281006
0.5520000457763672 -0.4739999771118164 2.822000026702881
0.5099999904632568 -0.6240000128746033 2.7680001258850098
0.5820000171661377 -0.5879999995231628 2.7799999713897705
0.5520000457763672 -0.4739999771118164 2.828000068664551
0.48000001907348633 -0.6240000128746033 2.7799999713897705
0.4259999990463257 -0.5460000038146973 2.828000068664551
0.5280001163482666 -0.6240000128746033 2.76200008392334
0.46800005435943604 -0.6240000128746033 2.7860000133514404
0.4259999990463257 -0.5699999928474426 2.828000068664551
0.5699999332427979 -0.5999999642372131 2.76200008392334
0.5880000591278076 -0.49800002574920654 2.803999900817871
0.48000001907348633 -0.4739999771118164 2.8519999980926514
0.5039999485015869 -0.4679999351501465 2.8519999980926514
0.4259999990463257 -0.5220000147819519 2.8340001106262207
0.4500000476837158 -0.4919999837875366 2.8519999980926514
0.5759999752044678 -0.6119999885559082 2.7860000133514404
0.5759999752044678 -0.48000001907348633 2.828000068664551
0.4500000476837158 -0.6240000128746033 2.803999900817871
0.6059999465942383 -0.5220000147819519 2.7920000553131104
0.4259999990463257 -0.5999999642372131 2.803999900817871
0.6059999465942383 -0.515999972820282 2.803999900817871
0.5759999752044678 -0.4739999771118164 2.828000068664551
0.5520000457763672 -0.6240000128746033 2.75600004196167
0.5699999332427979 -0.6240000128746033 2.7799999713897705
0.4259999990463257 -0.515999972820282 2.8519999980926514
0.6059999465942383 -0.5699999928474426 2.7799999713897705
0.4500000476837158 -0.4739999771118164 2.8459999561309814
0.5580000877380371 -0.6359999775886536 2.815999984741211
0.4440000057220459 -0.6240000128746033 2.7920000553131104
0.4259999990463257 -0.49800002574920654 2.8399999141693115
0.48000001907348633 -0.6420000195503235 2.7799999713897705
0.5280001163482666 -0.4559999704360962 2.8519999980926514
0.4200000762939453 -0.5999999642372131 2.803999900817871
0.6059999465942383 -0.5820000171661377 2.7799999713897705
0.4500000476837158 -0.4739999771118164 2.8519999980926514
0.5699999332427979 -0.6299999952316284 2.7799999713897705
0.4320000410079956 -0.5759999752044678 2.870000123977661
0.6059999465942383 -0.49800002574920654 2.803999900817871
0.5520000457763672 -0.6420000195503235 2.828000068664551
0.4259999990463257 -0.49800002574920654 2.8519999980926514
0.40799999237060547 -0.5220000147819519 2.8340001106262207
0.4020000696182251 -0.5460000038146973 2.828000068664551
0.5940001010894775 -0.5999999642372131 2.75600004196167
0.4020000696182251 -0.5699999928474426 2.822000026702881
0.6119999885559082 -0.49800002574920654 2.7980000972747803
0.5039999485015869 -0.4440000057220459 2.8519999980926514
0.4020000696182251 -0.5699999928474426 2.828000068664551
0.5460000038146973 -0.4440000057220459 2.8399999141693115
0.5280001163482666 -0.4440000057220459 2.8519999980926514
0.4259999990463257 -0.6240000128746033 2.803999900817871
0.4140000343322754 -0.49800002574920654 2.8459999561309814
0.5520000457763672 -0.4500000476837158 2.8519999980926514
0.5999999046325684 -0.4739999771118164 2.809999942779541
0.5099999904632568 -0.6480000019073486 2.75
0.5759999752044678 -0.6240000128746033 2.75
0.49800002574920654 -0.6480000019073486 2.75
0.4020000696182251 -0.5820000171661377 2.828000068664551
0.624000072479248 -0.5460000038146973 2.7799999713897705
0.5280001163482666 -0.6480000019073486 2.75
0.4620000123977661 -0.6480000019073486 2.7680001258850098
0.4200000762939453 -0.6240000128746033 2.7980000972747803
0.48000001907348633 -0.4440000057220459 2.8580000400543213
0.5520000457763672 -0.4440000057220459 2.8519999980926514
0.4259999990463257 -0.4739999771118164 2.8519999980926514
0.4500000476837158 -0.6480000019073486 2.7799999713897705
0.4020000696182251 -0.515999972820282 2.8519999980926514
0.624000072479248 -0.5699999928474426 2.7680001258850098
0.5399999618530273 -0.6480000019073486 2.74399995803833
0.5699999332427979 -0.4440000057220459 2.8340001106262207
0.630000114440918 -0.5460000038146973 2.7799999713897705
0.5520000457763672 -0.6480000019073486 2.75
0.4259999990463257 -0.6359999775886536 2.803999900817871
0.4739999771118164 -0.4440000057220459 2.864000082015991
0.630000114440918 -0.5699999928474426 2.7799999713897705
0.3960000276565552 -0.5999999642372131 2.809999942779541
0.437999963760376 -0.6480000019073486 2.7799999713897705
0.5280001163482666 -0.671999990940094 2.803999900817871
0.6119999885559082 -0.5999999642372131 2.75
0.4020000696182251 -0.49800002574920654 2.8519999980926514
0.3840000629425049 -0.5460000038146973 2.828000068664551
0.630000114440918 -0.49800002574920654 2.803999900817871
0.5940001010894775 -0.6240000128746033 2.74399995803833
0.6180000305175781 -0.4739999771118164 2.803999900817871
0.4500000476837158 -0.4559999704360962 2.875999927520752
0.5759999752044678 -0.4440000057220459 2.8519999980926514
0.48000001907348633 -0.671999990940094 2.7799999713897705
0.48600006103515625 -0.437999963760376 2.875999927520752
0.3960000276565552 -0.49800002574920654 2.8519999980926514
0.6359999179840088 -0.5040000081062317 2.803999900817871
0.5520000457763672 -0.6599999666213989 2.75
0.564000129699707 -0.6480000019073486 2.73799991607666
0.3840000629425049 -0.5220000147819519 2.8399999141693115
0.4020000696182251 -0.6240000128746033 2.803999900817871
0.5460000038146973 -0.671999990940094 2.7799999713897705
0.5280001163482666 -0.6779999732971191 2.803999900817871
0.6059999465942383 -0.4559999704360962 2.828000068664551
0.5940001010894775 -0.4440000057220459 2.828000068664551
0.5280001163482666 -0.6779999732971191 2.7860000133514404
0.6059999465942383 -0.6240000128746033 2.75
0.40799999237060547 -0.4739999771118164 2.8580000400543213
0.6419999599456787 -0.5220000147819519 2.7799999713897705
0.37800002098083496 -0.5699999928474426 2.828000068664551
0.3840000629425049 -0.593999981880188 2.828000068664551
0.564000129699707 -0.671999990940094 2.803999900817871
0.5039999485015869 -0.671999990940094 2.75
0.5399999618530273 -0.41999995708465576 2.8519999980926514
0.4919999837875366 -0.671999990940094 2.75
0.5280001163482666 -0.671999990940094 2.75
0.5759999752044678 -0.6480000019073486 2.73799991607666
0.4500000476837158 -0.4440000057220459 2.875999927520752
0.5759999752044678 -0.6660000085830688 2.7799999713897705
0.564000129699707 -0.671999990940094 2.7799999713897705
0.46800005435943604 -0.671999990940094 2.76200008392334
0.5099999904632568 -0.41999995708465576 2.864000082015991
0.630000114440918 -0.4739999771118164 2.803999900817871
0.5399999618530273 -0.6779999732971191 2.7680001258850098
0.4919999837875366 -0.41999995708465576 2.864000082015991
0.6419999599456787 -0.49800002574920654 2.7920000553131104
0.4140000343322754 -0.6480000019073486 2.7860000133514404
0.6059999465942383 -0.4440000057220459 2.822000026702881
0.37199997901916504 -0.5460000038146973 2.8340001106262207
0.437999963760376 -0.4440000057220459 2.870000123977661
0.48000001907348633 -0.6840000152587891 2.809999942779541
0.4500000476837158 -0.671999990940094 2.7799999713897705
0.37800002098083496 -0.527999997138977 2.8519999980926514
0.6059999465942383 -0.4440000057220459 2.828000068664551
0.5759999752044678 -0.671999990940094 2.803999900817871
0.630000114440918 -0.5999999642372131 2.75
0.5759999752044678 -0.6599999666213989 2.75
0.37800002098083496 -0.5220000147819519 2.8519999980926514
0.6480000019073486 -0.5460000038146973 2.7680001258850098
0.4259999990463257 -0.4559999704360962 2.875999927520752
0.5220000743865967 -0.671999990940094 2.73799991607666
0.4020000696182251 -0.6420000195503235 2.803999900817871
0.6419999599456787 -0.5699999928474426 2.75
0.6359999179840088 -0.6179999709129333 2.7980000972747803
0.5039999485015869 -0.41999995708465576 2.875999927520752
0.4020000696182251 -0.48000001907348633 2.875999927520752
0.6540000438690186 -0.5460000038146973 2.7799999713897705
0.6540000438690186 -0.5519999861717224 2.7799999713897705
0.5580000877380371 -0.6840000152587891 2.803999900817871
0.5999999046325684 -0.6480000019073486 2.75
0.4739999771118164 -0.41999995708465576 2.870000123977661
0.5699999332427979 -0.41999995708465576 2.8519999980926514
0.6540000438690186 -0.5220000147819519 2.7799999713897705
0.5699999332427979 -0.6779999732971191 2.8340001106262207
0.5399999618530273 -0.671999990940094 2.7320001125335693
0.48000001907348633 -0.41999995708465576 2.875999927520752
0.4020000696182251 -0.4739999771118164 2.875999927520752
0.37199997901916504 -0.5999999642372131 2.815999984741211
0.6180000305175781 -0.6240000128746033 2.73799991607666
0.630000114440918 -0.6179999709129333 2.75
0.6059999465942383 -0.6480000019073486 2.75
0.5759999752044678 -0.41999995708465576 2.8519999980926514
0.4259999990463257 -0.4440000057220459 2.875999927520752
0.5759999752044678 -0.6779999732971191 2.8340001106262207
0.5520000457763672 -0.671999990940094 2.7320001125335693
0.4200000762939453 -0.4440000057220459 2.870000123977661
0.5280001163482666 -0.4140000343322754 2.875999927520752
0.4620000123977661 -0.6899999976158142 2.809999942779541
0.5699999332427979 -0.6840000152587891 2.7799999713897705
0.5880000591278076 -0.41999995708465576 2.8399999141693115
0.5580000877380371 -0.41999995708465576 2.875999927520752
0.4259999990463257 -0.671999990940094 2.7799999713897705
0.37800002098083496 -0.6240000128746033 2.809999942779541
0.4259999990463257 -0.671999990940094 2.7739999294281006
0.48000001907348633 -0.6959999799728394 2.7799999713897705
0.6600000858306885 -0.5220000147819519 2.7739999294281006
0.630000114440918 -0.4500000476837158 2.828000068664551
0.6540000438690186 -0.5699999928474426 2.75
0.6540000438690186 -0.4859999418258667 2.803999900817871
0.6059999465942383 -0.4320000410079956 2.8519999980926514
0.3840000629425049 -0.4739999771118164 2.864000082015991
0.4500000476837158 -0.41999995708465576 2.875999927520752
0.36000001430511475 -0.5220000147819519 2.8459999561309814
0.4200000762939453 -0.671999990940094 2.7739999294281006
0.4500000476837158 -0.6899999976158142 2.828000068664551
0.4500000476837158 -0.6840000152587891 2.75600004196167
0.38999998569488525 -0.6480000019073486 2.7920000553131104
0.6059999465942383 -0.6599999666213989 2.75
0.6600000858306885 -0.49800002574920654 2.7860000133514404
0.630000114440918 -0.4440000057220459 2.828000068664551
0.630000114440918 -0.6359999775886536 2.75
0.5039999485015869 -0.6959999799728394 2.75
0.3539999723434448 -0.5699999928474426 2.828000068664551
0.6059999465942383 -0.671999990940094 2.7799999713897705
0.4140000343322754 -0.671999990940094 2.7799999713897705
0.5759999752044678 -0.6899999976158142 2.7799999713897705
0.4440000057220459 -0.6840000152587891 2.75600004196167
0.6540000438690186 -0.4739999771118164 2.803999900817871
0.5160000324249268 -0.6899999976158142 2.7320001125335693
0.36600005626678467 -0.49800002574920654 2.8580000400543213
0.6540000438690186 -0.593999981880188 2.75
0.6119999885559082 -0.6480000019073486 2.7320001125335693
0.48600006103515625 -0.6959999799728394 2.75
0.40799999237060547 -0.4440000057220459 2.875999927520752
0.5580000877380371 -0.6959999799728394 2.7680001258850098
0.37800002098083496 -0.4859999418258667 2.875999927520752
0.437999963760376 -0.41999995708465576 2.875999927520752
0.6480000019073486 -0.5999999642372131 2.73799991607666
0.6359999179840088 -0.4440000057220459 2.815999984741211
0.4919999837875366 -0.6959999799728394 2.74399995803833
0.3539999723434448 -0.5460000038146973 2.8519999980926514
0.6660001277923584 -0.5460000038146973 2.75600004196167
0.4500000476837158 -0.6959999799728394 2.7799999713897705
0.6419999599456787 -0.6420000195503235 2.7920000553131104
0.5099999904632568 -0.3960000276565552 2.870000123977661
0.4320000410079956 -0.6899999976158142 2.815999984741211
0.5399999618530273 -0.3960000276565552 2.864000082015991
0.49800002574920654 -0.3960000276565552 2.870000123977661
0.6119999885559082 -0.41999995708465576 2.8340001106262207
0.3539999723434448 -0.5220000147819519 2.8519999980926514
0.4739999771118164 -0.7020000219345093 2.76200008392334
0.5220000743865967 -0.7020000219345093 2.75
0.6059999465942383 -0.41999995708465576 2.8519999980926514
0.5039999485015869 -0.3960000276565552 2.875999927520752
0.6600000858306885 -0.4739999771118164 2.7980000972747803
0.37800002098083496 -0.4739999771118164 2.875999927520752
0.37800002098083496 -0.6480000019073486 2.803999900817871
0.48600006103515625 -0.7020000219345093 2.75
0.3539999723434448 -0.5999999642372131 2.828000068664551
0.5520000457763672 -0.3960000276565552 2.864000082015991
0.4919999837875366 -0.3960000276565552 2.875999927520752
0.5280001163482666 -0.3960000276565552 2.875999927520752
0.5880000591278076 -0.671999990940094 2.7260000705718994
0.437999963760376 -0.6959999799728394 2.7799999713897705
0.37199997901916504 -0.4739999771118164 2.870000123977661
0.36000001430511475 -0.6240000128746033 2.809999942779541
0.48600006103515625 -0.7139999866485596 2.803999900817871
0.49800002574920654 -0.7020000219345093 2.73799991607666
0.624000072479248 -0.671999990940094 2.803999900817871
0.6779999732971191 -0.5339999794960022 2.7799999713897705
0.5460000038146973 -0.6959999799728394 2.7320001125335693
0.4739999771118164 -0.3960000276565552 2.875999927520752
0.37800002098083496 -0.6539999842643738 2.803999900817871
0.6180000305175781 -0.6779999732971191 2.803999900817871
0.4320000410079956 -0.6959999799728394 2.828000068664551
0.3960000276565552 -0.671999990940094 2.7860000133514404
0.3539999723434448 -0.6119999885559082 2.828000068664551
0.48600006103515625 -0.7139999866485596 2.7799999713897705
0.6779999732971191 -0.5220000147819519 2.7799999713897705
0.5520000457763672 -0.3960000276565552 2.875999927520752
0.5399999618530273 -0.7139999866485596 2.7799999713897705
0.5759999752044678 -0.6959999799728394 2.75
0.630000114440918 -0.6480000019073486 2.7320001125335693
0.5820000171661377 -0.7020000219345093 2.7799999713897705
0.5460000038146973 -0.6899999976158142 2.7139999866485596
0.5759999752044678 -0.40199995040893555 2.875999927520752
0.6480000019073486 -0.6240000128746033 2.7320001125335693
0.4500000476837158 -0.7080000042915344 2.7799999713897705
0.5460000038146973 -0.7080000042915344 2.75
0.4620000123977661 -0.7139999866485596 2.803999900817871
0.564000129699707 -0.6959999799728394 2.7320001125335693
0.630000114440918 -0.41999995708465576 2.828000068664551
0.6779999732971191 -0.49800002574920654 2.7799999713897705
0.6059999465942383 -0.671999990940094 2.7260000705718994
0.4559999704360962 -0.40799999237060547 2.9000000953674316
0.3539999723434448 -0.5040000081062317 2.875999927520752
0.5759999752044678 -0.7020000219345093 2.75
0.6779999732971191 -0.5699999928474426 2.75
0.3539999723434448 -0.49800002574920654 2.875999927520752
0.6540000438690186 -0.6240000128746033 2.7320001125335693
0.5759999752044678 -0.3960000276565552 2.875999927520752
0.34800004959106445 -0.49800002574920654 2.864000082015991
0.4320000410079956 -0.7020000219345093 2.76200008392334
0.4200000762939453 -0.6959999799728394 2.76200008392334
0.40799999237060547 -0.41999995708465576 2.881999969482422
0.6779999732971191 -0.5820000171661377 2.75
0.6660001277923584 -0.5999999642372131 2.7320001125335693
0.3359999656677246 -0.5579999685287476 2.8519999980926514
0.5520000457763672 -0.7139999866485596 2.75
0.5999999046325684 -0.3960000276565552 2.8519999980926514
0.6540000438690186 -0.437999963760376 2.828000068664551
0.5580000877380371 -0.7199999690055847 2.7799999713897705
0.3359999656677246 -0.5220000147819519 2.8519999980926514
0.6419999599456787 -0.6599999666213989 2.75
0.6119999885559082 -0.671999990940094 2.7200000286102295
0.6779999732971191 -0.4739999771118164 2.803999900817871
0.3359999656677246 -0.5999999642372131 2.822000026702881
0.4259999990463257 -0.7080000042915344 2.7799999713897705
0.33000004291534424 -0.5699999928474426 2.8340001106262207
0.48000001907348633 -0.7260000109672546 2.828000068664551
0.37800002098083496 -0.4440000057220459 2.881999969482422
0.6059999465942383 -0.3960000276565552 2.8519999980926514
0.630000114440918 -0.4140000343322754 2.8519999980926514
0.33000004291534424 -0.5460000038146973 2.8459999561309814
0.6180000305175781 -0.6899999976158142 2.76200008392334
0.690000057220459 -0.5220000147819519 2.7680001258850098
0.4259999990463257 -0.7080000042915344 2.8399999141693115
0.4320000410079956 -0.3960000276565552 2.881999969482422
0.6119999885559082 -0.3960000276565552 2.8459999561309814
0.33000004291534424 -0.5460000038146973 2.8519999980926514
0.3539999723434448 -0.4739999771118164 2.875999927520752
0.4020000696182251 -0.6959999799728394 2.7799999713897705
0.3539999723434448 -0.6480000019073486 2.803999900817871
0.4500000476837158 -0.7080000042915344 2.875999927520752
0.37199997901916504 -0.671999990940094 2.7860000133514404
0.6540000438690186 -0.6539999842643738 2.75
0.690000057220459 -0.5460000038146973 2.75
0.6480000019073486 -0.671999990940094 2.7799999713897705
0.5039999485015869 -0.37199997901916504 2.875999927520752
0.4440000057220459 -0.7080000042915344 2.875999927520752
0.5280001163482666 -0.37199997901916504 2.875999927520752
0.33000004291534424 -0.5999999642372131 2.828000068664551
0.48600006103515625 -0.37199997901916504 2.875999927520752
0.3240000009536743 -0.5699999928474426 2.8340001106262207
0.6779999732971191 -0.5999999642372131 2.7320001125335693
0.630000114440918 -0.671999990940094 2.7260000705718994
0.34800004959106445 -0.4739999771118164 2.875999927520752
0.6719999313354492 -0.4440000057220459 2.803999900817871
0.5999999046325684 -0.6959999799728394 2.7260000705718994
0.46800005435943604 -0.40799999237060547 2.930000066757202
0.564000129699707 -0.37199997901916504 2.864000082015991
0.6540000438690186 -0.671999990940094 2.7860000133514404
0.6540000438690186 -0.41999995708465576 2.822000026702881
0.6540000438690186 -0.41999995708465576 2.828000068664551
0.5520000457763672 -0.37199997901916504 2.875999927520752
0.4259999990463257 -0.7199999690055847 2.803999900817871
0.690000057220459 -0.5699999928474426 2.73799991607666
0.7019999027252197 -0.5339999794960022 2.7799999713897705
0.4259999990463257 -0.7139999866485596 2.8519999980926514
0.5999999046325684 -0.6959999799728394 2.7200000286102295
0.5460000038146973 -0.7199999690055847 2.7260000705718994
0.4739999771118164 -0.37199997901916504 2.881999969482422
0.6059999465942383 -0.6959999799728394 2.7260000705718994
0.4320000410079956 -0.3960000276565552 2.9000000953674316
0.6960000991821289 -0.49800002574920654 2.7739999294281006
0.630000114440918 -0.6779999732971191 2.7260000705718994
0.48600006103515625 -0.38999998569488525 2.9179999828338623
0.5099999904632568 -0.38399994373321533 2.9119999408721924
0.7019999027252197 -0.5220000147819519 2.7799999713897705
0.5520000457763672 -0.7199999690055847 2.7260000705718994
0.4020000696182251 -0.4140000343322754 2.9000000953674316
0.4200000762939453 -0.7199999690055847 2.803999900817871
0.4020000696182251 -0.7080000042915344 2.7799999713897705
0.33000004291534424 -0.6240000128746033 2.815999984741211
0.6779999732971191 -0.4440000057220459 2.803999900817871
0.6359999179840088 -0.6959999799728394 2.7860000133514404
0.4140000343322754 -0.3960000276565552 2.888000011444092
0.4259999990463257 -0.41999995708465576 2.930000066757202
0.33000004291534424 -0.5099999904632568 2.875999927520752
0.6600000858306885 -0.6480000019073486 2.7260000705718994
0.36000001430511475 -0.4440000057220459 2.881999969482422
0.33000004291534424 -0.6240000128746033 2.828000068664551
0.5339999198913574 -0.7139999866485596 2.7019999027252197
0.40799999237060547 -0.7139999866485596 2.828000068664551
0.630000114440918 -0.3960000276565552 2.8519999980926514
0.4919999837875366 -0.36000001430511475 2.870000123977661
0.4259999990463257 -0.7260000109672546 2.809999942779541
0.7019999027252197 -0.49800002574920654 2.7799999713897705
0.7019999027252197 -0.5460000038146973 2.75
0.5759999752044678 -0.37199997901916504 2.875999927520752
0.33000004291534424 -0.49800002574920654 2.875999927520752
0.5880000591278076 -0.37199997901916504 2.864000082015991
0.5280001163482666 -0.3539999723434448 2.8580000400543213
0.6960000991821289 -0.4739999771118164 2.7860000133514404
0.3539999723434448 -0.671999990940094 2.803999900817871
0.5280001163482666 -0.37800002098083496 2.9119999408721924
0.7019999027252197 -0.5699999928474426 2.75
0.37800002098083496 -0.41999995708465576 2.888000011444092
0.40799999237060547 -0.7139999866485596 2.76200008392334
0.37800002098083496 -0.6959999799728394 2.7799999713897705
0.4500000476837158 -0.7319999933242798 2.8519999980926514
0.5220000743865967 -0.3539999723434448 2.864000082015991
0.7019999027252197 -0.5759999752044678 2.75
0.6419999599456787 -0.3960000276565552 2.8340001106262207
0.6059999465942383 -0.6959999799728394 2.7079999446868896
0.4140000343322754 -0.41999995708465576 2.930000066757202
0.7019999027252197 -0.5699999928474426 2.73799991607666
0.5699999332427979 -0.7199999690055847 2.7139999866485596
0.6480000019073486 -0.671999990940094 2.7200000286102295
0.6540000438690186 -0.6899999976158142 2.7799999713897705
0.564000129699707 -0.7379999756813049 2.75600004196167
0.48600006103515625 -0.38999998569488525 2.936000108718872
0.37800002098083496 -0.41999995708465576 2.9000000953674316
0.3840000629425049 -0.7080000042915344 2.7799999713897705
0.6540000438690186 -0.671999990940094 2.7260000705718994
0.312000036239624 -0.5220000147819519 2.8580000400543213
0.7079999446868896 -0.5460000038146973 2.74399995803833
0.33000004291534424 -0.6480000019073486 2.803999900817871
0.3179999589920044 -0.6240000128746033 2.815999984741211
0.630000114440918 -0.7020000219345093 2.73799991607666
0.4500000476837158 -0.37199997901916504 2.9000000953674316
0.6359999179840088 -0.7020000219345093 2.75
0.6779999732971191 -0.4259999990463257 2.828000068664551
0.36000001430511475 -0.6899999976158142 2.803999900817871
0.4020000696182251 -0.3960000276565552 2.9000000953674316
0.437999963760376 -0.37199997901916504 2.8940000534057617
0.3960000276565552 -0.3960000276565552 2.8940000534057617
0.36600005626678467 -0.41999995708465576 2.888000011444092
0.49800002574920654 -0.34800004959106445 2.870000123977661
0.6540000438690186 -0.3960000276565552 2.828000068664551
0.7019999027252197 -0.4620000123977661 2.803999900817871
0.37199997901916504 -0.7020000219345093 2.7799999713897705
0.6480000019073486 -0.7020000219345093 2.7799999713897705
0.4020000696182251 -0.7260000109672546 2.815999984741211
0.6540000438690186 -0.6899999976158142 2.75
0.5039999485015869 -0.34800004959106445 2.875999927520752
0.5999999046325684 -0.7199999690055847 2.7260000705718994
0.6480000019073486 -0.6959999799728394 2.75
0.690000057220459 -0.6240000128746033 2.7260000705718994
0.4259999990463257 -0.7260000109672546 2.875999927520752
0.38999998569488525 -0.7199999690055847 2.803999900817871
0.6779999732971191 -0.671999990940094 2.7799999713897705
0.6059999465942383 -0.37199997901916504 2.875999927520752
0.6779999732971191 -0.41999995708465576 2.828000068664551
0.6779999732971191 -0.6480000019073486 2.7260000705718994
0.5280001163482666 -0.34800004959106445 2.875999927520752
0.48600006103515625 -0.34800004959106445 2.875999927520752
0.7139999866485596 -0.5220000147819519 2.75
0.3059999942779541 -0.5999999642372131 2.828000068664551
0.7139999866485596 -0.49800002574920654 2.7680001258850098
0.36000001430511475 -0.6959999799728394 2.7860000133514404
0.6779999732971191 -0.6480000019073486 2.7200000286102295
0.30000007152557373 -0.5460000038146973 2.8459999561309814
0.6180000305175781 -0.7139999866485596 2.7260000705718994
0.5520000457763672 -0.34800004959106445 2.875999927520752
0.624000072479248 -0.37199997901916504 2.8580000400543213
0.30000007152557373 -0.5460000038146973 2.8519999980926514
0.6600000858306885 -0.671999990940094 2.7139999866485596
0.3539999723434448 -0.4320000410079956 2.9000000953674316
0.4259999990463257 -0.37199997901916504 2.9000000953674316
0.4739999771118164 -0.34800004959106445 2.881999969482422
0.33000004291534424 -0.4739999771118164 2.9000000953674316
0.30000007152557373 -0.5699999928474426 2.8519999980926514
0.5520000457763672 -0.7440000176429749 2.7260000705718994
0.5160000324249268 -0.3359999656677246 2.8580000400543213
0.4020000696182251 -0.7319999933242798 2.8340001106262207
0.5759999752044678 -0.34800004959106445 2.864000082015991
0.7019999027252197 -0.4440000057220459 2.803999900817871
0.3179999589920044 -0.6480000019073486 2.803999900817871
0.4559999704360962 -0.7440000176429749 2.875999927520752
0.5280001163482666 -0.3359999656677246 2.8580000400543213
0.6779999732971191 -0.6840000152587891 2.815999984741211
0.5940001010894775 -0.7199999690055847 2.7019999027252197
0.7260000705718994 -0.5220000147819519 2.7799999713897705
0.6840000152587891 -0.6779999732971191 2.7920000553131104
0.3960000276565552 -0.7319999933242798 2.828000068664551
0.3240000009536743 -0.48000001907348633 2.9000000953674316
0.7079999446868896 -0.5999999642372131 2.7260000705718994
0.33000004291534424 -0.671999990940094 2.803999900817871
0.37800002098083496 -0.7199999690055847 2.828000068664551
0.33000004291534424 -0.671999990940094 2.7980000972747803
0.3840000629425049 -0.7260000109672546 2.809999942779541
0.690000057220459 -0.41999995708465576 2.809999942779541
0.2940000295639038 -0.5460000038146973 2.8459999561309814
0.5399999618530273 -0.75 2.7260000705718994
0.5520000457763672 -0.3359999656677246 2.8580000400543213
0.7019999027252197 -0.6240000128746033 2.7260000705718994
0.3059999942779541 -0.49800002574920654 2.875999927520752
0.37800002098083496 -0.3960000276565552 2.9000000953674316
0.6540000438690186 -0.38399994373321533 2.8519999980926514
0.5999999046325684 -0.7139999866485596 2.690000057220459
0.3539999723434448 -0.41999995708465576 2.9000000953674316
0.7260000705718994 -0.49800002574920654 2.7799999713897705
0.7260000705718994 -0.5460000038146973 2.75
0.30000007152557373 -0.527999997138977 2.875999927520752
0.6719999313354492 -0.6779999732971191 2.7260000705718994
0.30000007152557373 -0.5220000147819519 2.875999927520752
0.33000004291534424 -0.4440000057220459 2.888000011444092
0.7200000286102295 -0.4739999771118164 2.7799999713897705
0.6059999465942383 -0.7199999690055847 2.7019999027252197
0.690000057220459 -0.671999990940094 2.76200008392334
0.7260000705718994 -0.5220000147819519 2.75
0.7260000705718994 -0.5699999928474426 2.75
0.6779999732971191 -0.671999990940094 2.7260000705718994
0.5880000591278076 -0.34800004959106445 2.875999927520752
0.7260000705718994 -0.5759999752044678 2.75
0.30000007152557373 -0.6240000128746033 2.828000068664551
0.6779999732971191 -0.3960000276565552 2.822000026702881
0.2879999876022339 -0.5699999928474426 2.8399999141693115
0.4020000696182251 -0.37199997901916504 2.9000000953674316
0.4919999837875366 -0.34200000762939453 2.9000000953674316
0.3179999589920044 -0.4739999771118164 2.9000000953674316
0.6779999732971191 -0.3960000276565552 2.828000068664551
0.6059999465942383 -0.7440000176429749 2.75
0.6059999465942383 -0.34800004959106445 2.8580000400543213
0.564000129699707 -0.34800004959106445 2.9000000953674316
0.36600005626678467 -0.7199999690055847 2.828000068664551
0.690000057220459 -0.6779999732971191 2.76200008392334
0.2879999876022339 -0.5460000038146973 2.8519999980926514
0.7260000705718994 -0.6119999885559082 2.7799999713897705
0.6480000019073486 -0.37199997901916504 2.8519999980926514
0.6779999732971191 -0.6779999732971191 2.7260000705718994
0.4739999771118164 -0.36000001430511475 2.930000066757202
0.4500000476837158 -0.34800004959106445 2.9000000953674316
0.6059999465942383 -0.7379999756813049 2.7260000705718994
0.7139999866485596 -0.4440000057220459 2.7920000553131104
0.7079999446868896 -0.6240000128746033 2.7200000286102295
0.5280001163482666 -0.75 2.7019999027252197
0.7260000705718994 -0.4739999771118164 2.7799999713897705
0.5580000877380371 -0.7559999823570251 2.7260000705718994
0.3960000276565552 -0.37199997901916504 2.9000000953674316
0.5520000457763672 -0.75 2.7079999446868896
0.30000007152557373 -0.6359999775886536 2.828000068664551
0.6719999313354492 -0.6779999732971191 2.7079999446868896
0.3059999942779541 -0.4739999771118164 2.881999969482422
0.36600005626678467 -0.7260000109672546 2.803999900817871
0.33000004291534424 -0.437999963760376 2.9000000953674316
0.7019999027252197 -0.671999990940094 2.7799999713897705
0.6779999732971191 -0.671999990940094 2.7079999446868896
0.6540000438690186 -0.37199997901916504 2.8519999980926514
0.5099999904632568 -0.3359999656677246 2.9000000953674316
0.7019999027252197 -0.6480000019073486 2.7260000705718994
0.6359999179840088 -0.3659999370574951 2.875999927520752
0.5460000038146973 -0.7619999647140503 2.7260000705718994
0.6600000858306885 -0.37199997901916504 2.8399999141693115
0.630000114440918 -0.7319999933242798 2.7320001125335693
0.7019999027252197 -0.6480000019073486 2.7200000286102295
0.3179999589920044 -0.4440000057220459 2.888000011444092
0.7019999027252197 -0.6779999732971191 2.815999984741211
0.4320000410079956 -0.34800004959106445 2.9000000953674316
0.3539999723434448 -0.7199999690055847 2.803999900817871
0.5220000743865967 -0.7199999690055847 2.6480000019073486
0.6119999885559082 -0.34800004959106445 2.875999927520752
0.6779999732971191 -0.6779999732971191 2.7079999446868896
0.33000004291534424 -0.6959999799728394 2.803999900817871
0.690000057220459 -0.6899999976158142 2.8459999561309814
0.4020000696182251 -0.40199995040893555 2.9539999961853027
0.33000004291534424 -0.6959999799728394 2.7920000553131104
0.34200000762939453 -0.7080000042915344 2.828000068664551
0.7079999446868896 -0.6599999666213989 2.75
0.312000036239624 -0.671999990940094 2.7980000972747803
0.7320001125335693 -0.4739999771118164 2.7739999294281006
0.7260000705718994 -0.5999999642372131 2.7260000705718994
0.2879999876022339 -0.6240000128746033 2.822000026702881
0.7019999027252197 -0.6599999666213989 2.7260000705718994
0.5580000877380371 -0.3240000009536743 2.870000123977661
0.7019999027252197 -0.6779999732971191 2.76200008392334
0.3539999723434448 -0.3960000276565552 2.9000000953674316
0.2820000648498535 -0.5220000147819519 2.864000082015991
0.5520000457763672 -0.3240000009536743 2.875999927520752
0.7379999160766602 -0.5460000038146973 2.73799991607666
0.5280001163482666 -0.75 2.684000015258789
0.5759999752044678 -0.75 2.7019999027252197
0.33000004291534424 -0.41999995708465576 2.8940000534057617
0.7019999027252197 -0.40799999237060547 2.828000068664551
0.49800002574920654 -0.3240000009536743 2.888000011444092
0.5759999752044678 -0.3240000009536743 2.8580000400543213
0.7260000705718994 -0.4440000057220459 2.803999900817871
0.33000004291534424 -0.41999995708465576 2.9000000953674316
0.2760000228881836 -0.5699999928474426 2.8519999980926514
0.6960000991821289 -0.6899999976158142 2.8519999980926514
0.2760000228881836 -0.5759999752044678 2.8519999980926514
0.34200000762939453 -0.7139999866485596 2.76200008392334
0.5160000324249268 -0.6840000152587891 2.6059999465942383
0.2760000228881836 -0.5999999642372131 2.8340001106262207
0.3840000629425049 -0.7440000176429749 2.864000082015991
0.6779999732971191 -0.37800002098083496 2.8519999980926514
0.630000114440918 -0.34800004959106445 2.875999927520752
0.5759999752044678 -0.3240000009536743 2.875999927520752
0.7260000705718994 -0.6240000128746033 2.7260000705718994
0.624000072479248 -0.7199999690055847 2.677999973297119
0.33000004291534424 -0.7080000042915344 2.7799999713897705
0.7320001125335693 -0.5999999642372131 2.7200000286102295
0.7439999580383301 -0.49800002574920654 2.75600004196167
0.48000001907348633 -0.3240000009536743 2.9000000953674316
0.75 -0.5099999904632568 2.7799999713897705
0.3539999723434448 -0.7319999933242798 2.828000068664551
0.6419999599456787 -0.34800004959106445 2.8580000400543213
0.2879999876022339 -0.6480000019073486 2.815999984741211
0.7019999027252197 -0.3960000276565552 2.828000068664551
0.34200000762939453 -0.3960000276565552 2.9000000953674316
0.30000007152557373 -0.671999990940094 2.803999900817871
0.7200000286102295 -0.41999995708465576 2.803999900817871
0.2760000228881836 -0.5339999794960022 2.875999927520752
0.3240000009536743 -0.4140000343322754 2.8940000534057617
0.2820000648498535 -0.49800002574920654 2.881999969482422
0.75 -0.49800002574920654 2.7799999713897705
0.2760000228881836 -0.5220000147819519 2.875999927520752
0.75 -0.5460000038146973 2.75
0.6779999732971191 -0.37199997901916504 2.8519999980926514
0.75 -0.5220000147819519 2.75
0.26999998092651367 -0.5820000171661377 2.8519999980926514
0.6059999465942383 -0.75 2.7019999027252197
0.7439999580383301 -0.5699999928474426 2.7260000705718994
0.2760000228881836 -0.6240000128746033 2.828000068664551
0.7200000286102295 -0.6779999732971191 2.7980000972747803
0.6840000152587891 -0.6660000085830688 2.671999931335449
0.4500000476837158 -0.3240000009536743 2.9000000953674316
0.7019999027252197 -0.6779999732971191 2.7139999866485596
0.5220000743865967 -0.75 2.6600000858306885
0.4020000696182251 -0.34800004959106445 2.9119999408721924
0.7260000705718994 -0.41999995708465576 2.803999900817871
0.33000004291534424 -0.7199999690055847 2.803999900817871
0.5940001010894775 -0.75 2.684000015258789
0.7019999027252197 -0.671999990940094 2.7019999027252197
0.7260000705718994 -0.6480000019073486 2.7260000705718994
0.690000057220459 -0.37199997901916504 2.828000068664551
0.75 -0.4739999771118164 2.7799999713897705
0.2640000581741333 -0.5699999928474426 2.8519999980926514
0.34200000762939453 -0.7319999933242798 2.828000068664551
0.7320001125335693 -0.6240000128746033 2.7139999866485596
0.3539999723434448 -0.7379999756813049 2.8519999980926514
0.7560000419616699 -0.5579999685287476 2.75
0.5460000038146973 -0.7739999890327454 2.7019999027252197
0.30000007152557373 -0.4440000057220459 2.9000000953674316
0.5520000457763672 -0.7739999890327454 2.7019999027252197
0.37800002098083496 -0.75 2.875999927520752
0.75 -0.5699999928474426 2.7260000705718994
0.312000036239624 -0.41999995708465576 2.9000000953674316
0.36000001430511475 -0.37199997901916504 2.9119999408721924
0.33000004291534424 -0.7260000109672546 2.809999942779541
0.6119999885559082 -0.3240000009536743 2.875999927520752
0.5039999485015869 -0.6599999666213989 2.5759999752044678
0.2940000295639038 -0.4440000057220459 2.8940000534057617
0.7320001125335693 -0.671999990940094 2.803999900817871
0.7320001125335693 -0.6599999666213989 2.75
0.7320001125335693 -0.41999995708465576 2.7980000972747803
0.630000114440918 -0.75 2.7079999446868896
0.38999998569488525 -0.34800004959106445 2.9119999408721924
0.4919999837875366 -0.6599999666213989 2.5759999752044678
0.7560000419616699 -0.5460000038146973 2.7320001125335693
0.7019999027252197 -0.671999990940094 2.690000057220459
0.7439999580383301 -0.4440000057220459 2.7799999713897705
0.2760000228881836 -0.6480000019073486 2.828000068664551
0.624000072479248 -0.7199999690055847 2.6540000438690186
0.2640000581741333 -0.5339999794960022 2.875999927520752
0.4739999771118164 -0.3059999942779541 2.888000011444092
0.2760000228881836 -0.49800002574920654 2.9000000953674316
0.7260000705718994 -0.6840000152587891 2.828000068664551
0.30000007152557373 -0.6959999799728394 2.803999900817871
0.75 -0.5999999642372131 2.7260000705718994
0.30000007152557373 -0.6959999799728394 2.7980000972747803
0.7200000286102295 -0.3960000276565552 2.809999942779541
0.4919999837875366 -0.2999999523162842 2.881999969482422
0.2760000228881836 -0.4739999771118164 2.888000011444092
0.7560000419616699 -0.4739999771118164 2.7680001258850098
0.630000114440918 -0.7379999756813049 2.677999973297119
0.3240000009536743 -0.7260000109672546 2.7860000133514404
0.6119999885559082 -0.7619999647140503 2.7019999027252197
0.7019999027252197 -0.37199997901916504 2.828000068664551
0.6719999313354492 -0.34800004959106445 2.8519999980926514
0.34800004959106445 -0.7440000176429749 2.8519999980926514
0.5039999485015869 -0.312000036239624 2.9179999828338623
0.2820000648498535 -0.671999990940094 2.803999900817871
0.25199997425079346 -0.5460000038146973 2.8399999141693115
0.6119999885559082 -0.75 2.677999973297119
0.25199997425079346 -0.5699999928474426 2.8340001106262207
0.34800004959106445 -0.37199997901916504 2.9119999408721924
0.624000072479248 -0.7680000066757202 2.7260000705718994
0.7379999160766602 -0.671999990940094 2.7799999713897705
0.5339999198913574 -0.7739999890327454 2.677999973297119
0.3539999723434448 -0.37800002098083496 2.930000066757202
0.75 -0.4440000057220459 2.7799999713897705
0.26999998092651367 -0.6480000019073486 2.828000068664551
0.6180000305175781 -0.312000036239624 2.8519999980926514
0.7620000839233398 -0.49800002574920654 2.75
0.25199997425079346 -0.5460000038146973 2.8519999980926514
0.2760000228881836 -0.4739999771118164 2.9000000953674316
0.5940001010894775 -0.7739999890327454 2.7019999027252197
0.624000072479248 -0.7199999690055847 2.6419999599456787
0.4440000057220459 -0.312000036239624 2.9060001373291016
0.6779999732971191 -0.34800004959106445 2.8519999980926514
0.5520000457763672 -0.7860000133514404 2.7019999027252197
0.25199997425079346 -0.5999999642372131 2.822000026702881
0.5699999332427979 -0.7739999890327454 2.684000015258789
0.25199997425079346 -0.5999999642372131 2.828000068664551
0.25199997425079346 -0.5220000147819519 2.8580000400543213
0.2580000162124634 -0.6240000128746033 2.828000068664551
0.4140000343322754 -0.3240000009536743 2.9119999408721924
0.5280001163482666 -0.7680000066757202 2.6600000858306885
0.6359999179840088 -0.3240000009536743 2.875999927520752
0.46800005435943604 -0.2999999523162842 2.8940000534057617
0.3539999723434448 -0.37199997901916504 2.930000066757202
0.48000001907348633 -0.2999999523162842 2.9000000953674316
0.24600005149841309 -0.5699999928474426 2.828000068664551
0.6180000305175781 -0.3059999942779541 2.8459999561309814
0.6480000019073486 -0.34200000762939453 2.9060001373291016
0.3539999723434448 -0.75 2.875999927520752
0.630000114440918 -0.7619999647140503 2.7019999027252197
0.630000114440918 -0.312000036239624 2.8519999980926514
0.7260000705718994 -0.6660000085830688 2.7019999027252197
0.7680001258850098 -0.5220000147819519 2.73799991607666
0.46800005435943604 -0.2999999523162842 2.9000000953674316
0.7379999160766602 -0.6480000019073486 2.7079999446868896
0.6600000858306885 -0.3359999656677246 2.875999927520752
0.7320001125335693 -0.3960000276565552 2.803999900817871
0.24600005149841309 -0.5879999995231628 2.828000068664551
0.2640000581741333 -0.49800002574920654 2.9000000953674316
0.312000036239624 -0.3960000276565552 2.9060001373291016
0.24600005149841309 -0.5339999794960022 2.8519999980926514
0.7439999580383301 -0.6779999732971191 2.803999900817871
0.7260000705718994 -0.6779999732971191 2.7139999866485596
0.5460000038146973 -0.7919999957084656 2.7019999027252197
0.5940001010894775 -0.7799999713897705 2.7019999027252197
0.7139999866485596 -0.37199997901916504 2.822000026702881
0.25199997425079346 -0.5220000147819519 2.875999927520752
0.624000072479248 -0.7379999756813049 2.6540000438690186
0.24600005149841309 -0.5220000147819519 2.8519999980926514
0.7260000705718994 -0.6660000085830688 2.696000099182129
0.25199997425079346 -0.6240000128746033 2.815999984741211
0.6840000152587891 -0.36000001430511475 2.8940000534057617
0.5820000171661377 -0.7739999890327454 2.677999973297119
0.36000001430511475 -0.7559999823570251 2.888000011444092
0.7379999160766602 -0.671999990940094 2.7260000705718994
0.25199997425079346 -0.49800002574920654 2.875999927520752
0.7680001258850098 -0.5699999928474426 2.7200000286102295
0.3179999589920044 -0.7379999756813049 2.828000068664551
0.30000007152557373 -0.7199999690055847 2.803999900817871
0.2760000228881836 -0.4440000057220459 2.9000000953674316
0.5099999904632568 -0.6959999799728394 2.5759999752044678
0.7620000839233398 -0.5999999642372131 2.7139999866485596
0.30000007152557373 -0.7199999690055847 2.7860000133514404
0.36000001430511475 -0.34800004959106445 2.9179999828338623
0.7320001125335693 -0.6959999799728394 2.8580000400543213
0.75 -0.4140000343322754 2.803999900817871
0.6119999885559082 -0.7860000133514404 2.7200000286102295
0.7739999294281006 -0.49800002574920654 2.74399995803833
0.5880000591278076 -0.7979999780654907 2.7260000705718994
0.5280001163482666 -0.7799999713897705 2.6600000858306885
0.7019999027252197 -0.3539999723434448 2.8519999980926514
0.630000114440918 -0.7440000176429749 2.6540000438690186
0.7320001125335693 -0.38399994373321533 2.828000068664551
0.690000057220459 -0.36000001430511475 2.9000000953674316
0.7799999713897705 -0.5220000147819519 2.75
0.7799999713897705 -0.4919999837875366 2.7799999713897705
0.33000004291534424 -0.37800002098083496 2.930000066757202
0.24600005149841309 -0.5040000081062317 2.875999927520752
0.7560000419616699 -0.41999995708465576 2.7860000133514404
0.23399996757507324 -0.5460000038146973 2.828000068664551
0.5339999198913574 -0.7919999957084656 2.677999973297119
0.25199997425079346 -0.6480000019073486 2.803999900817871
0.6600000858306885 -0.3240000009536743 2.875999927520752
0.7560000419616699 -0.6480000019073486 2.7260000705718994
0.25199997425079346 -0.6480000019073486 2.7980000972747803
0.6059999465942383 -0.7739999890327454 2.677999973297119
0.24600005149841309 -0.49800002574920654 2.875999927520752
0.2760000228881836 -0.6959999799728394 2.803999900817871
0.2760000228881836 -0.6959999799728394 2.7980000972747803
0.48000001907348633 -0.6599999666213989 2.552000045776367
0.37800002098083496 -0.3359999656677246 2.930000066757202
0.5999999046325684 -0.7739999890327454 2.671999931335449
0.7260000705718994 -0.37199997901916504 2.828000068664551
0.4259999990463257 -0.312000036239624 2.930000066757202
0.4739999771118164 -0.6599999666213989 2.552000045776367
0.38999998569488525 -0.3240000009536743 2.9240000247955322
0.7799999713897705 -0.49800002574920654 2.75
0.2820000648498535 -0.41999995708465576 2.9060001373291016
0.7019999027252197 -0.34800004959106445 2.8519999980926514
0.36000001430511475 -0.7619999647140503 2.9000000953674316
0.33000004291534424 -0.37199997901916504 2.930000066757202
0.6419999599456787 -0.7739999890327454 2.9000000953674316
0.7799999713897705 -0.4739999771118164 2.7799999713897705
0.30000007152557373 -0.7319999933242798 2.803999900817871
0.5520000457763672 -0.8040000200271606 2.7019999027252197
0.6059999465942383 -0.7979999780654907 2.7260000705718994
0.7799999713897705 -0.49800002574920654 2.74399995803833
0.25199997425079346 -0.4739999771118164 2.888000011444092
0.24600005149841309 -0.6420000195503235 2.803999900817871
0.7799999713897705 -0.5460000038146973 2.7260000705718994
0.24000000953674316 -0.6240000128746033 2.803999900817871
0.7860000133514404 -0.5339999794960022 2.75
0.2580000162124634 -0.671999990940094 2.803999900817871
0.5039999485015869 -0.671999990940094 2.552000045776367
0.3539999723434448 -0.34800004959106445 2.930000066757202
0.4020000696182251 -0.3179999589920044 2.930000066757202
0.7799999713897705 -0.5699999928474426 2.7260000705718994
0.75 -0.671999990940094 2.7260000705718994
0.630000114440918 -0.7680000066757202 2.677999973297119
0.4320000410079956 -0.2999999523162842 2.9179999828338623
0.22800004482269287 -0.5460000038146973 2.815999984741211
0.22800004482269287 -0.5699999928474426 2.803999900817871
0.75 -0.3960000276565552 2.803999900817871
0.7799999713897705 -0.5699999928474426 2.7200000286102295
0.6540000438690186 -0.3059999942779541 2.8519999980926514
0.22800004482269287 -0.5220000147819519 2.828000068664551
0.7799999713897705 -0.5879999995231628 2.7260000705718994
0.5999999046325684 -0.8040000200271606 2.7260000705718994
0.23399996757507324 -0.49800002574920654 2.8519999980926514
0.5160000324249268 -0.75 2.6059999465942383
0.25199997425079346 -0.4739999771118164 2.9000000953674316
0.75 -0.6779999732971191 2.7260000705718994
0.5520000457763672 -0.7979999780654907 2.677999973297119
0.7560000419616699 -0.6480000019073486 2.7019999027252197
0.6480000019073486 -0.2999999523162842 2.8459999561309814
0.6480000019073486 -0.2999999523162842 2.8519999980926514
0.7680001258850098 -0.6240000128746033 2.7079999446868896
0.75 -0.6779999732971191 2.7200000286102295
0.5160000324249268 -0.7199999690055847 2.5759999752044678
0.22800004482269287 -0.5999999642372131 2.803999900817871
0.22800004482269287 -0.5999999642372131 2.7920000553131104
0.7139999866485596 -0.34800004959106445 2.8459999561309814
0.37800002098083496 -0.3240000009536743 2.930000066757202
0.22800004482269287 -0.49800002574920654 2.8340001106262207
0.25199997425079346 -0.671999990940094 2.7860000133514404
0.2640000581741333 -0.6959999799728394 2.803999900817871
0.22200000286102295 -0.5460000038146973 2.815999984741211
0.24000000953674316 -0.4739999771118164 2.875999927520752
0.5039999485015869 -0.6480000019073486 2.5339999198913574
0.2879999876022339 -0.3960000276565552 2.9119999408721924
0.4259999990463257 -0.2999999523162842 2.930000066757202
0.22200000286102295 -0.5699999928474426 2.809999942779541
0.5759999752044678 -0.7979999780654907 2.677999973297119
0.22200000286102295 -0.5220000147819519 2.822000026702881
0.7620000839233398 -0.6779999732971191 2.75
0.7799999713897705 -0.4440000057220459 2.7799999713897705
0.6540000438690186 -0.2999999523162842 2.8580000400543213
0.4500000476837158 -0.6779999732971191 2.552000045776367
0.624000072479248 -0.7440000176429749 2.624000072479248
0.5039999485015869 -0.6539999842643738 2.5339999198913574
0.6840000152587891 -0.3240000009536743 2.875999927520752
0.624000072479248 -0.75 2.630000114440918
0.4259999990463257 -0.6660000085830688 2.552000045776367
0.2760000228881836 -0.7199999690055847 2.803999900817871
0.7439999580383301 -0.37199997901916504 2.815999984741211
0.2760000228881836 -0.7199999690055847 2.7860000133514404
0.22200000286102295 -0.5999999642372131 2.7980000972747803
0.22800004482269287 -0.6240000128746033 2.7860000133514404
0.24600005149841309 -0.4620000123977661 2.9000000953674316
0.4200000762939453 -0.6660000085830688 2.552000045776367
0.33000004291534424 -0.34800004959106445 2.9240000247955322
0.5039999485015869 -0.6959999799728394 2.552000045776367
0.6180000305175781 -0.7739999890327454 2.6540000438690186
0.24600005149841309 -0.671999990940094 2.7799999713897705
0.25199997425079346 -0.4440000057220459 2.9000000953674316
0.2820000648498535 -0.7319999933242798 2.803999900817871
0.4020000696182251 -0.2999999523162842 2.9240000247955322
0.2760000228881836 -0.7199999690055847 2.8459999561309814
0.22800004482269287 -0.4739999771118164 2.8519999980926514
0.630000114440918 -0.7739999890327454 2.6600000858306885
0.46800005435943604 -0.26999998092651367 2.9000000953674316
0.30000007152557373 -0.37199997901916504 2.9179999828338623
0.48000001907348633 -0.6480000019073486 2.5280001163482666
0.5280001163482666 -0.7799999713897705 2.624000072479248
0.2760000228881836 -0.7260000109672546 2.7860000133514404
0.33000004291534424 -0.34800004959106445 2.930000066757202
0.21599996089935303 -0.5220000147819519 2.828000068664551
0.3059999942779541 -0.37199997901916504 2.930000066757202
0.4020000696182251 -0.2999999523162842 2.930000066757202
0.7260000705718994 -0.34800004959106445 2.8519999980926514
0.30000007152557373 -0.37800002098083496 2.930000066757202
0.3240000009536743 -0.34800004959106445 2.9240000247955322
0.7860000133514404 -0.5999999642372131 2.7079999446868896
0.7320001125335693 -0.3539999723434448 2.8519999980926514
0.7980000972747803 -0.5220000147819519 2.7320001125335693
0.312000036239624 -0.7440000176429749 2.7019999027252197
0.22200000286102295 -0.6240000128746033 2.7920000553131104
0.24600005149841309 -0.6840000152587891 2.7799999713897705
0.24600005149841309 -0.4440000057220459 2.9000000953674316
0.21599996089935303 -0.5999999642372131 2.803999900817871
0.3960000276565552 -0.2999999523162842 2.930000066757202
0.22200000286102295 -0.4739999771118164 2.8399999141693115
0.630000114440918 -0.7860000133514404 2.671999931335449
0.3539999723434448 -0.3240000009536743 2.930000066757202
0.2940000295639038 -0.7379999756813049 2.7260000705718994
0.25199997425079346 -0.6959999799728394 2.7799999713897705
0.21599996089935303 -0.49800002574920654 2.8340001106262207
0.6119999885559082 -0.7979999780654907 2.677999973297119
0.8039999008178711 -0.5220000147819519 2.75
0.2940000295639038 -0.37199997901916504 2.9179999828338623
0.26999998092651367 -0.7260000109672546 2.803999900817871
0.6660001277923584 -0.2999999523162842 2.875999927520752
0.4500000476837158 -0.6480000019073486 2.5280001163482666
0.25199997425079346 -0.6959999799728394 2.7680001258850098
0.22800004482269287 -0.6480000019073486 2.7799999713897705
0.21000003814697266 -0.5460000038146973 2.828000068664551
0.75 -0.3659999370574951 2.828000068664551
0.5999999046325684 -0.7979999780654907 2.6660001277923584
0.4200000762939453 -0.6840000152587891 2.552000045776367
0.2640000581741333 -0.7199999690055847 2.803999900817871
0.4440000057220459 -0.6480000019073486 2.5280001163482666
0.7980000972747803 -0.4739999771118164 2.75
0.22800004482269287 -0.6480000019073486 2.7680001258850098
0.2640000581741333 -0.7199999690055847 2.7799999713897705
0.2940000295639038 -0.7379999756813049 2.7139999866485596
0.8039999008178711 -0.49800002574920654 2.75
0.30000007152557373 -0.7319999933242798 2.690000057220459
0.30000007152557373 -0.75 2.7260000705718994
0.630000114440918 -0.7979999780654907 2.684000015258789
0.690000057220459 -0.3059999942779541 2.8519999980926514
0.7739999294281006 -0.3960000276565552 2.7920000553131104
0.8039999008178711 -0.5460000038146973 2.7260000705718994
0.7860000133514404 -0.41999995708465576 2.7799999713897705
0.25199997425079346 -0.41999995708465576 2.9060001373291016
0.48000001907348633 -0.671999990940094 2.5280001163482666
0.8039999008178711 -0.5699999928474426 2.7260000705718994
0.7739999294281006 -0.6480000019073486 2.690000057220459
0.8039999008178711 -0.49800002574920654 2.73799991607666
0.7739999294281006 -0.6599999666213989 2.7019999027252197
0.809999942779541 -0.527999997138977 2.75
0.7799999713897705 -0.6779999732971191 2.75
0.5460000038146973 -0.8219999670982361 2.677999973297119
0.8039999008178711 -0.5460000038146973 2.7200000286102295
0.2640000581741333 -0.7260000109672546 2.7799999713897705
0.22800004482269287 -0.4440000057220459 2.864000082015991
0.5160000324249268 -0.75 2.5759999752044678
0.7799999713897705 -0.6480000019073486 2.7019999027252197
0.5039999485015869 -0.7199999690055847 2.552000045776367
0.5520000457763672 -0.8219999670982361 2.677999973297119
0.2879999876022339 -0.75 2.75
0.46800005435943604 -0.26999998092651367 2.930000066757202
0.37800002098083496 -0.6599999666213989 2.552000045776367
0.22200000286102295 -0.6480000019073486 2.7799999713897705
0.6779999732971191 -0.2999999523162842 2.875999927520752
0.21599996089935303 -0.4739999771118164 2.8519999980926514
0.5220000743865967 -0.7799999713897705 2.6059999465942383
0.3179999589920044 -0.7680000066757202 2.7139999866485596
0.7739999294281006 -0.6599999666213989 2.696000099182129
0.8039999008178711 -0.4739999771118164 2.75
0.7439999580383301 -0.34800004959106445 2.828000068664551
0.21000003814697266 -0.49800002574920654 2.8519999980926514
0.7980000972747803 -0.4440000057220459 2.7680001258850098
0.4200000762939453 -0.6480000019073486 2.5280001163482666
0.20399999618530273 -0.5699999928474426 2.828000068664551
0.3179999589920044 -0.7739999890327454 2.7260000705718994
0.22800004482269287 -0.4440000057220459 2.875999927520752
0.624000072479248 -0.7739999890327454 2.630000114440918
0.3359999656677246 -0.3240000009536743 2.930000066757202
0.4500000476837158 -0.671999990940094 2.5280001163482666
0.5520000457763672 -0.828000009059906 2.684000015258789
0.7200000286102295 -0.3240000009536743 2.8519999980926514
0.7920000553131104 -0.6240000128746033 2.7019999027252197
0.21000003814697266 -0.6240000128746033 2.803999900817871
0.20399999618530273 -0.5339999794960022 2.8519999980926514
0.8039999008178711 -0.4500000476837158 2.7799999713897705
0.6119999885559082 -0.7979999780654907 2.6540000438690186
0.5759999752044678 -0.8219999670982361 2.677999973297119
0.624000072479248 -0.7619999647140503 2.611999988555908
0.20399999618530273 -0.5220000147819519 2.8519999980926514
0.48000001907348633 -0.25199997425079346 2.9000000953674316
0.7680001258850098 -0.37199997901916504 2.803999900817871
0.5039999485015869 -0.6480000019073486 2.509999990463257
0.2760000228881836 -0.38399994373321533 2.930000066757202
0.4440000057220459 -0.26399993896484375 2.9179999828338623
0.20399999618530273 -0.5999999642372131 2.828000068664551
0.36600005626678467 -0.6599999666213989 2.552000045776367
0.7799999713897705 -0.38999998569488525 2.803999900817871
0.75 -0.34800004959106445 2.828000068664551
0.8039999008178711 -0.4440000057220459 2.7799999713897705
0.25199997425079346 -0.7139999866485596 2.75
0.6779999732971191 -0.2999999523162842 2.9000000953674316
0.7320001125335693 -0.34200000762939453 2.888000011444092
0.24000000953674316 -0.41999995708465576 2.9000000953674316
0.6960000991821289 -0.2999999523162842 2.8580000400543213
0.5099999904632568 -0.7319999933242798 2.552000045776367
0.4320000410079956 -0.26999998092651367 2.930000066757202
0.48000001907348633 -0.6660000085830688 2.5160000324249268
0.7980000972747803 -0.6420000195503235 2.7260000705718994
0.7260000705718994 -0.3240000009536743 2.8519999980926514
0.22800004482269287 -0.671999990940094 2.75
0.24000000953674316 -0.6959999799728394 2.75
0.5039999485015869 -0.6959999799728394 2.5280001163482666
0.630000114440918 -0.7739999890327454 2.624000072479248
0.30000007152557373 -0.7739999890327454 2.75
0.4259999990463257 -0.671999990940094 2.5280001163482666
0.5940001010894775 -0.671999990940094 2.5280001163482666
0.30000007152557373 -0.34800004959106445 2.930000066757202
0.19800007343292236 -0.5699999928474426 2.8399999141693115
0.437999963760376 -0.28199994564056396 2.9600000381469727
0.3240000009536743 -0.36000001430511475 2.9779999256134033
0.48000001907348633 -0.6959999799728394 2.5280001163482666
0.5399999618530273 -0.8219999670982361 2.6540000438690186
0.19800007343292236 -0.5460000038146973 2.8519999980926514
0.5759999752044678 -0.828000009059906 2.677999973297119
0.6119999885559082 -0.7319999933242798 2.569999933242798
0.36000001430511475 -0.312000036239624 2.9539999961853027
0.21599996089935303 -0.4440000057220459 2.8580000400543213
0.48000001907348633 -0.24599993228912354 2.9000000953674316
0.19800007343292236 -0.593999981880188 2.828000068664551
0.8159999847412109 -0.5220000147819519 2.7260000705718994
0.2940000295639038 -0.7680000066757202 2.73799991607666
0.20399999618530273 -0.6240000128746033 2.828000068664551
0.7019999027252197 -0.2999999523162842 2.8580000400543213
0.7320001125335693 -0.3240000009536743 2.8459999561309814
0.21000003814697266 -0.6480000019073486 2.803999900817871
0.5520000457763672 -0.8219999670982361 2.6540000438690186
0.22800004482269287 -0.41999995708465576 2.875999927520752
0.5940001010894775 -0.6779999732971191 2.5280001163482666
0.25199997425079346 -0.3960000276565552 2.9119999408721924
0.19800007343292236 -0.5220000147819519 2.8580000400543213
0.2760000228881836 -0.37199997901916504 2.930000066757202
0.48600006103515625 -0.6480000019073486 2.503999948501587
0.8159999847412109 -0.5820000171661377 2.7260000705718994
0.20399999618530273 -0.6299999952316284 2.828000068664551
0.7920000553131104 -0.671999990940094 2.7260000705718994
0.33000004291534424 -0.3659999370574951 2.996000051498413
0.22200000286102295 -0.671999990940094 2.75
0.2580000162124634 -0.3960000276565552 2.930000066757202
0.24000000953674316 -0.7080000042915344 2.75
0.24600005149841309 -0.7260000109672546 2.803999900817871
0.4500000476837158 -0.6959999799728394 2.5280001163482666
0.5520000457763672 -0.8219999670982361 2.6480000019073486
0.8159999847412109 -0.5699999928474426 2.7139999866485596
0.7920000553131104 -0.3960000276565552 2.7860000133514404
0.8159999847412109 -0.4739999771118164 2.74399995803833
0.20399999618530273 -0.4859999418258667 2.875999927520752
0.6059999465942383 -0.6299999952316284 2.509999990463257
0.8039999008178711 -0.41999995708465576 2.7799999713897705
0.21599996089935303 -0.671999990940094 2.7799999713897705
0.48000001907348633 -0.6959999799728394 2.5220000743865967
0.8039999008178711 -0.6240000128746033 2.7019999027252197
0.4739999771118164 -0.24599993228912354 2.9119999408721924
0.5880000591278076 -0.8219999670982361 2.6600000858306885
0.624000072479248 -0.7860000133514404 2.624000072479248
0.7620000839233398 -0.34800004959106445 2.822000026702881
0.7920000553131104 -0.6420000195503235 2.684000015258789
0.7799999713897705 -0.37199997901916504 2.803999900817871
0.8039999008178711 -0.41999995708465576 2.7739999294281006
0.37800002098083496 -0.2940000295639038 2.9539999961853027
0.5339999198913574 -0.24599993228912354 2.9179999828338623
0.3179999589920044 -0.3240000009536743 2.936000108718872
0.4020000696182251 -0.671999990940094 2.5280001163482666
0.5339999198913574 -0.8159999847412109 2.630000114440918
0.4020000696182251 -0.28199994564056396 2.9539999961853027
0.3539999723434448 -0.2999999523162842 2.941999912261963
0.24600005149841309 -0.7139999866485596 2.7260000705718994
0.19800007343292236 -0.6240000128746033 2.828000068664551
0.4500000476837158 -0.6480000019073486 2.503999948501587
0.19200003147125244 -0.5699999928474426 2.8519999980926514
0.20399999618530273 -0.4739999771118164 2.875999927520752
0.5220000743865967 -0.7739999890327454 2.5759999752044678
0.3240000009536743 -0.7979999780654907 2.7260000705718994
0.2820000648498535 -0.7739999890327454 2.7799999713897705
0.7980000972747803 -0.6779999732971191 2.73799991607666
0.19800007343292236 -0.49800002574920654 2.875999927520752
0.8280000686645508 -0.515999972820282 2.75
0.3240000009536743 -0.7979999780654907 2.7200000286102295
0.34200000762939453 -0.312000036239624 2.9539999961853027
0.7019999027252197 -0.2940000295639038 2.875999927520752
0.5820000171661377 -0.6480000019073486 2.503999948501587
0.4500000476837158 -0.6959999799728394 2.5220000743865967
0.4259999990463257 -0.6959999799728394 2.5280001163482666
0.8159999847412109 -0.4440000057220459 2.76200008392334
0.4559999704360962 -0.6599999666213989 2.503999948501587
0.564000129699707 -0.24599993228912354 2.9179999828338623
0.5280001163482666 -0.8040000200271606 2.6059999465942383
0.8280000686645508 -0.49800002574920654 2.75
0.5039999485015869 -0.7199999690055847 2.5280001163482666
0.624000072479248 -0.7979999780654907 2.630000114440918
0.5399999618530273 -0.8460000157356262 2.677999973297119
0.19200003147125244 -0.5220000147819519 2.875999927520752
0.4200000762939453 -0.2580000162124634 2.930000066757202
0.8159999847412109 -0.5999999642372131 2.7019999027252197
0.22800004482269287 -0.6959999799728394 2.7320001125335693
0.8280000686645508 -0.5460000038146973 2.7260000705718994
0.8039999008178711 -0.6480000019073486 2.7019999027252197
0.630000114440918 -0.7919999957084656 2.624000072479248
0.48000001907348633 -0.7199999690055847 2.5280001163482666
0.3539999723434448 -0.2999999523162842 2.9539999961853027
0.4259999990463257 -0.6480000019073486 2.503999948501587
0.8039999008178711 -0.671999990940094 2.7320001125335693
0.2940000295639038 -0.7080000042915344 2.618000030517578
0.21599996089935303 -0.41999995708465576 2.875999927520752
0.7980000972747803 -0.6660000085830688 2.7019999027252197
0.8280000686645508 -0.5220000147819519 2.7260000705718994
0.6059999465942383 -0.8219999670982361 2.6540000438690186
0.23399996757507324 -0.3960000276565552 2.9000000953674316
0.19800007343292236 -0.6480000019073486 2.822000026702881
0.8280000686645508 -0.5759999752044678 2.7260000705718994
0.630000114440918 -0.7979999780654907 2.630000114440918
0.5580000877380371 -0.24599993228912354 2.930000066757202
0.5399999618530273 -0.24599993228912354 2.936000108718872
0.8159999847412109 -0.6480000019073486 2.73799991607666
0.19800007343292236 -0.4739999771118164 2.881999969482422
0.2820000648498535 -0.34800004959106445 2.936000108718872
0.49800002574920654 -0.7260000109672546 2.5280001163482666
0.4620000123977661 -0.7199999690055847 2.5280001163482666
0.4559999704360962 -0.24599993228912354 2.930000066757202
0.5580000877380371 -0.8519999980926514 2.690000057220459
0.7980000972747803 -0.6599999666213989 2.690000057220459
0.437999963760376 -0.26399993896484375 2.9600000381469727
0.4320000410079956 -0.6599999666213989 2.503999948501587
0.22800004482269287 -0.3960000276565552 2.888000011444092
0.75 -0.3240000009536743 2.8519999980926514
0.5220000743865967 -0.24599993228912354 2.941999912261963
0.20399999618530273 -0.4440000057220459 2.875999927520752
0.8280000686645508 -0.4739999771118164 2.75
0.5280001163482666 -0.25199997425079346 2.9539999961853027
0.37800002098083496 -0.671999990940094 2.5280001163482666
0.5339999198913574 -0.8399999737739563 2.6540000438690186
0.20399999618530273 -0.671999990940094 2.803999900817871
0.2760000228881836 -0.7739999890327454 2.75
0.3359999656677246 -0.2999999523162842 2.941999912261963
0.6059999465942383 -0.6299999952316284 2.498000144958496
0.2760000228881836 -0.7799999713897705 2.7799999713897705
0.18599998950958252 -0.5460000038146973 2.875999927520752
0.4440000057220459 -0.24599993228912354 2.930000066757202
0.33000004291534424 -0.6660000085830688 2.552000045776367
0.4020000696182251 -0.6959999799728394 2.5280001163482666
0.7799999713897705 -0.3539999723434448 2.828000068664551
0.4020000696182251 -0.26999998092651367 2.9539999961853027
0.48000001907348633 -0.24000000953674316 2.930000066757202
0.5280001163482666 -0.7979999780654907 2.5880000591278076
0.30000007152557373 -0.7979999780654907 2.75
0.22200000286102295 -0.6959999799728394 2.7320001125335693
0.2940000295639038 -0.34200000762939453 2.9539999961853027
0.6419999599456787 -0.6299999952316284 2.509999990463257
0.5280001163482666 -0.8040000200271606 2.5940001010894775
0.2879999876022339 -0.6959999799728394 2.6059999465942383
0.4440000057220459 -0.24000000953674316 2.9179999828338623
0.3059999942779541 -0.7199999690055847 2.6059999465942383
0.3840000629425049 -0.26999998092651367 2.941999912261963
0.8340001106262207 -0.5579999685287476 2.7260000705718994
0.8039999008178711 -0.6660000085830688 2.7019999027252197
0.33000004291534424 -0.8159999847412109 2.7260000705718994
0.4259999990463257 -0.7139999866485596 2.5280001163482666
0.4320000410079956 -0.6959999799728394 2.5160000324249268
0.6480000019073486 -0.6240000128746033 2.509999990463257
0.6059999465942383 -0.23399996757507324 2.875999927520752
0.24600005149841309 -0.38399994373321533 2.930000066757202
0.21599996089935303 -0.6959999799728394 2.75
0.5880000591278076 -0.671999990940094 2.503999948501587
0.5880000591278076 -0.24599993228912354 2.930000066757202
0.4020000696182251 -0.6779999732971191 2.5160000324249268
0.4020000696182251 -0.6480000019073486 2.503999948501587
0.7620000839233398 -0.33000004291534424 2.8519999980926514
0.8340001106262207 -0.49800002574920654 2.7320001125335693
0.5160000324249268 -0.24599993228912354 2.9539999961853027
0.5220000743865967 -0.7919999957084656 2.5759999752044678
0.5880000591278076 -0.23399996757507324 2.9000000953674316
0.7799999713897705 -0.34800004959106445 2.828000068664551
0.25199997425079346 -0.37199997901916504 2.930000066757202
0.36600005626678467 -0.671999990940094 2.5280001163482666
0.22800004482269287 -0.7080000042915344 2.7200000286102295
0.2640000581741333 -0.7739999890327454 2.7860000133514404
0.5280001163482666 -0.24599993228912354 2.9539999961853027
0.312000036239624 -0.7319999933242798 2.6059999465942383
0.21000003814697266 -0.6959999799728394 2.7799999713897705
0.8340001106262207 -0.5460000038146973 2.7139999866485596
0.5039999485015869 -0.6359999775886536 2.4800000190734863
0.19800007343292236 -0.671999990940094 2.803999900817871
0.5039999485015869 -0.7199999690055847 2.5160000324249268
0.30000007152557373 -0.33000004291534424 2.9539999961853027
0.7980000972747803 -0.37199997901916504 2.7980000972747803
0.48600006103515625 -0.6359999775886536 2.4800000190734863
0.7620000839233398 -0.3240000009536743 2.8399999141693115
0.18000006675720215 -0.5999999642372131 2.8519999980926514
0.5520000457763672 -0.8460000157356262 2.6540000438690186
0.630000114440918 -0.8100000023841858 2.630000114440918
0.8280000686645508 -0.5999999642372131 2.7019999027252197
0.8280000686645508 -0.6539999842643738 2.76200008392334
0.18000006675720215 -0.5699999928474426 2.875999927520752
0.19800007343292236 -0.4440000057220459 2.888000011444092
0.33000004291534424 -0.2999999523162842 2.9539999961853027
0.5160000324249268 -0.7739999890327454 2.552000045776367
0.4200000762939453 -0.24599993228912354 2.936000108718872
0.21599996089935303 -0.7080000042915344 2.75
0.6059999465942383 -0.23399996757507324 2.9000000953674316
0.24600005149841309 -0.37199997901916504 2.930000066757202
0.30000007152557373 -0.3240000009536743 2.9539999961853027
0.18599998950958252 -0.6480000019073486 2.828000068664551
0.4020000696182251 -0.6660000085830688 2.503999948501587
0.37800002098083496 -0.6959999799728394 2.5280001163482666
0.5520000457763672 -0.8460000157356262 2.6480000019073486
0.37800002098083496 -0.26999998092651367 2.9539999961853027
0.20399999618530273 -0.6959999799728394 2.803999900817871
0.3179999589920044 -0.671999990940094 2.552000045776367
0.809999942779541 -0.38399994373321533 2.803999900817871
0.49800002574920654 -0.24000000953674316 2.9539999961853027
0.4500000476837158 -0.6359999775886536 2.4800000190734863
0.33000004291534424 -0.8219999670982361 2.7139999866485596
0.8039999008178711 -0.37199997901916504 2.803999900817871
0.8159999847412109 -0.3960000276565552 2.7799999713897705
0.5759999752044678 -0.8460000157356262 2.6540000438690186
0.630000114440918 -0.24000000953674316 2.9000000953674316
0.18000006675720215 -0.6240000128746033 2.8519999980926514
0.22200000286102295 -0.7080000042915344 2.7139999866485596
0.5460000038146973 -0.8519999980926514 2.6540000438690186
0.7439999580383301 -0.2999999523162842 2.8519999980926514
0.8280000686645508 -0.41999995708465576 2.7799999713897705
0.48000001907348633 -0.7199999690055847 2.509999990463257
0.8280000686645508 -0.6240000128746033 2.7019999027252197
0.437999963760376 -0.24599993228912354 2.9539999961853027
0.37199997901916504 -0.6959999799728394 2.5280001163482666
0.5099999904632568 -0.75 2.5280001163482666
0.37800002098083496 -0.6480000019073486 2.503999948501587
0.17400002479553223 -0.5699999928474426 2.870000123977661
0.4500000476837158 -0.24599993228912354 2.9600000381469727
0.4739999771118164 -0.7199999690055847 2.509999990463257
0.4020000696182251 -0.7199999690055847 2.5280001163482666
0.6180000305175781 -0.8219999670982361 2.630000114440918
0.5940001010894775 -0.6240000128746033 2.4800000190734863
0.17400002479553223 -0.5999999642372131 2.8519999980926514
0.437999963760376 -0.6359999775886536 2.4800000190734863
0.18000006675720215 -0.6299999952316284 2.8519999980926514
0.34800004959106445 -0.671999990940094 2.5280001163482666
0.5160000324249268 -0.7799999713897705 2.552000045776367
0.2820000648498535 -0.7979999780654907 2.75
0.2580000162124634 -0.7739999890327454 2.75
0.7260000705718994 -0.2879999876022339 2.875999927520752
0.21000003814697266 -0.3960000276565552 2.881999969482422
0.7920000553131104 -0.34800004959106445 2.809999942779541
0.21000003814697266 -0.7139999866485596 2.7799999713897705
0.33000004291534424 -0.828000009059906 2.7200000286102295
0.18000006675720215 -0.515999972820282 2.9000000953674316
0.22800004482269287 -0.37199997901916504 2.9000000953674316
0.564000129699707 -0.24000000953674316 2.9539999961853027
0.8220000267028809 -0.6779999732971191 2.73799991607666
0.18599998950958252 -0.4739999771118164 2.9000000953674316
0.36600005626678467 -0.26999998092651367 2.9539999961853027
0.5940001010894775 -0.6959999799728394 2.503999948501587
0.4020000696182251 -0.7260000109672546 2.5280001163482666
0.5880000591278076 -0.8460000157356262 2.6480000019073486
0.18000006675720215 -0.49800002574920654 2.9000000953674316
0.312000036239624 -0.2999999523162842 2.947999954223633
0.6119999885559082 -0.6179999709129333 2.4800000190734863
0.5820000171661377 -0.6480000019073486 2.4800000190734863
0.4020000696182251 -0.6539999842643738 2.492000102996826
0.19200003147125244 -0.4440000057220459 2.9000000953674316
0.6480000019073486 -0.24000000953674316 2.8940000534057617
0.5339999198913574 -0.8460000157356262 2.630000114440918
0.5339999198913574 -0.24599993228912354 2.9779999256134033
0.2940000295639038 -0.6959999799728394 2.5759999752044678
0.4200000762939453 -0.6359999775886536 2.4800000190734863
0.2580000162124634 -0.7799999713897705 2.75
0.19800007343292236 -0.41999995708465576 2.8940000534057617
0.6540000438690186 -0.24000000953674316 2.888000011444092
0.2820000648498535 -0.8040000200271606 2.75
0.8340001106262207 -0.6480000019073486 2.7260000705718994
0.2580000162124634 -0.7739999890327454 2.7260000705718994
0.8399999141693115 -0.4440000057220459 2.75600004196167
0.6059999465942383 -0.8460000157356262 2.6540000438690186
0.48000001907348633 -0.22200000286102295 2.930000066757202
0.37800002098083496 -0.6660000085830688 2.503999948501587
0.8280000686645508 -0.6480000019073486 2.7019999027252197
0.5520000457763672 -0.24599993228912354 2.9779999256134033
0.3179999589920044 -0.8219999670982361 2.7079999446868896
0.8459999561309814 -0.4739999771118164 2.73799991607666
0.8220000267028809 -0.6420000195503235 2.677999973297119
0.25199997425079346 -0.75 2.684000015258789
0.2760000228881836 -0.7979999780654907 2.73799991607666
0.8340001106262207 -0.41999995708465576 2.76200008392334
0.8459999561309814 -0.5699999928474426 2.7079999446868896
0.8159999847412109 -0.6539999842643738 2.671999931335449
0.1679999828338623 -0.5699999928474426 2.875999927520752
0.37800002098083496 -0.6959999799728394 2.5160000324249268
0.2580000162124634 -0.3539999723434448 2.9539999961853027
0.36000001430511475 -0.6480000019073486 2.503999948501587
0.40799999237060547 -0.24599993228912354 2.9539999961853027
0.4500000476837158 -0.22200000286102295 2.9240000247955322
0.8519999980926514 -0.5460000038146973 2.7260000705718994
0.6719999313354492 -0.6299999952316284 2.503999948501587
0.5940001010894775 -0.7080000042915344 2.503999948501587
0.7560000419616699 -0.2999999523162842 2.8519999980926514
0.8399999141693115 -0.5999999642372131 2.696000099182129
0.20399999618530273 -0.40199995040893555 2.9000000953674316
0.19800007343292236 -0.7080000042915344 2.7980000972747803
0.19200003147125244 -0.6959999799728394 2.803999900817871
0.8519999980926514 -0.5220000147819519 2.7260000705718994
0.4440000057220459 -0.22200000286102295 2.9240000247955322
0.3960000276565552 -0.7319999933242798 2.5280001163482666
0.4259999990463257 -0.7199999690055847 2.509999990463257
0.37800002098083496 -0.7199999690055847 2.5280001163482666
0.3059999942779541 -0.8219999670982361 2.7260000705718994
0.3059999942779541 -0.7199999690055847 2.5759999752044678
0.20399999618530273 -0.7199999690055847 2.803999900817871
0.5099999904632568 -0.22200000286102295 2.941999912261963
0.30000007152557373 -0.6959999799728394 2.564000129699707
0.8039999008178711 -0.3539999723434448 2.8340001106262207
0.8280000686645508 -0.3960000276565552 2.7799999713897705
0.21000003814697266 -0.7139999866485596 2.7260000705718994
0.4500000476837158 -0.22200000286102295 2.930000066757202
0.7799999713897705 -0.3240000009536743 2.8519999980926514
0.8280000686645508 -0.6599999666213989 2.7019999027252197
0.5820000171661377 -0.6660000085830688 2.4800000190734863
0.630000114440918 -0.6179999709129333 2.4800000190734863
0.5039999485015869 -0.75 2.5160000324249268
0.6059999465942383 -0.22200000286102295 2.9060001373291016
0.5999999046325684 -0.22200000286102295 2.9119999408721924
0.2760000228881836 -0.3240000009536743 2.947999954223633
0.25199997425079346 -0.34800004959106445 2.941999912261963
0.34800004959106445 -0.6959999799728394 2.5280001163482666
0.8399999141693115 -0.6539999842643738 2.73799991607666
0.8519999980926514 -0.4739999771118164 2.75
0.5759999752044678 -0.22200000286102295 2.930000066757202
0.6779999732971191 -0.6299999952316284 2.503999948501587
0.6059999465942383 -0.8519999980926514 2.6540000438690186
0.18000006675720215 -0.671999990940094 2.828000068664551
0.20399999618530273 -0.3960000276565552 2.9000000953674316
0.37199997901916504 -0.7199999690055847 2.5280001163482666
0.5580000877380371 -0.25199997425079346 2.996000051498413
0.23399996757507324 -0.7440000176429749 2.7019999027252197
0.4140000343322754 -0.7199999690055847 2.509999990463257
0.25199997425079346 -0.7379999756813049 2.6540000438690186
0.624000072479248 -0.8219999670982361 2.611999988555908
0.5280001163482666 -0.22200000286102295 2.947999954223633
0.437999963760376 -0.22200000286102295 2.930000066757202
0.8039999008178711 -0.34800004959106445 2.828000068664551
0.25199997425079346 -0.7619999647140503 2.690000057220459
0.8220000267028809 -0.6599999666213989 2.677999973297119
0.19200003147125244 -0.41999995708465576 2.9000000953674316
0.20399999618530273 -0.7260000109672546 2.7860000133514404
0.2760000228881836 -0.8040000200271606 2.7320001125335693
0.8519999980926514 -0.4739999771118164 2.73799991607666
0.2760000228881836 -0.3240000009536743 2.9539999961853027
0.38999998569488525 -0.24599993228912354 2.9539999961853027
0.6359999179840088 -0.24000000953674316 2.936000108718872
0.30000007152557373 -0.2999999523162842 2.9539999961853027
0.22800004482269287 -0.75 2.7260000705718994
0.21000003814697266 -0.37199997901916504 2.888000011444092
0.8280000686645508 -0.6480000019073486 2.677999973297119
0.630000114440918 -0.6359999775886536 2.4800000190734863
0.5039999485015869 -0.22200000286102295 2.9539999961853027
0.19800007343292236 -0.7199999690055847 2.803999900817871
0.5699999332427979 -0.22200000286102295 2.941999912261963
0.26999998092651367 -0.3240000009536743 2.947999954223633
0.8220000267028809 -0.37199997901916504 2.7920000553131104
0.4919999837875366 -0.22200000286102295 2.9539999961853027
0.5280001163482666 -0.22200000286102295 2.9539999961853027
0.6180000305175781 -0.23399996757507324 2.941999912261963
0.5099999904632568 -0.7739999890327454 2.5280001163482666
0.24600005149841309 -0.7559999823570251 2.684000015258789
0.25199997425079346 -0.34800004959106445 2.9539999961853027
0.8580000400543213 -0.48000001907348633 2.75
0.624000072479248 -0.7979999780654907 2.5759999752044678
0.564000129699707 -0.25199997425079346 3.002000093460083
0.630000114440918 -0.22200000286102295 2.9000000953674316
0.3840000629425049 -0.6539999842643738 2.4860000610351562
0.25199997425079346 -0.7739999890327454 2.7019999027252197
0.19800007343292236 -0.3960000276565552 2.9000000953674316
0.6719999313354492 -0.24000000953674316 2.9000000953674316
0.3240000009536743 -0.8339999914169312 2.696000099182129
0.809999942779541 -0.34800004959106445 2.803999900817871
0.5520000457763672 -0.22200000286102295 2.9539999961853027
0.16200006008148193 -0.6240000128746033 2.8519999980926514
0.22200000286102295 -0.75 2.7320001125335693
0.38999998569488525 -0.6480000019073486 2.4800000190734863
0.3539999723434448 -0.6959999799728394 2.5160000324249268
0.16200006008148193 -0.5220000147819519 2.8940000534057617
0.5339999198913574 -0.8460000157356262 2.6059999465942383
0.630000114440918 -0.8219999670982361 2.6059999465942383
0.8280000686645508 -0.6599999666213989 2.677999973297119
0.5880000591278076 -0.6840000152587891 2.4800000190734863
0.3539999723434448 -0.671999990940094 2.503999948501587
0.8459999561309814 -0.6119999885559082 2.690000057220459
0.8519999980926514 -0.5999999642372131 2.7019999027252197
0.312000036239624 -0.7440000176429749 2.5759999752044678
0.24000000953674316 -0.75 2.677999973297119
0.2580000162124634 -0.7260000109672546 2.618000030517578
0.20399999618530273 -0.7379999756813049 2.803999900817871
0.37800002098083496 -0.7199999690055847 2.5160000324249268
0.37800002098083496 -0.2580000162124634 2.9779999256134033
0.6540000438690186 -0.6179999709129333 2.4800000190734863
0.5699999332427979 -0.8700000047683716 2.6540000438690186
0.6779999732971191 -0.24000000953674316 2.9000000953674316
0.630000114440918 -0.8399999737739563 2.630000114440918
0.23399996757507324 -0.34800004959106445 2.930000066757202
0.5039999485015869 -0.6240000128746033 2.450000047683716
0.3240000009536743 -0.8399999737739563 2.7019999027252197
0.49800002574920654 -0.6240000128746033 2.450000047683716
0.22200000286102295 -0.75 2.7200000286102295
0.5280001163482666 -0.6240000128746033 2.450000047683716
0.22800004482269287 -0.34800004959106445 2.9179999828338623
0.25199997425079346 -0.7799999713897705 2.7019999027252197
0.5759999752044678 -0.8700000047683716 2.6540000438690186
0.6180000305175781 -0.8460000157356262 2.630000114440918
0.18000006675720215 -0.6959999799728394 2.828000068664551
0.19800007343292236 -0.7319999933242798 2.7980000972747803
0.7739999294281006 -0.2999999523162842 2.8459999561309814
0.8580000400543213 -0.5699999928474426 2.7019999027252197
0.564000129699707 -0.24599993228912354 3.002000093460083
0.24000000953674316 -0.7379999756813049 2.6540000438690186
0.8399999141693115 -0.3960000276565552 2.7739999294281006
0.2640000581741333 -0.3240000009536743 2.9539999961853027
0.5099999904632568 -0.6299999952316284 2.450000047683716
0.156000018119812 -0.5460000038146973 2.888000011444092
0.16200006008148193 -0.6480000019073486 2.8340001106262207
0.48000001907348633 -0.75 2.503999948501587
0.6779999732971191 -0.23399996757507324 2.888000011444092
0.4020000696182251 -0.6359999775886536 2.4679999351501465
0.33000004291534424 -0.6480000019073486 2.503999948501587
0.7980000972747803 -0.3240000009536743 2.828000068664551
0.7019999027252197 -0.6240000128746033 2.503999948501587
0.2760000228881836 -0.7080000042915344 2.5759999752044678
0.2580000162124634 -0.7979999780654907 2.7260000705718994
0.20399999618530273 -0.37199997901916504 2.9000000953674316
0.5520000457763672 -0.6240000128746033 2.450000047683716
0.30000007152557373 -0.6599999666213989 2.5280001163482666
0.48000001907348633 -0.6299999952316284 2.450000047683716
0.3539999723434448 -0.6539999842643738 2.492000102996826
0.156000018119812 -0.5999999642372131 2.875999927520752
0.8519999980926514 -0.6480000019073486 2.7260000705718994
0.8519999980926514 -0.6240000128746033 2.7019999027252197
0.24000000953674316 -0.7260000109672546 2.635999917984009
0.8280000686645508 -0.3659999370574951 2.803999900817871
0.4620000123977661 -0.22800004482269287 2.9779999256134033
0.4620000123977661 -0.21599996089935303 2.9539999961853027
0.8640000820159912 -0.49800002574920654 2.7260000705718994
0.16200006008148193 -0.49800002574920654 2.9060001373291016
0.24600005149841309 -0.34200000762939453 2.9539999961853027
0.22200000286102295 -0.7559999823570251 2.7200000286102295
0.156000018119812 -0.6060000061988831 2.875999927520752
0.3539999723434448 -0.26399993896484375 2.9779999256134033
0.19800007343292236 -0.7379999756813049 2.803999900817871
0.8580000400543213 -0.4440000057220459 2.75
0.5940001010894775 -0.22800004482269287 2.9660000801086426
0.4259999990463257 -0.22200000286102295 2.9539999961853027
0.156000018119812 -0.5399999618530273 2.9000000953674316
0.7799999713897705 -0.2999999523162842 2.8399999141693115
0.33000004291534424 -0.26999998092651367 2.9660000801086426
0.4140000343322754 -0.22200000286102295 2.947999954223633
0.6540000438690186 -0.22200000286102295 2.9000000953674316
0.437999963760376 -0.23399996757507324 2.9839999675750732
0.5999999046325684 -0.7379999756813049 2.503999948501587
0.8519999980926514 -0.4140000343322754 2.7799999713897705
0.5520000457763672 -0.8700000047683716 2.635999917984009
0.5699999332427979 -0.8759999871253967 2.6540000438690186
0.156000018119812 -0.5220000147819519 2.9000000953674316
0.624000072479248 -0.8159999847412109 2.5820000171661377
0.4500000476837158 -0.75 2.503999948501587
0.4559999704360962 -0.6299999952316284 2.450000047683716
0.312000036239624 -0.7559999823570251 2.5759999752044678
0.24000000953674316 -0.7739999890327454 2.7019999027252197
0.37199997901916504 -0.24599993228912354 2.9660000801086426
0.3059999942779541 -0.7199999690055847 2.552000045776367
0.7799999713897705 -0.2999999523162842 2.8519999980926514
0.6180000305175781 -0.8040000200271606 2.564000129699707
0.3539999723434448 -0.6480000019073486 2.4860000610351562
0.25199997425079346 -0.7199999690055847 2.6059999465942383
0.24600005149841309 -0.7799999713897705 2.696000099182129
0.5399999618530273 -0.8700000047683716 2.630000114440918
0.8039999008178711 -0.3240000009536743 2.828000068664551
0.5220000743865967 -0.8159999847412109 2.552000045776367
0.8519999980926514 -0.6420000195503235 2.7019999027252197
0.1499999761581421 -0.5460000038146973 2.888000011444092
0.4140000343322754 -0.22200000286102295 2.9539999961853027
0.5280001163482666 -0.8460000157356262 2.5880000591278076
0.5699999332427979 -0.6359999775886536 2.450000047683716
0.437999963760376 -0.6299999952316284 2.450000047683716
0.5399999618530273 -0.6299999952316284 2.444000005722046
0.22800004482269287 -0.7739999890327454 2.7260000705718994
0.624000072479248 -0.8460000157356262 2.618000030517578
0.37800002098083496 -0.24599993228912354 2.9779999256134033
0.8340001106262207 -0.6480000019073486 2.6540000438690186
0.16200006008148193 -0.4739999771118164 2.9119999408721924
0.6059999465942383 -0.21000003814697266 2.930000066757202
0.156000018119812 -0.6480000019073486 2.8519999980926514
0.19800007343292236 -0.37199997901916504 2.9060001373291016
0.33000004291534424 -0.671999990940094 2.503999948501587
0.5940001010894775 -0.8700000047683716 2.6419999599456787
0.8700001239776611 -0.5220000147819519 2.7139999866485596
0.6059999465942383 -0.7440000176429749 2.503999948501587
0.21000003814697266 -0.34800004959106445 2.9000000953674316
0.6180000305175781 -0.7979999780654907 2.552000045776367
0.4259999990463257 -0.75 2.503999948501587
0.8700001239776611 -0.5460000038146973 2.7079999446868896
0.33000004291534424 -0.26999998092651367 2.9779999256134033
0.3059999942779541 -0.7379999756813049 2.558000087738037
0.23399996757507324 -0.7139999866485596 2.618000030517578
0.7560000419616699 -0.26999998092651367 2.8519999980926514
0.8340001106262207 -0.6539999842643738 2.6540000438690186
0.6779999732971191 -0.6240000128746033 2.4800000190734863
0.6719999313354492 -0.22200000286102295 2.8940000534057617
0.5999999046325684 -0.6240000128746033 2.450000047683716
0.6359999179840088 -0.22800004482269287 2.9539999961853027
0.5339999198913574 -0.8579999804496765 2.5999999046325684
0.2760000228881836 -0.7020000219345093 2.558000087738037
0.2760000228881836 -0.2999999523162842 2.9600000381469727
0.5160000324249268 -0.7979999780654907 2.5280001163482666
0.8340001106262207 -0.6480000019073486 2.6480000019073486
0.5759999752044678 -0.8819999694824219 2.6540000438690186
0.8519999980926514 -0.3960000276565552 2.7799999713897705
0.30000007152557373 -0.8460000157356262 2.7260000705718994
0.3059999942779541 -0.6959999799728394 2.5280001163482666
0.3179999589920044 -0.8040000200271606 2.611999988555908
0.8280000686645508 -0.34800004959106445 2.803999900817871
0.1679999828338623 -0.4440000057220459 2.9179999828338623
0.3240000009536743 -0.26399993896484375 2.9660000801086426
0.5399999618530273 -0.8700000047683716 2.618000030517578
0.14400005340576172 -0.5999999642372131 2.864000082015991
0.6059999465942383 -0.6240000128746033 2.450000047683716
0.875999927520752 -0.5220000147819519 2.7260000705718994
0.18000006675720215 -0.41999995708465576 2.930000066757202
0.2760000228881836 -0.6959999799728394 2.552000045776367
0.5460000038146973 -0.8880000114440918 2.6540000438690186
0.19200003147125244 -0.7440000176429749 2.828000068664551
0.22200000286102295 -0.7739999890327454 2.7260000705718994
0.3539999723434448 -0.7199999690055847 2.509999990463257
0.5160000324249268 -0.6299999952316284 2.437999963760376
0.17400002479553223 -0.7139999866485596 2.809999942779541
0.630000114440918 -0.8460000157356262 2.611999988555908
0.6119999885559082 -0.7799999713897705 2.5280001163482666
0.33000004291534424 -0.6959999799728394 2.509999990463257
0.156000018119812 -0.671999990940094 2.828000068664551
0.46800005435943604 -0.1979999542236328 2.941999912261963
0.630000114440918 -0.8579999804496765 2.630000114440918
0.3059999942779541 -0.6480000019073486 2.503999948501587
0.5039999485015869 -0.7739999890327454 2.503999948501587
0.5940001010894775 -0.7199999690055847 2.4800000190734863
0.875999927520752 -0.49800002574920654 2.7260000705718994
0.6779999732971191 -0.22200000286102295 2.9000000953674316
0.26999998092651367 -0.2999999523162842 2.9600000381469727
0.875999927520752 -0.5220000147819519 2.7139999866485596
0.7260000705718994 -0.6240000128746033 2.503999948501587
0.48000001907348633 -0.7739999890327454 2.503999948501587
0.25199997425079346 -0.671999990940094 2.558000087738037
0.3359999656677246 -0.6539999842643738 2.4860000610351562
0.312000036239624 -0.6779999732971191 2.509999990463257
0.17400002479553223 -0.41999995708465576 2.9240000247955322
0.22800004482269287 -0.7860000133514404 2.7260000705718994
0.22800004482269287 -0.3240000009536743 2.9240000247955322
0.8519999980926514 -0.6480000019073486 2.677999973297119
0.4020000696182251 -0.75 2.503999948501587
0.20399999618530273 -0.7680000066757202 2.7799999713897705
0.8459999561309814 -0.37199997901916504 2.7860000133514404
0.5099999904632568 -0.1979999542236328 2.9539999961853027
0.5999999046325684 -0.6480000019073486 2.450000047683716
0.5759999752044678 -0.20399999618530273 2.9539999961853027
0.2760000228881836 -0.6599999666213989 2.5280001163482666
0.33000004291534424 -0.6480000019073486 2.4860000610351562
0.30000007152557373 -0.28199994564056396 2.9779999256134033
0.5339999198913574 -0.1979999542236328 2.9539999961853027
0.8700001239776611 -0.6539999842643738 2.75
0.8340001106262207 -0.34800004959106445 2.7980000972747803
0.875999927520752 -0.4739999771118164 2.7320001125335693
0.34800004959106445 -0.24599993228912354 2.9720001220703125
0.8580000400543213 -0.6599999666213989 2.7019999027252197
0.4440000057220459 -0.1979999542236328 2.941999912261963
0.48000001907348633 -0.1979999542236328 2.9539999961853027
0.3539999723434448 -0.24599993228912354 2.9779999256134033
0.22800004482269287 -0.3240000009536743 2.930000066757202
0.24000000953674316 -0.3240000009536743 2.9539999961853027
0.21000003814697266 -0.7739999890327454 2.75
0.6059999465942383 -0.6480000019073486 2.450000047683716
0.630000114440918 -0.8399999737739563 2.5940001010894775
0.875999927520752 -0.5699999928474426 2.7019999027252197
0.5520000457763672 -0.21000003814697266 2.9779999256134033
0.875999927520752 -0.6359999775886536 2.75
0.7019999027252197 -0.22800004482269287 2.888000011444092
0.1380000114440918 -0.5699999928474426 2.881999969482422
0.5759999752044678 -0.6299999952316284 2.437999963760376
0.5520000457763672 -0.1979999542236328 2.9539999961853027
0.5699999332427979 -0.1979999542236328 2.947999954223633
0.8700001239776611 -0.5999999642372131 2.690000057220459
0.4500000476837158 -0.7739999890327454 2.503999948501587
0.5940001010894775 -0.1979999542236328 2.936000108718872
0.38999998569488525 -0.22200000286102295 2.9660000801086426
0.14400005340576172 -0.6480000019073486 2.8399999141693115
0.2580000162124634 -0.8219999670982361 2.7260000705718994
0.630000114440918 -0.6240000128746033 2.450000047683716
0.1499999761581421 -0.671999990940094 2.828000068664551
0.5160000324249268 -0.19200003147125244 2.947999954223633
0.2879999876022339 -0.2879999876022339 2.9779999256134033
0.24600005149841309 -0.7260000109672546 2.5940001010894775
0.7019999027252197 -0.22200000286102295 2.870000123977661
0.6059999465942383 -0.1979999542236328 2.930000066757202
0.48000001907348633 -0.7739999890327454 2.498000144958496
0.5220000743865967 -0.8339999914169312 2.552000045776367
0.33000004291534424 -0.8700000047683716 2.7079999446868896
0.6119999885559082 -0.8040000200271606 2.5399999618530273
0.8220000267028809 -0.3240000009536743 2.815999984741211
0.24000000953674316 -0.7979999780654907 2.7019999027252197
0.6180000305175781 -0.8700000047683716 2.630000114440918
0.7019999027252197 -0.6179999709129333 2.4800000190734863
0.7019999027252197 -0.22200000286102295 2.875999927520752
0.2940000295639038 -0.6480000019073486 2.503999948501587
0.3240000009536743 -0.8460000157356262 2.6540000438690186
0.2820000648498535 -0.6840000152587891 2.5280001163482666
0.4500000476837158 -0.1979999542236328 2.9539999961853027
0.875999927520752 -0.4440000057220459 2.75
0.875999927520752 -0.5999999642372131 2.7019999027252197
0.18000006675720215 -0.3960000276565552 2.930000066757202
0.624000072479248 -0.828000009059906 2.569999933242798
0.17400002479553223 -0.7319999933242798 2.809999942779541
0.8819999694824219 -0.49800002574920654 2.7200000286102295
0.8519999980926514 -0.37199997901916504 2.7799999713897705
0.2580000162124634 -0.7260000109672546 2.5759999752044678
0.4620000123977661 -0.7739999890327454 2.498000144958496
0.5759999752044678 -0.1979999542236328 2.9539999961853027
0.3059999942779541 -0.7199999690055847 2.5280001163482666
0.6119999885559082 -0.6359999775886536 2.444000005722046
0.22200000286102295 -0.3240000009536743 2.930000066757202
0.156000018119812 -0.6959999799728394 2.822000026702881
0.1380000114440918 -0.5220000147819519 2.9000000953674316
0.19800007343292236 -0.34800004959106445 2.9119999408721924
0.5280001163482666 -0.6179999709129333 2.4260001182556152
0.156000018119812 -0.6959999799728394 2.828000068664551
0.8700001239776611 -0.41999995708465576 2.75
0.624000072479248 -0.1979999542236328 2.9240000247955322
0.8519999980926514 -0.671999990940094 2.677999973297119
0.1679999828338623 -0.41999995708465576 2.930000066757202
0.437999963760376 -0.1979999542236328 2.9539999961853027
0.25199997425079346 -0.7199999690055847 2.5759999752044678
0.5699999332427979 -0.6299999952316284 2.432000160217285
0.4259999990463257 -0.7739999890327454 2.503999948501587
0.37800002098083496 -0.75 2.503999948501587
0.6779999732971191 -0.22200000286102295 2.930000066757202
0.5220000743865967 -0.6240000128746033 2.4260001182556152
0.33000004291534424 -0.7199999690055847 2.509999990463257
0.7260000705718994 -0.6179999709129333 2.492000102996826
0.8700001239776611 -0.6660000085830688 2.7320001125335693
0.8700001239776611 -0.6179999709129333 2.684000015258789
0.5999999046325684 -0.671999990940094 2.450000047683716
0.8459999561309814 -0.6899999976158142 2.677999973297119
0.5520000457763672 -0.6179999709129333 2.4260001182556152
0.30000007152557373 -0.671999990940094 2.503999948501587
0.630000114440918 -0.6480000019073486 2.450000047683716
0.3240000009536743 -0.8640000224113464 2.684000015258789
0.6419999599456787 -0.1979999542236328 2.9119999408721924
0.6059999465942383 -0.671999990940094 2.450000047683716
0.312000036239624 -0.8759999871253967 2.75600004196167
0.156000018119812 -0.4500000476837158 2.930000066757202
0.875999927520752 -0.6240000128746033 2.7019999027252197
0.30000007152557373 -0.26999998092651367 2.9779999256134033
0.6960000991821289 -0.21599996089935303 2.888000011444092
0.2760000228881836 -0.8460000157356262 2.7260000705718994
0.630000114440918 -0.6299999952316284 2.444000005722046
0.7019999027252197 -0.22200000286102295 2.9000000953674316
0.19800007343292236 -0.7739999890327454 2.76200008392334
0.18599998950958252 -0.37199997901916504 2.930000066757202
0.6059999465942383 -0.7739999890327454 2.503999948501587
0.630000114440918 -0.1979999542236328 2.930000066757202
0.156000018119812 -0.4440000057220459 2.930000066757202
0.4440000057220459 -0.21000003814697266 2.990000009536743
0.24600005149841309 -0.7199999690055847 2.5759999752044678
0.312000036239624 -0.7680000066757202 2.552000045776367
0.6540000438690186 -0.6240000128746033 2.450000047683716
0.3179999589920044 -0.8700000047683716 2.7019999027252197
0.5759999752044678 -0.6179999709129333 2.4260001182556152
0.5220000743865967 -0.8219999670982361 2.5280001163482666
0.22200000286102295 -0.7979999780654907 2.7260000705718994
0.25199997425079346 -0.6959999799728394 2.552000045776367
0.6719999313354492 -0.21599996089935303 2.936000108718872
0.8459999561309814 -0.6899999976158142 2.6660001277923584
0.37800002098083496 -0.22200000286102295 2.9779999256134033
0.33000004291534424 -0.24599993228912354 2.9779999256134033
0.875999927520752 -0.41999995708465576 2.75
0.17400002479553223 -0.3960000276565552 2.936000108718872
0.5460000038146973 -0.6119999885559082 2.4200000762939453
0.25199997425079346 -0.8219999670982361 2.7019999027252197
0.8880000114440918 -0.5460000038146973 2.7019999027252197
0.8940000534057617 -0.4919999837875366 2.75
0.4919999837875366 -0.1799999475479126 2.941999912261963
0.8700001239776611 -0.3960000276565552 2.7680001258850098
0.22200000286102295 -0.7979999780654907 2.7200000286102295
0.875999927520752 -0.6660000085830688 2.7320001125335693
0.5039999485015869 -0.7979999780654907 2.503999948501587
0.3179999589920044 -0.7199999690055847 2.509999990463257
0.49800002574920654 -0.7979999780654907 2.503999948501587
0.4020000696182251 -0.7739999890327454 2.503999948501587
0.26999998092651367 -0.8460000157356262 2.7260000705718994
0.8280000686645508 -0.3179999589920044 2.828000068664551
0.2760000228881836 -0.8579999804496765 2.76200008392334
0.22800004482269287 -0.6959999799728394 2.5759999752044678
0.6600000858306885 -0.1979999542236328 2.9060001373291016
0.2580000162124634 -0.2999999523162842 2.9779999256134033
0.5520000457763672 -0.6179999709129333 2.4200000762939453
0.1499999761581421 -0.4440000057220459 2.9240000247955322
0.3240000009536743 -0.8579999804496765 2.6540000438690186
0.20399999618530273 -0.3240000009536743 2.9119999408721924
0.3059999942779541 -0.7379999756813049 2.5280001163482666
0.5999999046325684 -0.75 2.4800000190734863
0.8580000400543213 -0.6599999666213989 2.6600000858306885
0.4020000696182251 -0.21000003814697266 2.9779999256134033
0.624000072479248 -0.8700000047683716 2.611999988555908
0.5940001010894775 -0.6959999799728394 2.450000047683716
0.3179999589920044 -0.24599993228912354 2.9720001220703125
0.30000007152557373 -0.8700000047683716 2.7260000705718994
0.875999927520752 -0.40199995040893555 2.7799999713897705
0.8039999008178711 -0.2879999876022339 2.8519999980926514
0.3059999942779541 -0.7559999823570251 2.5399999618530273
0.18000006675720215 -0.7619999647140503 2.803999900817871
0.1260000467300415 -0.5999999642372131 2.875999927520752
0.8940000534057617 -0.4739999771118164 2.75
0.630000114440918 -0.671999990940094 2.450000047683716
0.30000007152557373 -0.6480000019073486 2.4860000610351562
0.25199997425079346 -0.6599999666213989 2.5280001163482666
0.3179999589920044 -0.8100000023841858 2.5820000171661377
0.6119999885559082 -0.671999990940094 2.444000005722046
0.3539999723434448 -0.75 2.503999948501587
0.36600005626678467 -0.22200000286102295 2.9779999256134033
0.156000018119812 -0.7199999690055847 2.828000068664551
0.8519999980926514 -0.34800004959106445 2.803999900817871
0.19200003147125244 -0.34800004959106445 2.930000066757202
0.25199997425079346 -0.7080000042915344 2.552000045776367
0.21000003814697266 -0.7979999780654907 2.75
0.6059999465942383 -0.6119999885559082 2.4260001182556152
0.6540000438690186 -0.6480000019073486 2.450000047683716
0.5520000457763672 -0.9120000004768372 2.6600000858306885
0.1260000467300415 -0.6240000128746033 2.8580000400543213
0.5399999618530273 -0.8999999761581421 2.630000114440918
0.4140000343322754 -0.1979999542236328 2.9660000801086426
0.1260000467300415 -0.5460000038146973 2.9000000953674316
0.1260000467300415 -0.5579999685287476 2.9000000953674316
0.7260000705718994 -0.22200000286102295 2.875999927520752
0.30000007152557373 -0.6539999842643738 2.4860000610351562
0.5460000038146973 -0.8939999938011169 2.618000030517578
0.1260000467300415 -0.6119999885559082 2.875999927520752
0.6059999465942383 -0.6959999799728394 2.450000047683716
0.875999927520752 -0.3960000276565552 2.7799999713897705
0.4500000476837158 -0.7979999780654907 2.503999948501587
0.5880000591278076 -0.6060000061988831 2.4200000762939453
0.6359999179840088 -0.5999999642372131 2.432000160217285
0.4020000696182251 -0.7739999890327454 2.498000144958496
0.5520000457763672 -0.8999999761581421 2.630000114440918
0.25199997425079346 -0.7020000219345093 2.5460000038146973
0.24600005149841309 -0.8219999670982361 2.696000099182129
0.8399999141693115 -0.6959999799728394 2.6419999599456787
0.8880000114440918 -0.4440000057220459 2.73799991607666
0.6719999313354492 -0.21599996089935303 2.9539999961853027
0.7019999027252197 -0.22200000286102295 2.930000066757202
0.4919999837875366 -0.17400002479553223 2.941999912261963
0.8700001239776611 -0.6420000195503235 2.6660001277923584
0.19800007343292236 -0.7919999957084656 2.815999984741211
0.48600006103515625 -0.19200003147125244 2.9839999675750732
0.46800005435943604 -0.8040000200271606 2.503999948501587
0.630000114440918 -0.8579999804496765 2.5880000591278076
0.5999999046325684 -0.6899999976158142 2.444000005722046
0.630000114440918 -0.8700000047683716 2.6059999465942383
0.437999963760376 -0.7979999780654907 2.503999948501587
0.8220000267028809 -0.2999999523162842 2.8340001106262207
0.8519999980926514 -0.7080000042915344 2.677999973297119
0.22800004482269287 -0.2999999523162842 2.941999912261963
0.5039999485015869 -0.17400002479553223 2.947999954223633
0.2760000228881836 -0.26999998092651367 2.9720001220703125
0.9000000953674316 -0.48000001907348633 2.75
0.2820000648498535 -0.6779999732971191 2.503999948501587
0.37800002098083496 -0.7739999890327454 2.503999948501587
0.24600005149841309 -0.7080000042915344 2.552000045776367
0.5520000457763672 -0.8999999761581421 2.624000072479248
0.8580000400543213 -0.6959999799728394 2.677999973297119
0.5880000591278076 -0.1979999542236328 2.9839999675750732
0.19800007343292236 -0.3240000009536743 2.9179999828338623
0.6779999732971191 -0.21599996089935303 2.9539999961853027
0.8940000534057617 -0.5699999928474426 2.696000099182129
0.630000114440918 -0.671999990940094 2.444000005722046
0.9000000953674316 -0.5040000081062317 2.7260000705718994
0.1260000467300415 -0.6480000019073486 2.8519999980926514
0.8819999694824219 -0.6240000128746033 2.677999973297119
0.630000114440918 -0.6899999976158142 2.450000047683716
0.9000000953674316 -0.49800002574920654 2.7260000705718994
0.48000001907348633 -0.8100000023841858 2.503999948501587
0.6840000152587891 -0.1979999542236328 2.9000000953674316
0.2760000228881836 -0.671999990940094 2.503999948501587
0.2640000581741333 -0.6480000019073486 2.503999948501587
0.5039999485015869 -0.17400002479553223 2.9539999961853027
0.8280000686645508 -0.6899999976158142 2.6059999465942383
0.2760000228881836 -0.26999998092651367 2.9779999256134033
0.5280001163482666 -0.17400002479553223 2.9539999961853027
0.1260000467300415 -0.49800002574920654 2.9119999408721924
0.7980000972747803 -0.26999998092651367 2.8519999980926514
0.18000006675720215 -0.7739999890327454 2.7799999713897705
0.34800004959106445 -0.22200000286102295 2.9779999256134033
0.630000114440918 -0.6119999885559082 2.4260001182556152
0.8459999561309814 -0.7080000042915344 2.6540000438690186
0.4320000410079956 -0.19200003147125244 2.9779999256134033
0.48000001907348633 -0.7979999780654907 2.492000102996826
0.48000001907348633 -0.17400002479553223 2.9539999961853027
0.9000000953674316 -0.5220000147819519 2.7079999446868896
0.6540000438690186 -0.671999990940094 2.450000047683716
0.5280001163482666 -0.8640000224113464 2.558000087738037
0.24000000953674316 -0.6599999666213989 2.5280001163482666
0.4020000696182251 -0.7919999957084656 2.503999948501587
0.8459999561309814 -0.3240000009536743 2.803999900817871
0.33000004291534424 -0.8880000114440918 2.690000057220459
0.19800007343292236 -0.3240000009536743 2.930000066757202
0.9000000953674316 -0.5460000038146973 2.7019999027252197
0.22800004482269287 -0.2999999523162842 2.9539999961853027
0.5940001010894775 -0.8999999761581421 2.630000114440918
0.5520000457763672 -0.17400002479553223 2.9539999961853027
0.6059999465942383 -0.7979999780654907 2.503999948501587
0.1260000467300415 -0.6599999666213989 2.8519999980926514
0.23399996757507324 -0.8219999670982361 2.7019999027252197
0.1499999761581421 -0.41999995708465576 2.936000108718872
0.37800002098083496 -0.7739999890327454 2.498000144958496
0.2820000648498535 -0.8700000047683716 2.7260000705718994
0.4020000696182251 -0.1979999542236328 2.9779999256134033
0.17400002479553223 -0.7680000066757202 2.7739999294281006
0.9000000953674316 -0.5699999928474426 2.7019999027252197
0.6359999179840088 -0.8880000114440918 2.630000114440918
0.19800007343292236 -0.7979999780654907 2.75600004196167
0.312000036239624 -0.7979999780654907 2.558000087738037
0.6359999179840088 -0.7080000042915344 2.4559998512268066
0.312000036239624 -0.7860000133514404 2.5460000038146973
0.9000000953674316 -0.4739999771118164 2.7260000705718994
0.25199997425079346 -0.6899999976158142 2.5280001163482666
0.4440000057220459 -0.17400002479553223 2.947999954223633
0.3960000276565552 -0.7919999957084656 2.503999948501587
0.21000003814697266 -0.2999999523162842 2.9179999828338623
0.4259999990463257 -0.8040000200271606 2.503999948501587
0.5999999046325684 -0.7199999690055847 2.450000047683716
0.24600005149841309 -0.7020000219345093 2.5399999618530273
0.690000057220459 -0.6240000128746033 2.450000047683716
0.18000006675720215 -0.3659999370574951 2.9539999961853027
0.9000000953674316 -0.5820000171661377 2.7019999027252197
0.17400002479553223 -0.37199997901916504 2.947999954223633
0.6779999732971191 -0.6480000019073486 2.450000047683716
0.3240000009536743 -0.8640000224113464 2.635999917984009
0.8940000534057617 -0.6480000019073486 2.7260000705718994
0.33000004291534424 -0.75 2.503999948501587
0.624000072479248 -0.6060000061988831 2.4200000762939453
0.11399996280670166 -0.5999999642372131 2.870000123977661
0.5160000324249268 -0.1799999475479126 2.9779999256134033
0.30000007152557373 -0.24599993228912354 2.9779999256134033
0.4500000476837158 -0.7979999780654907 2.492000102996826
0.4500000476837158 -0.17400002479553223 2.9539999961853027
0.8819999694824219 -0.6480000019073486 2.677999973297119
0.8640000820159912 -0.34800004959106445 2.7920000553131104
0.9000000953674316 -0.6539999842643738 2.7739999294281006
0.7260000705718994 -0.21599996089935303 2.9000000953674316
0.6059999465942383 -0.7199999690055847 2.450000047683716
0.6059999465942383 -0.8999999761581421 2.630000114440918
0.875999927520752 -0.37199997901916504 2.7799999713897705
0.8039999008178711 -0.26999998092651367 2.8519999980926514
0.4739999771118164 -0.1679999828338623 2.947999954223633
0.9060001373291016 -0.4739999771118164 2.75
0.5999999046325684 -0.7739999890327454 2.4800000190734863
0.156000018119812 -0.7440000176429749 2.828000068664551
0.22200000286102295 -0.8219999670982361 2.7260000705718994
0.4440000057220459 -0.17400002479553223 2.9539999961853027
0.9000000953674316 -0.4440000057220459 2.75
0.9000000953674316 -0.6480000019073486 2.75
0.22800004482269287 -0.6959999799728394 2.552000045776367
0.1260000467300415 -0.4739999771118164 2.9179999828338623
0.6059999465942383 -0.1799999475479126 2.9539999961853027
0.875999927520752 -0.671999990940094 2.677999973297119
0.13199996948242188 -0.6959999799728394 2.822000026702881
0.38999998569488525 -0.1979999542236328 2.9779999256134033
0.5999999046325684 -0.7139999866485596 2.444000005722046
0.7019999027252197 -0.1979999542236328 2.8940000534057617
0.8580000400543213 -0.6959999799728394 2.6540000438690186
0.5099999904632568 -0.8219999670982361 2.503999948501587
0.6540000438690186 -0.671999990940094 2.444000005722046
0.6540000438690186 -0.18599998950958252 2.930000066757202
0.8519999980926514 -0.3240000009536743 2.803999900817871
0.8940000534057617 -0.5999999642372131 2.677999973297119
0.5220000743865967 -0.8460000157356262 2.5280001163482666
0.3539999723434448 -0.7739999890327454 2.503999948501587
0.8700001239776611 -0.3539999723434448 2.803999900817871
0.6540000438690186 -0.5999999642372131 2.4260001182556152
0.24600005149841309 -0.2879999876022339 2.9779999256134033
0.5280001163482666 -0.16199994087219238 2.941999912261963
0.6119999885559082 -0.6959999799728394 2.437999963760376
0.4320000410079956 -0.7979999780654907 2.492000102996826
0.75 -0.6119999885559082 2.4800000190734863
0.25199997425079346 -0.8460000157356262 2.7019999027252197
0.22200000286102295 -0.6899999976158142 2.552000045776367
0.7019999027252197 -0.1979999542236328 2.9000000953674316
0.22200000286102295 -0.8219999670982361 2.7139999866485596
0.5999999046325684 -0.17400002479553223 2.947999954223633
0.6719999313354492 -0.6299999952316284 2.437999963760376
0.624000072479248 -0.17400002479553223 2.930000066757202
0.1260000467300415 -0.48000001907348633 2.930000066757202
0.8880000114440918 -0.3960000276565552 2.75600004196167
0.7379999160766602 -0.21000003814697266 2.8580000400543213
0.2760000228881836 -0.8700000047683716 2.7139999866485596
0.2580000162124634 -0.26999998092651367 2.9720001220703125
0.5940001010894775 -0.17400002479553223 2.9539999961853027
0.624000072479248 -0.5999999642372131 2.4140000343322754
0.6540000438690186 -0.7080000042915344 2.4559998512268066
0.4020000696182251 -0.8040000200271606 2.503999948501587
0.7019999027252197 -0.6240000128746033 2.450000047683716
0.3179999589920044 -0.8999999761581421 2.7260000705718994
0.8940000534057617 -0.6480000019073486 2.7019999027252197
0.3179999589920044 -0.75 2.503999948501587
0.1260000467300415 -0.4739999771118164 2.930000066757202
0.156000018119812 -0.40199995040893555 2.9539999961853027
0.9000000953674316 -0.6480000019073486 2.7260000705718994
0.9000000953674316 -0.6240000128746033 2.7019999027252197
0.5039999485015869 -0.17400002479553223 2.9779999256134033
0.6540000438690186 -0.6179999709129333 2.4260001182556152
0.6779999732971191 -0.6299999952316284 2.437999963760376
0.6779999732971191 -0.671999990940094 2.450000047683716
0.25199997425079346 -0.8460000157356262 2.690000057220459
0.8819999694824219 -0.37199997901916504 2.7739999294281006
0.8519999980926514 -0.7199999690055847 2.6540000438690186
0.1679999828338623 -0.37199997901916504 2.9539999961853027
0.5039999485015869 -0.8219999670982361 2.498000144958496
0.3539999723434448 -0.7739999890327454 2.498000144958496
0.624000072479248 -0.8700000047683716 2.5759999752044678
0.4500000476837158 -0.1799999475479126 2.9839999675750732
0.8399999141693115 -0.2999999523162842 2.828000068664551
0.8280000686645508 -0.2879999876022339 2.8519999980926514
0.20399999618530273 -0.2999999523162842 2.930000066757202
0.5999999046325684 -0.7260000109672546 2.444000005722046
0.6059999465942383 -0.17400002479553223 2.9539999961853027
0.2760000228881836 -0.6480000019073486 2.4800000190734863
0.6359999179840088 -0.17400002479553223 2.930000066757202
0.2820000648498535 -0.24599993228912354 2.9720001220703125
0.156000018119812 -0.3960000276565552 2.9539999961853027
0.25199997425079346 -0.6779999732971191 2.509999990463257
0.1260000467300415 -0.6959999799728394 2.828000068664551
0.630000114440918 -0.8880000114440918 2.6059999465942383
0.10800004005432129 -0.6240000128746033 2.8580000400543213
0.18000006675720215 -0.34800004959106445 2.9539999961853027
0.5880000591278076 -0.19200003147125244 3.002000093460083
0.5999999046325684 -0.7860000133514404 2.4800000190734863
0.10800004005432129 -0.5460000038146973 2.9000000953674316
0.6480000019073486 -0.6119999885559082 2.4200000762939453
0.630000114440918 -0.6959999799728394 2.437999963760376
0.9000000953674316 -0.5999999642372131 2.677999973297119
0.9000000953674316 -0.41999995708465576 2.75
0.16200006008148193 -0.7680000066757202 2.8340001106262207
0.2760000228881836 -0.6539999842643738 2.4800000190734863
0.8459999561309814 -0.7199999690055847 2.635999917984009
0.9000000953674316 -0.41999995708465576 2.74399995803833
0.5520000457763672 -0.9300000071525574 2.6540000438690186
0.22200000286102295 -0.2879999876022339 2.9539999961853027
0.6719999313354492 -0.6899999976158142 2.450000047683716
0.8519999980926514 -0.312000036239624 2.828000068664551
0.25199997425079346 -0.671999990940094 2.503999948501587
0.4020000696182251 -0.7979999780654907 2.492000102996826
0.6540000438690186 -0.6119999885559082 2.4200000762939453
0.7019999027252197 -0.6480000019073486 2.450000047683716
0.6779999732971191 -0.6840000152587891 2.450000047683716
0.8940000534057617 -0.6240000128746033 2.6660001277923584
0.20399999618530273 -0.8219999670982361 2.75
0.5520000457763672 -0.156000018119812 2.941999912261963
0.26999998092651367 -0.6480000019073486 2.4800000190734863
0.18000006675720215 -0.7979999780654907 2.7799999713897705
0.36000001430511475 -0.7919999957084656 2.503999948501587
0.25199997425079346 -0.26999998092651367 2.9779999256134033
0.875999927520752 -0.34800004959106445 2.803999900817871
0.6059999465942383 -0.7199999690055847 2.437999963760376
0.13199996948242188 -0.7199999690055847 2.822000026702881
0.5280001163482666 -0.1679999828338623 2.9779999256134033
0.1260000467300415 -0.4440000057220459 2.930000066757202
0.8459999561309814 -0.2999999523162842 2.822000026702881
0.8940000534057617 -0.671999990940094 2.7019999027252197
0.809999942779541 -0.2580000162124634 2.8340001106262207
0.6779999732971191 -0.5999999642372131 2.4260001182556152
0.2760000228881836 -0.6480000019073486 2.4739999771118164
0.3240000009536743 -0.8880000114440918 2.6540000438690186
0.5399999618530273 -0.9120000004768372 2.6059999465942383
0.8640000820159912 -0.6959999799728394 2.6419999599456787
0.9000000953674316 -0.6240000128746033 2.677999973297119
0.24600005149841309 -0.8460000157356262 2.684000015258789
0.10199999809265137 -0.5699999928474426 2.888000011444092
0.33000004291534424 -0.7739999890327454 2.503999948501587
0.48000001907348633 -0.8219999670982361 2.492000102996826
0.5460000038146973 -0.9240000247955322 2.630000114440918
0.6180000305175781 -0.8460000157356262 2.5339999198913574
0.10199999809265137 -0.5999999642372131 2.875999927520752
0.8459999561309814 -0.7440000176429749 2.6540000438690186
0.8640000820159912 -0.3240000009536743 2.7980000972747803
0.5520000457763672 -0.9240000247955322 2.630000114440918
0.5280001163482666 -0.8700000047683716 2.5399999618530273
0.6540000438690186 -0.17400002479553223 2.930000066757202
0.5999999046325684 -0.75 2.450000047683716
0.2760000228881836 -0.24599993228912354 2.9779999256134033
0.6600000858306885 -0.17400002479553223 2.9240000247955322
0.4620000123977661 -0.1679999828338623 2.9779999256134033
0.34200000762939453 -0.7860000133514404 2.503999948501587
0.4140000343322754 -0.17400002479553223 2.9720001220703125
0.2640000581741333 -0.8700000047683716 2.7019999027252197
0.36000001430511475 -0.1979999542236328 2.9839999675750732
0.6059999465942383 -0.75 2.450000047683716
0.14400005340576172 -0.75 2.828000068664551
0.10199999809265137 -0.5699999928474426 2.9000000953674316
0.6779999732971191 -0.6179999709129333 2.4260001182556152
0.8399999141693115 -0.7440000176429749 2.635999917984009
0.22800004482269287 -0.6899999976158142 2.5280001163482666
0.17400002479553223 -0.34800004959106445 2.9600000381469727
0.2879999876022339 -0.8939999938011169 2.7260000705718994
0.7019999027252197 -0.6660000085830688 2.450000047683716
0.6119999885559082 -0.8219999670982361 2.503999948501587
0.23399996757507324 -0.8460000157356262 2.7019999027252197
0.10199999809265137 -0.5759999752044678 2.9000000953674316
0.19800007343292236 -0.2940000295639038 2.930000066757202
0.18599998950958252 -0.3240000009536743 2.9539999961853027
0.10199999809265137 -0.6179999709129333 2.875999927520752
0.7260000705718994 -0.1979999542236328 2.9000000953674316
0.4500000476837158 -0.8219999670982361 2.492000102996826
0.156000018119812 -0.7739999890327454 2.803999900817871
0.10199999809265137 -0.5220000147819519 2.9060001373291016
0.5759999752044678 -0.9240000247955322 2.630000114440918
0.624000072479248 -0.8999999761581421 2.6059999465942383
0.5099999904632568 -0.1499999761581421 2.947999954223633
0.8039999008178711 -0.6539999842643738 2.5220000743865967
0.624000072479248 -0.8640000224113464 2.552000045776367
0.156000018119812 -0.7739999890327454 2.7799999713897705
0.26999998092651367 -0.24599993228912354 2.9779999256134033
0.8819999694824219 -0.34800004959106445 2.7860000133514404
0.33000004291534424 -0.7739999890327454 2.498000144958496
0.7260000705718994 -0.6240000128746033 2.450000047683716
0.3179999589920044 -0.8999999761581421 2.677999973297119
0.8519999980926514 -0.2999999523162842 2.828000068664551
0.9179999828338623 -0.5460000038146973 2.696000099182129
0.37800002098083496 -0.7979999780654907 2.492000102996826
0.1260000467300415 -0.7199999690055847 2.828000068664551
0.9000000953674316 -0.6480000019073486 2.677999973297119
0.9000000953674316 -0.671999990940094 2.7019999027252197
0.7320001125335693 -0.1979999542236328 2.8940000534057617
0.10199999809265137 -0.6480000019073486 2.8459999561309814
0.24000000953674316 -0.671999990940094 2.503999948501587
0.3179999589920044 -0.7739999890327454 2.503999948501587
0.312000036239624 -0.8219999670982361 2.552000045776367
0.9000000953674316 -0.38399994373321533 2.7799999713897705
0.875999927520752 -0.6959999799728394 2.6540000438690186
0.10199999809265137 -0.6480000019073486 2.8519999980926514
0.5520000457763672 -0.9240000247955322 2.618000030517578
0.5520000457763672 -0.14399993419647217 2.930000066757202
0.6779999732971191 -0.6060000061988831 2.4200000762939453
0.5099999904632568 -0.1499999761581421 2.9539999961853027
0.25199997425079346 -0.6539999842643738 2.4860000610351562
0.6660001277923584 -0.5999999642372131 2.4140000343322754
0.8459999561309814 -0.7559999823570251 2.6540000438690186
0.8880000114440918 -0.6899999976158142 2.677999973297119
0.09599995613098145 -0.5999999642372131 2.875999927520752
0.8280000686645508 -0.26999998092651367 2.8519999980926514
0.10800004005432129 -0.671999990940094 2.8519999980926514
0.10800004005432129 -0.4739999771118164 2.9179999828338623
0.630000114440918 -0.1679999828338623 2.9539999961853027
0.30000007152557373 -0.8999999761581421 2.7019999027252197
0.5339999198913574 -0.1499999761581421 2.9539999961853027
0.5160000324249268 -0.8460000157356262 2.503999948501587
0.22800004482269287 -0.26999998092651367 2.9600000381469727
0.6840000152587891 -0.671999990940094 2.437999963760376
0.4259999990463257 -0.1679999828338623 2.9779999256134033
0.48000001907348633 -0.1499999761581421 2.9539999961853027
0.4020000696182251 -0.17400002479553223 2.9779999256134033
0.5460000038146973 -0.14399993419647217 2.936000108718872
0.8940000534057617 -0.6480000019073486 2.6540000438690186
0.8940000534057617 -0.6959999799728394 2.7019999027252197
0.4739999771118164 -0.1499999761581421 2.9539999961853027
0.22200000286102295 -0.8460000157356262 2.7139999866485596
0.8519999980926514 -0.75 2.6540000438690186
0.7320001125335693 -0.21000003814697266 2.941999912261963
0.30000007152557373 -0.22200000286102295 2.9839999675750732
0.6840000152587891 -0.17400002479553223 2.9179999828338623
0.10199999809265137 -0.49800002574920654 2.9179999828338623
0.8580000400543213 -0.2999999523162842 2.815999984741211
0.624000072479248 -0.8880000114440918 2.5759999752044678
0.9179999828338623 -0.4440000057220459 2.7320001125335693
0.1499999761581421 -0.7739999890327454 2.7799999713897705
0.312000036239624 -0.828000009059906 2.552000045776367
0.5940001010894775 -0.17400002479553223 2.996000051498413
0.7260000705718994 -0.6480000019073486 2.450000047683716
0.6059999465942383 -0.9240000247955322 2.630000114440918
0.09599995613098145 -0.5220000147819519 2.9060001373291016
0.9119999408721924 -0.6480000019073486 2.7019999027252197
0.34800004959106445 -0.20399999618530273 3.002000093460083
0.3179999589920044 -0.7739999890327454 2.498000144958496
0.6779999732971191 -0.17400002479553223 2.930000066757202
0.21599996089935303 -0.8460000157356262 2.7260000705718994
0.23399996757507324 -0.26999998092651367 2.9779999256134033
0.7019999027252197 -0.5999999642372131 2.4260001182556152
0.7560000419616699 -0.20399999618530273 2.875999927520752
0.20399999618530273 -0.6599999666213989 2.5280001163482666
0.9240000247955322 -0.49800002574920654 2.7079999446868896
0.4620000123977661 -0.13199996948242188 2.9000000953674316
0.9000000953674316 -0.37199997901916504 2.7799999713897705
0.7439999580383301 -0.5999999642372131 2.450000047683716
0.630000114440918 -0.7199999690055847 2.432000160217285
0.6779999732971191 -0.5999999642372131 2.4140000343322754
0.875999927520752 -0.3240000009536743 2.803999900817871
0.10199999809265137 -0.671999990940094 2.8340001106262207
0.875999927520752 -0.3240000009536743 2.7980000972747803
0.48000001907348633 -0.156000018119812 2.9779999256134033
0.21599996089935303 -0.6899999976158142 2.5280001163482666
0.1380000114440918 -0.3960000276565552 2.9539999961853027
0.18599998950958252 -0.8219999670982361 2.75600004196167
0.809999942779541 -0.6779999732971191 2.5280001163482666
0.9240000247955322 -0.4739999771118164 2.7200000286102295
0.75 -0.20399999618530273 2.9000000953674316
0.6419999599456787 -0.1799999475479126 2.9839999675750732
0.9000000953674316 -0.6420000195503235 2.6540000438690186
0.8640000820159912 -0.7199999690055847 2.635999917984009
0.9000000953674316 -0.6959999799728394 2.7079999446868896
0.9000000953674316 -0.671999990940094 2.677999973297119
0.690000057220459 -0.19200003147125244 2.9660000801086426
0.09599995613098145 -0.6480000019073486 2.8519999980926514
0.46800005435943604 -0.1380000114440918 2.930000066757202
0.4259999990463257 -0.8219999670982361 2.4860000610351562
0.8940000534057617 -0.6660000085830688 2.6540000438690186
0.5820000171661377 -0.1499999761581421 2.9539999961853027
0.3539999723434448 -0.1979999542236328 3.002000093460083
0.7260000705718994 -0.6599999666213989 2.450000047683716
0.26999998092651367 -0.8880000114440918 2.7019999027252197
0.21599996089935303 -0.26999998092651367 2.9539999961853027
0.6660001277923584 -0.6959999799728394 2.432000160217285
0.5999999046325684 -0.7739999890327454 2.450000047683716
0.9000000953674316 -0.6779999732971191 2.677999973297119
0.18000006675720215 -0.8219999670982361 2.7799999713897705
0.75 -0.5999999642372131 2.450000047683716
0.1260000467300415 -0.41999995708465576 2.9539999961853027
0.10199999809265137 -0.4859999418258667 2.930000066757202
0.3240000009536743 -0.8939999938011169 2.630000114440918
0.8399999141693115 -0.26999998092651367 2.8399999141693115
0.9240000247955322 -0.5699999928474426 2.684000015258789
0.7079999446868896 -0.6119999885559082 2.4260001182556152
0.7680001258850098 -0.20399999618530273 2.8580000400543213
0.20399999618530273 -0.8460000157356262 2.75
0.1260000467300415 -0.7440000176429749 2.803999900817871
0.3840000629425049 -0.17400002479553223 2.9839999675750732
0.7019999027252197 -0.671999990940094 2.437999963760376
0.6059999465942383 -0.1499999761581421 2.947999954223633
0.9300000667572021 -0.5460000038146973 2.7019999027252197
0.6119999885559082 -0.8399999737739563 2.503999948501587
0.9300000667572021 -0.48000001907348633 2.7260000705718994
0.9300000667572021 -0.5519999861717224 2.7019999027252197
0.9119999408721924 -0.3960000276565552 2.75
0.20399999618530273 -0.26999998092651367 2.936000108718872
0.9300000667572021 -0.5220000147819519 2.7019999027252197
0.25199997425079346 -0.8700000047683716 2.677999973297119
0.4440000057220459 -0.1499999761581421 2.9660000801086426
0.18599998950958252 -0.6840000152587891 2.552000045776367
0.10199999809265137 -0.4739999771118164 2.930000066757202
0.9300000667572021 -0.4739999771118164 2.7260000705718994
0.23399996757507324 -0.6480000019073486 2.4860000610351562
0.7019999027252197 -0.6060000061988831 2.4200000762939453
0.9300000667572021 -0.49800002574920654 2.7079999446868896
0.75 -0.1979999542236328 2.9000000953674316
0.18599998950958252 -0.2999999523162842 2.9539999961853027
0.48000001907348633 -0.1380000114440918 2.947999954223633
0.33000004291534424 -0.1979999542236328 2.990000009536743
0.7200000286102295 -0.6480000019073486 2.437999963760376
0.6059999465942383 -0.1499999761581421 2.9539999961853027
0.22800004482269287 -0.6840000152587891 2.503999948501587
0.7680001258850098 -0.1979999542236328 2.8340001106262207
0.8519999980926514 -0.7680000066757202 2.6540000438690186
0.4020000696182251 -0.8219999670982361 2.4860000610351562
0.3539999723434448 -0.7979999780654907 2.4860000610351562
0.25199997425079346 -0.8700000047683716 2.671999931335449
0.75 -0.6240000128746033 2.450000047683716
0.8640000820159912 -0.7680000066757202 2.684000015258789
0.6779999732971191 -0.6959999799728394 2.432000160217285
0.2820000648498535 -0.22200000286102295 2.9839999675750732
0.6540000438690186 -0.7199999690055847 2.432000160217285
0.624000072479248 -0.8819999694824219 2.552000045776367
0.156000018119812 -0.7979999780654907 2.7799999713897705
0.10800004005432129 -0.4440000057220459 2.936000108718872
0.10199999809265137 -0.6959999799728394 2.828000068664551
0.37199997901916504 -0.17400002479553223 2.9839999675750732
0.08399999141693115 -0.5699999928474426 2.8940000534057617
0.156000018119812 -0.36000001430511475 2.9779999256134033
0.3240000009536743 -0.8939999938011169 2.618000030517578
0.6059999465942383 -0.8219999670982361 2.4800000190734863
0.3179999589920044 -0.7979999780654907 2.503999948501587
0.9060001373291016 -0.6420000195503235 2.6480000019073486
0.6119999885559082 -0.75 2.432000160217285
0.17400002479553223 -0.3240000009536743 2.9720001220703125
0.2760000228881836 -0.8999999761581421 2.7019999027252197
0.9300000667572021 -0.6359999775886536 2.7260000705718994
0.4500000476837158 -0.1499999761581421 2.9779999256134033
0.17400002479553223 -0.8219999670982361 2.76200008392334
0.34800004959106445 -0.7979999780654907 2.4860000610351562
0.37800002098083496 -0.8219999670982361 2.492000102996826
0.19800007343292236 -0.8460000157356262 2.74399995803833
0.75 -0.6359999775886536 2.450000047683716
0.1260000467300415 -0.7440000176429749 2.870000123977661
0.5039999485015869 -0.8460000157356262 2.4860000610351562
0.08399999141693115 -0.6240000128746033 2.864000082015991
0.9300000667572021 -0.5699999928474426 2.684000015258789
0.312000036239624 -0.8219999670982361 2.5280001163482666
0.23399996757507324 -0.8700000047683716 2.7019999027252197
0.630000114440918 -0.8999999761581421 2.5759999752044678
0.1260000467300415 -0.7440000176429749 2.875999927520752
0.7019999027252197 -0.5999999642372131 2.4140000343322754
0.48000001907348633 -0.8460000157356262 2.4860000610351562
0.9000000953674316 -0.6779999732971191 2.6540000438690186
0.24600005149841309 -0.8700000047683716 2.671999931335449
0.7260000705718994 -0.5999999642372131 2.4260001182556152
0.46800005435943604 -0.12000000476837158 2.9000000953674316
0.19800007343292236 -0.26999998092651367 2.941999912261963
0.5460000038146973 -0.9359999895095825 2.6059999465942383
0.33000004291534424 -0.1979999542236328 3.002000093460083
0.7680001258850098 -0.1979999542236328 2.875999927520752
0.9300000667572021 -0.4440000057220459 2.7260000705718994
0.7200000286102295 -0.17400002479553223 2.9060001373291016
0.9300000667572021 -0.6240000128746033 2.7019999027252197
0.8580000400543213 -0.75 2.630000114440918
0.9360001087188721 -0.6420000195503235 2.75600004196167
0.9179999828338623 -0.6240000128746033 2.6600000858306885
0.11399996280670166 -0.41999995708465576 2.947999954223633
0.8880000114440918 -0.6959999799728394 2.635999917984009
0.1499999761581421 -0.7979999780654907 2.7799999713897705
0.7739999294281006 -0.1979999542236328 2.8580000400543213
0.9300000667572021 -0.4259999990463257 2.75
0.630000114440918 -0.1499999761581421 2.9539999961853027
0.24000000953674316 -0.8700000047683716 2.677999973297119
0.7260000705718994 -0.6119999885559082 2.4260001182556152
0.5999999046325684 -0.7919999957084656 2.450000047683716
0.18000006675720215 -0.312000036239624 2.9779999256134033
0.7980000972747803 -0.6240000128746033 2.4800000190734863
0.20399999618530273 -0.6480000019073486 2.503999948501587
0.624000072479248 -0.8700000047683716 2.5280001163482666
0.4259999990463257 -0.1499999761581421 2.9779999256134033
0.21599996089935303 -0.6480000019073486 2.492000102996826
0.22800004482269287 -0.6779999732971191 2.492000102996826
0.8519999980926514 -0.26999998092651367 2.8399999141693115
0.2760000228881836 -0.8999999761581421 2.684000015258789
0.7980000972747803 -0.6480000019073486 2.4860000610351562
0.9360001087188721 -0.5460000038146973 2.690000057220459
0.875999927520752 -0.7199999690055847 2.630000114440918
0.875999927520752 -0.2999999523162842 2.809999942779541
0.4500000476837158 -0.8460000157356262 2.4860000610351562
0.564000129699707 -0.9480000138282776 2.630000114440918
0.156000018119812 -0.34800004959106445 2.9779999256134033
0.22800004482269287 -0.6660000085830688 2.4860000610351562
0.6059999465942383 -0.7919999957084656 2.450000047683716
0.875999927520752 -0.2999999523162842 2.828000068664551
0.624000072479248 -0.9240000247955322 2.6059999465942383
0.5220000743865967 -0.8700000047683716 2.503999948501587
0.8459999561309814 -0.7739999890327454 2.630000114440918
0.4200000762939453 -0.1499999761581421 2.9779999256134033
0.9300000667572021 -0.5999999642372131 2.677999973297119
0.20399999618530273 -0.6539999842643738 2.503999948501587
0.3240000009536743 -0.7979999780654907 2.492000102996826
0.5520000457763672 -0.13199996948242188 2.9539999961853027
0.630000114440918 -0.906000018119812 2.5759999752044678
0.22200000286102295 -0.8700000047683716 2.7139999866485596
0.7920000553131104 -0.6539999842643738 2.4800000190734863
0.30000007152557373 -0.21000003814697266 3.002000093460083
0.5759999752044678 -0.9480000138282776 2.630000114440918
0.6059999465942383 -0.9419999718666077 2.630000114440918
0.07800006866455078 -0.5699999928474426 2.9000000953674316
0.9179999828338623 -0.7139999866485596 2.76200008392334
0.12000000476837158 -0.7440000176429749 2.875999927520752
0.630000114440918 -0.9240000247955322 2.6059999465942383
0.9060001373291016 -0.34800004959106445 2.7799999713897705
0.9300000667572021 -0.41999995708465576 2.73799991607666
0.5099999904632568 -0.1380000114440918 2.9779999256134033
0.9300000667572021 -0.4140000343322754 2.75
0.8340001106262207 -0.24599993228912354 2.8459999561309814
0.48000001907348633 -0.12000000476837158 2.9240000247955322
0.6779999732971191 -0.7199999690055847 2.432000160217285
0.7799999713897705 -0.20399999618530273 2.888000011444092
0.07800006866455078 -0.5460000038146973 2.9060001373291016
0.10199999809265137 -0.7199999690055847 2.822000026702881
0.6119999885559082 -0.156000018119812 2.990000009536743
0.07800006866455078 -0.5820000171661377 2.9000000953674316
0.8340001106262207 -0.24599993228912354 2.8519999980926514
0.10199999809265137 -0.7199999690055847 2.828000068664551
0.30000007152557373 -0.9240000247955322 2.7019999027252197
0.2879999876022339 -0.21599996089935303 3.002000093460083
0.21599996089935303 -0.8700000047683716 2.7260000705718994
0.624000072479248 -0.9240000247955322 2.5999999046325684
0.5280001163482666 -0.8939999938011169 2.5280001163482666
0.7260000705718994 -0.6060000061988831 2.4200000762939453
0.7019999027252197 -0.6959999799728394 2.432000160217285
0.3179999589920044 -0.8759999871253967 2.5759999752044678
0.22800004482269287 -0.24599993228912354 2.9720001220703125
0.07800006866455078 -0.6240000128746033 2.875999927520752
0.312000036239624 -0.9240000247955322 2.677999973297119
0.18000006675720215 -0.6599999666213989 2.5280001163482666
0.6480000019073486 -0.14399993419647217 2.936000108718872
0.4259999990463257 -0.8460000157356262 2.4860000610351562
0.48000001907348633 -0.12000000476837158 2.930000066757202
0.1260000467300415 -0.75 2.9000000953674316
0.8340001106262207 -0.7619999647140503 2.5880000591278076
0.9300000667572021 -0.6240000128746033 2.677999973297119
0.9300000667572021 -0.6539999842643738 2.7019999027252197
0.9179999828338623 -0.37199997901916504 2.76200008392334
0.6660001277923584 -0.1499999761581421 2.936000108718872
0.9000000953674316 -0.33000004291534424 2.803999900817871
0.21000003814697266 -0.6840000152587891 2.503999948501587
0.8039999008178711 -0.6840000152587891 2.498000144958496
0.8519999980926514 -0.7739999890327454 2.630000114440918
0.13199996948242188 -0.37199997901916504 2.9660000801086426
0.1260000467300415 -0.7739999890327454 2.803999900817871
0.7379999160766602 -0.17400002479553223 2.9000000953674316
0.8580000400543213 -0.26999998092651367 2.8519999980926514
0.4620000123977661 -0.12000000476837158 2.930000066757202
0.18000006675720215 -0.2999999523162842 2.9779999256134033
0.19200003147125244 -0.26999998092651367 2.9539999961853027
0.22800004482269287 -0.24599993228912354 2.9779999256134033
0.30000007152557373 -0.1979999542236328 2.990000009536743
0.07800006866455078 -0.6359999775886536 2.875999927520752
0.5880000591278076 -0.1260000467300415 2.936000108718872
0.2580000162124634 -0.23399996757507324 3.002000093460083
0.7019999027252197 -0.16199994087219238 2.930000066757202
0.630000114440918 -0.8999999761581421 2.558000087738037
0.5520000457763672 -0.9480000138282776 2.611999988555908
0.4140000343322754 -0.156000018119812 3.002000093460083
0.08399999141693115 -0.4739999771118164 2.9240000247955322
0.7799999713897705 -0.5999999642372131 2.450000047683716
0.16200006008148193 -0.828000009059906 2.7799999713897705
0.7439999580383301 -0.17400002479553223 2.8940000534057617
0.9000000953674316 -0.3240000009536743 2.803999900817871
0.3539999723434448 -0.8219999670982361 2.4860000610351562
0.2640000581741333 -0.8999999761581421 2.677999973297119
0.18000006675720215 -0.8460000157356262 2.75
0.9300000667572021 -0.3960000276565552 2.75
0.07800006866455078 -0.49800002574920654 2.9179999828338623
0.3539999723434448 -0.17400002479553223 3.002000093460083
0.10199999809265137 -0.4320000410079956 2.9539999961853027
0.156000018119812 -0.8219999670982361 2.7799999713897705
0.3179999589920044 -0.9240000247955322 2.6540000438690186
0.9360001087188721 -0.6480000019073486 2.7019999027252197
0.2879999876022339 -0.9240000247955322 2.7019999027252197
0.20399999618530273 -0.24599993228912354 2.941999912261963
0.9300000667572021 -0.6480000019073486 2.677999973297119
0.4020000696182251 -0.8460000157356262 2.4860000610351562
0.5339999198913574 -0.9300000071525574 2.569999933242798
0.12000000476837158 -0.75 2.9000000953674316
0.2580000162124634 -0.22200000286102295 2.990000009536743
0.75 -0.5999999642372131 2.4260001182556152
0.7799999713897705 -0.19200003147125244 2.875999927520752
0.5520000457763672 -0.13199996948242188 2.9779999256134033
0.7439999580383301 -0.6480000019073486 2.432000160217285
0.6480000019073486 -0.75 2.4260001182556152
0.7320001125335693 -0.671999990940094 2.432000160217285
0.8700001239776611 -0.75 2.624000072479248
0.18599998950958252 -0.6959999799728394 2.5280001163482666
0.17400002479553223 -0.2999999523162842 2.9779999256134033
0.07800006866455078 -0.671999990940094 2.8399999141693115
0.10800004005432129 -0.75 2.828000068664551
0.7860000133514404 -0.19200003147125244 2.8519999980926514
0.75 -0.17400002479553223 2.8940000534057617
0.8580000400543213 -0.7919999957084656 2.6540000438690186
0.4200000762939453 -0.1499999761581421 3.002000093460083
0.5999999046325684 -0.9480000138282776 2.618000030517578
0.30000007152557373 -0.1979999542236328 3.002000093460083
0.08399999141693115 -0.6899999976158142 2.8519999980926514
0.8459999561309814 -0.25199997425079346 2.875999927520752
0.08399999141693115 -0.6959999799728394 2.828000068664551
0.624000072479248 -0.16199994087219238 3.0139999389648438
0.5339999198913574 -0.9359999895095825 2.5759999752044678
0.07800006866455078 -0.671999990940094 2.8519999980926514
0.07800006866455078 -0.49800002574920654 2.930000066757202
0.9360001087188721 -0.6539999842643738 2.696000099182129
0.9179999828338623 -0.671999990940094 2.6540000438690186
0.10199999809265137 -0.41999995708465576 2.9539999961853027
0.156000018119812 -0.3240000009536743 2.9779999256134033
0.21599996089935303 -0.6779999732971191 2.4860000610351562
0.9300000667572021 -0.6240000128746033 2.6540000438690186
0.690000057220459 -0.1499999761581421 2.930000066757202
0.9479999542236328 -0.4739999771118164 2.7139999866485596
0.75 -0.17400002479553223 2.9000000953674316
0.16200006008148193 -0.6899999976158142 2.552000045776367
0.3179999589920044 -0.8700000047683716 2.552000045776367
0.7980000972747803 -0.6779999732971191 2.4800000190734863
0.312000036239624 -0.8460000157356262 2.5280001163482666
0.6119999885559082 -0.8460000157356262 2.4800000190734863
0.312000036239624 -0.8219999670982361 2.503999948501587
0.18599998950958252 -0.6480000019073486 2.503999948501587
0.7920000553131104 -0.19200003147125244 2.828000068664551
0.8880000114440918 -0.7199999690055847 2.624000072479248
0.5099999904632568 -0.1380000114440918 3.002000093460083
0.630000114440918 -0.9359999895095825 2.6059999465942383
0.12000000476837158 -0.7680000066757202 2.870000123977661
0.06599998474121094 -0.5699999928474426 2.8940000534057617
0.875999927520752 -0.75 2.630000114440918
0.1260000467300415 -0.37800002098083496 2.9779999256134033
0.437999963760376 -0.14399993419647217 3.002000093460083
0.20399999618530273 -0.24599993228912354 2.9539999961853027
0.6180000305175781 -0.7739999890327454 2.4260001182556152
0.5880000591278076 -0.12000000476837158 2.941999912261963
0.6180000305175781 -0.8700000047683716 2.503999948501587
0.21000003814697266 -0.671999990940094 2.4860000610351562
0.1499999761581421 -0.8219999670982361 2.7680001258850098
0.07200002670288086 -0.49800002574920654 2.9179999828338623
0.5339999198913574 -0.1260000467300415 2.9779999256134033
0.26999998092651367 -0.9120000004768372 2.677999973297119
0.7860000133514404 -0.6240000128746033 2.450000047683716
0.9360001087188721 -0.3960000276565552 2.74399995803833
0.33000004291534424 -0.17400002479553223 2.996000051498413
0.07800006866455078 -0.4739999771118164 2.930000066757202
0.9539999961853027 -0.5339999794960022 2.7019999027252197
0.9119999408721924 -0.671999990940094 2.630000114440918
0.5280001163482666 -0.8939999938011169 2.509999990463257
0.1260000467300415 -0.37199997901916504 2.9779999256134033
0.3240000009536743 -0.8219999670982361 2.492000102996826
0.10199999809265137 -0.75 2.809999942779541
0.9539999961853027 -0.5220000147819519 2.7019999027252197
0.9300000667572021 -0.6420000195503235 2.6540000438690186
0.3240000009536743 -0.906000018119812 2.5940001010894775
0.10800004005432129 -0.3960000276565552 2.9600000381469727
0.6660001277923584 -0.14399993419647217 2.9539999961853027
0.630000114440918 -0.9300000071525574 2.5880000591278076
0.24000000953674316 -0.8999999761581421 2.7019999027252197
0.6660001277923584 -0.75 2.4260001182556152
0.37800002098083496 -0.1499999761581421 2.990000009536743
0.18599998950958252 -0.6480000019073486 2.498000144958496
0.630000114440918 -0.7739999890327454 2.4260001182556152
0.8519999980926514 -0.24599993228912354 2.8519999980926514
0.9539999961853027 -0.4679999351501465 2.7260000705718994
0.06599998474121094 -0.5220000147819519 2.9119999408721924
0.9300000667572021 -0.3659999370574951 2.7799999713897705
0.7019999027252197 -0.1499999761581421 2.930000066757202
0.9060001373291016 -0.6959999799728394 2.630000114440918
0.33000004291534424 -0.8219999670982361 2.4860000610351562
0.5999999046325684 -0.13199996948242188 2.9779999256134033
0.9300000667572021 -0.6420000195503235 2.6480000019073486
0.5039999485015869 -0.8700000047683716 2.4800000190734863
0.33000004291534424 -0.17400002479553223 3.002000093460083
0.3179999589920044 -0.9240000247955322 2.630000114440918
0.24600005149841309 -0.22800004482269287 3.002000093460083
0.5880000591278076 -0.12000000476837158 2.9539999961853027
0.9539999961853027 -0.5460000038146973 2.690000057220459
0.7079999446868896 -0.1499999761581421 2.9240000247955322
0.18000006675720215 -0.6539999842643738 2.503999948501587
0.22200000286102295 -0.23399996757507324 2.9779999256134033
0.564000129699707 -0.12000000476837158 2.9660000801086426
0.6059999465942383 -0.8219999670982361 2.450000047683716
0.25199997425079346 -0.22200000286102295 3.002000093460083
0.48000001907348633 -0.8700000047683716 2.4800000190734863
0.6059999465942383 -0.13199996948242188 2.9779999256134033
0.5280001163482666 -0.13199996948242188 3.002000093460083
0.9119999408721924 -0.3240000009536743 2.7860000133514404
0.30000007152557373 -0.9419999718666077 2.7019999027252197
0.060000061988830566 -0.5999999642372131 2.881999969482422
0.33000004291534424 -0.9419999718666077 2.6540000438690186
0.24000000953674316 -0.906000018119812 2.7079999446868896
0.5820000171661377 -0.9660000205039978 2.630000114440918
0.19200003147125244 -0.24599993228912354 2.947999954223633
0.9240000247955322 -0.34800004959106445 2.7680001258850098
0.8640000820159912 -0.7739999890327454 2.618000030517578
0.8039999008178711 -0.7139999866485596 2.492000102996826
0.8459999561309814 -0.7860000133514404 2.5999999046325684
0.1499999761581421 -0.6840000152587891 2.552000045776367
0.36600005626678467 -0.1499999761581421 2.990000009536743
0.3240000009536743 -0.9179999828338623 2.6059999465942383
0.8039999008178711 -0.19200003147125244 2.828000068664551
0.5520000457763672 -0.13199996948242188 3.002000093460083
0.37800002098083496 -0.8460000157356262 2.4800000190734863
0.6180000305175781 -0.9480000138282776 2.6059999465942383
0.25199997425079346 -0.8999999761581421 2.6600000858306885
0.9000000953674316 -0.2999999523162842 2.803999900817871
0.9000000953674316 -0.7199999690055847 2.630000114440918
0.6779999732971191 -0.75 2.4260001182556152
0.2760000228881836 -0.1979999542236328 2.996000051498413
0.13199996948242188 -0.34200000762939453 2.9720001220703125
0.19800007343292236 -0.6660000085830688 2.4860000610351562
0.060000061988830566 -0.5460000038146973 2.9060001373291016
0.18000006675720215 -0.8640000224113464 2.75
0.9300000667572021 -0.671999990940094 2.6600000858306885
0.060000061988830566 -0.5879999995231628 2.9000000953674316
0.875999927520752 -0.7680000066757202 2.630000114440918
0.2760000228881836 -0.9240000247955322 2.677999973297119
0.4500000476837158 -0.8700000047683716 2.4800000190734863
0.10800004005432129 -0.7739999890327454 2.7980000972747803
0.9539999961853027 -0.4440000057220459 2.7260000705718994
0.19200003147125244 -0.24599993228912354 2.9539999961853027
0.7560000419616699 -0.6480000019073486 2.4260001182556152
0.9479999542236328 -0.5999999642372131 2.6660001277923584
0.24600005149841309 -0.22200000286102295 3.002000093460083
0.5039999485015869 -0.8700000047683716 2.4739999771118164
0.8039999008178711 -0.19200003147125244 2.8519999980926514
0.9360001087188721 -0.37199997901916504 2.75600004196167
0.06599998474121094 -0.671999990940094 2.8399999141693115
0.48600006103515625 -0.8700000047683716 2.4739999771118164
0.624000072479248 -0.8999999761581421 2.5280001163482666
0.7439999580383301 -0.5999999642372131 2.4079999923706055
0.5460000038146973 -0.9660000205039978 2.611999988555908
0.7260000705718994 -0.156000018119812 2.930000066757202
0.8039999008178711 -0.5999999642372131 2.450000047683716
0.7139999866485596 -0.7199999690055847 2.4260001182556152
0.5280001163482666 -0.9179999828338623 2.5280001163482666
0.5580000877380371 -0.9839999675750732 2.6600000858306885
0.8580000400543213 -0.7979999780654907 2.630000114440918
0.2760000228881836 -0.1979999542236328 3.002000093460083
0.4739999771118164 -0.8700000047683716 2.4739999771118164
0.5460000038146973 -0.12000000476837158 2.9839999675750732
0.624000072479248 -0.12000000476837158 2.947999954223633
0.9600000381469727 -0.49800002574920654 2.7019999027252197
0.7920000553131104 -0.6480000019073486 2.450000047683716
0.8580000400543213 -0.24000000953674316 2.828000068664551
0.11399996280670166 -0.37199997901916504 2.9720001220703125
0.5699999332427979 -0.972000002861023 2.630000114440918
0.18000006675720215 -0.26999998092651367 2.9779999256134033
0.5699999332427979 -0.12000000476837158 2.9779999256134033
0.5220000743865967 -0.8999999761581421 2.503999948501587
0.6540000438690186 -0.7739999890327454 2.4260001182556152
0.8459999561309814 -0.7979999780654907 2.6059999465942383
0.1679999828338623 -0.6959999799728394 2.5280001163482666
0.060000061988830566 -0.6480000019073486 2.8580000400543213
0.156000018119812 -0.6660000085830688 2.5280001163482666
0.9539999961853027 -0.5999999642372131 2.677999973297119
0.8039999008178711 -0.18599998950958252 2.803999900817871
0.07800006866455078 -0.4440000057220459 2.941999912261963
0.5759999752044678 -0.12000000476837158 2.9779999256134033
0.5460000038146973 -0.11399996280670166 2.9720001220703125
0.9300000667572021 -0.34800004959106445 2.7799999713897705
0.9000000953674316 -0.2940000295639038 2.828000068664551
0.630000114440918 -0.9179999828338623 2.552000045776367
0.3840000629425049 -0.14399993419647217 3.002000093460083
0.6119999885559082 -0.7979999780654907 2.4260001182556152
0.3179999589920044 -0.8460000157356262 2.503999948501587
0.8880000114440918 -0.75 2.624000072479248
0.8039999008178711 -0.19200003147125244 2.875999927520752
0.1260000467300415 -0.34800004959106445 2.9779999256134033
0.624000072479248 -0.12000000476837158 2.9539999961853027
0.4259999990463257 -0.8700000047683716 2.4800000190734863
0.9300000667572021 -0.6660000085830688 2.6419999599456787
0.8459999561309814 -0.8100000023841858 2.618000030517578
0.07800006866455078 -0.7199999690055847 2.822000026702881
0.3179999589920044 -0.8880000114440918 2.552000045776367
0.7379999160766602 -0.6959999799728394 2.4260001182556152
0.07800006866455078 -0.7199999690055847 2.828000068664551
0.24600005149841309 -0.8999999761581421 2.6540000438690186
0.156000018119812 -0.8460000157356262 2.75600004196167
0.054000020027160645 -0.5699999928474426 2.9000000953674316
0.7920000553131104 -0.6599999666213989 2.450000047683716
0.18000006675720215 -0.6840000152587891 2.503999948501587
0.9539999961853027 -0.6480000019073486 2.7019999027252197
0.9300000667572021 -0.6840000152587891 2.6540000438690186
0.9360001087188721 -0.6899999976158142 2.677999973297119
0.22200000286102295 -0.22200000286102295 2.9779999256134033
0.06599998474121094 -0.4739999771118164 2.930000066757202
0.18000006675720215 -0.8700000047683716 2.73799991607666
0.1499999761581421 -0.671999990940094 2.5339999198913574
0.5160000324249268 -0.12000000476837158 2.996000051498413
0.10199999809265137 -0.7739999890327454 2.803999900817871
0.2640000581741333 -0.1979999542236328 2.996000051498413
0.7739999294281006 -0.6240000128746033 2.4260001182556152
0.22200000286102295 -0.8999999761581421 2.7019999027252197
0.7799999713897705 -0.5999999642372131 2.4260001182556152
0.22800004482269287 -0.21599996089935303 2.9779999256134033
0.9600000381469727 -0.5699999928474426 2.677999973297119
0.9539999961853027 -0.5999999642372131 2.6660001277923584
0.9539999961853027 -0.6240000128746033 2.677999973297119
0.3059999942779541 -0.9480000138282776 2.677999973297119
0.054000020027160645 -0.6240000128746033 2.875999927520752
0.7560000419616699 -0.671999990940094 2.4260001182556152
0.3539999723434448 -0.8460000157356262 2.4800000190734863
0.7260000705718994 -0.1499999761581421 2.930000066757202
0.624000072479248 -0.9240000247955322 2.552000045776367
0.07800006866455078 -0.4440000057220459 2.9539999961853027
0.6480000019073486 -0.12000000476837158 2.941999912261963
0.13199996948242188 -0.26999998092651367 2.828000068664551
0.7260000705718994 -0.7199999690055847 2.4260001182556152
0.6359999179840088 -0.12000000476837158 2.9539999961853027
0.18000006675720215 -0.6779999732971191 2.498000144958496
0.9539999961853027 -0.6299999952316284 2.677999973297119
0.06599998474121094 -0.6959999799728394 2.828000068664551
0.6719999313354492 -0.14399993419647217 2.9839999675750732
0.312000036239624 -0.8700000047683716 2.5280001163482666
0.6119999885559082 -0.8700000047683716 2.4800000190734863
0.3539999723434448 -0.1499999761581421 3.002000093460083
0.7799999713897705 -0.17400002479553223 2.9000000953674316
0.875999927520752 -0.7739999890327454 2.618000030517578
0.1260000467300415 -0.2760000228881836 2.822000026702881
0.22800004482269287 -0.8999999761581421 2.677999973297119
0.5160000324249268 -0.12000000476837158 3.002000093460083
0.630000114440918 -0.7979999780654907 2.4260001182556152
0.9539999961853027 -0.40199995040893555 2.75
0.1260000467300415 -0.2760000228881836 2.828000068664551
0.6059999465942383 -0.8399999737739563 2.450000047683716
0.10199999809265137 -0.38999998569488525 2.9779999256134033
0.20399999618530273 -0.22200000286102295 2.9539999961853027
0.5339999198913574 -0.12000000476837158 3.002000093460083
0.7019999027252197 -0.75 2.4260001182556152
0.21000003814697266 -0.8999999761581421 2.7260000705718994
0.4020000696182251 -0.8700000047683716 2.4800000190734863
0.30000007152557373 -0.17400002479553223 3.002000093460083
0.875999927520752 -0.7860000133514404 2.630000114440918
0.7799999713897705 -0.6240000128746033 2.4260001182556152
0.1499999761581421 -0.8460000157356262 2.75600004196167
0.3240000009536743 -0.8460000157356262 2.492000102996826
0.17400002479553223 -0.6840000152587891 2.503999948501587
0.6779999732971191 -0.13199996948242188 2.9539999961853027
0.9660000801086426 -0.6359999775886536 2.7260000705718994
0.4320000410079956 -0.12000000476837158 2.990000009536743
0.7680001258850098 -0.6060000061988831 2.4140000343322754
0.9539999961853027 -0.3960000276565552 2.75
0.5759999752044678 -0.972000002861023 2.611999988555908
0.875999927520752 -0.25199997425079346 2.8519999980926514
0.75 -0.6959999799728394 2.4260001182556152
0.5580000877380371 -0.972000002861023 2.6059999465942383
0.5580000877380371 -0.12000000476837158 3.002000093460083
0.19800007343292236 -0.22200000286102295 2.947999954223633
0.6779999732971191 -0.7739999890327454 2.4260001182556152
0.624000072479248 -0.9120000004768372 2.5280001163482666
0.34200000762939453 -0.8460000157356262 2.4800000190734863
0.07800006866455078 -0.41999995708465576 2.947999954223633
0.7439999580383301 -0.1499999761581421 2.9119999408721924
0.312000036239624 -0.9480000138282776 2.6540000438690186
0.09599995613098145 -0.7739999890327454 2.803999900817871
0.9600000381469727 -0.6539999842643738 2.7079999446868896
0.2940000295639038 -0.9539999961853027 2.7019999027252197
0.054000020027160645 -0.6480000019073486 2.875999927520752
0.1260000467300415 -0.26999998092651367 2.803999900817871
0.08399999141693115 -0.75 2.828000068664551
0.7920000553131104 -0.6840000152587891 2.450000047683716
0.17400002479553223 -0.6779999732971191 2.498000144958496
0.2820000648498535 -0.9480000138282776 2.7019999027252197
0.9000000953674316 -0.75 2.630000114440918
0.7920000553131104 -0.17400002479553223 2.881999969482422
0.1260000467300415 -0.8219999670982361 2.7799999713897705
0.8580000400543213 -0.8159999847412109 2.630000114440918
0.5580000877380371 -0.9839999675750732 2.630000114440918
0.9660000801086426 -0.6240000128746033 2.7019999027252197
0.9600000381469727 -0.41999995708465576 2.7260000705718994
0.8940000534057617 -0.26999998092651367 2.8340001106262207
0.6540000438690186 -0.12000000476837158 2.9539999961853027
0.1499999761581421 -0.6840000152587891 2.5280001163482666
0.19800007343292236 -0.22200000286102295 2.9539999961853027
0.875999927520752 -0.24599993228912354 2.8340001106262207
0.04799997806549072 -0.593999981880188 2.9000000953674316
0.07800006866455078 -0.41999995708465576 2.9539999961853027
0.10800004005432129 -0.7979999780654907 2.7920000553131104
0.4140000343322754 -0.12000000476837158 2.990000009536743
0.5580000877380371 -0.972000002861023 2.5999999046325684
0.1679999828338623 -0.26999998092651367 2.9839999675750732
0.054000020027160645 -0.5040000081062317 2.930000066757202
0.8640000820159912 -0.7979999780654907 2.611999988555908
0.9539999961853027 -0.6240000128746033 2.6540000438690186
0.13199996948242188 -0.312000036239624 2.9720001220703125
0.17400002479553223 -0.671999990940094 2.492000102996826
0.054000020027160645 -0.671999990940094 2.8519999980926514
0.054000020027160645 -0.49800002574920654 2.930000066757202
0.6059999465942383 -0.11399996280670166 2.9779999256134033
0.7799999713897705 -0.6480000019073486 2.4260001182556152
0.875999927520752 -0.24599993228912354 2.8519999980926514
0.9300000667572021 -0.3240000009536743 2.7799999713897705
0.1679999828338623 -0.8700000047683716 2.73799991607666
0.13199996948242188 -0.2580000162124634 2.7799999713897705
0.9660000801086426 -0.4440000057220459 2.7139999866485596
0.9240000247955322 -0.671999990940094 2.6059999465942383
0.624000072479248 -0.9480000138282776 2.5759999752044678
0.9300000667572021 -0.671999990940094 2.618000030517578
0.25199997425079346 -0.1979999542236328 3.002000093460083
0.6180000305175781 -0.8999999761581421 2.503999948501587
0.10199999809265137 -0.7919999957084656 2.803999900817871
0.1260000467300415 -0.3240000009536743 2.9779999256134033
0.10199999809265137 -0.37199997901916504 2.9779999256134033
0.9720001220703125 -0.5220000147819519 2.690000057220459
0.6540000438690186 -0.7979999780654907 2.4260001182556152
0.20399999618530273 -0.21000003814697266 2.947999954223633
0.12000000476837158 -0.2760000228881836 2.8519999980926514
0.37800002098083496 -0.8700000047683716 2.4800000190734863
0.9419999122619629 -0.34800004959106445 2.76200008392334
0.8039999008178711 -0.5999999642372131 2.432000160217285
0.7560000419616699 -0.1499999761581421 2.9060001373291016
0.8039999008178711 -0.7379999756813049 2.4800000190734863
0.07800006866455078 -0.75 2.815999984741211
0.33000004291534424 -0.1499999761581421 3.002000093460083
0.624000072479248 -0.9359999895095825 2.552000045776367
0.5280001163482666 -0.9179999828338623 2.503999948501587
0.08399999141693115 -0.7619999647140503 2.828000068664551
0.1380000114440918 -0.24599993228912354 2.7860000133514404
0.3179999589920044 -0.9480000138282776 2.630000114440918
0.9539999961853027 -0.6420000195503235 2.6540000438690186
0.9000000953674316 -0.26999998092651367 2.828000068664551
0.2580000162124634 -0.9240000247955322 2.6540000438690186
0.9720001220703125 -0.4739999771118164 2.7019999027252197
0.18000006675720215 -0.24599993228912354 2.9779999256134033
0.1380000114440918 -0.2999999523162842 2.9779999256134033
0.9360001087188721 -0.6779999732971191 2.630000114440918
0.7799999713897705 -0.6119999885559082 2.4140000343322754
0.5220000743865967 -0.9240000247955322 2.509999990463257
0.2820000648498535 -0.17400002479553223 3.002000093460083
0.6059999465942383 -0.972000002861023 2.6059999465942383
0.7680001258850098 -0.5879999995231628 2.4019999504089355
0.624000072479248 -0.9300000071525574 2.5399999618530273
0.9600000381469727 -0.3960000276565552 2.7320001125335693
0.630000114440918 -0.9240000247955322 2.5339999198913574
0.5339999198913574 -0.9419999718666077 2.5339999198913574
0.5039999485015869 -0.8999999761581421 2.4800000190734863
0.9539999961853027 -0.37199997901916504 2.75
0.9779999256134033 -0.6420000195503235 2.75600004196167
0.6180000305175781 -0.8219999670982361 2.4260001182556152
0.9779999256134033 -0.5099999904632568 2.7019999027252197
0.75 -0.7199999690055847 2.4260001182556152
0.3179999589920044 -0.9480000138282776 2.624000072479248
0.7260000705718994 -0.75 2.4260001182556152
0.48000001907348633 -0.8999999761581421 2.4800000190734863
0.156000018119812 -0.671999990940094 2.503999948501587
0.1380000114440918 -0.24599993228912354 2.75
0.5339999198913574 -0.12000000476837158 3.0260000228881836
0.30000007152557373 -0.9599999785423279 2.677999973297119
0.1260000467300415 -0.2879999876022339 2.936000108718872
0.9720001220703125 -0.5699999928474426 2.671999931335449
0.7799999713897705 -0.671999990940094 2.4260001182556152
0.12000000476837158 -0.3240000009536743 2.9779999256134033
0.9000000953674316 -0.7680000066757202 2.630000114440918
0.564000129699707 -0.09599995613098145 2.9660000801086426
0.7019999027252197 -0.7739999890327454 2.4260001182556152
0.9779999256134033 -0.49800002574920654 2.7019999027252197
0.7620000839233398 -0.5879999995231628 2.3959999084472656
0.3179999589920044 -0.8700000047683716 2.503999948501587
0.6719999313354492 -0.11399996280670166 2.941999912261963
0.9240000247955322 -0.2999999523162842 2.7980000972747803
0.2760000228881836 -0.9480000138282776 2.677999973297119
0.8519999980926514 -0.8219999670982361 2.6059999465942383
0.4020000696182251 -0.12000000476837158 3.002000093460083
0.8159999847412109 -0.18599998950958252 2.9000000953674316
0.054000020027160645 -0.6959999799728394 2.8519999980926514
0.6359999179840088 -0.11399996280670166 2.9779999256134033
0.3179999589920044 -0.1499999761581421 3.002000093460083
0.22800004482269287 -0.1979999542236328 2.9839999675750732
0.060000061988830566 -0.7199999690055847 2.822000026702881
0.9240000247955322 -0.6959999799728394 2.6059999465942383
0.5759999752044678 -0.09599995613098145 2.9660000801086426
0.156000018119812 -0.8700000047683716 2.75
0.1260000467300415 -0.2580000162124634 2.75
0.630000114440918 -0.8219999670982361 2.4260001182556152
0.7620000839233398 -0.6959999799728394 2.4200000762939453
0.6960000991821289 -0.12000000476837158 2.936000108718872
0.11399996280670166 -0.8219999670982361 2.7799999713897705
0.4500000476837158 -0.8999999761581421 2.4800000190734863
0.9300000667572021 -0.3059999942779541 2.803999900817871
0.8039999008178711 -0.17400002479553223 2.9000000953674316
0.33000004291534424 -0.9599999785423279 2.630000114440918
0.624000072479248 -0.9539999961853027 2.569999933242798
0.5039999485015869 -0.8999999761581421 2.4739999771118164
0.3539999723434448 -0.8700000047683716 2.4800000190734863
0.22200000286102295 -0.1979999542236328 2.9779999256134033
0.054000020027160645 -0.7020000219345093 2.8519999980926514
0.6779999732971191 -0.7979999780654907 2.4260001182556152
0.9779999256134033 -0.4739999771118164 2.7019999027252197
0.5460000038146973 -0.972000002861023 2.5759999752044678
0.4919999837875366 -0.906000018119812 2.4800000190734863
0.75 -0.14399993419647217 2.930000066757202
0.17400002479553223 -0.24599993228912354 2.9839999675750732
0.07800006866455078 -0.3960000276565552 2.9660000801086426
0.2760000228881836 -0.9480000138282776 2.6660001277923584
0.9779999256134033 -0.5699999928474426 2.677999973297119
0.20399999618530273 -0.1979999542236328 2.947999954223633
0.06599998474121094 -0.41999995708465576 2.9539999961853027
0.25199997425079346 -0.9240000247955322 2.6419999599456787
0.564000129699707 -0.09599995613098145 2.9779999256134033
0.10199999809265137 -0.34800004959106445 2.9779999256134033
0.12000000476837158 -0.2879999876022339 2.936000108718872
0.9300000667572021 -0.6899999976158142 2.6059999465942383
0.624000072479248 -0.9599999785423279 2.5759999752044678
0.9300000667572021 -0.671999990940094 2.5940001010894775
0.9720001220703125 -0.41999995708465576 2.7200000286102295
0.7980000972747803 -0.7260000109672546 2.4559998512268066
0.9779999256134033 -0.6299999952316284 2.7019999027252197
0.7980000972747803 -0.7139999866485596 2.450000047683716
0.23399996757507324 -0.1979999542236328 3.002000093460083
0.8459999561309814 -0.828000009059906 2.5940001010894775
0.1260000467300415 -0.2879999876022339 2.9539999961853027
0.2879999876022339 -0.9599999785423279 2.677999973297119
0.7079999446868896 -0.12000000476837158 2.930000066757202
0.9119999408721924 -0.6539999842643738 2.552000045776367
0.9419999122619629 -0.3240000009536743 2.7739999294281006
0.7799999713897705 -0.593999981880188 2.4019999504089355
0.24600005149841309 -0.9240000247955322 2.6480000019073486
0.9300000667572021 -0.2999999523162842 2.803999900817871
0.9660000801086426 -0.6539999842643738 2.671999931335449
0.9300000667572021 -0.2999999523162842 2.7920000553131104
0.8159999847412109 -0.17400002479553223 2.875999927520752
0.20399999618530273 -0.1979999542236328 2.9539999961853027
0.4259999990463257 -0.8999999761581421 2.4800000190734863
0.6779999732971191 -0.11399996280670166 2.9539999961853027
0.8280000686645508 -0.1799999475479126 2.8519999980926514
0.054000020027160645 -0.4620000123977661 2.9539999961853027
0.26999998092651367 -0.17400002479553223 3.008000135421753
0.07800006866455078 -0.40199995040893555 2.9779999256134033
0.5520000457763672 -0.9779999852180481 2.5820000171661377
0.14400005340576172 -0.6779999732971191 2.509999990463257
0.9779999256134033 -0.5999999642372131 2.677999973297119
0.5820000171661377 -0.09599995613098145 2.9779999256134033
0.3240000009536743 -0.9240000247955322 2.558000087738037
0.624000072479248 -0.09599995613098145 2.9539999961853027
0.1260000467300415 -0.8460000157356262 2.7799999713897705
0.9779999256134033 -0.4320000410079956 2.7260000705718994
0.9119999408721924 -0.26999998092651367 2.822000026702881
0.37800002098083496 -0.12000000476837158 3.002000093460083
0.4500000476837158 -0.906000018119812 2.4800000190734863
0.3539999723434448 -0.8700000047683716 2.4739999771118164
0.7560000419616699 -0.7199999690055847 2.4200000762939453
0.1260000467300415 -0.25199997425079346 2.73799991607666
0.7799999713897705 -0.6959999799728394 2.4260001182556152
0.22800004482269287 -0.9240000247955322 2.677999973297119
0.24000000953674316 -0.9240000247955322 2.6540000438690186
0.3179999589920044 -0.8999999761581421 2.5280001163482666
0.7320001125335693 -0.75 2.4200000762939453
0.624000072479248 -0.09000003337860107 2.936000108718872
0.3240000009536743 -0.972000002861023 2.6540000438690186
0.9839999675750732 -0.49800002574920654 2.696000099182129
0.054000020027160645 -0.7199999690055847 2.828000068664551
0.9839999675750732 -0.6359999775886536 2.7260000705718994
0.7799999713897705 -0.1499999761581421 2.9000000953674316
0.6419999599456787 -0.09599995613098145 2.941999912261963
0.054000020027160645 -0.4440000057220459 2.947999954223633
0.029999971389770508 -0.5699999928474426 2.8940000534057617
0.48000001907348633 -0.8999999761581421 2.4679999351501465
0.9419999122619629 -0.7020000219345093 2.635999917984009
0.19800007343292236 -0.1979999542236328 2.947999954223633
0.9539999961853027 -0.34200000762939453 2.7799999713897705
0.8220000267028809 -0.17400002479553223 2.864000082015991
0.18000006675720215 -0.8999999761581421 2.7320001125335693
0.07800006866455078 -0.3960000276565552 2.9779999256134033
0.6359999179840088 -0.8219999670982361 2.4200000762939453
0.630000114440918 -0.9480000138282776 2.552000045776367
0.10199999809265137 -0.2760000228881836 2.815999984741211
0.8340001106262207 -0.1799999475479126 2.828000068664551
0.21599996089935303 -0.9240000247955322 2.7019999027252197
0.6540000438690186 -0.8219999670982361 2.4260001182556152
0.14400005340576172 -0.671999990940094 2.503999948501587
0.10199999809265137 -0.2760000228881836 2.828000068664551
0.5520000457763672 -1.0019999742507935 2.630000114440918
0.029999971389770508 -0.5699999928474426 2.9000000953674316
0.22200000286102295 -0.9240000247955322 2.684000015258789
0.6059999465942383 -0.9839999675750732 2.6059999465942383
0.03600001335144043 -0.6480000019073486 2.875999927520752
0.9660000801086426 -0.6240000128746033 2.6419999599456787
0.029999971389770508 -0.5999999642372131 2.888000011444092
0.9839999675750732 -0.5460000038146973 2.677999973297119
0.07200002670288086 -0.3960000276565552 2.9660000801086426
0.6119999885559082 -0.8700000047683716 2.450000047683716
0.3240000009536743 -0.8700000047683716 2.4860000610351562
0.156000018119812 -0.26999998092651367 3.002000093460083
0.029999971389770508 -0.5460000038146973 2.9060001373291016
0.054000020027160645 -0.4440000057220459 2.9539999961853027
0.029999971389770508 -0.6240000128746033 2.870000123977661
0.9240000247955322 -0.7199999690055847 2.6059999465942383
0.6359999179840088 -0.09599995613098145 2.9539999961853027
0.9779999256134033 -0.6240000128746033 2.677999973297119
0.9779999256134033 -0.41999995708465576 2.7260000705718994
0.156000018119812 -0.8819999694824219 2.75
0.4559999704360962 -0.8999999761581421 2.4679999351501465
0.9839999675750732 -0.6240000128746033 2.7019999027252197
0.8280000686645508 -0.1799999475479126 2.881999969482422
0.4259999990463257 -0.8999999761581421 2.4739999771118164
0.8580000400543213 -0.8219999670982361 2.5940001010894775
0.03600001335144043 -0.49800002574920654 2.9240000247955322
0.7260000705718994 -0.7739999890327454 2.4260001182556152
0.5820000171661377 -0.10199999809265137 3.002000093460083
0.1260000467300415 -0.8519999980926514 2.7799999713897705
0.029999971389770508 -0.6240000128746033 2.875999927520752
0.10800004005432129 -0.28199994564056396 2.9060001373291016
0.06599998474121094 -0.7559999823570251 2.828000068664551
0.4020000696182251 -0.8999999761581421 2.4800000190734863
0.6180000305175781 -0.8999999761581421 2.4800000190734863
0.9779999256134033 -0.41999995708465576 2.7200000286102295
0.14400005340576172 -0.6660000085830688 2.498000144958496
0.5280001163482666 -0.9959999918937683 2.6059999465942383
0.75 -0.75 2.4260001182556152
0.34200000762939453 -0.8700000047683716 2.4739999771118164
0.33000004291534424 -0.8700000047683716 2.4800000190734863
0.20399999618530273 -0.9240000247955322 2.7260000705718994
0.10199999809265137 -0.26999998092651367 2.803999900817871
0.3539999723434448 -0.12000000476837158 2.996000051498413
0.1380000114440918 -0.26999998092651367 2.9720001220703125
0.7799999713897705 -0.6959999799728394 2.4200000762939453
0.5280001163482666 -0.9539999961853027 2.5280001163482666
0.37800002098083496 -0.1260000467300415 3.0260000228881836
0.8399999141693115 -0.1799999475479126 2.822000026702881
0.7019999027252197 -0.7979999780654907 2.4260001182556152
0.5520000457763672 -0.9959999918937683 2.6059999465942383
0.7200000286102295 -0.7739999890327454 2.4200000762939453
0.1260000467300415 -0.24599993228912354 2.7260000705718994
0.9300000667572021 -0.6899999976158142 2.5880000591278076
0.029999971389770508 -0.5220000147819519 2.9179999828338623
0.9240000247955322 -0.6899999976158142 2.5759999752044678
0.18000006675720215 -0.22200000286102295 2.9779999256134033
0.809999942779541 -0.7680000066757202 2.4800000190734863
0.9839999675750732 -0.4440000057220459 2.7079999446868896
0.029999971389770508 -0.6480000019073486 2.864000082015991
0.6180000305175781 -0.09599995613098145 2.9779999256134033
0.6180000305175781 -0.8460000157356262 2.4260001182556152
0.5280001163482666 -0.9779999852180481 2.564000129699707
0.060000061988830566 -0.75 2.828000068664551
0.8280000686645508 -0.17400002479553223 2.875999927520752
0.48000001907348633 -0.9839999675750732 2.5759999752044678
0.19200003147125244 -0.1979999542236328 2.9539999961853027
0.1380000114440918 -0.26999998092651367 2.9779999256134033
0.1499999761581421 -0.26999998092651367 3.002000093460083
0.3539999723434448 -0.12000000476837158 3.002000093460083
0.2940000295639038 -0.1499999761581421 3.008000135421753
0.5220000743865967 -0.972000002861023 2.552000045776367
0.6779999732971191 -0.11399996280670166 2.9779999256134033
0.5280001163482666 -0.972000002861023 2.552000045776367
0.9900000095367432 -0.5220000147819519 2.684000015258789
0.9240000247955322 -0.7260000109672546 2.5999999046325684
0.8880000114440918 -0.23399996757507324 2.875999927520752
0.6960000991821289 -0.7979999780654907 2.4200000762939453
0.48600006103515625 -0.972000002861023 2.552000045776367
0.8880000114440918 -0.7979999780654907 2.6059999465942383
0.6540000438690186 -0.09599995613098145 2.9539999961853027
0.4020000696182251 -0.8999999761581421 2.4739999771118164
0.624000072479248 -0.9240000247955322 2.503999948501587
0.9300000667572021 -0.7199999690055847 2.6059999465942383
0.4259999990463257 -0.9120000004768372 2.4800000190734863
0.7799999713897705 -0.7199999690055847 2.4260001182556152
0.5759999752044678 -0.9959999918937683 2.6059999465942383
0.7260000705718994 -0.7739999890327454 2.4200000762939453
0.1380000114440918 -0.8700000047683716 2.75
0.024000048637390137 -0.5759999752044678 2.9000000953674316
0.3240000009536743 -0.972000002861023 2.630000114440918
0.36600005626678467 -0.1260000467300415 3.0260000228881836
0.10199999809265137 -0.26399993896484375 2.7799999713897705
0.9779999256134033 -0.6179999709129333 2.6540000438690186
0.33000004291534424 -0.9839999675750732 2.6540000438690186
0.5280001163482666 -0.9900000095367432 2.5820000171661377
0.5220000743865967 -0.9419999718666077 2.503999948501587
0.3179999589920044 -0.9120000004768372 2.5280001163482666
0.9539999961853027 -0.3240000009536743 2.7799999713897705
0.5280001163482666 -0.9419999718666077 2.503999948501587
0.5160000324249268 -0.9779999852180481 2.558000087738037
0.07800006866455078 -0.37199997901916504 2.9779999256134033
0.09599995613098145 -0.2879999876022339 2.9000000953674316
0.6779999732971191 -0.8219999670982361 2.4260001182556152
0.630000114440918 -0.8460000157356262 2.4260001182556152
0.49800002574920654 -0.9779999852180481 2.558000087738037
0.9179999828338623 -0.6779999732971191 2.552000045776367
0.9240000247955322 -0.7379999756813049 2.6059999465942383
0.22800004482269287 -0.9359999895095825 2.677999973297119
0.029999971389770508 -0.671999990940094 2.8399999141693115
0.029999971389770508 -0.5099999904632568 2.930000066757202
0.9779999256134033 -0.3960000276565552 2.7260000705718994
0.2580000162124634 -0.9480000138282776 2.6540000438690186
0.5220000743865967 -0.9599999785423279 2.5280001163482666
0.37800002098083496 -0.8999999761581421 2.4800000190734863
0.6540000438690186 -0.09000003337860107 2.941999912261963
0.03600001335144043 -0.6959999799728394 2.828000068664551
0.7019999027252197 -0.7979999780654907 2.4200000762939453
0.630000114440918 -0.972000002861023 2.5759999752044678
0.1499999761581421 -0.2940000295639038 3.0380001068115234
0.5160000324249268 -0.9240000247955322 2.4800000190734863
0.9000000953674316 -0.24000000953674316 2.8519999980926514
0.9720001220703125 -0.37199997901916504 2.73799991607666
0.11399996280670166 -0.8460000157356262 2.7680001258850098
0.48600006103515625 -0.9599999785423279 2.5280001163482666
0.029999971389770508 -0.671999990940094 2.8519999980926514
0.029999971389770508 -0.49800002574920654 2.930000066757202
0.6359999179840088 -0.09599995613098145 2.9779999256134033
0.5099999904632568 -0.9900000095367432 2.5759999752044678
0.3359999656677246 -0.11399996280670166 2.9839999675750732
0.5160000324249268 -1.0139999389648438 2.630000114440918
0.875999927520752 -0.8219999670982361 2.6059999465942383
0.8700001239776611 -0.5999999642372131 2.4619998931884766
0.8399999141693115 -0.17400002479553223 2.8519999980926514
0.9240000247955322 -0.7080000042915344 2.5759999752044678
0.054000020027160645 -0.75 2.815999984741211
0.5280001163482666 -0.9539999961853027 2.5160000324249268
0.9720001220703125 -0.6359999775886536 2.635999917984009
0.6719999313354492 -0.8219999670982361 2.4200000762939453
0.9300000667572021 -0.2760000228881836 2.828000068664551
0.437999963760376 -0.09000003337860107 2.996000051498413
0.9900000095367432 -0.5699999928474426 2.6660001277923584
0.6480000019073486 -0.9839999675750732 2.6059999465942383
0.19200003147125244 -0.9240000247955322 2.7260000705718994
0.07800006866455078 -0.7979999780654907 2.803999900817871
0.48600006103515625 -1.0019999742507935 2.5999999046325684
0.07800006866455078 -0.7979999780654907 2.7980000972747803
0.8580000400543213 -0.8460000157356262 2.6059999465942383
0.16200006008148193 -0.24599993228912354 3.002000093460083
0.6180000305175781 -0.9120000004768372 2.4800000190734863
0.7799999713897705 -0.7199999690055847 2.4200000762939453
0.9000000953674316 -0.24000000953674316 2.875999927520752
0.8039999008178711 -0.7440000176429749 2.450000047683716
0.1679999828338623 -0.26399993896484375 3.0380001068115234
0.5759999752044678 -1.0019999742507935 2.6059999465942383
0.16200006008148193 -0.8999999761581421 2.7320001125335693
0.8459999561309814 -0.17400002479553223 2.822000026702881
0.6540000438690186 -0.9839999675750732 2.6059999465942383
0.3840000629425049 -0.11399996280670166 3.0260000228881836
0.6779999732971191 -0.8219999670982361 2.4200000762939453
0.8459999561309814 -0.17400002479553223 2.828000068664551
0.3179999589920044 -0.8999999761581421 2.503999948501587
0.10199999809265137 -0.3059999942779541 2.9720001220703125
0.10199999809265137 -0.2580000162124634 2.75
0.10199999809265137 -0.33000004291534424 3.002000093460083
0.75 -0.7739999890327454 2.4260001182556152
0.3179999589920044 -0.9359999895095825 2.552000045776367
0.8039999008178711 -0.1499999761581421 2.9000000953674316
0.10199999809265137 -0.2940000295639038 2.9539999961853027
0.48000001907348633 -0.9480000138282776 2.503999948501587
0.25199997425079346 -0.9480000138282776 2.6480000019073486
0.09000003337860107 -0.26999998092651367 2.803999900817871
0.875999927520752 -0.828000009059906 2.6059999465942383
0.4500000476837158 -0.9900000095367432 2.5759999752044678
0.4500000476837158 -0.07799994945526123 2.9779999256134033
0.029999971389770508 -0.4739999771118164 2.936000108718872
0.7260000705718994 -0.7979999780654907 2.4260001182556152
0.4559999704360962 -0.9779999852180481 2.552000045776367
0.33000004291534424 -0.12000000476837158 3.002000093460083
0.33000004291534424 -0.13199996948242188 3.0260000228881836
0.09000003337860107 -0.26999998092651367 2.828000068664551
0.9300000667572021 -0.26999998092651367 2.828000068664551
0.48600006103515625 -1.0080000162124634 2.6059999465942383
0.03600001335144043 -0.7080000042915344 2.8519999980926514
0.6359999179840088 -0.8460000157356262 2.4200000762939453
0.024000048637390137 -0.5099999904632568 2.930000066757202
0.8700001239776611 -0.8519999980926514 2.630000114440918
0.6840000152587891 -0.09599995613098145 2.947999954223633
0.7079999446868896 -0.10800004005432129 2.9539999961853027
0.6540000438690186 -0.8460000157356262 2.4260001182556152
0.9779999256134033 -0.37199997901916504 2.73799991607666
0.40799999237060547 -0.9179999828338623 2.4800000190734863
0.4440000057220459 -0.9839999675750732 2.564000129699707
0.09599995613098145 -0.2879999876022339 2.930000066757202
0.809999942779541 -0.1499999761581421 2.888000011444092
0.4440000057220459 -1.0019999742507935 2.5999999046325684
0.08399999141693115 -0.2879999876022339 2.881999969482422
0.17400002479553223 -0.21599996089935303 2.9839999675750732
0.5940001010894775 -0.09000003337860107 3.002000093460083
0.4259999990463257 -0.09000003337860107 3.002000093460083
0.875999927520752 -0.8460000157356262 2.630000114440918
0.03600001335144043 -0.4620000123977661 2.9539999961853027
0.437999963760376 -0.9900000095367432 2.5759999752044678
0.08399999141693115 -0.2760000228881836 2.803999900817871
0.060000061988830566 -0.7739999890327454 2.809999942779541
0.3059999942779541 -0.9959999918937683 2.7019999027252197
0.20399999618530273 -0.17400002479553223 2.9539999961853027
0.3539999723434448 -0.8999999761581421 2.4800000190734863
0.6719999313354492 -0.9660000205039978 2.5759999752044678
1.002000093460083 -0.49800002574920654 2.7019999027252197
0.9000000953674316 -0.7979999780654907 2.6059999465942383
0.4559999704360962 -1.0019999742507935 2.5940001010894775
0.10199999809265137 -0.3240000009536743 3.002000093460083
0.49800002574920654 -1.0199999809265137 2.630000114440918
0.21599996089935303 -0.17400002479553223 2.9779999256134033
0.5039999485015869 -1.0080000162124634 2.5999999046325684
0.9119999408721924 -0.6779999732971191 2.5280001163482666
0.40799999237060547 -1.0019999742507935 2.611999988555908
0.1260000467300415 -0.23399996757507324 2.7019999027252197
0.029999971389770508 -0.6959999799728394 2.8519999980926514
0.5880000591278076 -0.9959999918937683 2.5880000591278076
0.4200000762939453 -0.09000003337860107 3.002000093460083
0.6840000152587891 -0.09599995613098145 2.9539999961853027
0.6480000019073486 -0.10199999809265137 3.002000093460083
0.20399999618530273 -0.1679999828338623 2.941999912261963
0.9720001220703125 -0.34800004959106445 2.75
0.37800002098083496 -0.8999999761581421 2.4679999351501465
0.7019999027252197 -0.8219999670982361 2.4260001182556152
0.8519999980926514 -0.17400002479553223 2.828000068664551
0.07800006866455078 -0.34800004959106445 2.9779999256134033
0.4500000476837158 -0.9660000205039978 2.5280001163482666
0.4500000476837158 -1.0080000162124634 2.6059999465942383
0.6059999465942383 -0.09000003337860107 3.002000093460083
0.20399999618530273 -0.9419999718666077 2.7260000705718994
0.3240000009536743 -0.9839999675750732 2.630000114440918
0.6419999599456787 -0.9539999961853027 2.5339999198913574
0.6480000019073486 -0.9480000138282776 2.5280001163482666
0.07800006866455078 -0.28199994564056396 2.828000068664551
0.8459999561309814 -0.8399999737739563 2.564000129699707
0.4440000057220459 -1.0080000162124634 2.6059999465942383
0.6600000858306885 -0.9480000138282776 2.5339999198913574
0.10199999809265137 -0.8460000157356262 2.7799999713897705
1.002000093460083 -0.5220000147819519 2.684000015258789
0.5160000324249268 -0.9359999895095825 2.4800000190734863
0.22800004482269287 -0.17400002479553223 3.002000093460083
0.9300000667572021 -0.75 2.6059999465942383
0.09000003337860107 -0.34200000762939453 3.002000093460083
0.054000020027160645 -0.40799999237060547 2.9779999256134033
0.48000001907348633 -0.9539999961853027 2.503999948501587
0.9179999828338623 -0.24599993228912354 2.8340001106262207
1.002000093460083 -0.49800002574920654 2.690000057220459
0.8159999847412109 -0.593999981880188 2.4019999504089355
0.24600005149841309 -0.9480000138282776 2.6419999599456787
0.7260000705718994 -0.7979999780654907 2.4200000762939453
0.9539999961853027 -0.2999999523162842 2.803999900817871
1.002000093460083 -0.4739999771118164 2.7019999027252197
0.06599998474121094 -0.37199997901916504 2.9779999256134033
0.011999964714050293 -0.5699999928474426 2.9000000953674316
0.4559999704360962 -1.0199999809265137 2.630000114440918
0.13199996948242188 -0.21599996089935303 2.7260000705718994
1.002000093460083 -0.5460000038146973 2.677999973297119
0.3240000009536743 -0.9599999785423279 2.5759999752044678
0.4020000696182251 -0.9900000095367432 2.5820000171661377
0.10199999809265137 -0.25199997425079346 2.7320001125335693
0.3240000009536743 -0.11399996280670166 2.996000051498413
0.5339999198913574 -1.0080000162124634 2.5940001010894775
0.7560000419616699 -0.7799999713897705 2.4260001182556152
0.630000114440918 -0.9240000247955322 2.4860000610351562
1.002000093460083 -0.5699999928474426 2.677999973297119
0.07800006866455078 -0.28199994564056396 2.8519999980926514
0.8819999694824219 -0.8219999670982361 2.5940001010894775
0.2760000228881836 -0.972000002861023 2.6540000438690186
0.25199997425079346 -0.1679999828338623 3.0260000228881836
0.09000003337860107 -0.26399993896484375 2.75
0.018000006675720215 -0.6539999842643738 2.875999927520752
0.6480000019073486 -0.9660000205039978 2.552000045776367
0.36600005626678467 -0.8999999761581421 2.4679999351501465
0.9839999675750732 -0.6240000128746033 2.635999917984009
0.9240000247955322 -0.7020000219345093 2.552000045776367
0.4559999704360962 -0.9539999961853027 2.503999948501587
1.002000093460083 -0.5460000038146973 2.671999931335449
0.6540000438690186 -0.10199999809265137 3.008000135421753
0.6180000305175781 -0.8700000047683716 2.4260001182556152
0.07800006866455078 -0.8159999847412109 2.803999900817871
0.9660000801086426 -0.3240000009536743 2.75600004196167
0.4259999990463257 -0.9660000205039978 2.5280001163482666
0.5039999485015869 -0.9240000247955322 2.4619998931884766
0.5520000457763672 -1.0139999389648438 2.6059999465942383
0.9960000514984131 -0.6359999775886536 2.677999973297119
0.018000006675720215 -0.49800002574920654 2.930000066757202
1.002000093460083 -0.593999981880188 2.677999973297119
0.23399996757507324 -0.9480000138282776 2.6540000438690186
0.18000006675720215 -0.1979999542236328 2.9779999256134033
0.9900000095367432 -0.6420000195503235 2.6600000858306885
0.5039999485015869 -0.9300000071525574 2.4679999351501465
0.22200000286102295 -0.9480000138282776 2.677999973297119
0.8519999980926514 -0.17400002479553223 2.875999927520752
0.24000000953674316 -0.17400002479553223 3.0260000228881836
1.002000093460083 -0.4440000057220459 2.7139999866485596
0.6540000438690186 -0.9660000205039978 2.552000045776367
0.48600006103515625 -0.9539999961853027 2.498000144958496
0.054000020027160645 -0.3960000276565552 2.9779999256134033
0.6480000019073486 -0.09599995613098145 3.002000093460083
0.11399996280670166 -0.24000000953674316 2.7019999027252197
0.6059999465942383 -0.9959999918937683 2.5820000171661377
0.029999971389770508 -0.7199999690055847 2.822000026702881
0.6119999885559082 -0.8999999761581421 2.450000047683716
0.3359999656677246 -0.12000000476837158 3.0260000228881836
0.6779999732971191 -0.8460000157356262 2.4260001182556152
0.9779999256134033 -0.34800004959106445 2.75
0.1679999828338623 -0.22200000286102295 3.002000093460083
0.029999971389770508 -0.7199999690055847 2.828000068664551
0.5039999485015869 -0.9599999785423279 2.503999948501587
0.029999971389770508 -0.4440000057220459 2.947999954223633
0.1260000467300415 -0.22800004482269287 2.690000057220459
0.26999998092651367 -0.972000002861023 2.6540000438690186
0.9960000514984131 -0.5999999642372131 2.6540000438690186
0.6419999599456787 -0.9779999852180481 2.564000129699707
0.38999998569488525 -1.0139999389648438 2.635999917984009
0.9360001087188721 -0.7139999866485596 2.5759999752044678
1.002000093460083 -0.5699999928474426 2.6660001277923584
0.8640000820159912 -0.8579999804496765 2.6059999465942383
0.33000004291534424 -0.9900000095367432 2.624000072479248
0.22200000286102295 -0.9480000138282776 2.671999931335449
0.8039999008178711 -0.75 2.437999963760376
0.4259999990463257 -1.0199999809265137 2.630000114440918
0.21000003814697266 -0.9480000138282776 2.7019999027252197
0.19200003147125244 -0.17400002479553223 2.9539999961853027
0.8159999847412109 -0.7979999780654907 2.4800000190734863
0.8519999980926514 -0.1679999828338623 2.8519999980926514
0.630000114440918 -0.8700000047683716 2.4260001182556152
0.38999998569488525 -0.9240000247955322 2.4800000190734863
0.3840000629425049 -0.9900000095367432 2.5820000171661377
0.312000036239624 -0.12000000476837158 3.008000135421753
0.3059999942779541 -0.13199996948242188 3.0260000228881836
0.7320001125335693 -0.10199999809265137 2.930000066757202
0.48600006103515625 -0.9419999718666077 2.4800000190734863
0.34200000762939453 -0.8999999761581421 2.4739999771118164
0.30000007152557373 -1.0019999742507935 2.7019999027252197
0.10199999809265137 -0.24599993228912354 2.7260000705718994
0.9240000247955322 -0.7739999890327454 2.6059999465942383
0.33000004291534424 -0.8999999761581421 2.4800000190734863
0.6359999179840088 -0.9419999718666077 2.503999948501587
0.9060001373291016 -0.671999990940094 2.503999948501587
0.8940000534057617 -0.6480000019073486 2.4800000190734863
0.2820000648498535 -0.14399993419647217 3.0260000228881836
0.07800006866455078 -0.8219999670982361 2.7920000553131104
0.630000114440918 -0.9300000071525574 2.4860000610351562
0.8580000400543213 -0.8460000157356262 2.5759999752044678
1.002000093460083 -0.6179999709129333 2.677999973297119
0.3539999723434448 -0.9120000004768372 2.4800000190734863
0.029999971389770508 -0.4440000057220459 2.9539999961853027
0.7739999294281006 -0.75 2.4140000343322754
0.6600000858306885 -0.9599999785423279 2.5399999618530273
0.011999964714050293 -0.6480000019073486 2.875999927520752
0.4500000476837158 -0.9539999961853027 2.498000144958496
0.22800004482269287 -0.16199994087219238 2.996000051498413
0.7920000553131104 -0.5999999642372131 2.378000020980835
0.7680001258850098 -0.12000000476837158 2.930000066757202
0.5220000743865967 -1.0199999809265137 2.6059999465942383
1.002000093460083 -0.41999995708465576 2.7260000705718994
0.6180000305175781 -0.8700000047683716 2.4200000762939453
0.312000036239624 -0.9959999918937683 2.6540000438690186
0.5280001163482666 -1.0199999809265137 2.6059999465942383
0.7079999446868896 -0.09599995613098145 2.9539999961853027
0.875999927520752 -0.6179999709129333 2.450000047683716
0.6719999313354492 -0.09000003337860107 2.9779999256134033
0.8280000686645508 -0.5879999995231628 2.4019999504089355
0.4919999837875366 -0.9300000071525574 2.4619998931884766
0.3240000009536743 -0.8999999761581421 2.4800000190734863
0.4259999990463257 -0.9599999785423279 2.509999990463257
0.48000001907348633 -0.9240000247955322 2.4559998512268066
0.6540000438690186 -0.9779999852180481 2.564000129699707
1.002000093460083 -0.41999995708465576 2.7200000286102295
0.7019999027252197 -0.8219999670982361 2.4140000343322754
0.4500000476837158 -0.07200002670288086 2.996000051498413
0.33000004291534424 -0.9959999918937683 2.630000114440918
0.006000041961669922 -0.6240000128746033 2.875999927520752
0.9960000514984131 -0.38399994373321533 2.75
0.4500000476837158 -0.9419999718666077 2.4800000190734863
0.37199997901916504 -0.9959999918937683 2.5940001010894775
0.7200000286102295 -0.09599995613098145 2.941999912261963
0.7260000705718994 -0.8219999670982361 2.4260001182556152
0.46800005435943604 -0.9240000247955322 2.4559998512268066
0.1499999761581421 -0.2879999876022339 3.068000078201294
0.060000061988830566 -0.7979999780654907 2.7980000972747803
0.4320000410079956 -0.9539999961853027 2.498000144958496
0.6779999732971191 -0.9599999785423279 2.5460000038146973
0.37199997901916504 -1.0019999742507935 2.6059999465942383
0.011999964714050293 -0.671999990940094 2.8519999980926514
0.3359999656677246 -1.0080000162124634 2.6540000438690186
0.7260000705718994 -0.10199999809265137 2.9539999961853027
0.17400002479553223 -0.1979999542236328 2.9839999675750732
0.3240000009536743 -0.9599999785423279 2.558000087738037
0.7799999713897705 -0.75 2.4140000343322754
0.4020000696182251 -1.0199999809265137 2.630000114440918
0.07800006866455078 -0.26399993896484375 2.7799999713897705
0.1260000467300415 -0.21599996089935303 2.7019999027252197
0.0 -0.5699999928474426 2.881999969482422
0.024000048637390137 -0.4559999704360962 2.9539999961853027
0.19800007343292236 -0.156000018119812 2.936000108718872
0.018000006675720215 -0.6959999799728394 2.8519999980926514
0.4259999990463257 -0.9240000247955322 2.4619998931884766
0.690000057220459 -0.9480000138282776 2.5339999198913574
0.75 -0.8040000200271606 2.4260001182556152
0.19800007343292236 -0.9480000138282776 2.7139999866485596
0.38999998569488525 -1.0080000162124634 2.6059999465942383
1.008000135421753 -0.4320000410079956 2.7260000705718994
0.0 -0.5460000038146973 2.888000011444092
0.809999942779541 -0.7739999890327454 2.450000047683716
0.75 -0.12000000476837158 2.9720001220703125
0.4559999704360962 -0.9300000071525574 2.4619998931884766
0.0 -0.5999999642372131 2.870000123977661
0.7980000972747803 -0.75 2.4260001182556152
0.4500000476837158 -0.07200002670288086 3.002000093460083
1.002000093460083 -0.5999999642372131 2.6540000438690186
0.9000000953674316 -0.8219999670982361 2.6059999465942383
0.37800002098083496 -0.9779999852180481 2.552000045776367
0.7620000839233398 -0.7739999890327454 2.4140000343322754
0.9300000667572021 -0.7739999890327454 2.6059999465942383
0.4320000410079956 -0.07200002670288086 2.996000051498413
0.9900000095367432 -0.6299999952316284 2.630000114440918
0.006000041961669922 -0.49800002574920654 2.9119999408721924
0.6960000991821289 -0.972000002861023 2.5759999752044678
0.6779999732971191 -0.9660000205039978 2.552000045776367
0.9300000667572021 -0.7139999866485596 2.552000045776367
0.0 -0.5999999642372131 2.875999927520752
0.6719999313354492 -0.8460000157356262 2.4140000343322754
0.9119999408721924 -0.22200000286102295 2.8459999561309814
0.7860000133514404 -0.1260000467300415 2.930000066757202
0.6540000438690186 -0.8700000047683716 2.4260001182556152
0.690000057220459 -0.10199999809265137 3.002000093460083
0.38999998569488525 -0.972000002861023 2.5339999198913574
0.4259999990463257 -0.9419999718666077 2.4800000190734863
0.10800004005432129 -0.8700000047683716 2.75600004196167
0.6180000305175781 -0.09000003337860107 3.0260000228881836
1.002000093460083 -0.6119999885559082 2.6540000438690186
0.7139999866485596 -0.10199999809265137 2.9779999256134033
0.9660000801086426 -0.2999999523162842 2.7799999713897705
0.437999963760376 -0.07200002670288086 3.002000093460083
0.0 -0.6240000128746033 2.8580000400543213
0.7320001125335693 -0.09599995613098145 2.936000108718872
0.0 -0.5460000038146973 2.9000000953674316
0.9960000514984131 -0.37199997901916504 2.75
0.3240000009536743 -0.9959999918937683 2.624000072479248
0.07800006866455078 -0.2999999523162842 2.9539999961853027
0.04200005531311035 -0.3960000276565552 2.9720001220703125
0.3179999589920044 -0.9240000247955322 2.503999948501587
0.08399999141693115 -0.3240000009536743 3.002000093460083
0.7139999866485596 -0.9660000205039978 2.5759999752044678
0.9300000667572021 -0.75 2.5759999752044678
0.6840000152587891 -0.9419999718666077 2.5160000324249268
0.19800007343292236 -0.1499999761581421 2.930000066757202
0.25199997425079346 -0.1499999761581421 3.0199999809265137
0.8039999008178711 -0.593999981880188 2.378000020980835
0.7799999713897705 -0.12000000476837158 2.930000066757202
0.6779999732971191 -0.8460000157356262 2.4140000343322754
0.6359999179840088 -0.9959999918937683 2.5759999752044678
0.07800006866455078 -0.3059999942779541 2.9660000801086426
0.7860000133514404 -0.12000000476837158 2.9179999828338623
0.1260000467300415 -0.21599996089935303 2.684000015258789
0.33000004291534424 -0.9779999852180481 2.5759999752044678
0.0 -0.5220000147819519 2.9060001373291016
0.8640000820159912 -0.5999999642372131 2.4260001182556152
0.024000048637390137 -0.7319999933242798 2.828000068664551
0.5520000457763672 -1.0260000228881836 2.6059999465942383
0.9479999542236328 -0.26399993896484375 2.809999942779541
0.054000020027160645 -0.7979999780654907 2.803999900817871
0.4259999990463257 -0.9300000071525574 2.4619998931884766
0.4020000696182251 -0.9240000247955322 2.4619998931884766
0.07800006866455078 -0.312000036239624 2.9779999256134033
0.7260000705718994 -0.09599995613098145 2.9539999961853027
0.4020000696182251 -0.9539999961853027 2.498000144958496
0.8399999141693115 -0.1499999761581421 2.881999969482422
0.8280000686645508 -0.14399993419647217 2.9000000953674316
0.10199999809265137 -0.8700000047683716 2.7799999713897705
-0.006000041961669922 -0.5699999928474426 2.875999927520752
0.9360001087188721 -0.24599993228912354 2.828000068664551
0.13199996948242188 -0.24599993228912354 3.002000093460083
0.029999971389770508 -0.75 2.815999984741211
0.08399999141693115 -0.2999999523162842 2.9779999256134033
0.9119999408721924 -0.6899999976158142 2.503999948501587
0.060000061988830566 -0.34200000762939453 2.9720001220703125
0.2879999876022339 -0.12000000476837158 3.008000135421753
0.7980000972747803 -0.7619999647140503 2.4260001182556152
0.37800002098083496 -1.0080000162124634 2.5999999046325684
0.029999971389770508 -0.41999995708465576 2.9660000801086426
0.029999971389770508 -0.75 2.828000068664551
0.7920000553131104 -0.5820000171661377 2.366000175476074
0.8519999980926514 -0.6060000061988831 2.4140000343322754
0.25199997425079346 -0.1499999761581421 3.0260000228881836
0.809999942779541 -0.7860000133514404 2.450000047683716
0.8819999694824219 -0.6420000195503235 2.450000047683716
0.9000000953674316 -0.671999990940094 2.4800000190734863
0.20399999618530273 -0.1499999761581421 2.9539999961853027
0.4020000696182251 -0.9599999785423279 2.503999948501587
0.37800002098083496 -0.9240000247955322 2.4679999351501465
0.2580000162124634 -0.972000002861023 2.635999917984009
-0.006000041961669922 -0.5879999995231628 2.875999927520752
1.002000093460083 -0.37800002098083496 2.75
0.48000001907348633 -1.0379999876022339 2.630000114440918
0.9300000667572021 -0.7199999690055847 2.5460000038146973
0.156000018119812 -0.9240000247955322 2.7320001125335693
0.0 -0.6480000019073486 2.8580000400543213
0.21599996089935303 -0.1499999761581421 2.9779999256134033
0.8459999561309814 -0.8579999804496765 2.552000045776367
0.9779999256134033 -0.3179999589920044 2.75
0.14400005340576172 -0.26399993896484375 3.049999952316284
0.6840000152587891 -0.08399999141693115 2.9779999256134033
0.07200002670288086 -0.3179999589920044 2.9779999256134033
0.3539999723434448 -0.9779999852180481 2.552000045776367
0.3179999589920044 -0.9480000138282776 2.5280001163482666
0.875999927520752 -0.17400002479553223 2.8519999980926514
0.30000007152557373 -0.12000000476837158 3.0260000228881836
0.5699999332427979 -1.0199999809265137 2.5880000591278076
0.018000006675720215 -0.4440000057220459 2.9539999961853027
0.7260000705718994 -0.9660000205039978 2.5759999752044678
0.36000001430511475 -0.9660000205039978 2.5280001163482666
0.6600000858306885 -0.08399999141693115 3.002000093460083
0.6540000438690186 -0.9959999918937683 2.5759999752044678
0.4739999771118164 -0.07200002670288086 3.0260000228881836
1.002000093460083 -0.37199997901916504 2.75
0.7079999446868896 -0.9539999961853027 2.5399999618530273
0.48000001907348633 -0.06599998474121094 3.0139999389648438
0.4140000343322754 -0.07200002670288086 3.008000135421753
0.22800004482269287 -0.1499999761581421 3.002000093460083
-0.006000041961669922 -0.5339999794960022 2.9000000953674316
0.1260000467300415 -0.8999999761581421 2.75
0.6359999179840088 -0.9240000247955322 2.4619998931884766
0.9720001220703125 -0.2999999523162842 2.76200008392334
0.9240000247955322 -0.7139999866485596 2.5280001163482666
0.8399999141693115 -0.8579999804496765 2.5399999618530273
0.10199999809265137 -0.8759999871253967 2.7799999713897705
-0.006000041961669922 -0.5220000147819519 2.9000000953674316
0.6480000019073486 -0.8700000047683716 2.4140000343322754
0.22800004482269287 -0.10800004005432129 2.875999927520752
0.18000006675720215 -0.9480000138282776 2.7260000705718994
0.21000003814697266 -0.972000002861023 2.7320001125335693
0.624000072479248 -0.9179999828338623 2.450000047683716
0.7019999027252197 -0.9660000205039978 2.552000045776367
0.9419999122619629 -0.24599993228912354 2.815999984741211
0.8039999008178711 -0.7739999890327454 2.432000160217285
0.8700001239776611 -0.6119999885559082 2.4260001182556152
0.0 -0.671999990940094 2.8340001106262207
0.2820000648498535 -0.9959999918937683 2.6540000438690186
0.006000041961669922 -0.6959999799728394 2.828000068664551
0.1260000467300415 -0.8999999761581421 2.73799991607666
0.07800006866455078 -0.8460000157356262 2.7799999713897705
0.38999998569488525 -1.0260000228881836 2.624000072479248
0.1679999828338623 -0.1979999542236328 3.002000093460083
0.054000020027160645 -0.34800004959106445 2.9779999256134033
0.3960000276565552 -0.9300000071525574 2.4619998931884766
0.18000006675720215 -0.17400002479553223 2.9779999256134033
-0.011999964714050293 -0.5460000038146973 2.875999927520752
0.07200002670288086 -0.2580000162124634 2.75
0.9119999408721924 -0.6959999799728394 2.498000144958496
0.6540000438690186 -0.8700000047683716 2.4140000343322754
0.22800004482269287 -0.11399996280670166 2.9119999408721924
0.07800006866455078 -0.8460000157356262 2.7680001258850098
0.054000020027160645 -0.2879999876022339 2.864000082015991
0.029999971389770508 -0.4140000343322754 2.9779999256134033
0.09599995613098145 -0.8700000047683716 2.76200008392334
0.054000020027160645 -0.28199994564056396 2.828000068664551
0.4020000696182251 -0.9480000138282776 2.4800000190734863
0.07800006866455078 -0.25199997425079346 2.7320001125335693
0.0 -0.4739999771118164 2.9179999828338623
0.3359999656677246 -1.0080000162124634 2.618000030517578
0.22800004482269287 -0.12000000476837158 2.936000108718872
0.3240000009536743 -0.9240000247955322 2.4860000610351562
0.10800004005432129 -0.22800004482269287 2.677999973297119
0.060000061988830566 -0.8219999670982361 2.803999900817871
0.8039999008178711 -0.1260000467300415 2.930000066757202
0.37800002098083496 -0.9599999785423279 2.503999948501587
0.011999964714050293 -0.7199999690055847 2.828000068664551
0.7019999027252197 -0.8460000157356262 2.4140000343322754
0.1260000467300415 -0.1979999542236328 2.7019999027252197
0.8519999980926514 -0.1499999761581421 2.875999927520752
-0.006000041961669922 -0.6480000019073486 2.8519999980926514
0.22200000286102295 -0.1499999761581421 3.002000093460083
0.9240000247955322 -0.7979999780654907 2.5940001010894775
0.24000000953674316 -0.1499999761581421 3.0260000228881836
0.06599998474121094 -0.3059999942779541 2.9600000381469727
0.9300000667572021 -0.7440000176429749 2.552000045776367
-0.011999964714050293 -0.6240000128746033 2.828000068664551
0.2879999876022339 -0.1380000114440918 3.055999994277954
0.3539999723434448 -1.0199999809265137 2.630000114440918
0.7139999866485596 -0.9480000138282776 2.5280001163482666
0.24600005149841309 -0.972000002861023 2.635999917984009
1.002000093460083 -0.6299999952316284 2.630000114440918
0.690000057220459 -0.9779999852180481 2.558000087738037
0.3059999942779541 -0.13199996948242188 3.062000036239624
0.054000020027160645 -0.2879999876022339 2.875999927520752
0.9300000667572021 -0.22800004482269287 2.8519999980926514
0.9240000247955322 -0.22200000286102295 2.864000082015991
0.4020000696182251 -0.07799994945526123 3.0260000228881836
0.46800005435943604 -1.0440000295639038 2.630000114440918
0.23399996757507324 -0.972000002861023 2.6540000438690186
-0.006000041961669922 -0.6539999842643738 2.8519999980926514
0.33000004291534424 -0.9240000247955322 2.4800000190734863
1.0260000228881836 -0.4859999418258667 2.7019999027252197
0.7019999027252197 -0.08399999141693115 2.9779999256134033
0.3240000009536743 -0.9660000205039978 2.5399999618530273
0.4020000696182251 -0.9359999895095825 2.4619998931884766
0.054000020027160645 -0.2760000228881836 2.803999900817871
-0.011999964714050293 -0.6240000128746033 2.8519999980926514
0.054000020027160645 -0.2760000228881836 2.7980000972747803
0.20399999618530273 -0.13199996948242188 2.930000066757202
0.624000072479248 -0.906000018119812 2.432000160217285
0.38999998569488525 -0.9480000138282776 2.4800000190734863
0.0 -0.4739999771118164 2.930000066757202
0.624000072479248 -0.8999999761581421 2.4260001182556152
0.37800002098083496 -0.9539999961853027 2.492000102996826
0.1380000114440918 -0.24000000953674316 3.0260000228881836
0.75 -0.09000003337860107 2.930000066757202
0.624000072479248 -0.8939999938011169 2.4200000762939453
0.5280001163482666 -1.0379999876022339 2.6059999465942383
-0.018000006675720215 -0.5699999928474426 2.8519999980926514
0.7799999713897705 -0.7739999890327454 2.4079999923706055
0.8700001239776611 -0.1679999828338623 2.9000000953674316
0.12000000476837158 -0.8999999761581421 2.73799991607666
0.21000003814697266 -0.9779999852180481 2.7320001125335693
0.8519999980926514 -0.8819999694824219 2.5759999752044678
0.5820000171661377 -1.0199999809265137 2.5759999752044678
0.9779999256134033 -0.2999999523162842 2.75600004196167
0.22200000286102295 -0.972000002861023 2.671999931335449
1.0260000228881836 -0.4739999771118164 2.7019999027252197
1.0260000228881836 -0.5460000038146973 2.677999973297119
-0.018000006675720215 -0.5999999642372131 2.828000068664551
0.8640000820159912 -0.8700000047683716 2.5759999752044678
0.029999971389770508 -0.7739999890327454 2.803999900817871
0.029999971389770508 -0.7739999890327454 2.7980000972747803
0.8519999980926514 -0.8700000047683716 2.558000087738037
0.6960000991821289 -0.9240000247955322 2.4800000190734863
0.04200005531311035 -0.7979999780654907 2.803999900817871
1.0260000228881836 -0.6299999952316284 2.7079999446868896
0.630000114440918 -0.8999999761581421 2.4260001182556152
1.0139999389648438 -0.3960000276565552 2.7260000705718994
0.0 -0.6959999799728394 2.809999942779541
0.6840000152587891 -0.9300000071525574 2.4800000190734863
0.07800006866455078 -0.24599993228912354 2.7260000705718994
0.6779999732971191 -0.9959999918937683 2.5759999752044678
0.9179999828338623 -0.7080000042915344 2.503999948501587
1.0260000228881836 -0.5699999928474426 2.677999973297119
1.0260000228881836 -0.5220000147819519 2.677999973297119
-0.006000041961669922 -0.671999990940094 2.828000068664551
1.0260000228881836 -0.6240000128746033 2.7019999027252197
0.006000041961669922 -0.6899999976158142 2.8940000534057617
0.875999927520752 -0.6240000128746033 2.4260001182556152
0.8819999694824219 -0.5879999995231628 2.4260001182556152
0.9779999256134033 -0.2940000295639038 2.7799999713897705
1.0260000228881836 -0.4739999771118164 2.696000099182129
0.1260000467300415 -0.18599998950958252 2.7260000705718994
0.04799997806549072 -0.8100000023841858 2.803999900817871
0.029999971389770508 -0.3960000276565552 2.9779999256134033
-0.011999964714050293 -0.6480000019073486 2.828000068664551
0.36600005626678467 -1.0260000228881836 2.624000072479248
0.6960000991821289 -0.07200002670288086 2.9600000381469727
0.3179999589920044 -0.9419999718666077 2.503999948501587
0.9300000667572021 -0.22200000286102295 2.8519999980926514
0.7139999866485596 -0.9359999895095825 2.503999948501587
0.8039999008178711 -0.12000000476837158 2.930000066757202
0.21599996089935303 -0.972000002861023 2.677999973297119
-0.011999964714050293 -0.49800002574920654 2.9000000953674316
-0.018000006675720215 -0.5999999642372131 2.8519999980926514
0.054000020027160645 -0.26999998092651367 2.803999900817871
0.3539999723434448 -0.9240000247955322 2.4619998931884766
1.002000093460083 -0.34800004959106445 2.75
0.054000020027160645 -0.8219999670982361 2.7920000553131104
0.36000001430511475 -0.9419999718666077 2.4800000190734863
0.18599998950958252 -0.1499999761581421 2.9539999961853027
0.6540000438690186 -0.9179999828338623 2.450000047683716
-0.018000006675720215 -0.5220000147819519 2.875999927520752
0.7260000705718994 -0.9599999785423279 2.5460000038146973
0.8880000114440918 -0.8460000157356262 2.5759999752044678
0.437999963760376 -0.06599998474121094 3.0260000228881836
1.002000093460083 -0.34800004959106445 2.74399995803833
0.9000000953674316 -0.671999990940094 2.4619998931884766
0.33000004291534424 -0.9660000205039978 2.5280001163482666
0.9300000667572021 -0.7260000109672546 2.5280001163482666
0.060000061988830566 -0.2940000295639038 2.941999912261963
0.04799997806549072 -0.34800004959106445 2.9839999675750732
0.22200000286102295 -0.10199999809265137 2.875999927520752
0.9360001087188721 -0.7739999890327454 2.5759999752044678
-0.023999929428100586 -0.5460000038146973 2.822000026702881
0.2760000228881836 -0.9959999918937683 2.635999917984009
0.20399999618530273 -0.972000002861023 2.7019999027252197
0.8159999847412109 -0.12000000476837158 2.9060001373291016
0.7620000839233398 -0.10800004005432129 2.9779999256134033
0.4020000696182251 -0.07200002670288086 3.0260000228881836
-0.023999929428100586 -0.5460000038146973 2.828000068664551
0.3539999723434448 -0.9599999785423279 2.503999948501587
-0.023999929428100586 -0.5699999928474426 2.809999942779541
0.6059999465942383 -1.0199999809265137 2.5759999752044678
1.0260000228881836 -0.4440000057220459 2.7079999446868896
0.3359999656677246 -0.9240000247955322 2.4679999351501465
0.875999927520752 -0.1679999828338623 2.9000000953674316
-0.023999929428100586 -0.5699999928474426 2.828000068664551
0.8880000114440918 -0.1679999828338623 2.828000068664551
0.04799997806549072 -0.2760000228881836 2.7980000972747803
0.7260000705718994 -0.9660000205039978 2.552000045776367
-0.023999929428100586 -0.5220000147819519 2.8340001106262207
0.3960000276565552 -0.07799994945526123 3.0380001068115234
0.630000114440918 -0.906000018119812 2.4260001182556152
0.7680001258850098 -0.7979999780654907 2.4079999923706055
0.809999942779541 -0.8219999670982361 2.4559998512268066
0.10199999809265137 -0.22200000286102295 2.677999973297119
0.33000004291534424 -1.0199999809265137 2.630000114440918
0.060000061988830566 -0.2999999523162842 2.9600000381469727
-0.023999929428100586 -0.5460000038146973 2.8519999980926514
0.7439999580383301 -0.8219999670982361 2.4079999923706055
0.7320001125335693 -0.9359999895095825 2.509999990463257
0.0 -0.4440000057220459 2.936000108718872
0.7019999027252197 -0.06599998474121094 2.947999954223633
-0.023999929428100586 -0.5220000147819519 2.8519999980926514
0.054000020027160645 -0.26399993896484375 2.7799999713897705
-0.023999929428100586 -0.5999999642372131 2.803999900817871
0.6480000019073486 -0.8880000114440918 2.4140000343322754
0.3539999723434448 -0.9539999961853027 2.492000102996826
-0.023999929428100586 -0.5999999642372131 2.7920000553131104
0.22800004482269287 -0.1260000467300415 2.9839999675750732
0.6840000152587891 -0.07799994945526123 3.002000093460083
0.8940000534057617 -0.671999990940094 2.450000047683716
0.8340001106262207 -0.593999981880188 2.378000020980835
0.3539999723434448 -0.9300000071525574 2.4619998931884766
0.6540000438690186 -0.8999999761581421 2.4260001182556152
0.22200000286102295 -0.09599995613098145 2.864000082015991
-0.018000006675720215 -0.6480000019073486 2.803999900817871
-0.006000041961669922 -0.4620000123977661 2.930000066757202
0.8459999561309814 -0.8819999694824219 2.552000045776367
0.8700001239776611 -0.1499999761581421 2.8580000400543213
0.690000057220459 -0.07200002670288086 2.9839999675750732
0.3240000009536743 -1.0199999809265137 2.630000114440918
0.9720001220703125 -0.26999998092651367 2.803999900817871
0.9720001220703125 -0.26999998092651367 2.7980000972747803
0.9240000247955322 -0.7260000109672546 2.509999990463257
1.0260000228881836 -0.41999995708465576 2.7139999866485596
-0.023999929428100586 -0.49800002574920654 2.8580000400543213
0.0 -0.7199999690055847 2.803999900817871
1.0199999809265137 -0.6359999775886536 2.6540000438690186
0.875999927520752 -0.8700000047683716 2.5759999752044678
0.20399999618530273 -0.12000000476837158 2.930000066757202
0.3240000009536743 -0.9539999961853027 2.503999948501587
0.630000114440918 -1.0199999809265137 2.5759999752044678
0.6180000305175781 -1.0199999809265137 2.569999933242798
-0.023999929428100586 -0.6240000128746033 2.803999900817871
0.054000020027160645 -0.3359999656677246 3.002000093460083
0.30000007152557373 -1.0199999809265137 2.6540000438690186
0.7200000286102295 -0.07200002670288086 2.9539999961853027
1.0320000648498535 -0.5999999642372131 2.677999973297119
0.4259999990463257 -1.0499999523162842 2.630000114440918
0.7019999027252197 -0.9959999918937683 2.5759999752044678
0.9539999961853027 -0.24000000953674316 2.828000068664551
-0.029999971389770508 -0.5460000038146973 2.803999900817871
0.8159999847412109 -0.5759999752044678 2.3600001335144043
0.8819999694824219 -0.6480000019073486 2.4260001182556152
0.3240000009536743 -0.9359999895095825 2.4800000190734863
1.0260000228881836 -0.5999999642372131 2.6540000438690186
-0.023999929428100586 -0.6240000128746033 2.7799999713897705
0.8280000686645508 -0.12000000476837158 2.9000000953674316
0.9300000667572021 -0.7979999780654907 2.5759999752044678
0.6779999732971191 -0.9179999828338623 2.450000047683716
0.9779999256134033 -0.2760000228881836 2.803999900817871
-0.023999929428100586 -0.6240000128746033 2.7739999294281006
0.07800006866455078 -0.8700000047683716 2.7799999713897705
-0.029999971389770508 -0.5220000147819519 2.803999900817871
-0.029999971389770508 -0.5699999928474426 2.803999900817871
0.21599996089935303 -0.12000000476837158 2.9600000381469727
-0.006000041961669922 -0.6840000152587891 2.888000011444092
-0.029999971389770508 -0.527999997138977 2.828000068664551
0.18599998950958252 -0.972000002861023 2.7260000705718994
-0.023999929428100586 -0.49800002574920654 2.875999927520752
0.3960000276565552 -0.06599998474121094 3.0260000228881836
-0.029999971389770508 -0.5699999928474426 2.7799999713897705
-0.029999971389770508 -0.5220000147819519 2.828000068664551
0.8039999008178711 -0.7979999780654907 2.4260001182556152
0.9119999408721924 -0.7080000042915344 2.4800000190734863
0.34800004959106445 -0.9480000138282776 2.4800000190734863
0.9419999122619629 -0.22200000286102295 2.8399999141693115
0.156000018119812 -0.9480000138282776 2.7260000705718994
0.7739999294281006 -0.9599999785423279 2.5759999752044678
0.875999927520752 -0.1499999761581421 2.8519999980926514
0.029999971389770508 -0.37199997901916504 2.9839999675750732
0.6540000438690186 -0.906000018119812 2.4260001182556152
0.5039999485015869 -1.0499999523162842 2.6059999465942383
0.2640000581741333 -0.9959999918937683 2.630000114440918
0.22800004482269287 -0.12000000476837158 2.9839999675750732
0.75 -0.08399999141693115 2.9539999961853027
1.0320000648498535 -0.6179999709129333 2.677999973297119
0.6779999732971191 -1.0080000162124634 2.5759999752044678
1.002000093460083 -0.3240000009536743 2.75600004196167
0.33000004291534424 -0.9599999785423279 2.503999948501587
0.11399996280670166 -0.1979999542236328 2.677999973297119
0.2940000295639038 -1.0199999809265137 2.6540000438690186
0.630000114440918 -1.0199999809265137 2.569999933242798
0.156000018119812 -0.9480000138282776 2.7200000286102295
0.029999971389770508 -0.7979999780654907 2.7920000553131104
0.9000000953674316 -0.8460000157356262 2.5759999752044678
0.48000001907348633 -1.0499999523162842 2.6059999465942383
0.8700001239776611 -0.5999999642372131 2.4019999504089355
0.7079999446868896 -0.07200002670288086 2.9779999256134033
0.690000057220459 -0.8700000047683716 2.4079999923706055
0.19200003147125244 -0.972000002861023 2.696000099182129
0.07800006866455078 -0.23399996757507324 2.7019999027252197
0.4500000476837158 -1.0499999523162842 2.611999988555908
-0.029999971389770508 -0.593999981880188 2.7799999713897705
-0.029999971389770508 -0.49800002574920654 2.828000068664551
0.1679999828338623 -0.17400002479553223 3.002000093460083
0.7860000133514404 -0.09599995613098145 2.930000066757202
-0.018000006675720215 -0.671999990940094 2.803999900817871
0.10199999809265137 -0.8999999761581421 2.75
0.19800007343292236 -0.12000000476837158 2.930000066757202
0.20399999618530273 -0.10800004005432129 2.9000000953674316
0.875999927520752 -0.8759999871253967 2.5759999752044678
1.0260000228881836 -0.3960000276565552 2.7260000705718994
0.08399999141693115 -0.8819999694824219 2.7799999713897705
0.8940000534057617 -0.16199994087219238 2.815999984741211
0.9779999256134033 -0.26999998092651367 2.803999900817871
0.04200005531311035 -0.26999998092651367 2.803999900817871
0.4440000057220459 -1.0499999523162842 2.611999988555908
0.3359999656677246 -0.9359999895095825 2.4679999351501465
0.1260000467300415 -0.9240000247955322 2.7320001125335693
-0.011999964714050293 -0.6959999799728394 2.828000068664551
1.0199999809265137 -0.37199997901916504 2.7320001125335693
1.0320000648498535 -0.5699999928474426 2.6540000438690186
0.6600000858306885 -0.8939999938011169 2.4140000343322754
0.156000018119812 -0.1979999542236328 3.0260000228881836
0.34200000762939453 -0.9539999961853027 2.4860000610351562
0.1260000467300415 -0.1799999475479126 2.684000015258789
0.4020000696182251 -1.0499999523162842 2.630000114440918
0.7260000705718994 -0.07799994945526123 2.9779999256134033
0.7320001125335693 -0.8460000157356262 2.4079999923706055
0.8819999694824219 -0.1499999761581421 2.8340001106262207
-0.023999929428100586 -0.6420000195503235 2.76200008392334
-0.023999929428100586 -0.6480000019073486 2.7799999713897705
0.1499999761581421 -0.24000000953674316 3.074000120162964
0.7799999713897705 -0.9599999785423279 2.5759999752044678
0.7799999713897705 -0.10199999809265137 2.9660000801086426
0.6779999732971191 -0.8999999761581421 2.4260001182556152
0.03600001335144043 -0.2879999876022339 2.875999927520752
0.054000020027160645 -0.3240000009536743 3.002000093460083
0.7920000553131104 -0.09599995613098145 2.9240000247955322
1.0199999809265137 -0.6240000128746033 2.630000114440918
0.7320001125335693 -0.07200002670288086 2.9539999961853027
0.875999927520752 -0.8700000047683716 2.564000129699707
-0.006000041961669922 -0.7199999690055847 2.803999900817871
0.03600001335144043 -0.28199994564056396 2.8519999980926514
0.0 -0.41999995708465576 2.947999954223633
0.13199996948242188 -0.20399999618530273 2.996000051498413
0.9000000953674316 -0.5879999995231628 2.4260001182556152
-0.029999971389770508 -0.4919999837875366 2.8519999980926514
1.0260000228881836 -0.6359999775886536 2.6540000438690186
0.9360001087188721 -0.7739999890327454 2.552000045776367
0.0 -0.7379999756813049 2.7980000972747803
0.08399999141693115 -0.22800004482269287 2.684000015258789
0.13199996948242188 -0.22200000286102295 3.0260000228881836
0.011999964714050293 -0.40799999237060547 2.9779999256134033
0.8039999008178711 -0.7979999780654907 2.4200000762939453
-0.023999929428100586 -0.6539999842643738 2.7799999713897705
-0.023999929428100586 -0.4739999771118164 2.888000011444092
0.6540000438690186 -1.0199999809265137 2.5759999752044678
0.17400002479553223 -0.156000018119812 2.9839999675750732
-0.029999971389770508 -0.5999999642372131 2.75
0.1260000467300415 -0.17400002479553223 2.696000099182129
-0.029999971389770508 -0.6240000128746033 2.803999900817871
-0.029999971389770508 -0.5040000081062317 2.870000123977661
1.0380001068115234 -0.5460000038146973 2.6660001277923584
0.10199999809265137 -0.21599996089935303 2.6540000438690186
0.8399999141693115 -0.8819999694824219 2.5280001163482666
0.7620000839233398 -0.9480000138282776 2.5339999198913574
0.9000000953674316 -0.6899999976158142 2.450000047683716
0.875999927520752 -0.5999999642372131 2.4019999504089355
0.04799997806549072 -0.312000036239624 2.9779999256134033
0.0 -0.41999995708465576 2.9539999961853027
0.054000020027160645 -0.8460000157356262 2.7799999713897705
0.7019999027252197 -0.8700000047683716 2.4079999923706055
-0.029999971389770508 -0.6299999952316284 2.803999900817871
-0.011999964714050293 -0.4440000057220459 2.930000066757202
-0.03600001335144043 -0.5339999794960022 2.7799999713897705
0.40799999237060547 -1.0499999523162842 2.618000030517578
0.13199996948242188 -0.20399999618530273 3.002000093460083
-0.029999971389770508 -0.4739999771118164 2.8519999980926514
0.7079999446868896 -1.0019999742507935 2.5759999752044678
0.8280000686645508 -0.5759999752044678 2.3600001335144043
-0.03600001335144043 -0.5579999685287476 2.8340001106262207
-0.03600001335144043 -0.5220000147819519 2.7799999713897705
0.04799997806549072 -0.3059999942779541 2.9720001220703125
0.1499999761581421 -0.24000000953674316 3.0799999237060547
0.1260000467300415 -0.18599998950958252 2.6540000438690186
0.054000020027160645 -0.25199997425079346 2.7320001125335693
0.9240000247955322 -0.8219999670982361 2.5759999752044678
1.0260000228881836 -0.6299999952316284 2.6419999599456787
0.9000000953674316 -0.16199994087219238 2.803999900817871
-0.029999971389770508 -0.6179999709129333 2.75
0.12000000476837158 -0.19200003147125244 2.6540000438690186
0.12000000476837158 -0.9240000247955322 2.7320001125335693
0.8880000114440918 -0.156000018119812 2.875999927520752
0.8519999980926514 -0.5879999995231628 2.378000020980835
0.8819999694824219 -0.1499999761581421 2.875999927520752
-0.03600001335144043 -0.49800002574920654 2.803999900817871
-0.023999929428100586 -0.4679999351501465 2.9000000953674316
0.7019999027252197 -0.9179999828338623 2.450000047683716
0.029999971389770508 -0.28199994564056396 2.828000068664551
0.6779999732971191 -0.906000018119812 2.4260001182556152
0.18000006675720215 -0.972000002861023 2.7019999027252197
0.18000006675720215 -0.14399993419647217 2.9779999256134033
0.49800002574920654 -1.0499999523162842 2.5880000591278076
-0.03600001335144043 -0.5460000038146973 2.75
0.24000000953674316 -0.12000000476837158 3.0199999809265137
0.7860000133514404 -0.7979999780654907 2.4019999504089355
-0.018000006675720215 -0.6959999799728394 2.803999900817871
0.22200000286102295 -0.9959999918937683 2.677999973297119
0.6480000019073486 -1.0260000228881836 2.5759999752044678
1.0260000228881836 -0.3659999370574951 2.75
-0.03600001335144043 -0.5699999928474426 2.75
0.8880000114440918 -0.671999990940094 2.4260001182556152
0.37800002098083496 -1.0499999523162842 2.630000114440918
0.7139999866485596 -0.9959999918937683 2.564000129699707
-0.029999971389770508 -0.6420000195503235 2.8340001106262207
0.0 -0.75 2.803999900817871
0.437999963760376 -1.062000036239624 2.630000114440918
0.21000003814697266 -0.09599995613098145 2.9000000953674316
-0.018000006675720215 -0.6959999799728394 2.7799999713897705
0.8159999847412109 -0.8339999914169312 2.450000047683716
0.07800006866455078 -0.22200000286102295 2.7019999027252197
-0.029999971389770508 -0.6480000019073486 2.7980000972747803
1.0320000648498535 -0.3960000276565552 2.7200000286102295
0.690000057220459 -0.8819999694824219 2.4079999923706055
0.17400002479553223 -0.1499999761581421 2.9839999675750732
0.8039999008178711 -0.8159999847412109 2.4260001182556152
0.20399999618530273 -0.09599995613098145 2.881999969482422
0.24600005149841309 -0.9959999918937683 2.630000114440918
0.75 -0.972000002861023 2.552000045776367
0.8519999980926514 -0.1260000467300415 2.9000000953674316
0.14400005340576172 -0.9480000138282776 2.7200000286102295
0.7680001258850098 -0.9539999961853027 2.5399999618530273
0.22200000286102295 -0.9959999918937683 2.671999931335449
-0.029999971389770508 -0.4679999351501465 2.875999927520752
0.21000003814697266 -0.9959999918937683 2.7019999027252197
-0.029999971389770508 -0.515999972820282 2.9060001373291016
0.7620000839233398 -0.9419999718666077 2.5160000324249268
0.029999971389770508 -0.2760000228881836 2.803999900817871
-0.023999929428100586 -0.671999990940094 2.75600004196167
0.10199999809265137 -0.9120000004768372 2.75
0.7799999713897705 -0.09000003337860107 2.9539999961853027
0.5220000743865967 -1.0499999523162842 2.5820000171661377
0.9720001220703125 -0.24599993228912354 2.809999942779541
0.17400002479553223 -0.972000002861023 2.7079999446868896
0.24000000953674316 -0.12000000476837158 3.0260000228881836
0.19800007343292236 -0.10199999809265137 2.9000000953674316
-0.03600001335144043 -0.6179999709129333 2.7799999713897705
-0.03600001335144043 -0.4739999771118164 2.828000068664551
0.04200005531311035 -0.2999999523162842 2.9600000381469727
-0.03600001335144043 -0.6179999709129333 2.828000068664551
0.054000020027160645 -0.24599993228912354 2.7260000705718994
0.2760000228881836 -1.0139999389648438 2.630000114440918
0.9000000953674316 -0.6959999799728394 2.444000005722046
1.002000093460083 -0.2999999523162842 2.76200008392334
0.9300000667572021 -0.75 2.509999990463257
0.22800004482269287 -0.9959999918937683 2.6540000438690186
0.9300000667572021 -0.8219999670982361 2.5759999752044678
-0.006000041961669922 -0.41999995708465576 2.9539999961853027
1.0499999523162842 -0.6299999952316284 2.7260000705718994
-0.029999971389770508 -0.6599999666213989 2.815999984741211
0.8039999008178711 -0.09599995613098145 2.930000066757202
0.9060001373291016 -0.16199994087219238 2.828000068664551
0.8220000267028809 -0.12000000476837158 2.9660000801086426
0.2940000295639038 -1.0320000648498535 2.6540000438690186
0.809999942779541 -0.09599995613098145 2.9179999828338623
0.13199996948242188 -0.1979999542236328 3.008000135421753
0.7799999713897705 -0.09599995613098145 2.9779999256134033
0.8519999980926514 -0.8999999761581421 2.552000045776367
0.25199997425079346 -0.9959999918937683 2.611999988555908
0.19800007343292236 -0.09599995613098145 2.881999969482422
-0.023999929428100586 -0.4440000057220459 2.9060001373291016
0.8819999694824219 -0.6240000128746033 2.4019999504089355
-0.029999971389770508 -0.6539999842643738 2.75
0.5280001163482666 -1.0499999523162842 2.5759999752044678
0.48000001907348633 -1.062000036239624 2.6059999465942383
0.25199997425079346 -0.1260000467300415 3.055999994277954
0.7260000705718994 -1.0019999742507935 2.5759999752044678
0.9060001373291016 -0.16199994087219238 2.8519999980926514
0.6660001277923584 -1.0199999809265137 2.564000129699707
0.9360001087188721 -0.7680000066757202 2.5280001163482666
1.0439999103546143 -0.41999995708465576 2.7260000705718994
-0.03600001335144043 -0.5999999642372131 2.7260000705718994
0.029999971389770508 -0.8219999670982361 2.7799999713897705
0.9900000095367432 -0.26999998092651367 2.7799999713897705
0.07200002670288086 -0.22200000286102295 2.7019999027252197
0.7739999294281006 -0.8219999670982361 2.4019999504089355
0.07800006866455078 -0.22200000286102295 2.677999973297119
0.029999971389770508 -0.8219999670982361 2.7739999294281006
-0.0419999361038208 -0.49800002574920654 2.7799999713897705
0.8519999980926514 -0.12000000476837158 2.9000000953674316
0.5520000457763672 -1.0499999523162842 2.5759999752044678
-0.0419999361038208 -0.5220000147819519 2.75
0.11399996280670166 -0.1979999542236328 2.630000114440918
1.0499999523162842 -0.49800002574920654 2.684000015258789
0.1260000467300415 -0.17400002479553223 2.6540000438690186
1.0260000228881836 -0.34800004959106445 2.75
0.7260000705718994 -0.8700000047683716 2.4079999923706055
0.9360001087188721 -0.7979999780654907 2.552000045776367
-0.03600001335144043 -0.6119999885559082 2.7260000705718994
0.3539999723434448 -1.0499999523162842 2.630000114440918
0.060000061988830566 -0.8700000047683716 2.7680001258850098
0.1380000114440918 -0.1979999542236328 3.0260000228881836
0.19200003147125244 -0.9959999918937683 2.7320001125335693
0.029999971389770508 -0.34800004959106445 3.002000093460083
0.8519999980926514 -0.8999999761581421 2.5460000038146973
1.0320000648498535 -0.6240000128746033 2.630000114440918
0.0 -0.3960000276565552 2.9660000801086426
0.8280000686645508 -0.10800004005432129 2.930000066757202
0.8280000686645508 -0.12000000476837158 2.9660000801086426
0.6540000438690186 -1.0320000648498535 2.5759999752044678
0.18599998950958252 -0.12000000476837158 2.9539999961853027
0.75 -0.07799994945526123 2.9839999675750732
0.9000000953674316 -0.8700000047683716 2.5759999752044678
0.7019999027252197 -0.906000018119812 2.4260001182556152
0.5339999198913574 -1.0499999523162842 2.569999933242798
0.9060001373291016 -0.16199994087219238 2.875999927520752
0.04200005531311035 -0.8460000157356262 2.7799999713897705
0.9600000381469727 -0.22200000286102295 2.8519999980926514
-0.0419999361038208 -0.4739999771118164 2.803999900817871
-0.0419999361038208 -0.49800002574920654 2.75
0.7320001125335693 -0.07799994945526123 3.008000135421753
0.8039999008178711 -0.8219999670982361 2.4200000762939453
0.5759999752044678 -1.0499999523162842 2.5759999752044678
0.8819999694824219 -0.6480000019073486 2.4019999504089355
-0.0419999361038208 -0.4739999771118164 2.7799999713897705
0.75 -0.06599998474121094 2.9539999961853027
0.029999971389770508 -0.26399993896484375 2.7799999713897705
0.03600001335144043 -0.2580000162124634 2.75
-0.023999929428100586 -0.6959999799728394 2.75
0.13199996948242188 -0.9480000138282776 2.7260000705718994
0.04200005531311035 -0.25199997425079346 2.7320001125335693
0.7799999713897705 -0.8219999670982361 2.4019999504089355
-0.0419999361038208 -0.5460000038146973 2.7260000705718994
0.4200000762939453 -1.0679999589920044 2.630000114440918
-0.0419999361038208 -0.5579999685287476 2.7260000705718994
-0.029999971389770508 -0.4440000057220459 2.9000000953674316
0.9179999828338623 -0.8460000157356262 2.569999933242798
0.9000000953674316 -0.1499999761581421 2.8519999980926514
-0.0419999361038208 -0.5220000147819519 2.7260000705718994
0.7620000839233398 -0.9240000247955322 2.4800000190734863
0.7379999160766602 -0.054000020027160645 2.936000108718872
0.8039999008178711 -0.9480000138282776 2.552000045776367
0.9240000247955322 -0.7440000176429749 2.4860000610351562
1.0380001068115234 -0.5999999642372131 2.630000114440918
0.0 -0.7739999890327454 2.803999900817871
0.3059999942779541 -1.0440000295639038 2.6540000438690186
0.0 -0.7739999890327454 2.7980000972747803
1.055999994277954 -0.6299999952316284 2.7200000286102295
0.5699999332427979 -1.0499999523162842 2.569999933242798
0.26999998092651367 -1.0199999809265137 2.630000114440918
0.9660000801086426 -0.22800004482269287 2.864000082015991
0.8940000534057617 -0.6959999799728394 2.4260001182556152
0.156000018119812 -0.972000002861023 2.7260000705718994
1.055999994277954 -0.48000001907348633 2.7019999027252197
0.0 -0.3960000276565552 2.9779999256134033
0.7079999446868896 -0.8880000114440918 2.4079999923706055
0.156000018119812 -0.17400002479553223 3.0260000228881836
0.1679999828338623 -0.1499999761581421 3.002000093460083
0.024000048637390137 -0.8219999670982361 2.7739999294281006
0.9000000953674316 -0.156000018119812 2.9000000953674316
0.054000020027160645 -0.8700000047683716 2.7799999713897705
-0.029999971389770508 -0.671999990940094 2.7260000705718994
0.10199999809265137 -0.20399999618530273 2.630000114440918
1.055999994277954 -0.4739999771118164 2.7019999027252197
1.0439999103546143 -0.6240000128746033 2.6540000438690186
-0.023999929428100586 -0.6959999799728394 2.7260000705718994
0.9119999408721924 -0.156000018119812 2.7980000972747803
0.9660000801086426 -0.22200000286102295 2.8340001106262207
0.8640000820159912 -0.12000000476837158 2.888000011444092
0.37800002098083496 -1.062000036239624 2.630000114440918
1.055999994277954 -0.5399999618530273 2.677999973297119
0.7920000553131104 -0.9480000138282776 2.5339999198913574
0.19200003147125244 -0.09599995613098145 2.9060001373291016
0.9060001373291016 -0.1499999761581421 2.828000068664551
0.75 -0.059999942779541016 2.947999954223633
0.3359999656677246 -1.0499999523162842 2.630000114440918
1.055999994277954 -0.5220000147819519 2.677999973297119
-0.03600001335144043 -0.6240000128746033 2.7019999027252197
1.055999994277954 -0.6240000128746033 2.7019999027252197
0.9000000953674316 -0.5759999752044678 2.4019999504089355
0.9839999675750732 -0.24599993228912354 2.809999942779541
0.07800006866455078 -0.8999999761581421 2.75
-0.03600001335144043 -0.437999963760376 2.875999927520752
-0.0419999361038208 -0.4440000057220459 2.803999900817871
-0.0419999361038208 -0.5460000038146973 2.7019999027252197
1.0139999389648438 -0.2999999523162842 2.7799999713897705
1.0380001068115234 -0.37199997901916504 2.7260000705718994
0.6059999465942383 -1.0499999523162842 2.5759999752044678
-0.029999971389770508 -0.6899999976158142 2.75
0.9839999675750732 -0.24599993228912354 2.828000068664551
0.9300000667572021 -0.75 2.492000102996826
-0.023999929428100586 -0.41999995708465576 2.9240000247955322
0.03600001335144043 -0.2999999523162842 2.9779999256134033
0.7560000419616699 -0.07200002670288086 2.9779999256134033
-0.0419999361038208 -0.5699999928474426 2.7019999027252197
-0.0419999361038208 -0.4440000057220459 2.828000068664551
0.054000020027160645 -0.23399996757507324 2.7019999027252197
0.8640000820159912 -0.9179999828338623 2.5759999752044678
0.10199999809265137 -0.20399999618530273 2.624000072479248
0.5759999752044678 -1.0499999523162842 2.564000129699707
0.875999927520752 -0.5699999928474426 2.378000020980835
-0.023999929428100586 -0.7199999690055847 2.7799999713897705
-0.023999929428100586 -0.7139999866485596 2.75
0.5759999752044678 -1.055999994277954 2.5759999752044678
0.875999927520752 -0.5820000171661377 2.378000020980835
0.75 -0.9120000004768372 2.450000047683716
-0.0419999361038208 -0.5879999995231628 2.7019999027252197
-0.023999929428100586 -0.41999995708465576 2.930000066757202
0.1499999761581421 -0.23399996757507324 3.1040000915527344
0.9119999408721924 -0.7199999690055847 2.450000047683716
0.1499999761581421 -0.17400002479553223 3.0260000228881836
0.20399999618530273 -0.09000003337860107 2.930000066757202
0.7320001125335693 -0.8999999761581421 2.4260001182556152
0.12000000476837158 -0.1679999828338623 2.6540000438690186
0.690000057220459 -1.0199999809265137 2.558000087738037
1.0320000648498535 -0.6240000128746033 2.6059999465942383
0.7799999713897705 -0.972000002861023 2.552000045776367
0.07800006866455078 -0.21599996089935303 2.6540000438690186
0.7680001258850098 -0.8460000157356262 2.4019999504089355
0.9300000667572021 -0.8460000157356262 2.5759999752044678
0.7439999580383301 -0.9179999828338623 2.450000047683716
0.7560000419616699 -0.07799994945526123 3.002000093460083
0.018000006675720215 -0.8219999670982361 2.7799999713897705
1.002000093460083 -0.26999998092651367 2.7799999713897705
0.9060001373291016 -0.1499999761581421 2.875999927520752
1.055999994277954 -0.5460000038146973 2.6600000858306885
0.029999971389770508 -0.3240000009536743 3.002000093460083
1.055999994277954 -0.4440000057220459 2.7019999027252197
-0.03600001335144043 -0.6480000019073486 2.7019999027252197
-0.006000041961669922 -0.3960000276565552 2.9779999256134033
0.7260000705718994 -0.906000018119812 2.4260001182556152
-0.03600001335144043 -0.41999995708465576 2.875999927520752
0.9060001373291016 -0.8700000047683716 2.564000129699707
-0.023999929428100586 -0.7139999866485596 2.7260000705718994
-0.04799997806549072 -0.4739999771118164 2.75
0.060000061988830566 -0.22800004482269287 2.677999973297119
0.875999927520752 -0.8999999761581421 2.558000087738037
0.5520000457763672 -1.062000036239624 2.5759999752044678
0.7799999713897705 -0.07200002670288086 2.9539999961853027
0.7920000553131104 -0.07200002670288086 2.930000066757202
-0.029999971389770508 -0.6959999799728394 2.7260000705718994
-0.04799997806549072 -0.4919999837875366 2.7260000705718994
0.8880000114440918 -0.671999990940094 2.4019999504089355
1.0499999523162842 -0.5699999928474426 2.635999917984009
-0.018000006675720215 -0.75 2.803999900817871
0.1260000467300415 -0.1679999828338623 2.630000114440918
0.0 -0.7919999957084656 2.803999900817871
0.18000006675720215 -0.12000000476837158 2.9779999256134033
0.0 -0.37199997901916504 2.9779999256134033
-0.054000020027160645 -0.527999997138977 2.75600004196167
0.011999964714050293 -0.2940000295639038 2.9000000953674316
0.7439999580383301 -0.9959999918937683 2.552000045776367
0.9360001087188721 -0.7680000066757202 2.503999948501587
0.6059999465942383 -1.0499999523162842 2.564000129699707
1.0380001068115234 -0.5999999642372131 2.6059999465942383
0.8039999008178711 -0.9480000138282776 2.5339999198913574
1.055999994277954 -0.5640000104904175 2.6540000438690186
-0.0419999361038208 -0.5699999928474426 2.677999973297119
-0.0419999361038208 -0.41999995708465576 2.828000068664551
-0.0419999361038208 -0.6480000019073486 2.7260000705718994
-0.03600001335144043 -0.6959999799728394 2.7799999713897705
0.6059999465942383 -1.055999994277954 2.5759999752044678
-0.054000020027160645 -0.515999972820282 2.75600004196167
0.054000020027160645 -0.8819999694824219 2.7799999713897705
0.4500000476837158 -1.0740000009536743 2.6059999465942383
0.5339999198913574 -1.062000036239624 2.569999933242798
1.055999994277954 -0.4140000343322754 2.7260000705718994
-0.03600001335144043 -0.4679999351501465 2.936000108718872
0.18000006675720215 -0.9959999918937683 2.7019999027252197
-0.029999971389770508 -0.7020000219345093 2.7260000705718994
0.024000048637390137 -0.2580000162124634 2.75
0.029999971389770508 -0.8460000157356262 2.76200008392334
-0.04799997806549072 -0.5220000147819519 2.7019999027252197
-0.04799997806549072 -0.4440000057220459 2.7799999713897705
1.055999994277954 -0.6299999952316284 2.671999931335449
-0.03600001335144043 -0.7020000219345093 2.7920000553131104
-0.04799997806549072 -0.4739999771118164 2.7260000705718994
0.06599998474121094 -0.23399996757507324 2.635999917984009
-0.023999929428100586 -0.7260000109672546 2.7320001125335693
0.9060001373291016 -0.1499999761581421 2.9000000953674316
0.809999942779541 -0.8460000157356262 2.4260001182556152
-0.0419999361038208 -0.41999995708465576 2.8519999980926514
0.024000048637390137 -0.2999999523162842 2.9660000801086426
0.4739999771118164 -1.0679999589920044 2.5820000171661377
0.20399999618530273 -1.0139999389648438 2.7019999027252197
0.9000000953674316 -0.7139999866485596 2.4260001182556152
0.12000000476837158 -0.1679999828338623 2.635999917984009
0.060000061988830566 -0.22200000286102295 2.677999973297119
-0.0419999361038208 -0.5999999642372131 2.677999973297119
0.75 -0.9959999918937683 2.552000045776367
0.0 -0.7979999780654907 2.7920000553131104
0.9119999408721924 -0.5699999928474426 2.4019999504089355
0.8039999008178711 -0.9300000071525574 2.503999948501587
0.8159999847412109 -0.8700000047683716 2.450000047683716
0.7980000972747803 -0.9599999785423279 2.5399999618530273
-0.04799997806549072 -0.49800002574920654 2.7019999027252197
-0.04799997806549072 -0.4440000057220459 2.8519999980926514
0.75 -0.8700000047683716 2.4019999504089355
0.16200006008148193 -0.9900000095367432 2.7260000705718994
-0.03600001335144043 -0.671999990940094 2.7019999027252197
-0.03600001335144043 -0.6480000019073486 2.677999973297119
0.5039999485015869 -1.0679999589920044 2.5759999752044678
0.7799999713897705 -0.8460000157356262 2.4019999504089355
0.04200005531311035 -0.8700000047683716 2.7799999713897705
0.9779999256134033 -0.22200000286102295 2.828000068664551
-0.04799997806549072 -0.4739999771118164 2.7139999866485596
0.17400002479553223 -0.12000000476837158 2.9779999256134033
-0.04799997806549072 -0.4440000057220459 2.75
1.0320000648498535 -0.3240000009536743 2.75
-0.029999971389770508 -0.7199999690055847 2.75
-0.023999929428100586 -0.7379999756813049 2.75
1.055999994277954 -0.6119999885559082 2.6540000438690186
1.002000093460083 -0.2580000162124634 2.803999900817871
0.48600006103515625 -1.0679999589920044 2.5759999752044678
0.4259999990463257 -1.0740000009536743 2.6059999465942383
0.1380000114440918 -0.11399996280670166 2.809999942779541
-0.023999929428100586 -0.3960000276565552 2.936000108718872
0.8880000114440918 -0.6899999976158142 2.4019999504089355
0.5399999618530273 -1.0679999589920044 2.5759999752044678
0.17400002479553223 -0.10800004005432129 2.947999954223633
0.75 -0.906000018119812 2.432000160217285
0.9360001087188721 -0.5820000171661377 2.4260001182556152
0.9300000667572021 -0.8579999804496765 2.5759999752044678
0.7379999160766602 -0.8880000114440918 2.4079999923706055
1.062000036239624 -0.6179999709129333 2.677999973297119
0.75 -0.8999999761581421 2.4260001182556152
0.18000006675720215 -0.9959999918937683 2.684000015258789
0.8819999694824219 -0.5759999752044678 2.371999979019165
0.5820000171661377 -1.062000036239624 2.569999933242798
0.19200003147125244 -1.0139999389648438 2.7260000705718994
0.9419999122619629 -0.7979999780654907 2.5280001163482666
0.30000007152557373 -1.0499999523162842 2.635999917984009
-0.04799997806549072 -0.5220000147819519 2.684000015258789
-0.03600001335144043 -0.40799999237060547 2.9000000953674316
0.029999971389770508 -0.24599993228912354 2.7260000705718994
-0.029999971389770508 -0.40799999237060547 2.930000066757202
0.22800004482269287 -1.0199999809265137 2.6540000438690186
1.055999994277954 -0.3960000276565552 2.7260000705718994
0.10199999809265137 -0.1979999542236328 2.6059999465942383
-0.054000020027160645 -0.4739999771118164 2.864000082015991
-0.054000020027160645 -0.5879999995231628 2.7200000286102295
-0.04799997806549072 -0.4440000057220459 2.7320001125335693
0.006000041961669922 -0.2760000228881836 2.7980000972747803
0.024000048637390137 -0.2999999523162842 2.9779999256134033
0.8039999008178711 -0.07200002670288086 2.930000066757202
0.21599996089935303 -1.0199999809265137 2.677999973297119
0.5699999332427979 -1.055999994277954 2.552000045776367
0.16200006008148193 -0.1499999761581421 3.0260000228881836
0.8280000686645508 -0.07799994945526123 2.888000011444092
0.18000006675720215 -1.0019999742507935 2.7019999027252197
-0.04799997806549072 -0.5460000038146973 2.677999973297119
-0.04799997806549072 -0.41999995708465576 2.803999900817871
0.18000006675720215 -0.09599995613098145 2.930000066757202
0.8399999141693115 -0.09599995613098145 2.930000066757202
-0.023999929428100586 -0.75 2.7799999713897705
0.7079999446868896 -1.0199999809265137 2.552000045776367
0.7620000839233398 -0.07200002670288086 3.002000093460083
0.8459999561309814 -0.9179999828338623 2.5280001163482666
0.8580000400543213 -0.9240000247955322 2.552000045776367
-0.04799997806549072 -0.41999995708465576 2.7799999713897705
0.24000000953674316 -1.0199999809265137 2.630000114440918
0.4500000476837158 -1.0799999237060547 2.6059999465942383
1.0320000648498535 -0.6060000061988831 2.5759999752044678
-0.029999971389770508 -0.7379999756813049 2.7860000133514404
0.0 -0.2879999876022339 2.8519999980926514
-0.04799997806549072 -0.41999995708465576 2.76200008392334
-0.03600001335144043 -0.6899999976158142 2.7019999027252197
-0.04799997806549072 -0.4859999418258667 2.684000015258789
0.9300000667572021 -0.5759999752044678 2.4140000343322754
-0.0419999361038208 -0.3960000276565552 2.8519999980926514
0.8519999980926514 -0.9240000247955322 2.5399999618530273
0.8880000114440918 -0.12000000476837158 2.875999927520752
-0.023999929428100586 -0.7559999823570251 2.7860000133514404
0.0 -0.34800004959106445 2.9779999256134033
0.7560000419616699 -0.9959999918937683 2.5460000038146973
0.4020000696182251 -1.0740000009536743 2.6059999465942383
0.0 -0.2940000295639038 2.881999969482422
0.875999927520752 -0.11399996280670166 2.9000000953674316
-0.03600001335144043 -0.671999990940094 2.677999973297119
0.8940000534057617 -0.6240000128746033 2.384000062942505
-0.029999971389770508 -0.3960000276565552 2.930000066757202
0.8459999561309814 -0.09000003337860107 2.9000000953674316
0.22200000286102295 -1.0199999809265137 2.6540000438690186
-0.023999929428100586 -0.3960000276565552 2.9539999961853027
-0.029999971389770508 -0.7139999866485596 2.7019999027252197
0.6059999465942383 -1.062000036239624 2.569999933242798
1.0260000228881836 -0.2940000295639038 2.7799999713897705
0.0 -0.28199994564056396 2.828000068664551
0.8039999008178711 -0.9240000247955322 2.4860000610351562
0.25199997425079346 -1.0199999809265137 2.6059999465942383
0.04799997806549072 -0.22800004482269287 2.677999973297119
0.006000041961669922 -0.26999998092651367 2.7799999713897705
-0.018000006675720215 -0.7739999890327454 2.803999900817871
0.08399999141693115 -0.20399999618530273 2.624000072479248
0.9539999961853027 -0.8219999670982361 2.564000129699707
1.068000078201294 -0.4739999771118164 2.684000015258789
0.9179999828338623 -0.7440000176429749 2.450000047683716
1.068000078201294 -0.5220000147819519 2.6660001277923584
0.809999942779541 -0.9599999785423279 2.5399999618530273
0.24600005149841309 -1.0199999809265137 2.611999988555908
-0.029999971389770508 -0.7379999756813049 2.75
0.8039999008178711 -0.972000002861023 2.552000045776367
0.4259999990463257 -1.0799999237060547 2.6059999465942383
0.1380000114440918 -0.18599998950958252 3.055999994277954
0.9479999542236328 -0.8219999670982361 2.552000045776367
0.7920000553131104 -0.054000020027160645 2.9060001373291016
1.002000093460083 -0.24599993228912354 2.803999900817871
0.8459999561309814 -0.9480000138282776 2.564000129699707
0.7799999713897705 -0.9120000004768372 2.450000047683716
-0.029999971389770508 -0.7319999933242798 2.7260000705718994
0.024000048637390137 -0.24599993228912354 2.7260000705718994
-0.0419999361038208 -0.3960000276565552 2.875999927520752
0.22800004482269287 -1.0260000228881836 2.6540000438690186
0.07800006866455078 -0.9240000247955322 2.75
0.9000000953674316 -0.7139999866485596 2.4140000343322754
0.17400002479553223 -0.10199999809265137 2.9539999961853027
0.7860000133514404 -0.8460000157356262 2.3959999084472656
-0.054000020027160645 -0.4259999990463257 2.822000026702881
0.37800002098083496 -1.0799999237060547 2.630000114440918
0.0 -0.2760000228881836 2.803999900817871
0.9240000247955322 -0.14399993419647217 2.809999942779541
-0.029999971389770508 -0.7260000109672546 2.7079999446868896
0.8039999008178711 -0.8460000157356262 2.4079999923706055
0.10199999809265137 -0.9480000138282776 2.7320001125335693
-0.0419999361038208 -0.6240000128746033 2.6540000438690186
0.8940000534057617 -0.12000000476837158 2.870000123977661
-0.04799997806549072 -0.6240000128746033 2.677999973297119
0.9300000667572021 -0.7739999890327454 2.4800000190734863
0.3539999723434448 -1.0740000009536743 2.630000114440918
1.0380001068115234 -0.5999999642372131 2.5759999752044678
0.07800006866455078 -0.20399999618530273 2.630000114440918
-0.04799997806549072 -0.5460000038146973 2.6540000438690186
0.07800006866455078 -0.9240000247955322 2.73799991607666
-0.04799997806549072 -0.3960000276565552 2.803999900817871
0.3840000629425049 -1.0740000009536743 2.6059999465942383
0.18000006675720215 -0.09599995613098145 2.9539999961853027
0.9600000381469727 -0.828000009059906 2.5759999752044678
0.8280000686645508 -0.9419999718666077 2.5280001163482666
1.0260000228881836 -0.6119999885559082 2.552000045776367
-0.018000006675720215 -0.7799999713897705 2.828000068664551
0.9000000953674316 -0.5699999928474426 2.378000020980835
0.9360001087188721 -0.156000018119812 2.828000068664551
-0.04799997806549072 -0.5699999928474426 2.6540000438690186
-0.04799997806549072 -0.3960000276565552 2.7799999713897705
0.17400002479553223 -0.09599995613098145 2.941999912261963
1.055999994277954 -0.37199997901916504 2.7260000705718994
0.8880000114440918 -0.6480000019073486 2.378000020980835
0.7260000705718994 -1.0199999809265137 2.552000045776367
-0.006000041961669922 -0.2940000295639038 2.875999927520752
0.1260000467300415 -0.972000002861023 2.7260000705718994
-0.023999929428100586 -0.7680000066757202 2.828000068664551
-0.006000041961669922 -0.2879999876022339 2.8519999980926514
-0.04799997806549072 -0.3960000276565552 2.7680001258850098
-0.0419999361038208 -0.6359999775886536 2.6540000438690186
-0.011999964714050293 -0.7919999957084656 2.8519999980926514
1.062000036239624 -0.3960000276565552 2.7139999866485596
1.062000036239624 -0.5699999928474426 2.630000114440918
-0.029999971389770508 -0.7559999823570251 2.803999900817871
-0.04799997806549072 -0.5460000038146973 2.6480000019073486
-0.054000020027160645 -0.5040000081062317 2.677999973297119
-0.054000020027160645 -0.437999963760376 2.7260000705718994
1.0499999523162842 -0.34800004959106445 2.7320001125335693
0.4020000696182251 -1.0799999237060547 2.6059999465942383
-0.029999971389770508 -0.7559999823570251 2.7860000133514404
0.054000020027160645 -0.8999999761581421 2.75
0.8280000686645508 -0.9120000004768372 2.4860000610351562
0.2820000648498535 -1.0499999523162842 2.630000114440918
-0.054000020027160645 -0.49800002574920654 2.677999973297119
1.0740001201629639 -0.49800002574920654 2.677999973297119
-0.0419999361038208 -0.3960000276565552 2.9000000953674316
1.068000078201294 -0.41999995708465576 2.7079999446868896
-0.03600001335144043 -0.6959999799728394 2.677999973297119
0.6480000019073486 -1.0499999523162842 2.552000045776367
0.16200006008148193 -0.9959999918937683 2.690000057220459
-0.04799997806549072 -0.5999999642372131 2.6540000438690186
-0.029999971389770508 -0.7260000109672546 2.690000057220459
0.1260000467300415 -0.972000002861023 2.7139999866485596
0.8640000820159912 -0.09599995613098145 2.9000000953674316
0.8940000534057617 -0.7139999866485596 2.4019999504089355
0.8519999980926514 -0.9300000071525574 2.5339999198913574
-0.03600001335144043 -0.37199997901916504 2.9000000953674316
0.029999971389770508 -0.8700000047683716 2.75600004196167
0.7260000705718994 -1.0199999809265137 2.5460000038146973
0.17400002479553223 -0.09599995613098145 2.9539999961853027
-0.023999929428100586 -0.37199997901916504 2.9539999961853027
0.36000001430511475 -1.0740000009536743 2.611999988555908
0.029999971389770508 -0.23399996757507324 2.7019999027252197
1.008000135421753 -0.24599993228912354 2.7920000553131104
0.156000018119812 -0.9959999918937683 2.7019999027252197
-0.03600001335144043 -0.41999995708465576 2.9600000381469727
-0.054000020027160645 -0.4140000343322754 2.75
0.0 -0.34800004959106445 3.002000093460083
0.9300000667572021 -0.5699999928474426 2.4019999504089355
0.9000000953674316 -0.12000000476837158 2.875999927520752
0.7799999713897705 -0.9959999918937683 2.552000045776367
-0.054000020027160645 -0.4440000057220459 2.7019999027252197
1.0320000648498535 -0.5999999642372131 2.552000045776367
0.011999964714050293 -0.8460000157356262 2.7739999294281006
-0.054000020027160645 -0.5339999794960022 2.6600000858306885
0.07200002670288086 -0.9240000247955322 2.73799991607666
-0.054000020027160645 -0.4739999771118164 2.677999973297119
0.10800004005432129 -0.17400002479553223 2.6059999465942383
-0.006000041961669922 -0.2760000228881836 2.809999942779541
-0.029999971389770508 -0.37199997901916504 2.936000108718872
0.054000020027160645 -0.21599996089935303 2.6540000438690186
-0.018000006675720215 -0.37199997901916504 2.9779999256134033
0.34200000762939453 -1.0740000009536743 2.624000072479248
0.37800002098083496 -1.0799999237060547 2.611999988555908
0.7799999713897705 -0.8700000047683716 2.4019999504089355
0.011999964714050293 -0.25199997425079346 2.7320001125335693
0.0 -0.2999999523162842 2.941999912261963
0.1380000114440918 -0.19200003147125244 3.0799999237060547
0.8880000114440918 -0.6480000019073486 2.371999979019165
0.6600000858306885 -1.0499999523162842 2.552000045776367
-0.054000020027160645 -0.41999995708465576 2.7260000705718994
0.9300000667572021 -0.7799999713897705 2.4739999771118164
0.9419999122619629 -0.7979999780654907 2.503999948501587
-0.04799997806549072 -0.37800002098083496 2.828000068664551
1.0740001201629639 -0.4440000057220459 2.696000099182129
0.8880000114440918 -0.671999990940094 2.378000020980835
-0.03600001335144043 -0.7080000042915344 2.677999973297119
0.1380000114440918 -0.17400002479553223 3.055999994277954
0.9240000247955322 -0.7739999890327454 2.4619998931884766
0.7799999713897705 -0.906000018119812 2.432000160217285
0.9479999542236328 -0.8159999847412109 2.5280001163482666
0.7680001258850098 -0.8819999694824219 2.4019999504089355
0.7799999713897705 -0.8999999761581421 2.4260001182556152
-0.054000020027160645 -0.5220000147819519 2.6540000438690186
0.9960000514984131 -0.22200000286102295 2.803999900817871
0.9960000514984131 -0.22200000286102295 2.7980000972747803
0.33000004291534424 -1.0740000009536743 2.630000114440918
0.8159999847412109 -0.8700000047683716 2.4260001182556152
-0.054000020027160645 -0.3960000276565552 2.8340001106262207
1.0799999237060547 -0.515999972820282 2.677999973297119
-0.04799997806549072 -0.37199997901916504 2.809999942779541
0.9479999542236328 -0.8399999737739563 2.552000045776367
0.08399999141693115 -0.1979999542236328 2.6059999465942383
-0.04799997806549072 -0.5640000104904175 2.630000114440918
0.8519999980926514 -0.09599995613098145 2.9539999961853027
0.0 -0.3059999942779541 2.9600000381469727
-0.04799997806549072 -0.37199997901916504 2.828000068664551
-0.011999964714050293 -0.2999999523162842 2.9000000953674316
-0.0419999361038208 -0.3659999370574951 2.875999927520752
0.17400002479553223 -1.0139999389648438 2.7019999027252197
-0.059999942779541016 -0.4140000343322754 2.803999900817871
0.9300000667572021 -0.1499999761581421 2.9000000953674316
-0.059999942779541016 -0.4140000343322754 2.7860000133514404
0.6480000019073486 -1.055999994277954 2.552000045776367
-0.011999964714050293 -0.28199994564056396 2.828000068664551
-0.054000020027160645 -0.49800002574920654 2.6540000438690186
1.0260000228881836 -0.26999998092651367 2.7799999713897705
-0.0419999361038208 -0.671999990940094 2.6540000438690186
1.0799999237060547 -0.49800002574920654 2.677999973297119
0.6600000858306885 -1.0499999523162842 2.5460000038146973
-0.054000020027160645 -0.3960000276565552 2.75
0.9360001087188721 -0.14399993419647217 2.828000068664551
0.9000000953674316 -0.6480000019073486 2.378000020980835
0.9360001087188721 -0.7860000133514404 2.4800000190734863
-0.029999971389770508 -0.7739999890327454 2.828000068664551
0.7799999713897705 -0.8700000047683716 2.3959999084472656
0.8340001106262207 -0.9539999961853027 2.5339999198913574
0.9060001373291016 -0.6240000128746033 2.378000020980835
1.0799999237060547 -0.4739999771118164 2.684000015258789
1.0499999523162842 -0.3240000009536743 2.74399995803833
1.0799999237060547 -0.5220000147819519 2.6660001277923584
1.0799999237060547 -0.4500000476837158 2.7019999027252197
0.10199999809265137 -0.1799999475479126 2.5940001010894775
-0.04799997806549072 -0.5999999642372131 2.630000114440918
0.006000041961669922 -0.8460000157356262 2.7799999713897705
0.18599998950958252 -1.0260000228881836 2.7079999446868896
-0.006000041961669922 -0.34800004959106445 3.002000093460083
0.7739999294281006 -0.8759999871253967 2.3959999084472656
1.0320000648498535 -0.5999999642372131 2.5399999618530273
0.0 -0.312000036239624 2.9779999256134033
1.055999994277954 -0.3359999656677246 2.75
0.7799999713897705 -0.054000020027160645 2.9779999256134033
0.8519999980926514 -0.07200002670288086 2.864000082015991
-0.0419999361038208 -0.6480000019073486 2.630000114440918
0.1260000467300415 -0.9839999675750732 2.7260000705718994
-0.011999964714050293 -0.8159999847412109 2.7920000553131104
0.2760000228881836 -1.0499999523162842 2.611999988555908
0.060000061988830566 -0.21000003814697266 2.630000114440918
0.14400005340576172 -0.9959999918937683 2.7079999446868896
0.9660000801086426 -0.8519999980926514 2.5940001010894775
0.875999927520752 -0.09599995613098145 2.9000000953674316
0.8039999008178711 -0.9120000004768372 2.450000047683716
1.0799999237060547 -0.4440000057220459 2.7019999027252197
0.20399999618530273 -1.0320000648498535 2.677999973297119
0.6779999732971191 -1.0499999523162842 2.552000045776367
0.75 -1.0199999809265137 2.552000045776367
-0.054000020027160645 -0.4739999771118164 2.6540000438690186
0.9119999408721924 -0.5999999642372131 2.378000020980835
-0.04799997806549072 -0.6119999885559082 2.630000114440918
0.9119999408721924 -0.75 2.4260001182556152
0.6600000858306885 -1.055999994277954 2.552000045776367
0.3539999723434448 -1.0859999656677246 2.630000114440918
0.8580000400543213 -0.9480000138282776 2.552000045776367
0.3539999723434448 -1.0799999237060547 2.611999988555908
-0.029999971389770508 -0.3659999370574951 2.9539999961853027
-0.054000020027160645 -0.3960000276565552 2.7260000705718994
1.062000036239624 -0.5999999642372131 2.6059999465942383
0.8880000114440918 -0.6959999799728394 2.378000020980835
1.002000093460083 -0.22200000286102295 2.803999900817871
0.1380000114440918 -0.1499999761581421 3.0320000648498535
1.0799999237060547 -0.5460000038146973 2.6540000438690186
1.055999994277954 -0.5999999642372131 2.5880000591278076
1.0740001201629639 -0.6060000061988831 2.6419999599456787
-0.059999942779541016 -0.3960000276565552 2.7799999713897705
0.8220000267028809 -0.8999999761581421 2.450000047683716
-0.06599998474121094 -0.4679999351501465 2.7019999027252197
-0.04799997806549072 -0.36000001430511475 2.8519999980926514
-0.054000020027160645 -0.5399999618530273 2.630000114440918
0.0 -0.3240000009536743 3.002000093460083
-0.023999929428100586 -0.7979999780654907 2.803999900817871
-0.011999964714050293 -0.26999998092651367 2.803999900817871
1.068000078201294 -0.37199997901916504 2.7200000286102295
0.6779999732971191 -1.0499999523162842 2.5460000038146973
-0.023999929428100586 -0.7979999780654907 2.7920000553131104
-0.054000020027160645 -0.5220000147819519 2.630000114440918
-0.0419999361038208 -0.34800004959106445 2.875999927520752
0.024000048637390137 -0.8819999694824219 2.803999900817871
-0.029999971389770508 -0.34200000762939453 2.930000066757202
0.18000006675720215 -1.0199999809265137 2.677999973297119
0.9539999961853027 -0.8219999670982361 2.5280001163482666
0.8640000820159912 -0.07799994945526123 2.875999927520752
0.1679999828338623 -0.09599995613098145 2.9779999256134033
0.8340001106262207 -0.972000002861023 2.552000045776367
0.8039999008178711 -0.906000018119812 2.437999963760376
1.062000036239624 -0.34800004959106445 2.7260000705718994
0.9300000667572021 -0.13199996948242188 2.8519999980926514
1.055999994277954 -0.3240000009536743 2.75
-0.023999929428100586 -0.34800004959106445 2.9660000801086426
0.9539999961853027 -0.8460000157356262 2.552000045776367
-0.054000020027160645 -0.6119999885559082 2.635999917984009
0.6660001277923584 -1.055999994277954 2.5460000038146973
1.055999994277954 -0.3240000009536743 2.74399995803833
-0.054000020027160645 -0.3659999370574951 2.7799999713897705
-0.04799997806549072 -0.5699999928474426 2.6059999465942383
-0.04799997806549072 -0.34800004959106445 2.828000068664551
-0.04799997806549072 -0.5999999642372131 2.611999988555908
0.1499999761581421 -0.09599995613098145 2.941999912261963
0.156000018119812 -0.11399996280670166 3.002000093460083
-0.059999942779541016 -0.4440000057220459 2.677999973297119
-0.059999942779541016 -0.41999995708465576 2.7019999027252197
0.029999971389770508 -0.22200000286102295 2.677999973297119
-0.054000020027160645 -0.37199997901916504 2.75
1.0740001201629639 -0.5999999642372131 2.630000114440918
0.7799999713897705 -0.8880000114440918 2.4019999504089355
0.8880000114440918 -0.09599995613098145 2.881999969482422
-0.0419999361038208 -0.7020000219345093 2.6540000438690186
1.002000093460083 -0.21599996089935303 2.828000068664551
0.7560000419616699 -1.0199999809265137 2.5460000038146973
0.6779999732971191 -1.055999994277954 2.552000045776367
-0.029999971389770508 -0.7860000133514404 2.8580000400543213
0.8039999008178711 -0.9959999918937683 2.552000045776367
-0.011999964714050293 -0.26399993896484375 2.7799999713897705
-0.054000020027160645 -0.36000001430511475 2.803999900817871
-0.054000020027160645 -0.37199997901916504 2.870000123977661
0.11399996280670166 -0.1499999761581421 2.6059999465942383
0.8700001239776611 -0.09599995613098145 2.947999954223633
-0.04799997806549072 -0.34800004959106445 2.8519999980926514
0.1380000114440918 -0.17400002479553223 3.0799999237060547
0.8039999008178711 -0.8700000047683716 2.4019999504089355
0.30000007152557373 -1.0740000009536743 2.630000114440918
-0.029999971389770508 -0.34800004959106445 2.9539999961853027
0.24600005149841309 -1.0379999876022339 2.5999999046325684
0.07800006866455078 -0.9480000138282776 2.7320001125335693
0.9479999542236328 -0.14399993419647217 2.803999900817871
1.0799999237060547 -0.5699999928474426 2.635999917984009
0.054000020027160645 -0.9240000247955322 2.75
1.0859999656677246 -0.4440000057220459 2.696000099182129
0.8940000534057617 -0.9240000247955322 2.552000045776367
0.10199999809265137 -0.972000002861023 2.7260000705718994
0.33000004291534424 -1.0859999656677246 2.630000114440918
0.14400005340576172 -0.1499999761581421 3.055999994277954
0.9119999408721924 -0.5759999752044678 2.366000175476074
0.7019999027252197 -1.0499999523162842 2.552000045776367
-0.023999929428100586 -0.3059999942779541 2.9119999408721924
1.0499999523162842 -0.2999999523162842 2.75600004196167
0.8039999008178711 -0.8999999761581421 2.4260001182556152
-0.023999929428100586 -0.34800004959106445 2.9779999256134033
0.9479999542236328 -0.8159999847412109 2.503999948501587
-0.006000041961669922 -0.3240000009536743 3.002000093460083
0.9539999961853027 -0.5759999752044678 2.4079999923706055
0.6779999732971191 -1.055999994277954 2.5460000038146973
0.10199999809265137 -0.972000002861023 2.7200000286102295
0.7980000972747803 -0.9959999918937683 2.5399999618530273
0.9240000247955322 -0.12000000476837158 2.8519999980926514
0.011999964714050293 -0.8700000047683716 2.75600004196167
0.1380000114440918 -0.11399996280670166 2.9779999256134033
-0.0419999361038208 -0.34200000762939453 2.9000000953674316
0.7860000133514404 -0.8819999694824219 2.3959999084472656
-0.023999929428100586 -0.312000036239624 2.930000066757202
0.156000018119812 -0.12000000476837158 3.0260000228881836
1.0260000228881836 -0.24599993228912354 2.803999900817871
-0.006000041961669922 -0.25199997425079346 2.74399995803833
-0.04799997806549072 -0.6959999799728394 2.6540000438690186
1.0260000228881836 -0.24599993228912354 2.7920000553131104
0.1380000114440918 -0.10800004005432129 2.9660000801086426
-0.03600001335144043 -0.3240000009536743 2.9000000953674316
-0.04799997806549072 -0.6240000128746033 2.6059999465942383
-0.059999942779541016 -0.41999995708465576 2.677999973297119
0.10199999809265137 -0.17400002479553223 2.5759999752044678
0.24600005149841309 -1.0440000295639038 2.6059999465942383
0.8039999008178711 -0.8759999871253967 2.4019999504089355
0.2640000581741333 -1.062000036239624 2.630000114440918
1.0799999237060547 -0.38399994373321533 2.7260000705718994
0.8580000400543213 -0.9539999961853027 2.5399999618530273
0.054000020027160645 -0.20399999618530273 2.624000072479248
-0.054000020027160645 -0.34800004959106445 2.803999900817871
-0.054000020027160645 -0.5460000038146973 2.6059999465942383
0.7019999027252197 -1.0499999523162842 2.5460000038146973
-0.04799997806549072 -0.671999990940094 2.630000114440918
1.062000036239624 -0.6060000061988831 2.5820000171661377
-0.059999942779541016 -0.4440000057220459 2.6540000438690186
-0.059999942779541016 -0.3960000276565552 2.7019999027252197
-0.054000020027160645 -0.34800004959106445 2.7799999713897705
-0.054000020027160645 -0.5699999928474426 2.6059999465942383
1.0799999237060547 -0.5999999642372131 2.630000114440918
-0.059999942779541016 -0.4919999837875366 2.630000114440918
0.9300000667572021 -0.5640000104904175 2.378000020980835
0.054000020027160645 -0.9300000071525574 2.75
0.9000000953674316 -0.9240000247955322 2.552000045776367
1.002000093460083 -0.21000003814697266 2.864000082015991
0.8039999008178711 -0.9959999918937683 2.5399999618530273
0.029999971389770508 -0.8999999761581421 2.75
0.875999927520752 -0.9480000138282776 2.552000045776367
-0.04799997806549072 -0.6779999732971191 2.630000114440918
0.2580000162124634 -1.0499999523162842 2.5999999046325684
-0.0419999361038208 -0.3240000009536743 2.875999927520752
0.8940000534057617 -0.7199999690055847 2.378000020980835
0.9539999961853027 -0.5699999928474426 2.4019999504089355
-0.054000020027160645 -0.593999981880188 2.6059999465942383
-0.023999929428100586 -0.3179999589920044 2.9539999961853027
0.25199997425079346 -1.0499999523162842 2.6059999465942383
0.9060001373291016 -0.75 2.4019999504089355
0.029999971389770508 -0.8999999761581421 2.73799991607666
-0.054000020027160645 -0.7379999756813049 2.7320001125335693
0.9300000667572021 -0.12000000476837158 2.8519999980926514
1.0799999237060547 -0.5999999642372131 2.624000072479248
0.9240000247955322 -0.8999999761581421 2.552000045776367
0.9479999542236328 -0.8700000047683716 2.552000045776367
-0.059999942779541016 -0.4739999771118164 2.630000114440918
0.8940000534057617 -0.671999990940094 2.3600001335144043
0.7019999027252197 -1.055999994277954 2.552000045776367
0.9300000667572021 -0.5999999642372131 2.378000020980835
-0.04799997806549072 -0.6480000019073486 2.6059999465942383
0.2820000648498535 -1.0740000009536743 2.630000114440918
0.7799999713897705 -1.0199999809265137 2.552000045776367
-0.059999942779541016 -0.37199997901916504 2.7260000705718994
1.0799999237060547 -0.37199997901916504 2.7260000705718994
0.9419999122619629 -0.8100000023841858 2.4800000190734863
0.9179999828338623 -0.7739999890327454 2.4260001182556152
-0.023999929428100586 -0.8219999670982361 2.803999900817871
0.8940000534057617 -0.7260000109672546 2.378000020980835
0.9300000667572021 -0.6060000061988831 2.378000020980835
1.055999994277954 -0.2999999523162842 2.75
-0.03600001335144043 -0.7979999780654907 2.803999900817871
0.156000018119812 -0.1499999761581421 3.0859999656677246
1.0740001201629639 -0.6119999885559082 2.6059999465942383
1.0920000076293945 -0.5699999928474426 2.6540000438690186
0.029999971389770508 -0.21599996089935303 2.6540000438690186
-0.011999964714050293 -0.25199997425079346 2.75
-0.023999929428100586 -0.26999998092651367 2.828000068664551
0.8519999980926514 -0.972000002861023 2.552000045776367
0.04200005531311035 -0.9240000247955322 2.7980000972747803
0.06599998474121094 -0.21000003814697266 2.5759999752044678
0.875999927520752 -0.9480000138282776 2.5460000038146973
0.9060001373291016 -0.7559999823570251 2.4019999504089355
0.2760000228881836 -1.062000036239624 2.5999999046325684
0.018000006675720215 -0.22200000286102295 2.677999973297119
-0.04799997806549072 -0.3240000009536743 2.8519999980926514
-0.059999942779541016 -0.3539999723434448 2.8399999141693115
0.1499999761581421 -0.10800004005432129 3.008000135421753
0.16200006008148193 -1.0199999809265137 2.671999931335449
0.9419999122619629 -0.13199996948242188 2.875999927520752
-0.059999942779541016 -0.3960000276565552 2.677999973297119
-0.03600001335144043 -0.3240000009536743 2.930000066757202
-0.04799997806549072 -0.6779999732971191 2.618000030517578
-0.029999971389770508 -0.3240000009536743 2.9539999961853027
0.7019999027252197 -1.055999994277954 2.5460000038146973
-0.04799997806549072 -0.5999999642372131 2.5820000171661377
-0.023999929428100586 -0.26999998092651367 2.8519999980926514
0.22800004482269287 -1.0499999523162842 2.630000114440918
0.9179999828338623 -0.5640000104904175 2.3600001335144043
-0.059999942779541016 -0.7379999756813049 2.75600004196167
0.7260000705718994 -1.0499999523162842 2.552000045776367
-0.04799997806549072 -0.6060000061988831 2.5820000171661377
0.9060001373291016 -0.09599995613098145 2.875999927520752
-0.023999929428100586 -0.3240000009536743 2.9779999256134033
0.875999927520752 -0.07200002670288086 2.881999969482422
0.14400005340576172 -0.12000000476837158 3.0260000228881836
0.04200005531311035 -0.9240000247955322 2.75
0.9300000667572021 -0.6299999952316284 2.378000020980835
1.0920000076293945 -0.41999995708465576 2.7019999027252197
0.22200000286102295 -1.0499999523162842 2.635999917984009
0.9300000667572021 -0.8999999761581421 2.552000045776367
1.0380001068115234 -0.25199997425079346 2.803999900817871
-0.054000020027160645 -0.7619999647140503 2.7799999713897705
-0.054000020027160645 -0.33000004291534424 2.828000068664551
-0.059999942779541016 -0.5099999904632568 2.6059999465942383
1.002000093460083 -0.1979999542236328 2.8519999980926514
-0.059999942779541016 -0.37199997901916504 2.7019999027252197
0.9539999961853027 -0.8700000047683716 2.552000045776367
0.0 -0.8700000047683716 2.7799999713897705
-0.04799997806549072 -0.6480000019073486 2.5940001010894775
0.156000018119812 -1.0199999809265137 2.677999973297119
0.1499999761581421 -0.1499999761581421 3.0859999656677246
0.30000007152557373 -1.0859999656677246 2.630000114440918
0.7680001258850098 -1.0320000648498535 2.552000045776367
0.07200002670288086 -0.20399999618530273 2.564000129699707
-0.059999942779541016 -0.49800002574920654 2.6059999465942383
-0.04799997806549072 -0.671999990940094 2.6059999465942383
0.04200005531311035 -0.9300000071525574 2.7920000553131104
0.9179999828338623 -0.7860000133514404 2.4260001182556152
1.0799999237060547 -0.6179999709129333 2.611999988555908
-0.059999942779541016 -0.34800004959106445 2.75
-0.059999942779541016 -0.75 2.7799999713897705
0.8280000686645508 -0.9959999918937683 2.552000045776367
-0.054000020027160645 -0.3240000009536743 2.803999900817871
-0.03600001335144043 -0.2999999523162842 2.9000000953674316
-0.054000020027160645 -0.3240000009536743 2.7799999713897705
0.9419999122619629 -0.12000000476837158 2.803999900817871
0.054000020027160645 -0.1979999542236328 2.6059999465942383
0.04200005531311035 -0.20399999618530273 2.624000072479248
0.2940000295639038 -1.0859999656677246 2.630000114440918
0.9600000381469727 -0.8460000157356262 2.5280001163482666
0.9419999122619629 -0.12000000476837158 2.828000068664551
0.10199999809265137 -0.16199994087219238 2.569999933242798
0.9119999408721924 -0.6480000019073486 2.3600001335144043
0.22200000286102295 -1.055999994277954 2.6419999599456787
0.9240000247955322 -0.6240000128746033 2.366000175476074
0.9300000667572021 -0.7979999780654907 2.444000005722046
-0.04799997806549072 -0.3059999942779541 2.828000068664551
0.0 -0.8759999871253967 2.7799999713897705
-0.054000020027160645 -0.3240000009536743 2.8519999980926514
1.1040000915527344 -0.5099999904632568 2.677999973297119
0.7860000133514404 -1.0260000228881836 2.552000045776367
1.0980000495910645 -0.5460000038146973 2.6480000019073486
-0.054000020027160645 -0.7739999890327454 2.809999942779541
0.20399999618530273 -1.0499999523162842 2.6540000438690186
0.09599995613098145 -0.156000018119812 2.5880000591278076
-0.06599998474121094 -0.41999995708465576 2.6540000438690186
1.0799999237060547 -0.34800004959106445 2.7260000705718994
-0.059999942779541016 -0.34800004959106445 2.7260000705718994
0.7260000705718994 -1.055999994277954 2.552000045776367
-0.0419999361038208 -0.2999999523162842 2.875999927520752
1.0920000076293945 -0.3960000276565552 2.7079999446868896
0.9000000953674316 -0.671999990940094 2.3540000915527344
0.9779999256134033 -0.8700000047683716 2.5880000591278076
-0.054000020027160645 -0.3179999589920044 2.828000068664551
-0.054000020027160645 -0.6060000061988831 2.5820000171661377
1.1040000915527344 -0.49800002574920654 2.677999973297119
-0.029999971389770508 -0.26399993896484375 2.803999900817871
1.0980000495910645 -0.5999999642372131 2.6540000438690186
0.8580000400543213 -0.9779999852180481 2.552000045776367
1.055999994277954 -0.2760000228881836 2.7799999713897705
0.0 -0.22800004482269287 2.7019999027252197
-0.054000020027160645 -0.6660000085830688 2.6059999465942383
0.9779999256134033 -0.5759999752044678 2.4140000343322754
0.19800007343292236 -1.0499999523162842 2.6600000858306885
-0.006000041961669922 -0.8700000047683716 2.7739999294281006
-0.04799997806549072 -0.2999999523162842 2.822000026702881
-0.054000020027160645 -0.593999981880188 2.5759999752044678
0.8940000534057617 -0.6959999799728394 2.3540000915527344
-0.04799997806549072 -0.2999999523162842 2.828000068664551
0.07800006866455078 -0.1799999475479126 2.5759999752044678
0.2760000228881836 -1.0740000009536743 2.6059999465942383
-0.06599998474121094 -0.4320000410079956 2.635999917984009
0.7260000705718994 -1.055999994277954 2.5460000038146973
0.8280000686645508 -0.9959999918937683 2.5399999618530273
0.9179999828338623 -0.09599995613098145 2.870000123977661
-0.06599998474121094 -0.75 2.803999900817871
0.1380000114440918 -1.0199999809265137 2.7019999027252197
0.9539999961853027 -0.1260000467300415 2.803999900817871
1.1040000915527344 -0.4440000057220459 2.7019999027252197
0.2820000648498535 -1.0799999237060547 2.611999988555908
1.1040000915527344 -0.5220000147819519 2.6600000858306885
0.07800006866455078 -0.972000002861023 2.7260000705718994
1.0920000076293945 -0.6179999709129333 2.630000114440918
-0.04799997806549072 -0.2999999523162842 2.8519999980926514
0.0 -0.22800004482269287 2.690000057220459
0.18599998950958252 -1.055999994277954 2.7079999446868896
1.0980000495910645 -0.6240000128746033 2.6540000438690186
0.1380000114440918 -1.0199999809265137 2.696000099182129
0.054000020027160645 -0.9480000138282776 2.7320001125335693
0.9539999961853027 -0.1260000467300415 2.8399999141693115
1.055999994277954 -0.26999998092651367 2.7799999713897705
0.10199999809265137 -0.9959999918937683 2.7260000705718994
0.07800006866455078 -0.972000002861023 2.7200000286102295
-0.023999929428100586 -0.8460000157356262 2.803999900817871
0.9000000953674316 -0.75 2.378000020980835
1.0139999389648438 -0.1979999542236328 2.815999984741211
0.10199999809265137 -0.1499999761581421 2.5759999752044678
-0.023999929428100586 -0.8460000157356262 2.7920000553131104
1.1040000915527344 -0.5460000038146973 2.6540000438690186
0.1499999761581421 -0.156000018119812 3.1100001335144043
0.9479999542236328 -0.8880000114440918 2.5460000038146973
-0.04799997806549072 -0.7979999780654907 2.828000068664551
1.0139999389648438 -0.1979999542236328 2.828000068664551
0.9539999961853027 -0.1260000467300415 2.8519999980926514
0.9179999828338623 -0.9240000247955322 2.5460000038146973
1.1040000915527344 -0.5699999928474426 2.6540000438690186
-0.06599998474121094 -0.4739999771118164 2.6059999465942383
-0.06599998474121094 -0.3960000276565552 2.6540000438690186
-0.059999942779541016 -0.5460000038146973 2.5759999752044678
0.8940000534057617 -0.7260000109672546 2.3600001335144043
0.10199999809265137 -0.9959999918937683 2.7139999866485596
1.0799999237060547 -0.3240000009536743 2.75
-0.059999942779541016 -0.3240000009536743 2.75
0.9000000953674316 -0.6959999799728394 2.3540000915527344
1.1040000915527344 -0.5460000038146973 2.6480000019073486
-0.059999942779541016 -0.5699999928474426 2.5759999752044678
-0.059999942779541016 -0.5220000147819519 2.5759999752044678
-0.023999929428100586 -0.24599993228912354 2.75600004196167
0.09599995613098145 -0.1499999761581421 2.5820000171661377
0.029999971389770508 -0.20399999618530273 2.630000114440918
-0.04799997806549072 -0.6660000085830688 2.5759999752044678
0.8940000534057617 -0.6959999799728394 2.3480000495910645
-0.06599998474121094 -0.41999995708465576 2.630000114440918
-0.06599998474121094 -0.37199997901916504 2.677999973297119
-0.029999971389770508 -0.8399999737739563 2.803999900817871
0.07800006866455078 -0.1799999475479126 2.564000129699707
0.25199997425079346 -1.0679999589920044 2.6059999465942383
1.1040000915527344 -0.5999999642372131 2.6540000438690186
0.029999971389770508 -0.9240000247955322 2.7320001125335693
-0.018000006675720215 -0.24000000953674316 2.7260000705718994
1.0799999237060547 -0.3240000009536743 2.73799991607666
0.9539999961853027 -0.12000000476837158 2.803999900817871
-0.054000020027160645 -0.2999999523162842 2.803999900817871
0.9539999961853027 -0.1260000467300415 2.875999927520752
0.9539999961853027 -0.5579999685287476 2.378000020980835
0.18000006675720215 -1.0499999523162842 2.677999973297119
-0.04799997806549072 -0.8040000200271606 2.8340001106262207
0.875999927520752 -0.972000002861023 2.552000045776367
-0.029999971389770508 -0.25199997425079346 2.7739999294281006
1.1040000915527344 -0.41999995708465576 2.7019999027252197
0.9360001087188721 -0.5699999928474426 2.3600001335144043
1.1040000915527344 -0.5699999928474426 2.6419999599456787
0.8940000534057617 -0.7020000219345093 2.3480000495910645
0.8940000534057617 -0.7199999690055847 2.3540000915527344
-0.011999964714050293 -0.23399996757507324 2.7019999027252197
-0.054000020027160645 -0.6480000019073486 2.5759999752044678
0.7980000972747803 -1.0199999809265137 2.5339999198913574
0.9060001373291016 -0.671999990940094 2.3480000495910645
0.9240000247955322 -0.8040000200271606 2.4260001182556152
0.9419999122619629 -0.5999999642372131 2.366000175476074
0.24600005149841309 -1.0679999589920044 2.6059999465942383
-0.06599998474121094 -0.4440000057220459 2.6059999465942383
1.1040000915527344 -0.6240000128746033 2.6540000438690186
0.7439999580383301 -1.0499999523162842 2.5339999198913574
0.2580000162124634 -1.062000036239624 2.5759999752044678
-0.04799997806549072 -0.6599999666213989 2.564000129699707
1.1100001335144043 -0.6240000128746033 2.677999973297119
0.9839999675750732 -0.5699999928474426 2.4079999923706055
0.006000041961669922 -0.8999999761581421 2.75
0.10800004005432129 -0.12000000476837158 2.6059999465942383
-0.059999942779541016 -0.7860000133514404 2.803999900817871
0.9300000667572021 -0.9240000247955322 2.552000045776367
0.03600001335144043 -0.21599996089935303 2.5820000171661377
-0.059999942779541016 -0.3179999589920044 2.7260000705718994
0.9000000953674316 -0.9480000138282776 2.5399999618530273
0.9779999256134033 -0.8640000224113464 2.552000045776367
0.006000041961669922 -0.8999999761581421 2.73799991607666
-0.06599998474121094 -0.34200000762939453 2.7019999027252197
1.0260000228881836 -0.20399999618530273 2.828000068664551
0.9479999542236328 -0.10800004005432129 2.7920000553131104
0.060000061988830566 -0.18599998950958252 2.5759999752044678
0.9300000667572021 -0.09599995613098145 2.875999927520752
1.0980000495910645 -0.37199997901916504 2.7139999866485596
-0.054000020027160645 -0.6660000085830688 2.5759999752044678
-0.054000020027160645 -0.5999999642372131 2.552000045776367
-0.06599998474121094 -0.3960000276565552 2.630000114440918
0.9000000953674316 -0.7199999690055847 2.3540000915527344
0.9060001373291016 -0.07799994945526123 2.9000000953674316
0.9060001373291016 -0.07200002670288086 2.864000082015991
-0.03600001335144043 -0.25199997425079346 2.7799999713897705
0.23399996757507324 -1.0740000009536743 2.630000114440918
-0.054000020027160645 -0.2879999876022339 2.828000068664551
0.9300000667572021 -0.9240000247955322 2.5460000038146973
0.9539999961853027 -0.8999999761581421 2.552000045776367
-0.059999942779541016 -0.2999999523162842 2.7799999713897705
-0.06599998474121094 -0.49800002574920654 2.5759999752044678
0.9119999408721924 -0.9480000138282776 2.552000045776367
0.9060001373291016 -0.9539999961853027 2.552000045776367
-0.06599998474121094 -0.34800004959106445 2.677999973297119
-0.06599998474121094 -0.41999995708465576 2.6059999465942383
0.09000003337860107 -0.9959999918937683 2.7139999866485596
-0.04799997806549072 -0.8219999670982361 2.803999900817871
0.03600001335144043 -0.9419999718666077 2.7260000705718994
-0.04799997806549072 -0.8219999670982361 2.7920000553131104
1.0260000228881836 -0.1979999542236328 2.828000068664551
-0.011999964714050293 -0.22800004482269287 2.684000015258789
-0.04799997806549072 -0.26999998092651367 2.828000068664551
1.055999994277954 -0.24599993228912354 2.803999900817871
1.1159999370574951 -0.4739999771118164 2.677999973297119
1.0799999237060547 -0.2999999523162842 2.75
-0.059999942779541016 -0.5460000038146973 2.552000045776367
1.008000135421753 -0.17400002479553223 2.8519999980926514
1.1040000915527344 -0.6060000061988831 2.624000072479248
-0.06599998474121094 -0.4739999771118164 2.5759999752044678
-0.059999942779541016 -0.5699999928474426 2.552000045776367
0.9660000801086426 -0.8700000047683716 2.5280001163482666
0.9300000667572021 -0.6480000019073486 2.3540000915527344
0.10800004005432129 -0.12000000476837158 2.5880000591278076
0.9240000247955322 -0.8040000200271606 2.4140000343322754
1.0439999103546143 -0.22200000286102295 2.803999900817871
1.121999979019165 -0.6179999709129333 2.7019999027252197
1.1159999370574951 -0.6299999952316284 2.677999973297119
0.9060001373291016 -0.7739999890327454 2.378000020980835
-0.023999929428100586 -0.8700000047683716 2.7799999713897705
0.9060001373291016 -0.07200002670288086 2.9000000953674316
0.7680001258850098 -1.0440000295639038 2.5280001163482666
0.16200006008148193 -1.0499999523162842 2.677999973297119
0.18000006675720215 -1.062000036239624 2.677999973297119
1.1040000915527344 -0.3659999370574951 2.7260000705718994
0.24600005149841309 -1.0679999589920044 2.5820000171661377
0.9119999408721924 -0.07200002670288086 2.875999927520752
-0.06599998474121094 -0.3240000009536743 2.7019999027252197
0.0 -0.21599996089935303 2.6540000438690186
-0.07200002670288086 -0.37199997901916504 2.6540000438690186
0.9179999828338623 -0.7979999780654907 2.4019999504089355
0.09599995613098145 -0.1499999761581421 2.552000045776367
0.9300000667572021 -0.9359999895095825 2.552000045776367
1.0980000495910645 -0.34800004959106445 2.7200000286102295
0.9660000801086426 -0.8640000224113464 2.5160000324249268
0.156000018119812 -1.0440000295639038 2.6660001277923584
-0.07200002670288086 -0.7619999647140503 2.7200000286102295
1.1100001335144043 -0.3960000276565552 2.7019999027252197
0.07800006866455078 -0.1679999828338623 2.552000045776367
-0.054000020027160645 -0.6539999842643738 2.552000045776367
1.0139999389648438 -0.17400002479553223 2.8399999141693115
1.0320000648498535 -0.1979999542236328 2.815999984741211
-0.054000020027160645 -0.26999998092651367 2.803999900817871
-0.059999942779541016 -0.6240000128746033 2.552000045776367
0.8159999847412109 -1.0199999809265137 2.5280001163482666
0.9479999542236328 -0.09599995613098145 2.815999984741211
0.9300000667572021 -0.671999990940094 2.3540000915527344
0.20399999618530273 -1.0740000009536743 2.6540000438690186
0.029999971389770508 -0.19200003147125244 2.6059999465942383
0.9479999542236328 -0.09599995613098145 2.828000068664551
0.9479999542236328 -0.6240000128746033 2.3600001335144043
-0.006000041961669922 -0.8999999761581421 2.74399995803833
0.07800006866455078 -0.9959999918937683 2.7260000705718994
0.054000020027160645 -0.972000002861023 2.7260000705718994
-0.06599998474121094 -0.5220000147819519 2.552000045776367
1.0740001201629639 -0.26999998092651367 2.76200008392334
0.011999964714050293 -0.9240000247955322 2.7320001125335693
0.9000000953674316 -0.75 2.3540000915527344
0.9300000667572021 -0.6779999732971191 2.3540000915527344
0.10199999809265137 -0.1380000114440918 2.552000045776367
0.054000020027160645 -0.972000002861023 2.7200000286102295
0.04200005531311035 -0.20399999618530273 2.558000087738037
0.9539999961853027 -0.10199999809265137 2.8519999980926514
0.9479999542236328 -0.09599995613098145 2.8519999980926514
1.1159999370574951 -0.6299999952316284 2.6540000438690186
0.7799999713897705 -1.0440000295639038 2.5280001163482666
1.121999979019165 -0.4739999771118164 2.671999931335449
0.9119999408721924 -0.6959999799728394 2.3420000076293945
-0.06599998474121094 -0.49800002574920654 2.552000045776367
1.121999979019165 -0.49800002574920654 2.6600000858306885
0.23399996757507324 -1.0859999656677246 2.630000114440918
1.1040000915527344 -0.34800004959106445 2.7260000705718994
-0.06599998474121094 -0.2999999523162842 2.7260000705718994
-0.07200002670288086 -0.7559999823570251 2.677999973297119
-0.059999942779541016 -0.6480000019073486 2.552000045776367
0.9060001373291016 -0.7919999957084656 2.378000020980835
0.9539999961853027 -0.9179999828338623 2.552000045776367
1.0740001201629639 -0.6359999775886536 2.5339999198913574
-0.07200002670288086 -0.37199997901916504 2.630000114440918
1.121999979019165 -0.4440000057220459 2.684000015258789
0.054000020027160645 -0.1799999475479126 2.564000129699707
0.8580000400543213 -0.9959999918937683 2.5280001163482666
0.1260000467300415 -1.0379999876022339 2.7019999027252197
0.9539999961853027 -0.09599995613098145 2.828000068664551
0.10199999809265137 -1.0199999809265137 2.7079999446868896
-0.07200002670288086 -0.34800004959106445 2.6540000438690186
-0.07200002670288086 -0.3960000276565552 2.6059999465942383
0.9779999256134033 -0.5579999685287476 2.378000020980835
-0.011999964714050293 -0.8999999761581421 2.75
0.024000048637390137 -0.19200003147125244 2.6059999465942383
0.04799997806549072 -0.972000002861023 2.7260000705718994
-0.059999942779541016 -0.8219999670982361 2.803999900817871
0.1380000114440918 -1.0379999876022339 2.6600000858306885
-0.06599998474121094 -0.2879999876022339 2.75
-0.059999942779541016 -0.5640000104904175 2.5280001163482666
1.1159999370574951 -0.3960000276565552 2.696000099182129
0.9660000801086426 -0.10800004005432129 2.8459999561309814
-0.059999942779541016 -0.26999998092651367 2.7799999713897705
0.8940000534057617 -0.972000002861023 2.5339999198913574
-0.04799997806549072 -0.8460000157356262 2.7799999713897705
-0.04799997806549072 -0.24599993228912354 2.7799999713897705
0.8280000686645508 -1.0199999809265137 2.5280001163482666
1.0920000076293945 -0.7020000219345093 2.6059999465942383
-0.023999929428100586 -0.8880000114440918 2.7799999713897705
-0.06599998474121094 -0.2999999523162842 2.7019999027252197
-0.07200002670288086 -0.7979999780654907 2.828000068664551
1.128000020980835 -0.6179999709129333 2.677999973297119
1.128000020980835 -0.4739999771118164 2.677999973297119
1.055999994277954 -0.22200000286102295 2.803999900817871
-0.059999942779541016 -0.6539999842643738 2.5460000038146973
1.121999979019165 -0.41999995708465576 2.690000057220459
1.0859999656677246 -0.6959999799728394 2.5820000171661377
-0.07200002670288086 -0.4320000410079956 2.5759999752044678
1.1040000915527344 -0.6899999976158142 2.630000114440918
-0.059999942779541016 -0.5999999642372131 2.5280001163482666
-0.054000020027160645 -0.7979999780654907 2.6540000438690186
0.19200003147125244 -1.0740000009536743 2.6480000019073486
0.018000006675720215 -0.9480000138282776 2.7799999713897705
1.128000020980835 -0.5460000038146973 2.6540000438690186
1.0859999656677246 -0.6420000195503235 2.552000045776367
-0.054000020027160645 -0.6480000019073486 2.5280001163482666
1.1100001335144043 -0.6660000085830688 2.630000114440918
1.128000020980835 -0.5640000104904175 2.6540000438690186
1.128000020980835 -0.5220000147819519 2.6540000438690186
1.1040000915527344 -0.3240000009536743 2.75
0.9539999961853027 -0.09000003337860107 2.803999900817871
0.006000041961669922 -0.20399999618530273 2.618000030517578
-0.029999971389770508 -0.22800004482269287 2.690000057220459
0.06599998474121094 -0.9959999918937683 2.7260000705718994
0.9300000667572021 -0.671999990940094 2.3420000076293945
-0.07200002670288086 -0.8040000200271606 2.828000068664551
0.0 -0.9240000247955322 2.75
0.07800006866455078 -1.0080000162124634 2.7260000705718994
0.04799997806549072 -0.9779999852180481 2.7260000705718994
1.128000020980835 -0.4739999771118164 2.6660001277923584
0.18599998950958252 -1.0740000009536743 2.6540000438690186
0.9000000953674316 -0.7739999890327454 2.3540000915527344
-0.07200002670288086 -0.41999995708465576 2.5759999752044678
0.9720001220703125 -0.8880000114440918 2.5280001163482666
0.22800004482269287 -1.0980000495910645 2.6540000438690186
0.054000020027160645 -0.17400002479553223 2.558000087738037
-0.054000020027160645 -0.8399999737739563 2.75600004196167
0.9600000381469727 -0.09599995613098145 2.8519999980926514
0.0 -0.20399999618530273 2.630000114440918
0.8640000820159912 -0.9959999918937683 2.5220000743865967
1.128000020980835 -0.5999999642372131 2.6540000438690186
-0.07200002670288086 -0.4739999771118164 2.552000045776367
1.0980000495910645 -0.6959999799728394 2.6059999465942383
1.121999979019165 -0.5999999642372131 2.630000114440918
1.1159999370574951 -0.37199997901916504 2.7019999027252197
-0.04799997806549072 -0.24000000953674316 2.75
-0.06599998474121094 -0.5460000038146973 2.5280001163482666
1.0799999237060547 -0.6299999952316284 2.5280001163482666
-0.0419999361038208 -0.23399996757507324 2.7260000705718994
1.0980000495910645 -0.6480000019073486 2.5759999752044678
-0.07200002670288086 -0.34800004959106445 2.630000114440918
-0.07200002670288086 -0.37199997901916504 2.6059999465942383
1.128000020980835 -0.4440000057220459 2.677999973297119
1.055999994277954 -0.6179999709129333 2.4800000190734863
1.0799999237060547 -0.2580000162124634 2.7799999713897705
0.10199999809265137 -0.12000000476837158 2.558000087738037
-0.06599998474121094 -0.8219999670982361 2.7799999713897705
1.0740001201629639 -0.24599993228912354 2.7799999713897705
-0.07799994945526123 -0.3359999656677246 2.6660001277923584
0.09599995613098145 -0.14399993419647217 2.5280001163482666
-0.07200002670288086 -0.312000036239624 2.677999973297119
-0.07799994945526123 -0.7979999780654907 2.815999984741211
-0.03600001335144043 -0.22800004482269287 2.7019999027252197
1.128000020980835 -0.4140000343322754 2.7019999027252197
-0.04799997806549072 -0.8579999804496765 2.7680001258850098
1.008000135421753 -0.1499999761581421 2.875999927520752
0.9539999961853027 -0.6480000019073486 2.3540000915527344
0.9479999542236328 -0.6480000019073486 2.3480000495910645
0.07800006866455078 -0.16199994087219238 2.5280001163482666
0.16200006008148193 -1.0740000009536743 2.7019999027252197
-0.07200002670288086 -0.34800004959106445 2.624000072479248
-0.07200002670288086 -0.7979999780654907 2.7139999866485596
0.0 -0.9300000071525574 2.75
0.9839999675750732 -0.8999999761581421 2.558000087738037
-0.07200002670288086 -0.3960000276565552 2.5820000171661377
1.128000020980835 -0.6240000128746033 2.6540000438690186
-0.07200002670288086 -0.3240000009536743 2.6540000438690186
-0.07200002670288086 -0.37199997901916504 2.5999999046325684
1.128000020980835 -0.41999995708465576 2.690000057220459
-0.06599998474121094 -0.26999998092651367 2.75
1.121999979019165 -0.6240000128746033 2.630000114440918
0.9600000381469727 -0.6240000128746033 2.3540000915527344
0.06599998474121094 -1.0019999742507935 2.7260000705718994
-0.07200002670288086 -0.8040000200271606 2.7260000705718994
0.029999971389770508 -0.18599998950958252 2.5759999752044678
0.006000041961669922 -0.21599996089935303 2.5820000171661377
1.1340000629425049 -0.6299999952316284 2.677999973297119
-0.07200002670288086 -0.3240000009536743 2.6480000019073486
0.17400002479553223 -1.0740000009536743 2.6600000858306885
-0.029999971389770508 -0.22200000286102295 2.677999973297119
1.0740001201629639 -0.6119999885559082 2.503999948501587
0.10199999809265137 -0.1260000467300415 2.5399999618530273
0.8340001106262207 -1.0199999809265137 2.5160000324249268
0.875999927520752 -0.9959999918937683 2.5280001163482666
0.9539999961853027 -0.6599999666213989 2.3540000915527344
-0.08399999141693115 -0.7860000133514404 2.75600004196167
0.9119999408721924 -0.8100000023841858 2.378000020980835
1.0320000648498535 -0.17400002479553223 2.8519999980926514
-0.07200002670288086 -0.7739999890327454 2.6540000438690186
0.9660000801086426 -0.5999999642372131 2.3540000915527344
-0.07799994945526123 -0.7739999890327454 2.677999973297119
-0.06599998474121094 -0.828000009059906 2.8519999980926514
-0.08399999141693115 -0.7799999713897705 2.7260000705718994
1.0139999389648438 -0.1499999761581421 2.8580000400543213
-0.07200002670288086 -0.437999963760376 2.552000045776367
-0.07200002670288086 -0.8159999847412109 2.75600004196167
-0.06599998474121094 -0.26999998092651367 2.7260000705718994
-0.08399999141693115 -0.7739999890327454 2.7079999446868896
0.809999942779541 -1.0440000295639038 2.5280001163482666
0.9660000801086426 -0.8759999871253967 2.492000102996826
1.1340000629425049 -0.49800002574920654 2.6540000438690186
1.1040000915527344 -0.6959999799728394 2.6059999465942383
1.128000020980835 -0.3960000276565552 2.7019999027252197
1.1100001335144043 -0.671999990940094 2.6059999465942383
1.128000020980835 -0.5999999642372131 2.630000114440918
-0.07200002670288086 -0.2999999523162842 2.677999973297119
0.08399999141693115 -1.0199999809265137 2.7079999446868896
-0.07200002670288086 -0.5220000147819519 2.5280001163482666
-0.059999942779541016 -0.8460000157356262 2.7799999713897705
1.0799999237060547 -0.24599993228912354 2.7799999713897705
-0.06599998474121094 -0.8339999914169312 2.8340001106262207
1.1159999370574951 -0.6420000195503235 2.6059999465942383
1.055999994277954 -0.20399999618530273 2.828000068664551
-0.0419999361038208 -0.22200000286102295 2.7260000705718994
0.9360001087188721 -0.9480000138282776 2.5339999198913574
0.20399999618530273 -1.0920000076293945 2.6480000019073486
1.1040000915527344 -0.2999999523162842 2.75
1.0499999523162842 -0.6060000061988831 2.4559998512268066
0.09599995613098145 -0.12000000476837158 2.552000045776367
0.9720001220703125 -0.5699999928474426 2.3540000915527344
1.1100001335144043 -0.7080000042915344 2.630000114440918
-0.023999929428100586 -0.21599996089935303 2.6540000438690186
0.1260000467300415 -1.055999994277954 2.7079999446868896
-0.04799997806549072 -0.8700000047683716 2.7799999713897705
-0.059999942779541016 -0.8219999670982361 2.677999973297119
-0.07200002670288086 -0.49800002574920654 2.5280001163482666
0.9779999256134033 -0.8999999761581421 2.5339999198913574
0.1260000467300415 -1.0499999523162842 2.677999973297119
1.0439999103546143 -0.5999999642372131 2.444000005722046
1.0380001068115234 -0.17400002479553223 2.828000068664551
0.8519999980926514 -1.0199999809265137 2.5280001163482666
-0.059999942779541016 -0.24599993228912354 2.75
0.875999927520752 -1.0019999742507935 2.5280001163482666
-0.07200002670288086 -0.41999995708465576 2.552000045776367
-0.07200002670288086 -0.7979999780654907 2.677999973297119
1.1340000629425049 -0.5699999928474426 2.635999917984009
-0.06599998474121094 -0.8399999737739563 2.803999900817871
-0.07200002670288086 -0.4320000410079956 2.5460000038146973
1.128000020980835 -0.6240000128746033 2.630000114440918
-0.07799994945526123 -0.40199995040893555 2.5759999752044678
0.011999964714050293 -0.21000003814697266 2.564000129699707
-0.059999942779541016 -0.7979999780654907 2.630000114440918
1.055999994277954 -0.6060000061988831 2.4619998931884766
0.03600001335144043 -0.1799999475479126 2.558000087738037
0.9119999408721924 -0.972000002861023 2.5280001163482666
1.0799999237060547 -0.6119999885559082 2.503999948501587
-0.07799994945526123 -0.7979999780654907 2.7019999027252197
-0.054000020027160645 -0.8640000224113464 2.7799999713897705
1.055999994277954 -0.1979999542236328 2.828000068664551
-0.08399999141693115 -0.8040000200271606 2.7799999713897705
0.156000018119812 -1.0740000009536743 2.677999973297119
-0.07200002670288086 -0.4739999771118164 2.5280001163482666
0.9000000953674316 -0.9839999675750732 2.5280001163482666
-0.07799994945526123 -0.3179999589920044 2.6540000438690186
-0.059999942779541016 -0.8159999847412109 2.6540000438690186
-0.08399999141693115 -0.8040000200271606 2.7739999294281006
-0.07200002670288086 -0.3240000009536743 2.624000072479248
0.9720001220703125 -0.8880000114440918 2.503999948501587
-0.07799994945526123 -0.33000004291534424 2.635999917984009
0.054000020027160645 -0.9959999918937683 2.7019999027252197
0.20399999618530273 -1.0980000495910645 2.6540000438690186
-0.059999942779541016 -0.8460000157356262 2.7260000705718994
-0.059999942779541016 -0.6240000128746033 2.503999948501587
-0.07200002670288086 -0.6240000128746033 2.5280001163482666
1.0920000076293945 -0.6240000128746033 2.5280001163482666
0.9660000801086426 -0.09000003337860107 2.875999927520752
0.029999971389770508 -0.972000002861023 2.7079999446868896
-0.07200002670288086 -0.41999995708465576 2.5460000038146973
0.11399996280670166 -1.0499999523162842 2.7019999027252197
0.9179999828338623 -0.7199999690055847 2.3299999237060547
1.0799999237060547 -0.5999999642372131 2.498000144958496
0.9479999542236328 -0.07200002670288086 2.875999927520752
-0.07200002670288086 -0.2999999523162842 2.6540000438690186
-0.06599998474121094 -0.5460000038146973 2.503999948501587
-0.07799994945526123 -0.3539999723434448 2.6059999465942383
1.121999979019165 -0.34800004959106445 2.7139999866485596
0.12000000476837158 -1.0499999523162842 2.677999973297119
-0.07799994945526123 -0.38999998569488525 2.5759999752044678
0.9779999256134033 -0.5699999928474426 2.3540000915527344
1.0740001201629639 -0.5999999642372131 2.4860000610351562
1.1040000915527344 -0.7199999690055847 2.6059999465942383
-0.06599998474121094 -0.5699999928474426 2.503999948501587
1.128000020980835 -0.37199997901916504 2.7019999027252197
1.0980000495910645 -0.7199999690055847 2.5880000591278076
0.9060001373291016 -0.7979999780654907 2.3540000915527344
-0.029999971389770508 -0.21599996089935303 2.6540000438690186
1.1400001049041748 -0.6299999952316284 2.6660001277923584
0.9779999256134033 -0.8939999938011169 2.5160000324249268
1.0740001201629639 -0.22200000286102295 2.7980000972747803
0.8519999980926514 -1.0260000228881836 2.5280001163482666
1.002000093460083 -0.5579999685287476 2.378000020980835
1.1400001049041748 -0.5220000147819519 2.6419999599456787
1.128000020980835 -0.37199997901916504 2.696000099182129
-0.03600001335144043 -0.8999999761581421 2.7799999713897705
-0.011999964714050293 -0.20399999618530273 2.618000030517578
-0.09000003337860107 -0.7979999780654907 2.7799999713897705
-0.07799994945526123 -0.34800004959106445 2.6059999465942383
1.0980000495910645 -0.26999998092651367 2.75600004196167
0.9779999256134033 -0.5999999642372131 2.3540000915527344
1.0980000495910645 -0.7319999933242798 2.5940001010894775
0.8159999847412109 -1.0440000295639038 2.5160000324249268
-0.07799994945526123 -0.3240000009536743 2.630000114440918
0.8280000686645508 -1.0440000295639038 2.5280001163482666
-0.07200002670288086 -0.26999998092651367 2.7019999027252197
1.062000036239624 -0.1979999542236328 2.809999942779541
-0.006000041961669922 -0.9419999718666077 2.75
1.0799999237060547 -0.22800004482269287 2.803999900817871
-0.018000006675720215 -0.9240000247955322 2.73799991607666
-0.06599998474121094 -0.6359999775886536 2.509999990463257
0.9600000381469727 -0.6480000019073486 2.3420000076293945
0.10199999809265137 -1.0499999523162842 2.7260000705718994
-0.04799997806549072 -0.22200000286102295 2.7019999027252197
-0.07200002670288086 -0.4739999771118164 2.5160000324249268
0.0 -0.9480000138282776 2.7320001125335693
0.9539999961853027 -0.07200002670288086 2.875999927520752
0.9720001220703125 -0.6240000128746033 2.3480000495910645
1.1100001335144043 -0.6299999952316284 2.558000087738037
0.9779999256134033 -0.6240000128746033 2.3540000915527344
0.9119999408721924 -0.75 2.3299999237060547
-0.07799994945526123 -0.37199997901916504 2.5759999752044678
0.08399999141693115 -0.1499999761581421 2.503999948501587
-0.03600001335144043 -0.906000018119812 2.7799999713897705
0.07800006866455078 -0.156000018119812 2.503999948501587
1.002000093460083 -0.12000000476837158 2.875999927520752
0.07800006866455078 -1.0320000648498535 2.7260000705718994
-0.07799994945526123 -0.6299999952316284 2.5280001163482666
0.11399996280670166 -1.062000036239624 2.7260000705718994
-0.07200002670288086 -0.5220000147819519 2.503999948501587
-0.07200002670288086 -0.26999998092651367 2.684000015258789
0.9600000381469727 -0.07200002670288086 2.8519999980926514
1.128000020980835 -0.34200000762939453 2.7260000705718994
1.0799999237060547 -0.22200000286102295 2.803999900817871
1.121999979019165 -0.3240000009536743 2.7260000705718994
-0.07799994945526123 -0.40199995040893555 2.552000045776367
-0.07799994945526123 -0.4559999704360962 2.5280001163482666
0.9779999256134033 -0.09599995613098145 2.9000000953674316
-0.059999942779541016 -0.8460000157356262 2.677999973297119
-0.08399999141693115 -0.7919999957084656 2.671999931335449
-0.023999929428100586 -0.9240000247955322 2.75
0.9479999542236328 -0.059999942779541016 2.8580000400543213
-0.07200002670288086 -0.49800002574920654 2.503999948501587
1.1040000915527344 -0.26999998092651367 2.75600004196167
0.18000006675720215 -1.0920000076293945 2.6480000019073486
0.054000020027160645 -0.16199994087219238 2.5280001163482666
1.1100001335144043 -0.7260000109672546 2.6059999465942383
0.018000006675720215 -0.972000002861023 2.7139999866485596
-0.07200002670288086 -0.5999999642372131 2.503999948501587
0.9960000514984131 -0.10800004005432129 2.864000082015991
-0.07799994945526123 -0.3960000276565552 2.552000045776367
0.04200005531311035 -0.9959999918937683 2.7019999027252197
0.9539999961853027 -0.671999990940094 2.3359999656677246
1.1159999370574951 -0.2999999523162842 2.73799991607666
-0.06599998474121094 -0.8460000157356262 2.7019999027252197
0.029999971389770508 -0.17400002479553223 2.552000045776367
-0.07799994945526123 -0.4440000057220459 2.5280001163482666
0.07800006866455078 -0.156000018119812 2.498000144958496
-0.023999929428100586 -0.20399999618530273 2.630000114440918
1.1400001049041748 -0.3960000276565552 2.690000057220459
0.04799997806549072 -0.1679999828338623 2.5280001163482666
0.9720001220703125 -0.9240000247955322 2.5280001163482666
-0.059999942779541016 -0.8579999804496765 2.7019999027252197
1.1459999084472656 -0.5460000038146973 2.635999917984009
-0.059999942779541016 -0.8700000047683716 2.75
-0.011999964714050293 -0.1979999542236328 2.6059999465942383
0.8280000686645508 -1.0379999876022339 2.503999948501587
1.1519999504089355 -0.4739999771118164 2.677999973297119
1.1519999504089355 -0.6359999775886536 2.690000057220459
0.9060001373291016 -0.7739999890327454 2.3299999237060547
1.121999979019165 -0.6779999732971191 2.5999999046325684
-0.059999942779541016 -0.8399999737739563 2.6540000438690186
0.9300000667572021 -0.972000002861023 2.5280001163482666
-0.07799994945526123 -0.3240000009536743 2.6059999465942383
0.9479999542236328 -0.054000020027160645 2.822000026702881
-0.09000003337860107 -0.7739999890327454 2.6540000438690186
1.1400001049041748 -0.6179999709129333 2.624000072479248
-0.07799994945526123 -0.6240000128746033 2.5160000324249268
1.068000078201294 -0.593999981880188 2.4559998512268066
-0.07799994945526123 -0.2879999876022339 2.6540000438690186
0.09000003337860107 -1.0440000295639038 2.7019999027252197
-0.07200002670288086 -0.24599993228912354 2.7260000705718994
0.9539999961853027 -0.9480000138282776 2.5280001163482666
-0.09599995613098145 -0.75 2.6419999599456787
0.17400002479553223 -1.0920000076293945 2.6480000019073486
1.121999979019165 -0.6539999842643738 2.5820000171661377
1.121999979019165 -0.6420000195503235 2.5759999752044678
0.9240000247955322 -0.8339999914169312 2.378000020980835
0.9240000247955322 -0.972000002861023 2.5160000324249268
-0.059999942779541016 -0.8700000047683716 2.7260000705718994
0.18000006675720215 -1.0980000495910645 2.6540000438690186
-0.06599998474121094 -0.6299999952316284 2.492000102996826
1.1519999504089355 -0.4739999771118164 2.6660001277923584
0.8940000534057617 -0.9959999918937683 2.509999990463257
-0.09000003337860107 -0.7919999957084656 2.677999973297119
0.9360001087188721 -0.7199999690055847 2.3299999237060547
-0.07799994945526123 -0.2999999523162842 2.630000114440918
-0.07200002670288086 -0.7979999780654907 2.618000030517578
1.1519999504089355 -0.49800002574920654 2.6540000438690186
1.128000020980835 -0.671999990940094 2.6059999465942383
1.0980000495910645 -0.24599993228912354 2.7680001258850098
1.055999994277954 -0.17400002479553223 2.828000068664551
1.128000020980835 -0.3240000009536743 2.7260000705718994
0.04200005531311035 -0.9959999918937683 2.677999973297119
1.1519999504089355 -0.5999999642372131 2.6540000438690186
-0.07799994945526123 -0.41999995708465576 2.5280001163482666
1.1459999084472656 -0.6299999952316284 2.6419999599456787
1.0260000228881836 -0.1380000114440918 2.875999927520752
-0.054000020027160645 -0.8880000114440918 2.75
0.9779999256134033 -0.9240000247955322 2.5280001163482666
1.1579999923706055 -0.6359999775886536 2.7019999027252197
1.1519999504089355 -0.4440000057220459 2.677999973297119
-0.07799994945526123 -0.4919999837875366 2.503999948501587
0.9600000381469727 -0.059999942779541016 2.815999984741211
0.9900000095367432 -0.5699999928474426 2.3480000495910645
-0.054000020027160645 -0.8700000047683716 2.677999973297119
0.1260000467300415 -1.0679999589920044 2.6660001277923584
1.1519999504089355 -0.5220000147819519 2.6419999599456787
0.9479999542236328 -0.6959999799728394 2.3299999237060547
-0.07200002670288086 -0.24599993228912354 2.7019999027252197
0.9600000381469727 -0.059999942779541016 2.828000068664551
0.156000018119812 -1.0920000076293945 2.677999973297119
-0.04799997806549072 -0.8999999761581421 2.75
1.1459999084472656 -0.5999999642372131 2.624000072479248
0.9779999256134033 -0.07799994945526123 2.8459999561309814
-0.07200002670288086 -0.8040000200271606 2.618000030517578
-0.09599995613098145 -0.8159999847412109 2.803999900817871
0.9119999408721924 -0.8219999670982361 2.3540000915527344
-0.04799997806549072 -0.8999999761581421 2.74399995803833
1.0859999656677246 -0.6060000061988831 2.4800000190734863
1.1519999504089355 -0.5460000038146973 2.635999917984009
-0.07200002670288086 -0.5220000147819519 2.4860000610351562
0.8700001239776611 -1.0199999809265137 2.509999990463257
-0.07799994945526123 -0.4739999771118164 2.503999948501587
1.0380001068115234 -0.5699999928474426 2.4019999504089355
1.062000036239624 -0.1799999475479126 2.8580000400543213
1.1519999504089355 -0.40799999237060547 2.7019999027252197
0.0 -0.18599998950958252 2.5759999752044678
1.0380001068115234 -0.5820000171661377 2.4019999504089355
-0.06599998474121094 -0.6179999709129333 2.4800000190734863
1.1340000629425049 -0.7020000219345093 2.635999917984009
0.1260000467300415 -1.0740000009536743 2.677999973297119
0.9300000667572021 -0.75 2.3299999237060547
0.8459999561309814 -1.0320000648498535 2.498000144958496
1.1519999504089355 -0.6359999775886536 2.6540000438690186
1.0139999389648438 -0.11399996280670166 2.8519999980926514
1.1519999504089355 -0.5699999928474426 2.630000114440918
0.054000020027160645 -1.0199999809265137 2.7019999027252197
1.128000020980835 -0.6420000195503235 2.5759999752044678
0.9240000247955322 -0.75 2.3239998817443848
1.1040000915527344 -0.24599993228912354 2.7799999713897705
1.128000020980835 -0.6959999799728394 2.6059999465942383
-0.07200002670288086 -0.5460000038146973 2.4800000190734863
-0.07799994945526123 -0.7979999780654907 2.618000030517578
-0.08399999141693115 -0.34800004959106445 2.5759999752044678
0.04799997806549072 -1.0199999809265137 2.7260000705718994
-0.07200002670288086 -0.5699999928474426 2.4800000190734863
0.9539999961853027 -0.6959999799728394 2.3299999237060547
-0.07799994945526123 -0.3960000276565552 2.5280001163482666
-0.07799994945526123 -0.26999998092651367 2.6540000438690186
0.060000061988830566 -0.156000018119812 2.503999948501587
0.9000000953674316 -0.9959999918937683 2.503999948501587
0.9060001373291016 -0.7979999780654907 2.3299999237060547
1.008000135421753 -0.11399996280670166 2.9060001373291016
1.002000093460083 -0.5699999928474426 2.3540000915527344
-0.07200002670288086 -0.8219999670982361 2.630000114440918
1.1519999504089355 -0.5999999642372131 2.630000114440918
-0.03600001335144043 -0.20399999618530273 2.630000114440918
-0.07799994945526123 -0.6240000128746033 2.498000144958496
-0.07799994945526123 -0.2999999523162842 2.6059999465942383
1.1519999504089355 -0.6299999952316284 2.6419999599456787
1.128000020980835 -0.7020000219345093 2.6059999465942383
1.0799999237060547 -0.1979999542236328 2.803999900817871
0.9779999256134033 -0.07200002670288086 2.8519999980926514
-0.07799994945526123 -0.4440000057220459 2.503999948501587
0.9900000095367432 -0.08399999141693115 2.8519999980926514
0.029999971389770508 -0.18599998950958252 2.509999990463257
-0.08399999141693115 -0.37199997901916504 2.552000045776367
-0.07200002670288086 -0.5999999642372131 2.4800000190734863
0.8519999980926514 -1.0320000648498535 2.498000144958496
1.002000093460083 -0.09599995613098145 2.8519999980926514
-0.07799994945526123 -0.8040000200271606 2.618000030517578
-0.09599995613098145 -0.828000009059906 2.822000026702881
-0.09599995613098145 -0.828000009059906 2.828000068664551
-0.09599995613098145 -0.7739999890327454 2.635999917984009
-0.10199999809265137 -0.8159999847412109 2.7980000972747803
1.1519999504089355 -0.6179999709129333 2.630000114440918
1.128000020980835 -0.2999999523162842 2.7320001125335693
0.0 -0.972000002861023 2.7260000705718994
0.9300000667572021 -0.7619999647140503 2.3299999237060547
1.1459999084472656 -0.6599999666213989 2.630000114440918
0.9839999675750732 -0.9300000071525574 2.5280001163482666
0.006000041961669922 -0.1799999475479126 2.558000087738037
-0.07200002670288086 -0.515999972820282 2.4739999771118164
0.04799997806549072 -1.0199999809265137 2.7019999027252197
0.875999927520752 -1.0199999809265137 2.503999948501587
1.1040000915527344 -0.6240000128746033 2.503999948501587
0.8519999980926514 -1.0379999876022339 2.503999948501587
0.024000048637390137 -0.9959999918937683 2.7019999027252197
0.9960000514984131 -0.09000003337860107 2.875999927520752
-0.054000020027160645 -0.8999999761581421 2.7260000705718994
0.09000003337860107 -0.10199999809265137 2.5280001163482666
1.0499999523162842 -0.1499999761581421 2.8399999141693115
0.12000000476837158 -1.0740000009536743 2.6660001277923584
1.0260000228881836 -0.593999981880188 2.378000020980835
0.9600000381469727 -0.9599999785423279 2.5280001163482666
1.1579999923706055 -0.41999995708465576 2.684000015258789
-0.054000020027160645 -0.906000018119812 2.75
0.9839999675750732 -0.07200002670288086 2.8399999141693115
1.0499999523162842 -0.1499999761581421 2.8519999980926514
0.10800004005432129 -1.0740000009536743 2.7019999027252197
1.1640000343322754 -0.5220000147819519 2.6540000438690186
1.0980000495910645 -0.22200000286102295 2.7860000133514404
1.1100001335144043 -0.7739999890327454 2.6059999465942383
-0.07799994945526123 -0.5220000147819519 2.4800000190734863
1.128000020980835 -0.2879999876022339 2.75
1.1159999370574951 -0.6359999775886536 2.5280001163482666
0.8700001239776611 -1.0199999809265137 2.492000102996826
-0.07799994945526123 -0.24599993228912354 2.677999973297119
0.09000003337860107 -0.09599995613098145 2.5339999198913574
0.9779999256134033 -0.9240000247955322 2.503999948501587
-0.023999929428100586 -0.9480000138282776 2.7320001125335693
0.9539999961853027 -0.7199999690055847 2.3299999237060547
-0.059999942779541016 -0.8700000047683716 2.6540000438690186
0.9479999542236328 -0.7199999690055847 2.3239998817443848
0.156000018119812 -1.0980000495910645 2.6540000438690186
1.055999994277954 -0.156000018119812 2.8519999980926514
0.0 -0.9779999852180481 2.7260000705718994
1.1579999923706055 -0.3960000276565552 2.7019999027252197
1.1519999504089355 -0.37199997901916504 2.7019999027252197
-0.07200002670288086 -0.22800004482269287 2.690000057220459
1.1459999084472656 -0.34800004959106445 2.7079999446868896
0.9360001087188721 -0.972000002861023 2.503999948501587
-0.07799994945526123 -0.49800002574920654 2.4800000190734863
0.07800006866455078 -0.14399993419647217 2.4800000190734863
1.1400001049041748 -0.3240000009536743 2.7200000286102295
1.1100001335144043 -0.75 2.5759999752044678
0.9779999256134033 -0.9120000004768372 2.4860000610351562
-0.10199999809265137 -0.7680000066757202 2.630000114440918
-0.08399999141693115 -0.3240000009536743 2.5759999752044678
-0.07200002670288086 -0.22200000286102295 2.7019999027252197
0.9060001373291016 -0.8159999847412109 2.3299999237060547
1.0320000648498535 -0.5699999928474426 2.378000020980835
0.9179999828338623 -0.7739999890327454 2.317999839782715
-0.0419999361038208 -0.9300000071525574 2.75
0.024000048637390137 -0.1679999828338623 2.5280001163482666
0.9179999828338623 -0.8399999737739563 2.3540000915527344
1.1579999923706055 -0.3960000276565552 2.690000057220459
0.029999971389770508 -0.9959999918937683 2.6540000438690186
-0.08399999141693115 -0.34800004959106445 2.552000045776367
1.1340000629425049 -0.6660000085830688 2.5759999752044678
1.128000020980835 -0.6480000019073486 2.552000045776367
1.002000093460083 -0.5640000104904175 2.3420000076293945
1.1700000762939453 -0.6119999885559082 2.677999973297119
0.10800004005432129 -1.0799999237060547 2.7079999446868896
0.10800004005432129 -1.0740000009536743 2.677999973297119
0.9539999961853027 -0.7319999933242798 2.3299999237060547
1.0260000228881836 -0.6060000061988831 2.371999979019165
1.0859999656677246 -0.6060000061988831 2.4559998512268066
0.9960000514984131 -0.9419999718666077 2.552000045776367
1.068000078201294 -0.593999981880188 2.4260001182556152
1.0740001201629639 -0.17400002479553223 2.815999984741211
1.121999979019165 -0.7199999690055847 2.5759999752044678
0.1499999761581421 -1.0980000495910645 2.6540000438690186
1.1040000915527344 -0.7739999890327454 2.5759999752044678
-0.04799997806549072 -0.9240000247955322 2.75
0.029999971389770508 -0.9959999918937683 2.6480000019073486
1.055999994277954 -0.1499999761581421 2.8519999980926514
0.13199996948242188 -1.0980000495910645 2.7019999027252197
-0.10800004005432129 -0.8219999670982361 2.803999900817871
0.9960000514984131 -0.5999999642372131 2.3359999656677246
-0.07799994945526123 -0.24599993228912354 2.6540000438690186
0.09000003337860107 -0.10800004005432129 2.503999948501587
-0.08399999141693115 -0.41999995708465576 2.503999948501587
-0.07200002670288086 -0.8460000157356262 2.630000114440918
1.1159999370574951 -0.24599993228912354 2.76200008392334
-0.08399999141693115 -0.37199997901916504 2.5280001163482666
-0.08399999141693115 -0.26999998092651367 2.630000114440918
0.04200005531311035 -1.0199999809265137 2.677999973297119
0.9779999256134033 -0.671999990940094 2.3299999237060547
-0.07200002670288086 -0.5460000038146973 2.4559998512268066
1.0920000076293945 -0.1979999542236328 2.7980000972747803
0.024000048637390137 -0.1799999475479126 2.503999948501587
1.055999994277954 -0.5699999928474426 2.4019999504089355
-0.04799997806549072 -0.9240000247955322 2.7260000705718994
0.018000006675720215 -1.0019999742507935 2.7019999027252197
-0.059999942779541016 -0.8999999761581421 2.7019999027252197
1.1640000343322754 -0.5699999928474426 2.624000072479248
0.9660000801086426 -0.6959999799728394 2.3239998817443848
-0.09599995613098145 -0.7979999780654907 2.630000114440918
-0.12000000476837158 -0.75 2.6540000438690186
1.128000020980835 -0.26999998092651367 2.75
-0.07200002670288086 -0.8460000157356262 2.624000072479248
0.9000000953674316 -1.0139999389648438 2.503999948501587
0.054000020027160645 -0.156000018119812 2.4860000610351562
0.9720001220703125 -0.9480000138282776 2.509999990463257
0.0 -0.17400002479553223 2.552000045776367
1.1159999370574951 -0.7919999957084656 2.618000030517578
0.13199996948242188 -1.1039999723434448 2.7139999866485596
-0.054000020027160645 -0.9179999828338623 2.7260000705718994
-0.04799997806549072 -0.1979999542236328 2.630000114440918
0.09000003337860107 -0.12000000476837158 2.4800000190734863
-0.12000000476837158 -0.75 2.6480000019073486
-0.08399999141693115 -0.4739999771118164 2.4800000190734863
0.8880000114440918 -1.0260000228881836 2.503999948501587
1.1700000762939453 -0.6179999709129333 2.6540000438690186
1.0799999237060547 -0.17400002479553223 2.809999942779541
0.9300000667572021 -0.9900000095367432 2.503999948501587
1.1340000629425049 -0.6959999799728394 2.5759999752044678
1.002000093460083 -0.5999999642372131 2.3359999656677246
0.03600001335144043 -0.17400002479553223 2.4860000610351562
1.128000020980835 -0.7199999690055847 2.5759999752044678
1.1159999370574951 -0.6299999952316284 2.503999948501587
0.9419999122619629 -0.75 2.317999839782715
-0.07200002670288086 -0.5699999928474426 2.450000047683716
-0.04799997806549072 -0.9240000247955322 2.7019999027252197
-0.07200002670288086 -0.5759999752044678 2.450000047683716
1.0260000228881836 -0.6779999732971191 2.378000020980835
-0.011999964714050293 -0.9779999852180481 2.7260000705718994
1.121999979019165 -0.7919999957084656 2.630000114440918
0.09000003337860107 -0.09599995613098145 2.509999990463257
-0.08399999141693115 -0.3960000276565552 2.503999948501587
-0.08399999141693115 -0.2999999523162842 2.5759999752044678
1.008000135421753 -0.9419999718666077 2.558000087738037
0.9900000095367432 -0.6480000019073486 2.3299999237060547
1.0199999809265137 -0.5999999642372131 2.3540000915527344
1.1760001182556152 -0.4679999351501465 2.677999973297119
-0.08399999141693115 -0.3240000009536743 2.552000045776367
-0.11399996280670166 -0.7919999957084656 2.677999973297119
-0.054000020027160645 -0.8999999761581421 2.6540000438690186
0.9779999256134033 -0.6959999799728394 2.3299999237060547
0.9179999828338623 -0.9959999918937683 2.492000102996826
-0.07799994945526123 -0.22200000286102295 2.677999973297119
1.1760001182556152 -0.5220000147819519 2.6540000438690186
-0.023999929428100586 -0.18599998950958252 2.5759999752044678
0.060000061988830566 -1.0499999523162842 2.7019999027252197
1.0199999809265137 -0.6119999885559082 2.3540000915527344
0.9479999542236328 -0.972000002861023 2.498000144958496
0.9960000514984131 -0.6240000128746033 2.3299999237060547
1.1100001335144043 -0.6240000128746033 2.4860000610351562
0.875999927520752 -1.0320000648498535 2.492000102996826
-0.07200002670288086 -0.21000003814697266 2.677999973297119
1.1519999504089355 -0.3240000009536743 2.7260000705718994
1.1579999923706055 -0.34200000762939453 2.7260000705718994
-0.07200002670288086 -0.6060000061988831 2.450000047683716
1.128000020980835 -0.7619999647140503 2.6059999465942383
1.0199999809265137 -0.09599995613098145 2.875999927520752
0.0 -0.9839999675750732 2.677999973297119
0.1260000467300415 -1.0980000495910645 2.677999973297119
-0.08399999141693115 -0.4440000057220459 2.4800000190734863
-0.08399999141693115 -0.26999998092651367 2.6059999465942383
1.121999979019165 -0.7199999690055847 2.552000045776367
1.1579999923706055 -0.34800004959106445 2.7079999446868896
1.0799999237060547 -0.1679999828338623 2.828000068664551
1.1760001182556152 -0.49800002574920654 2.6540000438690186
0.9539999961853027 -0.972000002861023 2.503999948501587
-0.07200002670288086 -0.5640000104904175 2.444000005722046
-0.12000000476837158 -0.7680000066757202 2.6540000438690186
1.068000078201294 -0.1499999761581421 2.828000068664551
1.1340000629425049 -0.7680000066757202 2.630000114440918
1.0260000228881836 -0.5699999928474426 2.3540000915527344
0.8940000534057617 -1.0199999809265137 2.492000102996826
-0.054000020027160645 -0.1979999542236328 2.630000114440918
1.1760001182556152 -0.4739999771118164 2.6600000858306885
1.0260000228881836 -0.5759999752044678 2.3540000915527344
0.054000020027160645 -0.1499999761581421 2.4800000190734863
1.1519999504089355 -0.6899999976158142 2.611999988555908
1.1760001182556152 -0.4440000057220459 2.677999973297119
0.9779999256134033 -0.7080000042915344 2.3299999237060547
0.13199996948242188 -1.1039999723434448 2.677999973297119
1.002000093460083 -0.9359999895095825 2.5280001163482666
1.1640000343322754 -0.6060000061988831 2.6059999465942383
1.1400001049041748 -0.7319999933242798 2.6059999465942383
-0.07799994945526123 -0.5460000038146973 2.450000047683716
1.002000093460083 -0.07200002670288086 2.870000123977661
-0.07799994945526123 -0.5579999685287476 2.450000047683716
-0.054000020027160645 -0.9240000247955322 2.7019999027252197
1.1760001182556152 -0.4440000057220459 2.671999931335449
1.1340000629425049 -0.6420000195503235 2.5339999198913574
-0.07799994945526123 -0.5220000147819519 2.450000047683716
1.1760001182556152 -0.5460000038146973 2.635999917984009
0.03600001335144043 -1.0199999809265137 2.6540000438690186
1.002000093460083 -0.07200002670288086 2.875999927520752
-0.0419999361038208 -0.9480000138282776 2.7260000705718994
0.029999971389770508 -0.156000018119812 2.503999948501587
-0.023999929428100586 -0.972000002861023 2.7260000705718994
0.9119999408721924 -0.8399999737739563 2.3299999237060547
1.002000093460083 -0.6240000128746033 2.3299999237060547
1.1100001335144043 -0.21000003814697266 2.803999900817871
-0.06599998474121094 -0.8999999761581421 2.677999973297119
1.0199999809265137 -0.6480000019073486 2.3540000915527344
0.9419999122619629 -0.8700000047683716 2.378000020980835
-0.08399999141693115 -0.24599993228912354 2.630000114440918
1.1340000629425049 -0.6660000085830688 2.5399999618530273
-0.09599995613098145 -0.8219999670982361 2.630000114440918
-0.023999929428100586 -0.972000002861023 2.7200000286102295
0.9539999961853027 -0.9779999852180481 2.503999948501587
1.1760001182556152 -0.41999995708465576 2.684000015258789
0.12000000476837158 -1.1039999723434448 2.7019999027252197
1.1040000915527344 -0.1979999542236328 2.803999900817871
-0.07799994945526123 -0.5999999642372131 2.450000047683716
-0.07200002670288086 -0.8700000047683716 2.630000114440918
1.1760001182556152 -0.5699999928474426 2.630000114440918
0.9660000801086426 -0.7199999690055847 2.317999839782715
1.0499999523162842 -0.12000000476837158 2.8459999561309814
1.002000093460083 -0.9240000247955322 2.503999948501587
1.0799999237060547 -0.5999999642372131 2.4200000762939453
1.068000078201294 -0.593999981880188 2.4019999504089355
-0.09000003337860107 -0.34800004959106445 2.5280001163482666
1.0499999523162842 -0.12000000476837158 2.8519999980926514
1.1700000762939453 -0.5999999642372131 2.611999988555908
-0.07799994945526123 -0.6119999885559082 2.450000047683716
0.018000006675720215 -1.0139999389648438 2.684000015258789
1.0859999656677246 -0.5759999752044678 2.4260001182556152
0.024000048637390137 -0.17400002479553223 2.4860000610351562
0.060000061988830566 -0.156000018119812 2.4559998512268066
1.128000020980835 -0.7199999690055847 2.552000045776367
0.07800006866455078 -1.0740000009536743 2.7019999027252197
-0.04799997806549072 -0.19200003147125244 2.6059999465942383
-0.07200002670288086 -0.8700000047683716 2.624000072479248
1.1760001182556152 -0.593999981880188 2.630000114440918
0.1260000467300415 -1.1039999723434448 2.671999931335449
0.9839999675750732 -0.9480000138282776 2.503999948501587
1.1400001049041748 -0.671999990940094 2.552000045776367
0.12000000476837158 -1.1039999723434448 2.690000057220459
1.1760001182556152 -0.5699999928474426 2.624000072479248
1.1400001049041748 -0.26999998092651367 2.74399995803833
-0.023999929428100586 -0.1799999475479126 2.564000129699707
-0.054000020027160645 -0.9240000247955322 2.677999973297119
1.002000093460083 -0.6480000019073486 2.3299999237060547
1.121999979019165 -0.7440000176429749 2.552000045776367
0.04799997806549072 -1.0440000295639038 2.677999973297119
1.1700000762939453 -0.37199997901916504 2.696000099182129
0.9960000514984131 -0.059999942779541016 2.875999927520752
0.054000020027160645 -1.0499999523162842 2.677999973297119
-0.10800004005432129 -0.7979999780654907 2.624000072479248
-0.07200002670288086 -0.5759999752044678 2.432000160217285
1.128000020980835 -0.7559999823570251 2.5759999752044678
-0.07200002670288086 -0.20399999618530273 2.6540000438690186
1.181999921798706 -0.49800002574920654 2.6480000019073486
1.0499999523162842 -0.12000000476837158 2.875999927520752
1.181999921798706 -0.5220000147819519 2.6419999599456787
1.0199999809265137 -0.671999990940094 2.3540000915527344
1.002000093460083 -0.6240000128746033 2.3239998817443848
1.1519999504089355 -0.2999999523162842 2.7260000705718994
1.1760001182556152 -0.6179999709129333 2.630000114440918
1.1760001182556152 -0.3960000276565552 2.690000057220459
-0.029999971389770508 -0.972000002861023 2.7260000705718994
1.055999994277954 -0.5579999685287476 2.378000020980835
0.07800006866455078 -1.0740000009536743 2.684000015258789
-0.10199999809265137 -0.8159999847412109 2.624000072479248
1.128000020980835 -0.23399996757507324 2.7799999713897705
1.121999979019165 -0.22200000286102295 2.7799999713897705
1.0320000648498535 -0.09599995613098145 2.875999927520752
-0.09000003337860107 -0.37199997901916504 2.503999948501587
-0.08399999141693115 -0.22200000286102295 2.6540000438690186
0.9960000514984131 -0.9300000071525574 2.492000102996826
0.07200002670288086 -1.0740000009536743 2.7019999027252197
-0.08399999141693115 -0.4919999837875366 2.450000047683716
1.1400001049041748 -0.6899999976158142 2.552000045776367
1.1100001335144043 -0.1979999542236328 2.7920000553131104
1.0380001068115234 -0.5460000038146973 2.3540000915527344
0.029999971389770508 -1.0199999809265137 2.6419999599456787
-0.054000020027160645 -0.9300000071525574 2.677999973297119
1.0199999809265137 -0.6840000152587891 2.3540000915527344
1.055999994277954 -0.12000000476837158 2.8519999980926514
-0.08399999141693115 -0.24599993228912354 2.6059999465942383
-0.023999929428100586 -0.9779999852180481 2.7019999027252197
0.10800004005432129 -1.0980000495910645 2.677999973297119
1.0799999237060547 -0.5699999928474426 2.4079999923706055
-0.07200002670288086 -0.6179999709129333 2.432000160217285
1.0799999237060547 -0.1499999761581421 2.828000068664551
-0.09000003337860107 -0.4140000343322754 2.4800000190734863
1.008000135421753 -0.906000018119812 2.4800000190734863
1.1159999370574951 -0.7739999890327454 2.552000045776367
1.1159999370574951 -0.7979999780654907 2.5759999752044678
0.9960000514984131 -0.6480000019073486 2.317999839782715
1.002000093460083 -0.6480000019073486 2.3239998817443848
1.1340000629425049 -0.75 2.5759999752044678
-0.08399999141693115 -0.4739999771118164 2.450000047683716
0.07800006866455078 -0.13199996948242188 2.450000047683716
-0.04799997806549072 -0.9480000138282776 2.7019999027252197
1.068000078201294 -0.6480000019073486 2.4019999504089355
-0.054000020027160645 -0.9240000247955322 2.6540000438690186
0.9900000095367432 -0.04799997806549072 2.875999927520752
1.0799999237060547 -0.671999990940094 2.4260001182556152
0.09000003337860107 -0.09599995613098145 2.4800000190734863
1.0799999237060547 -0.1499999761581421 2.8519999980926514
-0.09000003337860107 -0.2999999523162842 2.552000045776367
1.1100001335144043 -0.7919999957084656 2.552000045776367
-0.04799997806549072 -0.9419999718666077 2.677999973297119
1.0920000076293945 -0.6299999952316284 2.432000160217285
1.1760001182556152 -0.37199997901916504 2.7019999027252197
1.008000135421753 -0.6539999842643738 2.3299999237060547
0.054000020027160645 -1.0499999523162842 2.6540000438690186
1.194000005722046 -0.6060000061988831 2.690000057220459
0.9419999122619629 -0.8640000224113464 2.3600001335144043
1.0740001201629639 -0.6179999709129333 2.4019999504089355
0.0 -0.9959999918937683 2.6540000438690186
0.9779999256134033 -0.9660000205039978 2.503999948501587
-0.09000003337860107 -0.3240000009536743 2.5280001163482666
0.11399996280670166 -1.1039999723434448 2.671999931335449
1.187999963760376 -0.6060000061988831 2.6540000438690186
1.0799999237060547 -0.6119999885559082 2.4079999923706055
0.07200002670288086 -1.0799999237060547 2.7079999446868896
1.0320000648498535 -0.5640000104904175 2.3420000076293945
-0.0419999361038208 -0.18599998950958252 2.5759999752044678
1.128000020980835 -0.7139999866485596 2.5280001163482666
0.03600001335144043 -0.1499999761581421 2.4800000190734863
1.0920000076293945 -0.6179999709129333 2.4260001182556152
-0.023999929428100586 -0.17400002479553223 2.552000045776367
-0.09000003337860107 -0.3960000276565552 2.4800000190734863
-0.09599995613098145 -0.8460000157356262 2.630000114440918
-0.1380000114440918 -0.7860000133514404 2.7019999027252197
0.9839999675750732 -0.0419999361038208 2.9000000953674316
-0.09000003337860107 -0.26999998092651367 2.5759999752044678
-0.13199996948242188 -0.7919999957084656 2.677999973297119
-0.07799994945526123 -0.5460000038146973 2.4260001182556152
0.07800006866455078 -1.0859999656677246 2.7019999027252197
0.0 -0.9959999918937683 2.6419999599456787
0.9240000247955322 -0.7979999780654907 2.3000001907348633
1.0859999656677246 -0.1499999761581421 2.822000026702881
-0.07799994945526123 -0.5699999928474426 2.4260001182556152
-0.09000003337860107 -0.34800004959106445 2.503999948501587
1.1400001049041748 -0.24599993228912354 2.75600004196167
0.018000006675720215 -1.0199999809265137 2.6540000438690186
-0.09599995613098145 -0.8460000157356262 2.624000072479248
0.9240000247955322 -0.8519999980926514 2.3299999237060547
1.1340000629425049 -0.7379999756813049 2.552000045776367
0.04799997806549072 -1.0499999523162842 2.6540000438690186
1.0439999103546143 -0.09599995613098145 2.8519999980926514
-0.054000020027160645 -0.9480000138282776 2.7019999027252197
0.9419999122619629 -0.9959999918937683 2.4860000610351562
1.0139999389648438 -0.6779999732971191 2.3359999656677246
-0.12000000476837158 -0.7979999780654907 2.630000114440918
1.0799999237060547 -0.6420000195503235 2.4079999923706055
1.1040000915527344 -0.17400002479553223 2.803999900817871
1.1519999504089355 -0.26999998092651367 2.75
1.181999921798706 -0.5999999642372131 2.611999988555908
-0.07799994945526123 -0.5999999642372131 2.4260001182556152
-0.1380000114440918 -0.7680000066757202 2.6540000438690186
0.06599998474121094 -1.0740000009536743 2.677999973297119
0.07800006866455078 -0.13199996948242188 2.437999963760376
0.9720001220703125 -0.972000002861023 2.492000102996826
1.187999963760376 -0.3960000276565552 2.7019999027252197
0.9419999122619629 -0.7739999890327454 2.3000001907348633
1.0740001201629639 -0.6599999666213989 2.4019999504089355
-0.023999929428100586 -0.9839999675750732 2.677999973297119
-0.10199999809265137 -0.8399999737739563 2.624000072479248
1.1040000915527344 -0.7860000133514404 2.5160000324249268
1.008000135421753 -0.059999942779541016 2.9000000953674316
0.10199999809265137 -1.0980000495910645 2.6540000438690186
1.002000093460083 -0.9480000138282776 2.503999948501587
-0.04799997806549072 -0.9480000138282776 2.6600000858306885
0.9300000667572021 -0.7979999780654907 2.3000001907348633
-0.07200002670288086 -0.8999999761581421 2.630000114440918
-0.08399999141693115 -0.6060000061988831 2.432000160217285
1.2000000476837158 -0.5999999642372131 2.677999973297119
1.1340000629425049 -0.22200000286102295 2.7799999713897705
1.128000020980835 -0.7379999756813049 2.5280001163482666
-0.054000020027160645 -0.9539999961853027 2.7019999027252197
-0.03600001335144043 -0.9779999852180481 2.7019999027252197
-0.09000003337860107 -0.37199997901916504 2.4800000190734863
0.9539999961853027 -0.8640000224113464 2.3600001335144043
1.1700000762939453 -0.3179999589920044 2.7139999866485596
-0.09000003337860107 -0.4440000057220459 2.450000047683716
0.09599995613098145 -1.1039999723434448 2.690000057220459
1.068000078201294 -0.5999999642372131 2.378000020980835
-0.0419999361038208 -0.1799999475479126 2.564000129699707
-0.08399999141693115 -0.5220000147819519 2.4260001182556152
-0.07200002670288086 -0.8999999761581421 2.624000072479248
-0.0419999361038208 -0.972000002861023 2.7019999027252197
1.062000036239624 -0.6480000019073486 2.378000020980835
0.9179999828338623 -0.8219999670982361 2.3000001907348633
1.002000093460083 -0.04799997806549072 2.888000011444092
0.9240000247955322 -1.0199999809265137 2.4860000610351562
1.0499999523162842 -0.7559999823570251 2.4019999504089355
-0.09000003337860107 -0.8700000047683716 2.624000072479248
1.128000020980835 -0.7739999890327454 2.552000045776367
1.0799999237060547 -0.671999990940094 2.4079999923706055
-0.08399999141693115 -0.49800002574920654 2.4260001182556152
0.9600000381469727 -0.75 2.3000001907348633
1.121999979019165 -0.7559999823570251 2.5220000743865967
0.018000006675720215 -0.16199994087219238 2.4739999771118164
1.002000093460083 -0.9539999961853027 2.503999948501587
0.07800006866455078 -0.11399996280670166 2.450000047683716
1.068000078201294 -0.7860000133514404 2.444000005722046
1.068000078201294 -0.6240000128746033 2.378000020980835
1.1760001182556152 -0.3240000009536743 2.7260000705718994
1.0260000228881836 -0.9240000247955322 2.503999948501587
1.062000036239624 -0.6599999666213989 2.378000020980835
-0.09000003337860107 -0.21599996089935303 2.630000114440918
1.1040000915527344 -0.8339999914169312 2.552000045776367
-0.029999971389770508 -0.9839999675750732 2.677999973297119
1.0499999523162842 -0.5460000038146973 2.3480000495910645
-0.09000003337860107 -0.26999998092651367 2.552000045776367
0.054000020027160645 -0.1380000114440918 2.450000047683716
-0.1499999761581421 -0.75 2.6540000438690186
1.2000000476837158 -0.5099999904632568 2.6540000438690186
-0.03600001335144043 -0.17400002479553223 2.552000045776367
1.002000093460083 -0.671999990940094 2.312000036239624
0.9960000514984131 -0.671999990940094 2.305999994277954
0.9300000667572021 -0.8100000023841858 2.3000001907348633
1.128000020980835 -0.7799999713897705 2.552000045776367
1.1159999370574951 -0.8100000023841858 2.552000045776367
1.0799999237060547 -0.75 2.437999963760376
1.0740001201629639 -0.12000000476837158 2.8340001106262207
-0.06599998474121094 -0.18599998950958252 2.6059999465942383
1.055999994277954 -0.5460000038146973 2.3540000915527344
0.07800006866455078 -1.0920000076293945 2.677999973297119
1.0439999103546143 -0.9359999895095825 2.552000045776367
1.2000000476837158 -0.49800002574920654 2.6540000438690186
1.2000000476837158 -0.593999981880188 2.6540000438690186
0.9839999675750732 -0.9779999852180481 2.503999948501587
1.187999963760376 -0.37199997901916504 2.696000099182129
-0.08399999141693115 -0.4679999351501465 2.4260001182556152
-0.09000003337860107 -0.24599993228912354 2.5759999752044678
1.1100001335144043 -0.8460000157356262 2.5759999752044678
-0.0419999361038208 -0.972000002861023 2.677999973297119
0.0 -0.156000018119812 2.503999948501587
-0.054000020027160645 -0.9480000138282776 2.6540000438690186
1.0740001201629639 -0.6959999799728394 2.4019999504089355
1.0320000648498535 -0.07200002670288086 2.875999927520752
1.2000000476837158 -0.4440000057220459 2.677999973297119
-0.09599995613098145 -0.8700000047683716 2.630000114440918
1.0740001201629639 -0.75 2.4260001182556152
1.1100001335144043 -0.8100000023841858 2.5339999198913574
1.121999979019165 -0.7739999890327454 2.5280001163482666
1.1400001049041748 -0.22200000286102295 2.7739999294281006
0.9779999256134033 -0.018000006675720215 2.875999927520752
-0.1499999761581421 -0.7440000176429749 2.635999917984009
0.9539999961853027 -0.7739999890327454 2.3000001907348633
-0.12000000476837158 -0.8219999670982361 2.630000114440918
0.029999971389770508 -0.156000018119812 2.4559998512268066
1.1159999370574951 -0.7979999780654907 2.5339999198913574
0.060000061988830566 -1.0740000009536743 2.6540000438690186
0.9479999542236328 -0.7739999890327454 2.2940001487731934
0.08399999141693115 -1.0920000076293945 2.6480000019073486
-0.09000003337860107 -0.22200000286102295 2.6059999465942383
-0.08399999141693115 -0.1979999542236328 2.630000114440918
1.128000020980835 -0.7619999647140503 2.5280001163482666
0.9419999122619629 -0.8519999980926514 2.3299999237060547
1.008000135421753 -0.04799997806549072 2.9000000953674316
1.1040000915527344 -0.156000018119812 2.828000068664551
1.1159999370574951 -0.17400002479553223 2.7980000972747803
0.9300000667572021 -0.8519999980926514 2.317999839782715
1.2000000476837158 -0.5460000038146973 2.630000114440918
-0.09599995613098145 -0.3240000009536743 2.503999948501587
0.054000020027160645 -1.0679999589920044 2.6419999599456787
0.9240000247955322 -1.0260000228881836 2.4800000190734863
-0.09599995613098145 -0.2940000295639038 2.5280001163482666
1.062000036239624 -0.6899999976158142 2.378000020980835
1.0139999389648438 -0.7139999866485596 2.3299999237060547
1.008000135421753 -0.9480000138282776 2.492000102996826
1.2000000476837158 -0.5699999928474426 2.630000114440918
-0.156000018119812 -0.75 2.6540000438690186
-0.07799994945526123 -0.906000018119812 2.624000072479248
1.062000036239624 -0.5699999928474426 2.3540000915527344
-0.09000003337860107 -0.3960000276565552 2.450000047683716
1.2000000476837158 -0.41999995708465576 2.677999973297119
1.062000036239624 -0.75 2.4019999504089355
1.0799999237060547 -0.7680000066757202 2.437999963760376
-0.059999942779541016 -0.1799999475479126 2.5820000171661377
-0.09599995613098145 -0.41999995708465576 2.450000047683716
1.0799999237060547 -0.12000000476837158 2.8519999980926514
0.08399999141693115 -1.0980000495910645 2.6540000438690186
-0.023999929428100586 -0.16199994087219238 2.5280001163482666
0.9839999675750732 -0.7199999690055847 2.3000001907348633
0.03600001335144043 -1.0499999523162842 2.630000114440918
1.2000000476837158 -0.5699999928474426 2.624000072479248
1.0799999237060547 -0.7379999756813049 2.4200000762939453
1.0859999656677246 -0.7919999957084656 2.4619998931884766
1.2120001316070557 -0.6240000128746033 2.7019999027252197
1.068000078201294 -0.5759999752044678 2.3600001335144043
0.9660000801086426 -0.75 2.2940001487731934
0.06599998474121094 -1.0920000076293945 2.684000015258789
1.194000005722046 -0.6179999709129333 2.611999988555908
1.0740001201629639 -0.7199999690055847 2.4019999504089355
-0.023999929428100586 -0.9959999918937683 2.6540000438690186
1.1760001182556152 -0.2999999523162842 2.7260000705718994
1.0740001201629639 -0.7680000066757202 2.4260001182556152
-0.08399999141693115 -0.8999999761581421 2.624000072479248
1.0499999523162842 -0.9240000247955322 2.5280001163482666
1.2000000476837158 -0.38999998569488525 2.7019999027252197
0.9360001087188721 -1.0199999809265137 2.4800000190734863
-0.09599995613098145 -0.34800004959106445 2.4800000190734863
1.055999994277954 -0.5460000038146973 2.3420000076293945
1.2000000476837158 -0.6179999709129333 2.630000114440918
1.055999994277954 -0.5579999685287476 2.3420000076293945
0.9240000247955322 -0.8399999737739563 2.3000001907348633
-0.07200002670288086 -0.9240000247955322 2.630000114440918
0.9900000095367432 -0.023999929428100586 2.9000000953674316
0.9779999256134033 -0.7440000176429749 2.3000001907348633
1.187999963760376 -0.33000004291534424 2.7260000705718994
1.002000093460083 -0.6959999799728394 2.305999994277954
0.9960000514984131 -0.6959999799728394 2.3000001907348633
0.054000020027160645 -0.1380000114440918 2.432000160217285
1.0980000495910645 -0.8100000023841858 2.492000102996826
1.1579999923706055 -0.24599993228912354 2.75
0.9900000095367432 -0.972000002861023 2.4860000610351562
0.0 -1.0199999809265137 2.635999917984009
1.0260000228881836 -0.9419999718666077 2.503999948501587
1.062000036239624 -0.6240000128746033 2.3540000915527344
-0.09000003337860107 -0.4440000057220459 2.4260001182556152
1.0439999103546143 -0.9359999895095825 2.5280001163482666
0.07200002670288086 -1.0859999656677246 2.630000114440918
0.9240000247955322 -0.8219999670982361 2.2880001068115234
1.0859999656677246 -0.12000000476837158 2.828000068664551
1.1519999504089355 -0.22800004482269287 2.7799999713897705
-0.023999929428100586 -0.9959999918937683 2.6419999599456787
1.068000078201294 -0.8460000157356262 2.4679999351501465
1.062000036239624 -0.7139999866485596 2.378000020980835
0.07800006866455078 -0.09599995613098145 2.450000047683716
-0.08399999141693115 -0.5460000038146973 2.4019999504089355
1.0499999523162842 -0.75 2.378000020980835
-0.08399999141693115 -0.5699999928474426 2.4019999504089355
-0.08399999141693115 -0.5220000147819519 2.4019999504089355
1.1040000915527344 -0.14399993419647217 2.828000068664551
0.9360001087188721 -1.0199999809265137 2.4739999771118164
1.055999994277954 -0.9300000071525574 2.5399999618530273
-0.04799997806549072 -0.972000002861023 2.6540000438690186
0.9720001220703125 -0.9900000095367432 2.4800000190734863
-0.023999929428100586 -1.0019999742507935 2.6540000438690186
1.062000036239624 -0.7680000066757202 2.4019999504089355
0.006000041961669922 -0.1499999761581421 2.4800000190734863
-0.1499999761581421 -0.7739999890327454 2.635999917984009
1.128000020980835 -0.1799999475479126 2.803999900817871
1.194000005722046 -0.6119999885559082 2.5940001010894775
1.055999994277954 -0.7379999756813049 2.378000020980835
0.03600001335144043 -0.1380000114440918 2.450000047683716
1.055999994277954 -0.08399999141693115 2.875999927520752
1.2000000476837158 -0.37199997901916504 2.7019999027252197
0.9360001087188721 -1.0260000228881836 2.4800000190734863
1.1700000762939453 -0.26999998092651367 2.7320001125335693
-0.12000000476837158 -0.8460000157356262 2.630000114440918
1.055999994277954 -0.9240000247955322 2.5280001163482666
-0.04799997806549072 -0.972000002861023 2.6480000019073486
1.062000036239624 -0.9359999895095825 2.558000087738037
-0.08399999141693115 -0.5999999642372131 2.4019999504089355
1.1100001335144043 -0.5699999928474426 2.4079999923706055
1.194000005722046 -0.34800004959106445 2.7019999027252197
1.062000036239624 -0.6480000019073486 2.3540000915527344
1.128000020980835 -0.8640000224113464 2.618000030517578
1.1519999504089355 -0.22200000286102295 2.7799999713897705
-0.09599995613098145 -0.2999999523162842 2.503999948501587
0.9960000514984131 -0.6959999799728394 2.2940001487731934
1.1040000915527344 -0.8460000157356262 2.5280001163482666
1.1040000915527344 -0.8219999670982361 2.503999948501587
0.07200002670288086 -0.09599995613098145 2.450000047683716
1.0499999523162842 -0.7619999647140503 2.378000020980835
-0.09000003337860107 -0.1979999542236328 2.6059999465942383
1.128000020980835 -0.17400002479553223 2.803999900817871
0.9240000247955322 -0.8339999914169312 2.2880001068115234
-0.09599995613098145 -0.24599993228912354 2.552000045776367
1.0920000076293945 -0.5699999928474426 2.378000020980835
0.029999971389770508 -1.055999994277954 2.630000114440918
1.2060000896453857 -0.3960000276565552 2.684000015258789
0.07800006866455078 -0.10800004005432129 2.4260001182556152
1.1159999370574951 -0.8519999980926514 2.558000087738037
-0.14399993419647217 -0.7979999780654907 2.630000114440918
-0.09599995613098145 -0.3240000009536743 2.4800000190734863
1.0199999809265137 -0.7379999756813049 2.3299999237060547
1.128000020980835 -0.8519999980926514 2.5880000591278076
1.2120001316070557 -0.4440000057220459 2.6660001277923584
-0.09599995613098145 -0.37199997901916504 2.450000047683716
-0.09599995613098145 -0.8999999761581421 2.630000114440918
1.0740001201629639 -0.09599995613098145 2.8519999980926514
-0.09599995613098145 -0.26399993896484375 2.5280001163482666
1.062000036239624 -0.671999990940094 2.3540000915527344
-0.03600001335144043 -0.9959999918937683 2.6540000438690186
0.04799997806549072 -0.13199996948242188 2.432000160217285
1.0260000228881836 -0.04799997806549072 2.9000000953674316
1.0320000648498535 -0.054000020027160645 2.9000000953674316
-0.09000003337860107 -0.49800002574920654 2.4019999504089355
-0.09599995613098145 -0.22200000286102295 2.5759999752044678
-0.018000006675720215 -0.156000018119812 2.498000144958496
1.1760001182556152 -0.26999998092651367 2.7320001125335693
1.0799999237060547 -0.5999999642372131 2.3600001335144043
0.024000048637390137 -1.062000036239624 2.6540000438690186
1.2239999771118164 -0.6060000061988831 2.696000099182129
1.2000000476837158 -0.34800004959106445 2.7019999027252197
-0.09599995613098145 -0.41999995708465576 2.4260001182556152
1.1760001182556152 -0.26399993896484375 2.75
1.1459999084472656 -0.1979999542236328 2.7799999713897705
-0.1380000114440918 -0.8219999670982361 2.630000114440918
1.194000005722046 -0.3240000009536743 2.7079999446868896
0.9779999256134033 -0.9959999918937683 2.4800000190734863
1.055999994277954 -0.7739999890327454 2.384000062942505
1.055999994277954 -0.9179999828338623 2.503999948501587
1.0859999656677246 -0.8700000047683716 2.503999948501587
0.9539999961853027 -1.0199999809265137 2.4800000190734863
-0.09000003337860107 -0.4739999771118164 2.4019999504089355
1.0980000495910645 -0.8700000047683716 2.5280001163482666
0.9900000095367432 -0.7199999690055847 2.2880001068115234
-0.1679999828338623 -0.7440000176429749 2.635999917984009
1.2000000476837158 -0.6119999885559082 2.5880000591278076
-0.023999929428100586 -0.156000018119812 2.503999948501587
1.0799999237060547 -0.5460000038146973 2.3540000915527344
-0.029999971389770508 -1.0080000162124634 2.6540000438690186
0.08399999141693115 -0.09000003337860107 2.432000160217285
1.0799999237060547 -0.5699999928474426 2.3540000915527344
1.055999994277954 -0.07200002670288086 2.875999927520752
-0.10199999809265137 -0.8939999938011169 2.624000072479248
1.0740001201629639 -0.8700000047683716 2.4800000190734863
1.1400001049041748 -0.8640000224113464 2.630000114440918
1.062000036239624 -0.671999990940094 2.3480000495910645
1.055999994277954 -0.8640000224113464 2.444000005722046
1.2179999351501465 -0.4739999771118164 2.6540000438690186
1.002000093460083 -0.018000006675720215 2.8940000534057617
-0.07200002670288086 -0.17400002479553223 2.5759999752044678
1.0439999103546143 -0.75 2.3540000915527344
1.062000036239624 -0.6959999799728394 2.3540000915527344
1.0799999237060547 -0.09599995613098145 2.8519999980926514
0.060000061988830566 -1.0980000495910645 2.6540000438690186
1.068000078201294 -0.6480000019073486 2.3480000495910645
1.2179999351501465 -0.6240000128746033 2.6540000438690186
1.2179999351501465 -0.5220000147819519 2.635999917984009
1.0980000495910645 -0.5999999642372131 2.378000020980835
-0.07200002670288086 -0.9480000138282776 2.630000114440918
0.9419999122619629 -0.8460000157356262 2.3000001907348633
1.062000036239624 -0.8700000047683716 2.4559998512268066
1.055999994277954 -0.7199999690055847 2.3540000915527344
1.0799999237060547 -0.8700000047683716 2.4860000610351562
1.121999979019165 -0.1499999761581421 2.803999900817871
1.0980000495910645 -0.6119999885559082 2.378000020980835
0.029999971389770508 -1.0740000009536743 2.6540000438690186
-0.09599995613098145 -0.34800004959106445 2.450000047683716
-0.12000000476837158 -0.8700000047683716 2.630000114440918
1.008000135421753 -0.7199999690055847 2.3000001907348633
0.9660000801086426 -0.7739999890327454 2.2820000648498535
0.9539999961853027 -1.0260000228881836 2.4800000190734863
1.0260000228881836 -0.75 2.3299999237060547
-0.09599995613098145 -0.3960000276565552 2.4260001182556152
1.055999994277954 -0.906000018119812 2.4800000190734863
-0.09599995613098145 -0.2999999523162842 2.4800000190734863
1.0439999103546143 -0.9240000247955322 2.4800000190734863
-0.09599995613098145 -0.26999998092651367 2.503999948501587
1.0799999237060547 -0.6240000128746033 2.3540000915527344
1.062000036239624 -0.07200002670288086 2.870000123977661
1.1519999504089355 -0.1979999542236328 2.7799999713897705
1.0380001068115234 -0.04799997806549072 2.888000011444092
0.9479999542236328 -0.7979999780654907 2.2760000228881836
1.0980000495910645 -0.6299999952316284 2.378000020980835
-0.08399999141693115 -0.5460000038146973 2.378000020980835
-0.17400002479553223 -0.7559999823570251 2.6540000438690186
1.2179999351501465 -0.41999995708465576 2.671999931335449
1.2000000476837158 -0.3240000009536743 2.7079999446868896
1.1040000915527344 -0.5699999928474426 2.378000020980835
1.1040000915527344 -0.12000000476837158 2.828000068664551
-0.04799997806549072 -0.16199994087219238 2.5280001163482666
1.062000036239624 -0.6959999799728394 2.3480000495910645
1.0980000495910645 -0.8159999847412109 2.4619998931884766
-0.09599995613098145 -0.22200000286102295 2.552000045776367
1.0439999103546143 -0.8999999761581421 2.450000047683716
0.9600000381469727 -1.0199999809265137 2.4739999771118164
1.1100001335144043 -0.8399999737739563 2.503999948501587
1.1760001182556152 -0.24599993228912354 2.75
-0.08399999141693115 -0.593999981880188 2.378000020980835
-0.09599995613098145 -0.2999999523162842 2.4739999771118164
-0.09599995613098145 -0.26999998092651367 2.498000144958496
-0.09599995613098145 -0.24000000953674316 2.5280001163482666
1.1040000915527344 -0.5999999642372131 2.378000020980835
0.054000020027160645 -0.11399996280670166 2.4260001182556152
1.1040000915527344 -0.8939999938011169 2.552000045776367
1.055999994277954 -0.7379999756813049 2.3540000915527344
-0.09599995613098145 -0.3240000009536743 2.4559998512268066
1.0799999237060547 -0.6480000019073486 2.3540000915527344
-0.023999929428100586 -1.0199999809265137 2.635999917984009
1.0859999656677246 -0.7979999780654907 2.4260001182556152
-0.06599998474121094 -0.1679999828338623 2.552000045776367
1.0260000228881836 -0.75 2.3239998817443848
1.2239999771118164 -0.49800002574920654 2.6419999599456787
1.0799999237060547 -0.5519999861717224 2.3420000076293945
1.002000093460083 -0.7199999690055847 2.2880001068115234
1.0859999656677246 -0.8880000114440918 2.503999948501587
1.128000020980835 -0.1499999761581421 2.803999900817871
-0.09599995613098145 -0.22200000286102295 2.5460000038146973
0.9539999961853027 -0.7979999780654907 2.2760000228881836
1.194000005722046 -0.2940000295639038 2.7139999866485596
1.2000000476837158 -0.3059999942779541 2.7260000705718994
1.0740001201629639 -0.8880000114440918 2.4800000190734863
-0.1380000114440918 -0.8460000157356262 2.630000114440918
1.0740001201629639 -0.7919999957084656 2.4019999504089355
-0.09599995613098145 -0.1979999542236328 2.5759999752044678
-0.09599995613098145 -0.37199997901916504 2.4260001182556152
-0.09599995613098145 -0.9240000247955322 2.630000114440918
1.1040000915527344 -0.6240000128746033 2.378000020980835
-0.09599995613098145 -0.437999963760376 2.4019999504089355
1.062000036239624 -0.7799999713897705 2.378000020980835
1.2300000190734863 -0.6060000061988831 2.6660001277923584
1.1100001335144043 -0.8700000047683716 2.5280001163482666
0.9419999122619629 -0.8219999670982361 2.2760000228881836
-0.10199999809265137 -0.5220000147819519 2.3959999084472656
0.060000061988830566 -0.10800004005432129 2.4200000762939453
0.9600000381469727 -1.0260000228881836 2.4739999771118164
1.0199999809265137 -0.023999929428100586 2.9000000953674316
-0.09000003337860107 -0.5699999928474426 2.378000020980835
-0.09000003337860107 -0.5220000147819519 2.378000020980835
-0.04799997806549072 -0.9959999918937683 2.635999917984009
1.2239999771118164 -0.5460000038146973 2.624000072479248
0.9960000514984131 -0.9900000095367432 2.4739999771118164
1.1700000762939453 -0.22200000286102295 2.76200008392334
0.9660000801086426 -0.8399999737739563 2.305999994277954
1.1040000915527344 -0.5999999642372131 2.371999979019165
1.2000000476837158 -0.2999999523162842 2.7260000705718994
1.1340000629425049 -0.8460000157356262 2.552000045776367
1.0260000228881836 -0.7739999890327454 2.3299999237060547
1.2239999771118164 -0.5999999642372131 2.630000114440918
-0.10199999809265137 -0.2940000295639038 2.4800000190734863
1.0980000495910645 -0.8939999938011169 2.5280001163482666
1.1459999084472656 -0.17400002479553223 2.7860000133514404
1.0799999237060547 -0.671999990940094 2.3540000915527344
1.0499999523162842 -0.7680000066757202 2.3540000915527344
-0.09000003337860107 -0.49800002574920654 2.378000020980835
1.2300000190734863 -0.4919999837875366 2.6540000438690186
0.0 -1.0499999523162842 2.630000114440918
-0.09599995613098145 -0.41999995708465576 2.4019999504089355
1.1040000915527344 -0.6480000019073486 2.378000020980835
-0.09599995613098145 -0.34800004959106445 2.432000160217285
1.2179999351501465 -0.6119999885559082 2.6059999465942383
0.9419999122619629 -0.828000009059906 2.2760000228881836
-0.09599995613098145 -0.37199997901916504 2.4200000762939453
0.9839999675750732 -0.75 2.2760000228881836
1.0380001068115234 -0.9480000138282776 2.4800000190734863
1.1040000915527344 -0.6240000128746033 2.371999979019165
1.2300000190734863 -0.4739999771118164 2.6540000438690186
0.04200005531311035 -1.0980000495910645 2.6540000438690186
1.0199999809265137 -0.972000002861023 2.4800000190734863
-0.09599995613098145 -0.3960000276565552 2.4079999923706055
1.0260000228881836 -0.7559999823570251 2.317999839782715
-0.09000003337860107 -0.4739999771118164 2.378000020980835
1.1040000915527344 -0.8159999847412109 2.4559998512268066
1.2300000190734863 -0.4320000410079956 2.677999973297119
-0.13199996948242188 -0.8700000047683716 2.630000114440918
-0.10199999809265137 -0.2580000162124634 2.503999948501587
1.1159999370574951 -0.8339999914169312 2.492000102996826
1.1040000915527344 -0.8700000047683716 2.503999948501587
1.1040000915527344 -0.8999999761581421 2.5399999618530273
1.0260000228881836 -0.023999929428100586 2.9000000953674316
-0.17400002479553223 -0.7739999890327454 2.635999917984009
-0.09000003337860107 -0.5879999995231628 2.371999979019165
1.062000036239624 -0.7199999690055847 2.3420000076293945
-0.059999942779541016 -0.16199994087219238 2.5280001163482666
0.9779999256134033 -1.0199999809265137 2.4800000190734863
1.2300000190734863 -0.5460000038146973 2.630000114440918
1.0799999237060547 -0.671999990940094 2.3480000495910645
1.055999994277954 -0.8999999761581421 2.450000047683716
1.2300000190734863 -0.5579999685287476 2.630000114440918
-0.09599995613098145 -0.1979999542236328 2.558000087738037
1.1159999370574951 -0.12000000476837158 2.815999984741211
-0.10199999809265137 -0.3240000009536743 2.450000047683716
-0.07799994945526123 -0.9599999785423279 2.624000072479248
1.002000093460083 -0.9959999918937683 2.4800000190734863
1.0980000495910645 -0.09599995613098145 2.8399999141693115
1.0139999389648438 -0.75 2.3000001907348633
0.011999964714050293 -0.1260000467300415 2.450000047683716
0.9779999256134033 -0.7739999890327454 2.2760000228881836
1.0799999237060547 -0.6959999799728394 2.3540000915527344
1.2300000190734863 -0.41999995708465576 2.677999973297119
1.1040000915527344 -0.671999990940094 2.378000020980835
-0.07200002670288086 -0.972000002861023 2.630000114440918
1.0859999656677246 -0.5399999618530273 2.3359999656677246
1.0499999523162842 -0.8880000114440918 2.4260001182556152
-0.023999929428100586 -0.14399993419647217 2.4800000190734863
1.2239999771118164 -0.5999999642372131 2.6059999465942383
0.9539999961853027 -0.8219999670982361 2.2760000228881836
1.2179999351501465 -0.34800004959106445 2.696000099182129
0.029999971389770508 -1.0859999656677246 2.630000114440918
1.128000020980835 -0.8819999694824219 2.564000129699707
-0.12000000476837158 -0.8999999761581421 2.630000114440918
1.055999994277954 -0.7739999890327454 2.3540000915527344
1.0260000228881836 -0.972000002861023 2.4800000190734863
0.029999971389770508 -0.10199999809265137 2.450000047683716
1.2060000896453857 -0.2999999523162842 2.7139999866485596
1.2239999771118164 -0.37199997901916504 2.690000057220459
0.054000020027160645 -0.09599995613098145 2.4260001182556152
-0.04799997806549072 -0.156000018119812 2.503999948501587
1.2300000190734863 -0.6179999709129333 2.630000114440918
0.03600001335144043 -0.11399996280670166 2.4260001182556152
0.9779999256134033 -1.0260000228881836 2.4800000190734863
-0.09599995613098145 -0.41999995708465576 2.3899998664855957
-0.10199999809265137 -0.24599993228912354 2.503999948501587
1.1040000915527344 -0.6480000019073486 2.366000175476074
-0.10199999809265137 -0.40799999237060547 2.4019999504089355
1.2420001029968262 -0.6060000061988831 2.677999973297119
1.0799999237060547 -0.6959999799728394 2.3480000495910645
1.1040000915527344 -0.5460000038146973 2.3540000915527344
0.9539999961853027 -0.828000009059906 2.2760000228881836
1.1040000915527344 -0.5579999685287476 2.3540000915527344
1.1340000629425049 -0.8460000157356262 2.5280001163482666
-0.10199999809265137 -0.22200000286102295 2.5280001163482666
-0.10199999809265137 -0.26999998092651367 2.4800000190734863
1.002000093460083 -0.75 2.2820000648498535
-0.10199999809265137 -0.34800004959106445 2.4260001182556152
-0.156000018119812 -0.8339999914169312 2.630000114440918
1.1040000915527344 -0.6959999799728394 2.378000020980835
-0.19200003147125244 -0.75 2.6540000438690186
1.1760001182556152 -0.21000003814697266 2.7799999713897705
1.1340000629425049 -0.6240000128746033 2.4019999504089355
0.9900000095367432 -0.75 2.2699999809265137
-0.09599995613098145 -0.17400002479553223 2.5759999752044678
1.0799999237060547 -0.7199999690055847 2.3540000915527344
0.054000020027160645 -0.09599995613098145 2.4200000762939453
1.062000036239624 -0.04799997806549072 2.875999927520752
1.2360000610351562 -0.5220000147819519 2.630000114440918
-0.1260000467300415 -0.6240000128746033 2.4200000762939453
0.04200005531311035 -0.10800004005432129 2.4200000762939453
0.9779999256134033 -1.0260000228881836 2.4739999771118164
-0.10199999809265137 -0.3960000276565552 2.4019999504089355
0.04799997806549072 -0.09599995613098145 2.4260001182556152
1.1400001049041748 -0.5640000104904175 2.4019999504089355
1.1579999923706055 -0.17400002479553223 2.7799999713897705
-0.011999964714050293 -1.0499999523162842 2.624000072479248
-0.09599995613098145 -0.4440000057220459 2.378000020980835
-0.09599995613098145 -0.9480000138282776 2.630000114440918
1.128000020980835 -0.8640000224113464 2.5280001163482666
1.0499999523162842 -0.906000018119812 2.432000160217285
-0.17400002479553223 -0.7979999780654907 2.635999917984009
1.008000135421753 -0.7860000133514404 2.3000001907348633
1.128000020980835 -0.5820000171661377 2.384000062942505
1.0499999523162842 -0.9240000247955322 2.450000047683716
1.0139999389648438 -0.7739999890327454 2.3000001907348633
0.006000041961669922 -0.1260000467300415 2.444000005722046
1.0799999237060547 -0.06599998474121094 2.875999927520752
1.2300000190734863 -0.5999999642372131 2.6059999465942383
1.1040000915527344 -0.671999990940094 2.366000175476074
-0.04799997806549072 -0.156000018119812 2.492000102996826
1.0920000076293945 -0.7919999957084656 2.4019999504089355
1.0199999809265137 -0.011999964714050293 2.930000066757202
1.2300000190734863 -0.3659999370574951 2.7019999027252197
1.1459999084472656 -0.1499999761581421 2.7920000553131104
1.194000005722046 -0.24599993228912354 2.74399995803833
1.2300000190734863 -0.37199997901916504 2.690000057220459
1.055999994277954 -0.8999999761581421 2.432000160217285
1.128000020980835 -0.8460000157356262 2.503999948501587
1.062000036239624 -0.7799999713897705 2.3540000915527344
1.2300000190734863 -0.6119999885559082 2.6059999465942383
-0.09000003337860107 -0.5460000038146973 2.3540000915527344
-0.12000000476837158 -0.6119999885559082 2.4019999504089355
1.1100001335144043 -0.8819999694824219 2.503999948501587
-0.09000003337860107 -0.5699999928474426 2.3540000915527344
-0.09000003337860107 -0.5220000147819519 2.3540000915527344
0.006000041961669922 -1.0740000009536743 2.630000114440918
1.0260000228881836 -0.9839999675750732 2.4800000190734863
1.1040000915527344 -0.09000003337860107 2.8519999980926514
1.0799999237060547 -0.7199999690055847 2.3480000495910645
-0.09599995613098145 -0.18599998950958252 2.5460000038146973
1.128000020980835 -0.12000000476837158 2.809999942779541
1.002000093460083 -0.828000009059906 2.312000036239624
1.055999994277954 -0.7619999647140503 2.3359999656677246
1.128000020980835 -0.5699999928474426 2.378000020980835
-0.04799997806549072 -1.0199999809265137 2.635999917984009
1.128000020980835 -0.6240000128746033 2.384000062942505
0.9839999675750732 -0.8399999737739563 2.3000001907348633
1.1760001182556152 -0.1979999542236328 2.7799999713897705
1.062000036239624 -0.75 2.3359999656677246
1.2420001029968262 -0.4739999771118164 2.6480000019073486
1.2300000190734863 -0.5999999642372131 2.5940001010894775
1.2000000476837158 -0.25199997425079346 2.75
1.0439999103546143 -0.023999929428100586 2.8940000534057617
1.002000093460083 -0.8100000023841858 2.3000001907348633
1.055999994277954 -0.9240000247955322 2.450000047683716
1.1040000915527344 -0.5519999861717224 2.3420000076293945
1.0920000076293945 -0.07200002670288086 2.8580000400543213
1.2420001029968262 -0.49800002574920654 2.635999917984009
1.1100001335144043 -0.7979999780654907 2.4260001182556152
-0.10199999809265137 -0.9480000138282776 2.630000114440918
1.2060000896453857 -0.26999998092651367 2.7260000705718994
0.0 -0.12000000476837158 2.450000047683716
1.187999963760376 -0.22200000286102295 2.75600004196167
-0.059999942779541016 -0.156000018119812 2.503999948501587
1.1040000915527344 -0.6959999799728394 2.366000175476074
0.0 -1.0679999589920044 2.618000030517578
-0.19200003147125244 -0.7739999890327454 2.6540000438690186
1.0260000228881836 -0.011999964714050293 2.930000066757202
1.055999994277954 -0.03600001335144043 2.9000000953674316
0.9900000095367432 -0.7739999890327454 2.2699999809265137
-0.10199999809265137 -0.18599998950958252 2.552000045776367
-0.13199996948242188 -0.8999999761581421 2.630000114440918
-0.10800004005432129 -0.2999999523162842 2.450000047683716
1.2300000190734863 -0.34800004959106445 2.7019999027252197
0.9960000514984131 -1.0139999389648438 2.4679999351501465
0.9720001220703125 -0.7979999780654907 2.2639999389648438
1.2300000190734863 -0.6060000061988831 2.5880000591278076
-0.1979999542236328 -0.7440000176429749 2.635999917984009
1.128000020980835 -0.6480000019073486 2.384000062942505
1.1519999504089355 -0.8460000157356262 2.5460000038146973
1.1459999084472656 -0.5999999642372131 2.4019999504089355
1.2000000476837158 -0.24599993228912354 2.75
1.2420001029968262 -0.5999999642372131 2.630000114440918
1.128000020980835 -0.11399996280670166 2.828000068664551
1.2300000190734863 -0.34800004959106445 2.696000099182129
-0.023999929428100586 -1.0499999523162842 2.630000114440918
-0.09599995613098145 -0.4440000057220459 2.366000175476074
-0.10199999809265137 -0.24599993228912354 2.4800000190734863
-0.10199999809265137 -0.22200000286102295 2.503999948501587
-0.09599995613098145 -0.4739999771118164 2.3600001335144043
1.128000020980835 -0.8939999938011169 2.5460000038146973
0.011999964714050293 -1.0859999656677246 2.630000114440918
1.0199999809265137 0.0 2.9119999408721924
-0.12000000476837158 -0.9240000247955322 2.630000114440918
1.002000093460083 -0.7680000066757202 2.2760000228881836
1.1700000762939453 -0.1799999475479126 2.7739999294281006
1.1340000629425049 -0.8219999670982361 2.4800000190734863
-0.059999942779541016 -0.156000018119812 2.498000144958496
1.121999979019165 -0.8040000200271606 2.444000005722046
1.2420001029968262 -0.41999995708465576 2.6660001277923584
1.0799999237060547 -0.8999999761581421 2.4559998512268066
-0.07200002670288086 -0.9959999918937683 2.630000114440918
-0.09000003337860107 -0.972000002861023 2.630000114440918
1.1100001335144043 -0.7199999690055847 2.378000020980835
-0.10199999809265137 -0.1979999542236328 2.5280001163482666
-0.10199999809265137 -0.41999995708465576 2.378000020980835
-0.09599995613098145 -0.49800002574920654 2.3540000915527344
1.002000093460083 -0.7860000133514404 2.2820000648498535
-0.17400002479553223 -0.8219999670982361 2.635999917984009
1.0139999389648438 -1.0080000162124634 2.4800000190734863
0.9900000095367432 -0.7979999780654907 2.2760000228881836
-0.04799997806549072 -0.1499999761581421 2.4800000190734863
1.2420001029968262 -0.5699999928474426 2.611999988555908
-0.09599995613098145 -0.1679999828338623 2.552000045776367
-0.07200002670288086 -0.9959999918937683 2.624000072479248
1.1519999504089355 -0.14399993419647217 2.803999900817871
-0.10800004005432129 -0.37199997901916504 2.4019999504089355
-0.10800004005432129 -0.3240000009536743 2.4260001182556152
1.128000020980835 -0.671999990940094 2.384000062942505
1.2420001029968262 -0.3960000276565552 2.677999973297119
1.1519999504089355 -0.5699999928474426 2.4019999504089355
1.1040000915527344 -0.7919999957084656 2.4019999504089355
1.0199999809265137 -0.9959999918937683 2.4679999351501465
1.0859999656677246 -0.75 2.3540000915527344
-0.029999971389770508 -1.0499999523162842 2.630000114440918
1.0980000495910645 -0.8999999761581421 2.4800000190734863
1.055999994277954 -0.9419999718666077 2.4559998512268066
-0.10199999809265137 -0.17400002479553223 2.552000045776367
1.1519999504089355 -0.5999999642372131 2.4019999504089355
1.0799999237060547 -0.7799999713897705 2.3600001335144043
0.018000006675720215 -0.10800004005432129 2.4260001182556152
1.128000020980835 -0.8700000047683716 2.503999948501587
1.1579999923706055 -0.1499999761581421 2.7860000133514404
0.9779999256134033 -0.828000009059906 2.2760000228881836
1.002000093460083 -1.0260000228881836 2.4800000190734863
-0.09599995613098145 -0.49800002574920654 2.3480000495910645
1.247999906539917 -0.4440000057220459 2.6540000438690186
-0.023999929428100586 -0.13199996948242188 2.4559998512268066
-0.1260000467300415 -0.9240000247955322 2.630000114440918
1.0920000076293945 -0.7860000133514404 2.378000020980835
1.121999979019165 -0.09599995613098145 2.8340001106262207
1.0799999237060547 -0.04799997806549072 2.875999927520752
1.2300000190734863 -0.3240000009536743 2.7019999027252197
1.0499999523162842 -0.9480000138282776 2.450000047683716
1.247999906539917 -0.5460000038146973 2.618000030517578
1.0799999237060547 -0.7739999890327454 2.3540000915527344
-0.1260000467300415 -0.6060000061988831 2.3899998664855957
1.1519999504089355 -0.5759999752044678 2.3959999084472656
0.9839999675750732 -0.8219999670982361 2.2760000228881836
1.055999994277954 -0.023999929428100586 2.9000000953674316
1.1519999504089355 -0.6240000128746033 2.4019999504089355
1.0799999237060547 -0.75 2.3420000076293945
1.1040000915527344 -0.7199999690055847 2.3600001335144043
1.253999948501587 -0.48000001907348633 2.6540000438690186
1.1459999084472656 -0.6660000085830688 2.4019999504089355
0.9779999256134033 -0.7979999780654907 2.257999897003174
1.128000020980835 -0.6959999799728394 2.384000062942505
1.253999948501587 -0.4739999771118164 2.6540000438690186
1.1159999370574951 -0.8040000200271606 2.4200000762939453
0.9720001220703125 -0.8100000023841858 2.257999897003174
-0.12000000476837158 -0.5999999642372131 2.378000020980835
1.002000093460083 -1.0260000228881836 2.4739999771118164
1.1700000762939453 -0.5999999642372131 2.4260001182556152
-0.1979999542236328 -0.7739999890327454 2.635999917984009
1.187999963760376 -0.1979999542236328 2.7680001258850098
0.0 -1.0799999237060547 2.611999988555908
-0.10199999809265137 -0.4739999771118164 2.3540000915527344
1.0799999237060547 -0.7559999823570251 2.3420000076293945
1.1760001182556152 -0.17400002479553223 2.7799999713897705
1.1760001182556152 -0.17400002479553223 2.7739999294281006
1.1100001335144043 -0.75 2.378000020980835
1.1040000915527344 -0.8999999761581421 2.4800000190734863
-0.10800004005432129 -0.26999998092651367 2.450000047683716
-0.12000000476837158 -0.6179999709129333 2.378000020980835
-0.011999964714050293 -1.0740000009536743 2.624000072479248
1.253999948501587 -0.5399999618530273 2.630000114440918
1.1519999504089355 -0.6480000019073486 2.4019999504089355
1.253999948501587 -0.5220000147819519 2.630000114440918
1.128000020980835 -0.5460000038146973 2.3540000915527344
1.128000020980835 -0.5519999861717224 2.3540000915527344
-0.054000020027160645 -0.14399993419647217 2.4800000190734863
-0.16199994087219238 -0.8700000047683716 2.635999917984009
1.128000020980835 -0.8819999694824219 2.503999948501587
1.1100001335144043 -0.5339999794960022 2.3299999237060547
-0.09000003337860107 -0.5699999928474426 2.3299999237060547
-0.10800004005432129 -0.2999999523162842 2.4260001182556152
-0.07200002670288086 -0.1499999761581421 2.503999948501587
-0.09000003337860107 -0.5759999752044678 2.3299999237060547
1.1040000915527344 -0.7739999890327454 2.378000020980835
1.253999948501587 -0.4440000057220459 2.6540000438690186
1.253999948501587 -0.4140000343322754 2.677999973297119
0.9779999256134033 -0.8100000023841858 2.257999897003174
1.1100001335144043 -0.07200002670288086 2.8519999980926514
1.1040000915527344 -0.8999999761581421 2.4739999771118164
1.253999948501587 -0.5460000038146973 2.618000030517578
1.2300000190734863 -0.2999999523162842 2.7079999446868896
-0.006000041961669922 -1.0799999237060547 2.611999988555908
1.1040000915527344 -0.7799999713897705 2.378000020980835
-0.10199999809265137 -0.17400002479553223 2.5280001163482666
1.1760001182556152 -0.5999999642372131 2.4260001182556152
1.1519999504089355 -0.671999990940094 2.4019999504089355
1.128000020980835 -0.5519999861717224 2.3480000495910645
-0.21000003814697266 -0.7440000176429749 2.624000072479248
-0.07200002670288086 -1.0139999389648438 2.624000072479248
1.062000036239624 -0.9240000247955322 2.4260001182556152
1.253999948501587 -0.5699999928474426 2.611999988555908
1.2300000190734863 -0.2879999876022339 2.7260000705718994
1.1040000915527344 -0.75 2.3600001335144043
1.1519999504089355 -0.6599999666213989 2.3959999084472656
-0.10800004005432129 -0.22200000286102295 2.4800000190734863
-0.09599995613098145 -0.5460000038146973 2.3299999237060547
1.253999948501587 -0.3960000276565552 2.677999973297119
1.0439999103546143 -0.972000002861023 2.450000047683716
-0.023999929428100586 -0.12000000476837158 2.450000047683716
1.1519999504089355 -0.8460000157356262 2.503999948501587
-0.21599996089935303 -0.7680000066757202 2.677999973297119
1.2060000896453857 -0.22200000286102295 2.75
1.1459999084472656 -0.8339999914169312 2.4800000190734863
-0.09599995613098145 -0.5220000147819519 2.3299999237060547
-0.1979999542236328 -0.7979999780654907 2.635999917984009
1.2599999904632568 -0.49800002574920654 2.635999917984009
-0.10800004005432129 -0.1979999542236328 2.503999948501587
1.1519999504089355 -0.8219999670982361 2.4800000190734863
-0.11399996280670166 -0.3960000276565552 2.378000020980835
1.1519999504089355 -0.12000000476837158 2.803999900817871
1.128000020980835 -0.7199999690055847 2.378000020980835
1.1159999370574951 -0.07200002670288086 2.8459999561309814
-0.10800004005432129 -0.972000002861023 2.630000114440918
-0.07200002670288086 -1.0199999809265137 2.630000114440918
1.1519999504089355 -0.5579999685287476 2.378000020980835
1.2599999904632568 -0.4739999771118164 2.6419999599456787
-0.023999929428100586 -1.0740000009536743 2.630000114440918
1.1040000915527344 -0.059999942779541016 2.881999969482422
1.2599999904632568 -0.5220000147819519 2.624000072479248
-0.09599995613098145 -0.156000018119812 2.5280001163482666
1.2179999351501465 -0.24599993228912354 2.73799991607666
1.0499999523162842 -0.9480000138282776 2.4260001182556152
1.1519999504089355 -0.6959999799728394 2.4019999504089355
1.253999948501587 -0.6060000061988831 2.6059999465942383
1.0740001201629639 -0.023999929428100586 2.881999969482422
1.1760001182556152 -0.6480000019073486 2.4260001182556152
1.1459999084472656 -0.828000009059906 2.4679999351501465
-0.21599996089935303 -0.75 2.635999917984009
1.1760001182556152 -0.5820000171661377 2.4140000343322754
1.128000020980835 -0.08399999141693115 2.8519999980926514
-0.12000000476837158 -0.34800004959106445 2.4019999504089355
-0.09599995613098145 -0.6240000128746033 2.3299999237060547
1.0980000495910645 -0.04799997806549072 2.870000123977661
1.253999948501587 -0.37199997901916504 2.684000015258789
-0.018000006675720215 -0.12000000476837158 2.432000160217285
1.253999948501587 -0.6060000061988831 2.5999999046325684
-0.11399996280670166 -0.6299999952316284 2.3540000915527344
-0.09599995613098145 -0.6299999952316284 2.3299999237060547
1.2599999904632568 -0.41999995708465576 2.6600000858306885
1.0439999103546143 0.0 2.930000066757202
1.1040000915527344 -0.7799999713897705 2.366000175476074
1.1459999084472656 -0.8100000023841858 2.450000047683716
-0.10199999809265137 -0.5220000147819519 2.3299999237060547
1.0859999656677246 -0.9240000247955322 2.450000047683716
1.1400001049041748 -0.09599995613098145 2.828000068664551
-0.09599995613098145 -0.9959999918937683 2.630000114440918
-0.09599995613098145 -0.1499999761581421 2.5280001163482666
1.1400001049041748 -0.7919999957084656 2.4260001182556152
1.181999921798706 -0.6240000128746033 2.4260001182556152
1.2300000190734863 -0.26999998092651367 2.7260000705718994
1.253999948501587 -0.3539999723434448 2.7019999027252197
1.1519999504089355 -0.6959999799728394 2.3959999084472656
1.2300000190734863 -0.26999998092651367 2.7200000286102295
1.0799999237060547 -0.9240000247955322 2.437999963760376
1.1760001182556152 -0.6240000128746033 2.4140000343322754
1.1040000915527344 -0.7739999890327454 2.3600001335144043
1.2000000476837158 -0.19200003147125244 2.7799999713897705
-0.12000000476837158 -0.5999999642372131 2.3540000915527344
1.253999948501587 -0.34800004959106445 2.7019999027252197
-0.09000003337860107 -0.6299999952316284 2.317999839782715
1.1519999504089355 -0.8640000224113464 2.503999948501587
-0.09599995613098145 -0.5399999618530273 2.317999839782715
1.1519999504089355 -0.7199999690055847 2.4019999504089355
-0.13199996948242188 -0.9480000138282776 2.630000114440918
1.1519999504089355 -0.10800004005432129 2.828000068664551
1.2599999904632568 -0.5999999642372131 2.6059999465942383
-0.11399996280670166 -0.24599993228912354 2.450000047683716
1.128000020980835 -0.75 2.378000020980835
1.1760001182556152 -0.14399993419647217 2.803999900817871
1.0499999523162842 -0.9480000138282776 2.4140000343322754
-0.12000000476837158 -0.6240000128746033 2.3540000915527344
1.1760001182556152 -0.5640000104904175 2.4019999504089355
-0.1979999542236328 -0.8219999670982361 2.635999917984009
1.0199999809265137 -1.0199999809265137 2.4559998512268066
1.1040000915527344 -0.04799997806549072 2.875999927520752
1.1760001182556152 -0.6480000019073486 2.4140000343322754
1.2660000324249268 -0.6119999885559082 2.630000114440918
1.1400001049041748 -0.8040000200271606 2.4260001182556152
-0.0419999361038208 -0.1260000467300415 2.450000047683716
1.0499999523162842 0.006000041961669922 2.9060001373291016
1.128000020980835 -0.5339999794960022 2.3299999237060547
1.1459999084472656 -0.8700000047683716 2.492000102996826
-0.023999929428100586 -1.0859999656677246 2.630000114440918
1.1459999084472656 -0.09599995613098145 2.815999984741211
-0.21599996089935303 -0.7739999890327454 2.635999917984009
-0.12000000476837158 -0.34800004959106445 2.3899998664855957
-0.22200000286102295 -0.7680000066757202 2.6540000438690186
-0.12000000476837158 -0.3240000009536743 2.4019999504089355
1.128000020980835 -0.07200002670288086 2.8399999141693115
-0.09000003337860107 -0.6240000128746033 2.312000036239624
-0.12000000476837158 -0.37199997901916504 2.378000020980835
-0.13199996948242188 -0.9539999961853027 2.630000114440918
1.1519999504089355 -0.7199999690055847 2.3959999084472656
1.128000020980835 -0.07200002670288086 2.8519999980926514
1.1519999504089355 -0.5519999861717224 2.3600001335144043
-0.09599995613098145 -0.156000018119812 2.503999948501587
1.0439999103546143 -0.972000002861023 2.4260001182556152
-0.12000000476837158 -0.4440000057220459 2.3540000915527344
-0.1260000467300415 -0.5999999642372131 2.3540000915527344
-0.08399999141693115 -1.0199999809265137 2.624000072479248
1.128000020980835 -0.75 2.371999979019165
-0.10800004005432129 -0.17400002479553223 2.503999948501587
1.181999921798706 -0.671999990940094 2.4260001182556152
1.1159999370574951 -0.9179999828338623 2.4800000190734863
1.0260000228881836 -1.0139999389648438 2.450000047683716
1.1400001049041748 -0.8040000200271606 2.4200000762939453
-0.12000000476837158 -0.3960000276565552 2.366000175476074
-0.12000000476837158 -0.5759999752044678 2.3420000076293945
1.194000005722046 -0.5699999928474426 2.4260001182556152
1.1760001182556152 -0.1380000114440918 2.8399999141693115
1.1340000629425049 -0.7919999957084656 2.4019999504089355
1.1760001182556152 -0.671999990940094 2.4140000343322754
1.0199999809265137 -1.0080000162124634 2.432000160217285
1.128000020980835 -0.8999999761581421 2.4800000190734863
1.2060000896453857 -0.5999999642372131 2.450000047683716
1.1040000915527344 -0.9240000247955322 2.4619998931884766
1.0439999103546143 -0.9959999918937683 2.450000047683716
-0.1260000467300415 -0.6240000128746033 2.3540000915527344
1.128000020980835 -0.7799999713897705 2.384000062942505
1.253999948501587 -0.3240000009536743 2.7019999027252197
-0.1679999828338623 -0.8999999761581421 2.635999917984009
1.1519999504089355 -0.8219999670982361 2.450000047683716
-0.09599995613098145 -0.1499999761581421 2.503999948501587
-0.12000000476837158 -0.2999999523162842 2.4079999923706055
-0.03600001335144043 -0.11399996280670166 2.444000005722046
1.253999948501587 -0.3240000009536743 2.696000099182129
1.1519999504089355 -0.5460000038146973 2.3540000915527344
1.1519999504089355 -0.09599995613098145 2.815999984741211
1.2000000476837158 -0.17400002479553223 2.7799999713897705
-0.12000000476837158 -0.4440000057220459 2.3480000495910645
1.1519999504089355 -0.09599995613098145 2.828000068664551
-0.12000000476837158 -0.41999995708465576 2.3540000915527344
1.2720000743865967 -0.4440000057220459 2.6480000019073486
-0.11399996280670166 -0.1979999542236328 2.4800000190734863
-0.12000000476837158 -0.26999998092651367 2.4260001182556152
1.1579999923706055 -0.828000009059906 2.4619998931884766
1.0920000076293945 -0.023999929428100586 2.875999927520752
-0.12000000476837158 -0.6240000128746033 2.3420000076293945
-0.12000000476837158 -0.5699999928474426 2.3359999656677246
1.1640000343322754 -0.7979999780654907 2.450000047683716
1.055999994277954 -0.9480000138282776 2.4079999923706055
1.068000078201294 0.0 2.888000011444092
1.181999921798706 -0.6959999799728394 2.4260001182556152
1.187999963760376 -0.1499999761581421 2.7799999713897705
-0.23399996757507324 -0.75 2.6540000438690186
1.0740001201629639 -0.9419999718666077 2.4260001182556152
-0.059999942779541016 -0.1260000467300415 2.4619998931884766
1.1640000343322754 -0.8399999737739563 2.4800000190734863
-0.1979999542236328 -0.8460000157356262 2.635999917984009
1.1519999504089355 -0.5519999861717224 2.3480000495910645
1.2780001163482666 -0.5399999618530273 2.630000114440918
-0.04799997806549072 -1.0740000009536743 2.630000114440918
1.128000020980835 -0.7739999890327454 2.371999979019165
1.2000000476837158 -0.6240000128746033 2.432000160217285
1.2720000743865967 -0.3960000276565552 2.671999931335449
-0.054000020027160645 -0.12000000476837158 2.4559998512268066
1.2780001163482666 -0.5220000147819519 2.630000114440918
1.128000020980835 -0.9120000004768372 2.4800000190734863
-0.12000000476837158 -0.4739999771118164 2.3359999656677246
1.2780001163482666 -0.4739999771118164 2.6419999599456787
1.1519999504089355 -0.8040000200271606 2.4260001182556152
-0.09599995613098145 -0.5699999928474426 2.3000001907348633
-0.11399996280670166 -0.9959999918937683 2.630000114440918
-0.14399993419647217 -0.6599999666213989 2.378000020980835
-0.09599995613098145 -1.0199999809265137 2.630000114440918
1.2780001163482666 -0.4440000057220459 2.6540000438690186
1.1340000629425049 -0.7739999890327454 2.378000020980835
1.1760001182556152 -0.6959999799728394 2.4079999923706055
-0.07200002670288086 -1.0499999523162842 2.630000114440918
1.1579999923706055 -0.75 2.4019999504089355
1.2660000324249268 -0.593999981880188 2.5820000171661377
1.2780001163482666 -0.6179999709129333 2.635999917984009
-0.04799997806549072 -0.11399996280670166 2.450000047683716
1.2360000610351562 -0.24000000953674316 2.75
1.2660000324249268 -0.34800004959106445 2.690000057220459
-0.12000000476837158 -0.49800002574920654 2.3299999237060547
-0.21599996089935303 -0.8040000200271606 2.630000114440918
1.2780001163482666 -0.4440000057220459 2.6480000019073486
1.2179999351501465 -0.1979999542236328 2.75600004196167
1.1760001182556152 -0.12000000476837158 2.803999900817871
-0.07200002670288086 -1.0499999523162842 2.624000072479248
1.1519999504089355 -0.75 2.3899998664855957
1.1760001182556152 -0.5579999685287476 2.378000020980835
1.1760001182556152 -0.12000000476837158 2.7920000553131104
-0.12000000476837158 -0.24599993228912354 2.432000160217285
1.0740001201629639 0.0 2.9000000953674316
1.121999979019165 -0.04799997806549072 2.8580000400543213
1.1579999923706055 -0.8700000047683716 2.4860000610351562
1.2300000190734863 -0.22200000286102295 2.75
1.2780001163482666 -0.40199995040893555 2.677999973297119
1.2780001163482666 -0.5460000038146973 2.611999988555908
-0.07799994945526123 -0.1260000467300415 2.4800000190734863
-0.12000000476837158 -0.22200000286102295 2.450000047683716
1.1760001182556152 -0.8519999980926514 2.503999948501587
-0.22200000286102295 -0.7979999780654907 2.635999917984009
1.2839999198913574 -0.4679999351501465 2.6540000438690186
1.2000000476837158 -0.6420000195503235 2.4260001182556152
-0.19200003147125244 -0.8819999694824219 2.6540000438690186
1.2780001163482666 -0.3960000276565552 2.677999973297119
1.2120001316070557 -0.6480000019073486 2.450000047683716
-0.10800004005432129 -0.1499999761581421 2.503999948501587
-0.12000000476837158 -0.49800002574920654 2.3239998817443848
-0.12000000476837158 -0.6359999775886536 2.3299999237060547
-0.1260000467300415 -0.5699999928474426 2.3299999237060547
1.2780001163482666 -0.3960000276565552 2.671999931335449
1.0499999523162842 -0.972000002861023 2.4079999923706055
-0.07799994945526123 -1.0499999523162842 2.630000114440918
1.2000000476837158 -0.671999990940094 2.432000160217285
-0.1380000114440918 -0.34800004959106445 2.3899998664855957
1.0439999103546143 -0.9959999918937683 2.4260001182556152
-0.13199996948242188 -0.41999995708465576 2.3540000915527344
1.1760001182556152 -0.7199999690055847 2.4079999923706055
-0.1679999828338623 -0.9240000247955322 2.635999917984009
1.2420001029968262 -0.24599993228912354 2.7320001125335693
-0.07200002670288086 -1.055999994277954 2.624000072479248
1.181999921798706 -0.8460000157356262 2.503999948501587
1.2839999198913574 -0.49800002574920654 2.630000114440918
-0.14399993419647217 -0.3960000276565552 2.378000020980835
-0.09599995613098145 -0.10800004005432129 2.5339999198913574
-0.07799994945526123 -1.0499999523162842 2.624000072479248
1.0799999237060547 0.0 2.9000000953674316
1.2060000896453857 -0.6959999799728394 2.450000047683716
-0.24000000953674316 -0.75 2.635999917984009
1.1760001182556152 -0.7979999780654907 2.450000047683716
1.2120001316070557 -0.17400002479553223 2.7680001258850098
1.2120001316070557 -0.6660000085830688 2.450000047683716
1.2179999351501465 -0.6240000128746033 2.450000047683716
1.0980000495910645 -0.9480000138282776 2.450000047683716
1.187999963760376 -0.7199999690055847 2.4260001182556152
-0.04799997806549072 -1.0859999656677246 2.630000114440918
1.2000000476837158 -0.1499999761581421 2.7799999713897705
-0.23399996757507324 -0.7739999890327454 2.635999917984009
1.1579999923706055 -0.8040000200271606 2.4200000762939453
-0.1380000114440918 -0.6539999842643738 2.3540000915527344
1.1519999504089355 -0.7919999957084656 2.4019999504089355
-0.24000000953674316 -0.7680000066757202 2.6540000438690186
-0.1979999542236328 -0.8700000047683716 2.635999917984009
-0.12000000476837158 -0.1979999542236328 2.4619998931884766
-0.07200002670288086 -0.10800004005432129 2.4800000190734863
1.1519999504089355 -0.7739999890327454 2.3899998664855957
1.247999906539917 -0.6359999775886536 2.5160000324249268
1.253999948501587 -0.26999998092651367 2.7260000705718994
1.0439999103546143 -1.0019999742507935 2.4260001182556152
-0.1499999761581421 -0.34800004959106445 2.4019999504089355
1.2120001316070557 -0.5759999752044678 2.4260001182556152
1.1519999504089355 -0.5399999618530273 2.3299999237060547
-0.1380000114440918 -0.2999999523162842 2.4079999923706055
-0.07799994945526123 -0.11399996280670166 2.4800000190734863
1.1100001335144043 -0.023999929428100586 2.875999927520752
-0.14399993419647217 -0.4559999704360962 2.3540000915527344
1.1519999504089355 -0.7799999713897705 2.3899998664855957
1.0799999237060547 -0.9480000138282776 2.4140000343322754
-0.09599995613098145 -0.12000000476837158 2.503999948501587
-0.14399993419647217 -0.37199997901916504 2.378000020980835
-0.12000000476837158 -0.5220000147819519 2.312000036239624
-0.24000000953674316 -0.7799999713897705 2.6540000438690186
1.1040000915527344 -0.9480000138282776 2.450000047683716
1.1760001182556152 -0.828000009059906 2.4619998931884766
-0.12000000476837158 -0.17400002479553223 2.4800000190734863
1.187999963760376 -0.8219999670982361 2.4800000190734863
1.2839999198913574 -0.5999999642372131 2.6059999465942383
1.055999994277954 -0.972000002861023 2.4019999504089355
1.2300000190734863 -0.6240000128746033 2.4619998931884766
1.2000000476837158 -0.6959999799728394 2.4260001182556152
1.2420001029968262 -0.671999990940094 2.503999948501587
1.1700000762939453 -0.7979999780654907 2.4260001182556152
1.0920000076293945 -0.006000041961669922 2.9119999408721924
1.2300000190734863 -0.6299999952316284 2.4619998931884766
1.1519999504089355 -0.8999999761581421 2.4800000190734863
1.0980000495910645 -0.9599999785423279 2.450000047683716
1.2660000324249268 -0.2999999523162842 2.7019999027252197
1.2360000610351562 -0.6480000019073486 2.4800000190734863
1.1459999084472656 -0.8999999761581421 2.4679999351501465
1.0920000076293945 -0.9480000138282776 2.4260001182556152
1.2899999618530273 -0.5220000147819519 2.618000030517578
-0.11399996280670166 -0.5699999928474426 2.3000001907348633
-0.12000000476837158 -0.17400002479553223 2.4739999771118164
-0.11399996280670166 -0.5759999752044678 2.3000001907348633
1.2300000190734863 -0.6599999666213989 2.4679999351501465
1.2780001163482666 -0.3359999656677246 2.7019999027252197
1.1040000915527344 -0.9539999961853027 2.450000047683716
1.2179999351501465 -0.5699999928474426 2.4260001182556152
-0.13199996948242188 -0.49800002574920654 2.3239998817443848
-0.1499999761581421 -0.2879999876022339 2.4260001182556152
1.0439999103546143 -1.0019999742507935 2.4140000343322754
1.2839999198913574 -0.37199997901916504 2.677999973297119
-0.23399996757507324 -0.7979999780654907 2.635999917984009
-0.07799994945526123 -0.11399996280670166 2.4679999351501465
1.2300000190734863 -0.593999981880188 2.450000047683716
-0.14399993419647217 -0.4440000057220459 2.3480000495910645
1.1760001182556152 -0.5460000038146973 2.3540000915527344
1.1760001182556152 -0.5519999861717224 2.3540000915527344
-0.09599995613098145 -0.5640000104904175 2.2760000228881836
1.2360000610351562 -0.6660000085830688 2.4800000190734863
-0.1499999761581421 -0.3240000009536743 2.4019999504089355
1.181999921798706 -0.8460000157356262 2.4800000190734863
1.1760001182556152 -0.75 2.4019999504089355
1.2420001029968262 -0.6240000128746033 2.4800000190734863
-0.12000000476837158 -0.6359999775886536 2.312000036239624
-0.1260000467300415 -0.5220000147819519 2.312000036239624
1.1400001049041748 -0.04799997806549072 2.8519999980926514
-0.07200002670288086 -1.0740000009536743 2.630000114440918
-0.1260000467300415 -0.17400002479553223 2.4800000190734863
1.2120001316070557 -0.7199999690055847 2.450000047683716
-0.1499999761581421 -0.6480000019073486 2.3540000915527344
-0.1499999761581421 -0.4440000057220459 2.3540000915527344
1.0980000495910645 0.0 2.875999927520752
1.2599999904632568 -0.6480000019073486 2.5280001163482666
1.1700000762939453 -0.7739999890327454 2.4019999504089355
1.2000000476837158 -0.7199999690055847 2.4260001182556152
1.2780001163482666 -0.3240000009536743 2.7019999027252197
1.181999921798706 -0.8159999847412109 2.450000047683716
-0.1499999761581421 -0.3960000276565552 2.366000175476074
1.1760001182556152 -0.7979999780654907 2.4260001182556152
1.2660000324249268 -0.6240000128746033 2.5339999198913574
1.2120001316070557 -0.1499999761581421 2.7739999294281006
1.1519999504089355 -0.059999942779541016 2.8519999980926514
-0.12000000476837158 -0.5460000038146973 2.3000001907348633
1.055999994277954 -0.972000002861023 2.3899998664855957
1.2360000610351562 -0.1979999542236328 2.75
1.2899999618530273 -0.6060000061988831 2.6059999465942383
1.121999979019165 -0.023999929428100586 2.870000123977661
-0.12000000476837158 -1.0199999809265137 2.630000114440918
-0.14399993419647217 -0.4739999771118164 2.3359999656677246
1.1760001182556152 -0.09000003337860107 2.828000068664551
1.194000005722046 -0.75 2.4260001182556152
-0.09599995613098145 -0.5640000104904175 2.2699999809265137
1.1640000343322754 -0.07200002670288086 2.828000068664551
1.1760001182556152 -0.8040000200271606 2.4260001182556152
1.2720000743865967 -0.6420000195503235 2.552000045776367
1.1760001182556152 -0.8700000047683716 2.4800000190734863
1.2000000476837158 -0.7319999933242798 2.4260001182556152
-0.21000003814697266 -0.8700000047683716 2.630000114440918
1.2300000190734863 -0.7199999690055847 2.4800000190734863
1.2300000190734863 -0.6959999799728394 2.4679999351501465
1.253999948501587 -0.6480000019073486 2.503999948501587
1.247999906539917 -0.22200000286102295 2.73799991607666
-0.22200000286102295 -0.8460000157356262 2.635999917984009
1.181999921798706 -0.09599995613098145 2.803999900817871
1.2599999904632568 -0.671999990940094 2.5280001163482666
1.2360000610351562 -0.6959999799728394 2.4800000190734863
-0.1499999761581421 -0.26999998092651367 2.4260001182556152
1.1340000629425049 -0.03600001335144043 2.875999927520752
-0.1979999542236328 -0.8999999761581421 2.635999917984009
1.253999948501587 -0.6539999842643738 2.503999948501587
1.253999948501587 -0.6359999775886536 2.498000144958496
-0.10800004005432129 -0.5759999752044678 2.2820000648498535
-0.16199994087219238 -0.5820000171661377 2.3540000915527344
1.0499999523162842 -0.9959999918937683 2.4019999504089355
1.2660000324249268 -0.26999998092651367 2.7139999866485596
-0.14399993419647217 -0.24599993228912354 2.432000160217285
1.2000000476837158 -0.8460000157356262 2.503999948501587
1.1040000915527344 0.0 2.875999927520752
1.2960000038146973 -0.41999995708465576 2.6540000438690186
-0.156000018119812 -0.6480000019073486 2.3540000915527344
-0.12000000476837158 -0.5460000038146973 2.2940001487731934
1.247999906539917 -0.6959999799728394 2.503999948501587
1.1760001182556152 -0.7739999890327454 2.4019999504089355
-0.16199994087219238 -0.34800004959106445 2.3959999084472656
1.1040000915527344 -0.9480000138282776 2.4260001182556152
1.2300000190734863 -0.5699999928474426 2.432000160217285
1.2899999618530273 -0.593999981880188 2.5880000591278076
-0.11399996280670166 -0.10800004005432129 2.5280001163482666
1.1760001182556152 -0.8700000047683716 2.4739999771118164
1.2960000038146973 -0.5699999928474426 2.6059999465942383
-0.17400002479553223 -0.9480000138282776 2.635999917984009
1.2000000476837158 -0.5579999685287476 2.378000020980835
1.3020000457763672 -0.5220000147819519 2.630000114440918
1.2599999904632568 -0.24599993228912354 2.7260000705718994
1.2599999904632568 -0.6240000128746033 2.503999948501587
-0.12000000476837158 -0.1499999761581421 2.4800000190734863
1.128000020980835 -0.023999929428100586 2.870000123977661
-0.2580000162124634 -0.7619999647140503 2.6540000438690186
1.3020000457763672 -0.4500000476837158 2.6540000438690186
1.2599999904632568 -0.6899999976158142 2.5280001163482666
1.2300000190734863 -0.7139999866485596 2.4679999351501465
1.128000020980835 -0.023999929428100586 2.875999927520752
1.2000000476837158 -0.8519999980926514 2.503999948501587
1.2120001316070557 -0.75 2.450000047683716
1.3020000457763672 -0.49800002574920654 2.630000114440918
1.1760001182556152 -0.7799999713897705 2.4019999504089355
-0.1679999828338623 -0.3059999942779541 2.4260001182556152
1.3020000457763672 -0.4440000057220459 2.6540000438690186
-0.10199999809265137 -0.5759999752044678 2.2699999809265137
-0.07200002670288086 -1.0859999656677246 2.630000114440918
1.3020000457763672 -0.4739999771118164 2.635999917984009
1.2780001163482666 -0.2999999523162842 2.7019999027252197
1.1400001049041748 -0.9240000247955322 2.4559998512268066
-0.10199999809265137 -1.0499999523162842 2.624000072479248
-0.1260000467300415 -0.1380000114440918 2.503999948501587
-0.1499999761581421 -0.515999972820282 2.3299999237060547
1.253999948501587 -0.5999999642372131 2.4800000190734863
1.253999948501587 -0.22200000286102295 2.75
1.1760001182556152 -0.8819999694824219 2.4800000190734863
1.0980000495910645 0.011999964714050293 2.870000123977661
1.3020000457763672 -0.49800002574920654 2.624000072479248
1.3020000457763672 -0.4440000057220459 2.6480000019073486
-0.1499999761581421 -0.22800004482269287 2.450000047683716
1.253999948501587 -0.6060000061988831 2.4800000190734863
1.253999948501587 -0.6959999799728394 2.509999990463257
1.1519999504089355 -0.04799997806549072 2.8519999980926514
1.2300000190734863 -0.5820000171661377 2.4260001182556152
-0.1499999761581421 -0.49800002574920654 2.3299999237060547
1.194000005722046 -0.7739999890327454 2.4260001182556152
-0.14399993419647217 -0.6480000019073486 2.3299999237060547
1.0799999237060547 -0.972000002861023 2.4079999923706055
-0.26399993896484375 -0.75 2.6540000438690186
-0.1499999761581421 -0.5999999642372131 2.3299999237060547
1.2179999351501465 -0.5699999928474426 2.4019999504089355
-0.17400002479553223 -0.36000001430511475 2.4019999504089355
1.247999906539917 -0.7199999690055847 2.503999948501587
1.2000000476837158 -0.7979999780654907 2.450000047683716
1.0499999523162842 -0.9900000095367432 2.384000062942505
1.3020000457763672 -0.3960000276565552 2.677999973297119
1.3020000457763672 -0.41999995708465576 2.6540000438690186
-0.1499999761581421 -0.22200000286102295 2.450000047683716
1.2060000896453857 -0.12000000476837158 2.7860000133514404
-0.1499999761581421 -0.9959999918937683 2.635999917984009
-0.1679999828338623 -0.37199997901916504 2.384000062942505
-0.1499999761581421 -0.6240000128746033 2.3299999237060547
1.2300000190734863 -0.16199994087219238 2.7799999713897705
1.3020000457763672 -0.5460000038146973 2.6059999465942383
-0.10199999809265137 -0.5699999928474426 2.2639999389648438
1.2300000190734863 -0.5759999752044678 2.4200000762939453
-0.24000000953674316 -0.8219999670982361 2.635999917984009
1.3020000457763672 -0.5699999928474426 2.6059999465942383
-0.13199996948242188 -0.5759999752044678 2.3000001907348633
1.2360000610351562 -0.17400002479553223 2.76200008392334
1.2000000476837158 -0.10800004005432129 2.803999900817871
1.2000000476837158 -0.7680000066757202 2.4260001182556152
-0.17400002479553223 -0.40799999237060547 2.378000020980835
-0.12000000476837158 -0.12000000476837158 2.503999948501587
-0.17400002479553223 -0.34800004959106445 2.4019999504089355
-0.11399996280670166 -0.5699999928474426 2.2760000228881836
1.3020000457763672 -0.3960000276565552 2.6660001277923584
1.1760001182556152 -0.07200002670288086 2.828000068664551
1.128000020980835 -0.9480000138282776 2.450000047683716
1.2780001163482666 -0.671999990940094 2.552000045776367
1.3020000457763672 -0.5640000104904175 2.5999999046325684
1.308000087738037 -0.6119999885559082 2.635999917984009
-0.14399993419647217 -0.1979999542236328 2.4559998512268066
1.1640000343322754 -0.8999999761581421 2.4619998931884766
-0.2580000162124634 -0.7739999890327454 2.635999917984009
1.0980000495910645 -0.972000002861023 2.4260001182556152
1.2120001316070557 -0.7739999890327454 2.450000047683716
-0.1499999761581421 -0.22200000286102295 2.444000005722046
1.2300000190734863 -0.7440000176429749 2.4679999351501465
-0.16199994087219238 -0.26999998092651367 2.4260001182556152
1.2899999618530273 -0.3240000009536743 2.690000057220459
1.2000000476837158 -0.8460000157356262 2.4800000190734863
1.2780001163482666 -0.6539999842643738 2.5399999618530273
-0.17400002479553223 -0.2999999523162842 2.4260001182556152
1.2960000038146973 -0.34800004959106445 2.684000015258789
1.247999906539917 -0.7379999756813049 2.503999948501587
-0.17400002479553223 -0.3960000276565552 2.378000020980835
1.2780001163482666 -0.6420000195503235 2.5339999198913574
-0.1979999542236328 -0.9240000247955322 2.635999917984009
-0.1679999828338623 -0.41999995708465576 2.3600001335144043
1.2839999198913574 -0.6480000019073486 2.552000045776367
1.3020000457763672 -0.37199997901916504 2.677999973297119
-0.11399996280670166 -1.0499999523162842 2.630000114440918
1.2360000610351562 -0.75 2.4800000190734863
1.253999948501587 -0.7199999690055847 2.503999948501587
-0.17400002479553223 -0.3240000009536743 2.4079999923706055
1.2120001316070557 -0.8219999670982361 2.4800000190734863
1.2780001163482666 -0.26999998092651367 2.7139999866485596
1.1100001335144043 0.011999964714050293 2.8580000400543213
1.2000000476837158 -0.8159999847412109 2.450000047683716
1.2000000476837158 -0.7919999957084656 2.432000160217285
1.0980000495910645 -0.9779999852180481 2.4260001182556152
1.2300000190734863 -0.7739999890327454 2.4800000190734863
1.2780001163482666 -0.26399993896484375 2.7260000705718994
-0.16199994087219238 -0.24599993228912354 2.437999963760376
1.2300000190734863 -0.1499999761581421 2.7799999713897705
-0.17400002479553223 -0.2999999523162842 2.4200000762939453
1.2780001163482666 -0.6959999799728394 2.552000045776367
1.2300000190734863 -0.1499999761581421 2.7739999294281006
1.181999921798706 -0.5460000038146973 2.3299999237060547
-0.09599995613098145 -1.0740000009536743 2.630000114440918
-0.17400002479553223 -0.4679999351501465 2.3540000915527344
1.2000000476837158 -0.8040000200271606 2.437999963760376
1.0740001201629639 -0.9900000095367432 2.4019999504089355
1.253999948501587 -0.593999981880188 2.4559998512268066
-0.17400002479553223 -0.3960000276565552 2.371999979019165
1.1640000343322754 -0.04799997806549072 2.8399999141693115
1.2839999198913574 -0.6179999709129333 2.5339999198913574
1.1040000915527344 -0.972000002861023 2.4260001182556152
1.253999948501587 -0.1979999542236328 2.75
-0.17400002479553223 -0.972000002861023 2.635999917984009
1.2660000324249268 -0.7199999690055847 2.5280001163482666
1.062000036239624 -0.9839999675750732 2.378000020980835
-0.26999998092651367 -0.75 2.635999917984009
-0.16199994087219238 -0.49800002574920654 2.3299999237060547
1.2000000476837158 -0.09599995613098145 2.803999900817871
1.2000000476837158 -0.5399999618530273 2.3540000915527344
1.247999906539917 -0.7559999823570251 2.503999948501587
-0.1499999761581421 -0.6299999952316284 2.317999839782715
1.2300000190734863 -0.7739999890327454 2.4739999771118164
-0.17400002479553223 -0.25199997425079346 2.450000047683716
-0.1380000114440918 -0.5460000038146973 2.2940001487731934
1.128000020980835 -0.011999964714050293 2.9179999828338623
-0.156000018119812 -0.5220000147819519 2.317999839782715
-0.17400002479553223 -0.4440000057220459 2.3540000915527344
1.1340000629425049 -0.9539999961853027 2.450000047683716
1.1040000915527344 -0.972000002861023 2.4200000762939453
1.121999979019165 0.0 2.9000000953674316
-0.17400002479553223 -0.6539999842643738 2.3540000915527344
1.1760001182556152 -0.059999942779541016 2.8519999980926514
-0.1799999475479126 -0.3240000009536743 2.4079999923706055
1.2000000476837158 -0.8640000224113464 2.4800000190734863
-0.16199994087219238 -0.9959999918937683 2.635999917984009
-0.17400002479553223 -0.24599993228912354 2.450000047683716
-0.26399993896484375 -0.7860000133514404 2.635999917984009
1.2060000896453857 -0.828000009059906 2.4559998512268066
1.253999948501587 -0.75 2.503999948501587
1.128000020980835 0.0 2.875999927520752
1.2780001163482666 -0.24599993228912354 2.7260000705718994
-0.17400002479553223 -0.4739999771118164 2.3420000076293945
-0.1499999761581421 -0.17400002479553223 2.4679999351501465
1.2060000896453857 -0.5640000104904175 2.3540000915527344
-0.18599998950958252 -0.5759999752044678 2.3540000915527344
1.1579999923706055 -0.9240000247955322 2.450000047683716
-0.1499999761581421 -1.0199999809265137 2.635999917984009
1.0799999237060547 -0.9900000095367432 2.3959999084472656
1.314000129699707 -0.5999999642372131 2.6059999465942383
1.253999948501587 -0.75 2.498000144958496
-0.09599995613098145 -1.0859999656677246 2.630000114440918
1.128000020980835 0.0 2.9000000953674316
-0.22200000286102295 -0.8999999761581421 2.635999917984009
1.3020000457763672 -0.3240000009536743 2.690000057220459
-0.1499999761581421 -0.5460000038146973 2.3000001907348633
-0.16199994087219238 -0.1979999542236328 2.4619998931884766
1.3020000457763672 -0.3179999589920044 2.7019999027252197
-0.24599993228912354 -0.8460000157356262 2.635999917984009
1.1519999504089355 -0.023999929428100586 2.875999927520752
-0.1499999761581421 -0.5699999928474426 2.3000001907348633
1.2839999198913574 -0.7139999866485596 2.552000045776367
1.2720000743865967 -0.22200000286102295 2.7320001125335693
-0.1979999542236328 -0.9480000138282776 2.635999917984009
-0.13199996948242188 -0.5640000104904175 2.2760000228881836
-0.28199994564056396 -0.75 2.6540000438690186
1.2300000190734863 -0.7919999957084656 2.4679999351501465
-0.18599998950958252 -0.41999995708465576 2.366000175476074
1.194000005722046 -0.5519999861717224 2.3299999237060547
1.194000005722046 -0.07200002670288086 2.815999984741211
1.1040000915527344 -0.9900000095367432 2.4260001182556152
-0.17400002479553223 -0.527999997138977 2.3299999237060547
1.3020000457763672 -0.593999981880188 2.552000045776367
-0.17400002479553223 -0.5699999928474426 2.3299999237060547
-0.17400002479553223 -0.5220000147819519 2.3299999237060547
1.3199999332427979 -0.5220000147819519 2.611999988555908
-0.19200003147125244 -0.34800004959106445 2.4019999504089355
1.1340000629425049 -0.9480000138282776 2.4260001182556152
1.314000129699707 -0.37199997901916504 2.671999931335449
1.3199999332427979 -0.6060000061988831 2.618000030517578
-0.26999998092651367 -0.7979999780654907 2.6540000438690186
-0.1799999475479126 -0.4739999771118164 2.3420000076293945
1.2300000190734863 -0.5579999685287476 2.384000062942505
1.3020000457763672 -0.671999990940094 2.5759999752044678
-0.1979999542236328 -0.3659999370574951 2.4019999504089355
-0.17400002479553223 -0.5999999642372131 2.3299999237060547
1.253999948501587 -0.7739999890327454 2.503999948501587
1.2360000610351562 -0.7979999780654907 2.4800000190734863
-0.1799999475479126 -0.5699999928474426 2.3359999656677246
-0.24000000953674316 -0.8700000047683716 2.635999917984009
1.2780001163482666 -0.7199999690055847 2.5280001163482666
-0.1499999761581421 -0.1499999761581421 2.4800000190734863
-0.156000018119812 -0.5460000038146973 2.3000001907348633
1.128000020980835 0.011999964714050293 2.870000123977661
-0.17400002479553223 -0.22200000286102295 2.450000047683716
1.3020000457763672 -0.2999999523162842 2.7019999027252197
-0.1979999542236328 -0.6480000019073486 2.371999979019165
1.3259999752044678 -0.49800002574920654 2.630000114440918
1.2720000743865967 -0.75 2.5280001163482666
-0.1979999542236328 -0.41999995708465576 2.378000020980835
-0.17400002479553223 -0.6240000128746033 2.3299999237060547
-0.1979999542236328 -0.312000036239624 2.4260001182556152
-0.18599998950958252 -0.26999998092651367 2.432000160217285
1.1519999504089355 -0.9480000138282776 2.450000047683716
1.3020000457763672 -0.2999999523162842 2.696000099182129
1.3259999752044678 -0.6060000061988831 2.630000114440918
1.2360000610351562 -0.5820000171661377 2.3899998664855957
1.1640000343322754 -0.9240000247955322 2.444000005722046
1.2300000190734863 -0.12000000476837158 2.7799999713897705
-0.19200003147125244 -0.2999999523162842 2.4200000762939453
1.2000000476837158 -0.5579999685287476 2.3299999237060547
1.3259999752044678 -0.5220000147819519 2.618000030517578
1.3020000457763672 -0.6480000019073486 2.552000045776367
1.3259999752044678 -0.4739999771118164 2.630000114440918
-0.16199994087219238 -0.6359999775886536 2.312000036239624
1.3259999752044678 -0.6060000061988831 2.624000072479248
1.2300000190734863 -0.8040000200271606 2.4619998931884766
-0.17400002479553223 -0.18599998950958252 2.4800000190734863
-0.19200003147125244 -0.972000002861023 2.635999917984009
1.3259999752044678 -0.49800002574920654 2.618000030517578
1.0920000076293945 -0.9959999918937683 2.4019999504089355
1.253999948501587 -0.7739999890327454 2.492000102996826
-0.1979999542236328 -0.37199997901916504 2.3899998664855957
-0.17400002479553223 -0.6480000019073486 2.3299999237060547
1.2599999904632568 -0.17400002479553223 2.75600004196167
1.2179999351501465 -0.09599995613098145 2.7920000553131104
-0.18599998950958252 -0.24599993228912354 2.444000005722046
1.3259999752044678 -0.41999995708465576 2.6540000438690186
-0.1979999542236328 -0.2999999523162842 2.4260001182556152
1.3259999752044678 -0.5460000038146973 2.6059999465942383
-0.1979999542236328 -0.3960000276565552 2.378000020980835
1.128000020980835 -0.9959999918937683 2.4559998512268066
1.3259999752044678 -0.5699999928474426 2.6059999465942383
-0.18599998950958252 -0.49800002574920654 2.3359999656677246
-0.12000000476837158 -1.0740000009536743 2.630000114440918
1.1760001182556152 -0.03600001335144043 2.8519999980926514
-0.1979999542236328 -0.26399993896484375 2.450000047683716
1.3320000171661377 -0.593999981880188 2.635999917984009
1.128000020980835 -0.972000002861023 2.4260001182556152
1.3259999752044678 -0.5820000171661377 2.6059999465942383
1.314000129699707 -0.6359999775886536 2.5759999752044678
1.3020000457763672 -0.671999990940094 2.552000045776367
-0.1499999761581421 -0.12000000476837158 2.503999948501587
-0.23399996757507324 -0.8999999761581421 2.635999917984009
1.2000000476837158 -0.06599998474121094 2.828000068664551
1.2780001163482666 -0.75 2.5280001163482666
1.3259999752044678 -0.38399994373321533 2.677999973297119
-0.1979999542236328 -0.48000001907348633 2.3540000915527344
1.2360000610351562 -0.8219999670982361 2.4800000190734863
1.3320000171661377 -0.4440000057220459 2.6540000438690186
-0.1979999542236328 -0.4440000057220459 2.3600001335144043
-0.1979999542236328 -0.4739999771118164 2.3540000915527344
-0.22200000286102295 -0.9240000247955322 2.630000114440918
1.2060000896453857 -0.5460000038146973 2.3299999237060547
1.308000087738037 -0.6240000128746033 2.5460000038146973
1.3020000457763672 -0.6840000152587891 2.552000045776367
-0.11399996280670166 -1.0920000076293945 2.6540000438690186
-0.1979999542236328 -0.6539999842643738 2.3600001335144043
1.253999948501587 -0.8040000200271606 2.503999948501587
1.2300000190734863 -0.5579999685287476 2.366000175476074
1.3199999332427979 -0.593999981880188 2.5759999752044678
1.1700000762939453 -0.023999929428100586 2.8519999980926514
-0.26999998092651367 -0.828000009059906 2.6540000438690186
1.308000087738037 -0.6299999952316284 2.5460000038146973
-0.1499999761581421 -0.12000000476837158 2.498000144958496
-0.26999998092651367 -0.8219999670982361 2.6419999599456787
1.3259999752044678 -0.3960000276565552 2.6540000438690186
1.2300000190734863 -0.5759999752044678 2.366000175476074
1.3199999332427979 -0.34800004959106445 2.677999973297119
-0.17400002479553223 -0.17400002479553223 2.4800000190734863
-0.2879999876022339 -0.7739999890327454 2.6540000438690186
1.1760001182556152 -0.9240000247955322 2.450000047683716
1.3259999752044678 -0.37199997901916504 2.677999973297119
-0.21599996089935303 -0.9419999718666077 2.635999917984009
1.187999963760376 -0.5519999861717224 2.3000001907348633
1.2780001163482666 -0.1979999542236328 2.75
-0.1679999828338623 -0.5759999752044678 2.3000001907348633
1.2839999198913574 -0.21000003814697266 2.75
-0.17400002479553223 -0.17400002479553223 2.4739999771118164
-0.18599998950958252 -0.6240000128746033 2.3299999237060547
1.128000020980835 -0.972000002861023 2.4140000343322754
1.253999948501587 -0.14399993419647217 2.7799999713897705
1.2960000038146973 -0.24599993228912354 2.7139999866485596
1.2599999904632568 -0.7979999780654907 2.503999948501587
-0.156000018119812 -0.5640000104904175 2.2820000648498535
1.2960000038146973 -0.6959999799728394 2.5280001163482666
-0.1979999542236328 -0.24599993228912354 2.450000047683716
1.1519999504089355 -0.9480000138282776 2.4260001182556152
1.128000020980835 -0.9839999675750732 2.4260001182556152
1.3380000591278076 -0.515999972820282 2.630000114440918
-0.1499999761581421 -1.0499999523162842 2.635999917984009
-0.1799999475479126 -0.5460000038146973 2.312000036239624
1.253999948501587 -0.7979999780654907 2.4860000610351562
1.2899999618530273 -0.7199999690055847 2.5220000743865967
-0.2940000295639038 -0.75 2.630000114440918
1.194000005722046 -0.8999999761581421 2.450000047683716
-0.12000000476837158 -1.0859999656677246 2.630000114440918
-0.17400002479553223 -1.0199999809265137 2.6419999599456787
-0.19200003147125244 -0.22200000286102295 2.4559998512268066
1.2899999618530273 -0.22200000286102295 2.7260000705718994
-0.21000003814697266 -0.3240000009536743 2.4140000343322754
-0.20399999618530273 -0.26999998092651367 2.437999963760376
1.1100001335144043 -1.0019999742507935 2.4140000343322754
-0.1679999828338623 -0.5759999752044678 2.2940001487731934
1.3259999752044678 -0.5999999642372131 2.5759999752044678
1.3259999752044678 -0.34800004959106445 2.677999973297119
1.2780001163482666 -0.75 2.503999948501587
-0.1679999828338623 -0.1499999761581421 2.4800000190734863
1.194000005722046 -0.5460000038146973 2.3000001907348633
-0.17400002479553223 -0.5699999928474426 2.3000001907348633
1.194000005722046 -0.8999999761581421 2.444000005722046
-0.20399999618530273 -0.4739999771118164 2.3480000495910645
-0.26999998092651367 -0.8399999737739563 2.635999917984009
1.1579999923706055 0.0 2.875999927520752
-0.22200000286102295 -0.38399994373321533 2.4019999504089355
1.2420001029968262 -0.8339999914169312 2.4800000190734863
1.3380000591278076 -0.4440000057220459 2.635999917984009
-0.17400002479553223 -0.1380000114440918 2.503999948501587
-0.23399996757507324 -0.9240000247955322 2.635999917984009
1.2000000476837158 -0.04799997806549072 2.828000068664551
1.3320000171661377 -0.37199997901916504 2.6660001277923584
1.2300000190734863 -0.8460000157356262 2.4619998931884766
1.3020000457763672 -0.24599993228912354 2.7139999866485596
-0.21000003814697266 -0.4440000057220459 2.3600001335144043
1.3020000457763672 -0.6959999799728394 2.5280001163482666
-0.21599996089935303 -0.3960000276565552 2.384000062942505
1.1159999370574951 -0.9900000095367432 2.4019999504089355
-0.1979999542236328 -0.5399999618530273 2.3299999237060547
1.2300000190734863 -0.09000003337860107 2.803999900817871
1.181999921798706 -0.023999929428100586 2.8519999980926514
-0.1979999542236328 -0.5220000147819519 2.3299999237060547
-0.16199994087219238 -0.12000000476837158 2.498000144958496
1.2000000476837158 -0.8999999761581421 2.450000047683716
1.3020000457763672 -0.24000000953674316 2.7260000705718994
1.247999906539917 -0.12000000476837158 2.8340001106262207
1.3380000591278076 -0.5460000038146973 2.5999999046325684
-0.22200000286102295 -0.37199997901916504 2.4019999504089355
-0.16199994087219238 -1.0440000295639038 2.635999917984009
-0.19200003147125244 -0.6480000019073486 2.3299999237060547
1.194000005722046 -0.5460000038146973 2.2940001487731934
-0.22200000286102295 -0.3240000009536743 2.4260001182556152
1.194000005722046 -0.03600001335144043 2.828000068664551
-0.1979999542236328 -0.5999999642372131 2.3299999237060547
-0.1380000114440918 -1.0740000009536743 2.630000114440918
1.2780001163482666 -0.7680000066757202 2.503999948501587
1.3259999752044678 -0.3240000009536743 2.684000015258789
-0.21599996089935303 -0.41999995708465576 2.371999979019165
1.2360000610351562 -0.09599995613098145 2.7860000133514404
1.2000000476837158 -0.5460000038146973 2.3000001907348633
-0.2999999523162842 -0.75 2.624000072479248
1.2660000324249268 -0.1499999761581421 2.76200008392334
-0.26999998092651367 -0.8519999980926514 2.635999917984009
1.3380000591278076 -0.5699999928474426 2.5940001010894775
-0.22200000286102295 -0.4320000410079956 2.378000020980835
-0.1979999542236328 -0.19200003147125244 2.4800000190734863
1.2239999771118164 -0.8700000047683716 2.4619998931884766
-0.22200000286102295 -0.34800004959106445 2.4079999923706055
-0.1979999542236328 -0.9959999918937683 2.635999917984009
-0.22200000286102295 -0.37199997901916504 2.3959999084472656
1.3440001010894775 -0.4739999771118164 2.624000072479248
-0.22200000286102295 -0.41999995708465576 2.378000020980835
1.2780001163482666 -0.7919999957084656 2.5160000324249268
1.3020000457763672 -0.7199999690055847 2.5280001163482666
1.1519999504089355 0.018000006675720215 2.864000082015991
1.2899999618530273 -0.1979999542236328 2.73799991607666
1.1519999504089355 0.011999964714050293 2.9060001373291016
1.194000005722046 -0.5519999861717224 2.2880001068115234
1.2239999771118164 -0.07200002670288086 2.803999900817871
-0.22800004482269287 -0.9480000138282776 2.635999917984009
1.253999948501587 -0.8219999670982361 2.4800000190734863
-0.1979999542236328 -0.1979999542236328 2.4679999351501465
1.253999948501587 -0.12000000476837158 2.7799999713897705
-0.19200003147125244 -0.17400002479553223 2.4800000190734863
1.1640000343322754 -0.9480000138282776 2.4200000762939453
1.3259999752044678 -0.2999999523162842 2.7019999027252197
-0.22200000286102295 -0.26999998092651367 2.450000047683716
1.253999948501587 -0.828000009059906 2.4800000190734863
1.3020000457763672 -0.7319999933242798 2.5280001163482666
1.3500001430511475 -0.49800002574920654 2.630000114440918
-0.2999999523162842 -0.7739999890327454 2.630000114440918
1.308000087738037 -0.6959999799728394 2.5220000743865967
-0.22200000286102295 -0.2999999523162842 2.4260001182556152
-0.17400002479553223 -0.12000000476837158 2.503999948501587
1.3259999752044678 -0.2999999523162842 2.690000057220459
1.2839999198913574 -0.17400002479553223 2.75
-0.22200000286102295 -0.49800002574920654 2.3540000915527344
-0.22800004482269287 -0.34800004959106445 2.4079999923706055
1.187999963760376 -0.9240000247955322 2.432000160217285
1.3500001430511475 -0.4739999771118164 2.630000114440918
1.3500001430511475 -0.4320000410079956 2.6540000438690186
1.3199999332427979 -0.671999990940094 2.5399999618530273
-0.22200000286102295 -0.6060000061988831 2.3540000915527344
1.128000020980835 -1.0019999742507935 2.4140000343322754
1.2000000476837158 -0.5460000038146973 2.2880001068115234
-0.18599998950958252 -0.1499999761581421 2.4860000610351562
1.2000000476837158 -0.5519999861717224 2.2880001068115234
-0.21599996089935303 -0.24599993228912354 2.450000047683716
1.3199999332427979 -0.26999998092651367 2.7019999027252197
1.2300000190734863 -0.07200002670288086 2.803999900817871
1.2300000190734863 -0.527999997138977 2.3299999237060547
-0.22200000286102295 -0.4739999771118164 2.3540000915527344
1.3500001430511475 -0.41999995708465576 2.6540000438690186
1.3500001430511475 -0.4440000057220459 2.635999917984009
1.1579999923706055 -0.972000002861023 2.4260001182556152
1.3500001430511475 -0.5460000038146973 2.6059999465942383
1.2599999904632568 -0.12000000476837158 2.7739999294281006
1.3259999752044678 -0.671999990940094 2.552000045776367
1.3500001430511475 -0.5699999928474426 2.6059999465942383
-0.22200000286102295 -0.972000002861023 2.635999917984009
-0.20399999618530273 -0.5460000038146973 2.317999839782715
1.2239999771118164 -0.5220000147819519 2.317999839782715
1.3500001430511475 -0.6119999885559082 2.611999988555908
1.1760001182556152 0.0 2.875999927520752
1.3500001430511475 -0.593999981880188 2.6059999465942383
1.3559999465942383 -0.5099999904632568 2.630000114440918
-0.23399996757507324 -0.3960000276565552 2.3899998664855957
1.308000087738037 -0.22200000286102295 2.7260000705718994
-0.22800004482269287 -0.2999999523162842 2.4260001182556152
1.1760001182556152 -0.9480000138282776 2.4260001182556152
-0.1979999542236328 -0.1499999761581421 2.503999948501587
-0.21599996089935303 -0.22200000286102295 2.4619998931884766
1.3320000171661377 -0.6299999952316284 2.5460000038146973
1.1579999923706055 -0.9779999852180481 2.4260001182556152
1.2179999351501465 -0.04799997806549072 2.815999984741211
1.3500001430511475 -0.5460000038146973 2.5940001010894775
-0.2999999523162842 -0.7979999780654907 2.630000114440918
-0.22200000286102295 -0.6539999842643738 2.3540000915527344
1.194000005722046 -0.9419999718666077 2.450000047683716
1.2599999904632568 -0.5759999752044678 2.371999979019165
1.3500001430511475 -0.3960000276565552 2.6540000438690186
-0.23399996757507324 -0.41999995708465576 2.378000020980835
1.2000000476837158 -0.023999929428100586 2.8519999980926514
-0.1799999475479126 -0.12000000476837158 2.498000144958496
1.3020000457763672 -0.1979999542236328 2.75
-0.22200000286102295 -0.49800002574920654 2.3420000076293945
1.3500001430511475 -0.37199997901916504 2.677999973297119
1.2839999198913574 -0.7739999890327454 2.4860000610351562
1.3259999752044678 -0.26999998092651367 2.7019999027252197
-0.1979999542236328 -0.6420000195503235 2.312000036239624
1.2060000896453857 -0.9240000247955322 2.450000047683716
-0.22200000286102295 -0.9779999852180481 2.630000114440918
1.3020000457763672 -0.1979999542236328 2.73799991607666
-0.17400002479553223 -1.062000036239624 2.6660001277923584
-0.19200003147125244 -0.5699999928474426 2.2940001487731934
-0.26999998092651367 -0.8880000114440918 2.635999917984009
-0.24599993228912354 -0.40199995040893555 2.4019999504089355
1.2660000324249268 -0.5759999752044678 2.378000020980835
-0.1979999542236328 -1.0199999809265137 2.635999917984009
-0.22800004482269287 -0.972000002861023 2.635999917984009
-0.17400002479553223 -1.0679999589920044 2.684000015258789
-0.22200000286102295 -0.5220000147819519 2.3359999656677246
-0.24599993228912354 -0.3960000276565552 2.4019999504089355
-0.23399996757507324 -0.4440000057220459 2.366000175476074
-0.1979999542236328 -0.5699999928474426 2.3000001907348633
-0.24599993228912354 -0.34200000762939453 2.4260001182556152
-0.1979999542236328 -0.5820000171661377 2.3000001907348633
1.2960000038146973 -0.75 2.492000102996826
-0.3179999589920044 -0.75 2.630000114440918
-0.1499999761581421 -1.0859999656677246 2.630000114440918
-0.22200000286102295 -0.20399999618530273 2.4800000190734863
1.1760001182556152 -0.9599999785423279 2.4260001182556152
1.3440001010894775 -0.5879999995231628 2.558000087738037
1.2839999198913574 -0.1499999761581421 2.75600004196167
1.1579999923706055 -0.972000002861023 2.4079999923706055
1.194000005722046 -0.011999964714050293 2.875999927520752
1.2000000476837158 -0.9419999718666077 2.450000047683716
1.2780001163482666 -0.7979999780654907 2.4800000190734863
1.3020000457763672 -0.75 2.503999948501587
-0.24000000953674316 -0.3240000009536743 2.4200000762939453
1.3500001430511475 -0.5879999995231628 2.5759999752044678
-0.22200000286102295 -0.5460000038146973 2.3299999237060547
1.2660000324249268 -0.8219999670982361 2.4679999351501465
1.3500001430511475 -0.34800004959106445 2.677999973297119
-0.22200000286102295 -0.6539999842643738 2.3420000076293945
1.2300000190734863 -0.054000020027160645 2.828000068664551
-0.2999999523162842 -0.8159999847412109 2.624000072479248
1.187999963760376 0.0 2.864000082015991
1.2000000476837158 -0.9240000247955322 2.4260001182556152
-0.22200000286102295 -0.1979999542236328 2.4800000190734863
-0.24599993228912354 -0.4500000476837158 2.378000020980835
-0.1979999542236328 -0.5759999752044678 2.2940001487731934
-0.2999999523162842 -0.8219999670982361 2.630000114440918
1.1459999084472656 -0.9900000095367432 2.4019999504089355
-0.24599993228912354 -0.4440000057220459 2.378000020980835
-0.24599993228912354 -0.37199997901916504 2.4019999504089355
-0.22200000286102295 -0.5999999642372131 2.3299999237060547
-0.24599993228912354 -0.3240000009536743 2.4260001182556152
1.2239999771118164 -0.5579999685287476 2.3000001907348633
-0.22200000286102295 -0.6060000061988831 2.3299999237060547
-0.26399993896484375 -0.9240000247955322 2.6540000438690186
1.3259999752044678 -0.6959999799728394 2.5280001163482666
-0.23399996757507324 -0.24599993228912354 2.4559998512268066
1.3259999752044678 -0.24599993228912354 2.7079999446868896
1.181999921798706 -0.9480000138282776 2.4140000343322754
1.2599999904632568 -0.09599995613098145 2.7799999713897705
-0.22200000286102295 -0.1979999542236328 2.4739999771118164
-0.24599993228912354 -0.28199994564056396 2.450000047683716
1.3020000457763672 -0.7680000066757202 2.503999948501587
1.2300000190734863 -0.04799997806549072 2.828000068664551
-0.24599993228912354 -0.6660000085830688 2.378000020980835
1.3199999332427979 -0.22200000286102295 2.7200000286102295
1.3559999465942383 -0.5699999928474426 2.5759999752044678
1.3020000457763672 -0.17400002479553223 2.75
-0.24000000953674316 -0.6060000061988831 2.3540000915527344
-0.1679999828338623 -1.0740000009536743 2.630000114440918
1.3259999752044678 -0.23399996757507324 2.7260000705718994
1.247999906539917 -0.07200002670288086 2.7980000972747803
1.3440001010894775 -0.6480000019073486 2.552000045776367
-0.3240000009536743 -0.75 2.624000072479248
1.247999906539917 -0.5640000104904175 2.3299999237060547
-0.24000000953674316 -0.4739999771118164 2.3540000915527344
1.3500001430511475 -0.3240000009536743 2.677999973297119
-0.22200000286102295 -0.6480000019073486 2.3299999237060547
-0.2999999523162842 -0.8339999914169312 2.624000072479248
1.2780001163482666 -0.12000000476837158 2.7799999713897705
-0.3179999589920044 -0.7739999890327454 2.618000030517578
1.1519999504089355 -1.0019999742507935 2.4140000343322754
1.3259999752044678 -0.7199999690055847 2.5280001163482666
1.3559999465942383 -0.34800004959106445 2.671999931335449
1.2300000190734863 -0.5460000038146973 2.3000001907348633
1.253999948501587 -0.07799994945526123 2.803999900817871
-0.1979999542236328 -0.12000000476837158 2.503999948501587
-0.24000000953674316 -0.49800002574920654 2.3480000495910645
1.3199999332427979 -0.7199999690055847 2.509999990463257
-0.24599993228912354 -0.26999998092651367 2.450000047683716
1.3380000591278076 -0.26999998092651367 2.696000099182129
-0.16199994087219238 -1.0859999656677246 2.630000114440918
1.2239999771118164 -0.8999999761581421 2.432000160217285
1.3259999752044678 -0.7260000109672546 2.5280001163482666
1.2179999351501465 -0.023999929428100586 2.8340001106262207
-0.22800004482269287 -0.1979999542236328 2.4739999771118164
1.247999906539917 -0.8700000047683716 2.450000047683716
-0.24599993228912354 -0.5099999904632568 2.3540000915527344
-0.22200000286102295 -0.17400002479553223 2.4860000610351562
1.3680000305175781 -0.49800002574920654 2.611999988555908
-0.22800004482269287 -0.9959999918937683 2.635999917984009
-0.22200000286102295 -0.6420000195503235 2.3239998817443848
1.1519999504089355 -0.9900000095367432 2.3959999084472656
1.3680000305175781 -0.5220000147819519 2.6059999465942383
-0.24599993228912354 -0.49800002574920654 2.3540000915527344
-0.2999999523162842 -0.8460000157356262 2.630000114440918
1.3259999752044678 -0.22200000286102295 2.7260000705718994
-0.24599993228912354 -0.5999999642372131 2.3540000915527344
-0.24599993228912354 -0.26999998092651367 2.444000005722046
1.2780001163482666 -0.5759999752044678 2.371999979019165
-0.26999998092651367 -0.9240000247955322 2.6419999599456787
1.2360000610351562 -0.8999999761581421 2.450000047683716
1.2599999904632568 -0.8460000157356262 2.450000047683716
-0.3240000009536743 -0.7739999890327454 2.630000114440918
-0.22200000286102295 -0.156000018119812 2.503999948501587
-0.24000000953674316 -0.6599999666213989 2.3540000915527344
1.253999948501587 -0.07200002670288086 2.803999900817871
1.253999948501587 -0.527999997138977 2.3299999237060547
1.253999948501587 -0.5699999928474426 2.3299999237060547
-0.2580000162124634 -0.3960000276565552 2.3959999084472656
1.308000087738037 -0.17400002479553223 2.74399995803833
1.3500001430511475 -0.6480000019073486 2.552000045776367
-0.22800004482269287 -0.6480000019073486 2.3299999237060547
1.2839999198913574 -0.8219999670982361 2.4800000190734863
-0.24000000953674316 -0.22200000286102295 2.4679999351501465
1.3500001430511475 -0.2999999523162842 2.684000015258789
-0.2580000162124634 -0.34800004959106445 2.4140000343322754
1.2360000610351562 -0.5640000104904175 2.3000001907348633
-0.24599993228912354 -0.22200000286102295 2.4800000190734863
1.2839999198913574 -0.12000000476837158 2.7680001258850098
1.2300000190734863 -0.8999999761581421 2.432000160217285
-0.2580000162124634 -0.41999995708465576 2.384000062942505
1.3500001430511475 -0.6599999666213989 2.552000045776367
-0.22200000286102295 -0.1499999761581421 2.503999948501587
1.2720000743865967 -0.5399999618530273 2.3540000915527344
-0.1979999542236328 -1.0499999523162842 2.635999917984009
1.2720000743865967 -0.5699999928474426 2.3540000915527344
-0.2940000295639038 -0.8700000047683716 2.624000072479248
1.253999948501587 -0.8700000047683716 2.450000047683716
1.2420001029968262 -0.04799997806549072 2.809999942779541
1.1579999923706055 -0.9959999918937683 2.4019999504089355
1.2060000896453857 -0.9419999718666077 2.4260001182556152
1.3440001010894775 -0.671999990940094 2.5339999198913574
1.3320000171661377 -0.6959999799728394 2.509999990463257
1.3680000305175781 -0.3960000276565552 2.6419999599456787
-0.24599993228912354 -0.5220000147819519 2.3420000076293945
1.2000000476837158 0.006000041961669922 2.875999927520752
1.3259999752044678 -0.7199999690055847 2.503999948501587
-0.22200000286102295 -0.1499999761581421 2.498000144958496
1.374000072479248 -0.4739999771118164 2.618000030517578
1.1760001182556152 -0.972000002861023 2.4019999504089355
1.187999963760376 0.018000006675720215 2.9000000953674316
1.2599999904632568 -0.07200002670288086 2.7920000553131104
-0.24000000953674316 -0.6240000128746033 2.3359999656677246
1.2120001316070557 -0.9240000247955322 2.4140000343322754
-0.26399993896484375 -0.9539999961853027 2.6540000438690186
-0.3240000009536743 -0.7919999957084656 2.624000072479248
-0.22200000286102295 -1.0199999809265137 2.635999917984009
-0.26999998092651367 -0.40799999237060547 2.4019999504089355
-0.3240000009536743 -0.7979999780654907 2.630000114440918
1.2000000476837158 -0.9480000138282776 2.4140000343322754
-0.22200000286102295 -0.5699999928474426 2.3000001907348633
-0.26999998092651367 -0.34800004959106445 2.4260001182556152
1.374000072479248 -0.41999995708465576 2.635999917984009
1.3619999885559082 -0.5820000171661377 2.552000045776367
1.380000114440918 -0.4859999418258667 2.630000114440918
-0.22200000286102295 -0.5820000171661377 2.3000001907348633
1.2960000038146973 -0.7919999957084656 2.4679999351501465
-0.2999999523162842 -0.8700000047683716 2.630000114440918
1.253999948501587 -0.8819999694824219 2.450000047683716
-0.2580000162124634 -0.4739999771118164 2.3600001335144043
1.3500001430511475 -0.26999998092651367 2.7019999027252197
1.2839999198913574 -0.8219999670982361 2.4619998931884766
1.2780001163482666 -0.5399999618530273 2.3540000915527344
1.380000114440918 -0.4739999771118164 2.630000114440918
-0.26999998092651367 -0.3960000276565552 2.4019999504089355
-0.26999998092651367 -0.9480000138282776 2.6540000438690186
1.2780001163482666 -0.5640000104904175 2.3540000915527344
1.3559999465942383 -0.2879999876022339 2.7019999027252197
1.2120001316070557 0.0 2.8459999561309814
1.3020000457763672 -0.7919999957084656 2.4800000190734863
1.2780001163482666 -0.09599995613098145 2.7799999713897705
-0.23399996757507324 -0.17400002479553223 2.4860000610351562
1.2120001316070557 0.0 2.8519999980926514
1.3680000305175781 -0.6599999666213989 2.5940001010894775
1.3500001430511475 -0.26999998092651367 2.696000099182129
1.308000087738037 -0.7739999890327454 2.4800000190734863
1.2960000038146973 -0.5640000104904175 2.384000062942505
-0.17400002479553223 -1.0980000495910645 2.6540000438690186
-0.26999998092651367 -0.37199997901916504 2.4079999923706055
-0.1979999542236328 -1.062000036239624 2.635999917984009
-0.26399993896484375 -0.4440000057220459 2.371999979019165
1.380000114440918 -0.5460000038146973 2.6059999465942383
-0.24599993228912354 -0.5460000038146973 2.3299999237060547
-0.26999998092651367 -0.9480000138282776 2.6419999599456787
-0.24599993228912354 -0.5579999685287476 2.3299999237060547
-0.26399993896484375 -0.671999990940094 2.378000020980835
-0.24599993228912354 -0.6539999842643738 2.3420000076293945
1.380000114440918 -0.5220000147819519 2.6059999465942383
1.380000114440918 -0.5699999928474426 2.6059999465942383
1.3619999885559082 -0.6119999885559082 2.5460000038146973
-0.26999998092651367 -0.4620000123977661 2.378000020980835
-0.26999998092651367 -0.2940000295639038 2.450000047683716
1.3259999752044678 -0.75 2.503999948501587
1.380000114440918 -0.4440000057220459 2.630000114440918
-0.24599993228912354 -0.1979999542236328 2.4800000190734863
1.3500001430511475 -0.671999990940094 2.5280001163482666
-0.34200000762939453 -0.75 2.630000114440918
1.380000114440918 -0.593999981880188 2.6059999465942383
1.3199999332427979 -0.75 2.4860000610351562
-0.24599993228912354 -0.5999999642372131 2.3299999237060547
1.247999906539917 -0.5220000147819519 2.3000001907348633
-0.22800004482269287 -0.5699999928474426 2.3000001907348633
1.374000072479248 -0.37199997901916504 2.6540000438690186
1.2360000610351562 -0.023999929428100586 2.828000068664551
-0.26999998092651367 -0.4440000057220459 2.378000020980835
-0.26999998092651367 -0.3240000009536743 2.4260001182556152
-0.26399993896484375 -0.26999998092651367 2.450000047683716
1.380000114440918 -0.41999995708465576 2.635999917984009
1.2599999904632568 -0.8700000047683716 2.437999963760376
1.253999948501587 -0.5519999861717224 2.305999994277954
-0.2760000228881836 -0.593999981880188 2.378000020980835
1.380000114440918 -0.5220000147819519 2.5940001010894775
-0.2760000228881836 -0.9480000138282776 2.6540000438690186
-0.3240000009536743 -0.8219999670982361 2.630000114440918
-0.19200003147125244 -1.0799999237060547 2.6480000019073486
1.3259999752044678 -0.1799999475479126 2.75
-0.26999998092651367 -0.2999999523162842 2.437999963760376
1.3020000457763672 -0.5579999685287476 2.384000062942505
-0.3240000009536743 -0.8219999670982361 2.624000072479248
1.2300000190734863 -0.9240000247955322 2.4260001182556152
1.3500001430511475 -0.6959999799728394 2.5280001163482666
-0.24599993228912354 -0.1679999828338623 2.503999948501587
-0.2760000228881836 -0.37199997901916504 2.4079999923706055
1.2780001163482666 -0.8460000157356262 2.450000047683716
1.380000114440918 -0.3960000276565552 2.6419999599456787
1.2300000190734863 -0.011999964714050293 2.8519999980926514
-0.26399993896484375 -0.24599993228912354 2.4619998931884766
-0.25199997425079346 -0.1979999542236328 2.4800000190734863
1.3259999752044678 -0.17400002479553223 2.75
1.380000114440918 -0.36000001430511475 2.677999973297119
1.253999948501587 -0.5399999618530273 2.3000001907348633
1.1760001182556152 -0.9959999918937683 2.4019999504089355
1.3919999599456787 -0.5879999995231628 2.635999917984009
-0.26999998092651367 -0.9599999785423279 2.635999917984009
1.253999948501587 -0.5220000147819519 2.3000001907348633
1.3440001010894775 -0.22200000286102295 2.7139999866485596
-0.23399996757507324 -0.5820000171661377 2.3000001907348633
1.2780001163482666 -0.5579999685287476 2.3359999656677246
-0.24000000953674316 -0.1499999761581421 2.503999948501587
1.380000114440918 -0.5699999928474426 2.5759999752044678
1.380000114440918 -0.37199997901916504 2.6540000438690186
-0.2760000228881836 -0.3240000009536743 2.4260001182556152
-0.34800004959106445 -0.75 2.624000072479248
1.2599999904632568 -0.04799997806549072 2.803999900817871
1.374000072479248 -0.5699999928474426 2.552000045776367
-0.26999998092651367 -0.23399996757507324 2.4800000190734863
-0.18599998950958252 -1.0980000495910645 2.6540000438690186
-0.2999999523162842 -0.8999999761581421 2.630000114440918
-0.26999998092651367 -0.515999972820282 2.3540000915527344
1.2899999618530273 -0.09599995613098145 2.7739999294281006
1.380000114440918 -0.34800004959106445 2.677999973297119
1.3500001430511475 -0.7199999690055847 2.5280001163482666
-0.22800004482269287 -0.12000000476837158 2.509999990463257
1.3380000591278076 -0.1979999542236328 2.7260000705718994
-0.26999998092651367 -0.49800002574920654 2.3540000915527344
-0.26999998092651367 -0.5999999642372131 2.3540000915527344
-0.2999999523162842 -0.8999999761581421 2.624000072479248
1.3020000457763672 -0.5519999861717224 2.371999979019165
1.3859999179840088 -0.5460000038146973 2.5880000591278076
-0.3240000009536743 -0.8399999737739563 2.624000072479248
1.2000000476837158 -0.972000002861023 2.4079999923706055
-0.28199994564056396 -0.41999995708465576 2.3899998664855957
-0.25199997425079346 -0.6420000195503235 2.3299999237060547
-0.24000000953674316 -0.1260000467300415 2.5280001163482666
1.374000072479248 -0.6179999709129333 2.552000045776367
1.3199999332427979 -0.1499999761581421 2.75
-0.3240000009536743 -0.8460000157356262 2.630000114440918
1.380000114440918 -0.6299999952316284 2.5759999752044678
-0.26999998092651367 -0.6179999709129333 2.3540000915527344
1.3199999332427979 -0.7739999890327454 2.4739999771118164
-0.34800004959106445 -0.7559999823570251 2.611999988555908
1.247999906539917 -0.023999929428100586 2.815999984741211
-0.2580000162124634 -0.5999999642372131 2.3299999237060547
1.2360000610351562 -0.9240000247955322 2.4200000762939453
-0.22200000286102295 -0.10800004005432129 2.503999948501587
-0.22200000286102295 -1.0499999523162842 2.635999917984009
-0.26999998092651367 -0.22200000286102295 2.4800000190734863
1.3320000171661377 -0.17400002479553223 2.73799991607666
-0.34800004959106445 -0.7739999890327454 2.630000114440918
1.2300000190734863 0.0 2.8519999980926514
-0.28199994564056396 -0.4440000057220459 2.378000020980835
1.3440001010894775 -0.7199999690055847 2.498000144958496
1.3919999599456787 -0.4739999771118164 2.611999988555908
1.308000087738037 -0.12000000476837158 2.76200008392334
1.2780001163482666 -0.8700000047683716 2.450000047683716
1.2120001316070557 0.018000006675720215 2.9000000953674316
1.3500001430511475 -0.21599996089935303 2.7260000705718994
-0.2879999876022339 -0.3960000276565552 2.4019999504089355
1.380000114440918 -0.5699999928474426 2.552000045776367
1.3859999179840088 -0.5879999995231628 2.5759999752044678
1.2000000476837158 -0.9959999918937683 2.4260001182556152
1.253999948501587 -0.8999999761581421 2.4260001182556152
-0.34200000762939453 -0.7979999780654907 2.624000072479248
1.380000114440918 -0.3240000009536743 2.677999973297119
-0.26999998092651367 -0.22200000286102295 2.4739999771118164
1.3320000171661377 -0.75 2.4800000190734863
-0.26999998092651367 -0.5220000147819519 2.3420000076293945
-0.2999999523162842 -0.9120000004768372 2.624000072479248
-0.2760000228881836 -0.49800002574920654 2.3540000915527344
1.3259999752044678 -0.7739999890327454 2.4800000190734863
-0.3179999589920044 -0.8700000047683716 2.624000072479248
-0.28199994564056396 -0.6660000085830688 2.378000020980835
1.3919999599456787 -0.6240000128746033 2.6059999465942383
1.2839999198913574 -0.5460000038146973 2.3299999237060547
-0.26999998092651367 -0.6599999666213989 2.3540000915527344
1.4040000438690186 -0.593999981880188 2.6540000438690186
-0.28199994564056396 -0.4739999771118164 2.366000175476074
1.3680000305175781 -0.5879999995231628 2.509999990463257
-0.24599993228912354 -1.0199999809265137 2.635999917984009
1.3859999179840088 -0.6179999709129333 2.5759999752044678
1.374000072479248 -0.593999981880188 2.5280001163482666
1.3259999752044678 -0.1499999761581421 2.75
1.3500001430511475 -0.7199999690055847 2.503999948501587
1.253999948501587 -0.023999929428100586 2.815999984741211
1.253999948501587 -0.023999929428100586 2.828000068664551
1.374000072479248 -0.6480000019073486 2.5399999618530273
1.314000129699707 -0.7979999780654907 2.4619998931884766
1.2000000476837158 -1.0019999742507935 2.4260001182556152
-0.2760000228881836 -0.9779999852180481 2.6540000438690186
-0.26999998092651367 -0.5460000038146973 2.3359999656677246
-0.26999998092651367 -0.6240000128746033 2.3420000076293945
1.2780001163482666 -0.8819999694824219 2.450000047683716
1.3559999465942383 -0.6959999799728394 2.503999948501587
1.2599999904632568 -0.527999997138977 2.2880001068115234
-0.2999999523162842 -0.37199997901916504 2.4260001182556152
-0.2999999523162842 -0.9240000247955322 2.630000114440918
-0.34800004959106445 -0.7979999780654907 2.630000114440918
-0.1979999542236328 -1.1039999723434448 2.671999931335449
1.3980000019073486 -0.49800002574920654 2.6059999465942383
1.3500001430511475 -0.7319999933242798 2.503999948501587
-0.22200000286102295 -1.062000036239624 2.635999917984009
1.3020000457763672 -0.09599995613098145 2.7799999713897705
-0.24000000953674316 -0.10800004005432129 2.5280001163482666
-0.3240000009536743 -0.8700000047683716 2.630000114440918
1.380000114440918 -0.6480000019073486 2.552000045776367
1.2360000610351562 -0.9480000138282776 2.4260001182556152
1.2780001163482666 -0.054000020027160645 2.803999900817871
-0.2999999523162842 -0.4259999990463257 2.4019999504089355
1.2300000190734863 -0.9480000138282776 2.4140000343322754
1.3500001430511475 -0.1979999542236328 2.7260000705718994
-0.2940000295639038 -0.34800004959106445 2.4200000762939453
1.2780001163482666 -0.8700000047683716 2.432000160217285
1.380000114440918 -0.2999999523162842 2.677999973297119
-0.26999998092651367 -0.6539999842643738 2.3420000076293945
1.3980000019073486 -0.4440000057220459 2.618000030517578
1.3980000019073486 -0.3960000276565552 2.6540000438690186
-0.2999999523162842 -0.41999995708465576 2.4019999504089355
-0.26999998092651367 -0.5699999928474426 2.3299999237060547
1.308000087738037 -0.5399999618530273 2.3600001335144043
-0.2879999876022339 -0.26999998092651367 2.4559998512268066
-0.34200000762939453 -0.8219999670982361 2.624000072479248
1.308000087738037 -0.10199999809265137 2.7799999713897705
-0.3359999656677246 -0.8399999737739563 2.624000072479248
-0.26399993896484375 -0.17400002479553223 2.492000102996826
1.2599999904632568 -0.8999999761581421 2.4200000762939453
1.4040000438690186 -0.4679999351501465 2.630000114440918
1.2000000476837158 -1.0019999742507935 2.4140000343322754
-0.2940000295639038 -0.2999999523162842 2.444000005722046
1.3680000305175781 -0.24599993228912354 2.7019999027252197
-0.26999998092651367 -0.17400002479553223 2.503999948501587
1.3859999179840088 -0.6240000128746033 2.552000045776367
-0.22200000286102295 -1.0740000009536743 2.6540000438690186
-0.26999998092651367 -0.9959999918937683 2.6419999599456787
1.2780001163482666 -0.04799997806549072 2.803999900817871
-0.2999999523162842 -0.34800004959106445 2.4260001182556152
-0.2999999523162842 -0.3059999942779541 2.450000047683716
1.4040000438690186 -0.5699999928474426 2.6059999465942383
-0.22800004482269287 -1.062000036239624 2.635999917984009
1.253999948501587 -0.9240000247955322 2.4260001182556152
1.4040000438690186 -0.515999972820282 2.6059999465942383
-0.2879999876022339 -0.24599993228912354 2.4679999351501465
1.4040000438690186 -0.4440000057220459 2.630000114440918
-0.2760000228881836 -0.1979999542236328 2.4860000610351562
1.4040000438690186 -0.5879999995231628 2.6059999465942383
1.308000087738037 -0.09599995613098145 2.7680001258850098
1.4040000438690186 -0.49800002574920654 2.6059999465942383
-0.2999999523162842 -0.4859999418258667 2.378000020980835
1.4040000438690186 -0.4739999771118164 2.611999988555908
1.2300000190734863 0.018000006675720215 2.875999927520752
-0.2999999523162842 -0.2999999523162842 2.450000047683716
-0.20399999618530273 -1.1100000143051147 2.684000015258789
-0.26399993896484375 -0.1499999761581421 2.509999990463257
-0.26399993896484375 -0.5820000171661377 2.312000036239624
1.4040000438690186 -0.40199995040893555 2.6540000438690186
1.3020000457763672 -0.8460000157356262 2.450000047683716
-0.34800004959106445 -0.8219999670982361 2.630000114440918
-0.2999999523162842 -0.4739999771118164 2.378000020980835
1.2960000038146973 -0.07200002670288086 2.7799999713897705
-0.22200000286102295 -1.0799999237060547 2.6540000438690186
1.380000114440918 -0.26999998092651367 2.7019999027252197
1.4040000438690186 -0.5220000147819519 2.5940001010894775
1.380000114440918 -0.5699999928474426 2.509999990463257
1.2780001163482666 -0.5339999794960022 2.3000001907348633
1.247999906539917 0.0 2.8399999141693115
1.4040000438690186 -0.4440000057220459 2.618000030517578
1.4040000438690186 -0.3960000276565552 2.6540000438690186
1.3919999599456787 -0.5999999642372131 2.552000045776367
1.2780001163482666 -0.5220000147819519 2.3000001907348633
1.3919999599456787 -0.3240000009536743 2.671999931335449
1.3320000171661377 -0.7739999890327454 2.4619998931884766
-0.26999998092651367 -0.5699999928474426 2.317999839782715
1.4040000438690186 -0.41999995708465576 2.630000114440918
-0.28199994564056396 -0.6179999709129333 2.3420000076293945
1.3440001010894775 -0.75 2.4739999771118164
1.380000114440918 -0.26999998092651367 2.690000057220459
-0.26999998092651367 -0.14399993419647217 2.5280001163482666
-0.28199994564056396 -0.5460000038146973 2.3359999656677246
1.2839999198913574 -0.04799997806549072 2.7980000972747803
-0.2760000228881836 -0.6480000019073486 2.3359999656677246
1.2720000743865967 -0.5220000147819519 2.2880001068115234
-0.2999999523162842 -0.9480000138282776 2.630000114440918
1.3980000019073486 -0.34800004959106445 2.6600000858306885
1.374000072479248 -0.671999990940094 2.509999990463257
1.380000114440918 -0.671999990940094 2.5280001163482666
-0.36000001430511475 -0.7919999957084656 2.624000072479248
1.2420001029968262 -0.9599999785423279 2.4260001182556152
-0.2999999523162842 -0.24599993228912354 2.4800000190734863
1.4040000438690186 -0.6179999709129333 2.5880000591278076
-0.3240000009536743 -0.8999999761581421 2.630000114440918
1.3500001430511475 -0.1679999828338623 2.75
1.4040000438690186 -0.5699999928474426 2.5759999752044678
-0.34200000762939453 -0.8519999980926514 2.624000072479248
1.3020000457763672 -0.5399999618530273 2.3299999237060547
1.4040000438690186 -0.37199997901916504 2.6540000438690186
1.3500001430511475 -0.75 2.4800000190734863
1.3020000457763672 -0.07200002670288086 2.7799999713897705
-0.3240000009536743 -0.8999999761581421 2.624000072479248
1.3020000457763672 -0.8640000224113464 2.450000047683716
-0.24599993228912354 -1.0499999523162842 2.635999917984009
-0.3059999942779541 -0.6539999842643738 2.384000062942505
1.4160001277923584 -0.5999999642372131 2.630000114440918
-0.2940000295639038 -0.5220000147819519 2.3480000495910645
-0.3059999942779541 -0.2999999523162842 2.444000005722046
1.3440001010894775 -0.1499999761581421 2.74399995803833
-0.2940000295639038 -0.22200000286102295 2.4800000190734863
-0.37199997901916504 -0.75 2.611999988555908
-0.34800004959106445 -0.8460000157356262 2.630000114440918
1.2300000190734863 -0.972000002861023 2.4079999923706055
1.4040000438690186 -0.34200000762939453 2.677999973297119
-0.22800004482269287 -1.0859999656677246 2.6600000858306885
1.380000114440918 -0.24599993228912354 2.7019999027252197
1.2599999904632568 -0.9240000247955322 2.4140000343322754
1.3199999332427979 -0.8219999670982361 2.450000047683716
1.253999948501587 0.0 2.881999969482422
1.253999948501587 -0.9480000138282776 2.4260001182556152
1.380000114440918 -0.24599993228912354 2.696000099182129
-0.2999999523162842 -0.5399999618530273 2.3540000915527344
-0.37199997901916504 -0.7559999823570251 2.611999988555908
-0.3059999942779541 -0.26999998092651367 2.4619998931884766
-0.2999999523162842 -0.5220000147819519 2.3540000915527344
1.3559999465942383 -0.17400002479553223 2.7320001125335693
1.3320000171661377 -0.12000000476837158 2.75600004196167
-0.37199997901916504 -0.7739999890327454 2.630000114440918
-0.37800002098083496 -0.75 2.630000114440918
1.253999948501587 0.006000041961669922 2.8519999980926514
1.374000072479248 -0.22200000286102295 2.7079999446868896
-0.26999998092651367 -1.0199999809265137 2.635999917984009
-0.2999999523162842 -0.5999999642372131 2.3540000915527344
-0.2940000295639038 -0.6599999666213989 2.3540000915527344
1.4100000858306885 -0.5460000038146973 2.5759999752044678
1.3980000019073486 -0.5699999928474426 2.5339999198913574
1.308000087738037 -0.5220000147819519 2.3299999237060547
1.2780001163482666 -0.527999997138977 2.2820000648498535
1.380000114440918 -0.671999990940094 2.503999948501587
1.2780001163482666 -0.5220000147819519 2.2820000648498535
1.4100000858306885 -0.5820000171661377 2.5759999752044678
-0.28199994564056396 -0.5699999928474426 2.317999839782715
1.3680000305175781 -0.1979999542236328 2.7200000286102295
1.4040000438690186 -0.3240000009536743 2.677999973297119
1.3919999599456787 -0.6480000019073486 2.5280001163482666
-0.37800002098083496 -0.7440000176429749 2.611999988555908
-0.2999999523162842 -0.6240000128746033 2.3540000915527344
-0.3240000009536743 -0.38399994373321533 2.4260001182556152
1.3500001430511475 -0.1499999761581421 2.75
1.4040000438690186 -0.3240000009536743 2.671999931335449
-0.26999998092651367 -0.12000000476837158 2.5280001163482666
-0.3240000009536743 -0.9179999828338623 2.624000072479248
1.4279999732971191 -0.5879999995231628 2.6540000438690186
1.3559999465942383 -0.7619999647140503 2.4800000190734863
1.3259999752044678 -0.8219999670982361 2.450000047683716
-0.2879999876022339 -0.6539999842643738 2.3359999656677246
-0.3240000009536743 -0.33000004291534424 2.450000047683716
1.3980000019073486 -0.5999999642372131 2.5280001163482666
-0.3179999589920044 -0.34800004959106445 2.4260001182556152
-0.2999999523162842 -0.6420000195503235 2.3540000915527344
-0.2999999523162842 -0.972000002861023 2.630000114440918
1.2239999771118164 -0.9900000095367432 2.4019999504089355
-0.3240000009536743 -0.37199997901916504 2.4260001182556152
-0.3240000009536743 -0.9240000247955322 2.630000114440918
-0.3179999589920044 -0.3240000009536743 2.437999963760376
-0.3240000009536743 -0.437999963760376 2.4019999504089355
1.3980000019073486 -0.6119999885559082 2.5280001163482666
1.4160001277923584 -0.41999995708465576 2.624000072479248
1.2780001163482666 -0.018000006675720215 2.828000068664551
1.380000114440918 -0.6959999799728394 2.503999948501587
1.3259999752044678 -0.09599995613098145 2.76200008392334
1.374000072479248 -0.6959999799728394 2.4860000610351562
-0.3240000009536743 -0.3240000009536743 2.450000047683716
1.2660000324249268 0.0 2.8340001106262207
1.2780001163482666 -0.9179999828338623 2.4260001182556152
-0.2999999523162842 -0.19200003147125244 2.503999948501587
-0.34800004959106445 -0.8700000047683716 2.630000114440918
1.4160001277923584 -0.3960000276565552 2.635999917984009
-0.37199997901916504 -0.7979999780654907 2.630000114440918
-0.24599993228912354 -1.0740000009536743 2.6540000438690186
-0.3240000009536743 -0.41999995708465576 2.4019999504089355
-0.3240000009536743 -0.37199997901916504 2.4200000762939453
1.4100000858306885 -0.5699999928474426 2.552000045776367
1.3380000591278076 -0.7979999780654907 2.450000047683716
1.4100000858306885 -0.5759999752044678 2.552000045776367
-0.3240000009536743 -0.3960000276565552 2.4079999923706055
1.3020000457763672 -0.8700000047683716 2.4260001182556152
1.3020000457763672 -0.04799997806549072 2.803999900817871
1.3859999179840088 -0.6660000085830688 2.498000144958496
1.3020000457763672 -0.04799997806549072 2.7920000553131104
1.4040000438690186 -0.2999999523162842 2.677999973297119
1.3199999332427979 -0.8460000157356262 2.444000005722046
-0.26399993896484375 -0.11399996280670166 2.503999948501587
1.2660000324249268 -0.9300000071525574 2.4079999923706055
1.2899999618530273 -0.8999999761581421 2.4260001182556152
1.380000114440918 -0.7199999690055847 2.503999948501587
-0.3240000009536743 -0.4440000057220459 2.3899998664855957
-0.3359999656677246 -0.906000018119812 2.624000072479248
1.374000072479248 -0.7199999690055847 2.4860000610351562
-0.38399994373321533 -0.7559999823570251 2.618000030517578
1.4040000438690186 -0.5999999642372131 2.5280001163482666
-0.2940000295639038 -0.17400002479553223 2.498000144958496
1.2300000190734863 -1.0019999742507935 2.4140000343322754
1.3500001430511475 -0.7739999890327454 2.4559998512268066
-0.312000036239624 -0.5220000147819519 2.3540000915527344
-0.3240000009536743 -0.49800002574920654 2.378000020980835
-0.3179999589920044 -0.49800002574920654 2.366000175476074
1.3980000019073486 -0.5820000171661377 2.503999948501587
-0.22800004482269287 -1.1159999370574951 2.7019999027252197
1.380000114440918 -0.20399999618530273 2.7260000705718994
-0.3240000009536743 -0.26399993896484375 2.4800000190734863
1.380000114440918 -0.6959999799728394 2.4860000610351562
1.2899999618530273 -0.023999929428100586 2.803999900817871
1.3259999752044678 -0.8460000157356262 2.450000047683716
-0.2999999523162842 -0.5699999928474426 2.3299999237060547
-0.3240000009536743 -0.2999999523162842 2.450000047683716
1.3320000171661377 -0.8219999670982361 2.444000005722046
1.3020000457763672 -0.527999997138977 2.3000001907348633
1.3980000019073486 -0.6480000019073486 2.5160000324249268
-0.3240000009536743 -0.4739999771118164 2.378000020980835
1.4160001277923584 -0.34800004959106445 2.6540000438690186
1.3859999179840088 -0.22200000286102295 2.7019999027252197
1.4279999732971191 -0.5099999904632568 2.6059999465942383
-0.34200000762939453 -0.8999999761581421 2.624000072479248
-0.2999999523162842 -0.5999999642372131 2.3299999237060547
1.380000114440918 -0.1979999542236328 2.7260000705718994
1.4279999732971191 -0.49800002574920654 2.6059999465942383
-0.3059999942779541 -0.1979999542236328 2.492000102996826
-0.37199997901916504 -0.8219999670982361 2.630000114440918
-0.3240000009536743 -0.6779999732971191 2.3899998664855957
-0.2999999523162842 -0.17400002479553223 2.503999948501587
-0.3179999589920044 -0.24599993228912354 2.4739999771118164
1.4279999732971191 -0.437999963760376 2.630000114440918
-0.33000004291534424 -0.3960000276565552 2.4079999923706055
1.3259999752044678 -0.07799994945526123 2.7799999713897705
1.4040000438690186 -0.6480000019073486 2.5280001163482666
1.4219999313354492 -0.37199997901916504 2.6480000019073486
1.4100000858306885 -0.5699999928474426 2.5280001163482666
-0.3059999942779541 -0.9779999852180481 2.618000030517578
1.4279999732971191 -0.4739999771118164 2.6059999465942383
-0.3240000009536743 -0.9480000138282776 2.630000114440918
1.4100000858306885 -0.2999999523162842 2.671999931335449
-0.312000036239624 -0.6480000019073486 2.3540000915527344
-0.2999999523162842 -0.9959999918937683 2.630000114440918
1.4279999732971191 -0.41999995708465576 2.630000114440918
-0.2999999523162842 -0.1499999761581421 2.5280001163482666
1.2780001163482666 -0.9240000247955322 2.4079999923706055
-0.312000036239624 -0.972000002861023 2.624000072479248
-0.2879999876022339 -0.1380000114440918 2.509999990463257
-0.36000001430511475 -0.8640000224113464 2.624000072479248
-0.3240000009536743 -0.24599993228912354 2.4800000190734863
-0.26999998092651367 -1.0499999523162842 2.635999917984009
-0.2999999523162842 -0.9959999918937683 2.624000072479248
1.3259999752044678 -0.07200002670288086 2.7799999713897705
1.3259999752044678 -0.5220000147819519 2.3299999237060547
-0.3059999942779541 -0.5699999928474426 2.3299999237060547
1.3020000457763672 -0.8939999938011169 2.4260001182556152
-0.33000004291534424 -0.2999999523162842 2.450000047683716
1.4279999732971191 -0.38399994373321533 2.6540000438690186
-0.34800004959106445 -0.8999999761581421 2.630000114440918
1.3859999179840088 -0.7319999933242798 2.503999948501587
-0.24599993228912354 -1.0980000495910645 2.677999973297119
1.434000015258789 -0.4559999704360962 2.630000114440918
-0.33000004291534424 -0.4739999771118164 2.378000020980835
1.4100000858306885 -0.6240000128746033 2.5280001163482666
-0.38399994373321533 -0.7979999780654907 2.630000114440918
-0.3359999656677246 -0.41999995708465576 2.4019999504089355
1.4279999732971191 -0.41999995708465576 2.618000030517578
-0.3359999656677246 -0.34800004959106445 2.432000160217285
1.3500001430511475 -0.7979999780654907 2.450000047683716
-0.2879999876022339 -0.12000000476837158 2.5280001163482666
1.4279999732971191 -0.5460000038146973 2.5759999752044678
1.4279999732971191 -0.5699999928474426 2.5759999752044678
1.4279999732971191 -0.37199997901916504 2.6540000438690186
-0.24599993228912354 -1.1039999723434448 2.690000057220459
1.4279999732971191 -0.5820000171661377 2.5759999752044678
1.4040000438690186 -0.25199997425079346 2.7019999027252197
-0.2940000295639038 -0.5879999995231628 2.305999994277954
1.3680000305175781 -0.1499999761581421 2.73799991607666
-0.3240000009536743 -0.5460000038146973 2.3540000915527344
-0.3240000009536743 -0.5579999685287476 2.3540000915527344
-0.37199997901916504 -0.8460000157356262 2.630000114440918
1.4040000438690186 -0.24599993228912354 2.7019999027252197
1.3020000457763672 -0.023999929428100586 2.803999900817871
1.2960000038146973 -0.8999999761581421 2.4079999923706055
1.434000015258789 -0.49800002574920654 2.5940001010894775
-0.26399993896484375 -1.0740000009536743 2.6540000438690186
-0.3240000009536743 -0.5999999642372131 2.3540000915527344
1.434000015258789 -0.4440000057220459 2.611999988555908
1.380000114440918 -0.7440000176429749 2.4800000190734863
1.4100000858306885 -0.5820000171661377 2.503999948501587
1.380000114440918 -0.17400002479553223 2.7260000705718994
-0.34800004959106445 -0.3960000276565552 2.4260001182556152
-0.3240000009536743 -0.22200000286102295 2.4860000610351562
1.3980000019073486 -0.5699999928474426 2.4679999351501465
1.4040000438690186 -0.24599993228912354 2.690000057220459
1.3619999885559082 -0.5460000038146973 2.384000062942505
-0.3179999589920044 -0.6660000085830688 2.3540000915527344
-0.3240000009536743 -0.20399999618530273 2.503999948501587
-0.3179999589920044 -0.6060000061988831 2.3420000076293945
-0.26999998092651367 -1.062000036239624 2.635999917984009
-0.3960000276565552 -0.7739999890327454 2.630000114440918
-0.3240000009536743 -0.5460000038146973 2.3480000495910645
1.3320000171661377 -0.8460000157356262 2.432000160217285
-0.3240000009536743 -0.6240000128746033 2.3540000915527344
1.4279999732971191 -0.34800004959106445 2.6540000438690186
-0.3359999656677246 -0.49800002574920654 2.371999979019165
-0.3359999656677246 -0.26999998092651367 2.4679999351501465
1.3380000591278076 -0.07799994945526123 2.822000026702881
1.374000072479248 -0.75 2.4619998931884766
1.4040000438690186 -0.671999990940094 2.503999948501587
1.4279999732971191 -0.33000004291534424 2.677999973297119
-0.34800004959106445 -0.3359999656677246 2.450000047683716
-0.38399994373321533 -0.8219999670982361 2.630000114440918
-0.34800004959106445 -0.4559999704360962 2.4019999504089355
1.434000015258789 -0.3960000276565552 2.630000114440918
-0.3240000009536743 -0.1979999542236328 2.503999948501587
1.3500001430511475 -0.8219999670982361 2.450000047683716
1.3919999599456787 -0.1979999542236328 2.7139999866485596
-0.3240000009536743 -0.972000002861023 2.630000114440918
-0.2999999523162842 -1.0139999389648438 2.624000072479248
-0.3359999656677246 -0.9480000138282776 2.630000114440918
1.4279999732971191 -0.3240000009536743 2.677999973297119
1.374000072479248 -0.5519999861717224 2.4019999504089355
-0.34800004959106445 -0.4440000057220459 2.4019999504089355
1.247999906539917 -0.9959999918937683 2.4019999504089355
-0.34800004959106445 -0.37199997901916504 2.4260001182556152
-0.34800004959106445 -0.9240000247955322 2.630000114440918
1.3020000457763672 -0.8999999761581421 2.4079999923706055
1.3619999885559082 -0.12000000476837158 2.75
1.3380000591278076 -0.5339999794960022 2.3299999237060547
1.4100000858306885 -0.6480000019073486 2.503999948501587
1.3199999332427979 -0.5220000147819519 2.3000001907348633
-0.34800004959106445 -0.3240000009536743 2.450000047683716
-0.2999999523162842 -1.0199999809265137 2.630000114440918
1.4040000438690186 -0.6959999799728394 2.503999948501587
-0.3179999589920044 -0.593999981880188 2.3299999237060547
1.2839999198913574 0.011999964714050293 2.8519999980926514
1.2839999198913574 -0.9480000138282776 2.4140000343322754
1.253999948501587 -0.9959999918937683 2.4079999923706055
1.2899999618530273 -0.9480000138282776 2.4260001182556152
-0.34800004959106445 -0.4440000057220459 2.3959999084472656
1.3199999332427979 -0.8700000047683716 2.4140000343322754
-0.37199997901916504 -0.8700000047683716 2.630000114440918
1.3919999599456787 -0.7199999690055847 2.4800000190734863
-0.33000004291534424 -0.5460000038146973 2.3480000495910645
1.253999948501587 -1.0019999742507935 2.4140000343322754
1.4040000438690186 -0.7020000219345093 2.503999948501587
1.2720000743865967 -0.9660000205039978 2.4079999923706055
-0.3179999589920044 -0.17400002479553223 2.503999948501587
1.4040000438690186 -0.22200000286102295 2.7019999027252197
-0.34800004959106445 -0.3240000009536743 2.444000005722046
-0.3359999656677246 -0.5999999642372131 2.3600001335144043
1.2960000038146973 0.0 2.828000068664551
1.380000114440918 -0.1499999761581421 2.75
-0.34800004959106445 -0.26999998092651367 2.4800000190734863
1.434000015258789 -0.5699999928474426 2.552000045776367
-0.2879999876022339 -0.10800004005432129 2.503999948501587
1.4160001277923584 -0.5699999928474426 2.492000102996826
-0.34800004959106445 -0.5099999904632568 2.378000020980835
1.314000129699707 -0.023999929428100586 2.7980000972747803
1.4279999732971191 -0.2999999523162842 2.677999973297119
-0.3240000009536743 -0.16199994087219238 2.5280001163482666
-0.3539999723434448 -0.41999995708465576 2.4079999923706055
-0.3240000009536743 -0.6480000019073486 2.3420000076293945
1.3020000457763672 -0.006000041961669922 2.828000068664551
1.434000015258789 -0.593999981880188 2.552000045776367
1.440000057220459 -0.3960000276565552 2.624000072479248
-0.34800004959106445 -0.49800002574920654 2.378000020980835
1.3259999752044678 -0.5220000147819519 2.3000001907348633
1.3559999465942383 -0.09599995613098145 2.75600004196167
-0.3240000009536743 -0.6539999842643738 2.3420000076293945
1.4279999732971191 -0.2999999523162842 2.671999931335449
-0.26999998092651367 -1.0859999656677246 2.6600000858306885
1.4219999313354492 -0.6240000128746033 2.5160000324249268
1.4279999732971191 -0.593999981880188 2.5280001163482666
1.3440001010894775 -0.07200002670288086 2.7680001258850098
-0.3359999656677246 -0.22200000286102295 2.4860000610351562
-0.2879999876022339 -0.10800004005432129 2.498000144958496
1.2660000324249268 -1.0019999742507935 2.4260001182556152
-0.3359999656677246 -0.9660000205039978 2.630000114440918
1.446000099182129 -0.4739999771118164 2.5999999046325684
-0.3539999723434448 -0.4440000057220459 2.3959999084472656
1.3320000171661377 -0.8700000047683716 2.4260001182556152
1.4219999313354492 -0.26999998092651367 2.677999973297119
1.3020000457763672 -0.9599999785423279 2.450000047683716
1.3859999179840088 -0.5519999861717224 2.4079999923706055
1.4279999732971191 -0.6240000128746033 2.5280001163482666
1.3259999752044678 -0.03600001335144043 2.803999900817871
1.3020000457763672 0.0 2.828000068664551
1.4100000858306885 -0.22200000286102295 2.696000099182129
-0.3059999942779541 -0.12000000476837158 2.5220000743865967
1.4520001411437988 -0.4500000476837158 2.630000114440918
1.3020000457763672 -0.9419999718666077 2.4260001182556152
1.4279999732971191 -0.6359999775886536 2.5280001163482666
1.4520001411437988 -0.5820000171661377 2.6059999465942383
1.380000114440918 -0.5460000038146973 2.3899998664855957
-0.3240000009536743 -0.9959999918937683 2.630000114440918
1.4040000438690186 -0.1979999542236328 2.7139999866485596
1.3619999885559082 -0.5339999794960022 2.3540000915527344
-0.3240000009536743 -0.1499999761581421 2.5280001163482666
-0.3359999656677246 -0.6480000019073486 2.3540000915527344
1.446000099182129 -0.5220000147819519 2.5759999752044678
1.4520001411437988 -0.49800002574920654 2.6059999465942383
-0.26999998092651367 -1.0980000495910645 2.677999973297119
1.3859999179840088 -0.1499999761581421 2.7320001125335693
1.3320000171661377 -0.527999997138977 2.3000001907348633
-0.312000036239624 -0.13199996948242188 2.5160000324249268
-0.36000001430511475 -0.37199997901916504 2.4260001182556152
-0.36000001430511475 -0.34800004959106445 2.437999963760376
-0.38999998569488525 -0.8460000157356262 2.630000114440918
1.4219999313354492 -0.5820000171661377 2.492000102996826
1.4040000438690186 -0.19200003147125244 2.7260000705718994
1.4520001411437988 -0.4320000410079956 2.630000114440918
-0.34800004959106445 -0.24599993228912354 2.4800000190734863
1.3500001430511475 -0.07200002670288086 2.7680001258850098
1.3980000019073486 -0.7199999690055847 2.4679999351501465
1.4279999732971191 -0.6240000128746033 2.5160000324249268
1.4520001411437988 -0.4739999771118164 2.6059999465942383
-0.312000036239624 -0.12000000476837158 2.5280001163482666
-0.37199997901916504 -0.8999999761581421 2.630000114440918
-0.34800004959106445 -0.671999990940094 2.378000020980835
1.4520001411437988 -0.41999995708465576 2.630000114440918
-0.34800004959106445 -0.5220000147819519 2.3600001335144043
-0.26999998092651367 -1.1039999723434448 2.684000015258789
1.3380000591278076 -0.04799997806549072 2.7799999713897705
1.4520001411437988 -0.4739999771118164 2.5999999046325684
1.4279999732971191 -0.5879999995231628 2.503999948501587
1.4040000438690186 -0.7199999690055847 2.4800000190734863
1.446000099182129 -0.37199997901916504 2.635999917984009
-0.36000001430511475 -0.9300000071525574 2.630000114440918
1.4279999732971191 -0.26999998092651367 2.677999973297119
1.3619999885559082 -0.8219999670982361 2.437999963760376
-0.40799999237060547 -0.7979999780654907 2.630000114440918
-0.2999999523162842 -1.0440000295639038 2.624000072479248
1.308000087738037 -0.9240000247955322 2.4079999923706055
1.3500001430511475 -0.06599998474121094 2.7799999713897705
1.4040000438690186 -0.7260000109672546 2.4800000190734863
1.3199999332427979 -0.5040000081062317 2.2760000228881836
1.2839999198913574 -0.972000002861023 2.4079999923706055
1.4520001411437988 -0.5759999752044678 2.5820000171661377
1.440000057220459 -0.3179999589920044 2.6600000858306885
-0.37199997901916504 -0.4140000343322754 2.4260001182556152
1.3259999752044678 -0.023999929428100586 2.803999900817871
1.3500001430511475 -0.8460000157356262 2.4260001182556152
-0.34800004959106445 -0.5460000038146973 2.3540000915527344
-0.34800004959106445 -0.21000003814697266 2.503999948501587
1.2839999198913574 -0.9900000095367432 2.4260001182556152
-0.34800004959106445 -0.5699999928474426 2.3540000915527344
-0.3240000009536743 -0.5879999995231628 2.312000036239624
1.374000072479248 -0.7979999780654907 2.444000005722046
1.4520001411437988 -0.5699999928474426 2.5759999752044678
1.4520001411437988 -0.5220000147819519 2.5759999752044678
1.4520001411437988 -0.3960000276565552 2.630000114440918
1.4520001411437988 -0.37199997901916504 2.6540000438690186
-0.2999999523162842 -1.0499999523162842 2.630000114440918
1.3559999465942383 -0.5399999618530273 2.3299999237060547
1.2780001163482666 -1.0019999742507935 2.4260001182556152
1.3020000457763672 0.011999964714050293 2.8519999980926514
1.3559999465942383 -0.5220000147819519 2.3299999237060547
1.4219999313354492 -0.671999990940094 2.498000144958496
1.380000114440918 -0.12000000476837158 2.75
-0.3539999723434448 -0.24599993228912354 2.4800000190734863
1.2960000038146973 -0.972000002861023 2.4260001182556152
1.4040000438690186 -0.5519999861717224 2.4260001182556152
-0.37199997901916504 -0.34800004959106445 2.450000047683716
1.4279999732971191 -0.6480000019073486 2.503999948501587
1.4279999732971191 -0.24599993228912354 2.7019999027252197
-0.37199997901916504 -0.3960000276565552 2.4260001182556152
1.4040000438690186 -0.17400002479553223 2.7260000705718994
-0.3539999723434448 -0.671999990940094 2.378000020980835
1.3320000171661377 -0.8999999761581421 2.4260001182556152
-0.37800002098083496 -0.8999999761581421 2.630000114440918
1.314000129699707 0.0 2.803999900817871
1.4279999732971191 -0.5759999752044678 2.4860000610351562
-0.34800004959106445 -0.6240000128746033 2.3540000915527344
-0.3659999370574951 -0.2999999523162842 2.4619998931884766
-0.2760000228881836 -1.1039999723434448 2.677999973297119
-0.38999998569488525 -0.8700000047683716 2.630000114440918
-0.37199997901916504 -0.4679999351501465 2.4019999504089355
-0.41999995708465576 -0.75 2.6059999465942383
1.380000114440918 -0.7979999780654907 2.450000047683716
-0.41999995708465576 -0.7559999823570251 2.611999988555908
1.3259999752044678 -0.5099999904632568 2.2760000228881836
-0.3059999942779541 -1.0440000295639038 2.624000072479248
-0.2760000228881836 -1.1039999723434448 2.671999931335449
-0.3240000009536743 -1.0139999389648438 2.624000072479248
-0.41999995708465576 -0.7739999890327454 2.630000114440918
-0.34800004959106445 -0.1979999542236328 2.503999948501587
-0.37199997901916504 -0.3960000276565552 2.4200000762939453
1.3320000171661377 -0.023999929428100586 2.7920000553131104
1.4160001277923584 -0.6959999799728394 2.4800000190734863
1.4279999732971191 -0.671999990940094 2.503999948501587
1.4520001411437988 -0.34800004959106445 2.6540000438690186
-0.36000001430511475 -0.5220000147819519 2.366000175476074
-0.37199997901916504 -0.2879999876022339 2.4800000190734863
1.2780001163482666 -1.0019999742507935 2.4140000343322754
1.4520001411437988 -0.33000004291534424 2.677999973297119
-0.37199997901916504 -0.4440000057220459 2.4019999504089355
-0.34800004959106445 -0.5699999928474426 2.3420000076293945
-0.3240000009536743 -1.0199999809265137 2.630000114440918
1.4579999446868896 -0.5460000038146973 2.5759999752044678
1.3619999885559082 -0.07200002670288086 2.815999984741211
-0.34800004959106445 -0.1979999542236328 2.498000144958496
-0.37199997901916504 -0.9240000247955322 2.630000114440918
1.308000087738037 -0.9599999785423279 2.4260001182556152
-0.3659999370574951 -0.49800002574920654 2.378000020980835
1.3980000019073486 -0.75 2.4559998512268066
-0.33000004291534424 -1.0080000162124634 2.624000072479248
1.4520001411437988 -0.5699999928474426 2.552000045776367
-0.34800004959106445 -0.6599999666213989 2.3540000915527344
1.380000114440918 -0.8100000023841858 2.450000047683716
1.3859999179840088 -0.12000000476837158 2.74399995803833
-0.37199997901916504 -0.3240000009536743 2.450000047683716
1.446000099182129 -0.5640000104904175 2.5280001163482666
-0.2999999523162842 -1.062000036239624 2.630000114440918
1.3440001010894775 -0.8700000047683716 2.4140000343322754
1.4219999313354492 -0.5640000104904175 2.4559998512268066
1.3500001430511475 -0.8700000047683716 2.4260001182556152
-0.34200000762939453 -0.5999999642372131 2.3299999237060547
1.3500001430511475 -0.04799997806549072 2.7799999713897705
-0.37199997901916504 -0.4739999771118164 2.3899998664855957
-0.41999995708465576 -0.7860000133514404 2.624000072479248
-0.34800004959106445 -0.1679999828338623 2.5280001163482666
1.4100000858306885 -0.17400002479553223 2.7200000286102295
1.446000099182129 -0.5640000104904175 2.5220000743865967
1.4520001411437988 -0.312000036239624 2.677999973297119
1.4279999732971191 -0.22200000286102295 2.7019999027252197
-0.34800004959106445 -0.6060000061988831 2.3359999656677246
-0.37199997901916504 -0.26999998092651367 2.4800000190734863
1.4639999866485596 -0.49800002574920654 2.5880000591278076
1.4579999446868896 -0.37199997901916504 2.630000114440918
-0.36000001430511475 -0.5460000038146973 2.3540000915527344
1.3500001430511475 -0.527999997138977 2.3000001907348633
-0.37199997901916504 -0.5220000147819519 2.378000020980835
1.4279999732971191 -0.5640000104904175 2.4619998931884766
-0.34800004959106445 -0.6480000019073486 2.3420000076293945
1.314000129699707 -0.9419999718666077 2.4079999923706055
-0.36000001430511475 -0.5759999752044678 2.3540000915527344
1.3859999179840088 -0.7979999780654907 2.444000005722046
-0.34200000762939453 -0.13199996948242188 2.552000045776367
-0.34800004959106445 -0.17400002479553223 2.509999990463257
1.3020000457763672 0.029999971389770508 2.8519999980926514
-0.37800002098083496 -0.2999999523162842 2.4679999351501465
1.4040000438690186 -0.75 2.4559998512268066
1.3380000591278076 -0.9120000004768372 2.4260001182556152
-0.34800004959106445 -0.6599999666213989 2.3420000076293945
1.4639999866485596 -0.41999995708465576 2.611999988555908
-0.37199997901916504 -0.26999998092651367 2.4739999771118164
1.4219999313354492 -0.6959999799728394 2.4739999771118164
1.2839999198913574 -0.9959999918937683 2.4019999504089355
1.4520001411437988 -0.2999999523162842 2.677999973297119
1.3259999752044678 0.0 2.7980000972747803
1.4639999866485596 -0.5460000038146973 2.569999933242798
1.3559999465942383 -0.5099999904632568 2.305999994277954
-0.37199997901916504 -0.6240000128746033 2.378000020980835
1.3259999752044678 -0.9240000247955322 2.4079999923706055
1.3980000019073486 -0.7739999890327454 2.450000047683716
-0.3359999656677246 -0.593999981880188 2.305999994277954
1.3500001430511475 -0.527999997138977 2.2940001487731934
1.434000015258789 -0.6959999799728394 2.503999948501587
1.434000015258789 -0.671999990940094 2.492000102996826
-0.38399994373321533 -0.37199997901916504 2.432000160217285
1.434000015258789 -0.7020000219345093 2.503999948501587
-0.34800004959106445 -0.9959999918937683 2.630000114440918
-0.34800004959106445 -0.1499999761581421 2.5280001163482666
-0.2999999523162842 -1.0799999237060547 2.635999917984009
-0.3659999370574951 -0.22200000286102295 2.492000102996826
1.446000099182129 -0.26999998092651367 2.671999931335449
1.3859999179840088 -0.5339999794960022 2.3540000915527344
1.4279999732971191 -0.6959999799728394 2.4800000190734863
1.3020000457763672 -1.0080000162124634 2.444000005722046
-0.3539999723434448 -0.6480000019073486 2.3420000076293945
1.440000057220459 -0.5699999928474426 2.4800000190734863
1.4700000286102295 -0.4440000057220459 2.6059999465942383
-0.41999995708465576 -0.8219999670982361 2.630000114440918
1.380000114440918 -0.8219999670982361 2.432000160217285
1.4100000858306885 -0.1499999761581421 2.7320001125335693
1.3380000591278076 -0.5099999904632568 2.2699999809265137
-0.34800004959106445 -0.1499999761581421 2.5220000743865967
1.3859999179840088 -0.09599995613098145 2.75
-0.37199997901916504 -0.22200000286102295 2.503999948501587
1.4040000438690186 -0.13199996948242188 2.75
1.3680000305175781 -0.8460000157356262 2.4200000762939453
1.3500001430511475 -0.8999999761581421 2.4260001182556152
1.4279999732971191 -0.7080000042915344 2.4800000190734863
1.4279999732971191 -0.6959999799728394 2.4739999771118164
1.4639999866485596 -0.6119999885559082 2.558000087738037
1.308000087738037 -0.972000002861023 2.4079999923706055
1.3320000171661377 -0.9419999718666077 2.4260001182556152
1.4520001411437988 -0.5879999995231628 2.509999990463257
1.4520001411437988 -0.6240000128746033 2.5160000324249268
1.4639999866485596 -0.5999999642372131 2.552000045776367
1.4040000438690186 -0.7739999890327454 2.450000047683716
1.3440001010894775 -0.018000006675720215 2.8519999980926514
-0.3960000276565552 -0.4320000410079956 2.4260001182556152
-0.2999999523162842 -1.0920000076293945 2.6540000438690186
1.4760000705718994 -0.48000001907348633 2.6059999465942383
-0.37800002098083496 -0.6299999952316284 2.378000020980835
