ply
format ascii 1.0
element vertex 8000
property float x
property float y
property float z
end_header
-0.6179999709129333 -0.1979999542236328 2.5460000038146973
-0.6179999709129333 -0.1979999542236328 2.552000045776367
-0.6299999952316284 -0.1979999542236328 2.564000129699707
-0.6119999885559082 -0.22200000286102295 2.5460000038146973
-0.6119999885559082 -0.22200000286102295 2.552000045776367
-0.6299999952316284 -0.22200000286102295 2.558000087738037
-0.5999999642372131 -0.22200000286102295 2.552000045776367
-0.6240000128746033 -0.22800004482269287 2.552000045776367
-0.5879999995231628 -0.1979999542236328 2.5339999198913574
-0.6060000061988831 -0.22800004482269287 2.5399999618530273
-0.6299999952316284 -0.22800004482269287 2.552000045776367
-0.5999999642372131 -0.22800004482269287 2.5399999618530273
-0.6420000195503235 -0.1979999542236328 2.5759999752044678
-0.593999981880188 -0.22800004482269287 2.552000045776367
-0.6420000195503235 -0.21000003814697266 2.5759999752044678
-0.5759999752044678 -0.19200003147125244 2.558000087738037
-0.6539999842643738 -0.22200000286102295 2.564000129699707
-0.5699999928474426 -0.1979999542236328 2.552000045776367
-0.5759999752044678 -0.17400002479553223 2.552000045776367
-0.5699999928474426 -0.1979999542236328 2.5339999198913574
-0.6539999842643738 -0.22800004482269287 2.564000129699707
-0.6599999666213989 -0.1979999542236328 2.5759999752044678
-0.5759999752044678 -0.22200000286102295 2.5280001163482666
-0.6480000019073486 -0.22800004482269287 2.5759999752044678
-0.5699999928474426 -0.20399999618530273 2.5160000324249268
-0.5640000104904175 -0.17400002479553223 2.552000045776367
-0.5759999752044678 -0.156000018119812 2.5460000038146973
-0.5640000104904175 -0.22200000286102295 2.552000045776367
-0.5640000104904175 -0.21599996089935303 2.5280001163482666
-0.5699999928474426 -0.16199994087219238 2.5399999618530273
-0.5759999752044678 -0.1499999761581421 2.552000045776367
-0.671999990940094 -0.22200000286102295 2.5759999752044678
-0.5699999928474426 -0.1499999761581421 2.5460000038146973
-0.5699999928474426 -0.1499999761581421 2.552000045776367
-0.671999990940094 -0.22800004482269287 2.5759999752044678
-0.5699999928474426 -0.24599993228912354 2.5280001163482666
-0.5759999752044678 -0.24599993228912354 2.5759999752044678
-0.6779999732971191 -0.22200000286102295 2.5759999752044678
-0.5579999685287476 -0.1799999475479126 2.5820000171661377
-0.5640000104904175 -0.24599993228912354 2.552000045776367
-0.5460000038146973 -0.19200003147125244 2.552000045776367
-0.6240000128746033 -0.26999998092651367 2.552000045776367
-0.6299999952316284 -0.26999998092651367 2.5399999618530273
-0.5759999752044678 -0.25199997425079346 2.5759999752044678
-0.6060000061988831 -0.26999998092651367 2.5280001163482666
-0.6779999732971191 -0.22800004482269287 2.5820000171661377
-0.5519999861717224 -0.21599996089935303 2.5820000171661377
-0.5640000104904175 -0.23399996757507324 2.503999948501587
-0.5460000038146973 -0.21599996089935303 2.569999933242798
-0.6480000019073486 -0.26999998092651367 2.552000045776367
-0.5640000104904175 -0.25199997425079346 2.5280001163482666
-0.6599999666213989 -0.26399993896484375 2.5399999618530273
-0.5399999618530273 -0.1979999542236328 2.5339999198913574
-0.6959999799728394 -0.19200003147125244 2.558000087738037
-0.5460000038146973 -0.1799999475479126 2.5759999752044678
-0.5640000104904175 -0.1799999475479126 2.6059999465942383
-0.6959999799728394 -0.1979999542236328 2.5759999752044678
-0.593999981880188 -0.24599993228912354 2.611999988555908
-0.5519999861717224 -0.17400002479553223 2.5940001010894775
-0.5640000104904175 -0.26399993896484375 2.552000045776367
-0.7020000219345093 -0.1799999475479126 2.552000045776367
-0.5460000038146973 -0.1499999761581421 2.552000045776367
-0.5339999794960022 -0.17400002479553223 2.552000045776367
-0.5460000038146973 -0.24599993228912354 2.5280001163482666
-0.5339999794960022 -0.22200000286102295 2.5280001163482666
-0.5399999618530273 -0.17400002479553223 2.5820000171661377
-0.671999990940094 -0.26999998092651367 2.552000045776367
-0.593999981880188 -0.2580000162124634 2.611999988555908
-0.5460000038146973 -0.1380000114440918 2.5460000038146973
-0.5640000104904175 -0.2580000162124634 2.498000144958496
-0.5339999794960022 -0.156000018119812 2.5460000038146973
-0.527999997138977 -0.22200000286102295 2.5220000743865967
-0.6959999799728394 -0.1979999542236328 2.6059999465942383
-0.6060000061988831 -0.2940000295639038 2.5280001163482666
-0.6959999799728394 -0.20399999618530273 2.6059999465942383
-0.5220000147819519 -0.17400002479553223 2.552000045776367
-0.6959999799728394 -0.2580000162124634 2.5339999198913574
-0.5640000104904175 -0.26999998092651367 2.503999948501587
-0.5220000147819519 -0.22200000286102295 2.5280001163482666
-0.5399999618530273 -0.17400002479553223 2.6059999465942383
-0.5339999794960022 -0.1499999761581421 2.5759999752044678
-0.5220000147819519 -0.22200000286102295 2.5220000743865967
-0.515999972820282 -0.1979999542236328 2.5339999198913574
-0.5220000147819519 -0.23399996757507324 2.5280001163482666
-0.6959999799728394 -0.23399996757507324 2.6059999465942383
-0.5220000147819519 -0.1979999542236328 2.5880000591278076
-0.5999999642372131 -0.2999999523162842 2.5280001163482666
-0.7199999690055847 -0.1979999542236328 2.5759999752044678
-0.6959999799728394 -0.26999998092651367 2.552000045776367
-0.7199999690055847 -0.20399999618530273 2.5759999752044678
-0.6480000019073486 -0.2999999523162842 2.552000045776367
-0.6480000019073486 -0.2999999523162842 2.5399999618530273
-0.527999997138977 -0.1979999542236328 2.6059999465942383
-0.527999997138977 -0.24599993228912354 2.509999990463257
-0.5099999904632568 -0.19200003147125244 2.552000045776367
-0.6060000061988831 -0.2580000162124634 2.635999917984009
-0.5460000038146973 -0.1499999761581421 2.611999988555908
-0.5460000038146973 -0.26999998092651367 2.503999948501587
-0.6959999799728394 -0.26999998092651367 2.5759999752044678
-0.5220000147819519 -0.1499999761581421 2.5759999752044678
-0.5220000147819519 -0.24599993228912354 2.509999990463257
-0.7199999690055847 -0.24599993228912354 2.558000087738037
-0.7139999866485596 -0.21000003814697266 2.6059999465942383
-0.7199999690055847 -0.22800004482269287 2.5880000591278076
-0.6959999799728394 -0.20399999618530273 2.630000114440918
-0.671999990940094 -0.2999999523162842 2.5460000038146973
-0.671999990940094 -0.2999999523162842 2.552000045776367
-0.6359999775886536 -0.312000036239624 2.552000045776367
-0.5820000171661377 -0.2999999523162842 2.503999948501587
-0.7260000109672546 -0.17400002479553223 2.5820000171661377
-0.7139999866485596 -0.26399993896484375 2.5460000038146973
-0.5040000081062317 -0.17400002479553223 2.5399999618530273
-0.5999999642372131 -0.312000036239624 2.5280001163482666
-0.7319999933242798 -0.1979999542236328 2.5759999752044678
-0.5099999904632568 -0.1499999761581421 2.552000045776367
-0.7139999866485596 -0.23399996757507324 2.6059999465942383
-0.7080000042915344 -0.26999998092651367 2.5759999752044678
-0.5759999752044678 -0.2999999523162842 2.498000144958496
-0.5699999928474426 -0.2999999523162842 2.503999948501587
-0.5339999794960022 -0.26999998092651367 2.498000144958496
-0.49800002574920654 -0.1979999542236328 2.5339999198913574
-0.6060000061988831 -0.3179999589920044 2.552000045776367
-0.6240000128746033 -0.3179999589920044 2.5280001163482666
-0.7260000109672546 -0.2580000162124634 2.5460000038146973
-0.49800002574920654 -0.22200000286102295 2.5280001163482666
-0.7319999933242798 -0.24599993228912354 2.552000045776367
-0.7199999690055847 -0.26999998092651367 2.552000045776367
-0.5879999995231628 -0.312000036239624 2.503999948501587
-0.49800002574920654 -0.16199994087219238 2.552000045776367
-0.5640000104904175 -0.2940000295639038 2.4860000610351562
-0.7319999933242798 -0.23399996757507324 2.5880000591278076
-0.5220000147819519 -0.26999998092651367 2.503999948501587
-0.5460000038146973 -0.2940000295639038 2.503999948501587
-0.6599999666213989 -0.3179999589920044 2.5399999618530273
-0.5879999995231628 -0.312000036239624 2.498000144958496
-0.6060000061988831 -0.3179999589920044 2.503999948501587
-0.7139999866485596 -0.20399999618530273 2.630000114440918
-0.49800002574920654 -0.24000000953674316 2.5280001163482666
-0.6959999799728394 -0.2999999523162842 2.5460000038146973
-0.6959999799728394 -0.2999999523162842 2.552000045776367
-0.5040000081062317 -0.1380000114440918 2.5460000038146973
-0.5220000147819519 -0.26999998092651367 2.498000144958496
-0.49800002574920654 -0.1499999761581421 2.552000045776367
-0.6420000195503235 -0.3240000009536743 2.5280001163482666
-0.6060000061988831 -0.3179999589920044 2.498000144958496
-0.4919999837875366 -0.22200000286102295 2.5220000743865967
-0.6420000195503235 -0.3240000009536743 2.5220000743865967
-0.527999997138977 -0.2940000295639038 2.558000087738037
-0.4859999418258667 -0.19200003147125244 2.552000045776367
-0.7020000219345093 -0.2760000228881836 2.611999988555908
-0.7319999933242798 -0.23399996757507324 2.6059999465942383
-0.49800002574920654 -0.24599993228912354 2.509999990463257
-0.7379999756813049 -0.18599998950958252 2.6059999465942383
-0.75 -0.20399999618530273 2.5759999752044678
-0.7080000042915344 -0.2999999523162842 2.5460000038146973
-0.671999990940094 -0.3240000009536743 2.552000045776367
-0.4919999837875366 -0.16199994087219238 2.5880000591278076
-0.6599999666213989 -0.33000004291534424 2.5399999618530273
-0.5399999618530273 -0.2999999523162842 2.492000102996826
-0.4859999418258667 -0.1499999761581421 2.5399999618530273
-0.5699999928474426 -0.3240000009536743 2.503999948501587
-0.671999990940094 -0.33000004291534424 2.552000045776367
-0.7199999690055847 -0.2999999523162842 2.552000045776367
-0.7559999823570251 -0.17400002479553223 2.5820000171661377
-0.48000001907348633 -0.156000018119812 2.5339999198913574
-0.515999972820282 -0.2999999523162842 2.5280001163482666
-0.6779999732971191 -0.33000004291534424 2.558000087738037
-0.6899999976158142 -0.3240000009536743 2.5339999198913574
-0.75 -0.25199997425079346 2.5759999752044678
-0.49800002574920654 -0.26999998092651367 2.503999948501587
-0.515999972820282 -0.2940000295639038 2.503999948501587
-0.75 -0.22200000286102295 2.6059999465942383
-0.4739999771118164 -0.22200000286102295 2.5280001163482666
-0.7619999647140503 -0.20399999618530273 2.5759999752044678
-0.75 -0.26399993896484375 2.552000045776367
-0.6899999976158142 -0.3240000009536743 2.5160000324249268
-0.6959999799728394 -0.3240000009536743 2.552000045776367
-0.4739999771118164 -0.23399996757507324 2.5280001163482666
-0.7559999823570251 -0.2580000162124634 2.552000045776367
-0.4679999351501465 -0.1799999475479126 2.552000045776367
-0.4739999771118164 -0.1679999828338623 2.5820000171661377
-0.5220000147819519 -0.2999999523162842 2.4860000610351562
-0.4919999837875366 -0.26999998092651367 2.498000144958496
-0.7680000066757202 -0.1979999542236328 2.5759999752044678
-0.5579999685287476 -0.3240000009536743 2.4800000190734863
-0.7739999890327454 -0.18599998950958252 2.5460000038146973
-0.7199999690055847 -0.3179999589920044 2.5460000038146973
-0.7619999647140503 -0.22200000286102295 2.6059999465942383
-0.4679999351501465 -0.1499999761581421 2.5339999198913574
-0.5640000104904175 -0.34200000762939453 2.509999990463257
-0.49800002574920654 -0.2999999523162842 2.5280001163482666
-0.7020000219345093 -0.33000004291534424 2.5759999752044678
-0.4679999351501465 -0.14399993419647217 2.552000045776367
-0.7619999647140503 -0.23399996757507324 2.6059999465942383
-0.4620000123977661 -0.16199994087219238 2.552000045776367
-0.5399999618530273 -0.3359999656677246 2.5220000743865967
-0.7680000066757202 -0.24599993228912354 2.5759999752044678
-0.7440000176429749 -0.2999999523162842 2.552000045776367
-0.7199999690055847 -0.3240000009536743 2.552000045776367
-0.5339999794960022 -0.3240000009536743 2.4860000610351562
-0.7739999890327454 -0.24599993228912354 2.552000045776367
-0.5399999618530273 -0.34200000762939453 2.5280001163482666
-0.4859999418258667 -0.2879999876022339 2.503999948501587
-0.4739999771118164 -0.26999998092651367 2.503999948501587
-0.4739999771118164 -0.26999998092651367 2.498000144958496
-0.49800002574920654 -0.2999999523162842 2.4860000610351562
-0.4500000476837158 -0.1979999542236328 2.5280001163482666
-0.5640000104904175 -0.3539999723434448 2.509999990463257
-0.4919999837875366 -0.3059999942779541 2.503999948501587
-0.5220000147819519 -0.3240000009536743 2.4800000190734863
-0.4500000476837158 -0.22200000286102295 2.5160000324249268
-0.7860000133514404 -0.1979999542236328 2.5880000591278076
-0.7860000133514404 -0.24000000953674316 2.552000045776367
-0.7379999756813049 -0.3240000009536743 2.5460000038146973
-0.4500000476837158 -0.156000018119812 2.5280001163482666
-0.4559999704360962 -0.24599993228912354 2.503999948501587
-0.7739999890327454 -0.26999998092651367 2.5759999752044678
-0.5579999685287476 -0.34800004959106445 2.4800000190734863
-0.4440000057220459 -0.1979999542236328 2.5280001163482666
-0.7680000066757202 -0.23399996757507324 2.630000114440918
-0.4440000057220459 -0.21599996089935303 2.5280001163482666
-0.5579999685287476 -0.34800004959106445 2.4739999771118164
-0.7739999890327454 -0.2760000228881836 2.5759999752044678
-0.7739999890327454 -0.22200000286102295 2.630000114440918
-0.5460000038146973 -0.34800004959106445 2.4800000190734863
-0.7919999957084656 -0.21599996089935303 2.5880000591278076
-0.75 -0.3240000009536743 2.552000045776367
-0.4679999351501465 -0.2940000295639038 2.503999948501587
-0.5040000081062317 -0.3240000009536743 2.4739999771118164
-0.5220000147819519 -0.34200000762939453 2.4800000190734863
-0.4440000057220459 -0.24599993228912354 2.503999948501587
-0.49800002574920654 -0.3240000009536743 2.4800000190734863
-0.5339999794960022 -0.34800004959106445 2.4739999771118164
-0.4440000057220459 -0.24599993228912354 2.498000144958496
-0.7739999890327454 -0.2999999523162842 2.558000087738037
-0.75 -0.33000004291534424 2.558000087738037
-0.7979999780654907 -0.22800004482269287 2.5880000591278076
-0.4320000410079956 -0.1979999542236328 2.5220000743865967
-0.8040000200271606 -0.22200000286102295 2.552000045776367
-0.49800002574920654 -0.3240000009536743 2.4739999771118164
-0.7979999780654907 -0.1979999542236328 2.6059999465942383
-0.7979999780654907 -0.2580000162124634 2.558000087738037
-0.4440000057220459 -0.26399993896484375 2.503999948501587
-0.7680000066757202 -0.22800004482269287 2.6600000858306885
-0.4320000410079956 -0.22200000286102295 2.509999990463257
-0.7979999780654907 -0.22200000286102295 2.6059999465942383
-0.7559999823570251 -0.33000004291534424 2.558000087738037
-0.8100000023841858 -0.1979999542236328 2.5339999198913574
-0.7860000133514404 -0.2879999876022339 2.5759999752044678
-0.437999963760376 -0.1260000467300415 2.552000045776367
-0.7979999780654907 -0.22800004482269287 2.611999988555908
-0.7919999957084656 -0.22200000286102295 2.630000114440918
-0.4620000123977661 -0.2999999523162842 2.4860000610351562
-0.4440000057220459 -0.26999998092651367 2.492000102996826
-0.4259999990463257 -0.16199994087219238 2.5280001163482666
-0.7979999780654907 -0.26999998092651367 2.5759999752044678
-0.7680000066757202 -0.3240000009536743 2.558000087738037
-0.5519999861717224 -0.37199997901916504 2.4800000190734863
-0.515999972820282 -0.34800004959106445 2.4679999351501465
-0.7680000066757202 -0.3240000009536743 2.5759999752044678
-0.41999995708465576 -0.1979999542236328 2.5280001163482666
-0.41999995708465576 -0.20399999618530273 2.5280001163482666
-0.7979999780654907 -0.18599998950958252 2.630000114440918
-0.5460000038146973 -0.37199997901916504 2.4800000190734863
-0.5519999861717224 -0.37199997901916504 2.4739999771118164
-0.41999995708465576 -0.17400002479553223 2.5280001163482666
-0.8100000023841858 -0.2580000162124634 2.558000087738037
-0.4259999990463257 -0.1380000114440918 2.5280001163482666
-0.4739999771118164 -0.3240000009536743 2.4800000190734863
-0.7979999780654907 -0.22800004482269287 2.635999917984009
-0.7799999713897705 -0.3240000009536743 2.558000087738037
-0.8159999847412109 -0.24599993228912354 2.5759999752044678
-0.4140000343322754 -0.1979999542236328 2.5160000324249268
-0.4859999418258667 -0.34200000762939453 2.4800000190734863
-0.7919999957084656 -0.22200000286102295 2.6540000438690186
-0.7919999957084656 -0.22800004482269287 2.6540000438690186
-0.7979999780654907 -0.2999999523162842 2.558000087738037
-0.8219999670982361 -0.22200000286102295 2.5759999752044678
-0.41999995708465576 -0.24599993228912354 2.503999948501587
-0.5519999861717224 -0.38399994373321533 2.4800000190734863
-0.8219999670982361 -0.1979999542236328 2.5880000591278076
-0.5339999794960022 -0.37199997901916504 2.4679999351501465
-0.6119999885559082 -0.3960000276565552 2.4800000190734863
-0.41999995708465576 -0.25199997425079346 2.503999948501587
-0.4140000343322754 -0.22200000286102295 2.503999948501587
-0.49800002574920654 -0.34800004959106445 2.4619998931884766
-0.5460000038146973 -0.38399994373321533 2.4800000190734863
-0.8219999670982361 -0.24599993228912354 2.564000129699707
-0.7799999713897705 -0.33000004291534424 2.569999933242798
-0.828000009059906 -0.19200003147125244 2.5339999198913574
-0.8100000023841858 -0.22200000286102295 2.630000114440918
-0.7799999713897705 -0.33000004291534424 2.5759999752044678
-0.6539999842643738 -0.3960000276565552 2.4800000190734863
-0.41999995708465576 -0.1260000467300415 2.5220000743865967
-0.7860000133514404 -0.3240000009536743 2.5759999752044678
-0.828000009059906 -0.19200003147125244 2.5759999752044678
-0.8219999670982361 -0.1979999542236328 2.6059999465942383
-0.4620000123977661 -0.3240000009536743 2.4739999771118164
-0.8219999670982361 -0.22200000286102295 2.6059999465942383
-0.4739999771118164 -0.34200000762939453 2.4800000190734863
-0.8219999670982361 -0.22800004482269287 2.6059999465942383
-0.6299999952316284 -0.3960000276565552 2.4619998931884766
-0.5999999642372131 -0.3960000276565552 2.4619998931884766
-0.8339999914169312 -0.1979999542236328 2.552000045776367
-0.40799999237060547 -0.1499999761581421 2.5280001163482666
-0.828000009059906 -0.24599993228912354 2.564000129699707
-0.8339999914169312 -0.20399999618530273 2.5339999198913574
-0.437999963760376 -0.2999999523162842 2.4800000190734863
-0.6119999885559082 -0.3960000276565552 2.4559998512268066
-0.6539999842643738 -0.3960000276565552 2.4619998931884766
-0.8219999670982361 -0.26999998092651367 2.5759999752044678
-0.40199995040893555 -0.17400002479553223 2.5220000743865967
-0.41999995708465576 -0.26999998092651367 2.4860000610351562
-0.8159999847412109 -0.26999998092651367 2.6059999465942383
-0.828000009059906 -0.22200000286102295 2.6059999465942383
-0.6240000128746033 -0.4140000343322754 2.503999948501587
-0.40799999237060547 -0.24599993228912354 2.492000102996826
-0.6299999952316284 -0.41999995708465576 2.5339999198913574
-0.3960000276565552 -0.19200003147125244 2.5280001163482666
-0.5579999685287476 -0.38999998569488525 2.450000047683716
-0.5099999904632568 -0.37199997901916504 2.4559998512268066
-0.3960000276565552 -0.17400002479553223 2.5280001163482666
-0.40799999237060547 -0.12000000476837158 2.5339999198913574
-0.3960000276565552 -0.17400002479553223 2.5220000743865967
-0.4440000057220459 -0.3240000009536743 2.4800000190734863
-0.6660000085830688 -0.40199995040893555 2.4619998931884766
-0.6539999842643738 -0.41999995708465576 2.5220000743865967
-0.5999999642372131 -0.41999995708465576 2.503999948501587
-0.6899999976158142 -0.3960000276565552 2.4619998931884766
-0.6480000019073486 -0.41999995708465576 2.509999990463257
-0.593999981880188 -0.4140000343322754 2.4800000190734863
-0.3960000276565552 -0.22200000286102295 2.503999948501587
-0.8219999670982361 -0.2940000295639038 2.5759999752044678
-0.6959999799728394 -0.40799999237060547 2.503999948501587
-0.3960000276565552 -0.22200000286102295 2.498000144958496
-0.8460000157356262 -0.20399999618530273 2.558000087738037
-0.8219999670982361 -0.2999999523162842 2.564000129699707
-0.4259999990463257 -0.2999999523162842 2.4739999771118164
-0.5579999685287476 -0.4140000343322754 2.498000144958496
-0.49800002574920654 -0.37199997901916504 2.4559998512268066
-0.3960000276565552 -0.24000000953674316 2.503999948501587
-0.8399999737739563 -0.19200003147125244 2.6059999465942383
-0.8460000157356262 -0.20399999618530273 2.5759999752044678
-0.6119999885559082 -0.41999995708465576 2.4800000190734863
-0.3960000276565552 -0.13199996948242188 2.558000087738037
-0.6480000019073486 -0.4259999990463257 2.5759999752044678
-0.4620000123977661 -0.34800004959106445 2.4619998931884766
-0.41999995708465576 -0.2999999523162842 2.4800000190734863
-0.8399999737739563 -0.26399993896484375 2.569999933242798
-0.437999963760376 -0.3240000009536743 2.4679999351501465
-0.6480000019073486 -0.41999995708465576 2.4800000190734863
-0.6539999842643738 -0.4259999990463257 2.509999990463257
-0.41999995708465576 -0.2999999523162842 2.4739999771118164
-0.8519999980926514 -0.1979999542236328 2.552000045776367
-0.515999972820282 -0.40199995040893555 2.492000102996826
-0.8399999737739563 -0.26999998092651367 2.5759999752044678
-0.527999997138977 -0.3960000276565552 2.4559998512268066
-0.6359999775886536 -0.41999995708465576 2.4679999351501465
-0.6119999885559082 -0.41999995708465576 2.4619998931884766
-0.671999990940094 -0.41999995708465576 2.4800000190734863
-0.41999995708465576 -0.312000036239624 2.4800000190734863
-0.5999999642372131 -0.41999995708465576 2.4619998931884766
-0.7199999690055847 -0.3960000276565552 2.4619998931884766
-0.6480000019073486 -0.4259999990463257 2.4800000190734863
-0.7020000219345093 -0.40799999237060547 2.4679999351501465
-0.7199999690055847 -0.4140000343322754 2.5280001163482666
-0.8159999847412109 -0.33000004291534424 2.5759999752044678
-0.8219999670982361 -0.3240000009536743 2.558000087738037
-0.6899999976158142 -0.4140000343322754 2.4679999351501465
-0.8219999670982361 -0.3240000009536743 2.5759999752044678
-0.3960000276565552 -0.26999998092651367 2.4800000190734863
-0.515999972820282 -0.3960000276565552 2.450000047683716
-0.7199999690055847 -0.4140000343322754 2.503999948501587
-0.8399999737739563 -0.2760000228881836 2.6059999465942383
-0.37800002098083496 -0.1979999542236328 2.503999948501587
-0.8159999847412109 -0.3240000009536743 2.611999988555908
-0.6959999799728394 -0.41999995708465576 2.4800000190734863
-0.37800002098083496 -0.1499999761581421 2.5280001163482666
-0.5519999861717224 -0.4140000343322754 2.450000047683716
-0.7260000109672546 -0.41999995708465576 2.5280001163482666
-0.37199997901916504 -0.17400002479553223 2.5280001163482666
-0.8519999980926514 -0.22200000286102295 2.624000072479248
-0.7319999933242798 -0.4140000343322754 2.503999948501587
-0.8640000224113464 -0.20399999618530273 2.5759999752044678
-0.37199997901916504 -0.1979999542236328 2.503999948501587
-0.8519999980926514 -0.22200000286102295 2.630000114440918
-0.49800002574920654 -0.3960000276565552 2.450000047683716
-0.828000009059906 -0.33000004291534424 2.5820000171661377
-0.7260000109672546 -0.40799999237060547 2.4619998931884766
-0.37199997901916504 -0.22200000286102295 2.503999948501587
-0.8460000157356262 -0.2999999523162842 2.569999933242798
-0.37199997901916504 -0.1499999761581421 2.5280001163482666
-0.8460000157356262 -0.2999999523162842 2.5759999752044678
-0.37800002098083496 -0.1260000467300415 2.5220000743865967
-0.37800002098083496 -0.24599993228912354 2.4860000610351562
-0.5460000038146973 -0.41999995708465576 2.450000047683716
-0.4620000123977661 -0.37199997901916504 2.450000047683716
-0.7379999756813049 -0.41999995708465576 2.564000129699707
-0.3960000276565552 -0.2999999523162842 2.4800000190734863
-0.7199999690055847 -0.41999995708465576 2.4800000190734863
-0.8700000047683716 -0.1979999542236328 2.5820000171661377
-0.3659999370574951 -0.17400002479553223 2.5160000324249268
-0.3960000276565552 -0.3059999942779541 2.4800000190734863
-0.8640000224113464 -0.26399993896484375 2.569999933242798
-0.4919999837875366 -0.3960000276565552 2.444000005722046
-0.8519999980926514 -0.2999999523162842 2.569999933242798
-0.3659999370574951 -0.22200000286102295 2.492000102996826
-0.8460000157356262 -0.3179999589920044 2.5759999752044678
-0.4259999990463257 -0.34800004959106445 2.4559998512268066
-0.6240000128746033 -0.4440000057220459 2.4619998931884766
-0.5220000147819519 -0.41999995708465576 2.450000047683716
-0.671999990940094 -0.4440000057220459 2.4800000190734863
-0.6359999775886536 -0.4440000057220459 2.4619998931884766
-0.7379999756813049 -0.41999995708465576 2.4800000190734863
-0.8460000157356262 -0.3240000009536743 2.564000129699707
-0.8700000047683716 -0.26399993896484375 2.5759999752044678
-0.4739999771118164 -0.3960000276565552 2.450000047683716
-0.593999981880188 -0.4440000057220459 2.4559998512268066
-0.8640000224113464 -0.26999998092651367 2.6059999465942383
-0.8759999871253967 -0.20399999618530273 2.5999999046325684
-0.671999990940094 -0.4440000057220459 2.4679999351501465
-0.40199995040893555 -0.3240000009536743 2.4619998931884766
-0.4440000057220459 -0.37199997901916504 2.450000047683716
-0.8519999980926514 -0.28199994564056396 2.635999917984009
-0.37199997901916504 -0.26999998092651367 2.4800000190734863
-0.6779999732971191 -0.4440000057220459 2.4679999351501465
-0.671999990940094 -0.4500000476837158 2.4800000190734863
-0.37199997901916504 -0.26999998092651367 2.4739999771118164
-0.6959999799728394 -0.4440000057220459 2.4800000190734863
-0.5099999904632568 -0.41999995708465576 2.444000005722046
-0.7619999647140503 -0.3960000276565552 2.437999963760376
-0.5640000104904175 -0.4440000057220459 2.450000047683716
-0.7739999890327454 -0.4140000343322754 2.503999948501587
-0.7739999890327454 -0.40799999237060547 2.4800000190734863
-0.37199997901916504 -0.2879999876022339 2.4800000190734863
-0.7680000066757202 -0.40199995040893555 2.450000047683716
-0.4620000123977661 -0.3960000276565552 2.444000005722046
-0.75 -0.4320000410079956 2.503999948501587
-0.37800002098083496 -0.2999999523162842 2.4679999351501465
-0.34800004959106445 -0.1679999828338623 2.5280001163482666
-0.8700000047683716 -0.28199994564056396 2.6059999465942383
-0.4919999837875366 -0.41999995708465576 2.450000047683716
-0.3539999723434448 -0.13199996948242188 2.5220000743865967
-0.34800004959106445 -0.1979999542236328 2.503999948501587
-0.34800004959106445 -0.17400002479553223 2.509999990463257
-0.34800004959106445 -0.21000003814697266 2.503999948501587
-0.8700000047683716 -0.2999999523162842 2.5759999752044678
-0.5460000038146973 -0.4440000057220459 2.450000047683716
-0.34800004959106445 -0.1979999542236328 2.498000144958496
-0.7199999690055847 -0.4440000057220459 2.4800000190734863
-0.49800002574920654 -0.41999995708465576 2.437999963760376
-0.34800004959106445 -0.1499999761581421 2.5280001163482666
-0.49800002574920654 -0.4259999990463257 2.450000047683716
-0.34800004959106445 -0.1499999761581421 2.5220000743865967
-0.3539999723434448 -0.12000000476837158 2.5399999618530273
-0.8579999804496765 -0.33000004291534424 2.5759999752044678
-0.38999998569488525 -0.3240000009536743 2.4559998512268066
-0.5220000147819519 -0.437999963760376 2.450000047683716
-0.3539999723434448 -0.24599993228912354 2.4800000190734863
-0.7860000133514404 -0.3960000276565552 2.450000047683716
-0.8640000224113464 -0.3240000009536743 2.564000129699707
-0.7860000133514404 -0.40199995040893555 2.4619998931884766
-0.6959999799728394 -0.4559999704360962 2.4800000190734863
-0.5399999618530273 -0.4440000057220459 2.444000005722046
-0.4259999990463257 -0.37199997901916504 2.444000005722046
-0.5460000038146973 -0.4500000476837158 2.450000047683716
-0.40199995040893555 -0.34800004959106445 2.450000047683716
-0.8880000114440918 -0.26399993896484375 2.5820000171661377
-0.41999995708465576 -0.37199997901916504 2.450000047683716
-0.4440000057220459 -0.3960000276565552 2.450000047683716
-0.34800004959106445 -0.12000000476837158 2.5339999198913574
-0.4739999771118164 -0.41999995708465576 2.450000047683716
-0.34800004959106445 -0.24599993228912354 2.4800000190734863
-0.8880000114440918 -0.21000003814697266 2.630000114440918
-0.8700000047683716 -0.3240000009536743 2.5759999752044678
-0.34200000762939453 -0.13199996948242188 2.552000045776367
-0.3659999370574951 -0.2999999523162842 2.4619998931884766
-0.3960000276565552 -0.34800004959106445 2.450000047683716
-0.7919999957084656 -0.41999995708465576 2.503999948501587
-0.5220000147819519 -0.4440000057220459 2.437999963760376
-0.7680000066757202 -0.437999963760376 2.503999948501587
-0.7739999890327454 -0.437999963760376 2.5399999618530273
-0.3960000276565552 -0.34800004959106445 2.444000005722046
-0.75 -0.4440000057220459 2.4800000190734863
-0.34800004959106445 -0.26999998092651367 2.4800000190734863
-0.7139999866485596 -0.4620000123977661 2.4800000190734863
-0.437999963760376 -0.3960000276565552 2.437999963760376
-0.4140000343322754 -0.37199997901916504 2.437999963760376
-0.3359999656677246 -0.22200000286102295 2.4860000610351562
-0.7799999713897705 -0.437999963760376 2.5399999618530273
-0.7919999957084656 -0.41999995708465576 2.4800000190734863
-0.5699999928474426 -0.4679999351501465 2.450000047683716
-0.3960000276565552 -0.36000001430511475 2.450000047683716
-0.8759999871253967 -0.33000004291534424 2.5759999752044678
-0.6240000128746033 -0.4739999771118164 2.450000047683716
-0.37199997901916504 -0.3240000009536743 2.450000047683716
-0.5999999642372131 -0.4739999771118164 2.450000047683716
-0.6420000195503235 -0.4739999771118164 2.450000047683716
-0.8100000023841858 -0.41999995708465576 2.5280001163482666
-0.7680000066757202 -0.4440000057220459 2.4860000610351562
-0.671999990940094 -0.4739999771118164 2.4559998512268066
-0.8759999871253967 -0.3240000009536743 2.618000030517578
-0.6779999732971191 -0.4739999771118164 2.4559998512268066
-0.49800002574920654 -0.4440000057220459 2.432000160217285
-0.3240000009536743 -0.16199994087219238 2.5280001163482666
-0.3240000009536743 -0.1979999542236328 2.503999948501587
-0.3240000009536743 -0.20399999618530273 2.503999948501587
-0.8999999761581421 -0.26999998092651367 2.6059999465942383
-0.4559999704360962 -0.41999995708465576 2.432000160217285
-0.3240000009536743 -0.1499999761581421 2.5280001163482666
-0.5759999752044678 -0.4739999771118164 2.437999963760376
-0.9120000004768372 -0.2580000162124634 2.552000045776367
-0.8999999761581421 -0.2580000162124634 2.630000114440918
-0.8159999847412109 -0.4140000343322754 2.4800000190734863
-0.8159999847412109 -0.41999995708465576 2.503999948501587
-0.7020000219345093 -0.4739999771118164 2.4619998931884766
-0.906000018119812 -0.26999998092651367 2.5940001010894775
-0.3240000009536743 -0.22200000286102295 2.4860000610351562
-0.3359999656677246 -0.26999998092651367 2.4679999351501465
-0.8999999761581421 -0.2999999523162842 2.5820000171661377
-0.8159999847412109 -0.4259999990463257 2.5280001163482666
-0.37199997901916504 -0.34800004959106445 2.450000047683716
-0.3179999589920044 -0.17400002479553223 2.503999948501587
-0.8999999761581421 -0.2940000295639038 2.6059999465942383
-0.5999999642372131 -0.4859999418258667 2.450000047683716
-0.3240000009536743 -0.24599993228912354 2.4800000190734863
-0.8819999694824219 -0.33000004291534424 2.624000072479248
-0.5519999861717224 -0.4739999771118164 2.432000160217285
-0.4440000057220459 -0.41999995708465576 2.4260001182556152
-0.7979999780654907 -0.4440000057220459 2.503999948501587
-0.3240000009536743 -0.26399993896484375 2.4800000190734863
-0.4739999771118164 -0.4440000057220459 2.4260001182556152
-0.7979999780654907 -0.4440000057220459 2.492000102996826
-0.8999999761581421 -0.3240000009536743 2.569999933242798
-0.8999999761581421 -0.3240000009536743 2.5759999752044678
-0.7440000176429749 -0.4739999771118164 2.4800000190734863
-0.3179999589920044 -0.24599993228912354 2.4739999771118164
-0.34800004959106445 -0.3240000009536743 2.450000047683716
-0.38399994373321533 -0.37199997901916504 2.432000160217285
-0.8040000200271606 -0.4440000057220459 2.492000102996826
-0.9120000004768372 -0.2999999523162842 2.5820000171661377
-0.527999997138977 -0.4739999771118164 2.4260001182556152
-0.9179999828338623 -0.26999998092651367 2.6059999465942383
-0.312000036239624 -0.13199996948242188 2.5160000324249268
-0.34800004959106445 -0.3240000009536743 2.444000005722046
-0.8219999670982361 -0.437999963760376 2.552000045776367
-0.6240000128746033 -0.49800002574920654 2.450000047683716
-0.75 -0.4739999771118164 2.4679999351501465
-0.5220000147819519 -0.4739999771118164 2.4260001182556152
-0.312000036239624 -0.12000000476837158 2.5280001163482666
-0.6480000019073486 -0.49800002574920654 2.450000047683716
-0.3059999942779541 -0.1979999542236328 2.492000102996826
-0.40199995040893555 -0.3960000276565552 2.4260001182556152
-0.8460000157356262 -0.40799999237060547 2.4800000190734863
-0.36000001430511475 -0.34800004959106445 2.437999963760376
-0.34800004959106445 -0.3359999656677246 2.450000047683716
-0.6299999952316284 -0.49800002574920654 2.437999963760376
-0.671999990940094 -0.49800002574920654 2.450000047683716
-0.6599999666213989 -0.49800002574920654 2.444000005722046
-0.33000004291534424 -0.2999999523162842 2.450000047683716
-0.3960000276565552 -0.3960000276565552 2.4260001182556152
-0.41999995708465576 -0.41999995708465576 2.4260001182556152
-0.2999999523162842 -0.19200003147125244 2.503999948501587
-0.8460000157356262 -0.41999995708465576 2.503999948501587
-0.6060000061988831 -0.49800002574920654 2.432000160217285
-0.2999999523162842 -0.17400002479553223 2.503999948501587
-0.6840000152587891 -0.49800002574920654 2.450000047683716
-0.5099999904632568 -0.4739999771118164 2.4200000762939453
-0.2999999523162842 -0.1499999761581421 2.5280001163482666
-0.7680000066757202 -0.4739999771118164 2.4739999771118164
-0.8219999670982361 -0.4440000057220459 2.503999948501587
-0.3059999942779541 -0.12000000476837158 2.5220000743865967
-0.9300000071525574 -0.26399993896484375 2.5940001010894775
-0.8460000157356262 -0.4259999990463257 2.5280001163482666
-0.4500000476837158 -0.4440000057220459 2.4200000762939453
-0.7739999890327454 -0.4739999771118164 2.4800000190734863
-0.49800002574920654 -0.4739999771118164 2.4260001182556152
-0.4440000057220459 -0.4440000057220459 2.4260001182556152
-0.9120000004768372 -0.33000004291534424 2.5880000591278076
-0.5820000171661377 -0.49800002574920654 2.4260001182556152
-0.8519999980926514 -0.41999995708465576 2.503999948501587
-0.3240000009536743 -0.2999999523162842 2.450000047683716
-0.9179999828338623 -0.3240000009536743 2.564000129699707
-0.49800002574920654 -0.4739999771118164 2.4200000762939453
-0.9240000247955322 -0.2940000295639038 2.6059999465942383
-0.5699999928474426 -0.49800002574920654 2.4260001182556152
-0.4140000343322754 -0.41999995708465576 2.4200000762939453
-0.6480000019073486 -0.5099999904632568 2.450000047683716
-0.7799999713897705 -0.4739999771118164 2.4739999771118164
-0.2999999523162842 -0.24599993228912354 2.4800000190734863
-0.2940000295639038 -0.17400002479553223 2.498000144958496
-0.4440000057220459 -0.4500000476837158 2.4260001182556152
-0.49800002574920654 -0.48000001907348633 2.4260001182556152
-0.7199999690055847 -0.49800002574920654 2.4559998512268066
-0.5640000104904175 -0.49800002574920654 2.4200000762939453
-0.671999990940094 -0.5099999904632568 2.450000047683716
-0.8339999914169312 -0.4440000057220459 2.498000144958496
-0.9300000071525574 -0.2999999523162842 2.5880000591278076
-0.5460000038146973 -0.49800002574920654 2.4260001182556152
-0.3059999942779541 -0.26999998092651367 2.4619998931884766
-0.2940000295639038 -0.22200000286102295 2.4800000190734863
-0.9359999895095825 -0.26999998092651367 2.6059999465942383
-0.8219999670982361 -0.4559999704360962 2.503999948501587
-0.9240000247955322 -0.3240000009536743 2.5759999752044678
-0.41999995708465576 -0.437999963760376 2.4260001182556152
-0.36000001430511475 -0.37199997901916504 2.4260001182556152
-0.4739999771118164 -0.4739999771118164 2.4260001182556152
-0.3240000009536743 -0.3240000009536743 2.450000047683716
-0.7739999890327454 -0.4859999418258667 2.4800000190734863
-0.8579999804496765 -0.4259999990463257 2.498000144958496
-0.7379999756813049 -0.49800002574920654 2.4559998512268066
-0.8640000224113464 -0.41999995708465576 2.492000102996826
-0.7979999780654907 -0.4739999771118164 2.4800000190734863
-0.3960000276565552 -0.41999995708465576 2.4260001182556152
-0.3240000009536743 -0.33000004291534424 2.450000047683716
-0.5460000038146973 -0.5040000081062317 2.4260001182556152
-0.5220000147819519 -0.49800002574920654 2.4260001182556152
-0.2879999876022339 -0.1380000114440918 2.509999990463257
-0.37199997901916504 -0.3960000276565552 2.4260001182556152
-0.9300000071525574 -0.3240000009536743 2.5759999752044678
-0.8460000157356262 -0.4440000057220459 2.503999948501587
-0.3960000276565552 -0.41999995708465576 2.4200000762939453
-0.9240000247955322 -0.33000004291534424 2.6059999465942383
-0.4259999990463257 -0.4440000057220459 2.4140000343322754
-0.3359999656677246 -0.34800004959106445 2.432000160217285
-0.8040000200271606 -0.4739999771118164 2.4800000190734863
-0.2879999876022339 -0.12000000476837158 2.5280001163482666
-0.527999997138977 -0.49800002574920654 2.4140000343322754
-0.37199997901916504 -0.3960000276565552 2.4200000762939453
-0.8759999871253967 -0.4140000343322754 2.492000102996826
-0.5220000147819519 -0.49800002574920654 2.4140000343322754
-0.8519999980926514 -0.4440000057220459 2.503999948501587
-0.41999995708465576 -0.4440000057220459 2.4140000343322754
-0.2879999876022339 -0.24599993228912354 2.4679999351501465
-0.3179999589920044 -0.3240000009536743 2.437999963760376
-0.34800004959106445 -0.37199997901916504 2.4260001182556152
-0.8759999871253967 -0.41999995708465576 2.503999948501587
-0.9419999718666077 -0.2940000295639038 2.6059999465942383
-0.7619999647140503 -0.49800002574920654 2.4619998931884766
-0.5699999928474426 -0.515999972820282 2.4260001182556152
-0.3059999942779541 -0.2999999523162842 2.444000005722046
-0.3960000276565552 -0.4320000410079956 2.4260001182556152
-0.2879999876022339 -0.10800004005432129 2.503999948501587
-0.2879999876022339 -0.10800004005432129 2.498000144958496
-0.6240000128746033 -0.5220000147819519 2.4260001182556152
-0.6299999952316284 -0.5220000147819519 2.4260001182556152
-0.5999999642372131 -0.5220000147819519 2.4260001182556152
-0.6599999666213989 -0.5220000147819519 2.432000160217285
-0.6959999799728394 -0.5220000147819519 2.450000047683716
-0.2760000228881836 -0.1979999542236328 2.4860000610351562
-0.2999999523162842 -0.2999999523162842 2.450000047683716
-0.8700000047683716 -0.437999963760376 2.552000045776367
-0.9480000138282776 -0.26999998092651367 2.630000114440918
-0.8700000047683716 -0.437999963760376 2.5280001163482666
-0.37199997901916504 -0.4140000343322754 2.4260001182556152
-0.2999999523162842 -0.3059999942779541 2.450000047683716
-0.2879999876022339 -0.26999998092651367 2.4559998512268066
-0.6959999799728394 -0.5220000147819519 2.437999963760376
-0.4500000476837158 -0.4739999771118164 2.4079999923706055
-0.26999998092651367 -0.17400002479553223 2.503999948501587
-0.49800002574920654 -0.49800002574920654 2.4079999923706055
-0.8460000157356262 -0.4620000123977661 2.503999948501587
-0.5759999752044678 -0.5220000147819519 2.4140000343322754
-0.26999998092651367 -0.14399993419647217 2.5280001163482666
-0.7199999690055847 -0.5220000147819519 2.450000047683716
-0.7139999866485596 -0.5220000147819519 2.444000005722046
-0.5699999928474426 -0.5220000147819519 2.4140000343322754
-0.9480000138282776 -0.2760000228881836 2.6480000019073486
-0.9599999785423279 -0.26999998092651367 2.6059999465942383
-0.9480000138282776 -0.26999998092651367 2.6540000438690186
-0.2940000295639038 -0.2999999523162842 2.444000005722046
-0.26999998092651367 -0.22200000286102295 2.4800000190734863
-0.34800004959106445 -0.3960000276565552 2.4260001182556152
-0.26999998092651367 -0.23399996757507324 2.4800000190734863
-0.7979999780654907 -0.49800002574920654 2.4800000190734863
-0.26999998092651367 -0.22200000286102295 2.4739999771118164
-0.3179999589920044 -0.34800004959106445 2.4260001182556152
-0.9480000138282776 -0.33000004291534424 2.5759999752044678
-0.26999998092651367 -0.12000000476837158 2.5280001163482666
-0.5999999642372131 -0.5339999794960022 2.4260001182556152
-0.9480000138282776 -0.28199994564056396 2.6540000438690186
-0.8880000114440918 -0.4320000410079956 2.552000045776367
-0.9480000138282776 -0.3240000009536743 2.6059999465942383
-0.8759999871253967 -0.4440000057220459 2.509999990463257
-0.7979999780654907 -0.49800002574920654 2.4679999351501465
-0.7199999690055847 -0.527999997138977 2.450000047683716
-0.26399993896484375 -0.17400002479553223 2.492000102996826
-0.3960000276565552 -0.4440000057220459 2.4079999923706055
-0.26399993896484375 -0.1499999761581421 2.509999990463257
-0.9480000138282776 -0.33000004291534424 2.6059999465942383
-0.5399999618530273 -0.5220000147819519 2.4079999923706055
-0.9419999718666077 -0.3359999656677246 2.630000114440918
-0.3240000009536743 -0.37199997901916504 2.4260001182556152
-0.6240000128746033 -0.5399999618530273 2.4260001182556152
-0.9539999961853027 -0.33000004291534424 2.5820000171661377
-0.75 -0.5220000147819519 2.450000047683716
-0.8460000157356262 -0.4739999771118164 2.4860000610351562
-0.906000018119812 -0.4140000343322754 2.492000102996826
-0.3240000009536743 -0.37199997901916504 2.4200000762939453
-0.9599999785423279 -0.3179999589920044 2.5880000591278076
-0.7559999823570251 -0.5220000147819519 2.450000047683716
-0.4679999351501465 -0.49800002574920654 2.4019999504089355
-0.4259999990463257 -0.4739999771118164 2.4019999504089355
-0.9660000205039978 -0.2999999523162842 2.5940001010894775
-0.26399993896484375 -0.11399996280670166 2.503999948501587
-0.8519999980926514 -0.4739999771118164 2.4860000610351562
-0.26399993896484375 -0.24599993228912354 2.4619998931884766
-0.3240000009536743 -0.38399994373321533 2.4260001182556152
-0.8219999670982361 -0.49800002574920654 2.4800000190734863
-0.41999995708465576 -0.4739999771118164 2.4019999504089355
-0.906000018119812 -0.4259999990463257 2.509999990463257
-0.6480000019073486 -0.5460000038146973 2.4260001182556152
-0.8219999670982361 -0.49800002574920654 2.4739999771118164
-0.6599999666213989 -0.5460000038146973 2.4260001182556152
-0.9120000004768372 -0.41999995708465576 2.503999948501587
-0.972000002861023 -0.26999998092651367 2.630000114440918
-0.3539999723434448 -0.41999995708465576 2.4079999923706055
-0.2999999523162842 -0.34800004959106445 2.4260001182556152
-0.25199997425079346 -0.1979999542236328 2.4800000190734863
-0.6240000128746033 -0.5460000038146973 2.4140000343322754
-0.6299999952316284 -0.5460000038146973 2.4140000343322754
-0.5040000081062317 -0.5220000147819519 2.4019999504089355
-0.972000002861023 -0.2999999523162842 2.6059999465942383
-0.26999998092651367 -0.2940000295639038 2.450000047683716
-0.26399993896484375 -0.26999998092651367 2.450000047683716
-0.49800002574920654 -0.5220000147819519 2.4019999504089355
-0.6959999799728394 -0.5460000038146973 2.432000160217285
-0.8999999761581421 -0.4440000057220459 2.5280001163482666
-0.6480000019073486 -0.5519999861717224 2.4260001182556152
-0.8159999847412109 -0.5099999904632568 2.4800000190734863
-0.4440000057220459 -0.49800002574920654 2.4019999504089355
-0.24599993228912354 -0.1679999828338623 2.503999948501587
-0.5879999995231628 -0.5460000038146973 2.4079999923706055
-0.33000004291534424 -0.3960000276565552 2.4079999923706055
-0.8700000047683716 -0.4739999771118164 2.503999948501587
-0.37199997901916504 -0.4440000057220459 2.4019999504089355
-0.9839999675750732 -0.26399993896484375 2.6059999465942383
-0.9660000205039978 -0.33000004291534424 2.6059999465942383
-0.24599993228912354 -0.1979999542236328 2.4800000190734863
-0.26999998092651367 -0.2999999523162842 2.437999963760376
-0.24599993228912354 -0.22200000286102295 2.4800000190734863
-0.2940000295639038 -0.34800004959106445 2.4200000762939453
-0.8399999737739563 -0.49800002574920654 2.4739999771118164
-0.7199999690055847 -0.5460000038146973 2.432000160217285
-0.3240000009536743 -0.3960000276565552 2.4079999923706055
-0.972000002861023 -0.3240000009536743 2.6059999465942383
-0.437999963760376 -0.49800002574920654 2.3959999084472656
-0.4859999418258667 -0.5220000147819519 2.3959999084472656
-0.7979999780654907 -0.5220000147819519 2.4559998512268066
-0.2999999523162842 -0.37199997901916504 2.4260001182556152
-0.3960000276565552 -0.4739999771118164 2.4019999504089355
-0.5519999861717224 -0.5460000038146973 2.4019999504089355
-0.8460000157356262 -0.49800002574920654 2.4800000190734863
-0.4739999771118164 -0.5220000147819519 2.4019999504089355
-0.24000000953674316 -0.1499999761581421 2.503999948501587
-0.5460000038146973 -0.5460000038146973 2.4019999504089355
-0.2760000228881836 -0.3240000009536743 2.4260001182556152
-0.75 -0.5460000038146973 2.450000047683716
-0.9839999675750732 -0.28199994564056396 2.630000114440918
-0.24000000953674316 -0.1260000467300415 2.5280001163482666
-0.24000000953674316 -0.22200000286102295 2.4679999351501465
-0.3359999656677246 -0.41999995708465576 2.4019999504089355
-0.3960000276565552 -0.48000001907348633 2.4019999504089355
-0.41999995708465576 -0.49800002574920654 2.4019999504089355
-0.75 -0.5460000038146973 2.437999963760376
-0.4739999771118164 -0.527999997138977 2.4019999504089355
-0.9779999852180481 -0.33000004291534424 2.6059999465942383
-0.38999998569488525 -0.4739999771118164 2.3959999084472656
-0.5339999794960022 -0.5460000038146973 2.3959999084472656
-0.5220000147819519 -0.5460000038146973 2.4019999504089355
-0.671999990940094 -0.5640000104904175 2.4260001182556152
-0.24000000953674316 -0.10800004005432129 2.5280001163482666
-0.26999998092651367 -0.3240000009536743 2.4260001182556152
-0.23399996757507324 -0.17400002479553223 2.4860000610351562
-0.9900000095367432 -0.2999999523162842 2.5999999046325684
-0.7559999823570251 -0.5460000038146973 2.437999963760376
-0.49800002574920654 -0.5399999618530273 2.4019999504089355
-0.4440000057220459 -0.515999972820282 2.4019999504089355
-0.3539999723434448 -0.4440000057220459 2.3959999084472656
-0.24599993228912354 -0.26999998092651367 2.450000047683716
-0.5220000147819519 -0.5460000038146973 2.3959999084472656
-0.8219999670982361 -0.5220000147819519 2.4619998931884766
-0.8460000157356262 -0.5099999904632568 2.4800000190734863
-0.24599993228912354 -0.26999998092651367 2.444000005722046
-0.37199997901916504 -0.4679999351501465 2.4019999504089355
-0.34800004959106445 -0.4440000057220459 2.4019999504089355
-0.9240000247955322 -0.4440000057220459 2.5280001163482666
-0.24599993228912354 -0.28199994564056396 2.450000047683716
-0.7739999890327454 -0.5460000038146973 2.450000047683716
-0.9959999918937683 -0.26999998092651367 2.630000114440918
-0.5460000038146973 -0.5579999685287476 2.4019999504089355
-0.34800004959106445 -0.4440000057220459 2.3959999084472656
-0.3240000009536743 -0.41999995708465576 2.4019999504089355
-0.9900000095367432 -0.3240000009536743 2.5940001010894775
-0.9959999918937683 -0.2999999523162842 2.6059999465942383
-0.22800004482269287 -0.1979999542236328 2.4739999771118164
-0.8999999761581421 -0.4739999771118164 2.503999948501587
-0.4500000476837158 -0.5220000147819519 2.3899998664855957
-0.23399996757507324 -0.24599993228912354 2.4559998512268066
-0.8700000047683716 -0.49800002574920654 2.4800000190734863
-0.8999999761581421 -0.4739999771118164 2.498000144958496
-0.26999998092651367 -0.34800004959106445 2.4260001182556152
-0.9900000095367432 -0.33000004291534424 2.5940001010894775
-0.6480000019073486 -0.5699999928474426 2.4079999923706055
-0.40799999237060547 -0.49800002574920654 2.3899998664855957
-0.671999990940094 -0.5699999928474426 2.4140000343322754
-0.9359999895095825 -0.437999963760376 2.552000045776367
-1.0080000162124634 -0.26399993896484375 2.5940001010894775
-0.6959999799728394 -0.5699999928474426 2.4260001182556152
-0.7739999890327454 -0.5519999861717224 2.450000047683716
-0.6119999885559082 -0.5699999928474426 2.4019999504089355
-0.6779999732971191 -0.5699999928474426 2.4140000343322754
-0.5999999642372131 -0.5699999928474426 2.4019999504089355
-0.22800004482269287 -0.12000000476837158 2.509999990463257
-0.5220000147819519 -0.5579999685287476 2.4019999504089355
-0.49800002574920654 -0.5460000038146973 2.3899998664855957
-0.9839999675750732 -0.3359999656677246 2.630000114440918
-0.34800004959106445 -0.4559999704360962 2.4019999504089355
-0.22200000286102295 -0.156000018119812 2.503999948501587
-0.22200000286102295 -0.1499999761581421 2.503999948501587
-0.22200000286102295 -0.17400002479553223 2.4860000610351562
-0.37199997901916504 -0.4739999771118164 2.3899998664855957
-0.22200000286102295 -0.1979999542236328 2.4800000190734863
-0.22200000286102295 -0.20399999618530273 2.4800000190734863
-0.22200000286102295 -0.1499999761581421 2.498000144958496
-0.906000018119812 -0.4739999771118164 2.498000144958496
-0.5699999928474426 -0.5699999928474426 2.4019999504089355
-0.7919999957084656 -0.5460000038146973 2.444000005722046
-0.5879999995231628 -0.5699999928474426 2.3959999084472656
-0.22200000286102295 -0.1979999542236328 2.4739999771118164
-0.9959999918937683 -0.3240000009536743 2.6059999465942383
-0.9359999895095825 -0.4440000057220459 2.5160000324249268
-0.7979999780654907 -0.5460000038146973 2.450000047683716
-0.8460000157356262 -0.5220000147819519 2.4679999351501465
-0.7199999690055847 -0.5699999928474426 2.4260001182556152
-0.6959999799728394 -0.5759999752044678 2.4260001182556152
-0.8999999761581421 -0.4859999418258667 2.503999948501587
-0.3240000009536743 -0.437999963760376 2.4019999504089355
-0.2760000228881836 -0.37199997901916504 2.4079999923706055
-1.0139999389648438 -0.26999998092651367 2.611999988555908
-0.22200000286102295 -0.10800004005432129 2.503999948501587
-0.5519999861717224 -0.5699999928474426 2.3899998664855957
-0.5460000038146973 -0.5699999928474426 2.3899998664855957
-0.4259999990463257 -0.5220000147819519 2.384000062942505
-0.5999999642372131 -0.5820000171661377 2.4019999504089355
-0.24599993228912354 -0.3240000009536743 2.4260001182556152
-0.7440000176429749 -0.5699999928474426 2.4260001182556152
-0.2879999876022339 -0.3960000276565552 2.4019999504089355
-0.21599996089935303 -0.22200000286102295 2.4619998931884766
-0.2580000162124634 -0.34800004959106445 2.4140000343322754
-0.9480000138282776 -0.4440000057220459 2.5280001163482666
-0.8939999938011169 -0.49800002574920654 2.4860000610351562
-0.26999998092651367 -0.37199997901916504 2.4079999923706055
-1.0139999389648438 -0.2999999523162842 2.6059999465942383
-0.38399994373321533 -0.49800002574920654 2.384000062942505
-0.2999999523162842 -0.41999995708465576 2.4019999504089355
-0.22200000286102295 -0.26999998092651367 2.450000047683716
-0.3240000009536743 -0.4440000057220459 2.3899998664855957
-0.9240000247955322 -0.4739999771118164 2.503999948501587
-0.8640000224113464 -0.5220000147819519 2.4679999351501465
-0.8219999670982361 -0.5460000038146973 2.450000047683716
-0.9480000138282776 -0.4500000476837158 2.5280001163482666
-0.8700000047683716 -0.5220000147819519 2.4800000190734863
-0.21599996089935303 -0.24599993228912354 2.450000047683716
-0.24599993228912354 -0.34200000762939453 2.4260001182556152
-0.8640000224113464 -0.527999997138977 2.4800000190734863
-1.0199999809265137 -0.26999998092651367 2.630000114440918
-0.2999999523162842 -0.4259999990463257 2.4019999504089355
-0.7680000066757202 -0.5699999928474426 2.432000160217285
-1.0139999389648438 -0.3240000009536743 2.5820000171661377
-0.828000009059906 -0.5460000038146973 2.450000047683716
-0.24000000953674316 -0.3240000009536743 2.4200000762939453
-1.0199999809265137 -0.2760000228881836 2.630000114440918
-0.4140000343322754 -0.5220000147819519 2.378000020980835
-0.515999972820282 -0.5699999928474426 2.384000062942505
-0.4559999704360962 -0.5460000038146973 2.378000020980835
-0.7979999780654907 -0.5640000104904175 2.450000047683716
-0.906000018119812 -0.49800002574920654 2.4860000610351562
-0.22800004482269287 -0.2999999523162842 2.4260001182556152
-0.7199999690055847 -0.5879999995231628 2.4260001182556152
-0.6240000128746033 -0.593999981880188 2.4019999504089355
-0.972000002861023 -0.4259999990463257 2.5160000324249268
-0.972000002861023 -0.41999995708465576 2.4800000190734863
-0.9359999895095825 -0.4739999771118164 2.503999948501587
-0.4440000057220459 -0.5460000038146973 2.378000020980835
-0.8219999670982361 -0.5579999685287476 2.450000047683716
-0.1979999542236328 -0.1499999761581421 2.503999948501587
-0.1979999542236328 -0.19200003147125244 2.4800000190734863
-0.49800002574920654 -0.5699999928474426 2.378000020980835
-0.26999998092651367 -0.3960000276565552 2.4019999504089355
-1.0199999809265137 -0.3240000009536743 2.6059999465942383
-0.22200000286102295 -0.2999999523162842 2.4260001182556152
-0.3659999370574951 -0.49800002574920654 2.378000020980835
-0.9179999828338623 -0.49800002574920654 2.503999948501587
-0.7979999780654907 -0.5699999928474426 2.437999963760376
-0.3960000276565552 -0.5220000147819519 2.378000020980835
-0.1979999542236328 -0.1979999542236328 2.4679999351501465
-0.6480000019073486 -0.5999999642372131 2.4019999504089355
-1.0199999809265137 -0.33000004291534424 2.611999988555908
-0.1979999542236328 -0.12000000476837158 2.503999948501587
-0.3960000276565552 -0.5220000147819519 2.371999979019165
-0.671999990940094 -0.5999999642372131 2.4019999504089355
-0.26999998092651367 -0.40799999237060547 2.4019999504089355
-0.4320000410079956 -0.5460000038146973 2.371999979019165
-1.0199999809265137 -0.33000004291534424 2.630000114440918
-0.972000002861023 -0.4440000057220459 2.5280001163482666
-0.8939999938011169 -0.5220000147819519 2.4739999771118164
-0.19200003147125244 -0.17400002479553223 2.4800000190734863
-0.28199994564056396 -0.41999995708465576 2.3899998664855957
-0.8579999804496765 -0.5460000038146973 2.4559998512268066
-0.6480000019073486 -0.5999999642372131 2.3899998664855957
-0.22200000286102295 -0.3240000009536743 2.4260001182556152
-0.9839999675750732 -0.4259999990463257 2.509999990463257
-0.6539999842643738 -0.5999999642372131 2.3899998664855957
-0.33000004291534424 -0.4739999771118164 2.378000020980835
-0.4739999771118164 -0.5699999928474426 2.378000020980835
-0.6899999976158142 -0.5999999642372131 2.4019999504089355
-0.48000001907348633 -0.5699999928474426 2.371999979019165
-0.6119999885559082 -0.5999999642372131 2.384000062942505
-0.1979999542236328 -0.24599993228912354 2.450000047683716
-0.20399999618530273 -0.26999998092651367 2.437999963760376
-0.41999995708465576 -0.5460000038146973 2.378000020980835
-0.8999999761581421 -0.5220000147819519 2.4800000190734863
-0.24599993228912354 -0.37199997901916504 2.4019999504089355
-0.7139999866485596 -0.5999999642372131 2.4079999923706055
-0.1979999542236328 -0.26399993896484375 2.450000047683716
-0.671999990940094 -0.6060000061988831 2.4019999504089355
-0.19200003147125244 -0.22200000286102295 2.4559998512268066
-0.3960000276565552 -0.5339999794960022 2.378000020980835
-0.593999981880188 -0.5999999642372131 2.378000020980835
-0.3240000009536743 -0.4739999771118164 2.378000020980835
-0.34800004959106445 -0.49800002574920654 2.378000020980835
-0.2580000162124634 -0.3960000276565552 2.3959999084472656
-0.8219999670982361 -0.5699999928474426 2.437999963760376
-0.4739999771118164 -0.5759999752044678 2.378000020980835
-0.5699999928474426 -0.5999999642372131 2.378000020980835
-0.4440000057220459 -0.5640000104904175 2.378000020980835
-0.18599998950958252 -0.1499999761581421 2.4860000610351562
-0.75 -0.5999999642372131 2.4260001182556152
-0.22800004482269287 -0.34800004959106445 2.4079999923706055
-0.5759999752044678 -0.5999999642372131 2.371999979019165
-0.37199997901916504 -0.5220000147819519 2.378000020980835
-1.0440000295639038 -0.26999998092651367 2.630000114440918
-1.0379999876022339 -0.2999999523162842 2.630000114440918
-0.9359999895095825 -0.49800002574920654 2.492000102996826
-0.5640000104904175 -0.5999999642372131 2.371999979019165
-0.5460000038146973 -0.5999999642372131 2.378000020980835
-0.4620000123977661 -0.5699999928474426 2.366000175476074
-0.8460000157356262 -0.5640000104904175 2.450000047683716
-0.972000002861023 -0.4620000123977661 2.5280001163482666
-1.0499999523162842 -0.26999998092651367 2.6059999465942383
-0.75 -0.5999999642372131 2.4140000343322754
-0.9900000095367432 -0.437999963760376 2.569999933242798
-0.8999999761581421 -0.5339999794960022 2.4800000190734863
-0.40799999237060547 -0.5460000038146973 2.366000175476074
-0.8819999694824219 -0.5460000038146973 2.4619998931884766
-0.6959999799728394 -0.6119999885559082 2.4019999504089355
-0.24599993228912354 -0.3960000276565552 2.4019999504089355
-0.22200000286102295 -0.34800004959106445 2.4079999923706055
-0.34800004959106445 -0.5099999904632568 2.378000020980835
-0.9660000205039978 -0.4739999771118164 2.509999990463257
-0.5220000147819519 -0.5999999642372131 2.378000020980835
-0.9900000095367432 -0.4440000057220459 2.5280001163482666
-0.18599998950958252 -0.24599993228912354 2.444000005722046
-0.8399999737739563 -0.5699999928474426 2.437999963760376
-0.49800002574920654 -0.593999981880188 2.378000020980835
-0.6240000128746033 -0.6119999885559082 2.378000020980835
-0.21000003814697266 -0.3240000009536743 2.4140000343322754
-0.3359999656677246 -0.49800002574920654 2.371999979019165
-0.5460000038146973 -0.6060000061988831 2.378000020980835
-0.1799999475479126 -0.12000000476837158 2.498000144958496
-0.7739999890327454 -0.5999999642372131 2.4260001182556152
-1.0499999523162842 -0.2999999523162842 2.6059999465942383
-0.9480000138282776 -0.49800002574920654 2.503999948501587
-0.24599993228912354 -0.40199995040893555 2.4019999504089355
-1.0440000295639038 -0.3240000009536743 2.6059999465942383
-0.1979999542236328 -0.2999999523162842 2.4260001182556152
-0.7619999647140503 -0.6060000061988831 2.4260001182556152
-0.17400002479553223 -0.18599998950958252 2.4800000190734863
-0.28199994564056396 -0.4440000057220459 2.378000020980835
-0.7739999890327454 -0.5999999642372131 2.4200000762939453
-0.17400002479553223 -0.17400002479553223 2.4800000190734863
-0.527999997138977 -0.5999999642372131 2.366000175476074
-0.17400002479553223 -0.1380000114440918 2.503999948501587
-1.0019999742507935 -0.4320000410079956 2.5280001163482666
-0.17400002479553223 -0.17400002479553223 2.4739999771118164
-0.9240000247955322 -0.5220000147819519 2.4800000190734863
-0.8519999980926514 -0.5699999928474426 2.444000005722046
-0.1979999542236328 -0.312000036239624 2.4260001182556152
-0.36000001430511475 -0.5220000147819519 2.366000175476074
-1.0499999523162842 -0.3240000009536743 2.5880000591278076
-0.3240000009536743 -0.49800002574920654 2.378000020980835
-0.18599998950958252 -0.26999998092651367 2.432000160217285
-0.17400002479553223 -0.12000000476837158 2.503999948501587
-0.3960000276565552 -0.5460000038146973 2.3600001335144043
-0.2580000162124634 -0.41999995708465576 2.384000062942505
-0.5640000104904175 -0.6240000128746033 2.4019999504089355
-0.593999981880188 -0.6179999709129333 2.378000020980835
-0.2999999523162842 -0.4739999771118164 2.378000020980835
-0.17400002479553223 -0.22200000286102295 2.450000047683716
-0.6480000019073486 -0.6359999775886536 2.4260001182556152
-0.6240000128746033 -0.6299999952316284 2.4019999504089355
-0.19200003147125244 -0.2999999523162842 2.4200000762939453
-0.22200000286102295 -0.37199997901916504 2.4019999504089355
-0.7979999780654907 -0.5999999642372131 2.4260001182556152
-0.17400002479553223 -0.24599993228912354 2.450000047683716
-0.5759999752044678 -0.6299999952316284 2.4019999504089355
-0.1679999828338623 -0.1499999761581421 2.4800000190734863
-0.6240000128746033 -0.6299999952316284 2.3959999084472656
-0.17400002479553223 -0.25199997425079346 2.450000047683716
-0.9599999785423279 -0.49800002574920654 2.498000144958496
-0.22200000286102295 -0.37199997901916504 2.3959999084472656
-0.5699999928474426 -0.6299999952316284 2.4019999504089355
-0.4259999990463257 -0.5699999928474426 2.3600001335144043
-0.26999998092651367 -0.4440000057220459 2.378000020980835
-0.7979999780654907 -0.5999999642372131 2.4200000762939453
-0.5099999904632568 -0.5999999642372131 2.3540000915527344
-0.9359999895095825 -0.5220000147819519 2.4800000190734863
-0.6480000019073486 -0.6240000128746033 2.378000020980835
-0.23399996757507324 -0.3960000276565552 2.3899998664855957
-0.8700000047683716 -0.5699999928474426 2.450000047683716
-0.906000018119812 -0.5460000038146973 2.4619998931884766
-1.0679999589920044 -0.26999998092651367 2.6059999465942383
-0.7139999866485596 -0.6240000128746033 2.4019999504089355
-0.6599999666213989 -0.6240000128746033 2.378000020980835
-0.5699999928474426 -0.6240000128746033 2.378000020980835
-0.22200000286102295 -0.38399994373321533 2.4019999504089355
-0.2999999523162842 -0.4859999418258667 2.378000020980835
-0.6959999799728394 -0.6359999775886536 2.4260001182556152
-0.3179999589920044 -0.49800002574920654 2.366000175476074
-0.34800004959106445 -0.5220000147819519 2.3600001335144043
-0.49800002574920654 -0.5999999642372131 2.3540000915527344
-0.7979999780654907 -0.6060000061988831 2.4260001182556152
-0.6480000019073486 -0.6359999775886536 2.4019999504089355
-1.055999994277954 -0.3059999942779541 2.6480000019073486
-0.8759999871253967 -0.5699999928474426 2.450000047683716
-0.6599999666213989 -0.6359999775886536 2.4019999504089355
-0.41999995708465576 -0.5699999928474426 2.3540000915527344
-0.671999990940094 -0.6420000195503235 2.4260001182556152
-0.9240000247955322 -0.5399999618530273 2.4800000190734863
-0.16199994087219238 -0.1979999542236328 2.4619998931884766
-0.6359999775886536 -0.6299999952316284 2.378000020980835
-0.49800002574920654 -0.5999999642372131 2.3480000495910645
-0.8159999847412109 -0.5999999642372131 2.4260001182556152
-0.9900000095367432 -0.4739999771118164 2.5160000324249268
-0.8700000047683716 -0.5759999752044678 2.450000047683716
-0.5879999995231628 -0.6299999952316284 2.378000020980835
-0.6959999799728394 -0.6240000128746033 2.378000020980835
-0.26399993896484375 -0.4440000057220459 2.371999979019165
-0.16199994087219238 -0.12000000476837158 2.498000144958496
-1.0199999809265137 -0.4320000410079956 2.552000045776367
-1.0679999589920044 -0.2999999523162842 2.6059999465942383
-1.062000036239624 -0.3240000009536743 2.6059999465942383
-0.6420000195503235 -0.6240000128746033 2.3600001335144043
-0.7020000219345093 -0.6240000128746033 2.378000020980835
-0.671999990940094 -0.6240000128746033 2.366000175476074
-0.972000002861023 -0.49800002574920654 2.503999948501587
-0.5999999642372131 -0.6299999952316284 2.371999979019165
-0.49800002574920654 -0.6060000061988831 2.3540000915527344
-0.671999990940094 -0.6299999952316284 2.378000020980835
-0.6240000128746033 -0.6240000128746033 2.3540000915527344
-0.6959999799728394 -0.6359999775886536 2.4019999504089355
-0.593999981880188 -0.6240000128746033 2.3540000915527344
-0.26999998092651367 -0.4620000123977661 2.378000020980835
-0.6240000128746033 -0.6299999952316284 2.366000175476074
-0.4739999771118164 -0.5999999642372131 2.3540000915527344
-0.5519999861717224 -0.6299999952316284 2.378000020980835
-0.9959999918937683 -0.4739999771118164 2.5280001163482666
-0.7260000109672546 -0.6240000128746033 2.384000062942505
-0.75 -0.6240000128746033 2.4019999504089355
-0.6779999732971191 -0.6240000128746033 2.3600001335144043
-0.5460000038146973 -0.6299999952316284 2.378000020980835
-1.0740000009536743 -0.26999998092651367 2.630000114440918
-0.5699999928474426 -0.6240000128746033 2.3540000915527344
-0.6959999799728394 -0.6299999952316284 2.378000020980835
-0.6299999952316284 -0.6299999952316284 2.3600001335144043
-0.28199994564056396 -0.4739999771118164 2.366000175476074
-0.7139999866485596 -0.6359999775886536 2.4019999504089355
-1.062000036239624 -0.3059999942779541 2.6600000858306885
-0.16199994087219238 -0.24599993228912354 2.437999963760376
-0.17400002479553223 -0.2999999523162842 2.4260001182556152
-0.7199999690055847 -0.6420000195503235 2.4260001182556152
-1.0740000009536743 -0.28199994564056396 2.630000114440918
-0.5519999861717224 -0.6179999709129333 2.3420000076293945
-0.6779999732971191 -0.6299999952316284 2.366000175476074
-0.7559999823570251 -0.6240000128746033 2.3959999084472656
-0.5519999861717224 -0.6299999952316284 2.366000175476074
-0.17400002479553223 -0.2999999523162842 2.4200000762939453
-0.5460000038146973 -0.6240000128746033 2.3540000915527344
-1.0799999237060547 -0.26999998092651367 2.618000030517578
-0.4440000057220459 -0.593999981880188 2.3540000915527344
-0.671999990940094 -0.6299999952316284 2.3600001335144043
-0.3960000276565552 -0.5699999928474426 2.3540000915527344
-0.36000001430511475 -0.5460000038146973 2.3540000915527344
-0.9300000071525574 -0.5460000038146973 2.4679999351501465
-1.0740000009536743 -0.3179999589920044 2.5940001010894775
-0.19200003147125244 -0.34800004959106445 2.4019999504089355
-0.6240000128746033 -0.671999990940094 2.5399999618530273
-0.23399996757507324 -0.41999995708465576 2.378000020980835
-0.6359999775886536 -0.671999990940094 2.5280001163482666
-0.1979999542236328 -0.3659999370574951 2.4019999504089355
-0.1499999761581421 -0.17400002479553223 2.4679999351501465
-0.1499999761581421 -0.1499999761581421 2.4800000190734863
-0.593999981880188 -0.671999990940094 2.5160000324249268
-1.0799999237060547 -0.2940000295639038 2.6059999465942383
-0.6480000019073486 -0.671999990940094 2.5160000324249268
-0.7739999890327454 -0.6240000128746033 2.4019999504089355
-0.1799999475479126 -0.3240000009536743 2.4079999923706055
-0.1499999761581421 -0.12000000476837158 2.503999948501587
-0.21599996089935303 -0.3960000276565552 2.384000062942505
-0.24599993228912354 -0.4440000057220459 2.378000020980835
-0.1499999761581421 -0.12000000476837158 2.498000144958496
-0.8219999670982361 -0.6119999885559082 2.4260001182556152
-0.16199994087219238 -0.26999998092651367 2.4260001182556152
-0.8460000157356262 -0.5999999642372131 2.4260001182556152
-0.972000002861023 -0.515999972820282 2.503999948501587
-0.7799999713897705 -0.6240000128746033 2.4019999504089355
-0.1679999828338623 -0.3059999942779541 2.4260001182556152
-0.515999972820282 -0.6240000128746033 2.3540000915527344
-0.1499999761581421 -0.22200000286102295 2.450000047683716
-0.1499999761581421 -0.22800004482269287 2.450000047683716
-0.5220000147819519 -0.6359999775886536 2.378000020980835
-0.9660000205039978 -0.5220000147819519 2.4860000610351562
-0.7319999933242798 -0.6480000019073486 2.4260001182556152
-0.1499999761581421 -0.22200000286102295 2.444000005722046
-1.0799999237060547 -0.312000036239624 2.6059999465942383
-0.24599993228912354 -0.4500000476837158 2.378000020980835
-0.6240000128746033 -0.6779999732971191 2.552000045776367
-0.8519999980926514 -0.5999999642372131 2.4260001182556152
-0.34800004959106445 -0.5460000038146973 2.3540000915527344
-0.1979999542236328 -0.37199997901916504 2.3899998664855957
-0.5040000081062317 -0.6119999885559082 2.3299999237060547
-0.6899999976158142 -0.671999990940094 2.509999990463257
-0.527999997138977 -0.6240000128746033 2.3420000076293945
-0.7379999756813049 -0.6539999842643738 2.450000047683716
-0.527999997138977 -0.6299999952316284 2.3540000915527344
-0.17400002479553223 -0.3240000009536743 2.4079999923706055
-0.38399994373321533 -0.5699999928474426 2.3480000495910645
-0.5220000147819519 -0.6299999952316284 2.3540000915527344
-0.14399993419647217 -0.1979999542236328 2.4559998512268066
-0.41999995708465576 -0.593999981880188 2.3540000915527344
-0.3960000276565552 -0.5820000171661377 2.3540000915527344
-0.527999997138977 -0.6299999952316284 2.3480000495910645
-0.4919999837875366 -0.6119999885559082 2.3299999237060547
-0.7440000176429749 -0.6539999842643738 2.444000005722046
-0.22200000286102295 -0.41999995708465576 2.378000020980835
-0.9480000138282776 -0.5460000038146973 2.4800000190734863
-0.7379999756813049 -0.6359999775886536 2.378000020980835
-0.4559999704360962 -0.5999999642372131 2.3299999237060547
-0.9959999918937683 -0.49800002574920654 2.503999948501587
-0.7260000109672546 -0.6480000019073486 2.4019999504089355
-0.5220000147819519 -0.6299999952316284 2.3480000495910645
-0.7379999756813049 -0.6660000085830688 2.503999948501587
-0.312000036239624 -0.5220000147819519 2.3540000915527344
-0.37199997901916504 -0.5699999928474426 2.3540000915527344
-0.7199999690055847 -0.6420000195503235 2.378000020980835
-0.7260000109672546 -0.6359999775886536 2.366000175476074
-1.0859999656677246 -0.2999999523162842 2.630000114440918
-0.6420000195503235 -0.6840000152587891 2.552000045776367
-0.8040000200271606 -0.6240000128746033 2.4019999504089355
-0.7199999690055847 -0.6359999775886536 2.3600001335144043
-0.7199999690055847 -0.671999990940094 2.503999948501587
-0.4559999704360962 -0.5999999642372131 2.3239998817443848
-0.9779999852180481 -0.5220000147819519 2.492000102996826
-0.49800002574920654 -0.6299999952316284 2.3540000915527344
-0.6420000195503235 -0.6840000152587891 2.5820000171661377
-1.0199999809265137 -0.4739999771118164 2.5280001163482666
-1.0199999809265137 -0.4739999771118164 2.5220000743865967
-0.4440000057220459 -0.5999999642372131 2.3299999237060547
-0.1499999761581421 -0.26999998092651367 2.4260001182556152
-1.0019999742507935 -0.49800002574920654 2.503999948501587
-0.5759999752044678 -0.6840000152587891 2.503999948501587
-0.22200000286102295 -0.4320000410079956 2.378000020980835
-0.14399993419647217 -0.24599993228912354 2.432000160217285
-1.0440000295639038 -0.437999963760376 2.5759999752044678
-0.9240000247955322 -0.5699999928474426 2.4559998512268066
-0.7080000042915344 -0.6779999732971191 2.503999948501587
-0.2580000162124634 -0.4739999771118164 2.3600001335144043
-0.23399996757507324 -0.4440000057220459 2.366000175476074
-0.17400002479553223 -0.34800004959106445 2.4019999504089355
-0.21599996089935303 -0.41999995708465576 2.371999979019165
-0.1499999761581421 -0.2879999876022339 2.4260001182556152
-1.0440000295639038 -0.4440000057220459 2.5399999618530273
-0.7739999890327454 -0.6420000195503235 2.4019999504089355
-0.6959999799728394 -0.6840000152587891 2.552000045776367
-0.2999999523162842 -0.5220000147819519 2.3540000915527344
-0.6420000195503235 -0.6899999976158142 2.5220000743865967
-0.33000004291534424 -0.5460000038146973 2.3480000495910645
-0.9599999785423279 -0.5460000038146973 2.4739999771118164
-0.437999963760376 -0.5999999642372131 2.3239998817443848
-0.3659999370574951 -0.5699999928474426 2.3420000076293945
-0.2760000228881836 -0.49800002574920654 2.3540000915527344
-0.1979999542236328 -0.3960000276565552 2.378000020980835
-0.9300000071525574 -0.5699999928474426 2.4559998512268066
-0.7559999823570251 -0.671999990940094 2.5339999198913574
-0.17400002479553223 -0.36000001430511475 2.4019999504089355
-0.3240000009536743 -0.5460000038146973 2.3540000915527344
-1.0199999809265137 -0.4859999418258667 2.5280001163482666
-0.6660000085830688 -0.6899999976158142 2.5220000743865967
-0.8339999914169312 -0.6240000128746033 2.4140000343322754
-0.36000001430511475 -0.5759999752044678 2.3540000915527344
-0.3240000009536743 -0.5460000038146973 2.3480000495910645
-0.1260000467300415 -0.17400002479553223 2.4800000190734863
-1.0499999523162842 -0.4440000057220459 2.552000045776367
-0.4620000123977661 -0.6179999709129333 2.3299999237060547
-0.1260000467300415 -0.1380000114440918 2.503999948501587
-0.41999995708465576 -0.5999999642372131 2.3299999237060547
-0.8880000114440918 -0.5999999642372131 2.432000160217285
-0.7739999890327454 -0.6420000195503235 2.384000062942505
-0.8460000157356262 -0.6240000128746033 2.4260001182556152
-0.26999998092651367 -0.49800002574920654 2.3540000915527344
-0.34800004959106445 -0.5699999928474426 2.3540000915527344
-0.6240000128746033 -0.6959999799728394 2.5280001163482666
-0.5999999642372131 -0.6959999799728394 2.5280001163482666
-0.6060000061988831 -0.6959999799728394 2.5220000743865967
-0.6420000195503235 -0.6959999799728394 2.5280001163482666
-0.2940000295639038 -0.5220000147819519 2.3480000495910645
-0.9959999918937683 -0.5220000147819519 2.503999948501587
-0.41999995708465576 -0.5999999642372131 2.3239998817443848
-1.0980000495910645 -0.2879999876022339 2.6540000438690186
-0.8399999737739563 -0.6299999952316284 2.4260001182556152
-0.8999999761581421 -0.5999999642372131 2.450000047683716
-0.972000002861023 -0.5460000038146973 2.4800000190734863
-0.671999990940094 -0.6959999799728394 2.5280001163482666
-0.3240000009536743 -0.5579999685287476 2.3540000915527344
-0.34800004959106445 -0.5699999928474426 2.3420000076293945
-0.12000000476837158 -0.17400002479553223 2.4800000190734863
-0.16199994087219238 -0.34800004959106445 2.3959999084472656
-0.4440000057220459 -0.6179999709129333 2.3299999237060547
-0.7919999957084656 -0.6480000019073486 2.4019999504089355
-0.9959999918937683 -0.527999997138977 2.503999948501587
-0.12000000476837158 -0.17400002479553223 2.4739999771118164
-0.1979999542236328 -0.41999995708465576 2.378000020980835
-0.6959999799728394 -0.6959999799728394 2.5280001163482666
-0.12000000476837158 -0.1499999761581421 2.4800000190734863
-0.2999999523162842 -0.5399999618530273 2.3540000915527344
-0.6959999799728394 -0.6959999799728394 2.5160000324249268
-0.12000000476837158 -0.1979999542236328 2.4619998931884766
-0.1499999761581421 -0.3240000009536743 2.4019999504089355
-0.12000000476837158 -0.12000000476837158 2.503999948501587
-0.24000000953674316 -0.4739999771118164 2.3540000915527344
-0.4500000476837158 -0.6179999709129333 2.317999839782715
-0.12000000476837158 -0.22200000286102295 2.450000047683716
-1.0440000295639038 -0.4739999771118164 2.5280001163482666
-0.11399996280670166 -0.1979999542236328 2.4800000190734863
-0.7199999690055847 -0.6959999799728394 2.5280001163482666
-0.7199999690055847 -0.6959999799728394 2.564000129699707
-0.1679999828338623 -0.37199997901916504 2.384000062942505
-0.26999998092651367 -0.515999972820282 2.3540000915527344
-0.37199997901916504 -0.5879999995231628 2.3299999237060547
-0.8700000047683716 -0.6240000128746033 2.4260001182556152
-1.0080000162124634 -0.5220000147819519 2.498000144958496
-0.8219999670982361 -0.6420000195503235 2.4019999504089355
-0.1380000114440918 -0.2999999523162842 2.4079999923706055
-0.8040000200271606 -0.6420000195503235 2.378000020980835
-0.38999998569488525 -0.5999999642372131 2.3299999237060547
-1.062000036239624 -0.4500000476837158 2.558000087738037
-0.8700000047683716 -0.6240000128746033 2.4200000762939453
-0.9599999785423279 -0.5699999928474426 2.4679999351501465
-0.21000003814697266 -0.4440000057220459 2.3600001335144043
-0.10800004005432129 -0.1979999542236328 2.503999948501587
-0.7319999933242798 -0.6959999799728394 2.5160000324249268
-0.9120000004768372 -0.6060000061988831 2.450000047683716
-0.1499999761581421 -0.34800004959106445 2.4019999504089355
-1.0320000648498535 -0.49800002574920654 2.5160000324249268
-0.3960000276565552 -0.6060000061988831 2.3299999237060547
-0.10800004005432129 -0.17400002479553223 2.503999948501587
-0.11399996280670166 -0.10800004005432129 2.5280001163482666
-0.4259999990463257 -0.6119999885559082 2.312000036239624
-1.0679999589920044 -0.4440000057220459 2.5460000038146973
-0.7979999780654907 -0.6480000019073486 2.378000020980835
-0.12000000476837158 -0.24599993228912354 2.432000160217285
-0.10800004005432129 -0.1499999761581421 2.503999948501587
-0.9240000247955322 -0.5999999642372131 2.450000047683716
-0.7919999957084656 -0.6539999842643738 2.384000062942505
-0.17400002479553223 -0.3960000276565552 2.378000020980835
-0.40199995040893555 -0.6119999885559082 2.3299999237060547
-0.6779999732971191 -0.7080000042915344 2.5820000171661377
-0.10800004005432129 -0.22200000286102295 2.4800000190734863
-0.7919999957084656 -0.6480000019073486 2.366000175476074
-0.24599993228912354 -0.49800002574920654 2.3540000915527344
-0.40799999237060547 -0.6060000061988831 2.312000036239624
-0.75 -0.6959999799728394 2.552000045776367
-0.11399996280670166 -0.24599993228912354 2.450000047683716
-0.9240000247955322 -0.5999999642372131 2.444000005722046
-0.7199999690055847 -0.7020000219345093 2.5820000171661377
-0.75 -0.6959999799728394 2.5280001163482666
-0.10199999809265137 -0.18599998950958252 2.552000045776367
-0.10199999809265137 -0.1979999542236328 2.5280001163482666
-0.17400002479553223 -0.3960000276565552 2.371999979019165
-0.10199999809265137 -0.17400002479553223 2.552000045776367
-0.7260000109672546 -0.7020000219345093 2.5820000171661377
-0.10199999809265137 -0.22200000286102295 2.5280001163482666
-0.10199999809265137 -0.17400002479553223 2.5280001163482666
-0.593999981880188 -0.7139999866485596 2.564000129699707
-0.7559999823570251 -0.6959999799728394 2.5280001163482666
-0.828000009059906 -0.6420000195503235 2.384000062942505
-0.12000000476837158 -0.26999998092651367 2.4260001182556152
-0.9959999918937683 -0.5460000038146973 2.4860000610351562
-0.26999998092651367 -0.5220000147819519 2.3420000076293945
-0.972000002861023 -0.5699999928474426 2.4800000190734863
-0.18599998950958252 -0.41999995708465576 2.366000175476074
-1.0199999809265137 -0.5220000147819519 2.503999948501587
-1.055999994277954 -0.4739999771118164 2.5280001163482666
-1.0740000009536743 -0.4440000057220459 2.552000045776367
-0.10199999809265137 -0.22200000286102295 2.503999948501587
-0.8040000200271606 -0.6420000195503235 2.3540000915527344
-0.9300000071525574 -0.5999999642372131 2.444000005722046
-0.17400002479553223 -0.40799999237060547 2.378000020980835
-0.22200000286102295 -0.4739999771118164 2.3540000915527344
-0.8460000157356262 -0.6420000195503235 2.4019999504089355
-0.37199997901916504 -0.6240000128746033 2.378000020980835
-0.10199999809265137 -0.24599993228912354 2.503999948501587
-0.1979999542236328 -0.4440000057220459 2.3600001335144043
-0.10199999809265137 -0.2580000162124634 2.503999948501587
-1.0799999237060547 -0.437999963760376 2.5759999752044678
-0.24000000953674316 -0.49800002574920654 2.3480000495910645
-1.0019999742507935 -0.5460000038146973 2.4860000610351562
-0.7739999890327454 -0.6959999799728394 2.552000045776367
-0.37800002098083496 -0.6299999952316284 2.378000020980835
-0.24599993228912354 -0.5099999904632568 2.3540000915527344
-0.09599995613098145 -0.1979999542236328 2.558000087738037
-0.09599995613098145 -0.18599998950958252 2.5460000038146973
-0.6179999709129333 -0.7199999690055847 2.5280001163482666
-0.10199999809265137 -0.24599993228912354 2.4800000190734863
-0.09599995613098145 -0.22200000286102295 2.5460000038146973
-0.09599995613098145 -0.22200000286102295 2.552000045776367
-0.5999999642372131 -0.7199999690055847 2.5280001163482666
-0.38999998569488525 -0.6060000061988831 2.312000036239624
-0.6420000195503235 -0.7199999690055847 2.5280001163482666
-0.09599995613098145 -0.1979999542236328 2.5759999752044678
-0.09599995613098145 -0.1679999828338623 2.552000045776367
-0.6240000128746033 -0.7199999690055847 2.5160000324249268
-0.7020000219345093 -0.7139999866485596 2.5280001163482666
-0.09599995613098145 -0.22200000286102295 2.5759999752044678
-0.593999981880188 -0.7199999690055847 2.5160000324249268
-0.09599995613098145 -0.17400002479553223 2.5759999752044678
-0.6539999842643738 -0.7199999690055847 2.5280001163482666
-0.6480000019073486 -0.7199999690055847 2.5160000324249268
-0.7799999713897705 -0.6959999799728394 2.558000087738037
-0.10800004005432129 -0.26999998092651367 2.450000047683716
-0.09599995613098145 -0.156000018119812 2.5280001163482666
-0.09599995613098145 -0.24000000953674316 2.5280001163482666
-0.09599995613098145 -0.24599993228912354 2.552000045776367
-0.8700000047683716 -0.6420000195503235 2.4260001182556152
-0.09599995613098145 -0.1499999761581421 2.5280001163482666
-0.8999999761581421 -0.6240000128746033 2.4260001182556152
-0.3359999656677246 -0.5999999642372131 2.3600001335144043
-0.10199999809265137 -0.26999998092651367 2.4800000190734863
-0.09599995613098145 -0.156000018119812 2.503999948501587
-0.671999990940094 -0.7199999690055847 2.5160000324249268
-1.0320000648498535 -0.5220000147819519 2.5399999618530273
-0.09599995613098145 -0.1499999761581421 2.503999948501587
-0.38399994373321533 -0.5999999642372131 2.3000001907348633
-0.8999999761581421 -0.6240000128746033 2.4200000762939453
-1.0499999523162842 -0.49800002574920654 2.5280001163482666
-0.09599995613098145 -0.26399993896484375 2.5280001163482666
-0.1380000114440918 -0.34800004959106445 2.3899998664855957
-0.12000000476837158 -0.2999999523162842 2.4079999923706055
-0.6899999976158142 -0.7199999690055847 2.5280001163482666
-0.8759999871253967 -0.6420000195503235 2.4260001182556152
-0.28199994564056396 -0.5460000038146973 2.3359999656677246
-0.37199997901916504 -0.6240000128746033 2.3540000915527344
-0.09599995613098145 -0.26999998092651367 2.503999948501587
-0.6959999799728394 -0.7199999690055847 2.5160000324249268
-0.10800004005432129 -0.2999999523162842 2.450000047683716
-0.37199997901916504 -0.5999999642372131 2.305999994277954
-0.9480000138282776 -0.5999999642372131 2.450000047683716
-0.10199999809265137 -0.2940000295639038 2.4800000190734863
-0.09599995613098145 -0.26999998092651367 2.498000144958496
-0.09599995613098145 -0.12000000476837158 2.503999948501587
-1.0199999809265137 -0.5399999618530273 2.503999948501587
-0.8460000157356262 -0.6539999842643738 2.4019999504089355
-0.09599995613098145 -0.10800004005432129 2.5339999198913574
-0.3659999370574951 -0.6119999885559082 2.3299999237060547
-0.7080000042915344 -0.7199999690055847 2.509999990463257
-0.09000003337860107 -0.24599993228912354 2.5759999752044678
-0.09599995613098145 -0.2940000295639038 2.5280001163482666
-0.9120000004768372 -0.6240000128746033 2.4260001182556152
-0.09000003337860107 -0.1979999542236328 2.6059999465942383
-0.3059999942779541 -0.5699999928474426 2.3299999237060547
-0.8460000157356262 -0.6539999842643738 2.3959999084472656
-0.09000003337860107 -0.22200000286102295 2.6059999465942383
-0.14399993419647217 -0.37199997901916504 2.378000020980835
-0.34800004959106445 -0.6060000061988831 2.3359999656677246
-0.22200000286102295 -0.49800002574920654 2.3540000915527344
-0.09000003337860107 -0.26999998092651367 2.552000045776367
-0.75 -0.7139999866485596 2.5280001163482666
-0.34200000762939453 -0.5999999642372131 2.3299999237060547
-0.7739999890327454 -0.7080000042915344 2.552000045776367
-0.37199997901916504 -0.6060000061988831 2.305999994277954
-0.12000000476837158 -0.3240000009536743 2.4019999504089355
-0.09599995613098145 -0.2999999523162842 2.503999948501587
-0.09000003337860107 -0.26999998092651367 2.5759999752044678
-0.10800004005432129 -0.2999999523162842 2.4260001182556152
-0.3240000009536743 -0.5999999642372131 2.3540000915527344
-0.24599993228912354 -0.5220000147819519 2.3420000076293945
-1.0920000076293945 -0.4440000057220459 2.5460000038146973
-0.6179999709129333 -0.7319999933242798 2.5280001163482666
-0.8519999980926514 -0.6480000019073486 2.378000020980835
-0.9959999918937683 -0.5699999928474426 2.4800000190734863
-0.09000003337860107 -0.21599996089935303 2.630000114440918
-0.2999999523162842 -0.5699999928474426 2.3299999237060547
-0.26999998092651367 -0.5460000038146973 2.3359999656677246
-0.1679999828338623 -0.41999995708465576 2.3600001335144043
-0.8700000047683716 -0.6480000019073486 2.4019999504089355
-0.20399999618530273 -0.4739999771118164 2.3480000495910645
-0.7319999933242798 -0.7199999690055847 2.509999990463257
-0.09599995613098145 -0.2999999523162842 2.4800000190734863
-0.9959999918937683 -0.5699999928474426 2.4679999351501465
-0.8759999871253967 -0.6539999842643738 2.432000160217285
-0.9599999785423279 -0.5999999642372131 2.450000047683716
-0.09599995613098145 -0.2999999523162842 2.4739999771118164
-0.22200000286102295 -0.49800002574920654 2.3420000076293945
-0.09000003337860107 -0.2999999523162842 2.552000045776367
-0.1979999542236328 -0.4739999771118164 2.3540000915527344
-0.09599995613098145 -0.3240000009536743 2.503999948501587
-0.9959999918937683 -0.5759999752044678 2.4800000190734863
-0.10800004005432129 -0.3240000009536743 2.4260001182556152
-0.1499999761581421 -0.3960000276565552 2.366000175476074
-1.0980000495910645 -0.4440000057220459 2.552000045776367
-0.08399999141693115 -0.24599993228912354 2.6059999465942383
-0.34800004959106445 -0.6240000128746033 2.3540000915527344
-0.12000000476837158 -0.34800004959106445 2.4019999504089355
-0.10199999809265137 -0.3240000009536743 2.450000047683716
-0.8579999804496765 -0.6539999842643738 2.384000062942505
-0.14399993419647217 -0.3960000276565552 2.378000020980835
-0.8700000047683716 -0.6539999842643738 2.4019999504089355
-0.08399999141693115 -0.1979999542236328 2.630000114440918
-0.7559999823570251 -0.7199999690055847 2.5160000324249268
-0.09599995613098145 -0.3240000009536743 2.4800000190734863
-0.1979999542236328 -0.48000001907348633 2.3540000915527344
-1.0679999589920044 -0.49800002574920654 2.5220000743865967
-0.3240000009536743 -0.5879999995231628 2.312000036239624
-1.0499999523162842 -0.5220000147819519 2.503999948501587
-0.3179999589920044 -0.593999981880188 2.3299999237060547
-0.08399999141693115 -0.26999998092651367 2.6059999465942383
-0.3359999656677246 -0.593999981880188 2.305999994277954
-1.0920000076293945 -0.4620000123977661 2.552000045776367
-0.17400002479553223 -0.4440000057220459 2.3540000915527344
-0.08399999141693115 -0.24599993228912354 2.630000114440918
-0.9480000138282776 -0.6179999709129333 2.450000047683716
-0.12000000476837158 -0.34800004959106445 2.3899998664855957
-0.09000003337860107 -0.3240000009536743 2.5280001163482666
-0.7680000066757202 -0.7199999690055847 2.5280001163482666
-1.0859999656677246 -0.4739999771118164 2.5339999198913574
-1.0320000648498535 -0.5460000038146973 2.492000102996826
-0.08399999141693115 -0.2999999523162842 2.5759999752044678
-0.09599995613098145 -0.3240000009536743 2.4559998512268066
-0.08399999141693115 -0.22200000286102295 2.6540000438690186
-0.08399999141693115 -0.26999998092651367 2.630000114440918
-0.8880000114440918 -0.6480000019073486 2.3959999084472656
-0.3179999589920044 -0.6060000061988831 2.3420000076293945
-1.0740000009536743 -0.49800002574920654 2.5280001163482666
-0.7799999713897705 -0.7199999690055847 2.5460000038146973
-0.7799999713897705 -0.7199999690055847 2.552000045776367
-0.8759999871253967 -0.6539999842643738 2.3899998664855957
-0.09599995613098145 -0.34800004959106445 2.4800000190734863
-0.9419999718666077 -0.6240000128746033 2.432000160217285
-0.07200002670288086 -0.17400002479553223 2.5759999752044678
-0.2999999523162842 -0.5999999642372131 2.3540000915527344
-0.7799999713897705 -0.7199999690055847 2.5759999752044678
-0.08399999141693115 -0.3240000009536743 2.552000045776367
-0.07799994945526123 -0.1260000467300415 2.4800000190734863
-0.09000003337860107 -0.34800004959106445 2.5280001163482666
-1.0740000009536743 -0.5040000081062317 2.5280001163482666
-0.08399999141693115 -0.3240000009536743 2.5759999752044678
-0.2760000228881836 -0.593999981880188 2.378000020980835
-0.07200002670288086 -0.1499999761581421 2.503999948501587
-1.1100000143051147 -0.4440000057220459 2.552000045776367
-0.8999999761581421 -0.6480000019073486 2.4019999504089355
-0.3659999370574951 -0.6480000019073486 2.3540000915527344
-0.07799994945526123 -0.11399996280670166 2.4800000190734863
-0.09000003337860107 -0.34800004959106445 2.503999948501587
-0.10199999809265137 -0.34800004959106445 2.4260001182556152
-0.28199994564056396 -0.5699999928474426 2.317999839782715
-0.09599995613098145 -0.34800004959106445 2.450000047683716
-1.0199999809265137 -0.5699999928474426 2.4800000190734863
-0.07799994945526123 -0.11399996280670166 2.4679999351501465
-0.3240000009536743 -0.6240000128746033 2.3540000915527344
-0.5999999642372131 -0.75 2.552000045776367
-1.0199999809265137 -0.5699999928474426 2.4739999771118164
-0.9240000247955322 -0.6420000195503235 2.4260001182556152
-0.6060000061988831 -0.75 2.564000129699707
-0.07799994945526123 -0.24599993228912354 2.6540000438690186
-0.07799994945526123 -0.2999999523162842 2.6059999465942383
-0.06599998474121094 -0.1679999828338623 2.552000045776367
-0.22200000286102295 -0.5220000147819519 2.3359999656677246
-0.5879999995231628 -0.75 2.5280001163482666
-0.6240000128746033 -0.75 2.509999990463257
-0.26999998092651367 -0.5699999928474426 2.3299999237060547
-0.24599993228912354 -0.5460000038146973 2.3299999237060547
-0.5999999642372131 -0.75 2.509999990463257
-0.12000000476837158 -0.37199997901916504 2.378000020980835
-0.17400002479553223 -0.4679999351501465 2.3540000915527344
-0.6480000019073486 -0.75 2.509999990463257
-0.08399999141693115 -0.34800004959106445 2.552000045776367
-0.09599995613098145 -0.34800004959106445 2.432000160217285
-0.9900000095367432 -0.5999999642372131 2.4559998512268066
-0.3659999370574951 -0.6539999842643738 2.3540000915527344
-0.06599998474121094 -0.18599998950958252 2.6059999465942383
-0.07799994945526123 -0.26999998092651367 2.6540000438690186
-0.08399999141693115 -0.34800004959106445 2.5759999752044678
-1.0139999389648438 -0.5820000171661377 2.4800000190734863
-0.671999990940094 -0.75 2.509999990463257
-0.07799994945526123 -0.2999999523162842 2.630000114440918
-0.2999999523162842 -0.5999999642372131 2.3299999237060547
-1.0499999523162842 -0.5460000038146973 2.503999948501587
-0.07799994945526123 -0.22200000286102295 2.677999973297119
-0.1799999475479126 -0.4739999771118164 2.3420000076293945
-0.07200002670288086 -0.20399999618530273 2.6540000438690186
-0.07200002670288086 -0.10800004005432129 2.4800000190734863
-0.09000003337860107 -0.37199997901916504 2.503999948501587
-0.972000002861023 -0.6179999709129333 2.450000047683716
-0.07799994945526123 -0.3240000009536743 2.6059999465942383
-0.10800004005432129 -0.37199997901916504 2.4019999504089355
-0.07799994945526123 -0.24599993228912354 2.677999973297119
-0.07799994945526123 -0.2879999876022339 2.6540000438690186
-0.7799999713897705 -0.7319999933242798 2.552000045776367
-0.26999998092651367 -0.5699999928474426 2.317999839782715
-0.09599995613098145 -0.37199997901916504 2.450000047683716
-0.6959999799728394 -0.75 2.503999948501587
-0.059999942779541016 -0.16199994087219238 2.5280001163482666
-0.059999942779541016 -0.1799999475479126 2.5820000171661377
-0.3659999370574951 -0.6539999842643738 2.3420000076293945
-0.9179999828338623 -0.6480000019073486 2.4019999504089355
-0.09000003337860107 -0.37199997901916504 2.4800000190734863
-0.8999999761581421 -0.6599999666213989 2.4019999504089355
-0.3539999723434448 -0.6480000019073486 2.3420000076293945
-1.0320000648498535 -0.5699999928474426 2.4800000190734863
-1.0740000009536743 -0.5220000147819519 2.509999990463257
-0.9660000205039978 -0.6240000128746033 2.437999963760376
-0.7680000066757202 -0.7379999756813049 2.5280001163482666
-0.07799994945526123 -0.3240000009536743 2.630000114440918
-0.24599993228912354 -0.5579999685287476 2.3299999237060547
-0.2940000295639038 -0.5879999995231628 2.305999994277954
-0.059999942779541016 -0.156000018119812 2.503999948501587
-0.17400002479553223 -0.4739999771118164 2.3420000076293945
-0.059999942779541016 -0.156000018119812 2.498000144958496
-0.08399999141693115 -0.37199997901916504 2.552000045776367
-0.07200002670288086 -0.21000003814697266 2.677999973297119
-0.08399999141693115 -0.37199997901916504 2.5280001163482666
-1.0019999742507935 -0.5999999642372131 2.4619998931884766
-0.1499999761581421 -0.4440000057220459 2.3540000915527344
-0.7199999690055847 -0.75 2.503999948501587
-0.34800004959106445 -0.6480000019073486 2.3420000076293945
-0.07799994945526123 -0.33000004291534424 2.635999917984009
-0.09599995613098145 -0.37199997901916504 2.4260001182556152
-0.07799994945526123 -0.3179999589920044 2.6540000438690186
-0.07799994945526123 -0.34800004959106445 2.6059999465942383
-0.09599995613098145 -0.37199997901916504 2.4200000762939453
-0.3359999656677246 -0.6480000019073486 2.3540000915527344
-0.2999999523162842 -0.6240000128746033 2.3540000915527344
-0.07799994945526123 -0.3539999723434448 2.6059999465942383
-0.26999998092651367 -0.5999999642372131 2.3540000915527344
-0.12000000476837158 -0.3960000276565552 2.366000175476074
-0.07200002670288086 -0.22800004482269287 2.690000057220459
-0.07200002670288086 -0.3240000009536743 2.624000072479248
-0.07200002670288086 -0.2999999523162842 2.6540000438690186
-1.062000036239624 -0.5460000038146973 2.498000144958496
-0.7860000133514404 -0.7379999756813049 2.5759999752044678
-0.18599998950958252 -0.49800002574920654 2.3359999656677246
-1.0980000495910645 -0.49800002574920654 2.5280001163482666
-0.972000002861023 -0.6299999952316284 2.450000047683716
-0.11399996280670166 -0.3960000276565552 2.378000020980835
-0.07200002670288086 -0.26999998092651367 2.684000015258789
-0.13199996948242188 -0.41999995708465576 2.3540000915527344
-0.09000003337860107 -0.3960000276565552 2.4800000190734863
-0.7440000176429749 -0.75 2.503999948501587
-0.3539999723434448 -0.671999990940094 2.378000020980835
-0.07799994945526123 -0.37199997901916504 2.5759999752044678
-0.07200002670288086 -0.22200000286102295 2.7019999027252197
-0.34800004959106445 -0.6599999666213989 2.3540000915527344
-0.059999942779541016 -0.1260000467300415 2.4619998931884766
-0.9179999828338623 -0.6599999666213989 2.4019999504089355
-1.1159999370574951 -0.4739999771118164 2.5399999618530273
-0.07200002670288086 -0.3240000009536743 2.6480000019073486
-0.14399993419647217 -0.4440000057220459 2.3480000495910645
-0.22200000286102295 -0.5460000038146973 2.3299999237060547
-0.07200002670288086 -0.24599993228912354 2.7019999027252197
-0.07799994945526123 -0.3359999656677246 2.6660001277923584
-0.7559999823570251 -0.75 2.509999990463257
-0.054000020027160645 -0.1979999542236328 2.630000114440918
-0.5999999642372131 -0.7680000066757202 2.552000045776367
-0.054000020027160645 -0.14399993419647217 2.4800000190734863
-0.07200002670288086 -0.3240000009536743 2.6540000438690186
-0.34800004959106445 -0.671999990940094 2.378000020980835
-0.9480000138282776 -0.6480000019073486 2.4260001182556152
-0.07200002670288086 -0.2999999523162842 2.677999973297119
-0.09599995613098145 -0.3960000276565552 2.4260001182556152
-0.08399999141693115 -0.3960000276565552 2.503999948501587
-0.10199999809265137 -0.3960000276565552 2.4019999504089355
-1.1039999723434448 -0.49800002574920654 2.5280001163482666
-0.04799997806549072 -0.16199994087219238 2.5280001163482666
-0.07200002670288086 -0.34800004959106445 2.624000072479248
-0.8040000200271606 -0.7319999933242798 2.630000114440918
-1.121999979019165 -0.4679999351501465 2.552000045776367
-0.09000003337860107 -0.3960000276565552 2.450000047683716
-0.48000001907348633 -0.75 2.6059999465942383
-0.26399993896484375 -0.5820000171661377 2.312000036239624
-0.7979999780654907 -0.7379999756813049 2.6059999465942383
-0.07200002670288086 -0.26999998092651367 2.7019999027252197
-1.1759999990463257 -0.2940000295639038 2.630000114440918
-0.07200002670288086 -0.34800004959106445 2.630000114440918
-0.34800004959106445 -0.6599999666213989 2.3420000076293945
-0.1979999542236328 -0.5220000147819519 2.3299999237060547
-0.14399993419647217 -0.4559999704360962 2.3540000915527344
-1.1460000276565552 -0.41999995708465576 2.5399999618530273
-0.4739999771118164 -0.75 2.5999999046325684
-0.04799997806549072 -0.156000018119812 2.503999948501587
-0.07200002670288086 -0.312000036239624 2.677999973297119
-0.04799997806549072 -0.19200003147125244 2.6059999465942383
-0.9480000138282776 -0.6480000019073486 2.4140000343322754
-1.1699999570846558 -0.34200000762939453 2.6059999465942383
-0.4739999771118164 -0.75 2.6059999465942383
-1.1640000343322754 -0.37199997901916504 2.5759999752044678
-0.07799994945526123 -0.38999998569488525 2.5759999752044678
-0.04799997806549072 -0.156000018119812 2.492000102996826
-0.9300000071525574 -0.6539999842643738 2.3899998664855957
-0.09000003337860107 -0.4140000343322754 2.4800000190734863
-1.1699999570846558 -0.34800004959106445 2.5999999046325684
-0.3240000009536743 -0.6480000019073486 2.3420000076293945
-0.8040000200271606 -0.7379999756813049 2.611999988555908
-0.09599995613098145 -0.3960000276565552 2.4079999923706055
-1.0740000009536743 -0.5460000038146973 2.503999948501587
-0.07799994945526123 -0.3960000276565552 2.552000045776367
-0.28199994564056396 -0.6179999709129333 2.3420000076293945
-0.7799999713897705 -0.75 2.5460000038146973
-0.09599995613098145 -0.41999995708465576 2.450000047683716
-0.10199999809265137 -0.40799999237060547 2.4019999504089355
-0.07799994945526123 -0.3960000276565552 2.5280001163482666
-0.07200002670288086 -0.37199997901916504 2.5999999046325684
-0.9240000247955322 -0.6599999666213989 2.3899998664855957
-0.3059999942779541 -0.6539999842643738 2.384000062942505
-0.04799997806549072 -0.1499999761581421 2.4800000190734863
-1.0980000495910645 -0.515999972820282 2.5280001163482666
-0.04799997806549072 -0.1979999542236328 2.630000114440918
-0.07200002670288086 -0.37199997901916504 2.6059999465942383
-0.6060000061988831 -0.7739999890327454 2.558000087738037
-0.054000020027160645 -0.12000000476837158 2.4559998512268066
-0.07200002670288086 -0.34800004959106445 2.6540000438690186
-0.0419999361038208 -0.1799999475479126 2.564000129699707
-0.07200002670288086 -0.24599993228912354 2.7260000705718994
-0.0419999361038208 -0.18599998950958252 2.5759999752044678
-0.312000036239624 -0.6480000019073486 2.3540000915527344
-0.5879999995231628 -0.7739999890327454 2.5280001163482666
-0.6240000128746033 -0.7739999890327454 2.509999990463257
-0.07799994945526123 -0.40199995040893555 2.552000045776367
-0.9959999918937683 -0.6240000128746033 2.450000047683716
-1.1460000276565552 -0.4320000410079956 2.552000045776367
-0.6480000019073486 -0.7739999890327454 2.509999990463257
-0.07799994945526123 -0.40199995040893555 2.5759999752044678
-0.12000000476837158 -0.41999995708465576 2.3540000915527344
-0.26999998092651367 -0.6179999709129333 2.3540000915527344
-0.5879999995231628 -0.7739999890327454 2.503999948501587
-1.1519999504089355 -0.41999995708465576 2.5399999618530273
-0.9959999918937683 -0.6240000128746033 2.444000005722046
-0.2999999523162842 -0.6420000195503235 2.3540000915527344
-0.07200002670288086 -0.37199997901916504 2.630000114440918
-0.3240000009536743 -0.6539999842643738 2.3420000076293945
-0.671999990940094 -0.7739999890327454 2.509999990463257
-0.09599995613098145 -0.41999995708465576 2.4260001182556152
-0.08399999141693115 -0.41999995708465576 2.503999948501587
-1.0980000495910645 -0.5220000147819519 2.5160000324249268
-0.24599993228912354 -0.5999999642372131 2.3540000915527344
-0.2580000162124634 -0.5999999642372131 2.3299999237060547
-1.0019999742507935 -0.6240000128746033 2.450000047683716
-0.7559999823570251 -0.7619999647140503 2.509999990463257
-0.07200002670288086 -0.3960000276565552 2.5820000171661377
-0.5040000081062317 -0.7619999647140503 2.635999917984009
-1.0740000009536743 -0.5579999685287476 2.503999948501587
-0.03600001335144043 -0.17400002479553223 2.552000045776367
-0.06599998474121094 -0.2999999523162842 2.7019999027252197
-0.6060000061988831 -0.7799999713897705 2.569999933242798
-0.9660000205039978 -0.6480000019073486 2.4200000762939453
-0.6959999799728394 -0.7739999890327454 2.503999948501587
-0.437999963760376 -0.75 2.5999999046325684
-0.1979999542236328 -0.5399999618530273 2.3299999237060547
-0.07200002670288086 -0.37199997901916504 2.6540000438690186
-1.1460000276565552 -0.4440000057220459 2.5759999752044678
-0.437999963760376 -0.75 2.6059999465942383
-0.48000001907348633 -0.7619999647140503 2.6059999465942383
-0.07200002670288086 -0.3960000276565552 2.6059999465942383
-1.1579999923706055 -0.41999995708465576 2.552000045776367
-0.04799997806549072 -0.11399996280670166 2.450000047683716
-0.3240000009536743 -0.6779999732971191 2.3899998664855957
-0.07799994945526123 -0.41999995708465576 2.5280001163482666
-0.5879999995231628 -0.7799999713897705 2.503999948501587
-0.972000002861023 -0.6480000019073486 2.4260001182556152
-0.06599998474121094 -0.26999998092651367 2.7260000705718994
-0.9480000138282776 -0.6660000085830688 2.4260001182556152
-1.1699999570846558 -0.38999998569488525 2.5759999752044678
-0.09599995613098145 -0.41999995708465576 2.4019999504089355
-1.1759999990463257 -0.37199997901916504 2.5820000171661377
-0.671999990940094 -0.7799999713897705 2.503999948501587
-1.1579999923706055 -0.4259999990463257 2.552000045776367
-0.10199999809265137 -0.41999995708465576 2.378000020980835
-0.9959999918937683 -0.6359999775886536 2.450000047683716
-0.7199999690055847 -0.7739999890327454 2.503999948501587
-0.26999998092651367 -0.6240000128746033 2.3420000076293945
-1.1820000410079956 -0.34800004959106445 2.6059999465942383
-0.7799999713897705 -0.7619999647140503 2.5460000038146973
-1.1699999570846558 -0.3960000276565552 2.569999933242798
-1.0679999589920044 -0.5699999928474426 2.4860000610351562
-0.20399999618530273 -0.5460000038146973 2.317999839782715
-0.16199994087219238 -0.49800002574920654 2.3299999237060547
-0.06599998474121094 -0.34800004959106445 2.677999973297119
-0.06599998474121094 -0.3240000009536743 2.7019999027252197
-0.14399993419647217 -0.4739999771118164 2.3359999656677246
-0.12000000476837158 -0.4440000057220459 2.3540000915527344
-0.03600001335144043 -0.20399999618530273 2.630000114440918
-0.3179999589920044 -0.6660000085830688 2.3540000915527344
-0.09599995613098145 -0.41999995708465576 2.3899998664855957
-0.0419999361038208 -0.1260000467300415 2.450000047683716
-0.24000000953674316 -0.6060000061988831 2.3540000915527344
-0.9779999852180481 -0.6480000019073486 2.4260001182556152
-0.7319999933242798 -0.7739999890327454 2.503999948501587
-0.24599993228912354 -0.5999999642372131 2.3299999237060547
-0.5879999995231628 -0.7860000133514404 2.5280001163482666
-0.07200002670288086 -0.41999995708465576 2.5460000038146973
-0.07200002670288086 -0.41999995708465576 2.552000045776367
-0.06599998474121094 -0.2999999523162842 2.7260000705718994
-0.41999995708465576 -0.75 2.6059999465942383
-0.972000002861023 -0.6539999842643738 2.4260001182556152
-0.4679999351501465 -0.7619999647140503 2.630000114440918
-0.12000000476837158 -0.4440000057220459 2.3480000495910645
-0.4919999837875366 -0.7680000066757202 2.630000114440918
-0.07200002670288086 -0.41999995708465576 2.5759999752044678
-0.09000003337860107 -0.4440000057220459 2.450000047683716
-1.1399999856948853 -0.4739999771118164 2.5460000038146973
-0.9480000138282776 -0.6660000085830688 2.4019999504089355
-0.17400002479553223 -0.5220000147819519 2.3299999237060547
-0.06599998474121094 -0.34200000762939453 2.7019999027252197
-0.04799997806549072 -0.22200000286102295 2.7019999027252197
-0.08399999141693115 -0.4440000057220459 2.4800000190734863
-0.09599995613098145 -0.437999963760376 2.4019999504089355
-0.06599998474121094 -0.3960000276565552 2.630000114440918
-0.22800004482269287 -0.5699999928474426 2.3000001907348633
-1.187999963760376 -0.3359999656677246 2.630000114440918
-1.1759999990463257 -0.3960000276565552 2.5759999752044678
-0.06599998474121094 -0.26999998092651367 2.75
-1.2000000476837158 -0.2760000228881836 2.630000114440918
-1.0440000295639038 -0.6060000061988831 2.4800000190734863
-0.06599998474121094 -0.37199997901916504 2.677999973297119
-0.07799994945526123 -0.4440000057220459 2.5280001163482666
-1.0499999523162842 -0.5999999642372131 2.4800000190734863
-0.17400002479553223 -0.527999997138977 2.3299999237060547
-0.07200002670288086 -0.4320000410079956 2.5460000038146973
-1.0980000495910645 -0.5460000038146973 2.503999948501587
-0.023999929428100586 -0.17400002479553223 2.552000045776367
-0.023999929428100586 -0.1799999475479126 2.564000129699707
-0.09000003337860107 -0.4440000057220459 2.4260001182556152
-1.194000005722046 -0.3240000009536743 2.624000072479248
-0.07200002670288086 -0.4320000410079956 2.5759999752044678
-0.07799994945526123 -0.4440000057220459 2.503999948501587
-0.023999929428100586 -0.18599998950958252 2.5759999752044678
-0.437999963760376 -0.7619999647140503 2.6059999465942383
-1.0499999523162842 -0.5999999642372131 2.4679999351501465
-0.06599998474121094 -0.2879999876022339 2.75
-0.023999929428100586 -0.16199994087219238 2.5280001163482666
-0.7680000066757202 -0.7739999890327454 2.5280001163482666
-1.194000005722046 -0.3240000009536743 2.630000114440918
-0.41999995708465576 -0.7559999823570251 2.611999988555908
-1.1460000276565552 -0.4739999771118164 2.552000045776367
-0.2940000295639038 -0.6599999666213989 2.3540000915527344
-0.059999942779541016 -0.24599993228912354 2.75
-0.23399996757507324 -0.5820000171661377 2.3000001907348633
-1.0799999237060547 -0.5699999928474426 2.4860000610351562
-0.06599998474121094 -0.3960000276565552 2.6540000438690186
-0.1499999761581421 -0.49800002574920654 2.3299999237060547
-0.22200000286102295 -0.5699999928474426 2.3000001907348633
-0.07200002670288086 -0.437999963760376 2.552000045776367
-0.03600001335144043 -0.11399996280670166 2.444000005722046
-0.023999929428100586 -0.156000018119812 2.503999948501587
-1.1340000629425049 -0.49800002574920654 2.5339999198913574
-0.8159999847412109 -0.75 2.6600000858306885
-0.06599998474121094 -0.41999995708465576 2.6059999465942383
-0.029999971389770508 -0.21599996089935303 2.6540000438690186
-0.5099999904632568 -0.7739999890327454 2.6660001277923584
-0.7799999713897705 -0.7739999890327454 2.552000045776367
-0.059999942779541016 -0.3179999589920044 2.7260000705718994
-0.07799994945526123 -0.4559999704360962 2.5280001163482666
-1.121999979019165 -0.5220000147819519 2.5280001163482666
-1.121999979019165 -0.5220000147819519 2.5220000743865967
-0.023999929428100586 -0.20399999618530273 2.630000114440918
-0.37800002098083496 -0.7440000176429749 2.611999988555908
-0.023999929428100586 -0.14399993419647217 2.4800000190734863
-0.22200000286102295 -0.6060000061988831 2.3540000915527344
-0.28199994564056396 -0.6660000085830688 2.378000020980835
-0.4620000123977661 -0.7739999890327454 2.611999988555908
-0.5999999642372131 -0.7979999780654907 2.558000087738037
-1.2000000476837158 -0.3240000009536743 2.624000072479248
-0.7860000133514404 -0.7739999890327454 2.5759999752044678
-0.2879999876022339 -0.6539999842643738 2.3359999656677246
-0.06599998474121094 -0.41999995708465576 2.630000114440918
-0.09599995613098145 -0.4440000057220459 2.378000020980835
-1.1759999990463257 -0.41999995708465576 2.569999933242798
-0.6240000128746033 -0.7979999780654907 2.509999990463257
-1.1519999504089355 -0.4739999771118164 2.552000045776367
-0.7680000066757202 -0.7799999713897705 2.5280001163482666
-1.1460000276565552 -0.4859999418258667 2.552000045776367
-0.6480000019073486 -0.7979999780654907 2.503999948501587
-1.0019999742507935 -0.6480000019073486 2.432000160217285
-0.5040000081062317 -0.7799999713897705 2.6540000438690186
-0.2760000228881836 -0.6480000019073486 2.3359999656677246
-1.194000005722046 -0.3659999370574951 2.6059999465942383
-0.029999971389770508 -0.22200000286102295 2.677999973297119
-0.8219999670982361 -0.75 2.677999973297119
-0.8519999980926514 -0.7379999756813049 2.677999973297119
-0.8040000200271606 -0.7680000066757202 2.611999988555908
-1.062000036239624 -0.5999999642372131 2.4739999771118164
-0.03600001335144043 -0.22800004482269287 2.7019999027252197
-0.018000006675720215 -0.156000018119812 2.498000144958496
-0.0419999361038208 -0.22200000286102295 2.7260000705718994
-0.22200000286102295 -0.5820000171661377 2.3000001907348633
-0.023999929428100586 -0.21599996089935303 2.6540000438690186
-0.22200000286102295 -0.5999999642372131 2.3299999237060547
-0.023999929428100586 -0.13199996948242188 2.4559998512268066
-0.09599995613098145 -0.4440000057220459 2.366000175476074
-0.0419999361038208 -0.23399996757507324 2.7260000705718994
-0.06599998474121094 -0.41999995708465576 2.6540000438690186
-0.08399999141693115 -0.4739999771118164 2.4800000190734863
-0.059999942779541016 -0.37199997901916504 2.7019999027252197
-1.1699999570846558 -0.4440000057220459 2.5759999752044678
-0.059999942779541016 -0.34800004959106445 2.7260000705718994
-0.18599998950958252 -0.5759999752044678 2.3540000915527344
-0.1499999761581421 -0.515999972820282 2.3299999237060547
-0.8339999914169312 -0.75 2.671999931335449
-0.029999971389770508 -0.22800004482269287 2.690000057220459
-0.06599998474121094 -0.4320000410079956 2.635999917984009
-1.187999963760376 -0.3960000276565552 2.6059999465942383
-0.1799999475479126 -0.5460000038146973 2.312000036239624
-0.6959999799728394 -0.7979999780654907 2.503999948501587
-0.059999942779541016 -0.3960000276565552 2.677999973297119
-0.023999929428100586 -0.12000000476837158 2.450000047683716
-0.12000000476837158 -0.4739999771118164 2.3359999656677246
-0.04799997806549072 -0.24000000953674316 2.75
-0.24000000953674316 -0.6240000128746033 2.3359999656677246
-1.2059999704360962 -0.3240000009536743 2.630000114440918
-0.06599998474121094 -0.4440000057220459 2.6059999465942383
-0.059999942779541016 -0.3240000009536743 2.75
-0.4440000057220459 -0.7739999890327454 2.630000114440918
-0.7020000219345093 -0.7979999780654907 2.498000144958496
-0.37800002098083496 -0.75 2.630000114440918
-0.07799994945526123 -0.4739999771118164 2.503999948501587
-0.37199997901916504 -0.75 2.611999988555908
-0.22200000286102295 -0.6060000061988831 2.3299999237060547
-0.48000001907348633 -0.7860000133514404 2.618000030517578
-1.1159999370574951 -0.5460000038146973 2.509999990463257
-0.156000018119812 -0.5220000147819519 2.317999839782715
-0.08399999141693115 -0.4739999771118164 2.450000047683716
-1.0980000495910645 -0.5699999928474426 2.503999948501587
-0.26999998092651367 -0.6539999842643738 2.3420000076293945
-0.972000002861023 -0.671999990940094 2.4019999504089355
-0.011999964714050293 -0.1979999542236328 2.6059999465942383
-0.059999942779541016 -0.26999998092651367 2.7799999713897705
-0.38399994373321533 -0.7559999823570251 2.618000030517578
-1.2000000476837158 -0.37199997901916504 2.5940001010894775
-0.26999998092651367 -0.6599999666213989 2.3540000915527344
-0.8399999737739563 -0.75 2.677999973297119
-0.7199999690055847 -0.7979999780654907 2.503999948501587
-0.08399999141693115 -0.4679999351501465 2.4260001182556152
-0.011999964714050293 -0.20399999618530273 2.618000030517578
-1.2120000123977661 -0.2879999876022339 2.6540000438690186
-1.0199999809265137 -0.6480000019073486 2.450000047683716
-0.4440000057220459 -0.7799999713897705 2.611999988555908
-1.0740000009536743 -0.5999999642372131 2.4800000190734863
-0.7260000109672546 -0.7979999780654907 2.498000144958496
-0.059999942779541016 -0.37199997901916504 2.7260000705718994
-0.07200002670288086 -0.4739999771118164 2.552000045776367
-0.1799999475479126 -0.5699999928474426 2.3359999656677246
-0.07200002670288086 -0.4739999771118164 2.5280001163482666
-0.6060000061988831 -0.8100000023841858 2.558000087738037
-0.059999942779541016 -0.3960000276565552 2.7019999027252197
-0.07200002670288086 -0.4739999771118164 2.5160000324249268
-0.1979999542236328 -0.5699999928474426 2.3000001907348633
-0.059999942779541016 -0.34800004959106445 2.75
-0.13199996948242188 -0.49800002574920654 2.3239998817443848
-0.09000003337860107 -0.4739999771118164 2.4019999504089355
-1.0499999523162842 -0.6240000128746033 2.4559998512268066
-0.37199997901916504 -0.7559999823570251 2.611999988555908
-0.059999942779541016 -0.2999999523162842 2.7799999713897705
-0.7440000176429749 -0.7979999780654907 2.503999948501587
-0.25199997425079346 -0.6420000195503235 2.3299999237060547
-1.1399999856948853 -0.5220000147819519 2.5220000743865967
-0.41999995708465576 -0.7739999890327454 2.630000114440918
-0.059999942779541016 -0.41999995708465576 2.677999973297119
-0.26399993896484375 -0.671999990940094 2.378000020980835
-1.0740000009536743 -0.6060000061988831 2.4800000190734863
-0.018000006675720215 -0.12000000476837158 2.432000160217285
-0.7799999713897705 -0.7919999957084656 2.552000045776367
-0.10199999809265137 -0.4739999771118164 2.3540000915527344
-0.07799994945526123 -0.4919999837875366 2.503999948501587
-0.7559999823570251 -0.7979999780654907 2.5160000324249268
-0.972000002861023 -0.6840000152587891 2.4079999923706055
-0.08399999141693115 -0.4919999837875366 2.450000047683716
-0.8460000157356262 -0.75 2.7019999027252197
-1.055999994277954 -0.6240000128746033 2.4559998512268066
-1.2000000476837158 -0.3960000276565552 2.6059999465942383
-1.1579999923706055 -0.49800002574920654 2.5399999618530273
-0.06599998474121094 -0.4739999771118164 2.5759999752044678
-0.04799997806549072 -0.24599993228912354 2.7799999713897705
-0.9959999918937683 -0.671999990940094 2.4260001182556152
-0.7860000133514404 -0.7919999957084656 2.5759999752044678
-1.194000005722046 -0.41999995708465576 2.5759999752044678
-1.194000005722046 -0.4140000343322754 2.6059999465942383
-0.17400002479553223 -0.5699999928474426 2.3299999237060547
-1.2300000190734863 -0.2580000162124634 2.611999988555908
0.0 -0.17400002479553223 2.552000045776367
-0.1979999542236328 -0.5759999752044678 2.2940001487731934
-1.2239999771118164 -0.26999998092651367 2.6480000019073486
0.0 -0.18599998950958252 2.5759999752044678
-0.09000003337860107 -0.4739999771118164 2.378000020980835
-0.09599995613098145 -0.4739999771118164 2.3600001335144043
-0.19200003147125244 -0.5699999928474426 2.2940001487731934
-0.059999942779541016 -0.4440000057220459 2.6540000438690186
-0.34800004959106445 -0.75 2.624000072479248
-0.9900000095367432 -0.671999990940094 2.4019999504089355
-1.1460000276565552 -0.5220000147819519 2.5280001163482666
-1.2120000123977661 -0.3539999723434448 2.630000114440918
-0.1979999542236328 -0.5820000171661377 2.3000001907348633
-0.7739999890327454 -0.7979999780654907 2.552000045776367
-0.06599998474121094 -0.4739999771118164 2.6059999465942383
-0.4859999418258667 -0.7979999780654907 2.630000114440918
-0.12000000476837158 -0.49800002574920654 2.3299999237060547
-0.1979999542236328 -0.5999999642372131 2.3299999237060547
-0.059999942779541016 -0.41999995708465576 2.7019999027252197
-0.8999999761581421 -0.7319999933242798 2.690000057220459
0.0 -0.156000018119812 2.503999948501587
-0.24599993228912354 -0.6660000085830688 2.378000020980835
-0.07799994945526123 -0.49800002574920654 2.4800000190734863
-1.2300000190734863 -0.26399993896484375 2.630000114440918
-0.49800002574920654 -0.7979999780654907 2.6540000438690186
-1.2000000476837158 -0.40799999237060547 2.6059999465942383
-0.8040000200271606 -0.7860000133514404 2.624000072479248
-1.2059999704360962 -0.3960000276565552 2.5880000591278076
-0.4679999351501465 -0.7979999780654907 2.611999988555908
-0.011999964714050293 -0.22800004482269287 2.684000015258789
-0.12000000476837158 -0.49800002574920654 2.3239998817443848
-1.194000005722046 -0.4259999990463257 2.6059999465942383
-0.34200000762939453 -0.75 2.630000114440918
-0.24599993228912354 -0.6539999842643738 2.3420000076293945
-0.4500000476837158 -0.7919999957084656 2.630000114440918
-0.3960000276565552 -0.7739999890327454 2.630000114440918
-0.07200002670288086 -0.49800002574920654 2.5280001163482666
-0.34800004959106445 -0.7559999823570251 2.611999988555908
-0.054000020027160645 -0.3240000009536743 2.7799999713897705
-0.7979999780654907 -0.7919999957084656 2.6059999465942383
0.0 -0.20399999618530273 2.630000114440918
-0.059999942779541016 -0.4440000057220459 2.677999973297119
-0.09000003337860107 -0.49800002574920654 2.4019999504089355
-0.08399999141693115 -0.49800002574920654 2.4260001182556152
-1.2179999351501465 -0.34800004959106445 2.630000114440918
-0.054000020027160645 -0.3960000276565552 2.7260000705718994
-0.5999999642372131 -0.8219999670982361 2.552000045776367
-1.1399999856948853 -0.5399999618530273 2.5280001163482666
-0.054000020027160645 -0.26999998092651367 2.803999900817871
0.006000041961669922 -0.1799999475479126 2.558000087738037
-0.07200002670288086 -0.49800002574920654 2.503999948501587
-0.054000020027160645 -0.37199997901916504 2.75
-0.593999981880188 -0.8219999670982361 2.5339999198913574
-0.5040000081062317 -0.7979999780654907 2.677999973297119
-0.6240000128746033 -0.8219999670982361 2.509999990463257
0.006000041961669922 -0.21599996089935303 2.5820000171661377
-0.41999995708465576 -0.7860000133514404 2.624000072479248
-1.2300000190734863 -0.26999998092651367 2.6540000438690186
-1.2059999704360962 -0.3960000276565552 2.630000114440918
-0.6480000019073486 -0.8219999670982361 2.503999948501587
-0.5879999995231628 -0.8219999670982361 2.503999948501587
-0.16199994087219238 -0.5820000171661377 2.3540000915527344
-0.8219999670982361 -0.7739999890327454 2.684000015258789
-0.8700000047683716 -0.75 2.7019999027252197
-0.011999964714050293 -0.23399996757507324 2.7019999027252197
-1.194000005722046 -0.4440000057220459 2.569999933242798
-0.24000000953674316 -0.6599999666213989 2.3540000915527344
-1.194000005722046 -0.4440000057220459 2.5759999752044678
-0.7799999713897705 -0.8040000200271606 2.552000045776367
-0.9900000095367432 -0.6840000152587891 2.4079999923706055
-0.10199999809265137 -0.5220000147819519 2.3959999084472656
0.0 -0.21599996089935303 2.6540000438690186
-0.671999990940094 -0.8219999670982361 2.503999948501587
-0.018000006675720215 -0.24000000953674316 2.7260000705718994
-1.121999979019165 -0.5699999928474426 2.503999948501587
0.006000041961669922 -0.20399999618530273 2.618000030517578
-0.059999942779541016 -0.4739999771118164 2.630000114440918
-1.121999979019165 -0.5699999928474426 2.498000144958496
-0.8579999804496765 -0.75 2.7260000705718994
-1.1699999570846558 -0.49800002574920654 2.552000045776367
-0.06599998474121094 -0.49800002574920654 2.552000045776367
-1.2239999771118164 -0.34800004959106445 2.618000030517578
-0.054000020027160645 -0.2999999523162842 2.803999900817871
-0.156000018119812 -0.5460000038146973 2.3000001907348633
-0.054000020027160645 -0.34800004959106445 2.7799999713897705
-1.0199999809265137 -0.671999990940094 2.450000047683716
-0.06599998474121094 -0.49800002574920654 2.5759999752044678
-1.0139999389648438 -0.671999990940094 2.4260001182556152
-0.8460000157356262 -0.75 2.74399995803833
-0.17400002479553223 -0.5699999928474426 2.3000001907348633
0.006000041961669922 -0.1499999761581421 2.4800000190734863
-1.0980000495910645 -0.5999999642372131 2.4800000190734863
-0.03600001335144043 -0.25199997425079346 2.7799999713897705
-0.09000003337860107 -0.49800002574920654 2.378000020980835
0.0 -0.12000000476837158 2.450000047683716
-0.6959999799728394 -0.8219999670982361 2.503999948501587
-0.3240000009536743 -0.75 2.624000072479248
-0.5999999642372131 -0.828000009059906 2.552000045776367
-0.4440000057220459 -0.7979999780654907 2.630000114440918
0.011999964714050293 -0.21000003814697266 2.564000129699707
-0.5220000147819519 -0.7979999780654907 2.7139999866485596
-0.8100000023841858 -0.7919999957084656 2.635999917984009
-0.8460000157356262 -0.75 2.75
-1.0499999523162842 -0.6480000019073486 2.450000047683716
-0.527999997138977 -0.7979999780654907 2.7200000286102295
-1.0019999742507935 -0.6779999732971191 2.4019999504089355
-0.054000020027160645 -0.3960000276565552 2.75
-0.023999929428100586 -0.24599993228912354 2.75600004196167
-1.194000005722046 -0.4559999704360962 2.5759999752044678
-0.09599995613098145 -0.49800002574920654 2.3540000915527344
-0.37199997901916504 -0.7739999890327454 2.630000114440918
-1.0499999523162842 -0.6480000019073486 2.444000005722046
-0.4739999771118164 -0.8100000023841858 2.611999988555908
-0.054000020027160645 -0.41999995708465576 2.7260000705718994
-0.8219999670982361 -0.7860000133514404 2.6600000858306885
-0.527999997138977 -0.7979999780654907 2.7260000705718994
-0.054000020027160645 -0.3240000009536743 2.803999900817871
-0.1499999761581421 -0.5460000038146973 2.3000001907348633
-0.029999971389770508 -0.25199997425079346 2.7739999294281006
-1.128000020980835 -0.5699999928474426 2.498000144958496
-1.1460000276565552 -0.5460000038146973 2.5160000324249268
-0.07799994945526123 -0.5220000147819519 2.4800000190734863
-0.054000020027160645 -0.3659999370574951 2.7799999713897705
-0.8519999980926514 -0.75 2.75
-1.2239999771118164 -0.37199997901916504 2.6059999465942383
-1.187999963760376 -0.4739999771118164 2.552000045776367
-0.8460000157356262 -0.7739999890327454 2.677999973297119
-0.22800004482269287 -0.6480000019073486 2.3299999237060547
-0.5999999642372131 -0.7680000066757202 2.822000026702881
-0.7199999690055847 -0.8219999670982361 2.503999948501587
-1.2360000610351562 -0.2999999523162842 2.6419999599456787
-0.22200000286102295 -0.6539999842643738 2.3540000915527344
-0.09599995613098145 -0.49800002574920654 2.3480000495910645
-0.3179999589920044 -0.75 2.630000114440918
-0.1260000467300415 -0.5220000147819519 2.312000036239624
-0.906000018119812 -0.7440000176429749 2.690000057220459
-0.06599998474121094 -0.4679999351501465 2.7019999027252197
-0.4440000057220459 -0.8040000200271606 2.618000030517578
-1.0080000162124634 -0.6840000152587891 2.4260001182556152
-0.828000009059906 -0.7860000133514404 2.6600000858306885
-0.054000020027160645 -0.4440000057220459 2.7019999027252197
-1.2120000123977661 -0.41999995708465576 2.5759999752044678
-0.22200000286102295 -0.6420000195503235 2.3239998817443848
-0.07200002670288086 -0.5220000147819519 2.5280001163482666
0.0 -0.22800004482269287 2.690000057220459
-0.8759999871253967 -0.75 2.7260000705718994
-1.0440000295639038 -0.6599999666213989 2.450000047683716
-0.07200002670288086 -0.515999972820282 2.4739999771118164
-0.08399999141693115 -0.5220000147819519 2.4260001182556152
-1.055999994277954 -0.6480000019073486 2.444000005722046
-0.07200002670288086 -0.5220000147819519 2.503999948501587
-0.059999942779541016 -0.4919999837875366 2.630000114440918
0.006000041961669922 -0.1260000467300415 2.444000005722046
-0.059999942779541016 -0.49800002574920654 2.6059999465942383
-0.059999942779541016 -0.3960000276565552 2.7799999713897705
-0.17400002479553223 -0.5999999642372131 2.3299999237060547
-0.527999997138977 -0.8040000200271606 2.7200000286102295
-0.054000020027160645 -0.2879999876022339 2.828000068664551
-0.07799994945526123 -0.5220000147819519 2.450000047683716
-0.1679999828338623 -0.5759999752044678 2.3000001907348633
-0.054000020027160645 -0.4739999771118164 2.6540000438690186
-0.22200000286102295 -0.6480000019073486 2.3299999237060547
-0.22200000286102295 -0.6539999842643738 2.3420000076293945
-0.054000020027160645 -0.4140000343322754 2.75
-1.2120000123977661 -0.4140000343322754 2.630000114440918
-0.07200002670288086 -0.5220000147819519 2.4860000610351562
-0.5460000038146973 -0.7979999780654907 2.75
-0.8579999804496765 -0.7680000066757202 2.7019999027252197
-1.0199999809265137 -0.671999990940094 2.4019999504089355
-0.054000020027160645 -0.34800004959106445 2.803999900817871
0.0 -0.22800004482269287 2.7019999027252197
-0.12000000476837158 -0.5220000147819519 2.312000036239624
-0.6119999885559082 -0.7680000066757202 2.8340001106262207
-0.49800002574920654 -0.8159999847412109 2.6540000438690186
-0.054000020027160645 -0.437999963760376 2.7260000705718994
-0.8460000157356262 -0.7739999890327454 2.7019999027252197
-0.75 -0.8219999670982361 2.503999948501587
-0.8999999761581421 -0.75 2.7019999027252197
-0.1679999828338623 -0.5759999752044678 2.2940001487731934
-0.9120000004768372 -0.7440000176429749 2.7019999027252197
-0.1979999542236328 -0.6480000019073486 2.371999979019165
-0.8460000157356262 -0.7680000066757202 2.7260000705718994
-0.04799997806549072 -0.26999998092651367 2.828000068664551
-1.2360000610351562 -0.34800004959106445 2.618000030517578
-0.06599998474121094 -0.5220000147819519 2.552000045776367
-0.7559999823570251 -0.8219999670982361 2.509999990463257
-1.1699999570846558 -0.5220000147819519 2.5280001163482666
-0.08399999141693115 -0.5220000147819519 2.4019999504089355
-0.054000020027160645 -0.36000001430511475 2.803999900817871
0.018000006675720215 -0.16199994087219238 2.4739999771118164
-0.5099999904632568 -0.8159999847412109 2.677999973297119
-0.40799999237060547 -0.7979999780654907 2.630000114440918
0.011999964714050293 -0.1260000467300415 2.450000047683716
-0.04799997806549072 -0.2999999523162842 2.822000026702881
-0.5999999642372131 -0.7739999890327454 2.828000068664551
-0.054000020027160645 -0.4739999771118164 2.677999973297119
-0.34800004959106445 -0.7739999890327454 2.630000114440918
-0.011999964714050293 -0.25199997425079346 2.75
-0.2999999523162842 -0.75 2.624000072479248
-0.09000003337860107 -0.5220000147819519 2.378000020980835
-0.054000020027160645 -0.3179999589920044 2.828000068664551
-0.7680000066757202 -0.8219999670982361 2.5339999198913574
-1.0920000076293945 -0.6240000128746033 2.4679999351501465
-0.059999942779541016 -0.5099999904632568 2.6059999465942383
-1.1399999856948853 -0.5699999928474426 2.503999948501587
-0.8700000047683716 -0.7739999890327454 2.677999973297119
-0.5879999995231628 -0.8399999737739563 2.5280001163482666
0.024000048637390137 -0.1679999828338623 2.5280001163482666
-0.04799997806549072 -0.3960000276565552 2.7680001258850098
-0.48000001907348633 -0.8219999670982361 2.618000030517578
-0.4859999418258667 -0.8219999670982361 2.630000114440918
-1.2120000123977661 -0.4440000057220459 2.569999933242798
0.024000048637390137 -0.1799999475479126 2.503999948501587
-0.18599998950958252 -0.6240000128746033 2.3299999237060547
-0.04799997806549072 -0.2999999523162842 2.828000068664551
-0.8579999804496765 -0.7680000066757202 2.7260000705718994
-0.1380000114440918 -0.5460000038146973 2.2940001487731934
-0.054000020027160645 -0.33000004291534424 2.828000068664551
-1.2360000610351562 -0.36000001430511475 2.630000114440918
-0.5040000081062317 -0.8219999670982361 2.6600000858306885
-0.6420000195503235 -0.7680000066757202 2.8459999561309814
-0.059999942779541016 -0.4140000343322754 2.7860000133514404
-0.8759999871253967 -0.7739999890327454 2.677999973297119
0.024000048637390137 -0.19200003147125244 2.6059999465942383
-0.04799997806549072 -0.3059999942779541 2.828000068664551
-1.0980000495910645 -0.6240000128746033 2.4800000190734863
0.024000048637390137 -0.17400002479553223 2.4860000610351562
-0.006000041961669922 -0.25199997425079346 2.74399995803833
-0.029999971389770508 -0.26399993896484375 2.803999900817871
-0.2940000295639038 -0.75 2.630000114440918
-0.156000018119812 -0.5640000104904175 2.2820000648498535
-0.059999942779541016 -0.5220000147819519 2.5759999752044678
-1.0260000228881836 -0.6779999732971191 2.4019999504089355
-0.10199999809265137 -0.5220000147819519 2.3299999237060547
-0.1499999761581421 -0.5699999928474426 2.3000001907348633
-1.1699999570846558 -0.5339999794960022 2.5280001163482666
-0.5519999861717224 -0.8040000200271606 2.76200008392334
-0.7860000133514404 -0.8219999670982361 2.5759999752044678
-1.187999963760376 -0.5040000081062317 2.552000045776367
-0.04799997806549072 -0.3960000276565552 2.7799999713897705
-0.1979999542236328 -0.6539999842643738 2.3600001335144043
-1.2480000257492065 -0.2999999523162842 2.6540000438690186
-0.6420000195503235 -0.7680000066757202 2.8519999980926514
-1.121999979019165 -0.5999999642372131 2.4860000610351562
-1.0740000009536743 -0.6480000019073486 2.450000047683716
-0.054000020027160645 -0.49800002574920654 2.6540000438690186
-0.04799997806549072 -0.4440000057220459 2.7320001125335693
-1.0499999523162842 -0.6660000085830688 2.4260001182556152
-0.906000018119812 -0.75 2.7260000705718994
-1.253999948501587 -0.26999998092651367 2.6480000019073486
0.029999971389770508 -0.17400002479553223 2.552000045776367
-0.09000003337860107 -0.5220000147819519 2.3540000915527344
-0.04799997806549072 -0.41999995708465576 2.76200008392334
-1.2480000257492065 -0.3240000009536743 2.635999917984009
0.029999971389770508 -0.18599998950958252 2.5759999752044678
-1.2179999351501465 -0.41999995708465576 2.6540000438690186
0.029999971389770508 -0.18599998950958252 2.509999990463257
-1.2480000257492065 -0.312000036239624 2.6540000438690186
-0.6240000128746033 -0.8460000157356262 2.503999948501587
-1.194000005722046 -0.49800002574920654 2.5460000038146973
-0.38399994373321533 -0.7979999780654907 2.630000114440918
-1.194000005722046 -0.49800002574920654 2.552000045776367
-0.07799994945526123 -0.5460000038146973 2.450000047683716
-0.8999999761581421 -0.7619999647140503 2.7019999027252197
-0.5999999642372131 -0.8460000157356262 2.503999948501587
-1.2059999704360962 -0.4739999771118164 2.558000087738037
-0.8460000157356262 -0.7860000133514404 2.7019999027252197
-0.059999942779541016 -0.3539999723434448 2.8399999141693115
0.018000006675720215 -0.22200000286102295 2.677999973297119
-0.6480000019073486 -0.8460000157356262 2.503999948501587
-0.8040000200271606 -0.8159999847412109 2.624000072479248
-0.6420000195503235 -0.8460000157356262 2.498000144958496
0.029999971389770508 -0.156000018119812 2.503999948501587
0.029999971389770508 -0.19200003147125244 2.6059999465942383
-0.07200002670288086 -0.5460000038146973 2.4800000190734863
-1.2419999837875366 -0.37199997901916504 2.611999988555908
-0.515999972820282 -0.8219999670982361 2.7019999027252197
-0.09599995613098145 -0.5220000147819519 2.3299999237060547
-0.6660000085830688 -0.8460000157356262 2.498000144958496
-0.8579999804496765 -0.7799999713897705 2.7139999866485596
-0.059999942779541016 -0.4140000343322754 2.803999900817871
-0.671999990940094 -0.8460000157356262 2.503999948501587
-0.04799997806549072 -0.37199997901916504 2.809999942779541
-1.0799999237060547 -0.6480000019073486 2.450000047683716
-0.3240000009536743 -0.7739999890327454 2.630000114440918
-0.17400002479553223 -0.6240000128746033 2.3299999237060547
-0.6240000128746033 -0.7739999890327454 2.8519999980926514
-0.36000001430511475 -0.7919999957084656 2.624000072479248
-0.054000020027160645 -0.49800002574920654 2.677999973297119
-0.5999999642372131 -0.7860000133514404 2.828000068664551
-0.06599998474121094 -0.5460000038146973 2.5280001163482666
-0.7979999780654907 -0.8219999670982361 2.611999988555908
-0.011999964714050293 -0.26399993896484375 2.7799999713897705
-1.2480000257492065 -0.34800004959106445 2.630000114440918
-1.1699999570846558 -0.5460000038146973 2.5160000324249268
-0.4440000057220459 -0.8219999670982361 2.630000114440918
-0.04799997806549072 -0.4859999418258667 2.684000015258789
-1.0440000295639038 -0.671999990940094 2.4019999504089355
-0.04799997806549072 -0.34800004959106445 2.828000068664551
-0.3179999589920044 -0.7739999890327454 2.618000030517578
0.018000006675720215 -0.10800004005432129 2.4260001182556152
0.029999971389770508 -0.20399999618530273 2.630000114440918
-0.08399999141693115 -0.5460000038146973 2.4019999504089355
-0.04799997806549072 -0.4440000057220459 2.75
-0.1260000467300415 -0.5699999928474426 2.3299999237060547
-0.07799994945526123 -0.5460000038146973 2.4260001182556152
-0.1499999761581421 -0.5999999642372131 2.3299999237060547
-0.07200002670288086 -0.5460000038146973 2.4559998512268066
-0.06599998474121094 -0.5460000038146973 2.503999948501587
-0.37199997901916504 -0.7979999780654907 2.630000114440918
-0.054000020027160645 -0.3240000009536743 2.8519999980926514
-0.6959999799728394 -0.8460000157356262 2.503999948501587
0.03600001335144043 -0.1799999475479126 2.558000087738037
-0.1979999542236328 -0.6420000195503235 2.312000036239624
-1.2239999771118164 -0.4440000057220459 2.5759999752044678
-0.04799997806549072 -0.2999999523162842 2.8519999980926514
-0.04799997806549072 -0.41999995708465576 2.7799999713897705
-1.2599999904632568 -0.26999998092651367 2.6540000438690186
-0.054000020027160645 -0.5040000081062317 2.677999973297119
-0.28199994564056396 -0.75 2.6540000438690186
-0.04799997806549072 -0.4739999771118164 2.7139999866485596
0.03600001335144043 -0.21599996089935303 2.5820000171661377
-0.8460000157356262 -0.7979999780654907 2.677999973297119
-0.12000000476837158 -0.5460000038146973 2.3000001907348633
0.029999971389770508 -0.156000018119812 2.4559998512268066
-0.5999999642372131 -0.7979999780654907 2.809999942779541
-0.054000020027160645 -0.5220000147819519 2.630000114440918
-0.07799994945526123 -0.5579999685287476 2.450000047683716
-0.12000000476837158 -0.5699999928474426 2.3359999656677246
-0.5040000081062317 -0.8339999914169312 2.6600000858306885
-0.19200003147125244 -0.6480000019073486 2.3299999237060547
-0.04799997806549072 -0.3960000276565552 2.803999900817871
-1.2419999837875366 -0.3960000276565552 2.5940001010894775
-0.5220000147819519 -0.8219999670982361 2.7260000705718994
-0.8579999804496765 -0.7739999890327454 2.75
-0.8040000200271606 -0.8219999670982361 2.630000114440918
0.029999971389770508 -0.21599996089935303 2.6540000438690186
0.03600001335144043 -0.17400002479553223 2.4860000610351562
-0.527999997138977 -0.8219999670982361 2.7320001125335693
-0.7199999690055847 -0.8460000157356262 2.503999948501587
-0.12000000476837158 -0.5759999752044678 2.3420000076293945
-0.059999942779541016 -0.5460000038146973 2.552000045776367
-1.2360000610351562 -0.41999995708465576 2.5820000171661377
-0.12000000476837158 -0.5460000038146973 2.2940001487731934
-0.7199999690055847 -0.8460000157356262 2.498000144958496
-1.1460000276565552 -0.5879999995231628 2.503999948501587
-0.1260000467300415 -0.6060000061988831 2.3899998664855957
-0.6119999885559082 -0.7979999780654907 2.815999984741211
-1.2599999904632568 -0.2999999523162842 2.6480000019073486
-0.059999942779541016 -0.5460000038146973 2.5759999752044678
-0.04799997806549072 -0.4739999771118164 2.7260000705718994
-0.26999998092651367 -0.75 2.635999917984009
-1.055999994277954 -0.671999990940094 2.4140000343322754
-1.253999948501587 -0.34800004959106445 2.630000114440918
0.03600001335144043 -0.1499999761581421 2.4800000190734863
0.011999964714050293 -0.25199997425079346 2.7320001125335693
-0.04799997806549072 -0.3240000009536743 2.8519999980926514
-0.08399999141693115 -0.5460000038146973 2.378000020980835
-0.04799997806549072 -0.37199997901916504 2.828000068664551
-0.054000020027160645 -0.5220000147819519 2.6540000438690186
-0.41999995708465576 -0.8219999670982361 2.630000114440918
-0.6060000061988831 -0.8579999804496765 2.552000045776367
0.04200005531311035 -0.20399999618530273 2.558000087738037
-1.0740000009536743 -0.6660000085830688 2.450000047683716
-0.09000003337860107 -0.5460000038146973 2.3540000915527344
-0.04799997806549072 -0.37800002098083496 2.828000068664551
-1.194000005722046 -0.5220000147819519 2.5339999198913574
-1.0499999523162842 -0.6840000152587891 2.4260001182556152
-0.906000018119812 -0.7739999890327454 2.696000099182129
-1.2480000257492065 -0.38999998569488525 2.6059999465942383
-0.023999929428100586 -0.26999998092651367 2.828000068664551
-0.12000000476837158 -0.5999999642372131 2.378000020980835
-1.2239999771118164 -0.4620000123977661 2.5759999752044678
0.029999971389770508 -0.22200000286102295 2.677999973297119
-0.8700000047683716 -0.7979999780654907 2.6660001277923584
-0.8640000224113464 -0.7979999780654907 2.677999973297119
-0.5339999794960022 -0.8219999670982361 2.75
-0.7440000176429749 -0.8460000157356262 2.498000144958496
-0.9120000004768372 -0.7799999713897705 2.6600000858306885
-0.49800002574920654 -0.8399999737739563 2.6540000438690186
-1.1640000343322754 -0.5699999928474426 2.503999948501587
0.029999971389770508 -0.10199999809265137 2.450000047683716
-0.011999964714050293 -0.26999998092651367 2.803999900817871
-0.75 -0.8460000157356262 2.503999948501587
-0.04799997806549072 -0.49800002574920654 2.7019999027252197
-0.1260000467300415 -0.6240000128746033 2.4200000762939453
-0.13199996948242188 -0.5759999752044678 2.3000001907348633
-0.6060000061988831 -0.7979999780654907 2.828000068664551
-1.121999979019165 -0.6240000128746033 2.4800000190734863
-0.34800004959106445 -0.7979999780654907 2.630000114440918
-0.2999999523162842 -0.7739999890327454 2.630000114440918
-0.12000000476837158 -0.6119999885559082 2.4019999504089355
-0.04799997806549072 -0.4440000057220459 2.7799999713897705
-0.8159999847412109 -0.8219999670982361 2.6540000438690186
-0.054000020027160645 -0.3960000276565552 2.8340001106262207
-0.09599995613098145 -0.5460000038146973 2.3299999237060547
-0.5579999685287476 -0.8159999847412109 2.7799999713897705
-0.1260000467300415 -0.5999999642372131 2.3540000915527344
0.03600001335144043 -0.1380000114440918 2.450000047683716
-0.7559999823570251 -0.8460000157356262 2.503999948501587
-0.04799997806549072 -0.41999995708465576 2.803999900817871
-0.07200002670288086 -0.5699999928474426 2.4800000190734863
-0.8399999737739563 -0.8040000200271606 2.7019999027252197
-0.04799997806549072 -0.34800004959106445 2.8519999980926514
-0.6420000195503235 -0.7739999890327454 2.875999927520752
-0.5099999904632568 -0.8399999737739563 2.677999973297119
-0.7860000133514404 -0.8399999737739563 2.5759999752044678
-0.09599995613098145 -0.5399999618530273 2.317999839782715
-1.0679999589920044 -0.671999990940094 2.4260001182556152
-0.26399993896484375 -0.75 2.6540000438690186
0.04200005531311035 -0.20399999618530273 2.624000072479248
-0.17400002479553223 -0.6539999842643738 2.3540000915527344
-0.054000020027160645 -0.5399999618530273 2.630000114440918
-0.34200000762939453 -0.7979999780654907 2.624000072479248
-0.07200002670288086 -0.5640000104904175 2.444000005722046
-0.9120000004768372 -0.7739999890327454 2.7019999027252197
-0.6060000061988831 -0.8159999847412109 2.7920000553131104
-0.04799997806549072 -0.4739999771118164 2.75
-0.7680000066757202 -0.8460000157356262 2.5280001163482666
-0.054000020027160645 -0.5460000038146973 2.6059999465942383
-0.13199996948242188 -0.5640000104904175 2.2760000228881836
-0.6299999952316284 -0.7979999780654907 2.8340001106262207
-1.2360000610351562 -0.4440000057220459 2.5759999752044678
-0.04799997806549072 -0.4919999837875366 2.7260000705718994
-0.054000020027160645 -0.5339999794960022 2.6600000858306885
-1.1460000276565552 -0.5999999642372131 2.4860000610351562
-0.48000001907348633 -0.8460000157356262 2.618000030517578
-0.08399999141693115 -0.5699999928474426 2.4019999504089355
-0.07799994945526123 -0.5699999928474426 2.4260001182556152
-0.4859999418258667 -0.8460000157356262 2.630000114440918
0.04799997806549072 -0.1679999828338623 2.5280001163482666
-0.04799997806549072 -0.36000001430511475 2.8519999980926514
-0.06599998474121094 -0.5699999928474426 2.503999948501587
-1.2660000324249268 -0.3240000009536743 2.6419999599456787
-0.3240000009536743 -0.7919999957084656 2.624000072479248
-0.09000003337860107 -0.5699999928474426 2.378000020980835
0.029999971389770508 -0.23399996757507324 2.7019999027252197
-0.8819999694824219 -0.7979999780654907 2.671999931335449
-0.059999942779541016 -0.5640000104904175 2.5280001163482666
-0.07200002670288086 -0.5699999928474426 2.450000047683716
-0.7919999957084656 -0.8399999737739563 2.6059999465942383
-0.054000020027160645 -0.4259999990463257 2.822000026702881
-0.17400002479553223 -0.6480000019073486 2.3299999237060547
-0.7799999713897705 -0.8460000157356262 2.558000087738037
-1.187999963760376 -0.5460000038146973 2.5280001163482666
-0.12000000476837158 -0.5999999642372131 2.3540000915527344
-0.828000009059906 -0.8219999670982361 2.6600000858306885
-1.253999948501587 -0.3960000276565552 2.5999999046325684
0.024000048637390137 -0.24599993228912354 2.7260000705718994
-1.187999963760376 -0.5460000038146973 2.5160000324249268
-0.1499999761581421 -0.6240000128746033 2.3299999237060547
-0.9179999828338623 -0.7680000066757202 2.7260000705718994
-0.8640000224113464 -0.7919999957084656 2.7320001125335693
-0.8219999670982361 -0.8219999670982361 2.677999973297119
-0.4620000123977661 -0.8460000157356262 2.611999988555908
-0.671999990940094 -0.8640000224113464 2.498000144958496
-0.04799997806549072 -0.5220000147819519 2.684000015258789
0.03600001335144043 -0.11399996280670166 2.4260001182556152
0.006000041961669922 -0.26999998092651367 2.7799999713897705
-1.2719999551773071 -0.2999999523162842 2.6540000438690186
-0.059999942779541016 -0.5699999928474426 2.552000045776367
-1.2179999351501465 -0.49800002574920654 2.5460000038146973
-0.07200002670288086 -0.5759999752044678 2.450000047683716
-1.121999979019165 -0.6359999775886536 2.4800000190734863
-0.5999999642372131 -0.8219999670982361 2.7920000553131104
-0.006000041961669922 -0.2760000228881836 2.809999942779541
-0.7680000066757202 -0.8519999980926514 2.5280001163482666
-0.059999942779541016 -0.5699999928474426 2.5759999752044678
-0.0419999361038208 -0.2999999523162842 2.875999927520752
-0.38399994373321533 -0.8219999670982361 2.630000114440918
-0.023999929428100586 -0.26999998092651367 2.8519999980926514
0.054000020027160645 -0.1799999475479126 2.564000129699707
0.054000020027160645 -0.17400002479553223 2.558000087738037
-0.593999981880188 -0.8700000047683716 2.5339999198913574
-0.2879999876022339 -0.7739999890327454 2.6540000438690186
-0.12000000476837158 -0.6179999709129333 2.378000020980835
-0.156000018119812 -0.6480000019073486 2.3540000915527344
-0.11399996280670166 -0.5699999928474426 2.3000001907348633
-1.0679999589920044 -0.6840000152587891 2.4260001182556152
0.054000020027160645 -0.16199994087219238 2.5280001163482666
-0.054000020027160645 -0.37199997901916504 2.870000123977661
-0.6179999709129333 -0.8700000047683716 2.503999948501587
-0.3240000009536743 -0.7979999780654907 2.630000114440918
-0.6240000128746033 -0.7979999780654907 2.8519999980926514
-0.5999999642372131 -0.8700000047683716 2.503999948501587
-1.2719999551773071 -0.3179999589920044 2.6540000438690186
-0.011999964714050293 -0.28199994564056396 2.828000068664551
-0.6359999775886536 -0.7979999780654907 2.8519999980926514
-0.07200002670288086 -0.5759999752044678 2.432000160217285
-0.09000003337860107 -0.5699999928474426 2.3540000915527344
-0.6240000128746033 -0.8100000023841858 2.828000068664551
-0.04799997806549072 -0.5220000147819519 2.7019999027252197
-1.0740000009536743 -0.6779999732971191 2.4200000762939453
-0.6480000019073486 -0.8700000047683716 2.503999948501587
-0.16199994087219238 -0.6359999775886536 2.312000036239624
0.0 -0.2760000228881836 2.803999900817871
0.029999971389770508 -0.24599993228912354 2.7260000705718994
-0.515999972820282 -0.8460000157356262 2.7019999027252197
-0.6240000128746033 -0.7860000133514404 2.875999927520752
-0.5040000081062317 -0.8519999980926514 2.6660001277923584
0.054000020027160645 -0.1979999542236328 2.6059999465942383
-0.5820000171661377 -0.8700000047683716 2.498000144958496
-0.4500000476837158 -0.8460000157356262 2.630000114440918
-0.24000000953674316 -0.75 2.635999917984009
-0.6179999709129333 -0.8219999670982361 2.803999900817871
-0.5399999618530273 -0.8219999670982361 2.7920000553131104
-0.671999990940094 -0.8700000047683716 2.503999948501587
-0.4440000057220459 -0.8460000157356262 2.624000072479248
-0.04799997806549072 -0.5460000038146973 2.6480000019073486
-0.0419999361038208 -0.3240000009536743 2.875999927520752
-1.0859999656677246 -0.671999990940094 2.432000160217285
0.054000020027160645 -0.156000018119812 2.4860000610351562
-0.8999999761581421 -0.7979999780654907 2.677999973297119
-0.37199997901916504 -0.8219999670982361 2.630000114440918
-1.2660000324249268 -0.37199997901916504 2.630000114440918
-0.4440000057220459 -0.8460000157356262 2.630000114440918
-1.2239999771118164 -0.49800002574920654 2.552000045776367
0.024000048637390137 -0.2580000162124634 2.75
-0.11399996280670166 -0.5759999752044678 2.3000001907348633
-1.1159999370574951 -0.6480000019073486 2.4619998931884766
-0.1499999761581421 -0.6299999952316284 2.317999839782715
-0.04799997806549072 -0.5460000038146973 2.6540000438690186
-0.5759999752044678 -0.8219999670982361 2.803999900817871
0.054000020027160645 -0.20399999618530273 2.624000072479248
-0.8700000047683716 -0.7919999957084656 2.75
0.054000020027160645 -0.1499999761581421 2.4800000190734863
-0.1499999761581421 -0.6480000019073486 2.3540000915527344
-0.8460000157356262 -0.8219999670982361 2.677999973297119
-0.5640000104904175 -0.8219999670982361 2.803999900817871
-0.0419999361038208 -0.4440000057220459 2.803999900817871
0.006000041961669922 -0.2760000228881836 2.7980000972747803
-0.6899999976158142 -0.8700000047683716 2.498000144958496
-0.6299999952316284 -0.8219999670982361 2.809999942779541
-0.2580000162124634 -0.7619999647140503 2.6540000438690186
-0.6959999799728394 -0.8700000047683716 2.503999948501587
0.04200005531311035 -0.10800004005432129 2.4200000762939453
-0.8040000200271606 -0.8460000157356262 2.618000030517578
-0.054000020027160645 -0.5699999928474426 2.6059999465942383
-0.6660000085830688 -0.7919999957084656 2.870000123977661
-0.1260000467300415 -0.6240000128746033 2.3540000915527344
-1.2000000476837158 -0.5460000038146973 2.5220000743865967
-0.527999997138977 -0.8460000157356262 2.7260000705718994
-0.0419999361038208 -0.41999995708465576 2.828000068664551
0.060000061988830566 -0.18599998950958252 2.5759999752044678
0.04799997806549072 -0.13199996948242188 2.432000160217285
-0.09000003337860107 -0.5879999995231628 2.371999979019165
-0.07200002670288086 -0.5999999642372131 2.503999948501587
-0.5220000147819519 -0.8460000157356262 2.7260000705718994
-0.9300000071525574 -0.7739999890327454 2.7260000705718994
-0.8040000200271606 -0.8460000157356262 2.630000114440918
-1.277999997138977 -0.3179999589920044 2.6540000438690186
0.04799997806549072 -0.22800004482269287 2.677999973297119
-0.7799999713897705 -0.8579999804496765 2.552000045776367
-0.5879999995231628 -0.8159999847412109 2.828000068664551
-0.07799994945526123 -0.5999999642372131 2.450000047683716
-1.1640000343322754 -0.5999999642372131 2.492000102996826
-0.0419999361038208 -0.4739999771118164 2.7799999713897705
-1.2660000324249268 -0.3960000276565552 2.6059999465942383
-1.284000039100647 -0.26999998092651367 2.6660001277923584
-1.2719999551773071 -0.37199997901916504 2.618000030517578
-0.0419999361038208 -0.34800004959106445 2.875999927520752
0.060000061988830566 -0.156000018119812 2.503999948501587
-1.1699999570846558 -0.593999981880188 2.503999948501587
-0.054000020027160645 -0.515999972820282 2.75600004196167
-0.0419999361038208 -0.49800002574920654 2.75
-0.04799997806549072 -0.5460000038146973 2.677999973297119
0.054000020027160645 -0.21599996089935303 2.6540000438690186
-1.2599999904632568 -0.41999995708465576 2.5940001010894775
-0.7199999690055847 -0.8700000047683716 2.503999948501587
-0.09000003337860107 -0.5699999928474426 2.3299999237060547
-0.23399996757507324 -0.75 2.6540000438690186
-0.07200002670288086 -0.5999999642372131 2.4800000190734863
-0.7199999690055847 -0.8700000047683716 2.498000144958496
-1.0980000495910645 -0.671999990940094 2.450000047683716
0.054000020027160645 -0.1380000114440918 2.450000047683716
-0.8579999804496765 -0.8219999670982361 2.677999973297119
-1.0859999656677246 -0.6840000152587891 2.450000047683716
-0.5460000038146973 -0.8339999914169312 2.7799999713897705
-0.8700000047683716 -0.8219999670982361 2.6540000438690186
-0.08399999141693115 -0.6060000061988831 2.432000160217285
-1.2239999771118164 -0.5099999904632568 2.552000045776367
-0.0419999361038208 -0.3960000276565552 2.8519999980926514
-1.1460000276565552 -0.6240000128746033 2.4800000190734863
-1.2179999351501465 -0.5220000147819519 2.5339999198913574
-0.5759999752044678 -0.828000009059906 2.803999900817871
-0.11399996280670166 -0.5699999928474426 2.2760000228881836
-1.2419999837875366 -0.4739999771118164 2.564000129699707
-0.04799997806549072 -0.5640000104904175 2.630000114440918
-1.2899999618530273 -0.26999998092651367 2.6419999599456787
-0.41999995708465576 -0.8460000157356262 2.630000114440918
-1.2660000324249268 -0.3960000276565552 2.630000114440918
-0.12000000476837158 -0.6240000128746033 2.3540000915527344
-0.14399993419647217 -0.6599999666213989 2.378000020980835
-1.0859999656677246 -0.6779999732971191 2.4140000343322754
-0.04799997806549072 -0.5699999928474426 2.6059999465942383
0.060000061988830566 -0.21000003814697266 2.630000114440918
-0.9179999828338623 -0.7919999957084656 2.7019999027252197
-0.08399999141693115 -0.5999999642372131 2.4019999504089355
-0.07799994945526123 -0.5999999642372131 2.4260001182556152
-0.5399999618530273 -0.8460000157356262 2.75
-0.828000009059906 -0.8399999737739563 2.6540000438690186
0.054000020027160645 -0.1380000114440918 2.432000160217285
-0.2999999523162842 -0.7979999780654907 2.630000114440918
-0.527999997138977 -0.8519999980926514 2.7260000705718994
-0.6240000128746033 -0.8100000023841858 2.8519999980926514
-0.09000003337860107 -0.5759999752044678 2.3299999237060547
0.04799997806549072 -0.09599995613098145 2.4260001182556152
0.0 -0.28199994564056396 2.828000068664551
0.06599998474121094 -0.21000003814697266 2.5759999752044678
-0.0419999361038208 -0.3659999370574951 2.875999927520752
-0.9179999828338623 -0.7979999780654907 2.684000015258789
-0.0419999361038208 -0.5220000147819519 2.7260000705718994
-0.34800004959106445 -0.8219999670982361 2.630000114440918
-0.2580000162124634 -0.7739999890327454 2.635999917984009
-0.6420000195503235 -0.8219999670982361 2.828000068664551
0.060000061988830566 -0.156000018119812 2.4559998512268066
-1.128000020980835 -0.6480000019073486 2.4619998931884766
-0.6480000019073486 -0.7979999780654907 2.875999927520752
-0.7799999713897705 -0.8640000224113464 2.5460000038146973
-0.08399999141693115 -0.593999981880188 2.378000020980835
-0.21000003814697266 -0.7440000176429749 2.624000072479248
-1.2480000257492065 -0.4679999351501465 2.5759999752044678
-0.75 -0.8700000047683716 2.503999948501587
-0.054000020027160645 -0.527999997138977 2.75600004196167
-0.12000000476837158 -0.6240000128746033 2.3420000076293945
-0.75 -0.8700000047683716 2.498000144958496
-0.09599995613098145 -0.5699999928474426 2.3000001907348633
-1.194000005722046 -0.5699999928474426 2.509999990463257
-0.34200000762939453 -0.8219999670982361 2.624000072479248
-0.5460000038146973 -0.828000009059906 2.809999942779541
-0.0419999361038208 -0.4440000057220459 2.828000068664551
-0.6480000019073486 -0.7860000133514404 2.9000000953674316
-0.07799994945526123 -0.6119999885559082 2.450000047683716
-0.7559999823570251 -0.8700000047683716 2.503999948501587
-0.10800004005432129 -0.5759999752044678 2.2820000648498535
-0.7860000133514404 -0.8640000224113464 2.5759999752044678
0.03600001335144043 -0.2580000162124634 2.75
0.054000020027160645 -0.11399996280670166 2.4260001182556152
0.04200005531311035 -0.25199997425079346 2.7320001125335693
-0.8219999670982361 -0.8460000157356262 2.6540000438690186
-0.059999942779541016 -0.5999999642372131 2.5280001163482666
-0.5519999861717224 -0.8460000157356262 2.7680001258850098
-1.1039999723434448 -0.6779999732971191 2.4619998931884766
-0.07200002670288086 -0.6060000061988831 2.450000047683716
-0.14399993419647217 -0.6480000019073486 2.3299999237060547
-1.1399999856948853 -0.6420000195503235 2.4800000190734863
-0.07799994945526123 -0.6240000128746033 2.5160000324249268
-0.6539999842643738 -0.7979999780654907 2.881999969482422
-1.2120000123977661 -0.5460000038146973 2.5280001163482666
-0.21599996089935303 -0.75 2.635999917984009
-0.03600001335144043 -0.2999999523162842 2.9000000953674316
-0.0419999361038208 -0.4739999771118164 2.803999900817871
-0.0419999361038208 -0.41999995708465576 2.8519999980926514
-0.04799997806549072 -0.5699999928474426 2.6540000438690186
-0.1380000114440918 -0.6539999842643738 2.3540000915527344
-0.8880000114440918 -0.8219999670982361 2.6600000858306885
-0.07799994945526123 -0.6240000128746033 2.498000144958496
-0.054000020027160645 -0.593999981880188 2.5759999752044678
-0.4859999418258667 -0.8700000047683716 2.630000114440918
-0.006000041961669922 -0.2879999876022339 2.8519999980926514
0.054000020027160645 -0.09599995613098145 2.4260001182556152
0.07200002670288086 -0.20399999618530273 2.564000129699707
-0.0419999361038208 -0.49800002574920654 2.7799999713897705
-0.8519999980926514 -0.8339999914169312 2.677999973297119
-0.48000001907348633 -0.8700000047683716 2.624000072479248
0.054000020027160645 -0.23399996757507324 2.7019999027252197
-0.5220000147819519 -0.8579999804496765 2.7260000705718994
-0.0419999361038208 -0.5460000038146973 2.7019999027252197
0.06599998474121094 -0.23399996757507324 2.635999917984009
-1.1579999923706055 -0.6240000128746033 2.4800000190734863
-0.11399996280670166 -0.6299999952316284 2.3540000915527344
-0.49800002574920654 -0.8700000047683716 2.6540000438690186
0.060000061988830566 -0.22200000286102295 2.677999973297119
-0.9300000071525574 -0.7860000133514404 2.7320001125335693
-0.0419999361038208 -0.34200000762939453 2.9000000953674316
0.054000020027160645 -0.09599995613098145 2.4200000762939453
0.060000061988830566 -0.22800004482269287 2.677999973297119
-0.5579999685287476 -0.8460000157356262 2.7799999713897705
-0.0419999361038208 -0.5220000147819519 2.75
-0.054000020027160645 -0.593999981880188 2.6059999465942383
-0.07799994945526123 -0.6299999952316284 2.5280001163482666
-0.5820000171661377 -0.8460000157356262 2.7860000133514404
-0.8999999761581421 -0.8159999847412109 2.677999973297119
-0.38999998569488525 -0.8460000157356262 2.630000114440918
0.029999971389770508 -0.26399993896484375 2.7799999713897705
-0.04799997806549072 -0.4440000057220459 2.8519999980926514
-0.26399993896484375 -0.7860000133514404 2.635999917984009
-0.09599995613098145 -0.5640000104904175 2.2760000228881836
-0.24000000953674316 -0.7680000066757202 2.6540000438690186
-1.2300000190734863 -0.5220000147819519 2.5399999618530273
-0.054000020027160645 -0.5999999642372131 2.552000045776367
-0.0419999361038208 -0.3960000276565552 2.875999927520752
-0.07200002670288086 -0.6240000128746033 2.5280001163482666
-0.03600001335144043 -0.3240000009536743 2.9000000953674316
-0.5579999685287476 -0.828000009059906 2.828000068664551
-0.4620000123977661 -0.8700000047683716 2.611999988555908
-0.6119999885559082 -0.8460000157356262 2.7920000553131104
-1.2960000038146973 -0.2999999523162842 2.6480000019073486
-1.2719999551773071 -0.41999995708465576 2.6059999465942383
-0.6539999842643738 -0.8219999670982361 2.8459999561309814
-1.0980000495910645 -0.6840000152587891 2.4260001182556152
-0.5519999861717224 -0.8519999980926514 2.7680001258850098
-0.8460000157356262 -0.8399999737739563 2.677999973297119
-1.2660000324249268 -0.4440000057220459 2.5820000171661377
-1.2960000038146973 -0.2999999523162842 2.6540000438690186
-1.277999997138977 -0.3960000276565552 2.630000114440918
-0.3240000009536743 -0.8219999670982361 2.624000072479248
-0.5040000081062317 -0.8700000047683716 2.677999973297119
-0.09599995613098145 -0.5640000104904175 2.2699999809265137
-0.1979999542236328 -0.7440000176429749 2.635999917984009
-0.3240000009536743 -0.8219999670982361 2.630000114440918
-0.4620000123977661 -0.8700000047683716 2.630000114440918
-0.5519999861717224 -0.8399999737739563 2.803999900817871
-1.2960000038146973 -0.2760000228881836 2.677999973297119
-0.8040000200271606 -0.8640000224113464 2.618000030517578
-0.6240000128746033 -0.8100000023841858 2.875999927520752
-0.9300000071525574 -0.7979999780654907 2.7079999446868896
0.0 -0.2879999876022339 2.8519999980926514
0.060000061988830566 -0.10800004005432129 2.4200000762939453
-0.6480000019073486 -0.8219999670982361 2.8519999980926514
-0.10199999809265137 -0.5699999928474426 2.2639999389648438
-1.1159999370574951 -0.671999990940094 2.437999963760376
-0.6599999666213989 -0.8219999670982361 2.8519999980926514
-1.2960000038146973 -0.3240000009536743 2.6419999599456787
0.07800006866455078 -0.1799999475479126 2.564000129699707
-0.0419999361038208 -0.5460000038146973 2.7260000705718994
-0.10199999809265137 -0.5759999752044678 2.2699999809265137
0.07800006866455078 -0.1679999828338623 2.552000045776367
-0.06599998474121094 -0.6179999709129333 2.4800000190734863
-0.527999997138977 -0.16199994087219238 1.8560000658035278
0.07800006866455078 -0.1799999475479126 2.5759999752044678
-0.054000020027160645 -0.6060000061988831 2.5820000171661377
0.07800006866455078 -0.16199994087219238 2.5280001163482666
0.054000020027160645 -0.24599993228912354 2.7260000705718994
-0.515999972820282 -0.8700000047683716 2.7019999027252197
-0.6240000128746033 -0.8460000157356262 2.803999900817871
-0.12000000476837158 -0.6359999775886536 2.3299999237060547
-0.6299999952316284 -0.8460000157356262 2.803999900817871
-1.2480000257492065 -0.49800002574920654 2.558000087738037
-0.6599999666213989 -0.7979999780654907 2.9000000953674316
-0.23399996757507324 -0.7739999890327454 2.635999917984009
-0.37199997901916504 -0.8460000157356262 2.630000114440918
-0.07200002670288086 -0.6179999709129333 2.432000160217285
-0.0419999361038208 -0.5699999928474426 2.677999973297119
-0.7979999780654907 -0.8700000047683716 2.6059999465942383
-0.5879999995231628 -0.8939999938011169 2.498000144958496
-0.04799997806549072 -0.5999999642372131 2.5820000171661377
-1.121999979019165 -0.671999990940094 2.450000047683716
-1.2899999618530273 -0.37199997901916504 2.624000072479248
0.07800006866455078 -0.156000018119812 2.503999948501587
-0.4440000057220459 -0.8700000047683716 2.624000072479248
0.07800006866455078 -0.156000018119812 2.498000144958496
-1.187999963760376 -0.5999999642372131 2.498000144958496
-0.6779999732971191 -0.7979999780654907 2.9000000953674316
-0.4440000057220459 -0.8700000047683716 2.630000114440918
0.054000020027160645 -0.25199997425079346 2.7320001125335693
-0.2999999523162842 -0.8159999847412109 2.624000072479248
-1.2599999904632568 -0.4739999771118164 2.5759999752044678
-1.2960000038146973 -0.34800004959106445 2.635999917984009
-1.3079999685287476 -0.26999998092651367 2.6419999599456787
-0.04799997806549072 -0.5999999642372131 2.611999988555908
0.07800006866455078 -0.20399999618530273 2.630000114440918
0.07800006866455078 -0.14399993419647217 2.4800000190734863
-0.9240000247955322 -0.8100000023841858 2.7019999027252197
0.029999971389770508 -0.2760000228881836 2.803999900817871
-0.6480000019073486 -0.8399999737739563 2.828000068664551
-0.006000041961669922 -0.2940000295639038 2.875999927520752
-0.04799997806549072 -0.6060000061988831 2.5820000171661377
-0.26999998092651367 -0.7979999780654907 2.6540000438690186
-0.059999942779541016 -0.6240000128746033 2.552000045776367
-1.3079999685287476 -0.26999998092651367 2.6540000438690186
-0.6539999842643738 -0.8399999737739563 2.828000068664551
-0.24000000953674316 -0.7799999713897705 2.6540000438690186
-0.22200000286102295 -0.7680000066757202 2.6540000438690186
-1.3079999685287476 -0.28199994564056396 2.6480000019073486
-0.04799997806549072 -0.5999999642372131 2.630000114440918
-0.0419999361038208 -0.5579999685287476 2.7260000705718994
-0.8700000047683716 -0.8460000157356262 2.6480000019073486
-0.5879999995231628 -0.8999999761581421 2.5280001163482666
-0.06599998474121094 -0.6299999952316284 2.492000102996826
-1.2179999351501465 -0.5640000104904175 2.5280001163482666
-0.03600001335144043 -0.37199997901916504 2.9000000953674316
-0.7020000219345093 -0.8939999938011169 2.492000102996826
-0.03600001335144043 -0.4739999771118164 2.828000068664551
-0.7799999713897705 -0.8819999694824219 2.564000129699707
-0.0419999361038208 -0.5699999928474426 2.7019999027252197
-0.12000000476837158 -0.6359999775886536 2.312000036239624
-0.6240000128746033 -0.8999999761581421 2.503999948501587
-0.059999942779541016 -0.6240000128746033 2.503999948501587
-0.5999999642372131 -0.8999999761581421 2.503999948501587
-0.8700000047683716 -0.8460000157356262 2.6540000438690186
-0.6240000128746033 -0.8999999761581421 2.498000144958496
-1.194000005722046 -0.5999999642372131 2.503999948501587
-0.6299999952316284 -0.8999999761581421 2.498000144958496
-0.03600001335144043 -0.49800002574920654 2.803999900817871
-0.054000020027160645 -0.4739999771118164 2.864000082015991
-0.6480000019073486 -0.8999999761581421 2.503999948501587
0.07200002670288086 -0.09599995613098145 2.450000047683716
-1.284000039100647 -0.41999995708465576 2.5999999046325684
-0.0419999361038208 -0.3960000276565552 2.9000000953674316
0.08399999141693115 -0.1979999542236328 2.6059999465942383
0.07800006866455078 -0.21599996089935303 2.6540000438690186
-1.1759999990463257 -0.6240000128746033 2.4860000610351562
-0.8100000023841858 -0.8700000047683716 2.635999917984009
-0.9179999828338623 -0.8219999670982361 2.677999973297119
0.08399999141693115 -0.1499999761581421 2.503999948501587
-0.6599999666213989 -0.8999999761581421 2.498000144958496
-0.03600001335144043 -0.41999995708465576 2.875999927520752
-1.2960000038146973 -0.37199997901916504 2.630000114440918
-0.6539999842643738 -0.8460000157356262 2.822000026702881
-0.671999990940094 -0.8999999761581421 2.503999948501587
-0.2999999523162842 -0.8219999670982361 2.630000114440918
-0.054000020027160645 -0.6119999885559082 2.635999917984009
-0.3359999656677246 -0.8399999737739563 2.624000072479248
-0.06599998474121094 -0.6359999775886536 2.509999990463257
-0.19200003147125244 -0.75 2.6540000438690186
-0.41999995708465576 -0.8700000047683716 2.630000114440918
0.07800006866455078 -0.13199996948242188 2.450000047683716
-0.04799997806549072 -0.5999999642372131 2.6540000438690186
-0.03600001335144043 -0.5220000147819519 2.7799999713897705
-0.023999929428100586 -0.3059999942779541 2.9119999408721924
-0.9240000247955322 -0.8219999670982361 2.671999931335449
0.08399999141693115 -0.20399999618530273 2.624000072479248
-0.6480000019073486 -0.8219999670982361 2.875999927520752
-1.2179999351501465 -0.5699999928474426 2.5160000324249268
-0.4259999990463257 -0.14399993419647217 1.8680000305175781
-0.6539999842643738 -0.8219999670982361 2.875999927520752
-1.3079999685287476 -0.2760000228881836 2.677999973297119
-0.34800004959106445 -0.8460000157356262 2.630000114440918
-1.194000005722046 -0.6060000061988831 2.503999948501587
-0.5339999794960022 -0.8700000047683716 2.75
0.07800006866455078 -0.13199996948242188 2.437999963760376
-0.906000018119812 -0.8339999914169312 2.6600000858306885
-0.054000020027160645 -0.5879999995231628 2.7200000286102295
-0.09599995613098145 -0.6240000128746033 2.3299999237060547
-0.6959999799728394 -0.8999999761581421 2.503999948501587
-0.828000009059906 -0.8640000224113464 2.6600000858306885
0.07800006866455078 -0.11399996280670166 2.450000047683716
0.07200002670288086 -0.22200000286102295 2.7019999027252197
-0.6959999799728394 -0.8999999761581421 2.498000144958496
-0.8819999694824219 -0.8460000157356262 2.6540000438690186
-1.1340000629425049 -0.671999990940094 2.444000005722046
-0.03600001335144043 -0.5460000038146973 2.75
-0.21599996089935303 -0.7739999890327454 2.635999917984009
-0.8700000047683716 -0.8519999980926514 2.6480000019073486
-1.2480000257492065 -0.5220000147819519 2.552000045776367
-0.03600001335144043 -0.3240000009536743 2.930000066757202
0.07800006866455078 -0.22200000286102295 2.677999973297119
-1.2960000038146973 -0.3960000276565552 2.6059999465942383
-0.011999964714050293 -0.2999999523162842 2.9000000953674316
-0.04799997806549072 -0.6119999885559082 2.630000114440918
-0.21599996089935303 -0.7680000066757202 2.677999973297119
0.0 -0.2940000295639038 2.881999969482422
0.07800006866455078 -0.09599995613098145 2.450000047683716
-1.2719999551773071 -0.4739999771118164 2.564000129699707
-1.121999979019165 -0.6840000152587891 2.4260001182556152
-0.8100000023841858 -0.8759999871253967 2.635999917984009
-0.3240000009536743 -0.8399999737739563 2.624000072479248
-0.8219999670982361 -0.8700000047683716 2.6540000438690186
-0.7199999690055847 -0.8999999761581421 2.503999948501587
-0.03600001335144043 -0.437999963760376 2.875999927520752
-0.9300000071525574 -0.8219999670982361 2.684000015258789
-0.09599995613098145 -0.6299999952316284 2.3299999237060547
-1.1640000343322754 -0.6480000019073486 2.4739999771118164
-1.121999979019165 -0.6840000152587891 2.4200000762939453
-0.03600001335144043 -0.5339999794960022 2.7799999713897705
-1.1399999856948853 -0.671999990940094 2.450000047683716
0.029999971389770508 -0.28199994564056396 2.828000068664551
0.07800006866455078 -0.10800004005432129 2.4260001182556152
-0.5879999995231628 -0.8700000047683716 2.7799999713897705
-0.7680000066757202 -0.8939999938011169 2.5280001163482666
0.04200005531311035 -0.26999998092651367 2.803999900817871
-0.6840000152587891 -0.8159999847412109 2.8940000534057617
-0.03600001335144043 -0.40799999237060547 2.9000000953674316
-0.0419999361038208 -0.5879999995231628 2.7019999027252197
-0.1679999828338623 -0.7440000176429749 2.635999917984009
-0.6119999885559082 -0.8700000047683716 2.7860000133514404
-0.6779999732971191 -0.8339999914169312 2.864000082015991
-0.5640000104904175 -0.8700000047683716 2.7799999713897705
0.07800006866455078 -0.22200000286102295 2.7019999027252197
-1.3140000104904175 -0.3240000009536743 2.6419999599456787
-1.2059999704360962 -0.5999999642372131 2.498000144958496
-0.04799997806549072 -0.6240000128746033 2.6059999465942383
-0.34200000762939453 -0.8519999980926514 2.624000072479248
0.07800006866455078 -0.23399996757507324 2.7019999027252197
-1.2660000324249268 -0.49800002574920654 2.558000087738037
-0.6240000128746033 -0.8640000224113464 2.803999900817871
-0.38999998569488525 -0.8700000047683716 2.630000114440918
0.054000020027160645 -0.26399993896484375 2.7799999713897705
-0.6480000019073486 -0.828000009059906 2.881999969482422
-1.128000020980835 -0.6840000152587891 2.4260001182556152
-0.0419999361038208 -0.5999999642372131 2.677999973297119
-1.2419999837875366 -0.5460000038146973 2.5280001163482666
0.09000003337860107 -0.10199999809265137 2.5280001163482666
-0.6779999732971191 -0.8159999847412109 2.9000000953674316
-0.7440000176429749 -0.8999999761581421 2.498000144958496
-0.5879999995231628 -0.9120000004768372 2.5280001163482666
-0.9300000071525574 -0.8219999670982361 2.7019999027252197
0.09000003337860107 -0.10800004005432129 2.503999948501587
-0.4140000343322754 -0.156000018119812 1.8619999885559082
-1.1699999570846558 -0.6480000019073486 2.4800000190734863
0.09000003337860107 -0.12000000476837158 2.4800000190734863
-0.2999999523162842 -0.8339999914169312 2.624000072479248
-1.3020000457763672 -0.38999998569488525 2.630000114440918
0.09000003337860107 -0.09599995613098145 2.5339999198913574
-0.75 -0.8999999761581421 2.503999948501587
0.09599995613098145 -0.1499999761581421 2.552000045776367
-1.3079999685287476 -0.37199997901916504 2.624000072479248
-1.2960000038146973 -0.41999995708465576 2.6059999465942383
0.08399999141693115 -0.22800004482269287 2.684000015258789
0.09000003337860107 -0.09599995613098145 2.509999990463257
0.09599995613098145 -0.14399993419647217 2.5280001163482666
0.04799997806549072 -0.2760000228881836 2.7980000972747803
-0.023999929428100586 -0.312000036239624 2.930000066757202
0.09599995613098145 -0.156000018119812 2.5880000591278076
0.09599995613098145 -0.1499999761581421 2.5820000171661377
-0.3240000009536743 -0.8460000157356262 2.630000114440918
-0.7559999823570251 -0.8999999761581421 2.503999948501587
-0.059999942779541016 -0.6480000019073486 2.552000045776367
-0.029999971389770508 -0.34200000762939453 2.930000066757202
-1.3199999332427979 -0.2999999523162842 2.6540000438690186
-0.09000003337860107 -0.6240000128746033 2.312000036239624
-0.029999971389770508 -0.49800002574920654 2.828000068664551
-0.6359999775886536 -0.8700000047683716 2.7980000972747803
-0.23399996757507324 -0.7979999780654907 2.635999917984009
-0.029999971389770508 -0.4739999771118164 2.8519999980926514
-0.4620000123977661 -0.8939999938011169 2.630000114440918
-0.6660000085830688 -0.8460000157356262 2.8519999980926514
0.09599995613098145 -0.12000000476837158 2.552000045776367
0.09000003337860107 -0.09599995613098145 2.4800000190734863
-0.36000001430511475 -0.8640000224113464 2.624000072479248
-0.1979999542236328 -0.7739999890327454 2.635999917984009
-0.6599999666213989 -0.8219999670982361 2.9000000953674316
-1.3020000457763672 -0.40199995040893555 2.630000114440918
-0.7739999890327454 -0.8999999761581421 2.552000045776367
-0.029999971389770508 -0.5220000147819519 2.803999900817871
-0.09000003337860107 -0.6299999952316284 2.317999839782715
0.08399999141693115 -0.09000003337860107 2.432000160217285
-0.48000001907348633 -0.8999999761581421 2.624000072479248
-0.828000009059906 -0.8759999871253967 2.6660001277923584
-0.9300000071525574 -0.828000009059906 2.7019999027252197
-0.03600001335144043 -0.5699999928474426 2.75
-0.6420000195503235 -0.8700000047683716 2.803999900817871
-0.8159999847412109 -0.8819999694824219 2.6540000438690186
-0.49800002574920654 -0.8999999761581421 2.6540000438690186
-0.48000001907348633 -0.8999999761581421 2.630000114440918
0.07800006866455078 -0.24599993228912354 2.7260000705718994
-0.515999972820282 -0.8939999938011169 2.7019999027252197
-0.37199997901916504 -0.8700000047683716 2.630000114440918
-0.059999942779541016 -0.6539999842643738 2.5460000038146973
-0.9419999718666077 -0.8159999847412109 2.7260000705718994
-1.3079999685287476 -0.3960000276565552 2.611999988555908
-0.26999998092651367 -0.8219999670982361 2.6419999599456787
0.10199999809265137 -0.17400002479553223 2.5759999752044678
-1.3020000457763672 -0.41999995708465576 2.5999999046325684
-0.17400002479553223 -0.7559999823570251 2.6540000438690186
0.10199999809265137 -0.16199994087219238 2.569999933242798
-1.3199999332427979 -0.3240000009536743 2.6540000438690186
-0.4679999351501465 -0.8999999761581421 2.618000030517578
-1.2960000038146973 -0.437999963760376 2.6059999465942383
-0.054000020027160645 -0.6480000019073486 2.5280001163482666
0.10199999809265137 -0.1799999475479126 2.5940001010894775
0.054000020027160645 -0.2760000228881836 2.7980000972747803
-0.4259999990463257 -0.1979999542236328 1.850000023841858
0.07200002670288086 -0.2580000162124634 2.75
-0.054000020027160645 -0.6480000019073486 2.5759999752044678
0.10199999809265137 -0.1499999761581421 2.5759999752044678
-0.5040000081062317 -0.8999999761581421 2.671999931335449
-0.8759999871253967 -0.8640000224113464 2.6540000438690186
0.07800006866455078 -0.25199997425079346 2.7320001125335693
-1.2960000038146973 -0.4440000057220459 2.5880000591278076
0.10199999809265137 -0.1979999542236328 2.6059999465942383
0.10199999809265137 -0.1380000114440918 2.552000045776367
-0.5040000081062317 -0.8999999761581421 2.677999973297119
0.054000020027160645 -0.26999998092651367 2.803999900817871
-1.3259999752044678 -0.2999999523162842 2.6540000438690186
-1.3199999332427979 -0.34800004959106445 2.635999917984009
0.10199999809265137 -0.1260000467300415 2.5399999618530273
-0.906000018119812 -0.8519999980926514 2.6600000858306885
-0.04799997806549072 -0.6240000128746033 2.677999973297119
-0.6599999666213989 -0.828000009059906 2.9000000953674316
0.054000020027160645 -0.2760000228881836 2.803999900817871
-0.41999995708465576 -0.22800004482269287 1.850000023841858
0.10199999809265137 -0.20399999618530273 2.624000072479248
0.10199999809265137 -0.12000000476837158 2.558000087738037
-0.6779999732971191 -0.9179999828338623 2.492000102996826
-0.22200000286102295 -0.7979999780654907 2.635999917984009
-0.19200003147125244 -0.7739999890327454 2.6540000438690186
-1.2660000324249268 -0.5220000147819519 2.552000045776367
-0.0419999361038208 -0.6240000128746033 2.6540000438690186
-1.1519999504089355 -0.6840000152587891 2.4860000610351562
-0.5399999618530273 -0.17400002479553223 1.8259999752044678
-0.1499999761581421 -0.7440000176429749 2.635999917984009
-0.6840000152587891 -0.8399999737739563 2.875999927520752
0.10199999809265137 -0.20399999618530273 2.630000114440918
-1.253999948501587 -0.5460000038146973 2.5339999198913574
-1.1820000410079956 -0.6480000019073486 2.4739999771118164
-0.029999971389770508 -0.4919999837875366 2.8519999980926514
-0.7739999890327454 -0.906000018119812 2.5280001163482666
-0.5220000147819519 -0.8939999938011169 2.7260000705718994
-0.054000020027160645 -0.6539999842643738 2.552000045776367
-0.4140000343322754 -0.21000003814697266 1.850000023841858
-0.4919999837875366 -0.17400002479553223 1.8320000171661377
-0.41999995708465576 -0.14399993419647217 1.850000023841858
-0.8700000047683716 -0.8700000047683716 2.6540000438690186
-0.9179999828338623 -0.8460000157356262 2.677999973297119
-0.029999971389770508 -0.4679999351501465 2.875999927520752
-1.1699999570846558 -0.6660000085830688 2.4800000190734863
-0.029999971389770508 -0.3240000009536743 2.9539999961853027
-0.2999999523162842 -0.8460000157356262 2.630000114440918
-0.029999971389770508 -0.37199997901916504 2.936000108718872
-0.5220000147819519 -0.17400002479553223 1.8259999752044678
0.03600001335144043 -0.28199994564056396 2.8519999980926514
-1.2899999618530273 -0.4739999771118164 2.5759999752044678
-0.527999997138977 -0.1499999761581421 1.8259999752044678
-0.6240000128746033 -0.9240000247955322 2.503999948501587
-0.6539999842643738 -0.8700000047683716 2.822000026702881
-0.4440000057220459 -0.8999999761581421 2.624000072479248
-0.5999999642372131 -0.9240000247955322 2.503999948501587
-0.6240000128746033 -0.9240000247955322 2.498000144958496
-0.6420000195503235 -0.9240000247955322 2.503999948501587
-0.26999998092651367 -0.828000009059906 2.6540000438690186
-0.04799997806549072 -0.6480000019073486 2.5940001010894775
-0.156000018119812 -0.75 2.6540000438690186
-1.1640000343322754 -0.671999990940094 2.4619998931884766
-1.1460000276565552 -0.6899999976158142 2.450000047683716
-1.3199999332427979 -0.37199997901916504 2.630000114440918
-0.4440000057220459 -0.8999999761581421 2.630000114440918
-0.029999971389770508 -0.5220000147819519 2.828000068664551
-0.9300000071525574 -0.8399999737739563 2.690000057220459
-0.5099999904632568 -0.1799999475479126 1.8259999752044678
0.10199999809265137 -0.21599996089935303 2.6540000438690186
-0.5640000104904175 -0.17400002479553223 1.8200000524520874
-0.6420000195503235 -0.9240000247955322 2.492000102996826
-1.2239999771118164 -0.5999999642372131 2.503999948501587
-0.04799997806549072 -0.6480000019073486 2.6059999465942383
-0.6660000085830688 -0.8460000157356262 2.875999927520752
0.10800004005432129 -0.17400002479553223 2.6059999465942383
-0.6539999842643738 -0.9240000247955322 2.492000102996826
0.011999964714050293 -0.2940000295639038 2.9000000953674316
-0.34800004959106445 -0.8700000047683716 2.630000114440918
-0.029999971389770508 -0.4440000057220459 2.9000000953674316
-0.671999990940094 -0.9240000247955322 2.503999948501587
-0.029999971389770508 -0.3960000276565552 2.930000066757202
-0.03600001335144043 -0.5999999642372131 2.7260000705718994
-0.6599999666213989 -0.8700000047683716 2.828000068664551
-0.41999995708465576 -0.22800004482269287 1.843999981880188
-0.49800002574920654 -0.1799999475479126 1.8259999752044678
-0.029999971389770508 -0.5460000038146973 2.803999900817871
-0.4679999351501465 -0.23399996757507324 1.8320000171661377
-0.023999929428100586 -0.3179999589920044 2.9539999961853027
-1.284000039100647 -0.49800002574920654 2.558000087738037
-0.029999971389770508 -0.527999997138977 2.828000068664551
-0.9539999961853027 -0.8219999670982361 2.7260000705718994
-0.029999971389770508 -0.34800004959106445 2.9539999961853027
0.10800004005432129 -0.12000000476837158 2.5880000591278076
-0.6959999799728394 -0.9240000247955322 2.503999948501587
-0.0419999361038208 -0.6359999775886536 2.6540000438690186
-0.1499999761581421 -0.75 2.6540000438690186
-1.2480000257492065 -0.5699999928474426 2.5280001163482666
-1.2480000257492065 -0.5699999928474426 2.5220000743865967
-0.21599996089935303 -0.8040000200271606 2.630000114440918
-0.8700000047683716 -0.8759999871253967 2.6600000858306885
0.10199999809265137 -0.22200000286102295 2.677999973297119
0.10800004005432129 -0.12000000476837158 2.6059999465942383
-0.7080000042915344 -0.9240000247955322 2.503999948501587
-0.17400002479553223 -0.7739999890327454 2.635999917984009
-0.029999971389770508 -0.40799999237060547 2.930000066757202
-0.527999997138977 -0.8999999761581421 2.73799991607666
-0.38399994373321533 -0.11399996280670166 1.8560000658035278
-0.054000020027160645 -0.6660000085830688 2.5759999752044678
0.054000020027160645 -0.28199994564056396 2.828000068664551
-1.194000005722046 -0.6480000019073486 2.4800000190734863
-0.04799997806549072 -0.6599999666213989 2.564000129699707
-0.029999971389770508 -0.5699999928474426 2.7799999713897705
-1.3079999685287476 -0.4440000057220459 2.5940001010894775
-0.41999995708465576 -0.8999999761581421 2.630000114440918
-0.4739999771118164 -0.18599998950958252 1.8259999752044678
-0.7559999823570251 -0.9179999828338623 2.498000144958496
-1.2480000257492065 -0.5759999752044678 2.5280001163482666
-0.8339999914169312 -0.8880000114440918 2.677999973297119
-0.023999929428100586 -0.49800002574920654 2.8580000400543213
-0.24000000953674316 -0.8219999670982361 2.635999917984009
-0.7199999690055847 -0.9240000247955322 2.492000102996826
-0.029999971389770508 -0.3659999370574951 2.9539999961853027
-0.054000020027160645 -0.6660000085830688 2.6059999465942383
-0.023999929428100586 -0.5220000147819519 2.8340001106262207
-0.6840000152587891 -0.8219999670982361 2.930000066757202
-0.0419999361038208 -0.6480000019073486 2.630000114440918
-0.26999998092651367 -0.8399999737739563 2.635999917984009
-0.5339999794960022 -0.8999999761581421 2.75
-0.5460000038146973 -0.17400002479553223 1.8140000104904175
0.11399996280670166 -0.1499999761581421 2.6059999465942383
-0.9539999961853027 -0.828000009059906 2.7260000705718994
-0.03600001335144043 -0.6119999885559082 2.7260000705718994
-1.187999963760376 -0.6599999666213989 2.4800000190734863
0.11399996280670166 -0.1979999542236328 2.630000114440918
-0.023999929428100586 -0.4440000057220459 2.9060001373291016
-1.2960000038146973 -0.4859999418258667 2.5759999752044678
-0.48000001907348633 -0.9179999828338623 2.624000072479248
0.07800006866455078 -0.26399993896484375 2.7799999713897705
-0.9240000247955322 -0.8460000157356262 2.7200000286102295
-0.023999929428100586 -0.3960000276565552 2.936000108718872
-0.029999971389770508 -0.5040000081062317 2.870000123977661
-0.7379999756813049 -0.9240000247955322 2.492000102996826
-0.1979999542236328 -0.7979999780654907 2.635999917984009
-0.03600001335144043 -0.6240000128746033 2.7019999027252197
0.03600001335144043 -0.2879999876022339 2.875999927520752
-0.7440000176429749 -0.9240000247955322 2.503999948501587
-0.04799997806549072 -0.6660000085830688 2.5759999752044678
-0.023999929428100586 -0.41999995708465576 2.9240000247955322
-0.3240000009536743 -0.8700000047683716 2.630000114440918
-0.6299999952316284 -0.8939999938011169 2.7920000553131104
-1.2360000610351562 -0.5999999642372131 2.503999948501587
-0.6539999842643738 -0.8819999694824219 2.822000026702881
0.10800004005432129 -0.22800004482269287 2.677999973297119
-0.5999999642372131 -0.17400002479553223 1.8079999685287476
-1.3199999332427979 -0.41999995708465576 2.6059999465942383
-0.9480000138282776 -0.8339999914169312 2.7260000705718994
-0.023999929428100586 -0.4739999771118164 2.888000011444092
0.09000003337860107 -0.26399993896484375 2.75
-0.3179999589920044 -0.8700000047683716 2.624000072479248
-0.7199999690055847 -0.9300000071525574 2.503999948501587
-0.593999981880188 -0.8999999761581421 2.7799999713897705
-0.671999990940094 -0.8700000047683716 2.8519999980926514
-0.4500000476837158 -0.156000018119812 1.8259999752044678
-0.4440000057220459 -0.18599998950958252 1.8259999752044678
-1.2719999551773071 -0.5460000038146973 2.552000045776367
-0.8939999938011169 -0.8759999871253967 2.6600000858306885
-0.029999971389770508 -0.5999999642372131 2.75
-0.41999995708465576 -0.1979999542236328 1.8320000171661377
0.0 -0.2999999523162842 2.941999912261963
-0.5519999861717224 -0.8999999761581421 2.7739999294281006
-0.023999929428100586 -0.37199997901916504 2.9539999961853027
-0.023999929428100586 -0.41999995708465576 2.930000066757202
-0.7619999647140503 -0.9240000247955322 2.503999948501587
-0.5699999928474426 -0.8999999761581421 2.7799999713897705
-0.023999929428100586 -0.5460000038146973 2.822000026702881
-0.6899999976158142 -0.8460000157356262 2.9000000953674316
-0.6119999885559082 -0.8999999761581421 2.7860000133514404
-0.4440000057220459 -0.156000018119812 1.8259999752044678
-1.2239999771118164 -0.6240000128746033 2.503999948501587
-0.029999971389770508 -0.5699999928474426 2.803999900817871
-0.4620000123977661 -0.2879999876022339 1.8259999752044678
-1.1820000410079956 -0.671999990940094 2.4559998512268066
-0.023999929428100586 -0.4679999351501465 2.9000000953674316
-0.03600001335144043 -0.5579999685287476 2.8340001106262207
-0.023999929428100586 -0.5220000147819519 2.8519999980926514
-0.7739999890327454 -0.9240000247955322 2.552000045776367
-0.4859999418258667 -0.9240000247955322 2.630000114440918
-1.2239999771118164 -0.6240000128746033 2.492000102996826
-0.023999929428100586 -0.49800002574920654 2.875999927520752
-0.023999929428100586 -0.34800004959106445 2.9660000801086426
-0.37199997901916504 -0.11399996280670166 1.850000023841858
-0.6779999732971191 -0.8700000047683716 2.8580000400543213
-1.343999981880188 -0.2879999876022339 2.677999973297119
0.10199999809265137 -0.24599993228912354 2.7260000705718994
-0.49800002574920654 -0.9240000247955322 2.6540000438690186
-0.04799997806549072 -0.671999990940094 2.6059999465942383
0.11399996280670166 -0.1979999542236328 2.677999973297119
-1.343999981880188 -0.3240000009536743 2.6480000019073486
-1.2059999704360962 -0.6480000019073486 2.4739999771118164
-0.023999929428100586 -0.5460000038146973 2.828000068664551
-0.7799999713897705 -0.9240000247955322 2.558000087738037
-0.6899999976158142 -0.8159999847412109 2.9539999961853027
-0.4320000410079956 -0.2940000295639038 1.8320000171661377
0.12000000476837158 -0.1679999828338623 2.635999917984009
-0.6240000128746033 -0.1799999475479126 1.8020000457763672
-0.4320000410079956 -0.22800004482269287 1.8259999752044678
-0.4679999351501465 -0.9240000247955322 2.611999988555908
-0.5999999642372131 -0.1799999475479126 1.8020000457763672
-0.6060000061988831 -0.22800004482269287 1.8020000457763672
-1.343999981880188 -0.3240000009536743 2.6540000438690186
-0.5999999642372131 -0.22800004482269287 1.8020000457763672
-0.41999995708465576 -0.9120000004768372 2.624000072479248
-0.023999929428100586 -0.3240000009536743 2.9779999256134033
-0.9120000004768372 -0.8700000047683716 2.677999973297119
-0.9300000071525574 -0.8579999804496765 2.696000099182129
-1.3380000591278076 -0.37199997901916504 2.630000114440918
0.10199999809265137 -0.25199997425079346 2.7320001125335693
-0.515999972820282 -0.22800004482269287 1.8079999685287476
-0.5040000081062317 -0.9240000247955322 2.671999931335449
-1.1699999570846558 -0.6899999976158142 2.450000047683716
0.12000000476837158 -0.19200003147125244 2.6540000438690186
-0.3359999656677246 -0.1679999828338623 1.8560000658035278
-0.04799997806549072 -0.671999990940094 2.630000114440918
-0.5699999928474426 -0.22800004482269287 1.8020000457763672
-0.5640000104904175 -0.1799999475479126 1.8020000457763672
-0.26999998092651367 -0.8519999980926514 2.635999917984009
-1.3199999332427979 -0.4440000057220459 2.6059999465942383
-0.8700000047683716 -0.8880000114440918 2.677999973297119
-0.6899999976158142 -0.8339999914169312 2.930000066757202
0.12000000476837158 -0.1679999828338623 2.6540000438690186
-0.9300000071525574 -0.8579999804496765 2.7019999027252197
-0.029999971389770508 -0.593999981880188 2.7799999713897705
-0.37800002098083496 -0.8999999761581421 2.630000114440918
-0.4259999990463257 -0.1499999761581421 1.8259999752044678
-1.343999981880188 -0.34800004959106445 2.635999917984009
-0.41999995708465576 -0.22200000286102295 1.8259999752044678
-0.5460000038146973 -0.8999999761581421 2.7920000553131104
-0.023999929428100586 -0.3960000276565552 2.9539999961853027
-0.03600001335144043 -0.6480000019073486 2.677999973297119
-0.1499999761581421 -0.7739999890327454 2.635999917984009
-1.2300000190734863 -0.6240000128746033 2.492000102996826
-0.9539999961853027 -0.8339999914169312 2.75
-0.5460000038146973 -0.1799999475479126 1.8020000457763672
-0.5040000081062317 -0.9240000247955322 2.684000015258789
-0.41999995708465576 -0.156000018119812 1.8259999752044678
-0.03600001335144043 -0.41999995708465576 2.9600000381469727
-0.6359999775886536 -0.8999999761581421 2.803999900817871
-1.1699999570846558 -0.6899999976158142 2.432000160217285
-0.2999999523162842 -0.8700000047683716 2.630000114440918
-1.3199999332427979 -0.4500000476837158 2.6059999465942383
-0.41999995708465576 -0.1499999761581421 1.8259999752044678
-1.2599999904632568 -0.5820000171661377 2.5280001163482666
-0.7739999890327454 -0.9300000071525574 2.552000045776367
-0.671999990940094 -0.8519999980926514 2.9060001373291016
-0.37199997901916504 -0.8999999761581421 2.630000114440918
-0.04799997806549072 -0.6779999732971191 2.618000030517578
0.054000020027160645 -0.2879999876022339 2.864000082015991
-0.023999929428100586 -0.5699999928474426 2.809999942779541
-0.34200000762939453 -0.22200000286102295 1.850000023841858
-0.49800002574920654 -0.1499999761581421 1.8079999685287476
0.1260000467300415 -0.1679999828338623 2.630000114440918
-0.9240000247955322 -0.8640000224113464 2.7019999027252197
-0.9240000247955322 -0.8579999804496765 2.7260000705718994
0.11399996280670166 -0.24000000953674316 2.7019999027252197
-0.023999929428100586 -0.34800004959106445 2.9779999256134033
-1.350000023841858 -0.3240000009536743 2.6480000019073486
-0.34200000762939453 -0.24000000953674316 1.850000023841858
-0.04799997806549072 -0.6779999732971191 2.630000114440918
-1.350000023841858 -0.2940000295639038 2.677999973297119
-0.527999997138977 -0.22800004482269287 1.8020000457763672
-0.2940000295639038 -0.8700000047683716 2.624000072479248
-0.3359999656677246 -0.11399996280670166 1.8560000658035278
-1.3320000171661377 -0.41999995708465576 2.6059999465942383
-0.5220000147819519 -0.1799999475479126 1.8020000457763672
-0.5099999904632568 -0.9240000247955322 2.7019999027252197
-0.40799999237060547 -0.2940000295639038 1.8320000171661377
-0.12000000476837158 -0.75 2.6480000019073486
-0.593999981880188 -0.9480000138282776 2.5399999618530273
-0.6240000128746033 -0.22800004482269287 1.7960000038146973
0.10199999809265137 -0.2580000162124634 2.75
-0.03600001335144043 -0.4679999351501465 2.936000108718872
-0.029999971389770508 -0.6179999709129333 2.75
-0.3359999656677246 -0.1979999542236328 1.850000023841858
-0.5339999794960022 -0.1380000114440918 1.8020000457763672
-0.6480000019073486 -0.22800004482269287 1.7960000038146973
-0.6240000128746033 -0.9480000138282776 2.503999948501587
-0.12000000476837158 -0.75 2.6540000438690186
-0.515999972820282 -0.17400002479553223 1.8020000457763672
-0.5999999642372131 -0.9480000138282776 2.503999948501587
-0.437999963760376 -0.9240000247955322 2.618000030517578
-1.2960000038146973 -0.5220000147819519 2.558000087738037
-0.6840000152587891 -0.8700000047683716 2.875999927520752
0.0 -0.3059999942779541 2.9600000381469727
-0.6480000019073486 -0.9480000138282776 2.503999948501587
-0.17400002479553223 -0.7979999780654907 2.635999917984009
0.1260000467300415 -0.18599998950958252 2.6540000438690186
0.08399999141693115 -0.2760000228881836 2.803999900817871
-0.03600001335144043 -0.6480000019073486 2.7019999027252197
-0.5640000104904175 -0.2940000295639038 1.8020000457763672
-0.4739999771118164 -0.1799999475479126 1.8079999685287476
-0.6480000019073486 -0.9480000138282776 2.498000144958496
-0.5099999904632568 -0.22200000286102295 1.8020000457763672
0.1260000467300415 -0.17400002479553223 2.6540000438690186
-0.4140000343322754 -0.12000000476837158 1.8259999752044678
-0.515999972820282 -0.1499999761581421 1.8020000457763672
-0.4259999990463257 -0.1499999761581421 1.8200000524520874
-0.24599993228912354 -0.8460000157356262 2.635999917984009
-1.2719999551773071 -0.5699999928474426 2.5280001163482666
-0.8399999737739563 -0.8999999761581421 2.7019999027252197
-1.3079999685287476 -0.49800002574920654 2.564000129699707
-0.437999963760376 -0.9240000247955322 2.630000114440918
-1.2719999551773071 -0.5699999928474426 2.5220000743865967
-0.906000018119812 -0.8819999694824219 2.671999931335449
-1.3619999885559082 -0.2760000228881836 2.630000114440918
-0.0419999361038208 -0.6480000019073486 2.7260000705718994
-0.5820000171661377 -0.9480000138282776 2.492000102996826
-1.2179999351501465 -0.6480000019073486 2.4800000190734863
-0.1380000114440918 -0.7680000066757202 2.6540000438690186
-0.671999990940094 -0.9480000138282776 2.503999948501587
-0.023999929428100586 -0.5460000038146973 2.8519999980926514
-0.0419999361038208 -0.671999990940094 2.6540000438690186
-0.49800002574920654 -0.1799999475479126 1.8020000457763672
-0.671999990940094 -0.9480000138282776 2.492000102996826
-0.49800002574920654 -0.17400002479553223 1.8020000457763672
-0.49800002574920654 -0.22200000286102295 1.8020000457763672
0.054000020027160645 -0.2879999876022339 2.875999927520752
-0.5220000147819519 -0.9240000247955322 2.7260000705718994
-1.1699999570846558 -0.7020000219345093 2.444000005722046
-1.1759999990463257 -0.6899999976158142 2.4200000762939453
-1.1820000410079956 -0.6899999976158142 2.450000047683716
-0.33000004291534424 -0.1499999761581421 1.850000023841858
-0.527999997138977 -0.9240000247955322 2.7320001125335693
-1.3199999332427979 -0.4739999771118164 2.5759999752044678
-0.03600001335144043 -0.6179999709129333 2.7799999713897705
-0.4919999837875366 -0.22800004482269287 1.8020000457763672
-0.6959999799728394 -0.9480000138282776 2.503999948501587
-0.023999929428100586 -0.5699999928474426 2.828000068664551
0.07800006866455078 -0.28199994564056396 2.828000068664551
-0.4440000057220459 -0.9300000071525574 2.618000030517578
-0.6959999799728394 -0.9480000138282776 2.492000102996826
-1.2000000476837158 -0.671999990940094 2.4559998512268066
-0.527999997138977 -0.2999999523162842 1.8020000457763672
-1.343999981880188 -0.3960000276565552 2.624000072479248
-1.2899999618530273 -0.5460000038146973 2.5460000038146973
-0.75 -0.9419999718666077 2.503999948501587
-0.34800004959106445 -0.8999999761581421 2.630000114440918
-1.3020000457763672 -0.5220000147819519 2.552000045776367
0.1260000467300415 -0.21599996089935303 2.684000015258789
0.1260000467300415 -0.1799999475479126 2.684000015258789
0.09000003337860107 -0.26999998092651367 2.803999900817871
-1.1820000410079956 -0.6899999976158142 2.432000160217285
-0.515999972820282 -0.1799999475479126 1.7960000038146973
-1.343999981880188 -0.3960000276565552 2.630000114440918
-0.4620000123977661 -0.9359999895095825 2.611999988555908
-0.41999995708465576 -0.9240000247955322 2.630000114440918
-0.6539999842643738 -0.8999999761581421 2.828000068664551
-0.018000006675720215 -0.5220000147819519 2.875999927520752
-0.1979999542236328 -0.8219999670982361 2.635999917984009
-0.5699999928474426 -0.1799999475479126 1.7899999618530273
-0.515999972820282 -0.2999999523162842 1.8020000457763672
-0.7559999823570251 -0.9419999718666077 2.503999948501587
-0.3960000276565552 -0.9179999828338623 2.630000114440918
-0.5399999618530273 -0.9240000247955322 2.75
-0.4739999771118164 -0.17400002479553223 1.8020000457763672
-0.4739999771118164 -0.22200000286102295 1.8020000457763672
-0.023999929428100586 -0.5999999642372131 2.7920000553131104
-0.34200000762939453 -0.8999999761581421 2.624000072479248
-0.4739999771118164 -0.22800004482269287 1.8020000457763672
0.1260000467300415 -0.22800004482269287 2.690000057220459
-0.011999964714050293 -0.4440000057220459 2.930000066757202
-0.7199999690055847 -0.9480000138282776 2.492000102996826
-0.906000018119812 -0.8880000114440918 2.677999973297119
-0.029999971389770508 -0.515999972820282 2.9060001373291016
0.1260000467300415 -0.17400002479553223 2.696000099182129
-0.018000006675720215 -0.37199997901916504 2.9779999256134033
-1.2899999618530273 -0.5519999861717224 2.552000045776367
-0.5460000038146973 -0.1799999475479126 1.7899999618530273
0.10199999809265137 -0.26399993896484375 2.7799999713897705
0.1260000467300415 -0.1979999542236328 2.7019999027252197
-0.8939999938011169 -0.8939999938011169 2.677999973297119
-0.3960000276565552 -0.2999999523162842 1.8259999752044678
0.1260000467300415 -0.21599996089935303 2.7019999027252197
-1.343999981880188 -0.40799999237060547 2.630000114440918
-0.49800002574920654 -0.2999999523162842 1.8020000457763672
-0.48000001907348633 -0.9419999718666077 2.624000072479248
0.1260000467300415 -0.23399996757507324 2.7019999027252197
-0.49800002574920654 -0.9419999718666077 2.6540000438690186
-1.2480000257492065 -0.6240000128746033 2.503999948501587
-1.350000023841858 -0.3960000276565552 2.618000030517578
-1.3380000591278076 -0.4440000057220459 2.5820000171661377
-0.6959999799728394 -0.9539999961853027 2.492000102996826
-0.8700000047683716 -0.8999999761581421 2.7019999027252197
-0.5519999861717224 -0.9240000247955322 2.7680001258850098
-0.03600001335144043 -0.671999990940094 2.677999973297119
-1.2960000038146973 -0.5460000038146973 2.552000045776367
-0.023999929428100586 -0.5999999642372131 2.803999900817871
-0.6840000152587891 -0.8819999694824219 2.875999927520752
-0.7440000176429749 -0.9480000138282776 2.492000102996826
-1.2300000190734863 -0.6480000019073486 2.4800000190734863
-0.8460000157356262 -0.906000018119812 2.7139999866485596
0.0 -0.312000036239624 2.9779999256134033
-0.4259999990463257 -0.1799999475479126 1.8079999685287476
-0.6299999952316284 -0.9179999828338623 2.7980000972747803
-1.284000039100647 -0.5699999928474426 2.5280001163482666
-0.5040000081062317 -0.9419999718666077 2.671999931335449
-1.3380000591278076 -0.4440000057220459 2.6059999465942383
-0.011999964714050293 -0.49800002574920654 2.9000000953674316
-0.5879999995231628 -0.9240000247955322 2.7799999713897705
-0.6959999799728394 -0.8700000047683716 2.9000000953674316
-1.3199999332427979 -0.49800002574920654 2.5759999752044678
-0.4739999771118164 -0.22200000286102295 1.7960000038146973
-0.7559999823570251 -0.9480000138282776 2.498000144958496
-0.5460000038146973 -0.9179999828338623 2.7920000553131104
-0.5699999928474426 -0.9240000247955322 2.7799999713897705
-0.33000004291534424 -0.19200003147125244 1.8380000591278076
-0.4440000057220459 -0.17400002479553223 1.8020000457763672
-0.4500000476837158 -0.3059999942779541 1.8079999685287476
-0.12000000476837158 -0.7680000066757202 2.6540000438690186
-0.04799997806549072 -0.6959999799728394 2.6540000438690186
-1.3680000305175781 -0.2999999523162842 2.6540000438690186
-0.4739999771118164 -0.2999999523162842 1.8020000457763672
-0.6959999799728394 -0.8399999737739563 2.9539999961853027
-0.22200000286102295 -0.8460000157356262 2.635999917984009
-0.6060000061988831 -0.9240000247955322 2.7860000133514404
0.07800006866455078 -0.28199994564056396 2.8519999980926514
-0.9359999895095825 -0.8700000047683716 2.7260000705718994
-0.9300000071525574 -0.8759999871253967 2.7139999866485596
-0.3240000009536743 -0.8999999761581421 2.624000072479248
-0.7680000066757202 -0.9480000138282776 2.5280001163482666
-0.4679999351501465 -0.17400002479553223 1.7960000038146973
0.09000003337860107 -0.26999998092651367 2.828000068664551
0.1260000467300415 -0.18599998950958252 2.7260000705718994
-0.3240000009536743 -0.8999999761581421 2.630000114440918
-0.023999929428100586 -0.6240000128746033 2.7739999294281006
-0.09599995613098145 -0.75 2.6419999599456787
-0.671999990940094 -0.9599999785423279 2.492000102996826
-0.437999963760376 -0.22200000286102295 1.8020000457763672
-0.49800002574920654 -0.22200000286102295 1.7899999618530273
-0.3359999656677246 -0.906000018119812 2.624000072479248
-1.350000023841858 -0.40799999237060547 2.630000114440918
-0.49800002574920654 -0.16199994087219238 1.7899999618530273
-1.3199999332427979 -0.5040000081062317 2.5759999752044678
-0.03600001335144043 -0.671999990940094 2.7019999027252197
0.1260000467300415 -0.24599993228912354 2.7260000705718994
-0.7020000219345093 -0.8700000047683716 2.9060001373291016
-0.48000001907348633 -0.9480000138282776 2.630000114440918
-0.8700000047683716 -0.8999999761581421 2.7260000705718994
-1.253999948501587 -0.6240000128746033 2.492000102996826
-0.023999929428100586 -0.6240000128746033 2.7799999713897705
-0.37199997901916504 -0.2999999523162842 1.8259999752044678
-0.671999990940094 -0.8999999761581421 2.8519999980926514
-0.6959999799728394 -0.828000009059906 2.9779999256134033
-0.41999995708465576 -0.12000000476837158 1.8079999685287476
0.10199999809265137 -0.26999998092651367 2.803999900817871
-0.6240000128746033 -0.1799999475479126 1.777999997138977
-0.5999999642372131 -0.9660000205039978 2.552000045776367
-0.006000041961669922 -0.41999995708465576 2.9539999961853027
-0.5220000147819519 -0.17400002479553223 1.784000039100647
-0.6240000128746033 -0.22200000286102295 1.777999997138977
-0.5999999642372131 -0.1799999475479126 1.777999997138977
-1.2480000257492065 -0.6359999775886536 2.503999948501587
-0.37199997901916504 -0.3059999942779541 1.8259999752044678
-1.2719999551773071 -0.5999999642372131 2.509999990463257
-1.2239999771118164 -0.6660000085830688 2.4800000190734863
-0.5999999642372131 -0.17400002479553223 1.777999997138977
-0.5999999642372131 -0.22200000286102295 1.777999997138977
-1.3619999885559082 -0.37199997901916504 2.630000114440918
-0.6420000195503235 -0.22200000286102295 1.777999997138977
-0.3539999723434448 -0.14399993419647217 1.8259999752044678
-0.8700000047683716 -0.906000018119812 2.7079999446868896
0.0 -0.34800004959106445 2.9779999256134033
-0.6480000019073486 -0.1799999475479126 1.777999997138977
-0.8399999737739563 -0.9120000004768372 2.7260000705718994
-0.515999972820282 -0.22200000286102295 1.784000039100647
-0.4259999990463257 -0.23399996757507324 1.8020000457763672
-0.006000041961669922 -0.4620000123977661 2.930000066757202
-0.6539999842643738 -0.22200000286102295 1.777999997138977
-0.14399993419647217 -0.7979999780654907 2.630000114440918
-0.6599999666213989 -0.1799999475479126 1.777999997138977
-0.5999999642372131 -0.9660000205039978 2.503999948501587
-0.018000006675720215 -0.5699999928474426 2.8519999980926514
-0.8759999871253967 -0.906000018119812 2.7019999027252197
-0.6060000061988831 -0.1499999761581421 1.777999997138977
-0.9419999718666077 -0.8640000224113464 2.75600004196167
-0.5699999928474426 -0.22200000286102295 1.777999997138977
-0.593999981880188 -0.1499999761581421 1.777999997138977
-0.5699999928474426 -0.17400002479553223 1.777999997138977
0.0 -0.41999995708465576 2.947999954223633
-0.7559999823570251 -0.9539999961853027 2.498000144958496
-0.5040000081062317 -0.9480000138282776 2.677999973297119
-1.3079999685287476 -0.5399999618530273 2.5460000038146973
0.1260000467300415 -0.25199997425079346 2.73799991607666
-0.41999995708465576 -0.22200000286102295 1.8020000457763672
-0.6480000019073486 -0.9660000205039978 2.492000102996826
-0.6240000128746033 -0.9240000247955322 2.803999900817871
-0.029999971389770508 -0.6240000128746033 2.803999900817871
-0.6359999775886536 -0.9240000247955322 2.803999900817871
-0.3539999723434448 -0.12000000476837158 1.8259999752044678
-0.4440000057220459 -0.2999999523162842 1.8020000457763672
-0.5699999928474426 -0.1499999761581421 1.777999997138977
0.0 -0.4440000057220459 2.936000108718872
-0.17400002479553223 -0.8219999670982361 2.635999917984009
-0.7199999690055847 -0.9599999785423279 2.4860000610351562
-0.03600001335144043 -0.6179999709129333 2.828000068664551
-0.37199997901916504 -0.9240000247955322 2.630000114440918
0.13199996948242188 -0.21599996089935303 2.7260000705718994
-0.029999971389770508 -0.6539999842643738 2.75
-0.4140000343322754 -0.17400002479553223 1.8020000457763672
-0.437999963760376 -0.1679999828338623 1.7960000038146973
-0.5460000038146973 -0.1679999828338623 1.777999997138977
-0.7260000109672546 -0.9599999785423279 2.4860000610351562
-0.671999990940094 -0.8880000114440918 2.888000011444092
-0.6959999799728394 -0.18599998950958252 1.777999997138977
-1.3680000305175781 -0.2940000295639038 2.7019999027252197
-0.7020000219345093 -0.8759999871253967 2.9060001373291016
0.0 -0.4739999771118164 2.9179999828338623
-0.5399999618530273 -0.22200000286102295 1.777999997138977
-0.023999929428100586 -0.6420000195503235 2.76200008392334
-0.8999999761581421 -0.8999999761581421 2.7019999027252197
-1.3680000305175781 -0.34800004959106445 2.6540000438690186
-0.7020000219345093 -0.19200003147125244 1.777999997138977
-1.284000039100647 -0.5879999995231628 2.509999990463257
-0.011999964714050293 -0.5460000038146973 2.875999927520752
-0.5460000038146973 -0.1499999761581421 1.777999997138977
0.10199999809265137 -0.2760000228881836 2.815999984741211
-0.34800004959106445 -0.12000000476837158 1.8259999752044678
-0.4140000343322754 -0.24599993228912354 1.8020000457763672
-0.0419999361038208 -0.7020000219345093 2.6540000438690186
0.0 -0.3960000276565552 2.9660000801086426
0.0 -0.41999995708465576 2.9539999961853027
-0.6959999799728394 -0.9660000205039978 2.503999948501587
-0.4500000476837158 -0.9480000138282776 2.630000114440918
-0.33000004291534424 -0.26999998092651367 1.8320000171661377
-1.343999981880188 -0.4559999704360962 2.611999988555908
-0.10199999809265137 -0.7680000066757202 2.630000114440918
-1.3559999465942383 -0.41999995708465576 2.611999988555908
-0.5519999861717224 -0.9359999895095825 2.7680001258850098
-0.006000041961669922 -0.3240000009536743 3.002000093460083
-0.5759999752044678 -0.9359999895095825 2.7739999294281006
-0.5099999904632568 -0.9480000138282776 2.7019999027252197
-0.37199997901916504 -0.1499999761581421 1.8140000104904175
-1.350000023841858 -0.4440000057220459 2.5940001010894775
0.1260000467300415 -0.2580000162124634 2.75
0.0 -0.37199997901916504 2.9779999256134033
-0.38999998569488525 -0.1499999761581421 1.8079999685287476
-0.029999971389770508 -0.6299999952316284 2.803999900817871
0.024000048637390137 -0.2999999523162842 2.9660000801086426
-1.3739999532699585 -0.3240000009536743 2.6540000438690186
-0.37199997901916504 -0.3059999942779541 1.8200000524520874
-0.38999998569488525 -0.3059999942779541 1.8140000104904175
-0.6420000195503235 -0.2940000295639038 1.777999997138977
-0.527999997138977 -0.24000000953674316 1.777999997138977
-0.3359999656677246 -0.156000018119812 1.8259999752044678
-0.6359999775886536 -0.1799999475479126 1.7719999551773071
-0.6420000195503235 -0.972000002861023 2.5339999198913574
-0.4440000057220459 -0.9480000138282776 2.630000114440918
-0.593999981880188 -0.972000002861023 2.5280001163482666
-0.2999999523162842 -0.8999999761581421 2.624000072479248
-0.906000018119812 -0.8999999761581421 2.7019999027252197
-0.40199995040893555 -0.1979999542236328 1.8020000457763672
-0.6179999709129333 -0.2999999523162842 1.777999997138977
-0.3359999656677246 -0.1499999761581421 1.8259999752044678
-0.006000041961669922 -0.3960000276565552 2.9779999256134033
-0.1380000114440918 -0.7860000133514404 2.7019999027252197
-0.593999981880188 -0.2999999523162842 1.777999997138977
-0.023999929428100586 -0.6240000128746033 2.803999900817871
-0.2999999523162842 -0.8999999761581421 2.630000114440918
-0.6060000061988831 -0.972000002861023 2.503999948501587
-1.3739999532699585 -0.34800004959106445 2.630000114440918
-0.018000006675720215 -0.5999999642372131 2.828000068664551
-0.6599999666213989 -0.1799999475479126 1.7719999551773071
-0.40799999237060547 -0.2580000162124634 1.8020000457763672
-0.8939999938011169 -0.8999999761581421 2.7260000705718994
-0.6779999732971191 -0.8999999761581421 2.870000123977661
-0.6480000019073486 -0.972000002861023 2.503999948501587
-0.33000004291534424 -0.22200000286102295 1.8259999752044678
-0.5220000147819519 -0.14399993419647217 1.777999997138977
-0.40799999237060547 -0.13199996948242188 1.8020000457763672
-0.9240000247955322 -0.8880000114440918 2.7260000705718994
-0.5699999928474426 -0.1679999828338623 1.7719999551773071
-0.6240000128746033 -0.9300000071525574 2.803999900817871
-0.515999972820282 -0.24599993228912354 1.777999997138977
-0.5699999928474426 -0.2999999523162842 1.777999997138977
-0.24000000953674316 -0.8700000047683716 2.635999917984009
-0.6599999666213989 -0.972000002861023 2.503999948501587
-0.3960000276565552 -0.1979999542236328 1.8020000457763672
-0.029999971389770508 -0.671999990940094 2.7260000705718994
-0.34800004959106445 -0.3059999942779541 1.8259999752044678
-0.41999995708465576 -0.2999999523162842 1.8020000457763672
-0.3960000276565552 -0.22200000286102295 1.8020000457763672
-0.3960000276565552 -0.17400002479553223 1.8020000457763672
-0.33000004291534424 -0.24599993228912354 1.8259999752044678
0.10199999809265137 -0.2760000228881836 2.828000068664551
-0.03600001335144043 -0.6959999799728394 2.677999973297119
-0.1979999542236328 -0.8460000157356262 2.635999917984009
-1.343999981880188 -0.4739999771118164 2.5820000171661377
-0.3240000009536743 -0.1979999542236328 1.8259999752044678
-0.006000041961669922 -0.5220000147819519 2.9000000953674316
-0.5640000104904175 -0.14399993419647217 1.7719999551773071
-0.34200000762939453 -0.2999999523162842 1.8259999752044678
-0.006000041961669922 -0.34800004959106445 3.002000093460083
-0.3960000276565552 -0.24599993228912354 1.8020000457763672
-0.03600001335144043 -0.6899999976158142 2.7019999027252197
-0.37199997901916504 -0.1979999542236328 1.8079999685287476
-0.26999998092651367 -0.8880000114440918 2.635999917984009
-0.515999972820282 -0.9480000138282776 2.7260000705718994
-0.5460000038146973 -0.2999999523162842 1.777999997138977
-0.3240000009536743 -0.17400002479553223 1.8259999752044678
0.0 -0.4739999771118164 2.930000066757202
-0.8700000047683716 -0.9120000004768372 2.7260000705718994
0.0 -0.3240000009536743 3.002000093460083
-0.37199997901916504 -0.17400002479553223 1.8079999685287476
-0.5399999618530273 -0.22200000286102295 1.7719999551773071
-0.6660000085830688 -0.9120000004768372 2.8519999980926514
-0.48000001907348633 -0.9599999785423279 2.624000072479248
-0.6779999732971191 -0.906000018119812 2.864000082015991
-0.7020000219345093 -0.8700000047683716 2.930000066757202
-0.13199996948242188 -0.7919999957084656 2.677999973297119
-0.49800002574920654 -0.24599993228912354 1.777999997138977
-0.34800004959106445 -0.9240000247955322 2.630000114440918
-0.3240000009536743 -0.1499999761581421 1.8259999752044678
-0.40799999237060547 -0.22200000286102295 1.7960000038146973
-0.527999997138977 -0.9480000138282776 2.73799991607666
0.0 -0.3960000276565552 2.9779999256134033
-0.6539999842643738 -0.9240000247955322 2.828000068664551
-0.3960000276565552 -0.26999998092651367 1.8020000457763672
-0.5040000081062317 -0.26999998092651367 1.777999997138977
-0.5220000147819519 -0.2940000295639038 1.777999997138977
-0.41999995708465576 -0.9480000138282776 2.630000114440918
-0.7080000042915344 -0.972000002861023 2.503999948501587
-0.5999999642372131 -0.9779999852180481 2.5280001163482666
0.024000048637390137 -0.2999999523162842 2.9779999256134033
-0.5999999642372131 -0.17400002479553223 1.7660000324249268
-0.34800004959106445 -0.17400002479553223 1.8140000104904175
-0.49800002574920654 -0.26999998092651367 1.777999997138977
-0.36000001430511475 -0.9300000071525574 2.630000114440918
-0.6179999709129333 -0.9779999852180481 2.509999990463257
-0.6359999775886536 -0.9779999852180481 2.509999990463257
-0.023999929428100586 -0.6480000019073486 2.7799999713897705
-0.5220000147819519 -0.24599993228912354 1.7719999551773071
-0.7559999823570251 -0.9660000205039978 2.503999948501587
-0.3240000009536743 -0.12000000476837158 1.8259999752044678
-0.3240000009536743 -0.9179999828338623 2.624000072479248
-0.40799999237060547 -0.13199996948242188 1.7960000038146973
-1.2719999551773071 -0.6240000128746033 2.503999948501587
-0.5999999642372131 -0.1499999761581421 1.7660000324249268
-0.34800004959106445 -0.1499999761581421 1.8140000104904175
-1.2599999904632568 -0.6420000195503235 2.503999948501587
-0.5339999794960022 -0.9480000138282776 2.75
-0.6539999842643738 -0.9779999852180481 2.503999948501587
-0.34800004959106445 -0.3059999942779541 1.8200000524520874
-0.029999971389770508 -0.6480000019073486 2.7980000972747803
-0.5640000104904175 -0.22200000286102295 1.7660000324249268
-1.2960000038146973 -0.5879999995231628 2.5280001163482666
-0.6779999732971191 -0.9779999852180481 2.5280001163482666
-0.09599995613098145 -0.7739999890327454 2.635999917984009
0.0 -0.34800004959106445 3.002000093460083
-0.906000018119812 -0.906000018119812 2.7139999866485596
-0.40799999237060547 -0.12000000476837158 1.7960000038146973
-0.006000041961669922 -0.5339999794960022 2.9000000953674316
-0.4739999771118164 -0.24599993228912354 1.777999997138977
-0.41999995708465576 -0.24599993228912354 1.7899999618530273
-0.3960000276565552 -0.2999999523162842 1.8020000457763672
-0.4440000057220459 -0.24599993228912354 1.784000039100647
-1.350000023841858 -0.4739999771118164 2.5820000171661377
0.006000041961669922 -0.49800002574920654 2.9119999408721924
-1.2179999351501465 -0.6899999976158142 2.437999963760376
0.08399999141693115 -0.2879999876022339 2.881999969482422
-1.3199999332427979 -0.5460000038146973 2.552000045776367
-0.3240000009536743 -0.17400002479553223 1.8200000524520874
-0.3960000276565552 -0.24599993228912354 1.7960000038146973
-0.9300000071525574 -0.8939999938011169 2.7260000705718994
-0.7020000219345093 -0.8759999871253967 2.930000066757202
-1.3079999685287476 -0.5699999928474426 2.5399999618530273
-0.37199997901916504 -0.22200000286102295 1.8020000457763672
-0.49800002574920654 -0.2999999523162842 1.777999997138977
-1.3320000171661377 -0.5220000147819519 2.558000087738037
-0.12000000476837158 -0.7979999780654907 2.630000114440918
-0.018000006675720215 -0.5999999642372131 2.8519999980926514
-1.3919999599456787 -0.2879999876022339 2.635999917984009
-0.38399994373321533 -0.11399996280670166 1.8020000457763672
-0.5339999794960022 -0.9419999718666077 2.7799999713897705
0.1380000114440918 -0.24599993228912354 2.75
-0.023999929428100586 -0.6539999842643738 2.7799999713897705
-0.4739999771118164 -0.26999998092651367 1.777999997138977
-0.3240000009536743 -0.1499999761581421 1.8200000524520874
-0.5460000038146973 -0.24599993228912354 1.7660000324249268
-0.4440000057220459 -0.26999998092651367 1.784000039100647
-0.03600001335144043 -0.7080000042915344 2.677999973297119
-0.37199997901916504 -0.24599993228912354 1.8020000457763672
0.0 -0.5220000147819519 2.9060001373291016
-0.2999999523162842 -0.9120000004768372 2.624000072479248
0.04200005531311035 -0.2999999523162842 2.9600000381469727
-0.6060000061988831 -0.9480000138282776 2.7799999713897705
-0.34800004959106445 -0.1979999542236328 1.8079999685287476
-0.5999999642372131 -0.9480000138282776 2.7799999713897705
-1.3739999532699585 -0.3960000276565552 2.630000114440918
-1.343999981880188 -0.49800002574920654 2.5759999752044678
-0.6179999709129333 -0.9839999675750732 2.5280001163482666
-0.34800004959106445 -0.22200000286102295 1.8079999685287476
-0.75 -0.972000002861023 2.503999948501587
-0.6179999709129333 -0.17400002479553223 1.7599999904632568
-0.8939999938011169 -0.9120000004768372 2.7260000705718994
-1.2239999771118164 -0.6899999976158142 2.450000047683716
-0.4739999771118164 -0.2879999876022339 1.777999997138977
-0.49800002574920654 -0.26999998092651367 1.7719999551773071
-0.6480000019073486 -0.9839999675750732 2.5280001163482666
-0.7199999690055847 -0.9779999852180481 2.5280001163482666
-0.37199997901916504 -0.26999998092651367 1.8020000457763672
-0.5699999928474426 -0.9480000138282776 2.7799999713897705
-0.3240000009536743 -0.12000000476837158 1.8200000524520874
-0.3960000276565552 -0.9480000138282776 2.635999917984009
0.0 -0.5460000038146973 2.888000011444092
-0.4440000057220459 -0.2940000295639038 1.784000039100647
-0.7080000042915344 -0.8339999914169312 3.002000093460083
-0.7199999690055847 -0.9779999852180481 2.503999948501587
-0.3240000009536743 -0.9240000247955322 2.630000114440918
0.13199996948242188 -0.2580000162124634 2.7799999713897705
-0.671999990940094 -0.9839999675750732 2.5280001163482666
-0.49800002574920654 -0.2879999876022339 1.7719999551773071
-0.023999929428100586 -0.671999990940094 2.75600004196167
-0.006000041961669922 -0.5699999928474426 2.875999927520752
-0.7680000066757202 -0.972000002861023 2.5280001163482666
-0.37199997901916504 -0.10800004005432129 1.8020000457763672
-0.09000003337860107 -0.7739999890327454 2.6540000438690186
-0.3240000009536743 -0.1979999542236328 1.8140000104904175
-0.5699999928474426 -0.24599993228912354 1.7599999904632568
-0.3240000009536743 -0.21599996089935303 1.8140000104904175
-0.5220000147819519 -0.26999998092651367 1.7660000324249268
-0.7319999933242798 -0.9779999852180481 2.503999948501587
-0.37199997901916504 -0.2940000295639038 1.8020000457763672
-0.6899999976158142 -0.8999999761581421 2.9000000953674316
-0.9179999828338623 -0.906000018119812 2.7260000705718994
-1.3860000371932983 -0.2879999876022339 2.7079999446868896
-0.11399996280670166 -0.7919999957084656 2.677999973297119
-0.3359999656677246 -0.10199999809265137 1.8140000104904175
0.03600001335144043 -0.2999999523162842 2.9779999256134033
-0.156000018119812 -0.8339999914169312 2.630000114440918
-0.4739999771118164 -0.26999998092651367 1.7719999551773071
-0.41999995708465576 -0.26999998092651367 1.784000039100647
-0.21000003814697266 -0.8700000047683716 2.630000114440918
-0.4500000476837158 -0.9660000205039978 2.630000114440918
-0.49800002574920654 -0.972000002861023 2.6540000438690186
-0.48000001907348633 -0.972000002861023 2.630000114440918
-1.2719999551773071 -0.6420000195503235 2.5280001163482666
0.1260000467300415 -0.26999998092651367 2.803999900817871
-0.4440000057220459 -0.9660000205039978 2.618000030517578
-1.343999981880188 -0.5099999904632568 2.5759999752044678
0.060000061988830566 -0.2940000295639038 2.941999912261963
-0.029999971389770508 -0.6420000195503235 2.8340001106262207
-1.2480000257492065 -0.671999990940094 2.4800000190734863
-0.3960000276565552 -0.26999998092651367 1.7899999618530273
-0.029999971389770508 -0.6959999799728394 2.7260000705718994
-0.6299999952316284 -0.9480000138282776 2.7980000972747803
-0.10800004005432129 -0.7979999780654907 2.624000072479248
-0.8579999804496765 -0.9240000247955322 2.75
-0.5220000147819519 -0.2940000295639038 1.7660000324249268
-0.1380000114440918 -0.8219999670982361 2.630000114440918
-0.4739999771118164 -0.28199994564056396 1.7719999551773071
-0.07200002670288086 -0.7559999823570251 2.677999973297119
-1.3799999952316284 -0.3960000276565552 2.630000114440918
-1.3860000371932983 -0.37199997901916504 2.630000114440918
0.011999964714050293 -0.40799999237060547 2.9779999256134033
-0.6240000128746033 -0.22200000286102295 1.7540000677108765
-0.41999995708465576 -0.2879999876022339 1.784000039100647
-0.5040000081062317 -0.972000002861023 2.671999931335449
-0.5460000038146973 -0.26999998092651367 1.7599999904632568
-1.3919999599456787 -0.33000004291534424 2.6540000438690186
-0.37199997901916504 -0.26999998092651367 1.7960000038146973
-0.011999964714050293 -0.6240000128746033 2.828000068664551
0.0 -0.5460000038146973 2.9000000953674316
-0.6420000195503235 -0.22200000286102295 1.7540000677108765
-0.593999981880188 -0.22200000286102295 1.7540000677108765
-0.4620000123977661 -0.972000002861023 2.618000030517578
-0.34800004959106445 -0.24599993228912354 1.8020000457763672
-0.6539999842643738 -0.21599996089935303 1.7540000677108765
-0.3960000276565552 -0.2879999876022339 1.7899999618530273
-0.6480000019073486 -0.1679999828338623 1.7540000677108765
-0.018000006675720215 -0.6480000019073486 2.803999900817871
-0.6359999775886536 -0.24000000953674316 1.7540000677108765
-0.6359999775886536 -0.9480000138282776 2.803999900817871
-0.029999971389770508 -0.6899999976158142 2.75
-0.5040000081062317 -0.972000002861023 2.677999973297119
-0.6179999709129333 -0.1499999761581421 1.7540000677108765
-0.6240000128746033 -0.24599993228912354 1.7540000677108765
-0.8819999694824219 -0.9179999828338623 2.75
-0.5999999642372131 -0.24599993228912354 1.7540000677108765
-0.6420000195503235 -0.1499999761581421 1.7540000677108765
-0.6299999952316284 -0.25199997425079346 1.7540000677108765
-0.527999997138977 -0.9660000205039978 2.7260000705718994
-1.3980000019073486 -0.2999999523162842 2.6540000438690186
-0.671999990940094 -0.17400002479553223 1.7540000677108765
-0.5460000038146973 -0.2879999876022339 1.7599999904632568
-0.37199997901916504 -0.2879999876022339 1.7960000038146973
-1.3199999332427979 -0.5699999928474426 2.552000045776367
0.1380000114440918 -0.24599993228912354 2.7860000133514404
0.018000006675720215 -0.4440000057220459 2.9539999961853027
-0.7680000066757202 -0.9779999852180481 2.5220000743865967
-0.34800004959106445 -0.26999998092651367 1.8020000457763672
-0.6840000152587891 -0.21599996089935303 1.7540000677108765
-1.3980000019073486 -0.3179999589920044 2.6419999599456787
-0.029999971389770508 -0.6599999666213989 2.815999984741211
-0.029999971389770508 -0.7020000219345093 2.7260000705718994
-0.6840000152587891 -0.17400002479553223 1.7540000677108765
-0.6899999976158142 -0.1979999542236328 1.7540000677108765
-0.6119999885559082 -0.26999998092651367 1.7540000677108765
-0.7379999756813049 -0.9839999675750732 2.5280001163482666
-0.5999999642372131 -0.26999998092651367 1.7540000677108765
0.0 -0.5699999928474426 2.881999969482422
-0.023999929428100586 -0.6959999799728394 2.7260000705718994
-1.2719999551773071 -0.6480000019073486 2.4860000610351562
-0.6480000019073486 -0.9419999718666077 2.828000068664551
-0.49800002574920654 -0.972000002861023 2.690000057220459
-0.5699999928474426 -0.26999998092651367 1.7540000677108765
-1.2899999618530273 -0.6240000128746033 2.503999948501587
-1.3980000019073486 -0.2940000295639038 2.677999973297119
-0.5099999904632568 -0.972000002861023 2.7019999027252197
-0.2999999523162842 -0.9240000247955322 2.630000114440918
-0.006000041961669922 -0.5879999995231628 2.875999927520752
-0.34800004959106445 -0.2940000295639038 1.8020000457763672
-1.3739999532699585 -0.4440000057220459 2.6059999465942383
-1.3199999332427979 -0.5759999752044678 2.552000045776367
0.1260000467300415 -0.2760000228881836 2.822000026702881
-1.3980000019073486 -0.3240000009536743 2.6540000438690186
-0.1979999542236328 -0.8700000047683716 2.635999917984009
-0.4739999771118164 -0.9779999852180481 2.630000114440918
-0.3240000009536743 -0.26999998092651367 1.8079999685287476
-0.029999971389770508 -0.7139999866485596 2.7019999027252197
-0.6240000128746033 -0.2940000295639038 1.7540000677108765
-0.7139999866485596 -0.9900000095367432 2.558000087738037
0.04799997806549072 -0.3059999942779541 2.9720001220703125
-0.6359999775886536 -0.2940000295639038 1.7540000677108765
-0.5999999642372131 -0.2940000295639038 1.7540000677108765
-1.3799999952316284 -0.41999995708465576 2.630000114440918
-0.3240000009536743 -0.2760000228881836 1.8079999685287476
-0.5040000081062317 -0.9779999852180481 2.671999931335449
-0.5699999928474426 -0.2879999876022339 1.7540000677108765
-0.6480000019073486 -0.9959999918937683 2.558000087738037
-1.277999997138977 -0.6480000019073486 2.5460000038146973
-0.6599999666213989 -0.2940000295639038 1.7540000677108765
-0.6539999842643738 -0.9959999918937683 2.558000087738037
-1.3079999685287476 -0.5999999642372131 2.5220000743865967
-0.437999963760376 -0.972000002861023 2.630000114440918
-1.3739999532699585 -0.4500000476837158 2.6059999465942383
-0.7619999647140503 -0.9839999675750732 2.5280001163482666
-1.3980000019073486 -0.34800004959106445 2.635999917984009
-0.6240000128746033 -0.24599993228912354 1.7480000257492065
0.1260000467300415 -0.2760000228881836 2.828000068664551
-0.09599995613098145 -0.7979999780654907 2.630000114440918
-1.3380000591278076 -0.5460000038146973 2.552000045776367
-0.6420000195503235 -0.1499999761581421 1.7480000257492065
-0.6840000152587891 -0.9240000247955322 2.875999927520752
-0.5220000147819519 -0.972000002861023 2.7260000705718994
-0.07799994945526123 -0.7739999890327454 2.677999973297119
-1.4040000438690186 -0.2999999523162842 2.6600000858306885
-0.03600001335144043 -0.6959999799728394 2.7799999713897705
0.060000061988830566 -0.2999999523162842 2.9600000381469727
-0.6840000152587891 -0.9959999918937683 2.564000129699707
-0.07200002670288086 -0.7739999890327454 2.6540000438690186
-0.9419999718666077 -0.8999999761581421 2.75600004196167
0.018000006675720215 -0.49800002574920654 2.930000066757202
0.029999971389770508 -0.4440000057220459 2.947999954223633
0.029999971389770508 -0.37199997901916504 2.9839999675750732
-0.5999999642372131 -0.26999998092651367 1.7480000257492065
-0.011999964714050293 -0.6240000128746033 2.8519999980926514
-0.023999929428100586 -0.6959999799728394 2.75
-0.8579999804496765 -0.9300000071525574 2.7680001258850098
0.04799997806549072 -0.312000036239624 2.9779999256134033
-0.08399999141693115 -0.7739999890327454 2.7079999446868896
0.09599995613098145 -0.2879999876022339 2.9000000953674316
-0.6539999842643738 -0.9480000138282776 2.828000068664551
-0.34800004959106445 -0.2879999876022339 1.7960000038146973
-0.49800002574920654 -0.9779999852180481 2.690000057220459
0.029999971389770508 -0.3240000009536743 3.002000093460083
-0.9359999895095825 -0.906000018119812 2.75
-1.4040000438690186 -0.3240000009536743 2.6480000019073486
-1.3259999752044678 -0.5759999752044678 2.552000045776367
-0.054000020027160645 -0.7379999756813049 2.7320001125335693
0.12000000476837158 -0.2760000228881836 2.8519999980926514
-0.12000000476837158 -0.8219999670982361 2.630000114440918
0.024000048637390137 -0.4559999704360962 2.9539999961853027
-0.5999999642372131 -0.2879999876022339 1.7480000257492065
-0.029999971389770508 -0.7260000109672546 2.690000057220459
-0.41999995708465576 -0.972000002861023 2.630000114440918
0.029999971389770508 -0.41999995708465576 2.9660000801086426
0.029999971389770508 -0.3960000276565552 2.9779999256134033
-0.3960000276565552 -0.9660000205039978 2.630000114440918
-0.07200002670288086 -0.7619999647140503 2.7200000286102295
-0.7199999690055847 -0.2940000295639038 1.7540000677108765
0.029999971389770508 -0.4440000057220459 2.9539999961853027
-0.059999942779541016 -0.7379999756813049 2.75600004196167
0.13199996948242188 -0.26999998092651367 2.828000068664551
-0.5339999794960022 -0.972000002861023 2.75
-1.3079999685287476 -0.6119999885559082 2.5280001163482666
-0.6480000019073486 -0.22200000286102295 1.7419999837875366
0.029999971389770508 -0.4739999771118164 2.936000108718872
0.1380000114440918 -0.11399996280670166 2.809999942779541
-0.23399996757507324 -0.8999999761581421 2.635999917984009
0.0 -0.5999999642372131 2.870000123977661
-1.3320000171661377 -0.5699999928474426 2.5280001163482666
-0.09000003337860107 -0.7919999957084656 2.677999973297119
-0.6660000085830688 -1.0019999742507935 2.564000129699707
-0.6840000152587891 -0.9300000071525574 2.875999927520752
-0.3359999656677246 -0.9480000138282776 2.630000114440918
-0.011999964714050293 -0.6480000019073486 2.828000068664551
-1.2480000257492065 -0.6959999799728394 2.4800000190734863
-0.6480000019073486 -0.24599993228912354 1.7419999837875366
-1.284000039100647 -0.6480000019073486 2.4860000610351562
-1.2660000324249268 -0.671999990940094 2.4739999771118164
-0.671999990940094 -0.22200000286102295 1.7419999837875366
0.029999971389770508 -0.34800004959106445 3.002000093460083
-0.7139999866485596 -0.8519999980926514 3.008000135421753
-0.029999971389770508 -0.7260000109672546 2.7079999446868896
-0.7379999756813049 -0.2940000295639038 1.7540000677108765
0.06599998474121094 -0.3059999942779541 2.9600000381469727
-0.018000006675720215 -0.671999990940094 2.803999900817871
-0.9120000004768372 -0.9179999828338623 2.76200008392334
-0.023999929428100586 -0.7139999866485596 2.7260000705718994
-0.6240000128746033 -0.26999998092651367 1.7419999837875366
0.0 -0.5999999642372131 2.875999927520752
-1.3980000019073486 -0.3960000276565552 2.618000030517578
-0.5759999752044678 -0.972000002861023 2.7739999294281006
-1.2480000257492065 -0.6959999799728394 2.4559998512268066
0.029999971389770508 -0.4140000343322754 2.9779999256134033
-0.03600001335144043 -0.7020000219345093 2.7920000553131104
-1.2960000038146973 -0.6359999775886536 2.503999948501587
-0.5699999928474426 -0.972000002861023 2.7739999294281006
-0.6959999799728394 -1.0019999742507935 2.5759999752044678
-0.6299999952316284 -0.9660000205039978 2.7980000972747803
-0.08399999141693115 -0.7919999957084656 2.671999931335449
-0.6060000061988831 -0.972000002861023 2.7799999713897705
-0.7919999957084656 -0.2760000228881836 1.7599999904632568
-0.5999999642372131 -0.972000002861023 2.7799999713897705
-0.10199999809265137 -0.8159999847412109 2.624000072479248
-0.6240000128746033 -0.2879999876022339 1.7419999837875366
-1.3199999332427979 -0.5999999642372131 2.5280001163482666
-1.409999966621399 -0.3240000009536743 2.6540000438690186
-0.7860000133514404 -0.21000003814697266 1.7540000677108765
-1.3799999952316284 -0.4679999351501465 2.5940001010894775
-0.3240000009536743 -0.9480000138282776 2.630000114440918
-0.5699999928474426 -0.972000002861023 2.7799999713897705
-0.08399999141693115 -0.7799999713897705 2.7260000705718994
0.04200005531311035 -0.3960000276565552 2.9720001220703125
-1.2719999551773071 -0.671999990940094 2.4800000190734863
-0.07799994945526123 -0.7979999780654907 2.618000030517578
-1.350000023841858 -0.5460000038146973 2.552000045776367
0.024000048637390137 -0.5099999904632568 2.930000066757202
-0.7860000133514404 -0.24000000953674316 1.7540000677108765
0.029999971389770508 -0.49800002574920654 2.930000066757202
-0.1380000114440918 -0.8460000157356262 2.630000114440918
-0.26999998092651367 -0.9240000247955322 2.6419999599456787
-0.6899999976158142 -0.9240000247955322 2.9000000953674316
-0.22200000286102295 -0.8999999761581421 2.635999917984009
-0.4559999704360962 -0.9900000095367432 2.611999988555908
0.04799997806549072 -0.34800004959106445 2.9839999675750732
-1.409999966621399 -0.3359999656677246 2.6540000438690186
-1.3739999532699585 -0.4859999418258667 2.6059999465942383
-0.6660000085830688 -0.9480000138282776 2.8519999980926514
-1.3619999885559082 -0.5220000147819519 2.558000087738037
-1.409999966621399 -0.34800004959106445 2.6419999599456787
-0.5460000038146973 -0.972000002861023 2.7799999713897705
-0.029999971389770508 -0.7199999690055847 2.75
0.011999964714050293 -0.5699999928474426 2.9000000953674316
0.03600001335144043 -0.49800002574920654 2.9240000247955322
0.054000020027160645 -0.34800004959106445 2.9779999256134033
-0.023999929428100586 -0.7139999866485596 2.75
0.0 -0.6240000128746033 2.8580000400543213
-0.19200003147125244 -0.8819999694824219 2.6540000438690186
-0.4859999418258667 -0.9959999918937683 2.630000114440918
0.07800006866455078 -0.2999999523162842 2.9539999961853027
-0.671999990940094 -0.24599993228912354 1.7360000610351562
0.060000061988830566 -0.34200000762939453 2.9720001220703125
-0.515999972820282 -0.9900000095367432 2.7019999027252197
-1.3140000104904175 -0.6179999709129333 2.509999990463257
-0.6959999799728394 -0.1979999542236328 1.7360000610351562
-0.6480000019073486 -0.26999998092651367 1.7360000610351562
-1.3739999532699585 -0.49800002574920654 2.5759999752044678
-0.018000006675720215 -0.6959999799728394 2.7799999713897705
-1.3980000019073486 -0.41999995708465576 2.618000030517578
-0.7799999713897705 -0.1979999542236328 1.7480000257492065
-1.3919999599456787 -0.4440000057220459 2.6059999465942383
0.029999971389770508 -0.5220000147819519 2.9179999828338623
-0.07200002670288086 -0.7979999780654907 2.618000030517578
-0.029999971389770508 -0.7319999933242798 2.7260000705718994
-1.409999966621399 -0.3659999370574951 2.635999917984009
0.10800004005432129 -0.28199994564056396 2.9060001373291016
0.03600001335144043 -0.4620000123977661 2.9539999961853027
-0.07799994945526123 -0.8040000200271606 2.618000030517578
-0.26399993896484375 -0.9240000247955322 2.6540000438690186
-0.49800002574920654 -0.9959999918937683 2.6600000858306885
-1.277999997138977 -0.671999990940094 2.4800000190734863
-0.8999999761581421 -0.9300000071525574 2.7680001258850098
0.029999971389770508 -0.5099999904632568 2.930000066757202
-0.6480000019073486 -0.2879999876022339 1.7360000610351562
0.09599995613098145 -0.2879999876022339 2.930000066757202
-1.343999981880188 -0.5699999928474426 2.552000045776367
-0.6240000128746033 -0.972000002861023 2.803999900817871
-0.6359999775886536 -0.972000002861023 2.803999900817871
-0.023999929428100586 -0.7260000109672546 2.7320001125335693
-0.5040000081062317 -0.9959999918937683 2.677999973297119
-0.6779999732971191 -0.9480000138282776 2.864000082015991
-0.16199994087219238 -0.8700000047683716 2.635999917984009
-0.7020000219345093 -0.9240000247955322 2.9119999408721924
-0.9120000004768372 -0.9240000247955322 2.7799999713897705
-0.8640000224113464 -0.9419999718666077 2.7799999713897705
-0.5220000147819519 -0.9900000095367432 2.7260000705718994
-0.09599995613098145 -0.8219999670982361 2.630000114440918
-0.8819999694824219 -0.9359999895095825 2.7799999713897705
-0.3659999370574951 -0.972000002861023 2.630000114440918
-0.527999997138977 -0.9900000095367432 2.7320001125335693
-0.07200002670288086 -0.8040000200271606 2.618000030517578
-0.671999990940094 -0.156000018119812 1.7300000190734863
0.029999971389770508 -0.5460000038146973 2.9060001373291016
-0.006000041961669922 -0.6480000019073486 2.8519999980926514
-0.2999999523162842 -0.9480000138282776 2.630000114440918
-0.906000018119812 -0.9300000071525574 2.7739999294281006
-0.059999942779541016 -0.75 2.7799999713897705
-1.3320000171661377 -0.5999999642372131 2.5280001163482666
-1.3799999952316284 -0.49800002574920654 2.5820000171661377
-0.4440000057220459 -0.9959999918937683 2.618000030517578
0.07800006866455078 -0.3059999942779541 2.9660000801086426
-0.6959999799728394 -0.22200000286102295 1.7300000190734863
-0.7799999713897705 -0.20399999618530273 1.7419999837875366
-0.7020000219345093 -0.9179999828338623 2.930000066757202
-0.6959999799728394 -0.16199994087219238 1.7300000190734863
-1.409999966621399 -0.3960000276565552 2.630000114440918
-1.3739999532699585 -0.515999972820282 2.5759999752044678
-0.7799999713897705 -0.22800004482269287 1.7419999837875366
0.054000020027160645 -0.4440000057220459 2.947999954223633
-0.671999990940094 -0.26999998092651367 1.7300000190734863
-1.350000023841858 -0.5699999928474426 2.5460000038146973
-0.6959999799728394 -0.24599993228912354 1.7300000190734863
-1.4220000505447388 -0.2999999523162842 2.677999973297119
-0.018000006675720215 -0.6959999799728394 2.803999900817871
-1.2960000038146973 -0.6599999666213989 2.503999948501587
-0.12000000476837158 -0.8460000157356262 2.630000114440918
-0.08399999141693115 -0.7860000133514404 2.75600004196167
0.054000020027160645 -0.3240000009536743 3.002000093460083
-0.8460000157356262 -0.9539999961853027 2.7739999294281006
-1.4220000505447388 -0.3059999942779541 2.677999973297119
-0.07200002670288086 -0.7979999780654907 2.677999973297119
-0.07799994945526123 -0.7979999780654907 2.7019999027252197
-0.06599998474121094 -0.75 2.803999900817871
-0.006000041961669922 -0.6539999842643738 2.8519999980926514
-0.7199999690055847 -0.1979999542236328 1.7300000190734863
-0.3359999656677246 -0.9660000205039978 2.630000114440918
-0.7199999690055847 -0.22200000286102295 1.7300000190734863
-0.7199999690055847 -0.17400002479553223 1.7300000190734863
-0.671999990940094 -0.2879999876022339 1.7300000190734863
0.07200002670288086 -0.3179999589920044 2.9779999256134033
-0.6959999799728394 -0.26999998092651367 1.7300000190734863
-0.1979999542236328 -0.8999999761581421 2.635999917984009
0.054000020027160645 -0.3960000276565552 2.9779999256134033
-1.2660000324249268 -0.7020000219345093 2.4800000190734863
-0.059999942779541016 -0.7979999780654907 2.630000114440918
-0.4320000410079956 -0.9959999918937683 2.630000114440918
0.054000020027160645 -0.4440000057220459 2.9539999961853027
-0.7199999690055847 -0.24599993228912354 1.7300000190734863
0.054000020027160645 -0.3359999656677246 3.002000093460083
-0.006000041961669922 -0.671999990940094 2.828000068664551
-0.029999971389770508 -0.7379999756813049 2.75
-0.7080000042915344 -0.26999998092651367 1.7300000190734863
0.029999971389770508 -0.5699999928474426 2.8940000534057617
-0.6480000019073486 -0.972000002861023 2.828000068664551
0.006000041961669922 -0.6240000128746033 2.875999927520752
-0.6539999842643738 -0.972000002861023 2.828000068664551
-0.6959999799728394 -0.2879999876022339 1.7300000190734863
-1.2719999551773071 -0.6959999799728394 2.4800000190734863
-0.9959999918937683 -0.8640000224113464 2.8519999980926514
-0.023999929428100586 -0.7199999690055847 2.7799999713897705
-0.5579999685287476 -0.9900000095367432 2.7680001258850098
-0.671999990940094 -0.156000018119812 1.7239999771118164
0.024000048637390137 -0.5759999752044678 2.9000000953674316
-0.7379999756813049 -0.22200000286102295 1.7300000190734863
-1.3079999685287476 -0.6480000019073486 2.498000144958496
-0.7020000219345093 -0.2879999876022339 1.7300000190734863
-0.8519999980926514 -0.9539999961853027 2.7799999713897705
-0.7260000109672546 -0.2580000162124634 1.7300000190734863
-0.7319999933242798 -0.24599993228912354 1.7300000190734863
-1.409999966621399 -0.41999995708465576 2.618000030517578
0.0 -0.6480000019073486 2.8580000400543213
-1.2719999551773071 -0.6959999799728394 2.4679999351501465
0.054000020027160645 -0.40799999237060547 2.9779999256134033
-0.7440000176429749 -0.17400002479553223 1.7300000190734863
-0.23399996757507324 -0.9240000247955322 2.635999917984009
-0.41999995708465576 -0.9959999918937683 2.630000114440918
-0.75 -0.1979999542236328 1.7300000190734863
0.06599998474121094 -0.41999995708465576 2.9539999961853027
0.029999971389770508 -0.5699999928474426 2.9000000953674316
-1.4279999732971191 -0.2999999523162842 2.677999973297119
0.07800006866455078 -0.312000036239624 2.9779999256134033
-0.9959999918937683 -0.8700000047683716 2.8459999561309814
-0.10199999809265137 -0.8399999737739563 2.624000072479248
0.06599998474121094 -0.37199997901916504 2.9779999256134033
-0.4620000123977661 -1.0080000162124634 2.611999988555908
-0.6959999799728394 -0.9419999718666077 2.9000000953674316
-1.3199999332427979 -0.6359999775886536 2.5280001163482666
-0.5339999794960022 -0.9959999918937683 2.75
-0.9120000004768372 -0.9300000071525574 2.7980000972747803
-0.023999929428100586 -0.7379999756813049 2.75
-0.07200002670288086 -0.7979999780654907 2.7139999866485596
-0.7619999647140503 -0.1979999542236328 1.7300000190734863
-0.7199999690055847 -0.22200000286102295 1.7239999771118164
-0.6959999799728394 -0.26999998092651367 1.7239999771118164
0.054000020027160645 -0.4620000123977661 2.9539999961853027
-1.4160000085830688 -0.40799999237060547 2.630000114440918
-1.3980000019073486 -0.4739999771118164 2.6059999465942383
-0.7199999690055847 -0.24599993228912354 1.7239999771118164
-1.4279999732971191 -0.34800004959106445 2.6480000019073486
0.054000020027160645 -0.49800002574920654 2.930000066757202
-0.7799999713897705 -0.28199994564056396 1.7360000610351562
0.0 -0.671999990940094 2.8340001106262207
-0.054000020027160645 -0.7979999780654907 2.6540000438690186
0.08399999141693115 -0.2999999523162842 2.9779999256134033
-0.6959999799728394 -0.2879999876022339 1.7239999771118164
-0.5820000171661377 -0.9959999918937683 2.7739999294281006
-0.4859999418258667 -1.0139999389648438 2.630000114440918
-0.7739999890327454 -0.22200000286102295 1.7300000190734863
-0.054000020027160645 -0.7619999647140503 2.7799999713897705
-0.22200000286102295 -0.9240000247955322 2.630000114440918
-0.2760000228881836 -0.9480000138282776 2.6540000438690186
0.06599998474121094 -0.4739999771118164 2.930000066757202
-0.4440000057220459 -1.0080000162124634 2.618000030517578
-0.6060000061988831 -0.9959999918937683 2.7799999713897705
0.07200002670288086 -0.3960000276565552 2.9660000801086426
-1.284000039100647 -0.6899999976158142 2.4679999351501465
-0.5999999642372131 -0.9959999918937683 2.7799999713897705
-0.7739999890327454 -0.24599993228912354 1.7300000190734863
-0.75 -0.2940000295639038 1.7300000190734863
-0.3240000009536743 -0.972000002861023 2.630000114440918
-1.3320000171661377 -0.6240000128746033 2.509999990463257
0.054000020027160645 -0.5040000081062317 2.930000066757202
-0.26999998092651367 -0.9480000138282776 2.6419999599456787
-1.409999966621399 -0.4440000057220459 2.618000030517578
-0.75 -0.1979999542236328 1.7239999771118164
-0.09000003337860107 -0.7979999780654907 2.7799999713897705
0.07800006866455078 -0.34800004959106445 2.9779999256134033
-0.5699999928474426 -0.9959999918937683 2.7799999713897705
-0.6299999952316284 -0.9900000095367432 2.803999900817871
0.10199999809265137 -0.2940000295639038 2.9539999961853027
-1.4040000438690186 -0.4679999351501465 2.6059999465942383
-1.3799999952316284 -0.5339999794960022 2.5759999752044678
-0.07200002670288086 -0.8219999670982361 2.630000114440918
-0.011999964714050293 -0.6959999799728394 2.828000068664551
-0.13199996948242188 -0.8700000047683716 2.630000114440918
-0.029999971389770508 -0.7379999756813049 2.7860000133514404
-0.6660000085830688 -0.972000002861023 2.8519999980926514
-0.26999998092651367 -0.9480000138282776 2.6540000438690186
0.07800006866455078 -0.41999995708465576 2.947999954223633
-1.4279999732971191 -0.37199997901916504 2.6419999599456787
-1.434000015258789 -0.3240000009536743 2.6660001277923584
-0.5040000081062317 -1.0139999389648438 2.677999973297119
-0.7619999647140503 -0.1979999542236328 1.7239999771118164
-1.3079999685287476 -0.6660000085830688 2.503999948501587
-1.4040000438690186 -0.4739999771118164 2.5999999046325684
-1.3199999332427979 -0.6480000019073486 2.503999948501587
-0.7799999713897705 -0.26999998092651367 1.7300000190734863
-0.07200002670288086 -0.8040000200271606 2.7260000705718994
-1.434000015258789 -0.34200000762939453 2.6540000438690186
-0.7739999890327454 -0.2879999876022339 1.7300000190734863
-1.3980000019073486 -0.4919999837875366 2.6059999465942383
0.029999971389770508 -0.5999999642372131 2.888000011444092
-0.09599995613098145 -0.8460000157356262 2.624000072479248
-0.6539999842643738 -0.9839999675750732 2.828000068664551
-0.8759999871253967 -0.9539999961853027 2.7920000553131104
-0.7680000066757202 -0.22200000286102295 1.7239999771118164
-0.312000036239624 -0.972000002861023 2.624000072479248
-0.5879999995231628 -1.0019999742507935 2.7739999294281006
-0.09599995613098145 -0.8460000157356262 2.630000114440918
0.0 -0.6959999799728394 2.809999942779541
-0.38399994373321533 -0.9959999918937683 2.635999917984009
-0.6779999732971191 -0.972000002861023 2.8580000400543213
0.07800006866455078 -0.3960000276565552 2.9660000801086426
0.07800006866455078 -0.41999995708465576 2.9539999961853027
-0.48000001907348633 -1.0199999809265137 2.624000072479248
-0.7199999690055847 -0.26999998092651367 1.718000054359436
0.07800006866455078 -0.37199997901916504 2.9779999256134033
0.07800006866455078 -0.4440000057220459 2.941999912261963
-0.49800002574920654 -1.0199999809265137 2.6540000438690186
-1.3799999952316284 -0.5460000038146973 2.558000087738037
-0.7440000176429749 -0.22200000286102295 1.718000054359436
-0.6899999976158142 -0.9539999961853027 2.9000000953674316
-0.5040000081062317 -1.0199999809265137 2.6660001277923584
-0.6240000128746033 -0.9959999918937683 2.803999900817871
-0.1679999828338623 -0.8999999761581421 2.635999917984009
-1.343999981880188 -0.6179999709129333 2.5280001163482666
-0.7199999690055847 -0.2879999876022339 1.718000054359436
-0.08399999141693115 -0.8040000200271606 2.7739999294281006
0.07200002670288086 -0.49800002574920654 2.9179999828338623
-1.4279999732971191 -0.3960000276565552 2.6419999599456787
0.12000000476837158 -0.2879999876022339 2.936000108718872
-1.3919999599456787 -0.5220000147819519 2.5759999752044678
-0.059999942779541016 -0.8159999847412109 2.6540000438690186
-1.3079999685287476 -0.671999990940094 2.4800000190734863
-0.8939999938011169 -0.9480000138282776 2.803999900817871
-0.75 -0.24599993228912354 1.718000054359436
-1.434000015258789 -0.3659999370574951 2.6540000438690186
0.029999971389770508 -0.6240000128746033 2.870000123977661
-0.12000000476837158 -0.8700000047683716 2.630000114440918
0.06599998474121094 -0.5220000147819519 2.9119999408721924
-0.08399999141693115 -0.8040000200271606 2.7799999713897705
-1.4040000438690186 -0.4919999837875366 2.5999999046325684
-0.2999999523162842 -0.972000002861023 2.630000114440918
-0.5220000147819519 -1.0139999389648438 2.7260000705718994
-1.4040000438690186 -0.4919999837875366 2.6059999465942383
0.07800006866455078 -0.4739999771118164 2.930000066757202
0.011999964714050293 -0.6480000019073486 2.875999927520752
-0.26399993896484375 -0.9539999961853027 2.6540000438690186
-1.4279999732971191 -0.40799999237060547 2.6419999599456787
-0.5519999861717224 -1.0080000162124634 2.7680001258850098
-0.26999998092651367 -0.9599999785423279 2.635999917984009
-1.434000015258789 -0.37800002098083496 2.6540000438690186
-1.3739999532699585 -0.5699999928474426 2.552000045776367
0.07800006866455078 -0.3960000276565552 2.9779999256134033
0.029999971389770508 -0.6240000128746033 2.875999927520752
0.060000061988830566 -0.5460000038146973 2.9060001373291016
-0.515999972820282 -1.0199999809265137 2.7019999027252197
-1.3380000591278076 -0.6359999775886536 2.5280001163482666
-0.671999990940094 -0.972000002861023 2.875999927520752
-0.3059999942779541 -0.9779999852180481 2.618000030517578
0.07800006866455078 -0.4440000057220459 2.9539999961853027
0.10199999809265137 -0.3059999942779541 2.9720001220703125
-0.1979999542236328 -0.9240000247955322 2.635999917984009
-0.5040000081062317 -1.0260000228881836 2.6600000858306885
-0.10199999809265137 -0.8159999847412109 2.7980000972747803
0.08399999141693115 -0.4739999771118164 2.9240000247955322
-1.2960000038146973 -0.6959999799728394 2.4800000190734863
-0.41999995708465576 -1.0139999389648438 2.630000114440918
-0.023999929428100586 -0.75 2.7799999713897705
-0.6840000152587891 -0.972000002861023 2.875999927520752
0.07800006866455078 -0.40199995040893555 2.9779999256134033
0.07800006866455078 -0.49800002574920654 2.9179999828338623
-0.4440000057220459 -1.0199999809265137 2.630000114440918
-0.6779999732971191 -0.9779999852180481 2.864000082015991
-0.3539999723434448 -0.9959999918937683 2.630000114440918
-0.006000041961669922 -0.7199999690055847 2.803999900817871
-0.9599999785423279 -0.9240000247955322 2.809999942779541
0.1260000467300415 -0.2879999876022339 2.936000108718872
-1.3739999532699585 -0.5759999752044678 2.552000045776367
-0.029999971389770508 -0.7559999823570251 2.7860000133514404
-0.906000018119812 -0.9480000138282776 2.809999942779541
0.011999964714050293 -0.671999990940094 2.8519999980926514
0.054000020027160645 -0.5699999928474426 2.9000000953674316
-1.3619999885559082 -0.5999999642372131 2.5280001163482666
-1.3619999885559082 -0.5999999642372131 2.5220000743865967
-0.10800004005432129 -0.8219999670982361 2.803999900817871
-0.7440000176429749 -0.26999998092651367 1.7120000123977661
0.08399999141693115 -0.3240000009536743 3.002000093460083
-0.34800004959106445 -0.9959999918937683 2.630000114440918
-0.7559999823570251 -0.24599993228912354 1.7120000123977661
0.006000041961669922 -0.6959999799728394 2.828000068664551
-0.6480000019073486 -0.9959999918937683 2.828000068664551
-0.7020000219345093 -0.9419999718666077 2.941999912261963
-0.059999942779541016 -0.8219999670982361 2.677999973297119
-1.4459999799728394 -0.3240000009536743 2.677999973297119
-1.3799999952316284 -0.5699999928474426 2.552000045776367
-0.7440000176429749 -0.2879999876022339 1.7120000123977661
-0.054000020027160645 -0.7739999890327454 2.809999942779541
-0.7559999823570251 -0.26999998092651367 1.7120000123977661
-1.3020000457763672 -0.6959999799728394 2.4800000190734863
-1.4459999799728394 -0.2999999523162842 2.7019999027252197
-1.4459999799728394 -0.33000004291534424 2.677999973297119
-0.527999997138977 -1.0199999809265137 2.73799991607666
0.0 -0.7199999690055847 2.803999900817871
-0.09599995613098145 -0.8159999847412109 2.803999900817871
0.018000006675720215 -0.6539999842643738 2.875999927520752
-1.4459999799728394 -0.3059999942779541 2.7019999027252197
-0.7559999823570251 -0.28199994564056396 1.7120000123977661
-0.023999929428100586 -0.7559999823570251 2.7860000133514404
-0.6840000152587891 -0.156000018119812 1.7000000476837158
0.07800006866455078 -0.49800002574920654 2.930000066757202
-1.3559999465942383 -0.6179999709129333 2.5160000324249268
-0.22800004482269287 -0.9480000138282776 2.635999917984009
-0.21599996089935303 -0.9419999718666077 2.635999917984009
0.029999971389770508 -0.6480000019073486 2.864000082015991
-1.3799999952316284 -0.5759999752044678 2.552000045776367
-0.059999942779541016 -0.7860000133514404 2.803999900817871
-0.029999971389770508 -0.7559999823570251 2.803999900817871
-1.3259999752044678 -0.6660000085830688 2.4860000610351562
-0.07200002670288086 -0.8460000157356262 2.624000072479248
-0.07200002670288086 -0.8159999847412109 2.75600004196167
-0.5339999794960022 -1.0199999809265137 2.75
-0.07799994945526123 -0.7979999780654907 2.815999984741211
-0.07200002670288086 -0.8460000157356262 2.630000114440918
0.04799997806549072 -0.593999981880188 2.9000000953674316
-1.3559999465942383 -0.6240000128746033 2.5280001163482666
0.06599998474121094 -0.5699999928474426 2.8940000534057617
-0.7199999690055847 -0.16199994087219238 1.7000000476837158
0.10199999809265137 -0.34800004959106445 2.9779999256134033
-0.006000041961669922 -0.6840000152587891 2.888000011444092
0.1260000467300415 -0.2879999876022339 2.9539999961853027
-0.8460000157356262 -0.9900000095367432 2.7680001258850098
0.09000003337860107 -0.34200000762939453 3.002000093460083
-0.3240000009536743 -0.9959999918937683 2.630000114440918
-0.6060000061988831 -1.0199999809265137 2.7799999713897705
-1.4520000219345093 -0.3179999589920044 2.690000057220459
0.029999971389770508 -0.671999990940094 2.8399999141693115
-0.593999981880188 -1.0199999809265137 2.7799999713897705
-0.09599995613098145 -0.8700000047683716 2.630000114440918
-0.018000006675720215 -0.75 2.803999900817871
-1.343999981880188 -0.6480000019073486 2.503999948501587
-1.343999981880188 -0.6480000019073486 2.492000102996826
-0.5699999928474426 -1.0199999809265137 2.7799999713897705
-1.4520000219345093 -0.312000036239624 2.7019999027252197
-0.3960000276565552 -1.0199999809265137 2.635999917984009
-0.671999990940094 -0.9959999918937683 2.8519999980926514
-0.75 -0.1679999828338623 1.7000000476837158
0.10199999809265137 -0.41999995708465576 2.9539999961853027
0.060000061988830566 -0.5999999642372131 2.881999969482422
0.07800006866455078 -0.5460000038146973 2.9060001373291016
-0.4679999351501465 -1.0379999876022339 2.630000114440918
-0.059999942779541016 -0.8399999737739563 2.6540000438690186
0.10199999809265137 -0.37199997901916504 2.9779999256134033
-0.8819999694824219 -0.972000002861023 2.803999900817871
-0.13199996948242188 -0.8999999761581421 2.630000114440918
-0.09000003337860107 -0.8700000047683716 2.624000072479248
-0.2760000228881836 -0.9779999852180481 2.6540000438690186
0.0 -0.7379999756813049 2.7980000972747803
0.060000061988830566 -0.5879999995231628 2.9000000953674316
-0.07200002670288086 -0.7979999780654907 2.828000068664551
0.10800004005432129 -0.3960000276565552 2.9600000381469727
-0.1679999828338623 -0.9240000247955322 2.635999917984009
-0.7080000042915344 -0.9419999718666077 2.9660000801086426
0.029999971389770508 -0.671999990940094 2.8519999980926514
-0.527999997138977 -1.0320000648498535 2.7320001125335693
-0.7680000066757202 -0.17400002479553223 1.7000000476837158
0.03600001335144043 -0.6480000019073486 2.875999927520752
0.10199999809265137 -0.4320000410079956 2.9539999961853027
0.10800004005432129 -0.4440000057220459 2.936000108718872
-0.906000018119812 -0.9599999785423279 2.822000026702881
-1.350000023841858 -0.6480000019073486 2.503999948501587
-1.4579999446868896 -0.2999999523162842 2.7019999027252197
-1.350000023841858 -0.6480000019073486 2.498000144958496
-1.3199999332427979 -0.6899999976158142 2.4679999351501465
0.10800004005432129 -0.4739999771118164 2.9179999828338623
0.10199999809265137 -0.38999998569488525 2.9779999256134033
0.054000020027160645 -0.6240000128746033 2.875999927520752
0.10199999809265137 -0.4739999771118164 2.930000066757202
0.10199999809265137 -0.3240000009536743 3.002000093460083
-0.6240000128746033 -1.0199999809265137 2.803999900817871
-0.6299999952316284 -1.0199999809265137 2.803999900817871
-0.671999990940094 -0.9900000095367432 2.881999969482422
0.10199999809265137 -0.33000004291534424 3.002000093460083
-0.2999999523162842 -0.9959999918937683 2.624000072479248
0.09599995613098145 -0.5220000147819519 2.9060001373291016
-0.8759999871253967 -0.9839999675750732 2.7920000553131104
-0.07200002670288086 -0.8040000200271606 2.828000068664551
-0.2999999523162842 -0.9959999918937683 2.630000114440918
-0.33000004291534424 -1.0080000162124634 2.624000072479248
-0.09599995613098145 -0.828000009059906 2.822000026702881
0.018000006675720215 -0.6959999799728394 2.8519999980926514
-0.3659999370574951 -1.0199999809265137 2.630000114440918
-0.8519999980926514 -0.9959999918937683 2.7799999713897705
0.11399996280670166 -0.41999995708465576 2.947999954223633
0.10199999809265137 -0.49800002574920654 2.9179999828338623
-0.1979999542236328 -0.9480000138282776 2.635999917984009
0.12000000476837158 -0.3240000009536743 2.9779999256134033
0.11399996280670166 -0.37199997901916504 2.9720001220703125
-0.12000000476837158 -0.8999999761581421 2.630000114440918
-1.343999981880188 -0.6660000085830688 2.503999948501587
0.07800006866455078 -0.5699999928474426 2.9000000953674316
-0.059999942779541016 -0.8460000157356262 2.677999973297119
0.10199999809265137 -0.4859999418258667 2.930000066757202
-0.06599998474121094 -0.8219999670982361 2.7799999713897705
0.011999964714050293 -0.7199999690055847 2.828000068664551
-0.09599995613098145 -0.828000009059906 2.828000068664551
-0.06599998474121094 -0.8460000157356262 2.7019999027252197
-0.6779999732971191 -0.9959999918937683 2.875999927520752
-1.3259999752044678 -0.6899999976158142 2.4679999351501465
-0.6539999842643738 -1.0139999389648438 2.8340001106262207
-0.4859999418258667 -1.0499999523162842 2.630000114440918
-0.48000001907348633 -1.0499999523162842 2.624000072479248
-1.350000023841858 -0.6599999666213989 2.503999948501587
-0.8040000200271606 -0.1679999828338623 1.7000000476837158
-0.671999990940094 -0.1499999761581421 1.6820000410079956
-0.5099999904632568 -1.0440000295639038 2.7019999027252197
-0.49800002574920654 -1.0499999523162842 2.6540000438690186
0.08399999141693115 -0.5699999928474426 2.8940000534057617
-0.906000018119812 -0.9660000205039978 2.828000068664551
-0.6779999732971191 -0.1499999761581421 1.6820000410079956
0.006000041961669922 -0.6899999976158142 2.8940000534057617
0.10199999809265137 -0.5220000147819519 2.9060001373291016
0.0 -0.75 2.803999900817871
-0.4679999351501465 -1.0499999523162842 2.618000030517578
0.03600001335144043 -0.6959999799728394 2.828000068664551
-0.34800004959106445 -1.0199999809265137 2.630000114440918
-0.07200002670288086 -0.8700000047683716 2.624000072479248
0.1260000467300415 -0.3240000009536743 2.9779999256134033
0.1380000114440918 -0.10800004005432129 2.9660000801086426
-0.6480000019073486 -1.0199999809265137 2.828000068664551
-0.07200002670288086 -0.8700000047683716 2.630000114440918
-0.10199999809265137 -0.8939999938011169 2.624000072479248
0.13199996948242188 -0.312000036239624 2.9720001220703125
0.1499999761581421 -0.09599995613098145 2.941999912261963
-0.029999971389770508 -0.7739999890327454 2.828000068664551
0.07800006866455078 -0.5820000171661377 2.9000000953674316
-0.023999929428100586 -0.7680000066757202 2.828000068664551
-0.8999999761581421 -0.972000002861023 2.828000068664551
-0.7199999690055847 -0.16199994087219238 1.6820000410079956
0.1380000114440918 -0.26999998092651367 2.9720001220703125
-0.5099999904632568 -1.0499999523162842 2.690000057220459
-0.018000006675720215 -0.7739999890327454 2.803999900817871
-0.7139999866485596 -0.9480000138282776 2.9779999256134033
-0.3240000009536743 -1.0139999389648438 2.624000072479248
-0.6779999732971191 -1.0019999742507935 2.875999927520752
-1.3380000591278076 -0.6840000152587891 2.4800000190734863
-0.22800004482269287 -0.972000002861023 2.635999917984009
-0.6359999775886536 -0.1499999761581421 1.6759999990463257
0.060000061988830566 -0.6480000019073486 2.8580000400543213
-0.6119999885559082 -0.14399993419647217 1.6759999990463257
-0.6599999666213989 -1.0139999389648438 2.8519999980926514
-0.48000001907348633 -1.055999994277954 2.624000072479248
-0.4440000057220459 -1.0499999523162842 2.618000030517578
0.1260000467300415 -0.4440000057220459 2.930000066757202
0.029999971389770508 -0.6959999799728394 2.8519999980926514
-0.671999990940094 -0.156000018119812 1.6759999990463257
0.1260000467300415 -0.34800004959106445 2.9779999256134033
-1.350000023841858 -0.671999990940094 2.498000144958496
0.054000020027160645 -0.6480000019073486 2.875999927520752
-0.4440000057220459 -1.0499999523162842 2.630000114440918
0.1380000114440918 -0.26999998092651367 2.9779999256134033
-0.6060000061988831 -1.0379999876022339 2.7860000133514404
-0.059999942779541016 -0.8460000157356262 2.7260000705718994
-0.6899999976158142 -0.156000018119812 1.6759999990463257
-0.22200000286102295 -0.972000002861023 2.635999917984009
-0.04799997806549072 -0.7979999780654907 2.828000068664551
-0.7379999756813049 -1.0499999523162842 2.7019999027252197
0.13199996948242188 -0.34200000762939453 2.9720001220703125
0.13199996948242188 -0.20399999618530273 2.996000051498413
-0.5040000081062317 -1.055999994277954 2.671999931335449
0.1380000114440918 -0.11399996280670166 2.9779999256134033
-0.03600001335144043 -0.7979999780654907 2.803999900817871
-0.8399999737739563 -0.17400002479553223 1.7000000476837158
-0.671999990940094 -1.0019999742507935 2.888000011444092
-0.8700000047683716 -0.9959999918937683 2.803999900817871
-0.26999998092651367 -0.9959999918937683 2.6419999599456787
-0.059999942779541016 -0.8219999670982361 2.803999900817871
-0.6899999976158142 -0.9959999918937683 2.9000000953674316
-0.5220000147819519 -1.0499999523162842 2.7260000705718994
-0.17400002479553223 -0.9480000138282776 2.635999917984009
0.1260000467300415 -0.4739999771118164 2.9179999828338623
0.1380000114440918 -0.2999999523162842 2.9779999256134033
0.029999971389770508 -0.7199999690055847 2.822000026702881
-1.4700000286102295 -0.2999999523162842 2.7260000705718994
0.13199996948242188 -0.37199997901916504 2.9660000801086426
-0.3240000009536743 -1.0199999809265137 2.630000114440918
0.1260000467300415 -0.41999995708465576 2.9539999961853027
0.054000020027160645 -0.671999990940094 2.8519999980926514
0.1260000467300415 -0.37199997901916504 2.9779999256134033
0.13199996948242188 -0.20399999618530273 3.002000093460083
-0.41999995708465576 -1.0499999523162842 2.624000072479248
-0.059999942779541016 -0.8579999804496765 2.7019999027252197
-1.4700000286102295 -0.312000036239624 2.7260000705718994
0.029999971389770508 -0.7199999690055847 2.828000068664551
-0.41999995708465576 -1.0499999523162842 2.630000114440918
-0.5099999904632568 -1.055999994277954 2.7019999027252197
-0.5759999752044678 -1.0440000295639038 2.7799999713897705
-0.22200000286102295 -0.9779999852180481 2.630000114440918
-0.09599995613098145 -0.8999999761581421 2.630000114440918
0.1260000467300415 -0.37800002098083496 2.9779999256134033
-0.8460000157356262 -1.0139999389648438 2.7799999713897705
-0.48000001907348633 -1.062000036239624 2.630000114440918
0.13199996948242188 -0.24599993228912354 3.002000093460083
-0.6779999732971191 -1.0199999809265137 2.8519999980926514
-0.2999999523162842 -1.0139999389648438 2.624000072479248
-0.8819999694824219 -0.9959999918937683 2.803999900817871
-0.023999929428100586 -0.7979999780654907 2.7920000553131104
0.10800004005432129 -0.5460000038146973 2.9000000953674316
0.10199999809265137 -0.5699999928474426 2.888000011444092
-0.8579999804496765 -0.17400002479553223 1.7000000476837158
-0.054000020027160645 -0.8399999737739563 2.75600004196167
-0.5339999794960022 -1.0499999523162842 2.75
-0.059999942779541016 -0.8700000047683716 2.6540000438690186
-0.04799997806549072 -0.8219999670982361 2.7920000553131104
0.07800006866455078 -0.6240000128746033 2.875999927520752
-0.75 -0.17400002479553223 1.6759999990463257
-0.04799997806549072 -0.8040000200271606 2.8340001106262207
0.08399999141693115 -0.6240000128746033 2.864000082015991
0.13199996948242188 -0.1979999542236328 3.008000135421753
-0.1260000467300415 -0.9240000247955322 2.630000114440918
-0.8640000224113464 -0.9959999918937683 2.828000068664551
0.024000048637390137 -0.7319999933242798 2.828000068664551
-0.4559999704360962 -1.062000036239624 2.611999988555908
0.1260000467300415 -0.4739999771118164 2.930000066757202
0.1380000114440918 -0.3960000276565552 2.9539999961853027
0.0 -0.7739999890327454 2.7980000972747803
0.1260000467300415 -0.49800002574920654 2.9119999408721924
-0.018000006675720215 -0.7799999713897705 2.828000068664551
0.06599998474121094 -0.671999990940094 2.8399999141693115
-0.023999929428100586 -0.7979999780654907 2.803999900817871
0.0 -0.7739999890327454 2.803999900817871
0.09599995613098145 -0.5999999642372131 2.875999927520752
-0.7680000066757202 -0.1679999828338623 1.6759999990463257
0.1260000467300415 -0.48000001907348633 2.930000066757202
-0.41999995708465576 -1.055999994277954 2.618000030517578
-0.04799997806549072 -0.8219999670982361 2.803999900817871
-0.4440000057220459 -1.062000036239624 2.611999988555908
-0.3960000276565552 -1.0499999523162842 2.624000072479248
0.03600001335144043 -0.7080000042915344 2.8519999980926514
-0.5579999685287476 -1.0499999523162842 2.7739999294281006
0.10199999809265137 -0.5699999928474426 2.9000000953674316
-0.12000000476837158 -0.9240000247955322 2.630000114440918
-0.3960000276565552 -1.0499999523162842 2.630000114440918
-0.37199997901916504 -1.0440000295639038 2.624000072479248
-0.6299999952316284 -1.0440000295639038 2.803999900817871
-0.5339999794960022 -1.055999994277954 2.74399995803833
-0.671999990940094 -0.156000018119812 1.6640000343322754
-0.9179999828338623 -0.972000002861023 2.8519999980926514
-0.06599998474121094 -0.8399999737739563 2.803999900817871
-0.5640000104904175 -1.0499999523162842 2.7799999713897705
-0.2999999523162842 -1.0199999809265137 2.630000114440918
-0.08399999141693115 -0.8999999761581421 2.624000072479248
0.07800006866455078 -0.6359999775886536 2.875999927520752
-0.7559999823570251 -1.055999994277954 2.7200000286102295
-0.6959999799728394 -0.156000018119812 1.6640000343322754
-0.7860000133514404 -0.1679999828338623 1.6759999990463257
-0.059999942779541016 -0.8460000157356262 2.7799999713897705
-0.8759999871253967 -1.0080000162124634 2.7980000972747803
0.10199999809265137 -0.5759999752044678 2.9000000953674316
-0.7020000219345093 -0.9959999918937683 2.9240000247955322
-0.054000020027160645 -0.8700000047683716 2.677999973297119
-0.7199999690055847 -1.062000036239624 2.7200000286102295
-0.5040000081062317 -1.0679999589920044 2.677999973297119
-0.8519999980926514 -1.0199999809265137 2.7860000133514404
-0.7260000109672546 -1.062000036239624 2.7200000286102295
-0.19200003147125244 -0.972000002861023 2.635999917984009
-0.029999971389770508 -0.7860000133514404 2.8580000400543213
0.10199999809265137 -0.5999999642372131 2.875999927520752
0.19800007343292236 -0.09599995613098145 2.881999969482422
-0.5220000147819519 -1.062000036239624 2.7320001125335693
0.1499999761581421 -0.41999995708465576 2.936000108718872
-0.3960000276565552 -1.055999994277954 2.624000072479248
-0.06599998474121094 -0.8339999914169312 2.8340001106262207
-0.9300000071525574 -0.9660000205039978 2.870000123977661
-0.6240000128746033 -1.0499999523162842 2.803999900817871
-0.906000018119812 -0.9900000095367432 2.8340001106262207
0.1499999761581421 -0.4440000057220459 2.9240000247955322
0.054000020027160645 -0.6959999799728394 2.8519999980926514
0.13199996948242188 -0.22200000286102295 3.0260000228881836
0.17400002479553223 -0.09599995613098145 2.941999912261963
0.18000006675720215 -0.09599995613098145 2.930000066757202
-0.4919999837875366 -1.0740000009536743 2.6540000438690186
-0.4739999771118164 -1.0740000009536743 2.630000114440918
-0.06599998474121094 -0.828000009059906 2.8519999980926514
-0.059999942779541016 -0.8700000047683716 2.7260000705718994
0.06599998474121094 -0.6959999799728394 2.828000068664551
0.07800006866455078 -0.671999990940094 2.8399999141693115
-0.8999999761581421 -0.9959999918937683 2.828000068664551
0.19200003147125244 -0.09599995613098145 2.9060001373291016
-0.527999997138977 -1.062000036239624 2.75
-0.3659999370574951 -1.0499999523162842 2.630000114440918
0.17400002479553223 -0.10800004005432129 2.947999954223633
-0.22800004482269287 -0.9959999918937683 2.635999917984009
-0.07200002670288086 -0.8999999761581421 2.624000072479248
0.029999971389770508 -0.75 2.815999984741211
-0.07200002670288086 -0.8999999761581421 2.630000114440918
-0.07799994945526123 -0.906000018119812 2.624000072479248
0.20399999618530273 -0.09599995613098145 2.881999969482422
-0.8219999670982361 -0.17400002479553223 1.6759999990463257
0.054000020027160645 -0.7020000219345093 2.8519999980926514
-0.04799997806549072 -0.8460000157356262 2.7799999713897705
0.1260000467300415 -0.5460000038146973 2.9000000953674316
-0.5519999861717224 -1.062000036239624 2.7680001258850098
0.19800007343292236 -0.10199999809265137 2.9000000953674316
0.0 -0.7919999957084656 2.803999900817871
0.156000018119812 -0.3240000009536743 2.9779999256134033
0.1380000114440918 -0.5220000147819519 2.9000000953674316
0.1380000114440918 -0.1979999542236328 3.0260000228881836
0.14400005340576172 -0.6660000085830688 2.498000144958496
-0.6119999885559082 -0.14399993419647217 1.6519999504089355
0.11399996280670166 -0.5999999642372131 2.870000123977661
0.0 -0.7979999780654907 2.7920000553131104
-0.6480000019073486 -0.1499999761581421 1.6519999504089355
-0.5999999642372131 -0.14399993419647217 1.6519999504089355
0.07800006866455078 -0.671999990940094 2.8519999980926514
-0.3960000276565552 -1.062000036239624 2.630000114440918
0.1499999761581421 -0.26999998092651367 3.002000093460083
0.17400002479553223 -0.10199999809265137 2.9539999961853027
0.054000020027160645 -0.7199999690055847 2.828000068664551
0.10199999809265137 -0.6179999709129333 2.875999927520752
0.1380000114440918 -0.24000000953674316 3.0260000228881836
-0.6660000085830688 -0.1499999761581421 1.6519999504089355
0.17400002479553223 -0.09599995613098145 2.9539999961853027
0.029999971389770508 -0.75 2.828000068664551
-0.17400002479553223 -0.972000002861023 2.635999917984009
-0.5699999928474426 -0.14399993419647217 1.6519999504089355
-0.059999942779541016 -0.8700000047683716 2.75
-0.4440000057220459 -1.0740000009536743 2.630000114440918
0.156000018119812 -0.3960000276565552 2.9539999961853027
-0.26999998092651367 -1.0199999809265137 2.635999917984009
-0.4919999837875366 -1.0799999237060547 2.6540000438690186
-0.8700000047683716 -1.0199999809265137 2.803999900817871
-0.13199996948242188 -0.9480000138282776 2.630000114440918
-0.34800004959106445 -1.0499999523162842 2.630000114440918
0.10800004005432129 -0.6240000128746033 2.8580000400543213
0.09599995613098145 -0.6480000019073486 2.8519999980926514
-0.6480000019073486 -1.0499999523162842 2.828000068664551
-0.09599995613098145 -0.9240000247955322 2.630000114440918
-0.6539999842643738 -1.0499999523162842 2.828000068664551
0.156000018119812 -0.4440000057220459 2.930000066757202
0.14400005340576172 -0.671999990940094 2.503999948501587
0.156000018119812 -0.40199995040893555 2.9539999961853027
-0.9120000004768372 -0.9900000095367432 2.8519999980926514
-0.4679999351501465 -1.0799999237060547 2.630000114440918
-0.5460000038146973 -0.1380000114440918 1.6519999504089355
0.156000018119812 -0.34800004959106445 2.9779999256134033
0.060000061988830566 -0.7199999690055847 2.822000026702881
0.1260000467300415 -0.5579999685287476 2.9000000953674316
-0.9959999918937683 -0.9359999895095825 2.8940000534057617
-0.023999929428100586 -0.8219999670982361 2.803999900817871
-0.8759999871253967 -1.0199999809265137 2.803999900817871
0.20399999618530273 -0.10800004005432129 2.9000000953674316
-0.8460000157356262 -0.17400002479553223 1.6759999990463257
-0.011999964714050293 -0.8159999847412109 2.7920000553131104
-0.04799997806549072 -0.8579999804496765 2.7680001258850098
-0.8999999761581421 -0.9959999918937683 2.8519999980926514
0.1380000114440918 -0.1499999761581421 3.0320000648498535
0.156000018119812 -0.4500000476837158 2.930000066757202
0.10199999809265137 -0.6480000019073486 2.8459999561309814
0.1499999761581421 -0.10800004005432129 3.008000135421753
-0.7199999690055847 -0.156000018119812 1.6519999504089355
-0.6660000085830688 -1.0440000295639038 2.8519999980926514
0.156000018119812 -0.36000001430511475 2.9779999256134033
-0.5220000147819519 -0.1380000114440918 1.6519999504089355
0.156000018119812 -0.26999998092651367 3.002000093460083
0.14400005340576172 -0.6779999732971191 2.509999990463257
-0.6779999732971191 -1.0440000295639038 2.8519999980926514
-0.9359999895095825 -0.972000002861023 2.881999969482422
0.18000006675720215 -0.09599995613098145 2.9539999961853027
-0.011999964714050293 -0.7919999957084656 2.8519999980926514
0.156000018119812 -0.11399996280670166 3.002000093460083
-0.37199997901916504 -1.062000036239624 2.630000114440918
0.10199999809265137 -0.6480000019073486 2.8519999980926514
0.1679999828338623 -0.37199997901916504 2.9539999961853027
0.1679999828338623 -0.41999995708465576 2.930000066757202
0.1499999761581421 -0.671999990940094 2.5339999198913574
-0.9300000071525574 -0.9779999852180481 2.875999927520752
-0.6060000061988831 -1.0679999589920044 2.7860000133514404
-0.13199996948242188 -0.9539999961853027 2.630000114440918
0.1679999828338623 -0.09599995613098145 2.9779999256134033
0.1679999828338623 -0.26999998092651367 2.9839999675750732
-0.06599998474121094 -0.8999999761581421 2.677999973297119
0.18599998950958252 -0.1499999761581421 2.9539999961853027
0.029999971389770508 -0.7739999890327454 2.7980000972747803
-0.4440000057220459 -1.0799999237060547 2.630000114440918
0.19800007343292236 -0.1499999761581421 2.930000066757202
-0.4140000343322754 -1.0740000009536743 2.630000114440918
-0.054000020027160645 -0.8640000224113464 2.7799999713897705
0.1679999828338623 -0.4440000057220459 2.9179999828338623
0.22200000286102295 -0.09599995613098145 2.864000082015991
0.14400005340576172 -0.12000000476837158 3.0260000228881836
-0.75 -0.16199994087219238 1.6519999504089355
0.029999971389770508 -0.7739999890327454 2.803999900817871
0.156000018119812 -0.6660000085830688 2.5280001163482666
0.16200006008148193 -0.4739999771118164 2.9119999408721924
0.17400002479553223 -0.3960000276565552 2.936000108718872
0.16200006008148193 -0.24599993228912354 3.002000093460083
-0.49800002574920654 -0.1260000467300415 1.6519999504089355
0.18599998950958252 -0.12000000476837158 2.9539999961853027
0.17400002479553223 -0.1979999542236328 2.9839999675750732
0.17400002479553223 -0.37199997901916504 2.947999954223633
-0.3059999942779541 -1.0440000295639038 2.624000072479248
-0.3240000009536743 -1.0499999523162842 2.630000114440918
0.19800007343292236 -0.12000000476837158 2.930000066757202
0.17400002479553223 -0.41999995708465576 2.9240000247955322
0.17400002479553223 -0.21599996089935303 2.9839999675750732
0.19800007343292236 -0.156000018119812 2.936000108718872
0.17400002479553223 -0.12000000476837158 2.9779999256134033
0.19200003147125244 -0.24599993228912354 2.947999954223633
0.19800007343292236 -0.3240000009536743 2.9179999828338623
0.08399999141693115 -0.6959999799728394 2.828000068664551
-0.5040000081062317 -1.0859999656677246 2.684000015258789
0.1499999761581421 -0.17400002479553223 3.0260000228881836
0.17400002479553223 -0.156000018119812 2.9839999675750732
-0.7379999756813049 -1.0740000009536743 2.74399995803833
0.17400002479553223 -0.34800004959106445 2.9600000381469727
-0.1979999542236328 -0.9959999918937683 2.635999917984009
0.21000003814697266 -0.09599995613098145 2.9000000953674316
0.17400002479553223 -0.24599993228912354 2.9839999675750732
0.17400002479553223 -0.1499999761581421 2.9839999675750732
-0.7199999690055847 -0.156000018119812 1.6460000276565552
-0.24599993228912354 -1.0199999809265137 2.635999917984009
0.19800007343292236 -0.34800004959106445 2.9119999408721924
0.19800007343292236 -0.2940000295639038 2.930000066757202
-0.054000020027160645 -0.8999999761581421 2.6540000438690186
0.19200003147125244 -0.1979999542236328 2.9539999961853027
0.1380000114440918 -0.5699999928474426 2.881999969482422
-0.2999999523162842 -1.0440000295639038 2.624000072479248
0.19200003147125244 -0.17400002479553223 2.9539999961853027
0.18599998950958252 -0.2999999523162842 2.9539999961853027
0.18000006675720215 -0.1979999542236328 2.9779999256134033
-0.5820000171661377 -1.0740000009536743 2.7799999713897705
0.18000006675720215 -0.3960000276565552 2.930000066757202
0.22200000286102295 -0.10199999809265137 2.875999927520752
0.18000006675720215 -0.17400002479553223 2.9779999256134033
0.18000006675720215 -0.22200000286102295 2.9779999256134033
0.1260000467300415 -0.5999999642372131 2.875999927520752
0.18599998950958252 -0.37199997901916504 2.930000066757202
0.17400002479553223 -0.2999999523162842 2.9779999256134033
-0.4739999771118164 -0.13199996948242188 1.6519999504089355
-0.5699999928474426 -1.0740000009536743 2.7799999713897705
-0.029999971389770508 -0.8399999737739563 2.803999900817871
0.17400002479553223 -0.3240000009536743 2.9720001220703125
0.19200003147125244 -0.24599993228912354 2.9539999961853027
-0.7739999890327454 -0.16199994087219238 1.6519999504089355
-0.41999995708465576 -1.0799999237060547 2.635999917984009
0.20399999618530273 -0.3240000009536743 2.9119999408721924
0.156000018119812 -0.671999990940094 2.503999948501587
0.18000006675720215 -0.24599993228912354 2.9779999256134033
0.1679999828338623 -0.1979999542236328 3.002000093460083
0.19800007343292236 -0.37199997901916504 2.9060001373291016
0.18000006675720215 -0.34800004959106445 2.9539999961853027
0.10199999809265137 -0.671999990940094 2.8340001106262207
0.1499999761581421 -0.6840000152587891 2.552000045776367
0.19200003147125244 -0.34800004959106445 2.930000066757202
0.1679999828338623 -0.22200000286102295 3.002000093460083
0.1679999828338623 -0.17400002479553223 3.002000093460083
-1.0080000162124634 -0.9300000071525574 2.9179999828338623
0.1499999761581421 -0.6840000152587891 2.5280001163482666
0.18000006675720215 -0.14399993419647217 2.9779999256134033
-0.34800004959106445 -1.062000036239624 2.630000114440918
0.19800007343292236 -0.1979999542236328 2.947999954223633
0.20399999618530273 -0.13199996948242188 2.930000066757202
0.19200003147125244 -0.26999998092651367 2.9539999961853027
0.19800007343292236 -0.26999998092651367 2.941999912261963
0.1499999761581421 -0.5460000038146973 2.888000011444092
0.16200006008148193 -0.49800002574920654 2.9060001373291016
0.19800007343292236 -0.22200000286102295 2.947999954223633
0.1679999828338623 -0.1499999761581421 3.002000093460083
0.08399999141693115 -0.6899999976158142 2.8519999980926514
-0.059999942779541016 -0.8999999761581421 2.7019999027252197
0.18000006675720215 -0.26999998092651367 2.9779999256134033
-0.8759999871253967 -1.0320000648498535 2.803999900817871
0.18599998950958252 -0.3240000009536743 2.9539999961853027
-0.75 -0.156000018119812 1.6460000276565552
0.054000020027160645 -0.75 2.815999984741211
0.19800007343292236 -0.3240000009536743 2.930000066757202
0.20399999618530273 -0.12000000476837158 2.930000066757202
0.156000018119812 -0.5220000147819519 2.9000000953674316
0.156000018119812 -0.1979999542236328 3.0260000228881836
0.18000006675720215 -0.12000000476837158 2.9779999256134033
0.156000018119812 -0.17400002479553223 3.0260000228881836
-0.8880000114440918 -0.1799999475479126 1.6759999990463257
0.19800007343292236 -0.3960000276565552 2.9000000953674316
0.19200003147125244 -0.41999995708465576 2.9000000953674316
-0.49800002574920654 -1.0920000076293945 2.677999973297119
-0.04799997806549072 -0.8700000047683716 2.7799999713897705
0.20399999618530273 -0.37199997901916504 2.9000000953674316
0.18000006675720215 -0.3659999370574951 2.9539999961853027
0.1380000114440918 -0.18599998950958252 3.055999994277954
0.1380000114440918 -0.17400002479553223 3.055999994277954
-0.07200002670288086 -0.9240000247955322 2.630000114440918
0.1260000467300415 -0.6240000128746033 2.8580000400543213
-0.8460000157356262 -1.0499999523162842 2.7799999713897705
0.22800004482269287 -0.10800004005432129 2.875999927520752
0.21000003814697266 -0.37199997901916504 2.888000011444092
0.19800007343292236 -0.22200000286102295 2.9539999961853027
-0.7979999780654907 -0.16199994087219238 1.6519999504089355
0.20399999618530273 -0.26999998092651367 2.936000108718872
0.07800006866455078 -0.7199999690055847 2.822000026702881
-0.023999929428100586 -0.8460000157356262 2.7920000553131104
-0.9480000138282776 -0.972000002861023 2.9000000953674316
0.20399999618530273 -0.1679999828338623 2.941999912261963
0.21000003814697266 -0.34800004959106445 2.9000000953674316
0.20399999618530273 -0.2999999523162842 2.930000066757202
0.18000006675720215 -0.41999995708465576 2.930000066757202
0.18000006675720215 -0.2999999523162842 2.9779999256134033
0.1260000467300415 -0.6119999885559082 2.875999927520752
-0.6240000128746033 -1.0740000009536743 2.803999900817871
-0.2999999523162842 -1.0499999523162842 2.630000114440918
0.21000003814697266 -0.2999999523162842 2.9179999828338623
0.16200006008148193 -0.5220000147819519 2.8940000534057617
-0.8999999761581421 -1.0199999809265137 2.828000068664551
0.20399999618530273 -0.24599993228912354 2.941999912261963
0.20399999618530273 -0.09000003337860107 2.930000066757202
0.156000018119812 -0.12000000476837158 3.0260000228881836
-0.054000020027160645 -0.8880000114440918 2.75
-0.10199999809265137 -0.9480000138282776 2.630000114440918
0.19800007343292236 -0.41999995708465576 2.8940000534057617
0.18000006675720215 -0.312000036239624 2.9779999256134033
0.07800006866455078 -0.7199999690055847 2.828000068664551
0.156000018119812 -0.5460000038146973 2.888000011444092
-0.6299999952316284 -1.0740000009536743 2.809999942779541
0.20399999618530273 -0.1979999542236328 2.947999954223633
0.20399999618530273 -0.21000003814697266 2.947999954223633
-0.3960000276565552 -1.0799999237060547 2.6480000019073486
0.21000003814697266 -0.3960000276565552 2.881999969482422
-0.671999990940094 -1.0499999523162842 2.875999927520752
-0.8519999980926514 -1.0499999523162842 2.7860000133514404
-0.6779999732971191 -1.0499999523162842 2.875999927520752
-0.6779999732971191 -1.0379999876022339 2.9060001373291016
0.14400005340576172 -0.26399993896484375 3.049999952316284
-0.023999929428100586 -0.8460000157356262 2.803999900817871
-0.3240000009536743 -1.062000036239624 2.630000114440918
0.20399999618530273 -0.3960000276565552 2.9000000953674316
0.029999971389770508 -0.7979999780654907 2.7920000553131104
-0.22200000286102295 -1.0199999809265137 2.635999917984009
-1.0199999809265137 -0.9240000247955322 2.936000108718872
0.1499999761581421 -0.2940000295639038 3.0380001068115234
0.16200006008148193 -0.1499999761581421 3.0260000228881836
0.156000018119812 -0.5399999618530273 2.9000000953674316
-0.8219999670982361 -0.1679999828338623 1.6519999504089355
0.19200003147125244 -0.4440000057220459 2.9000000953674316
-0.8700000047683716 -1.0320000648498535 2.8340001106262207
-0.09599995613098145 -0.9480000138282776 2.630000114440918
0.20399999618530273 -0.1979999542236328 2.9539999961853027
0.20399999618530273 -0.40199995040893555 2.9000000953674316
0.20399999618530273 -0.17400002479553223 2.9539999961853027
0.20399999618530273 -0.22200000286102295 2.9539999961853027
0.14400005340576172 -0.1499999761581421 3.055999994277954
-0.054000020027160645 -0.8999999761581421 2.7260000705718994
0.19800007343292236 -0.4440000057220459 2.888000011444092
0.14400005340576172 -0.5999999642372131 2.864000082015991
-0.4739999771118164 -1.0980000495910645 2.6600000858306885
0.060000061988830566 -0.75 2.828000068664551
-0.4859999418258667 -0.12000000476837158 1.6399999856948853
0.20399999618530273 -0.1499999761581421 2.9539999961853027
0.20399999618530273 -0.24599993228912354 2.9539999961853027
-0.906000018119812 -1.0199999809265137 2.8399999141693115
0.20399999618530273 -0.4440000057220459 2.875999927520752
0.10800004005432129 -0.671999990940094 2.8519999980926514
-0.6660000085830688 -1.0740000009536743 2.822000026702881
0.10199999809265137 -0.6959999799728394 2.828000068664551
-0.6240000128746033 -0.1380000114440918 1.628000020980835
0.18000006675720215 -0.6539999842643738 2.503999948501587
-0.5999999642372131 -0.1380000114440918 1.628000020980835
-0.6420000195503235 -0.1380000114440918 1.628000020980835
-0.7739999890327454 -0.156000018119812 1.6399999856948853
-0.5040000081062317 -1.0980000495910645 2.7019999027252197
-0.5820000171661377 -1.0859999656677246 2.7860000133514404
-0.6480000019073486 -1.0740000009536743 2.828000068664551
0.18599998950958252 -0.4739999771118164 2.9000000953674316
-0.671999990940094 -0.14399993419647217 1.628000020980835
-0.5699999928474426 -0.1380000114440918 1.628000020980835
0.018000006675720215 -0.8219999670982361 2.7799999713897705
-0.6599999666213989 -1.0740000009536743 2.828000068664551
-0.527999997138977 -1.0920000076293945 2.75
-0.6060000061988831 -1.0859999656677246 2.7920000553131104
-0.4679999351501465 -0.12000000476837158 1.6399999856948853
-0.3960000276565552 -1.0859999656677246 2.6540000438690186
0.1260000467300415 -0.6480000019073486 2.8519999980926514
-0.6660000085830688 -1.0799999237060547 2.809999942779541
-0.41999995708465576 -1.0920000076293945 2.6540000438690186
-1.0260000228881836 -0.9240000247955322 2.941999912261963
0.16200006008148193 -0.6899999976158142 2.552000045776367
0.18000006675720215 -0.6599999666213989 2.5280001163482666
0.18599998950958252 -0.6480000019073486 2.503999948501587
-1.0499999523162842 -0.8999999761581421 2.9600000381469727
0.18599998950958252 -0.6480000019073486 2.498000144958496
-0.6959999799728394 -0.14399993419647217 1.628000020980835
-0.3659999370574951 -1.0799999237060547 2.6480000019073486
0.18000006675720215 -0.49800002574920654 2.9000000953674316
-0.8460000157356262 -0.1679999828338623 1.6519999504089355
-0.515999972820282 -1.0980000495910645 2.7260000705718994
-0.16199994087219238 -0.9959999918937683 2.635999917984009
-0.8460000157356262 -1.062000036239624 2.7799999713897705
-0.4440000057220459 -1.0980000495910645 2.6600000858306885
0.21599996089935303 -0.4440000057220459 2.8580000400543213
0.024000048637390137 -0.8219999670982361 2.7739999294281006
0.21599996089935303 -0.41999995708465576 2.875999927520752
-0.5339999794960022 -0.13199996948242188 1.628000020980835
-0.8939999938011169 -0.1799999475479126 1.6640000343322754
-0.2999999523162842 -1.062000036239624 2.630000114440918
0.17400002479553223 -0.671999990940094 2.492000102996826
0.19800007343292236 -0.4739999771118164 2.881999969482422
-0.7979999780654907 -0.156000018119812 1.6399999856948853
-0.26999998092651367 -1.0499999523162842 2.635999917984009
-0.4859999418258667 -1.1039999723434448 2.677999973297119
-0.9120000004768372 -1.0199999809265137 2.8519999980926514
-0.8700000047683716 -1.0499999523162842 2.803999900817871
-0.7199999690055847 -0.14399993419647217 1.628000020980835
-0.5220000147819519 -0.13199996948242188 1.628000020980835
0.1380000114440918 -0.19200003147125244 3.0799999237060547
0.22800004482269287 -0.11399996280670166 2.9119999408721924
-0.054000020027160645 -0.9240000247955322 2.6540000438690186
-0.04799997806549072 -0.8999999761581421 2.74399995803833
0.1380000114440918 -0.17400002479553223 3.0799999237060547
-0.7260000109672546 -0.14399993419647217 1.628000020980835
-0.38999998569488525 -0.11399996280670166 1.6519999504089355
0.06599998474121094 -0.7559999823570251 2.828000068664551
-0.8519999980926514 -1.062000036239624 2.7860000133514404
-0.023999929428100586 -0.8700000047683716 2.7799999713897705
-0.04799997806549072 -0.8999999761581421 2.75
-0.6840000152587891 -1.062000036239624 2.875999927520752
0.17400002479553223 -0.6779999732971191 2.498000144958496
-0.1979999542236328 -1.0199999809265137 2.635999917984009
-0.9539999961853027 -0.9839999675750732 2.9060001373291016
-0.5579999685287476 -1.0920000076293945 2.7860000133514404
0.1260000467300415 -0.6599999666213989 2.8519999980926514
0.20399999618530273 -0.4739999771118164 2.875999927520752
-0.054000020027160645 -0.906000018119812 2.75
-1.055999994277954 -0.8999999761581421 2.9660000801086426
0.060000061988830566 -0.7739999890327454 2.809999942779541
0.029999971389770508 -0.8219999670982361 2.7739999294281006
-1.0379999876022339 -0.9179999828338623 2.9539999961853027
0.07800006866455078 -0.75 2.815999984741211
-0.37199997901916504 -1.0859999656677246 2.6600000858306885
0.04200005531311035 -0.7979999780654907 2.803999900817871
-0.6539999842643738 -1.0740000009536743 2.8519999980926514
-1.0139999389648438 -0.9419999718666077 2.936000108718872
-0.054000020027160645 -0.9240000247955322 2.677999973297119
0.18000006675720215 -0.515999972820282 2.9000000953674316
-0.8700000047683716 -0.1679999828338623 1.6519999504089355
-1.0260000228881836 -0.9300000071525574 2.947999954223633
-0.1499999761581421 -0.9959999918937683 2.635999917984009
0.029999971389770508 -0.8219999670982361 2.7799999713897705
0.006000041961669922 -0.8460000157356262 2.7799999713897705
0.1679999828338623 -0.26399993896484375 3.0380001068115234
0.19800007343292236 -0.49800002574920654 2.875999927520752
0.1679999828338623 -0.5699999928474426 2.875999927520752
0.17400002479553223 -0.6840000152587891 2.503999948501587
0.21599996089935303 -0.4739999771118164 2.8519999980926514
-0.6779999732971191 -1.0679999589920044 2.870000123977661
0.1679999828338623 -0.6959999799728394 2.5280001163482666
-0.10800004005432129 -0.972000002861023 2.630000114440918
-0.48000001907348633 -0.1260000467300415 1.628000020980835
0.10199999809265137 -0.7199999690055847 2.822000026702881
-0.9419999718666077 -0.9959999918937683 2.9000000953674316
0.21599996089935303 -0.26999998092651367 2.9539999961853027
0.20399999618530273 -0.4859999418258667 2.875999927520752
-0.07200002670288086 -0.9480000138282776 2.630000114440918
0.19800007343292236 -0.5220000147819519 2.8580000400543213
0.22200000286102295 -0.4739999771118164 2.8399999141693115
0.21599996089935303 -0.49800002574920654 2.8340001106262207
-0.4739999771118164 -0.1260000467300415 1.628000020980835
0.011999964714050293 -0.8460000157356262 2.7739999294281006
-0.054000020027160645 -0.9179999828338623 2.7260000705718994
0.22200000286102295 -0.3240000009536743 2.930000066757202
-0.5040000081062317 -1.1100000143051147 2.7019999027252197
0.21000003814697266 -0.49800002574920654 2.8519999980926514
-0.7739999890327454 -0.1499999761581421 1.628000020980835
-0.75 -1.0859999656677246 2.7980000972747803
0.18000006675720215 -0.6779999732971191 2.498000144958496
-0.054000020027160645 -0.9240000247955322 2.7019999027252197
0.156000018119812 -0.5999999642372131 2.875999927520752
0.14400005340576172 -0.6480000019073486 2.8399999141693115
0.19200003147125244 -0.5220000147819519 2.875999927520752
-0.33000004291534424 -1.0799999237060547 2.6419999599456787
-0.6840000152587891 -1.055999994277954 2.9060001373291016
0.1499999761581421 -0.24000000953674316 3.074000120162964
0.1499999761581421 -0.2879999876022339 3.068000078201294
0.10199999809265137 -0.7199999690055847 2.828000068664551
0.17400002479553223 -0.5699999928474426 2.870000123977661
0.22800004482269287 -0.37199997901916504 2.9000000953674316
-0.054000020027160645 -0.9300000071525574 2.677999973297119
-0.7860000133514404 -1.0859999656677246 2.7799999713897705
-0.5339999794960022 -1.0980000495910645 2.7799999713897705
0.22800004482269287 -0.3960000276565552 2.888000011444092
-0.24599993228912354 -1.0499999523162842 2.635999917984009
-0.8880000114440918 -0.17400002479553223 1.6519999504089355
0.21599996089935303 -0.12000000476837158 2.9600000381469727
-0.34800004959106445 -1.0859999656677246 2.6540000438690186
0.22800004482269287 -0.41999995708465576 2.875999927520752
0.22800004482269287 -0.12000000476837158 2.936000108718872
0.20399999618530273 -0.5220000147819519 2.8519999980926514
0.156000018119812 -0.6060000061988831 2.875999927520752
0.22800004482269287 -0.3240000009536743 2.9240000247955322
-0.4259999990463257 -0.12000000476837158 1.6340000629425049
0.18000006675720215 -0.6840000152587891 2.503999948501587
-0.906000018119812 -1.0379999876022339 2.8399999141693115
-0.8219999670982361 -0.156000018119812 1.6340000629425049
-0.26999998092651367 -1.062000036239624 2.635999917984009
-0.41999995708465576 -1.1039999723434448 2.671999931335449
-0.04799997806549072 -0.9240000247955322 2.7019999027252197
-0.9779999852180481 -0.9779999852180481 2.9179999828338623
0.18599998950958252 -0.5460000038146973 2.875999927520752
0.22800004482269287 -0.34800004959106445 2.9179999828338623
-0.6119999885559082 -1.0980000495910645 2.803999900817871
0.1499999761581421 -0.24000000953674316 3.0799999237060547
-0.5999999642372131 -1.0980000495910645 2.803999900817871
0.08399999141693115 -0.75 2.828000068664551
0.22800004482269287 -0.4440000057220459 2.864000082015991
-0.7979999780654907 -0.1499999761581421 1.628000020980835
-1.0260000228881836 -0.9359999895095825 2.9539999961853027
-1.055999994277954 -0.9120000004768372 2.9660000801086426
-0.006000041961669922 -0.8700000047683716 2.7739999294281006
0.054000020027160645 -0.7979999780654907 2.803999900817871
-0.4440000057220459 -0.1260000467300415 1.628000020980835
-0.9240000247955322 -1.0199999809265137 2.875999927520752
-0.07799994945526123 -0.9599999785423279 2.624000072479248
0.22800004482269287 -0.3240000009536743 2.930000066757202
-0.38999998569488525 -1.0980000495910645 2.677999973297119
0.20399999618530273 -0.6480000019073486 2.503999948501587
0.21599996089935303 -0.5220000147819519 2.828000068664551
0.22200000286102295 -0.2879999876022339 2.9539999961853027
-0.6420000195503235 -1.0980000495910645 2.809999942779541
0.19800007343292236 -0.5460000038146973 2.8519999980926514
0.1260000467300415 -0.6959999799728394 2.828000068664551
-0.49800002574920654 -1.1159999370574951 2.7019999027252197
-0.8939999938011169 -1.0499999523162842 2.828000068664551
-0.9300000071525574 -1.0199999809265137 2.875999927520752
-0.17400002479553223 -1.0199999809265137 2.6419999599456787
0.20399999618530273 -0.5339999794960022 2.8519999980926514
0.17400002479553223 -0.5999999642372131 2.8519999980926514
0.18599998950958252 -0.6840000152587891 2.552000045776367
0.21599996089935303 -0.17400002479553223 2.9779999256134033
0.22800004482269287 -0.2999999523162842 2.941999912261963
-0.5759999752044678 -1.1039999723434448 2.7920000553131104
0.060000061988830566 -0.7979999780654907 2.7980000972747803
-0.3059999942779541 -1.0799999237060547 2.635999917984009
0.16200006008148193 -0.6240000128746033 2.8519999980926514
-0.5699999928474426 -0.1260000467300415 1.6100000143051147
-0.023999929428100586 -0.8880000114440918 2.7799999713897705
0.1499999761581421 -0.1499999761581421 3.0859999656677246
0.18000006675720215 -0.5699999928474426 2.875999927520752
-0.04799997806549072 -0.9240000247955322 2.7260000705718994
0.21599996089935303 -0.1499999761581421 2.9779999256134033
-0.49800002574920654 -0.1260000467300415 1.6160000562667847
0.04799997806549072 -0.8100000023841858 2.803999900817871
-0.9959999918937683 -0.972000002861023 2.9240000247955322
-0.40199995040893555 -1.1039999723434448 2.677999973297119
-0.09000003337860107 -0.972000002861023 2.630000114440918
0.22800004482269287 -0.4440000057220459 2.875999927520752
0.20399999618530273 -0.6539999842643738 2.503999948501587
-0.8460000157356262 -0.156000018119812 1.6340000629425049
0.22800004482269287 -0.4739999771118164 2.8519999980926514
-0.3960000276565552 -1.1039999723434448 2.671999931335449
0.21000003814697266 -0.5460000038146973 2.828000068664551
-0.03600001335144043 -0.8999999761581421 2.7799999713897705
-0.5460000038146973 -0.1260000467300415 1.6100000143051147
0.029999971389770508 -0.8460000157356262 2.76200008392334
-0.8219999670982361 -0.1499999761581421 1.628000020980835
0.13199996948242188 -0.6959999799728394 2.822000026702881
0.22200000286102295 -0.5220000147819519 2.822000026702881
-0.2999999523162842 -1.0799999237060547 2.635999917984009
-0.3960000276565552 -1.1039999723434448 2.677999973297119
-0.37199997901916504 -1.0980000495910645 2.677999973297119
-0.6899999976158142 -1.0980000495910645 2.815999984741211
0.19200003147125244 -0.5699999928474426 2.8519999980926514
0.0 -0.8700000047683716 2.7799999713897705
0.19800007343292236 -0.6660000085830688 2.4860000610351562
0.22800004482269287 -0.49800002574920654 2.8340001106262207
-0.828000009059906 -0.1499999761581421 1.628000020980835
-0.4440000057220459 -0.1260000467300415 1.621999979019165
-1.0019999742507935 -0.972000002861023 2.9240000247955322
0.20399999618530273 -0.6599999666213989 2.5280001163482666
-1.1399999856948853 -0.8579999804496765 2.9720001220703125
-0.8759999871253967 -1.0679999589920044 2.803999900817871
-0.4140000343322754 -0.12000000476837158 1.628000020980835
0.23399996757507324 -0.3960000276565552 2.9000000953674316
-0.8460000157356262 -1.0799999237060547 2.7920000553131104
0.08399999141693115 -0.7619999647140503 2.828000068664551
-0.6480000019073486 -1.0980000495910645 2.828000068664551
-0.5220000147819519 -0.1260000467300415 1.6100000143051147
-1.0199999809265137 -0.9480000138282776 2.9539999961853027
0.19800007343292236 -0.5699999928474426 2.8399999141693115
-0.4739999771118164 -0.1260000467300415 1.6160000562667847
-0.22200000286102295 -1.0499999523162842 2.635999917984009
0.18000006675720215 -0.5999999642372131 2.8519999980926514
0.22200000286102295 -0.1979999542236328 2.9779999256134033
-0.054000020027160645 -0.9480000138282776 2.6540000438690186
0.22800004482269287 -0.26999998092651367 2.9600000381469727
-0.671999990940094 -1.0980000495910645 2.828000068664551
0.011999964714050293 -0.8700000047683716 2.75600004196167
0.22800004482269287 -0.2999999523162842 2.9539999961853027
-0.6240000128746033 -0.1260000467300415 1.6039999723434448
-0.6480000019073486 -0.13199996948242188 1.6039999723434448
0.22200000286102295 -0.22200000286102295 2.9779999256134033
0.10199999809265137 -0.75 2.809999942779541
-0.5999999642372131 -0.1260000467300415 1.6039999723434448
-0.7619999647140503 -1.0920000076293945 2.815999984741211
0.156000018119812 -0.1499999761581421 3.0859999656677246
-0.6779999732971191 -1.0980000495910645 2.828000068664551
-0.8519999980926514 -1.0799999237060547 2.7920000553131104
-0.9539999961853027 -1.0019999742507935 2.9119999408721924
0.22200000286102295 -0.23399996757507324 2.9779999256134033
0.20399999618530273 -0.5699999928474426 2.828000068664551
-0.04799997806549072 -0.9240000247955322 2.75
0.16200006008148193 -0.6480000019073486 2.8340001106262207
-1.0019999742507935 -0.972000002861023 2.930000066757202
0.1499999761581421 -0.671999990940094 2.828000068664551
-0.671999990940094 -0.13199996948242188 1.6039999723434448
0.18599998950958252 -0.6959999799728394 2.5280001163482666
-0.03600001335144043 -0.906000018119812 2.7799999713897705
-1.0440000295639038 -0.9240000247955322 2.9779999256134033
0.156000018119812 -0.6480000019073486 2.8519999980926514
-0.04799997806549072 -0.9419999718666077 2.677999973297119
0.23399996757507324 -0.34800004959106445 2.930000066757202
0.0 -0.8759999871253967 2.7799999713897705
-0.8700000047683716 -0.156000018119812 1.6340000629425049
-0.8700000047683716 -1.0740000009536743 2.803999900817871
-0.6959999799728394 -0.13199996948242188 1.6039999723434448
-0.5099999904632568 -1.121999979019165 2.7260000705718994
-1.0740000009536743 -0.8999999761581421 2.990000009536743
-0.11399996280670166 -0.9959999918937683 2.630000114440918
-0.3960000276565552 -0.12000000476837158 1.628000020980835
-0.5460000038146973 -0.12000000476837158 1.6039999723434448
0.22800004482269287 -0.24599993228912354 2.9720001220703125
0.22200000286102295 -0.5460000038146973 2.815999984741211
-0.8519999980926514 -0.1499999761581421 1.628000020980835
-0.8759999871253967 -0.156000018119812 1.6340000629425049
0.22800004482269287 -0.5220000147819519 2.828000068664551
-0.04799997806549072 -0.9480000138282776 2.6600000858306885
-0.3179999589920044 -1.0920000076293945 2.6540000438690186
0.21599996089935303 -0.6480000019073486 2.492000102996826
-0.7080000042915344 -1.0980000495910645 2.8340001106262207
0.054000020027160645 -0.8219999670982361 2.7920000553131104
-0.011999964714050293 -0.8999999761581421 2.75
-0.75 -1.1039999723434448 2.7980000972747803
-0.34800004959106445 -1.0980000495910645 2.684000015258789
-0.8159999847412109 -1.0920000076293945 2.7980000972747803
-0.7199999690055847 -0.13199996948242188 1.6039999723434448
0.19800007343292236 -0.593999981880188 2.828000068664551
0.1499999761581421 -0.23399996757507324 3.1040000915527344
0.22800004482269287 -0.21599996089935303 2.9779999256134033
-0.5220000147819519 -0.12000000476837158 1.6039999723434448
-0.1499999761581421 -1.0199999809265137 2.635999917984009
0.156000018119812 -0.671999990940094 2.828000068664551
-0.671999990940094 -1.1039999723434448 2.828000068664551
-0.6240000128746033 -0.1260000467300415 1.5980000495910645
-0.07200002670288086 -0.972000002861023 2.630000114440918
-0.26399993896484375 -1.0740000009536743 2.6540000438690186
-0.5220000147819519 -1.121999979019165 2.75
0.22800004482269287 -0.24599993228912354 2.9779999256134033
-0.7860000133514404 -1.0980000495910645 2.803999900817871
-0.054000020027160645 -0.9480000138282776 2.7019999027252197
-0.3659999370574951 -1.1039999723434448 2.690000057220459
-0.6599999666213989 -1.0980000495910645 2.8519999980926514
0.1260000467300415 -0.7199999690055847 2.828000068664551
-0.9120000004768372 -1.0499999523162842 2.8519999980926514
-0.9419999718666077 -1.0199999809265137 2.9000000953674316
-0.006000041961669922 -0.8999999761581421 2.74399995803833
-0.22800004482269287 -1.062000036239624 2.635999917984009
0.22800004482269287 -0.1979999542236328 2.9839999675750732
-0.49800002574920654 -0.12000000476837158 1.6039999723434448
0.07800006866455078 -0.7979999780654907 2.7980000972747803
-1.0080000162124634 -0.9779999852180481 2.930000066757202
-0.6840000152587891 -1.0980000495910645 2.8519999980926514
0.09599995613098145 -0.7739999890327454 2.803999900817871
-0.75 -0.1380000114440918 1.6039999723434448
-0.527999997138977 -1.121999979019165 2.76200008392334
-1.0799999237060547 -0.8999999761581421 2.996000051498413
-0.0419999361038208 -0.9300000071525574 2.75
0.23399996757507324 -0.49800002574920654 2.8519999980926514
-0.972000002861023 -0.9959999918937683 2.930000066757202
0.1499999761581421 -0.156000018119812 3.1100001335144043
0.22800004482269287 -0.5460000038146973 2.815999984741211
0.04200005531311035 -0.8460000157356262 2.7799999713897705
-0.1979999542236328 -1.0499999523162842 2.635999917984009
0.24000000953674316 -0.41999995708465576 2.9000000953674316
-1.062000036239624 -0.9240000247955322 2.9779999256134033
0.07800006866455078 -0.7979999780654907 2.803999900817871
-0.8759999871253967 -1.0799999237060547 2.803999900817871
0.13199996948242188 -0.7199999690055847 2.822000026702881
0.10800004005432129 -0.75 2.828000068664551
-0.22200000286102295 -1.062000036239624 2.635999917984009
-0.04799997806549072 -0.9480000138282776 2.7019999027252197
0.18000006675720215 -0.6240000128746033 2.8519999980926514
-0.2999999523162842 -1.0920000076293945 2.6540000438690186
-0.515999972820282 -1.128000020980835 2.73799991607666
0.22800004482269287 -0.1260000467300415 2.9839999675750732
-0.8100000023841858 -1.0980000495910645 2.803999900817871
0.22800004482269287 -0.12000000476837158 2.9839999675750732
0.22200000286102295 -0.5699999928474426 2.809999942779541
-0.5460000038146973 -1.121999979019165 2.7799999713897705
0.21000003814697266 -0.671999990940094 2.4860000610351562
-0.7739999890327454 -1.0980000495910645 2.828000068664551
-0.054000020027160645 -0.9539999961853027 2.7019999027252197
-0.4739999771118164 -0.12000000476837158 1.6039999723434448
-1.0799999237060547 -0.8999999761581421 3.002000093460083
-1.1460000276565552 -0.8640000224113464 2.9839999675750732
-1.0799999237060547 -0.9120000004768372 2.9839999675750732
-0.7739999890327454 -0.1380000114440918 1.6039999723434448
-0.36000001430511475 -0.12000000476837158 1.628000020980835
0.029999971389770508 -0.8700000047683716 2.75600004196167
0.060000061988830566 -0.8219999670982361 2.803999900817871
-0.75 -1.1100000143051147 2.803999900817871
-0.5519999861717224 -1.121999979019165 2.7860000133514404
0.22200000286102295 -0.1499999761581421 3.002000093460083
-0.6480000019073486 -0.1260000467300415 1.5920000076293945
-0.09599995613098145 -0.9959999918937683 2.630000114440918
0.10199999809265137 -0.7739999890327454 2.803999900817871
0.20399999618530273 -0.5999999642372131 2.828000068664551
0.18000006675720215 -0.6299999952316284 2.8519999980926514
-0.6119999885559082 -1.121999979019165 2.7980000972747803
-0.671999990940094 -1.1039999723434448 2.8519999980926514
-0.6299999952316284 -1.121999979019165 2.7980000972747803
-0.24599993228912354 -1.0740000009536743 2.6540000438690186
0.23399996757507324 -0.26999998092651367 2.9779999256134033
-0.8460000157356262 -1.0920000076293945 2.803999900817871
-0.6779999732971191 -1.1039999723434448 2.8519999980926514
0.1260000467300415 -0.7440000176429749 2.803999900817871
-0.5220000147819519 -1.128000020980835 2.75600004196167
0.24000000953674316 -0.3240000009536743 2.9539999961853027
0.006000041961669922 -0.8999999761581421 2.73799991607666
-0.7619999647140503 -1.1100000143051147 2.803999900817871
0.22800004482269287 -0.16199994087219238 2.996000051498413
-0.7919999957084656 -1.0980000495910645 2.828000068664551
-0.6240000128746033 -1.121999979019165 2.803999900817871
-0.6359999775886536 -1.121999979019165 2.803999900817871
0.22800004482269287 -0.5699999928474426 2.803999900817871
0.24000000953674316 -0.4739999771118164 2.875999927520752
-0.5879999995231628 -1.121999979019165 2.803999900817871
-1.1759999990463257 -0.8640000224113464 2.9539999961853027
-0.023999929428100586 -0.9240000247955322 2.75
-0.9300000071525574 -1.0440000295639038 2.875999927520752
0.10800004005432129 -0.7739999890327454 2.7980000972747803
-0.5699999928474426 -1.121999979019165 2.803999900817871
-0.26999998092651367 -1.0859999656677246 2.6600000858306885
-0.9900000095367432 -0.9959999918937683 2.930000066757202
-0.8939999938011169 -1.0740000009536743 2.828000068664551
-0.3240000009536743 -1.1039999723434448 2.671999931335449
0.156000018119812 -0.6959999799728394 2.822000026702881
-0.7979999780654907 -0.1380000114440918 1.6039999723434448
0.21000003814697266 -0.6840000152587891 2.503999948501587
0.21599996089935303 -0.5999999642372131 2.803999900817871
0.006000041961669922 -0.8999999761581421 2.75
-0.018000006675720215 -0.9240000247955322 2.73799991607666
0.22800004482269287 -0.17400002479553223 3.002000093460083
0.24600005149841309 -0.37199997901916504 2.930000066757202
-0.4440000057220459 -0.11399996280670166 1.6039999723434448
0.22800004482269287 -0.1499999761581421 3.002000093460083
0.054000020027160645 -0.8460000157356262 2.7799999713897705
-0.8640000224113464 -1.0920000076293945 2.803999900817871
-0.671999990940094 -1.121999979019165 2.809999942779541
0.23399996757507324 -0.5460000038146973 2.828000068664551
-0.6840000152587891 -1.1159999370574951 2.828000068664551
0.156000018119812 -0.6959999799728394 2.828000068664551
-0.0419999361038208 -0.9480000138282776 2.7260000705718994
0.19800007343292236 -0.6240000128746033 2.828000068664551
-1.0199999809265137 -0.972000002861023 2.9539999961853027
-0.37199997901916504 -1.1159999370574951 2.7019999027252197
-0.7979999780654907 -1.1100000143051147 2.7980000972747803
-0.9839999675750732 -0.9900000095367432 2.9539999961853027
-0.6240000128746033 -0.12000000476837158 1.5859999656677246
-0.9240000247955322 -1.0499999523162842 2.875999927520752
0.18599998950958252 -0.6480000019073486 2.828000068664551
0.24600005149841309 -0.38399994373321533 2.930000066757202
-1.0679999589920044 -0.9179999828338623 3.002000093460083
0.21599996089935303 -0.6779999732971191 2.4860000610351562
-0.6959999799728394 -1.121999979019165 2.809999942779541
-0.671999990940094 -0.1260000467300415 1.5859999656677246
0.25199997425079346 -0.3960000276565552 2.9119999408721924
-0.3359999656677246 -0.10800004005432129 1.628000020980835
0.22200000286102295 -0.5999999642372131 2.7980000972747803
-0.12000000476837158 -1.0199999809265137 2.630000114440918
-0.8460000157356262 -0.14399993419647217 1.6100000143051147
-0.1979999542236328 -1.062000036239624 2.635999917984009
-1.1519999504089355 -0.8640000224113464 2.996000051498413
-0.16199994087219238 -1.0440000295639038 2.635999917984009
-0.8219999670982361 -0.14399993419647217 1.6039999723434448
0.23399996757507324 -0.6480000019073486 2.4860000610351562
-1.0320000648498535 -0.972000002861023 2.947999954223633
0.24600005149841309 -0.4440000057220459 2.9000000953674316
-0.6959999799728394 -0.1260000467300415 1.5859999656677246
0.07800006866455078 -0.8159999847412109 2.803999900817871
-0.906000018119812 -1.0679999589920044 2.8519999980926514
-0.41999995708465576 -0.11399996280670166 1.6039999723434448
0.21000003814697266 -0.6240000128746033 2.803999900817871
0.24600005149841309 -0.34200000762939453 2.9539999961853027
0.23399996757507324 -0.1979999542236328 3.002000093460083
-0.7199999690055847 -1.121999979019165 2.809999942779541
0.07800006866455078 -0.8219999670982361 2.7920000553131104
-0.04799997806549072 -0.972000002861023 2.6480000019073486
0.25199997425079346 -0.37199997901916504 2.930000066757202
-0.33000004291534424 -1.1100000143051147 2.690000057220459
-0.04799997806549072 -0.972000002861023 2.6540000438690186
-1.0499999523162842 -0.9480000138282776 2.9779999256134033
0.25199997425079346 -0.41999995708465576 2.9060001373291016
-1.055999994277954 -0.9480000138282776 2.9720001220703125
-0.22200000286102295 -1.0740000009536743 2.6540000438690186
0.25199997425079346 -0.34800004959106445 2.941999912261963
-0.8460000157356262 -1.1039999723434448 2.7980000972747803
0.20399999618530273 -0.6240000128746033 2.828000068664551
-0.8219999670982361 -1.1100000143051147 2.7980000972747803
-0.7199999690055847 -0.1260000467300415 1.5859999656677246
0.10199999809265137 -0.7919999957084656 2.803999900817871
0.22800004482269287 -0.5999999642372131 2.7920000553131104
0.21599996089935303 -0.6899999976158142 2.5280001163482666
0.22800004482269287 -0.6660000085830688 2.4860000610351562
-0.6480000019073486 -0.12000000476837158 1.5800000429153442
-0.906000018119812 -1.0740000009536743 2.8459999561309814
-0.5999999642372131 -0.11399996280670166 1.5800000429153442
-0.07200002670288086 -0.9959999918937683 2.624000072479248
0.18000006675720215 -0.671999990940094 2.828000068664551
0.24600005149841309 -0.2879999876022339 2.9779999256134033
0.24600005149841309 -0.4620000123977661 2.9000000953674316
-0.7979999780654907 -1.1159999370574951 2.803999900817871
0.20399999618530273 -0.6299999952316284 2.828000068664551
-1.0379999876022339 -0.972000002861023 2.9539999961853027
0.04200005531311035 -0.8700000047683716 2.7799999713897705
-0.07200002670288086 -0.9959999918937683 2.630000114440918
-0.671999990940094 -0.12000000476837158 1.5800000429153442
-0.5699999928474426 -0.11399996280670166 1.5800000429153442
-0.7139999866485596 -1.121999979019165 2.828000068664551
0.25199997425079346 -0.4440000057220459 2.9000000953674316
-0.6840000152587891 -0.12000000476837158 1.5800000429153442
-0.3960000276565552 -0.11399996280670166 1.6039999723434448
0.22800004482269287 -0.5999999642372131 2.803999900817871
-0.8040000200271606 -1.1159999370574951 2.803999900817871
0.19800007343292236 -0.6480000019073486 2.822000026702881
-0.527999997138977 -1.1399999856948853 2.7680001258850098
-0.7260000109672546 -1.121999979019165 2.828000068664551
-0.8579999804496765 -1.1039999723434448 2.803999900817871
0.24600005149841309 -0.5220000147819519 2.8519999980926514
0.24600005149841309 -0.49800002574920654 2.875999927520752
0.25199997425079346 -0.34800004959106445 2.9539999961853027
-0.5579999685287476 -1.1340000629425049 2.803999900817871
-0.22200000286102295 -1.0799999237060547 2.6540000438690186
-0.3359999656677246 -1.1159999370574951 2.7019999027252197
0.024000048637390137 -0.8819999694824219 2.803999900817871
0.22200000286102295 -0.6240000128746033 2.7920000553131104
0.10800004005432129 -0.7979999780654907 2.7920000553131104
-0.8399999737739563 -1.1100000143051147 2.803999900817871
0.22200000286102295 -0.6899999976158142 2.552000045776367
-0.8579999804496765 -0.14399993419647217 1.6039999723434448
-0.0419999361038208 -0.972000002861023 2.677999973297119
-0.972000002861023 -1.0199999809265137 2.930000066757202
-0.26999998092651367 -1.0980000495910645 2.677999973297119
0.25199997425079346 -0.26999998092651367 2.9779999256134033
-0.6840000152587891 -1.128000020980835 2.828000068664551
0.22800004482269287 -0.6779999732971191 2.492000102996826
0.24600005149841309 -0.5040000081062317 2.875999927520752
-0.527999997138977 -0.10800004005432129 1.5800000429153442
0.029999971389770508 -0.8999999761581421 2.73799991607666
0.24000000953674316 -0.6599999666213989 2.5280001163482666
-0.023999929428100586 -0.9480000138282776 2.7320001125335693
0.25199997425079346 -0.4739999771118164 2.888000011444092
-0.5220000147819519 -0.10800004005432129 1.5800000429153442
0.0 -0.9240000247955322 2.75
0.156000018119812 -0.7199999690055847 2.828000068664551
-1.1579999923706055 -0.8700000047683716 3.002000093460083
0.12000000476837158 -0.7440000176429749 2.875999927520752
-1.0740000009536743 -0.9300000071525574 3.002000093460083
0.1260000467300415 -0.7739999890327454 2.803999900817871
-1.0260000228881836 -0.972000002861023 2.9779999256134033
-0.9779999852180481 -1.0019999742507935 2.9660000801086426
-0.8219999670982361 -1.1100000143051147 2.828000068664551
-0.1499999761581421 -1.0499999523162842 2.635999917984009
0.24600005149841309 -0.5339999794960022 2.8519999980926514
-0.8700000047683716 -1.0980000495910645 2.828000068664551
-0.6179999709129333 -1.1460000276565552 2.7799999713897705
0.07800006866455078 -0.8460000157356262 2.7680001258850098
-0.22800004482269287 -1.0859999656677246 2.6600000858306885
-0.7139999866485596 -1.128000020980835 2.828000068664551
-0.2760000228881836 -1.1039999723434448 2.671999931335449
0.22800004482269287 -0.6840000152587891 2.503999948501587
0.2580000162124634 -0.3960000276565552 2.930000066757202
0.2580000162124634 -0.26999998092651367 2.9720001220703125
0.029999971389770508 -0.8999999761581421 2.75
0.21000003814697266 -0.6480000019073486 2.803999900817871
0.22800004482269287 -0.6240000128746033 2.7860000133514404
0.24600005149841309 -0.22200000286102295 3.002000093460083
-0.0419999361038208 -0.972000002861023 2.7019999027252197
-0.2760000228881836 -1.1039999723434448 2.677999973297119
-0.09599995613098145 -1.0199999809265137 2.630000114440918
-0.5759999752044678 -1.1460000276565552 2.7799999713897705
0.24600005149841309 -0.22800004482269287 3.002000093460083
-0.49800002574920654 -0.10800004005432129 1.5800000429153442
-0.75 -0.1260000467300415 1.5800000429153442
-0.5699999928474426 -1.1460000276565552 2.7799999713897705
0.25199997425079346 -0.49800002574920654 2.875999927520752
0.1260000467300415 -0.7440000176429749 2.870000123977661
-1.0740000009536743 -0.9480000138282776 2.9779999256134033
0.19800007343292236 -0.671999990940094 2.803999900817871
-0.7739999890327454 -1.121999979019165 2.828000068664551
0.054000020027160645 -0.8700000047683716 2.7799999713897705
-0.17400002479553223 -1.062000036239624 2.6660001277923584
0.22800004482269287 -0.6899999976158142 2.5280001163482666
0.2580000162124634 -0.3539999723434448 2.9539999961853027
0.25199997425079346 -0.4739999771118164 2.9000000953674316
0.011999964714050293 -0.9240000247955322 2.7320001125335693
-0.5460000038146973 -1.1460000276565552 2.7799999713897705
0.07800006866455078 -0.8460000157356262 2.7799999713897705
0.25199997425079346 -0.5220000147819519 2.8580000400543213
0.0 -0.9300000071525574 2.75
-1.1039999723434448 -0.8999999761581421 3.0260000228881836
-1.0920000076293945 -0.9240000247955322 3.002000093460083
-0.37199997901916504 -1.128000020980835 2.7320001125335693
-1.0139999389648438 -0.9959999918937683 2.9539999961853027
-0.9480000138282776 -1.0499999523162842 2.9000000953674316
0.2640000581741333 -0.3240000009536743 2.9539999961853027
0.1260000467300415 -0.7440000176429749 2.875999927520752
0.060000061988830566 -0.8700000047683716 2.7680001258850098
-0.26999998092651367 -1.1039999723434448 2.684000015258789
-0.9900000095367432 -1.0199999809265137 2.930000066757202
-0.4739999771118164 -0.10800004005432129 1.5800000429153442
-0.36000001430511475 -0.10800004005432129 1.6039999723434448
-1.1399999856948853 -0.8999999761581421 2.990000009536743
0.24000000953674316 -0.671999990940094 2.503999948501587
-0.7739999890327454 -0.1260000467300415 1.5800000429153442
-0.6420000195503235 -1.1460000276565552 2.7980000972747803
0.22200000286102295 -0.6480000019073486 2.7799999713897705
0.17400002479553223 -0.7139999866485596 2.809999942779541
-0.8819999694824219 -1.1039999723434448 2.815999984741211
0.22800004482269287 -0.6959999799728394 2.552000045776367
-0.9539999961853027 -1.0499999523162842 2.9000000953674316
0.18000006675720215 -0.6959999799728394 2.828000068664551
0.2580000162124634 -0.2999999523162842 2.9779999256134033
0.24600005149841309 -0.5699999928474426 2.828000068664551
0.25199997425079346 -0.5460000038146973 2.8399999141693115
0.22800004482269287 -0.6959999799728394 2.5759999752044678
-0.75 -1.121999979019165 2.8519999980926514
0.25199997425079346 -0.1979999542236328 3.002000093460083
0.14400005340576172 -0.75 2.828000068664551
-1.0320000648498535 -0.9959999918937683 2.941999912261963
0.2580000162124634 -0.22200000286102295 2.990000009536743
-0.6179999709129333 -1.1460000276565552 2.803999900817871
0.25199997425079346 -0.22200000286102295 3.002000093460083
-0.7979999780654907 -1.121999979019165 2.828000068664551
-0.8939999938011169 -1.0980000495910645 2.828000068664551
-0.24599993228912354 -1.0980000495910645 2.677999973297119
-1.121999979019165 -0.8999999761581421 3.0139999389648438
-0.593999981880188 -1.1460000276565552 2.803999900817871
0.26999998092651367 -0.3240000009536743 2.947999954223633
-0.6480000019073486 -1.1460000276565552 2.803999900817871
-0.828000009059906 -1.1159999370574951 2.828000068664551
-0.7559999823570251 -1.121999979019165 2.8519999980926514
0.24000000953674316 -0.12000000476837158 3.0199999809265137
0.20399999618530273 -0.671999990940094 2.803999900817871
-0.08399999141693115 -1.0199999809265137 2.624000072479248
0.24000000953674316 -0.17400002479553223 3.0260000228881836
-0.34800004959106445 -0.11399996280670166 1.6039999723434448
0.22800004482269287 -0.6480000019073486 2.7680001258850098
-1.0859999656677246 -0.9480000138282776 2.9779999256134033
-0.671999990940094 -1.1460000276565552 2.803999900817871
0.25199997425079346 -0.6539999842643738 2.4860000610351562
-0.7919999957084656 -0.1260000467300415 1.5800000429153442
0.24000000953674316 -0.1499999761581421 3.0260000228881836
-0.006000041961669922 -0.9419999718666077 2.75
-0.19200003147125244 -1.0799999237060547 2.6480000019073486
-0.04799997806549072 -0.9959999918937683 2.635999917984009
-0.9240000247955322 -1.0740000009536743 2.875999927520752
-0.07200002670288086 -1.0139999389648438 2.624000072479248
0.26999998092651367 -0.2999999523162842 2.9600000381469727
0.25199997425079346 -0.6599999666213989 2.5280001163482666
0.19200003147125244 -0.6959999799728394 2.803999900817871
-0.6240000128746033 -1.1519999504089355 2.7920000553131104
0.25199997425079346 -0.5220000147819519 2.875999927520752
-0.5999999642372131 -1.1519999504089355 2.7920000553131104
-0.6959999799728394 -1.1460000276565552 2.803999900817871
-0.03600001335144043 -0.9779999852180481 2.7019999027252197
0.25199997425079346 -0.5460000038146973 2.8519999980926514
0.22200000286102295 -0.671999990940094 2.75
-0.7680000066757202 -0.1260000467300415 1.5740000009536743
-0.4440000057220459 -0.10199999809265137 1.5800000429153442
0.24000000953674316 -0.12000000476837158 3.0260000228881836
0.22800004482269287 -0.6480000019073486 2.7799999713897705
-0.17400002479553223 -1.0679999589920044 2.684000015258789
-1.1399999856948853 -0.8999999761581421 3.002000093460083
-0.9300000071525574 -1.0740000009536743 2.875999927520752
0.054000020027160645 -0.8819999694824219 2.7799999713897705
0.12000000476837158 -0.7680000066757202 2.870000123977661
0.12000000476837158 -0.75 2.9000000953674316
0.21599996089935303 -0.671999990940094 2.7799999713897705
-1.0019999742507935 -1.0199999809265137 2.936000108718872
-0.7199999690055847 -1.1460000276565552 2.803999900817871
0.1499999761581421 -0.7739999890327454 2.7799999713897705
0.2580000162124634 -0.23399996757507324 3.002000093460083
0.2760000228881836 -0.3240000009536743 2.947999954223633
0.156000018119812 -0.7440000176429749 2.828000068664551
-1.055999994277954 -0.9539999961853027 3.008000135421753
-0.1679999828338623 -1.0740000009536743 2.630000114440918
0.2760000228881836 -0.37199997901916504 2.930000066757202
-0.029999971389770508 -0.972000002861023 2.7260000705718994
0.26999998092651367 -0.24599993228912354 2.9779999256134033
-1.1399999856948853 -0.9179999828338623 2.9779999256134033
-1.0679999589920044 -0.972000002861023 2.9660000801086426
0.24600005149841309 -0.5879999995231628 2.828000068664551
0.25199997425079346 -0.5699999928474426 2.8340001106262207
-1.0679999589920044 -0.9660000205039978 2.9779999256134033
0.0 -0.9480000138282776 2.7320001125335693
-0.8219999670982361 -0.13199996948242188 1.5800000429153442
-1.0320000648498535 -1.0080000162124634 2.936000108718872
0.11399996280670166 -0.8219999670982361 2.7799999713897705
-0.24599993228912354 -1.1039999723434448 2.690000057220459
-0.49800002574920654 -0.10199999809265137 1.5679999589920044
0.2640000581741333 -0.1979999542236328 2.996000051498413
-0.8519999980926514 -0.13199996948242188 1.5859999656677246
-0.9539999961853027 -1.0440000295639038 2.936000108718872
-0.07200002670288086 -1.0199999809265137 2.630000114440918
-0.029999971389770508 -0.9839999675750732 2.677999973297119
0.2760000228881836 -0.2999999523162842 2.9600000381469727
0.2760000228881836 -0.38399994373321533 2.930000066757202
-0.41999995708465576 -0.10199999809265137 1.5800000429153442
0.2760000228881836 -0.3240000009536743 2.9539999961853027
0.029999971389770508 -0.9240000247955322 2.7320001125335693
-1.0499999523162842 -0.9779999852180481 2.9779999256134033
0.25199997425079346 -0.671999990940094 2.558000087738037
-0.3240000009536743 -0.10800004005432129 1.6039999723434448
-0.828000009059906 -1.128000020980835 2.815999984741211
0.22800004482269287 -0.671999990940094 2.75
0.17400002479553223 -0.7319999933242798 2.809999942779541
-1.0920000076293945 -0.9240000247955322 3.0260000228881836
0.2640000581741333 -0.6480000019073486 2.503999948501587
-0.023999929428100586 -0.972000002861023 2.7200000286102295
-0.75 -1.1460000276565552 2.803999900817871
-0.906000018119812 -1.0980000495910645 2.8459999561309814
-0.8999999761581421 -1.0980000495910645 2.8519999980926514
0.25199997425079346 -0.671999990940094 2.503999948501587
0.1260000467300415 -0.75 2.9000000953674316
-1.121999979019165 -0.9240000247955322 2.996000051498413
0.25199997425079346 -0.1499999761581421 3.0199999809265137
-1.0199999809265137 -1.0080000162124634 2.9539999961853027
0.24000000953674316 -0.6240000128746033 2.803999900817871
0.21000003814697266 -0.7139999866485596 2.7260000705718994
-0.4440000057220459 -0.10199999809265137 1.5740000009536743
-0.023999929428100586 -0.972000002861023 2.7260000705718994
0.2820000648498535 -0.34800004959106445 2.936000108718872
-1.0440000295639038 -0.9959999918937683 2.9539999961853027
0.2760000228881836 -0.4440000057220459 2.9000000953674316
0.21599996089935303 -0.6959999799728394 2.75
-0.023999929428100586 -0.9779999852180481 2.7019999027252197
0.156000018119812 -0.7739999890327454 2.7799999713897705
-0.8100000023841858 -1.1340000629425049 2.815999984741211
0.2760000228881836 -0.26999998092651367 2.9720001220703125
0.054000020027160645 -0.8999999761581421 2.75
-0.4739999771118164 -0.10199999809265137 1.5679999589920044
-0.906000018119812 -1.0980000495910645 2.8519999980926514
-0.5220000147819519 -0.10199999809265137 1.562000036239624
-0.8399999737739563 -0.13199996948242188 1.5800000429153442
-0.11399996280670166 -1.0499999523162842 2.630000114440918
-0.03600001335144043 -0.9959999918937683 2.6540000438690186
-0.7559999823570251 -1.1460000276565552 2.809999942779541
-0.023999929428100586 -0.9839999675750732 2.677999973297119
-1.1159999370574951 -0.9419999718666077 2.9779999256134033
0.2760000228881836 -0.24599993228912354 2.9779999256134033
-0.6179999709129333 -1.1579999923706055 2.803999900817871
-0.28199994564056396 -0.09599995613098145 1.6160000562667847
0.25199997425079346 -0.1679999828338623 3.0260000228881836
0.22200000286102295 -0.6959999799728394 2.7320001125335693
-0.6240000128746033 -0.10800004005432129 1.555999994277954
0.21000003814697266 -0.6959999799728394 2.7799999713897705
0.25199997425079346 -0.6779999732971191 2.509999990463257
-0.593999981880188 -1.1579999923706055 2.803999900817871
0.2820000648498535 -0.41999995708465576 2.9060001373291016
-1.121999979019165 -0.9240000247955322 3.002000093460083
-0.6480000019073486 -1.1579999923706055 2.803999900817871
-0.6480000019073486 -0.10800004005432129 1.555999994277954
0.19800007343292236 -0.7080000042915344 2.7980000972747803
0.25199997425079346 -0.1499999761581421 3.0260000228881836
-0.5999999642372131 -0.10199999809265137 1.555999994277954
0.20399999618530273 -0.6959999799728394 2.803999900817871
0.07800006866455078 -0.8700000047683716 2.7799999713897705
0.2760000228881836 -0.26999998092651367 2.9779999256134033
-0.671999990940094 -1.1579999923706055 2.803999900817871
-0.671999990940094 -0.10800004005432129 1.555999994277954
-1.1519999504089355 -0.8999999761581421 3.008000135421753
-0.5699999928474426 -0.10199999809265137 1.555999994277954
-0.3960000276565552 -0.10199999809265137 1.5800000429153442
-0.8819999694824219 -1.1159999370574951 2.828000068664551
0.2760000228881836 -0.4739999771118164 2.888000011444092
0.10199999809265137 -0.8460000157356262 2.7799999713897705
-0.6959999799728394 -0.11399996280670166 1.555999994277954
0.2640000581741333 -0.49800002574920654 2.9000000953674316
-1.0499999523162842 -0.972000002861023 3.002000093460083
0.2820000648498535 -0.24599993228912354 2.9720001220703125
0.22200000286102295 -0.7080000042915344 2.7139999866485596
0.2879999876022339 -0.3960000276565552 2.9119999408721924
-0.7979999780654907 -0.1260000467300415 1.5679999589920044
-0.6959999799728394 -1.1579999923706055 2.803999900817871
-0.5460000038146973 -0.10199999809265137 1.555999994277954
0.25199997425079346 -0.5999999642372131 2.822000026702881
0.26999998092651367 -0.6480000019073486 2.4800000190734863
-0.75 -1.1460000276565552 2.828000068664551
-0.8700000047683716 -1.121999979019165 2.828000068664551
0.21599996089935303 -0.7080000042915344 2.75
0.23399996757507324 -0.7139999866485596 2.618000030517578
0.156000018119812 -0.7739999890327454 2.803999900817871
-0.7199999690055847 -0.11399996280670166 1.555999994277954
0.1260000467300415 -0.8219999670982361 2.7799999713897705
-0.2999999523162842 -0.10199999809265137 1.6039999723434448
0.25199997425079346 -0.5999999642372131 2.828000068664551
-0.10199999809265137 -1.0499999523162842 2.624000072479248
0.22800004482269287 -0.6959999799728394 2.7320001125335693
-0.7199999690055847 -1.1579999923706055 2.803999900817871
-0.023999929428100586 -0.9959999918937683 2.6419999599456787
0.25199997425079346 -0.6899999976158142 2.5280001163482666
0.2640000581741333 -0.5339999794960022 2.875999927520752
-0.7919999957084656 -1.128000020980835 2.870000123977661
0.2940000295639038 -0.37199997901916504 2.9179999828338623
0.24600005149841309 -0.7020000219345093 2.5399999618530273
0.2760000228881836 -0.4739999771118164 2.9000000953674316
-1.0980000495910645 -0.9480000138282776 3.002000093460083
-0.515999972820282 -0.09599995613098145 1.555999994277954
-0.023999929428100586 -0.9959999918937683 2.6540000438690186
-0.5999999642372131 -0.10199999809265137 1.5499999523162842
-0.9480000138282776 -1.0740000009536743 2.9000000953674316
0.2760000228881836 -0.1979999542236328 2.996000051498413
-0.9240000247955322 -1.0920000076293945 2.875999927520752
0.2820000648498535 -0.22200000286102295 2.9839999675750732
0.26999998092651367 -0.17400002479553223 3.008000135421753
-0.7739999890327454 -1.1460000276565552 2.828000068664551
-0.9900000095367432 -1.0499999523162842 2.9179999828338623
-0.37199997901916504 -0.10199999809265137 1.5800000429153442
-0.8219999670982361 -0.1260000467300415 1.5679999589920044
-0.16199994087219238 -1.0859999656677246 2.630000114440918
-0.34800004959106445 -0.10199999809265137 1.5859999656677246
0.17400002479553223 -0.7680000066757202 2.7739999294281006
0.04200005531311035 -0.9240000247955322 2.75
0.1499999761581421 -0.7979999780654907 2.7799999713897705
-0.75 -0.11399996280670166 1.555999994277954
-0.1380000114440918 -1.0740000009536743 2.630000114440918
0.19800007343292236 -0.7199999690055847 2.803999900817871
-0.49800002574920654 -0.09599995613098145 1.555999994277954
0.25199997425079346 -0.6959999799728394 2.552000045776367
0.11399996280670166 -0.8460000157356262 2.7680001258850098
-0.7919999957084656 -1.1460000276565552 2.822000026702881
-1.0920000076293945 -0.972000002861023 2.9720001220703125
-1.062000036239624 -0.9959999918937683 2.9600000381469727
-0.75 -1.1579999923706055 2.803999900817871
0.22800004482269287 -0.7080000042915344 2.7200000286102295
0.2760000228881836 -0.6480000019073486 2.4800000190734863
0.21000003814697266 -0.7139999866485596 2.7799999713897705
0.24600005149841309 -0.7080000042915344 2.552000045776367
0.2760000228881836 -0.6480000019073486 2.4739999771118164
0.2760000228881836 -0.1979999542236328 3.002000093460083
-0.7559999823570251 -1.1579999923706055 2.803999900817871
-0.8640000224113464 -1.121999979019165 2.8519999980926514
0.09599995613098145 -0.8700000047683716 2.76200008392334
-0.011999964714050293 -0.9779999852180481 2.7260000705718994
-0.18599998950958252 -1.0980000495910645 2.6540000438690186
-1.0920000076293945 -0.9419999718666077 3.0260000228881836
-0.04799997806549072 -1.0199999809265137 2.635999917984009
-1.128000020980835 -0.9179999828338623 3.0260000228881836
-0.4440000057220459 -0.09599995613098145 1.562000036239624
-1.1519999504089355 -0.9240000247955322 2.990000009536743
-0.9599999785423279 -1.0740000009536743 2.9000000953674316
-1.0740000009536743 -0.9539999961853027 3.0260000228881836
-1.0980000495910645 -0.9539999961853027 3.002000093460083
0.2640000581741333 -0.5699999928474426 2.8519999980926514
-0.36000001430511475 -0.09599995613098145 1.5800000429153442
0.24600005149841309 -0.6420000195503235 2.803999900817871
-0.8519999980926514 -1.1340000629425049 2.828000068664551
-0.7739999890327454 -0.12000000476837158 1.555999994277954
-0.7979999780654907 -1.1460000276565552 2.828000068664551
0.25199997425079346 -0.7020000219345093 2.5460000038146973
-0.023999929428100586 -1.0019999742507935 2.6540000438690186
-0.4739999771118164 -0.09599995613098145 1.555999994277954
0.25199997425079346 -0.6240000128746033 2.815999984741211
0.30000007152557373 -0.37199997901916504 2.9179999828338623
-1.121999979019165 -0.9240000247955322 3.0260000228881836
0.2760000228881836 -0.6539999842643738 2.4800000190734863
-0.26399993896484375 -0.09599995613098145 1.6100000143051147
0.20399999618530273 -0.7260000109672546 2.7860000133514404
-0.9480000138282776 -1.0799999237060547 2.9000000953674316
-1.0499999523162842 -0.9839999675750732 3.002000093460083
-1.0740000009536743 -0.9839999675750732 2.9779999256134033
0.30000007152557373 -0.34800004959106445 2.930000066757202
0.2820000648498535 -0.49800002574920654 2.881999969482422
0.2760000228881836 -0.6599999666213989 2.5280001163482666
-0.1979999542236328 -1.1039999723434448 2.671999931335449
0.2760000228881836 -0.5220000147819519 2.875999927520752
-0.6240000128746033 -0.10199999809265137 1.5440000295639038
0.2940000295639038 -0.4440000057220459 2.8940000534057617
0.0 -0.972000002861023 2.7260000705718994
-0.029999971389770508 -1.0080000162124634 2.6540000438690186
0.03600001335144043 -0.9419999718666077 2.7260000705718994
-1.1460000276565552 -0.9240000247955322 3.002000093460083
0.156000018119812 -0.7979999780654907 2.7799999713897705
-0.6480000019073486 -0.10199999809265137 1.5440000295639038
0.19800007343292236 -0.7319999933242798 2.7980000972747803
0.2760000228881836 -0.49800002574920654 2.9000000953674316
-0.1499999761581421 -1.0859999656677246 2.630000114440918
0.20399999618530273 -0.7199999690055847 2.803999900817871
-1.1579999923706055 -0.8999999761581421 3.0260000228881836
0.08399999141693115 -0.8819999694824219 2.7799999713897705
0.2879999876022339 -0.2879999876022339 2.9779999256134033
-1.0980000495910645 -0.972000002861023 2.9779999256134033
0.2820000648498535 -0.5220000147819519 2.864000082015991
-0.9959999918937683 -1.0499999523162842 2.930000066757202
0.16200006008148193 -0.7680000066757202 2.8340001106262207
-0.9300000071525574 -1.0980000495910645 2.875999927520752
-0.34800004959106445 -0.09599995613098145 1.5800000429153442
0.25199997425079346 -0.7080000042915344 2.552000045776367
0.0 -0.9839999675750732 2.677999973297119
-0.3240000009536743 -0.10199999809265137 1.5859999656677246
-0.26999998092651367 -0.10199999809265137 1.6039999723434448
0.2820000648498535 -0.17400002479553223 3.002000093460083
-0.75 -1.1579999923706055 2.828000068664551
-0.7979999780654907 -0.12000000476837158 1.555999994277954
-0.17400002479553223 -1.0980000495910645 2.6540000438690186
0.07800006866455078 -0.8999999761581421 2.75
0.2940000295639038 -0.34200000762939453 2.9539999961853027
-0.22800004482269287 -1.1159999370574951 2.7019999027252197
-1.055999994277954 -0.9779999852180481 3.0139999389648438
0.30000007152557373 -0.2999999523162842 2.9539999961853027
-0.8219999670982361 -1.1460000276565552 2.828000068664551
0.24600005149841309 -0.7199999690055847 2.5759999752044678
0.054000020027160645 -0.9240000247955322 2.75
-1.194000005722046 -0.9240000247955322 2.947999954223633
-0.2999999523162842 -0.10199999809265137 1.5920000076293945
0.2760000228881836 -0.5339999794960022 2.875999927520752
0.18000006675720215 -0.7619999647140503 2.803999900817871
-1.0799999237060547 -0.9959999918937683 2.9600000381469727
0.018000006675720215 -0.9480000138282776 2.7799999713897705
-1.1039999723434448 -0.972000002861023 2.9779999256134033
0.25199997425079346 -0.1260000467300415 3.055999994277954
-0.20399999618530273 -1.1100000143051147 2.684000015258789
-0.12000000476837158 -1.0740000009536743 2.630000114440918
0.30000007152557373 -0.37800002098083496 2.930000066757202
-0.8399999737739563 -0.1260000467300415 1.562000036239624
0.0 -0.9779999852180481 2.7260000705718994
0.10800004005432129 -0.8700000047683716 2.75600004196167
0.25199997425079346 -0.6480000019073486 2.7980000972747803
0.24000000953674316 -0.7260000109672546 2.635999917984009
0.18000006675720215 -0.7739999890327454 2.7799999713897705
-0.07799994945526123 -1.0499999523162842 2.624000072479248
-0.8939999938011169 -1.121999979019165 2.8519999980926514
0.19800007343292236 -0.7379999756813049 2.803999900817871
-1.1460000276565552 -0.9419999718666077 2.9839999675750732
-1.121999979019165 -0.9480000138282776 3.002000093460083
-0.07799994945526123 -1.0499999523162842 2.630000114440918
0.10199999809265137 -0.8700000047683716 2.7799999713897705
0.30000007152557373 -0.3240000009536743 2.9539999961853027
-1.194000005722046 -0.9240000247955322 2.9539999961853027
-1.0139999389648438 -1.0499999523162842 2.9240000247955322
0.2760000228881836 -0.671999990940094 2.503999948501587
0.24000000953674316 -0.6959999799728394 2.75
0.24600005149841309 -0.671999990940094 2.7799999713897705
0.25199997425079346 -0.6480000019073486 2.803999900817871
0.04200005531311035 -0.9240000247955322 2.7980000972747803
0.30000007152557373 -0.33000004291534424 2.9539999961853027
-0.906000018119812 -1.121999979019165 2.8459999561309814
-0.8399999737739563 -1.1460000276565552 2.828000068664551
0.24600005149841309 -0.7260000109672546 2.5940001010894775
-0.8219999670982361 -0.12000000476837158 1.555999994277954
0.0 -0.9959999918937683 2.6419999599456787
-0.671999990940094 -0.10199999809265137 1.5379999876022339
0.1260000467300415 -0.8460000157356262 2.7799999713897705
0.2580000162124634 -0.6240000128746033 2.828000068664551
0.1499999761581421 -0.8219999670982361 2.7680001258850098
0.30000007152557373 -0.4440000057220459 2.9000000953674316
-0.8819999694824219 -1.1340000629425049 2.8340001106262207
-1.0499999523162842 -1.0199999809265137 2.9539999961853027
-0.26999998092651367 -0.10199999809265137 1.5980000495910645
0.054000020027160645 -0.9300000071525574 2.75
-1.121999979019165 -0.9359999895095825 3.0260000228881836
0.2879999876022339 -0.21599996089935303 3.002000093460083
-1.194000005722046 -0.9300000071525574 2.947999954223633
0.26999998092651367 -0.5820000171661377 2.8519999980926514
-0.3240000009536743 -0.09599995613098145 1.5800000429153442
-1.194000005722046 -0.8819999694824219 3.0260000228881836
-0.07200002670288086 -1.0499999523162842 2.624000072479248
0.25199997425079346 -0.7199999690055847 2.5759999752044678
-0.828000009059906 -0.12000000476837158 1.555999994277954
-0.906000018119812 -1.121999979019165 2.8519999980926514
0.0 -0.9959999918937683 2.6540000438690186
-0.07200002670288086 -1.0499999523162842 2.630000114440918
0.2760000228881836 -0.5699999928474426 2.8519999980926514
0.3059999942779541 -0.37199997901916504 2.930000066757202
0.30000007152557373 -0.24599993228912354 2.9779999256134033
0.018000006675720215 -0.972000002861023 2.7139999866485596
0.04200005531311035 -0.9300000071525574 2.7920000553131104
0.10199999809265137 -0.8759999871253967 2.7799999713897705
-1.0859999656677246 -0.9900000095367432 2.9779999256134033
0.25199997425079346 -0.7199999690055847 2.6059999465942383
-1.1640000343322754 -0.9240000247955322 3.002000093460083
-0.4140000343322754 -0.09000003337860107 1.555999994277954
-1.121999979019165 -0.9539999961853027 3.002000093460083
0.312000036239624 -0.3960000276565552 2.9060001373291016
0.19200003147125244 -0.7440000176429749 2.828000068664551
0.20399999618530273 -0.7379999756813049 2.803999900817871
0.30000007152557373 -0.26999998092651367 2.9779999256134033
-0.9900000095367432 -1.0980000495910645 2.8399999141693115
-0.24599993228912354 -0.10199999809265137 1.6039999723434448
-1.0199999809265137 -1.0499999523162842 2.930000066757202
0.30000007152557373 -0.22200000286102295 2.9839999675750732
0.2879999876022339 -0.5460000038146973 2.8519999980926514
-0.9959999918937683 -1.0740000009536743 2.9000000953674316
0.2760000228881836 -0.5759999752044678 2.8519999980926514
0.2940000295639038 -0.6480000019073486 2.503999948501587
0.1260000467300415 -0.8519999980926514 2.7799999713897705
0.30000007152557373 -0.28199994564056396 2.9779999256134033
-0.023999929428100586 -1.0199999809265137 2.635999917984009
0.312000036239624 -0.2999999523162842 2.947999954223633
-0.7739999890327454 -1.1640000343322754 2.828000068664551
-0.8700000047683716 -1.128000020980835 2.875999927520752
0.24600005149841309 -0.6840000152587891 2.7799999713897705
-0.7860000133514404 -1.1640000343322754 2.822000026702881
0.24000000953674316 -0.7080000042915344 2.75
0.25199997425079346 -0.671999990940094 2.7860000133514404
0.24000000953674316 -0.7379999756813049 2.6540000438690186
0.312000036239624 -0.41999995708465576 2.9000000953674316
-1.1519999504089355 -0.9480000138282776 2.9839999675750732
-1.0679999589920044 -1.0199999809265137 2.947999954223633
0.30000007152557373 -0.1979999542236328 2.990000009536743
0.07200002670288086 -0.9240000247955322 2.73799991607666
-1.0320000648498535 -1.0499999523162842 2.9240000247955322
0.2879999876022339 -0.12000000476837158 3.008000135421753
-0.07200002670288086 -1.055999994277954 2.624000072479248
0.22200000286102295 -0.75 2.7200000286102295
-0.24000000953674316 -0.09599995613098145 1.6039999723434448
-0.3960000276565552 -0.09000003337860107 1.555999994277954
0.2820000648498535 -0.6779999732971191 2.503999948501587
0.3059999942779541 -0.4739999771118164 2.881999969482422
0.2940000295639038 -0.5460000038146973 2.8459999561309814
0.156000018119812 -0.8219999670982361 2.7799999713897705
0.2820000648498535 -0.14399993419647217 3.0260000228881836
-0.6959999799728394 -0.10199999809265137 1.5320000648498535
-0.12000000476837158 -1.0859999656677246 2.630000114440918
0.2760000228881836 -0.5999999642372131 2.8340001106262207
-1.187999963760376 -0.9240000247955322 2.9839999675750732
-1.194000005722046 -0.9300000071525574 2.9660000801086426
0.3179999589920044 -0.3240000009536743 2.936000108718872
0.19800007343292236 -0.7739999890327454 2.76200008392334
-0.2999999523162842 -0.09599995613098145 1.5800000429153442
-0.8339999914169312 -0.12000000476837158 1.5499999523162842
-1.0080000162124634 -1.0740000009536743 2.9000000953674316
0.22200000286102295 -0.75 2.7320001125335693
-1.1699999570846558 -0.9120000004768372 3.0260000228881836
-0.7979999780654907 -1.1640000343322754 2.828000068664551
0.24600005149841309 -0.7139999866485596 2.7260000705718994
0.029999971389770508 -0.972000002861023 2.7079999446868896
0.2879999876022339 -0.5699999928474426 2.8399999141693115
-1.1759999990463257 -0.9240000247955322 3.002000093460083
0.2820000648498535 -0.6840000152587891 2.5280001163482666
-0.9959999918937683 -1.0980000495910645 2.8519999980926514
-0.09599995613098145 -1.0740000009536743 2.630000114440918
0.2580000162124634 -0.7260000109672546 2.5759999752044678
0.22200000286102295 -0.7559999823570251 2.7200000286102295
0.2760000228881836 -0.6959999799728394 2.552000045776367
-1.0019999742507935 -1.0980000495910645 2.8459999561309814
0.2940000295639038 -0.1499999761581421 3.008000135421753
-0.972000002861023 -1.0980000495910645 2.881999969482422
0.23399996757507324 -0.7440000176429749 2.7019999027252197
0.07800006866455078 -0.9240000247955322 2.73799991607666
-0.9839999675750732 -1.1039999723434448 2.8519999980926514
0.054000020027160645 -0.9480000138282776 2.7320001125335693
0.30000007152557373 -0.6480000019073486 2.4860000610351562
-0.906000018119812 -1.1340000629425049 2.8459999561309814
-1.1460000276565552 -0.9480000138282776 3.002000093460083
-0.21599996089935303 -0.09000003337860107 1.6100000143051147
-1.0740000009536743 -1.0199999809265137 2.9539999961853027
0.30000007152557373 -0.1979999542236328 3.002000093460083
0.30000007152557373 -0.21000003814697266 3.002000093460083
0.30000007152557373 -0.17400002479553223 3.002000093460083
0.2580000162124634 -0.7260000109672546 2.618000030517578
0.18000006675720215 -0.7979999780654907 2.7799999713897705
-0.6480000019073486 -0.09599995613098145 1.5260000228881836
-0.6240000128746033 -0.09000003337860107 1.5260000228881836
-0.37199997901916504 -0.09000003337860107 1.555999994277954
-0.5999999642372131 -0.09000003337860107 1.5260000228881836
-1.2000000476837158 -0.9240000247955322 2.9779999256134033
-1.409999966621399 -0.8339999914169312 2.690000057220459
0.3059999942779541 -0.49800002574920654 2.875999927520752
0.3240000009536743 -0.34800004959106445 2.9240000247955322
0.10199999809265137 -0.8999999761581421 2.75
0.22800004482269287 -0.75 2.7260000705718994
-0.6660000085830688 -0.09599995613098145 1.5260000228881836
0.07800006866455078 -0.9240000247955322 2.75
0.2760000228881836 -0.7020000219345093 2.558000087738037
-1.0440000295639038 -1.0379999876022339 2.9539999961853027
0.3179999589920044 -0.4440000057220459 2.888000011444092
0.30000007152557373 -0.5460000038146973 2.8459999561309814
0.1499999761581421 -0.8460000157356262 2.75600004196167
0.25199997425079346 -0.6959999799728394 2.7680001258850098
-1.194000005722046 -0.9300000071525574 2.9779999256134033
0.30000007152557373 -0.6539999842643738 2.4860000610351562
-0.8219999670982361 -1.1640000343322754 2.828000068664551
-1.2059999704360962 -0.9240000247955322 2.9720001220703125
0.3240000009536743 -0.4140000343322754 2.8940000534057617
-0.6840000152587891 -0.09599995613098145 1.5260000228881836
0.20399999618530273 -0.7680000066757202 2.7799999713897705
-1.0199999809265137 -1.062000036239624 2.930000066757202
-1.0799999237060547 -1.0199999809265137 2.9539999961853027
-1.1100000143051147 -0.9419999718666077 3.055999994277954
-0.8700000047683716 -1.1460000276565552 2.8519999980926514
-1.2000000476837158 -0.9300000071525574 2.9720001220703125
-0.9240000247955322 -1.121999979019165 2.875999927520752
-0.5519999861717224 -0.09000003337860107 1.5260000228881836
0.30000007152557373 -0.6599999666213989 2.5280001163482666
0.30000007152557373 -0.5220000147819519 2.875999927520752
-1.3919999599456787 -0.8579999804496765 2.696000099182129
-0.5460000038146973 -0.09000003337860107 1.5260000228881836
0.30000007152557373 -0.5460000038146973 2.8519999980926514
0.3059999942779541 -0.6480000019073486 2.503999948501587
0.24000000953674316 -0.75 2.677999973297119
-1.121999979019165 -0.9839999675750732 2.9779999256134033
0.2580000162124634 -0.671999990940094 2.803999900817871
-0.8759999871253967 -1.1460000276565552 2.8519999980926514
0.21000003814697266 -0.7739999890327454 2.75
-1.1340000629425049 -0.9480000138282776 3.0260000228881836
0.25199997425079346 -0.6959999799728394 2.7799999713897705
0.3179999589920044 -0.24599993228912354 2.9720001220703125
-0.9359999895095825 -1.121999979019165 2.870000123977661
-1.0499999523162842 -1.0499999523162842 2.930000066757202
-0.7199999690055847 -0.10199999809265137 1.5260000228881836
0.16200006008148193 -0.828000009059906 2.7799999713897705
0.25199997425079346 -0.7379999756813049 2.6540000438690186
0.2760000228881836 -0.6240000128746033 2.828000068664551
0.2760000228881836 -0.7080000042915344 2.5759999752044678
-1.3980000019073486 -0.8519999980926514 2.7019999027252197
0.30000007152557373 -0.527999997138977 2.875999927520752
-0.972000002861023 -1.0980000495910645 2.9000000953674316
-1.1399999856948853 -0.9599999785423279 3.002000093460083
-0.9959999918937683 -1.0980000495910645 2.875999927520752
-1.121999979019165 -0.9959999918937683 2.9600000381469727
-0.5220000147819519 -0.08399999141693115 1.5260000228881836
0.156000018119812 -0.8460000157356262 2.75600004196167
0.17400002479553223 -0.8219999670982361 2.76200008392334
-0.7860000133514404 -0.11399996280670166 1.5320000648498535
-0.9359999895095825 -1.121999979019165 2.875999927520752
0.33000004291534424 -0.34800004959106445 2.9240000247955322
-0.1979999542236328 -0.09000003337860107 1.6100000143051147
-0.26999998092651367 -0.09599995613098145 1.5800000429153442
-0.8460000157356262 -1.1640000343322754 2.828000068664551
0.1380000114440918 -0.8700000047683716 2.75
0.25199997425079346 -0.7139999866485596 2.75
-0.11399996280670166 -1.0920000076293945 2.6540000438690186
-0.9779999852180481 -1.0980000495910645 2.9000000953674316
-0.7440000176429749 -0.10199999809265137 1.5260000228881836
-0.972000002861023 -1.121999979019165 2.8399999141693115
0.0 -1.0199999809265137 2.635999917984009
0.029999971389770508 -0.9959999918937683 2.6480000019073486
0.312000036239624 -0.5220000147819519 2.8580000400543213
-0.9120000004768372 -1.1399999856948853 2.8519999980926514
-0.49800002574920654 -0.08399999141693115 1.5260000228881836
-0.09599995613098145 -1.0859999656677246 2.630000114440918
0.3240000009536743 -0.26399993896484375 2.9660000801086426
-0.9900000095367432 -1.121999979019165 2.822000026702881
0.029999971389770508 -0.9959999918937683 2.6540000438690186
-0.9660000205039978 -1.121999979019165 2.8519999980926514
0.33000004291534424 -0.34800004959106445 2.930000066757202
-1.0199999809265137 -1.0980000495910645 2.8580000400543213
0.33000004291534424 -0.41999995708465576 2.8940000534057617
0.30000007152557373 -0.671999990940094 2.503999948501587
-1.062000036239624 -1.0379999876022339 2.9539999961853027
-1.1460000276565552 -0.972000002861023 2.9839999675750732
0.22200000286102295 -0.7739999890327454 2.7260000705718994
0.10199999809265137 -0.9120000004768372 2.75
0.19800007343292236 -0.7979999780654907 2.75600004196167
0.26999998092651367 -0.6480000019073486 2.828000068664551
-0.7680000066757202 -0.10800004005432129 1.5260000228881836
-1.1519999504089355 -0.9240000247955322 3.055999994277954
0.2879999876022339 -0.6959999799728394 2.6059999465942383
-0.07200002670288086 -1.0740000009536743 2.630000114440918
-0.3359999656677246 -0.08399999141693115 1.555999994277954
0.33000004291534424 -0.41999995708465576 2.9000000953674316
0.024000048637390137 -0.9959999918937683 2.7019999027252197
0.3359999656677246 -0.3240000009536743 2.930000066757202
-1.2120000123977661 -0.8939999938011169 3.0320000648498535
-1.0260000228881836 -1.0980000495910645 2.8580000400543213
-0.4739999771118164 -0.08399999141693115 1.5260000228881836
0.12000000476837158 -0.8999999761581421 2.73799991607666
0.30000007152557373 -0.5699999928474426 2.8519999980926514
0.04799997806549072 -0.972000002861023 2.7260000705718994
-1.1699999570846558 -0.9480000138282776 3.002000093460083
0.018000006675720215 -1.0019999742507935 2.7019999027252197
-1.0199999809265137 -1.0859999656677246 2.9000000953674316
0.33000004291534424 -0.2999999523162842 2.9539999961853027
-0.9779999852180481 -1.1039999723434448 2.9000000953674316
-0.972000002861023 -1.1039999723434448 2.9060001373291016
-0.8399999737739563 -1.1640000343322754 2.8519999980926514
0.33000004291534424 -0.4440000057220459 2.888000011444092
-0.9959999918937683 -1.121999979019165 2.828000068664551
-0.8700000047683716 -1.1640000343322754 2.828000068664551
0.33000004291534424 -0.37199997901916504 2.930000066757202
-0.6240000128746033 -0.09000003337860107 1.5140000581741333
-0.8219999670982361 -0.11399996280670166 1.5320000648498535
0.24600005149841309 -0.7559999823570251 2.684000015258789
0.3359999656677246 -0.2999999523162842 2.941999912261963
0.3179999589920044 -0.4739999771118164 2.9000000953674316
-1.2059999704360962 -0.9179999828338623 3.008000135421753
0.2879999876022339 -0.6240000128746033 2.822000026702881
0.33000004291534424 -0.37800002098083496 2.930000066757202
-0.029999971389770508 -1.0499999523162842 2.630000114440918
-0.8700000047683716 -1.1579999923706055 2.8519999980926514
0.30000007152557373 -0.12000000476837158 3.0260000228881836
-1.1340000629425049 -0.9959999918937683 2.9660000801086426
-0.3240000009536743 -0.08399999141693115 1.555999994277954
0.18599998950958252 -0.8219999670982361 2.75600004196167
0.22800004482269287 -0.7739999890327454 2.7260000705718994
-1.1399999856948853 -0.9539999961853027 3.0320000648498535
0.33000004291534424 -0.26999998092651367 2.9660000801086426
-1.0199999809265137 -1.0980000495910645 2.875999927520752
0.25199997425079346 -0.75 2.684000015258789
0.2940000295639038 -0.6959999799728394 2.5759999752044678
0.18000006675720215 -0.8219999670982361 2.7799999713897705
0.054000020027160645 -0.972000002861023 2.7200000286102295
0.2760000228881836 -0.6480000019073486 2.828000068664551
0.07800006866455078 -0.9480000138282776 2.7320001125335693
0.33000004291534424 -0.437999963760376 2.9000000953674316
-1.0440000295639038 -1.0740000009536743 2.9119999408721924
0.054000020027160645 -0.972000002861023 2.7260000705718994
0.1260000467300415 -0.8999999761581421 2.73799991607666
-0.9660000205039978 -1.121999979019165 2.875999927520752
0.04799997806549072 -0.9779999852180481 2.7260000705718994
0.312000036239624 -0.12000000476837158 3.008000135421753
0.2879999876022339 -0.1380000114440918 3.055999994277954
-1.055999994277954 -1.0320000648498535 2.990000009536743
-1.194000005722046 -0.8999999761581421 3.055999994277954
-0.4440000057220459 -0.07799994945526123 1.5260000228881836
-0.023999929428100586 -1.0499999523162842 2.630000114440918
-1.0740000009536743 -1.0499999523162842 2.936000108718872
0.34200000762939453 -0.3960000276565552 2.9000000953674316
0.3179999589920044 -0.1499999761581421 3.002000093460083
-0.24000000953674316 -0.09599995613098145 1.5800000429153442
0.21000003814697266 -0.7979999780654907 2.75
0.33000004291534424 -0.24599993228912354 2.9779999256134033
-0.972000002861023 -1.1340000629425049 2.8399999141693115
-0.9839999675750732 -1.1399999856948853 2.803999900817871
0.1260000467300415 -0.8999999761581421 2.75
0.3059999942779541 -0.13199996948242188 3.0260000228881836
-1.0260000228881836 -1.1159999370574951 2.828000068664551
-1.194000005722046 -0.9240000247955322 3.0260000228881836
0.018000006675720215 -1.0139999389648438 2.684000015258789
0.04200005531311035 -0.9959999918937683 2.677999973297119
-0.9240000247955322 -1.1399999856948853 2.875999927520752
-1.0320000648498535 -1.0980000495910645 2.875999927520752
0.33000004291534424 -0.26999998092651367 2.9779999256134033
0.30000007152557373 -0.6959999799728394 2.564000129699707
-1.0379999876022339 -1.0740000009536743 2.930000066757202
-1.0799999237060547 -1.0499999523162842 2.936000108718872
0.19800007343292236 -0.7919999957084656 2.815999984741211
-0.75 -0.10199999809265137 1.5140000581741333
0.018000006675720215 -1.0199999809265137 2.6540000438690186
0.24600005149841309 -0.7260000109672546 2.803999900817871
0.3240000009536743 -0.48000001907348633 2.9000000953674316
-0.9779999852180481 -1.121999979019165 2.875999927520752
0.156000018119812 -0.8700000047683716 2.75
0.24000000953674316 -0.7739999890327454 2.7019999027252197
0.2640000581741333 -0.6959999799728394 2.803999900817871
-1.4220000505447388 -0.8460000157356262 2.7079999446868896
-1.194000005722046 -0.906000018119812 3.055999994277954
-0.07200002670288086 -1.0859999656677246 2.630000114440918
-0.49800002574920654 -0.07799994945526123 1.5140000581741333
0.22800004482269287 -0.7860000133514404 2.7260000705718994
-0.41999995708465576 -0.07799994945526123 1.5260000228881836
-0.2999999523162842 -0.08399999141693115 1.555999994277954
0.3059999942779541 -0.5999999642372131 2.828000068664551
-1.0199999809265137 -1.121999979019165 2.828000068664551
-1.187999963760376 -0.9480000138282776 3.002000093460083
0.25199997425079346 -0.7619999647140503 2.690000057220459
0.33000004291534424 -0.1979999542236328 2.990000009536743
0.22200000286102295 -0.7979999780654907 2.7200000286102295
-1.121999979019165 -1.0199999809265137 2.9539999961853027
-0.17400002479553223 -0.09000003337860107 1.6039999723434448
0.2879999876022339 -0.6480000019073486 2.815999984741211
0.312000036239624 -0.6779999732971191 2.509999990463257
0.04200005531311035 -0.9959999918937683 2.7019999027252197
0.3240000009536743 -0.11399996280670166 2.996000051498413
0.2940000295639038 -0.7080000042915344 2.618000030517578
-0.4440000057220459 -0.07799994945526123 1.5199999809265137
0.34800004959106445 -0.37199997901916504 2.9119999408721924
0.33000004291534424 -0.49800002574920654 2.875999927520752
0.22200000286102295 -0.7979999780654907 2.7260000705718994
0.18000006675720215 -0.8460000157356262 2.75
-1.2059999704360962 -0.9359999895095825 3.002000093460083
-0.8999999761581421 -1.1519999504089355 2.875999927520752
-0.011999964714050293 -1.0499999523162842 2.624000072479248
-0.04799997806549072 -1.0740000009536743 2.630000114440918
-0.7799999713897705 -0.10800004005432129 1.5140000581741333
-0.4739999771118164 -0.07799994945526123 1.5140000581741333
-1.2179999351501465 -0.9419999718666077 2.9779999256134033
0.33000004291534424 -0.4739999771118164 2.9000000953674316
0.3240000009536743 -0.36000001430511475 2.9779999256134033
-0.8880000114440918 -1.1699999570846558 2.8340001106262207
0.3179999589920044 -0.671999990940094 2.552000045776367
-1.1699999570846558 -0.972000002861023 2.990000009536743
0.34200000762939453 -0.312000036239624 2.9539999961853027
0.2820000648498535 -0.671999990940094 2.803999900817871
-0.22200000286102295 -0.09000003337860107 1.5800000429153442
0.33000004291534424 -0.17400002479553223 2.996000051498413
0.3059999942779541 -0.6959999799728394 2.5280001163482666
-1.1460000276565552 -0.9959999918937683 2.9779999256134033
-0.6480000019073486 -0.09000003337860107 1.5019999742507935
0.33000004291534424 -0.6480000019073486 2.503999948501587
-0.37199997901916504 -0.07799994945526123 1.5320000648498535
-1.1519999504089355 -0.9959999918937683 2.9720001220703125
-0.593999981880188 -0.08399999141693115 1.5019999742507935
0.30000007152557373 -0.6240000128746033 2.828000068664551
-0.3960000276565552 -0.07799994945526123 1.5260000228881836
-0.671999990940094 -0.09000003337860107 1.5019999742507935
0.029999971389770508 -1.0199999809265137 2.6419999599456787
0.33000004291534424 -0.6480000019073486 2.4860000610351562
-0.9419999718666077 -1.1460000276565552 2.864000082015991
0.33000004291534424 -0.5099999904632568 2.875999927520752
-1.1640000343322754 -0.972000002861023 3.002000093460083
0.2640000581741333 -0.7199999690055847 2.7799999713897705
-0.6779999732971191 -0.09000003337860107 1.5019999742507935
-1.2120000123977661 -0.8999999761581421 3.055999994277954
0.1679999828338623 -0.8700000047683716 2.73799991607666
-0.972000002861023 -1.1399999856948853 2.8519999980926514
0.12000000476837158 -0.9240000247955322 2.7320001125335693
0.33000004291534424 -0.1979999542236328 3.002000093460083
0.20399999618530273 -0.8219999670982361 2.75
-1.0440000295639038 -1.0799999237060547 2.930000066757202
0.33000004291534424 -0.17400002479553223 3.002000093460083
-0.5519999861717224 -0.08399999141693115 1.5019999742507935
0.24600005149841309 -0.7799999713897705 2.696000099182129
0.3539999723434448 -0.3240000009536743 2.930000066757202
-1.0679999589920044 -1.0740000009536743 2.9179999828338623
-1.1340000629425049 -1.0199999809265137 2.9539999961853027
0.156000018119812 -0.8819999694824219 2.75
0.3240000009536743 -0.5699999928474426 2.8340001106262207
0.3359999656677246 -0.5220000147819519 2.8519999980926514
0.33000004291534424 -0.1499999761581421 3.002000093460083
0.3359999656677246 -0.11399996280670166 2.9839999675750732
-1.0199999809265137 -1.121999979019165 2.8519999980926514
0.3539999723434448 -0.3960000276565552 2.9000000953674316
0.33000004291534424 -0.5460000038146973 2.8459999561309814
-1.2120000123977661 -0.9240000247955322 3.0260000228881836
-1.3559999465942383 -0.8880000114440918 2.8459999561309814
-0.7199999690055847 -0.09599995613098145 1.5019999742507935
0.2760000228881836 -0.6959999799728394 2.7980000972747803
-1.409999966621399 -0.8700000047683716 2.7260000705718994
-0.5339999794960022 -0.07799994945526123 1.5019999742507935
0.2640000581741333 -0.7260000109672546 2.7799999713897705
0.3539999723434448 -0.2999999523162842 2.941999912261963
-0.7260000109672546 -0.09599995613098145 1.5019999742507935
-1.0980000495910645 -1.0320000648498535 2.9779999256134033
0.054000020027160645 -0.9959999918937683 2.7019999027252197
0.33000004291534424 -0.12000000476837158 3.002000093460083
0.25199997425079346 -0.7739999890327454 2.7019999027252197
0.33000004291534424 -0.5460000038146973 2.8519999980926514
-0.5220000147819519 -0.07799994945526123 1.5019999742507935
0.07800006866455078 -0.972000002861023 2.7200000286102295
0.2760000228881836 -0.6959999799728394 2.803999900817871
0.30000007152557373 -0.6359999775886536 2.828000068664551
-0.26999998092651367 -0.08399999141693115 1.555999994277954
0.3539999723434448 -0.34800004959106445 2.930000066757202
0.0 -1.0499999523162842 2.630000114440918
-1.1579999923706055 -0.9959999918937683 2.9779999256134033
0.03600001335144043 -1.0199999809265137 2.6540000438690186
0.1260000467300415 -0.9240000247955322 2.7320001125335693
-0.34800004959106445 -0.07799994945526123 1.5320000648498535
0.10199999809265137 -0.9480000138282776 2.7320001125335693
0.07800006866455078 -0.972000002861023 2.7260000705718994
-1.0499999523162842 -1.1039999723434448 2.875999927520752
-0.9480000138282776 -1.1460000276565552 2.875999927520752
-1.2360000610351562 -0.8999999761581421 3.0380001068115234
-0.3240000009536743 -0.07799994945526123 1.5379999876022339
0.34800004959106445 -0.24599993228912354 2.9720001220703125
0.2640000581741333 -0.7199999690055847 2.803999900817871
-1.1579999923706055 -0.9839999675750732 3.002000093460083
0.36000001430511475 -0.34800004959106445 2.9179999828338623
0.33000004291534424 -0.6660000085830688 2.552000045776367
-0.8999999761581421 -1.1699999570846558 2.8519999980926514
0.34800004959106445 -0.4739999771118164 2.875999927520752
-1.2660000324249268 -0.9660000205039978 2.875999927520752
-1.4220000505447388 -0.8700000047683716 2.690000057220459
-0.5040000081062317 -0.07200002670288086 1.5019999742507935
0.3539999723434448 -0.41999995708465576 2.9000000953674316
-0.1499999761581421 -0.08399999141693115 1.6039999723434448
-1.277999997138977 -0.8880000114440918 3.002000093460083
-1.1820000410079956 -0.972000002861023 2.996000051498413
0.25199997425079346 -0.7799999713897705 2.7019999027252197
0.33000004291534424 -0.5699999928474426 2.8340001106262207
-0.49800002574920654 -0.07200002670288086 1.5019999742507935
0.34800004959106445 -0.22200000286102295 2.9779999256134033
-0.04799997806549072 -1.0859999656677246 2.630000114440918
0.24000000953674316 -0.7979999780654907 2.7019999027252197
0.36000001430511475 -0.37199997901916504 2.9119999408721924
-1.3739999532699585 -0.8460000157356262 2.9060001373291016
-0.9959999918937683 -1.1460000276565552 2.828000068664551
-0.1979999542236328 -0.09000003337860107 1.5800000429153442
-1.1460000276565552 -1.0080000162124634 2.9779999256134033
0.3359999656677246 -0.6539999842643738 2.4860000610351562
0.3539999723434448 -0.2999999523162842 2.9539999961853027
-1.0499999523162842 -1.0980000495910645 2.9000000953674316
0.18000006675720215 -0.8640000224113464 2.75
-1.4220000505447388 -0.8700000047683716 2.7019999027252197
0.3539999723434448 -0.37199997901916504 2.930000066757202
-1.0980000495910645 -1.0499999523162842 2.9539999961853027
-1.0740000009536743 -1.0740000009536743 2.930000066757202
0.22200000286102295 -0.8219999670982361 2.7139999866485596
-0.7739999890327454 -0.10199999809265137 1.5019999742507935
-1.2300000190734863 -0.9480000138282776 2.9779999256134033
0.34800004959106445 -0.49800002574920654 2.864000082015991
0.3059999942779541 -0.13199996948242188 3.062000036239624
0.3539999723434448 -0.37800002098083496 2.930000066757202
-1.194000005722046 -0.9480000138282776 3.0260000228881836
0.3539999723434448 -0.4320000410079956 2.9000000953674316
-0.9120000004768372 -1.1699999570846558 2.8519999980926514
0.19800007343292236 -0.8460000157356262 2.74399995803833
0.33000004291534424 -0.671999990940094 2.503999948501587
-1.0139999389648438 -1.1460000276565552 2.809999942779541
0.18000006675720215 -0.8700000047683716 2.73799991607666
0.3059999942779541 -0.7199999690055847 2.552000045776367
-0.9900000095367432 -1.1579999923706055 2.803999900817871
-0.4739999771118164 -0.07200002670288086 1.5019999742507935
0.3059999942779541 -0.7199999690055847 2.5280001163482666
0.3059999942779541 -0.7199999690055847 2.5759999752044678
-0.023999929428100586 -1.0740000009536743 2.630000114440918
0.22200000286102295 -0.8219999670982361 2.7260000705718994
-1.0199999809265137 -1.128000020980835 2.864000082015991
-1.4459999799728394 -0.8460000157356262 2.696000099182129
-1.440000057220459 -0.8460000157356262 2.7260000705718994
-1.062000036239624 -1.0980000495910645 2.8940000534057617
0.04200005531311035 -1.0199999809265137 2.677999973297119
-0.9660000205039978 -1.1460000276565552 2.875999927520752
-0.34800004959106445 -0.07200002670288086 1.5260000228881836
0.2760000228881836 -0.7199999690055847 2.7860000133514404
0.33000004291534424 -0.3659999370574951 2.996000051498413
-0.8999999761581421 -1.1759999990463257 2.8519999980926514
-1.4459999799728394 -0.8460000157356262 2.7019999027252197
0.3539999723434448 -0.4739999771118164 2.875999927520752
0.3059999942779541 -0.7199999690055847 2.6059999465942383
0.36000001430511475 -0.4440000057220459 2.881999969482422
0.3179999589920044 -0.6240000128746033 2.815999984741211
-0.24599993228912354 -0.08399999141693115 1.555999994277954
0.2580000162124634 -0.7739999890327454 2.7260000705718994
-0.2999999523162842 -0.07799994945526123 1.5379999876022339
-1.3619999885559082 -0.8939999938011169 2.8519999980926514
-1.2000000476837158 -0.9480000138282776 3.0260000228881836
-1.187999963760376 -0.972000002861023 3.002000093460083
0.3359999656677246 -0.5579999685287476 2.8519999980926514
0.33000004291534424 -0.13199996948242188 3.0260000228881836
-1.0139999389648438 -1.1519999504089355 2.803999900817871
0.3539999723434448 -0.24599993228912354 2.9779999256134033
-1.194000005722046 -0.9539999961853027 3.0260000228881836
-0.8040000200271606 -0.10199999809265137 1.5019999742507935
0.26999998092651367 -0.7260000109672546 2.803999900817871
-0.9779999852180481 -1.1399999856948853 2.888000011444092
0.30000007152557373 -0.671999990940094 2.803999900817871
-1.0499999523162842 -1.121999979019165 2.8519999980926514
0.36600005626678467 -0.41999995708465576 2.888000011444092
-0.9959999918937683 -1.1460000276565552 2.8519999980926514
0.2760000228881836 -0.7260000109672546 2.7860000133514404
0.3539999723434448 -0.26399993896484375 2.9779999256134033
0.16200006008148193 -0.8999999761581421 2.7320001125335693
0.36000001430511475 -0.312000036239624 2.9539999961853027
-1.2660000324249268 -0.9959999918937683 2.828000068664551
0.06599998474121094 -0.9959999918937683 2.7260000705718994
0.20399999618530273 -0.8460000157356262 2.75
0.2760000228881836 -0.7199999690055847 2.803999900817871
-0.9480000138282776 -1.1579999923706055 2.875999927520752
-0.26999998092651367 -0.07799994945526123 1.5440000295639038
0.23399996757507324 -0.8219999670982361 2.7019999027252197
-1.0199999809265137 -1.1460000276565552 2.828000068664551
0.33000004291534424 -0.5999999642372131 2.828000068664551
0.36600005626678467 -0.26999998092651367 2.9539999961853027
-1.1759999990463257 -0.9959999918937683 2.9839999675750732
-0.011999964714050293 -1.0740000009536743 2.624000072479248
-1.2300000190734863 -0.9300000071525574 3.0260000228881836
0.2580000162124634 -0.7739999890327454 2.75
0.34800004959106445 -0.20399999618530273 3.002000093460083
-1.2059999704360962 -0.9300000071525574 3.055999994277954
-1.0799999237060547 -1.0679999589920044 2.9600000381469727
-0.17400002479553223 -0.09000003337860107 1.5800000429153442
-0.9779999852180481 -1.1640000343322754 2.828000068664551
-0.3240000009536743 -0.07200002670288086 1.5260000228881836
-1.055999994277954 -1.121999979019165 2.8580000400543213
-1.2300000190734863 -0.9539999961853027 2.990000009536743
-1.4220000505447388 -0.8880000114440918 2.690000057220459
-1.0740000009536743 -1.0980000495910645 2.9000000953674316
0.3539999723434448 -0.5220000147819519 2.8519999980926514
-1.2059999704360962 -0.9660000205039978 3.002000093460083
0.04799997806549072 -1.0199999809265137 2.7019999027252197
-0.9179999828338623 -1.1699999570846558 2.875999927520752
0.3539999723434448 -0.49800002574920654 2.875999927520752
-1.1579999923706055 -1.0199999809265137 2.9660000801086426
-0.9240000247955322 -1.1759999990463257 2.8519999980926514
-1.062000036239624 -1.0920000076293945 2.930000066757202
0.0 -1.0679999589920044 2.618000030517578
-0.4259999990463257 -0.06599998474121094 1.5019999742507935
-1.2660000324249268 -0.972000002861023 2.9000000953674316
0.3179999589920044 -0.6480000019073486 2.803999900817871
-1.2360000610351562 -0.9240000247955322 3.0320000648498535
-1.0980000495910645 -1.0740000009536743 2.930000066757202
0.3059999942779541 -0.7379999756813049 2.558000087738037
0.3059999942779541 -0.7379999756813049 2.5280001163482666
-0.8040000200271606 -0.10199999809265137 1.496000051498413
-1.121999979019165 -1.0499999523162842 2.9539999961853027
0.3359999656677246 -0.12000000476837158 3.0260000228881836
0.06599998474121094 -1.0019999742507935 2.7260000705718994
0.3539999723434448 -0.5040000081062317 2.875999927520752
0.2580000162124634 -0.7799999713897705 2.75
0.10199999809265137 -0.972000002861023 2.7200000286102295
0.21599996089935303 -0.8460000157356262 2.7260000705718994
0.3359999656677246 -0.5999999642372131 2.822000026702881
0.33000004291534424 -0.6959999799728394 2.509999990463257
-1.3680000305175781 -0.8700000047683716 2.9119999408721924
0.36000001430511475 -0.1979999542236328 2.9839999675750732
-0.023999929428100586 -1.0859999656677246 2.630000114440918
0.30000007152557373 -0.7319999933242798 2.690000057220459
-1.0679999589920044 -1.1039999723434448 2.9000000953674316
-0.7739999890327454 -0.10199999809265137 1.4900000095367432
-0.4140000343322754 -0.06599998474121094 1.5019999742507935
-1.2660000324249268 -1.0019999742507935 2.8340001106262207
-1.4579999446868896 -0.8460000157356262 2.7019999027252197
0.3179999589920044 -0.7199999690055847 2.509999990463257
0.10199999809265137 -0.972000002861023 2.7260000705718994
-0.22200000286102295 -0.08399999141693115 1.555999994277954
-1.277999997138977 -0.906000018119812 3.008000135421753
0.3539999723434448 -0.6480000019073486 2.4860000610351562
-0.9480000138282776 -1.1699999570846558 2.8580000400543213
0.36000001430511475 -0.5220000147819519 2.8459999561309814
0.2940000295639038 -0.7379999756813049 2.7139999866485596
0.054000020027160645 -1.0199999809265137 2.7019999027252197
0.04799997806549072 -1.0199999809265137 2.7260000705718994
-1.440000057220459 -0.8640000224113464 2.7260000705718994
0.3539999723434448 -0.1979999542236328 3.002000093460083
0.33000004291534424 -0.6240000128746033 2.815999984741211
-1.0440000295639038 -1.1460000276565552 2.815999984741211
0.312000036239624 -0.671999990940094 2.7980000972747803
0.3539999723434448 -0.17400002479553223 3.002000093460083
0.3539999723434448 -0.12000000476837158 2.996000051498413
0.07800006866455078 -0.9959999918937683 2.7260000705718994
0.312000036239624 -0.7319999933242798 2.6059999465942383
-0.6240000128746033 -0.08399999141693115 1.4779999256134033
0.22200000286102295 -0.8460000157356262 2.7139999866485596
-0.5999999642372131 -0.08399999141693115 1.4779999256134033
0.30000007152557373 -0.6959999799728394 2.7980000972747803
-1.2239999771118164 -0.9240000247955322 3.055999994277954
-1.1039999723434448 -1.0440000295639038 2.996000051498413
-0.6480000019073486 -0.08399999141693115 1.4779999256134033
0.3539999723434448 -0.1499999761581421 3.002000093460083
0.37800002098083496 -0.3240000009536743 2.930000066757202
-0.9179999828338623 -1.1759999990463257 2.875999927520752
0.36600005626678467 -0.22200000286102295 2.9779999256134033
0.36600005626678467 -0.49800002574920654 2.8580000400543213
0.3539999723434448 -0.6539999842643738 2.492000102996826
-1.1039999723434448 -1.0740000009536743 2.936000108718872
0.2940000295639038 -0.7379999756813049 2.7260000705718994
-0.6660000085830688 -0.08399999141693115 1.4779999256134033
-1.2480000257492065 -0.8999999761581421 3.062000036239624
-1.0499999523162842 -1.1340000629425049 2.8519999980926514
-0.9779999852180481 -1.1640000343322754 2.8519999980926514
0.37800002098083496 -0.3960000276565552 2.9000000953674316
-0.3960000276565552 -0.06599998474121094 1.5019999742507935
-0.24599993228912354 -0.07799994945526123 1.5440000295639038
-0.006000041961669922 -1.0799999237060547 2.611999988555908
0.30000007152557373 -0.6959999799728394 2.803999900817871
-0.5699999928474426 -0.07799994945526123 1.4779999256134033
-0.2999999523162842 -0.07200002670288086 1.5260000228881836
0.13199996948242188 -0.9480000138282776 2.7260000705718994
0.34800004959106445 -0.671999990940094 2.5280001163482666
0.37800002098083496 -0.41999995708465576 2.888000011444092
0.24600005149841309 -0.8219999670982361 2.696000099182129
-0.6959999799728394 -0.09000003337860107 1.4779999256134033
0.37800002098083496 -0.3359999656677246 2.930000066757202
-1.1340000629425049 -1.0499999523162842 2.9539999961853027
-1.0859999656677246 -1.0980000495910645 2.9060001373291016
0.3539999723434448 -0.12000000476837158 3.002000093460083
0.37199997901916504 -0.24599993228912354 2.9660000801086426
-0.9480000138282776 -1.1759999990463257 2.8519999980926514
0.3539999723434448 -0.5460000038146973 2.8519999980926514
-1.4459999799728394 -0.8700000047683716 2.696000099182129
0.33000004291534424 -0.6240000128746033 2.828000068664551
0.2580000162124634 -0.7979999780654907 2.7260000705718994
-0.972000002861023 -1.1699999570846558 2.8459999561309814
0.03600001335144043 -1.0499999523162842 2.630000114440918
0.36000001430511475 -0.6480000019073486 2.503999948501587
0.156000018119812 -0.9240000247955322 2.7320001125335693
-0.5399999618530273 -0.07799994945526123 1.4779999256134033
0.37199997901916504 -0.4739999771118164 2.870000123977661
-1.2719999551773071 -0.9779999852180481 2.9000000953674316
-1.4459999799728394 -0.8700000047683716 2.7019999027252197
0.2820000648498535 -0.7319999933242798 2.803999900817871
0.2760000228881836 -0.7199999690055847 2.8459999561309814
-1.3980000019073486 -0.8759999871253967 2.8519999980926514
-1.4160000085830688 -0.8999999761581421 2.7260000705718994
-1.3739999532699585 -0.8640000224113464 2.930000066757202
0.3539999723434448 -0.5699999928474426 2.828000068664551
-0.7199999690055847 -0.09000003337860107 1.4779999256134033
0.029999971389770508 -1.055999994277954 2.630000114440918
-1.253999948501587 -0.8999999761581421 3.062000036239624
-0.5339999794960022 -0.07200002670288086 1.4779999256134033
-1.4220000505447388 -0.8999999761581421 2.7019999027252197
0.37800002098083496 -0.26999998092651367 2.9539999961853027
-0.972000002861023 -1.1699999570846558 2.8519999980926514
0.006000041961669922 -1.0740000009536743 2.630000114440918
0.312000036239624 -0.7440000176429749 2.5759999752044678
0.0 -1.0799999237060547 2.611999988555908
0.18000006675720215 -0.8999999761581421 2.7320001125335693
-1.3619999885559082 -0.972000002861023 2.6540000438690186
-1.0499999523162842 -1.1460000276565552 2.828000068664551
0.3059999942779541 -0.7559999823570251 2.5399999618530273
-1.1640000343322754 -0.9959999918937683 3.0260000228881836
0.37800002098083496 -0.4440000057220459 2.881999969482422
0.3840000629425049 -0.26999998092651367 2.941999912261963
0.09000003337860107 -0.9959999918937683 2.7139999866485596
0.37800002098083496 -0.41999995708465576 2.9000000953674316
-1.284000039100647 -0.8999999761581421 3.0260000228881836
-1.121999979019165 -1.062000036239624 2.9539999961853027
-1.1699999570846558 -1.0199999809265137 2.9779999256134033
0.2879999876022339 -0.75 2.75
-0.5220000147819519 -0.06599998474121094 1.4779999256134033
0.2640000581741333 -0.7739999890327454 2.7860000133514404
-1.0260000228881836 -1.1579999923706055 2.828000068664551
0.37800002098083496 -0.2940000295639038 2.9539999961853027
0.36600005626678467 -0.1499999761581421 2.990000009536743
0.33000004291534424 -0.6480000019073486 2.803999900817871
-0.37199997901916504 -0.06599998474121094 1.5019999742507935
-1.4520000219345093 -0.8700000047683716 2.690000057220459
-1.2719999551773071 -0.9120000004768372 3.0260000228881836
-1.4160000085830688 -0.9120000004768372 2.696000099182129
-1.0139999389648438 -1.1640000343322754 2.828000068664551
-1.2660000324249268 -1.0080000162124634 2.8519999980926514
-0.75 -0.09000003337860107 1.4779999256134033
0.23399996757507324 -0.8460000157356262 2.7019999027252197
0.024000048637390137 -1.062000036239624 2.6540000438690186
0.25199997425079346 -0.8219999670982361 2.7019999027252197
-1.0740000009536743 -1.121999979019165 2.875999927520752
-0.5640000104904175 -0.07799994945526123 1.472000002861023
-0.1979999542236328 -0.07799994945526123 1.555999994277954
0.3539999723434448 -0.671999990940094 2.503999948501587
-1.4520000219345093 -0.8700000047683716 2.7019999027252197
-1.2179999351501465 -0.9240000247955322 3.0799999237060547
0.33000004291534424 -0.7199999690055847 2.509999990463257
0.38999998569488525 -0.34800004959106445 2.9119999408721924
0.37199997901916504 -0.17400002479553223 2.9839999675750732
0.2760000228881836 -0.7739999890327454 2.75
-1.0440000295639038 -1.1579999923706055 2.809999942779541
0.30000007152557373 -0.7199999690055847 2.7860000133514404
0.07800006866455078 -1.0080000162124634 2.7260000705718994
-1.3739999532699585 -0.8999999761581421 2.875999927520752
0.14400005340576172 -0.9480000138282776 2.7200000286102295
-1.055999994277954 -1.1460000276565552 2.8340001106262207
-0.9660000205039978 -1.1699999570846558 2.875999927520752
0.38999998569488525 -0.3240000009536743 2.9240000247955322
-0.22200000286102295 -0.07799994945526123 1.5440000295639038
-0.7739999890327454 -0.09599995613098145 1.4779999256134033
-0.972000002861023 -1.1759999990463257 2.8519999980926514
-1.194000005722046 -0.9959999918937683 3.002000093460083
-0.1380000114440918 -0.08399999141693115 1.5800000429153442
-1.2419999837875366 -0.9240000247955322 3.055999994277954
0.04799997806549072 -1.0440000295639038 2.677999973297119
0.37800002098083496 -0.4739999771118164 2.875999927520752
-1.0980000495910645 -1.0920000076293945 2.930000066757202
0.312000036239624 -0.7559999823570251 2.5759999752044678
-0.26999998092651367 -0.07200002670288086 1.5260000228881836
-1.0859999656677246 -1.121999979019165 2.870000123977661
-0.7860000133514404 -0.10199999809265137 1.4779999256134033
-1.055999994277954 -1.1519999504089355 2.822000026702881
-1.3739999532699585 -0.8759999871253967 2.930000066757202
-0.48000001907348633 -0.059999942779541016 1.4779999256134033
0.37800002098083496 -0.22200000286102295 2.9779999256134033
0.21599996089935303 -0.8700000047683716 2.7260000705718994
-1.3799999952316284 -0.8700000047683716 2.930000066757202
0.30000007152557373 -0.75 2.7260000705718994
-0.34800004959106445 -0.06599998474121094 1.5019999742507935
-0.4739999771118164 -0.059999942779541016 1.4779999256134033
-1.3919999599456787 -0.9480000138282776 2.684000015258789
-1.1759999990463257 -0.9900000095367432 3.0380001068115234
0.1260000467300415 -0.972000002861023 2.7139999866485596
0.37800002098083496 -0.24599993228912354 2.9779999256134033
0.04799997806549072 -1.0499999523162842 2.6540000438690186
-0.6599999666213989 -0.08399999141693115 1.4660000801086426
0.3840000629425049 -0.4739999771118164 2.864000082015991
0.34800004959106445 -0.6959999799728394 2.5280001163482666
0.36600005626678467 -0.6599999666213989 2.552000045776367
-1.0740000009536743 -1.128000020980835 2.875999927520752
0.30000007152557373 -0.7199999690055847 2.803999900817871
-1.4279999732971191 -0.8939999938011169 2.75
0.37800002098083496 -0.2580000162124634 2.9779999256134033
-1.3799999952316284 -0.8999999761581421 2.875999927520752
0.3179999589920044 -0.75 2.503999948501587
-0.1979999542236328 -0.07799994945526123 1.5499999523162842
-1.277999997138977 -0.9839999675750732 2.9060001373291016
0.10199999809265137 -0.9959999918937683 2.7139999866485596
-0.9779999852180481 -1.1759999990463257 2.8580000400543213
-1.284000039100647 -0.9120000004768372 3.0260000228881836
0.3960000276565552 -0.37199997901916504 2.9000000953674316
0.37800002098083496 -0.4859999418258667 2.875999927520752
0.37199997901916504 -0.5460000038146973 2.8340001106262207
0.38999998569488525 -0.24599993228912354 2.9539999961853027
0.1260000467300415 -0.972000002861023 2.7260000705718994
-1.2059999704360962 -0.9959999918937683 2.996000051498413
-1.2660000324249268 -0.9839999675750732 2.930000066757202
-1.3980000019073486 -0.8700000047683716 2.9000000953674316
0.22200000286102295 -0.8700000047683716 2.7139999866485596
0.24600005149841309 -0.8460000157356262 2.684000015258789
-1.3680000305175781 -0.9179999828338623 2.870000123977661
0.3539999723434448 -0.5999999642372131 2.828000068664551
0.3960000276565552 -0.2999999523162842 2.930000066757202
-0.41999995708465576 -0.059999942779541016 1.4839999675750732
-1.1699999570846558 -1.0320000648498535 2.9779999256134033
0.33000004291534424 -0.671999990940094 2.7980000972747803
0.312000036239624 -0.7440000176429749 2.7019999027252197
-1.0980000495910645 -1.1100000143051147 2.9000000953674316
0.10199999809265137 -0.9959999918937683 2.7260000705718994
-1.3739999532699585 -0.972000002861023 2.677999973297119
0.3960000276565552 -0.3960000276565552 2.8940000534057617
-1.128000020980835 -1.0499999523162842 2.996000051498413
-1.2360000610351562 -0.972000002861023 3.002000093460083
0.054000020027160645 -1.0499999523162842 2.6540000438690186
0.2580000162124634 -0.8219999670982361 2.7260000705718994
0.312000036239624 -0.7680000066757202 2.552000045776367
0.33000004291534424 -0.671999990940094 2.803999900817871
-0.4440000057220459 -0.059999942779541016 1.4779999256134033
-1.1640000343322754 -1.0499999523162842 2.9539999961853027
0.37800002098083496 -0.5220000147819519 2.8519999980926514
0.37800002098083496 -0.1499999761581421 2.990000009536743
-1.3739999532699585 -0.9779999852180481 2.6540000438690186
-0.17400002479553223 -0.07799994945526123 1.555999994277954
0.156000018119812 -0.9480000138282776 2.7200000286102295
-1.1159999370574951 -1.0980000495910645 2.9119999408721924
-1.4520000219345093 -0.8880000114440918 2.690000057220459
0.011999964714050293 -1.0859999656677246 2.630000114440918
0.2760000228881836 -0.7799999713897705 2.7799999713897705
-1.3799999952316284 -0.972000002861023 2.6600000858306885
0.38999998569488525 -0.22200000286102295 2.9660000801086426
-1.0980000495910645 -1.121999979019165 2.875999927520752
0.36600005626678467 -0.671999990940094 2.5280001163482666
0.2940000295639038 -0.7680000066757202 2.73799991607666
0.4020000696182251 -0.2999999523162842 2.9240000247955322
0.3539999723434448 -0.6959999799728394 2.5160000324249268
0.156000018119812 -0.9480000138282776 2.7260000705718994
-1.194000005722046 -1.0199999809265137 2.9779999256134033
-0.12000000476837158 -0.08399999141693115 1.5800000429153442
0.30000007152557373 -0.7319999933242798 2.803999900817871
0.37800002098083496 -0.527999997138977 2.8519999980926514
-1.4160000085830688 -0.8819999694824219 2.8459999561309814
0.08399999141693115 -1.0199999809265137 2.7079999446868896
0.054000020027160645 -1.0499999523162842 2.677999973297119
-1.1820000410079956 -1.0019999742507935 3.0260000228881836
-1.1340000629425049 -1.0740000009536743 2.947999954223633
0.3840000629425049 -0.5220000147819519 2.8399999141693115
0.3539999723434448 -0.6119999885559082 2.828000068664551
-1.194000005722046 -1.0080000162124634 3.002000093460083
0.4020000696182251 -0.37199997901916504 2.9000000953674316
0.2760000228881836 -0.7979999780654907 2.73799991607666
-0.24599993228912354 -0.06599998474121094 1.5260000228881836
0.37800002098083496 -0.6480000019073486 2.503999948501587
-1.4160000085830688 -0.9240000247955322 2.7260000705718994
0.3840000629425049 -0.17400002479553223 2.9839999675750732
0.2820000648498535 -0.7739999890327454 2.7799999713897705
-1.2239999771118164 -0.972000002861023 3.0260000228881836
0.4020000696182251 -0.34800004959106445 2.9119999408721924
0.25199997425079346 -0.8460000157356262 2.690000057220459
-1.3680000305175781 -0.9839999675750732 2.677999973297119
-1.4220000505447388 -0.9240000247955322 2.7019999027252197
0.4020000696182251 -0.2999999523162842 2.930000066757202
-1.3739999532699585 -0.8999999761581421 2.9119999408721924
-1.128000020980835 -1.055999994277954 2.996000051498413
0.029999971389770508 -1.0740000009536743 2.6540000438690186
-0.3179999589920044 -0.059999942779541016 1.5019999742507935
-1.1340000629425049 -1.0740000009536743 2.9539999961853027
-1.0740000009536743 -1.1460000276565552 2.8519999980926514
-1.4459999799728394 -0.8999999761581421 2.696000099182129
0.2760000228881836 -0.8040000200271606 2.7320001125335693
0.25199997425079346 -0.8460000157356262 2.7019999027252197
-1.1640000343322754 -1.0320000648498535 3.002000093460083
0.23399996757507324 -0.8700000047683716 2.7019999027252197
-1.0799999237060547 -1.1460000276565552 2.8459999561309814
0.4020000696182251 -0.3179999589920044 2.930000066757202
0.38999998569488525 -0.1979999542236328 2.9779999256134033
-1.4459999799728394 -0.8999999761581421 2.7019999027252197
-0.17400002479553223 -0.07799994945526123 1.5499999523162842
0.1260000467300415 -0.9839999675750732 2.7260000705718994
0.36600005626678467 -0.1260000467300415 3.0260000228881836
0.3840000629425049 -0.5460000038146973 2.828000068664551
-1.1100000143051147 -1.121999979019165 2.875999927520752
-1.2179999351501465 -0.9959999918937683 3.002000093460083
0.4020000696182251 -0.3960000276565552 2.9000000953674316
-1.277999997138977 -1.0199999809265137 2.8519999980926514
-1.1159999370574951 -1.1100000143051147 2.9000000953674316
0.24000000953674316 -0.8700000047683716 2.677999973297119
0.33000004291534424 -0.75 2.503999948501587
-1.2480000257492065 -0.9300000071525574 3.068000078201294
0.37800002098083496 -0.6599999666213989 2.552000045776367
-1.3739999532699585 -0.8819999694824219 2.9539999961853027
0.37800002098083496 -0.12000000476837158 3.002000093460083
-0.6240000128746033 -0.07799994945526123 1.4539999961853027
-0.6299999952316284 -0.07799994945526123 1.4539999961853027
-1.2660000324249268 -0.9240000247955322 3.055999994277954
-0.5999999642372131 -0.07799994945526123 1.4539999961853027
0.33000004291534424 -0.6959999799728394 2.7920000553131104
-1.4279999732971191 -0.9120000004768372 2.75
-1.3739999532699585 -0.9240000247955322 2.875999927520752
0.36000001430511475 -0.6240000128746033 2.809999942779541
-1.2179999351501465 -0.9839999675750732 3.0260000228881836
-1.1759999990463257 -1.0499999523162842 2.9600000381469727
-1.121999979019165 -1.0859999656677246 2.9539999961853027
-0.5879999995231628 -0.07200002670288086 1.4539999961853027
-1.0799999237060547 -1.1460000276565552 2.8580000400543213
0.3179999589920044 -0.7739999890327454 2.503999948501587
-1.2300000190734863 -0.972000002861023 3.0320000648498535
0.060000061988830566 -1.0499999523162842 2.7019999027252197
0.37800002098083496 -0.5699999928474426 2.828000068664551
-0.2999999523162842 -0.059999942779541016 1.5019999742507935
0.3179999589920044 -0.7739999890327454 2.498000144958496
0.312000036239624 -0.7860000133514404 2.5460000038146973
-0.5699999928474426 -0.07200002670288086 1.4539999961853027
-0.3960000276565552 -0.054000020027160645 1.4779999256134033
0.21000003814697266 -0.8999999761581421 2.7260000705718994
-0.6840000152587891 -0.07799994945526123 1.4539999961853027
-1.3799999952316284 -0.9839999675750732 2.6600000858306885
-1.121999979019165 -1.0980000495910645 2.930000066757202
0.2820000648498535 -0.7979999780654907 2.75
-1.4040000438690186 -0.8999999761581421 2.864000082015991
-1.1640000343322754 -1.0679999589920044 2.941999912261963
0.3960000276565552 -0.49800002574920654 2.8519999980926514
0.4020000696182251 -0.26999998092651367 2.9539999961853027
-1.2719999551773071 -1.0199999809265137 2.875999927520752
-1.3739999532699585 -0.9300000071525574 2.870000123977661
0.4020000696182251 -0.4140000343322754 2.9000000953674316
0.07800006866455078 -1.0320000648498535 2.7260000705718994
-1.3799999952316284 -0.8939999938011169 2.930000066757202
0.37800002098083496 -0.6660000085830688 2.503999948501587
0.33000004291534424 -0.6959999799728394 2.803999900817871
-1.2719999551773071 -0.972000002861023 2.9779999256134033
-0.1499999761581421 -0.07799994945526123 1.555999994277954
-0.5460000038146973 -0.07200002670288086 1.4539999961853027
0.33000004291534424 -0.7080000042915344 2.7799999713897705
0.3539999723434448 -0.6480000019073486 2.803999900817871
0.4020000696182251 -0.28199994564056396 2.9539999961853027
0.24600005149841309 -0.8700000047683716 2.671999931335449
-1.3860000371932983 -0.9240000247955322 2.8580000400543213
0.37199997901916504 -0.5999999642372131 2.815999984741211
-0.22200000286102295 -0.06599998474121094 1.5260000228881836
0.40799999237060547 -0.41999995708465576 2.881999969482422
-1.440000057220459 -0.8939999938011169 2.7799999713897705
0.4140000343322754 -0.3240000009536743 2.9119999408721924
0.3840000629425049 -0.14399993419647217 3.002000093460083
-1.2660000324249268 -0.9779999852180481 2.9779999256134033
-1.0980000495910645 -1.1340000629425049 2.875999927520752
0.029999971389770508 -1.0859999656677246 2.630000114440918
0.3840000629425049 -0.6539999842643738 2.4860000610351562
0.19200003147125244 -0.9240000247955322 2.7260000705718994
-0.7199999690055847 -0.08399999141693115 1.4539999961853027
0.30000007152557373 -0.7739999890327454 2.75
0.37800002098083496 -0.671999990940094 2.5280001163482666
-0.4440000057220459 -0.054000020027160645 1.4660000801086426
-1.2719999551773071 -0.9300000071525574 3.049999952316284
0.054000020027160645 -1.0679999589920044 2.6419999599456787
-1.4160000085830688 -0.8700000047683716 2.9060001373291016
-0.972000002861023 -1.187999963760376 2.881999969482422
-1.4459999799728394 -0.8579999804496765 2.8580000400543213
0.3539999723434448 -0.7199999690055847 2.509999990463257
0.2820000648498535 -0.8040000200271606 2.75
0.10199999809265137 -1.0199999809265137 2.7079999446868896
-1.0740000009536743 -1.1640000343322754 2.828000068664551
-1.2360000610351562 -0.9779999852180481 3.0260000228881836
-0.4739999771118164 -0.054000020027160645 1.4600000381469727
0.4140000343322754 -0.3960000276565552 2.888000011444092
0.40799999237060547 -0.24599993228912354 2.9539999961853027
-0.37199997901916504 -0.054000020027160645 1.4779999256134033
-1.284000039100647 -0.9179999828338623 3.055999994277954
0.40799999237060547 -0.4440000057220459 2.875999927520752
-1.409999966621399 -0.9480000138282776 2.7260000705718994
-1.121999979019165 -1.1039999723434448 2.930000066757202
-1.4279999732971191 -0.9240000247955322 2.74399995803833
-0.5220000147819519 -0.054000020027160645 1.4539999961853027
-1.4220000505447388 -0.9419999718666077 2.696000099182129
0.22200000286102295 -0.8999999761581421 2.7019999027252197
-1.4579999446868896 -0.8999999761581421 2.7019999027252197
-0.75 -0.08399999141693115 1.4539999961853027
0.38999998569488525 -0.6480000019073486 2.4800000190734863
-0.671999990940094 -0.07799994945526123 1.4479999542236328
-0.3960000276565552 -0.054000020027160645 1.472000002861023
-1.2719999551773071 -0.9300000071525574 3.055999994277954
-1.1340000629425049 -1.0980000495910645 2.930000066757202
0.3240000009536743 -0.7260000109672546 2.7860000133514404
-1.3739999532699585 -0.9240000247955322 2.9000000953674316
0.4020000696182251 -0.49800002574920654 2.8519999980926514
0.25199997425079346 -0.8700000047683716 2.671999931335449
-1.1039999723434448 -1.1399999856948853 2.864000082015991
-1.3980000019073486 -0.972000002861023 2.677999973297119
0.312000036239624 -0.7979999780654907 2.558000087738037
-1.2000000476837158 -1.0080000162124634 3.0260000228881836
-0.1499999761581421 -0.07799994945526123 1.5499999523162842
0.4020000696182251 -0.4739999771118164 2.875999927520752
0.25199997425079346 -0.8700000047683716 2.677999973297119
0.22800004482269287 -0.8999999761581421 2.677999973297119
0.40799999237060547 -0.4739999771118164 2.8580000400543213
-0.41999995708465576 -0.054000020027160645 1.4660000801086426
-1.3980000019073486 -0.8999999761581421 2.9000000953674316
-0.7680000066757202 -0.09000003337860107 1.4539999961853027
-1.2480000257492065 -0.9359999895095825 3.0799999237060547
0.4020000696182251 -0.1979999542236328 2.9779999256134033
0.4020000696182251 -0.21000003814697266 2.9779999256134033
0.4140000343322754 -0.22200000286102295 2.947999954223633
0.4020000696182251 -0.17400002479553223 2.9779999256134033
-0.49800002574920654 -0.054000020027160645 1.4539999961853027
0.37800002098083496 -0.1260000467300415 3.0260000228881836
-1.4160000085830688 -0.8640000224113464 2.930000066757202
-1.284000039100647 -0.9959999918937683 2.930000066757202
0.37199997901916504 -0.6959999799728394 2.5280001163482666
0.4200000762939453 -0.2580000162124634 2.930000066757202
0.4020000696182251 -0.48000001907348633 2.875999927520752
0.3179999589920044 -0.7680000066757202 2.7139999866485596
-0.26999998092651367 -0.059999942779541016 1.5019999742507935
-0.7799999713897705 -0.09000003337860107 1.4539999961853027
-1.434000015258789 -0.8759999871253967 2.870000123977661
0.156000018119812 -0.972000002861023 2.7260000705718994
-1.2719999551773071 -0.9959999918937683 2.9539999961853027
-1.277999997138977 -0.9300000071525574 3.055999994277954
-1.1820000410079956 -1.0379999876022339 3.002000093460083
0.18000006675720215 -0.9480000138282776 2.7260000705718994
-1.3980000019073486 -0.972000002861023 2.7019999027252197
0.4200000762939453 -0.24599993228912354 2.936000108718872
0.4140000343322754 -0.22200000286102295 2.9539999961853027
-1.2660000324249268 -0.9240000247955322 3.0799999237060547
-0.13199996948242188 -0.07200002670288086 1.555999994277954
0.33000004291534424 -0.7739999890327454 2.503999948501587
-1.2660000324249268 -0.972000002861023 3.008000135421753
-0.08399999141693115 -0.07799994945526123 1.5800000429153442
0.33000004291534424 -0.7739999890327454 2.498000144958496
-1.3799999952316284 -0.9240000247955322 2.9000000953674316
-1.4220000505447388 -0.9480000138282776 2.7019999027252197
-1.3739999532699585 -0.9120000004768372 2.936000108718872
-0.6480000019073486 -0.07799994945526123 1.4420000314712524
-1.2419999837875366 -0.9959999918937683 3.002000093460083
-0.1979999542236328 -0.06599998474121094 1.5260000228881836
-0.34800004959106445 -0.054000020027160645 1.4779999256134033
0.34200000762939453 -0.7139999866485596 2.76200008392334
-0.37199997901916504 -0.054000020027160645 1.472000002861023
-1.2239999771118164 -1.0199999809265137 2.9839999675750732
0.4020000696182251 -0.515999972820282 2.8519999980926514
0.20399999618530273 -0.9240000247955322 2.7260000705718994
-1.4459999799728394 -0.9240000247955322 2.696000099182129
-0.5220000147819519 -0.054000020027160645 1.4479999542236328
-1.3980000019073486 -0.9179999828338623 2.875999927520752
-1.4040000438690186 -0.8999999761581421 2.9000000953674316
0.3539999723434448 -0.671999990940094 2.803999900817871
-1.4279999732971191 -0.9300000071525574 2.75600004196167
-1.3739999532699585 -0.9959999918937683 2.7139999866485596
-1.3739999532699585 -0.9300000071525574 2.9060001373291016
-1.4459999799728394 -0.9240000247955322 2.7019999027252197
-1.0920000076293945 -1.1640000343322754 2.828000068664551
0.33000004291534424 -0.7199999690055847 2.803999900817871
0.3179999589920044 -0.7979999780654907 2.503999948501587
0.4020000696182251 -0.6359999775886536 2.4679999351501465
-1.4160000085830688 -0.8999999761581421 2.875999927520752
-1.1699999570846558 -1.0740000009536743 2.9539999961853027
0.060000061988830566 -1.0740000009536743 2.6540000438690186
-0.4620000123977661 -0.04799997806549072 1.4539999961853027
-1.3980000019073486 -0.972000002861023 2.7260000705718994
-1.277999997138977 -0.9839999675750732 2.9779999256134033
0.3179999589920044 -0.7739999890327454 2.7260000705718994
0.37800002098083496 -0.6959999799728394 2.5280001163482666
0.3840000629425049 -0.593999981880188 2.828000068664551
0.40799999237060547 -0.5220000147819519 2.8340001106262207
0.26999998092651367 -0.8460000157356262 2.7260000705718994
-1.2660000324249268 -0.9300000071525574 3.0799999237060547
0.37800002098083496 -0.6959999799728394 2.5160000324249268
0.4020000696182251 -0.5460000038146973 2.828000068664551
0.09000003337860107 -1.0440000295639038 2.7019999027252197
0.4140000343322754 -0.1979999542236328 2.9660000801086426
0.3840000629425049 -0.11399996280670166 3.0260000228881836
-0.12000000476837158 -0.07799994945526123 1.555999994277954
-1.3739999532699585 -0.9480000138282776 2.875999927520752
-1.4279999732971191 -0.9480000138282776 2.7019999027252197
0.4200000762939453 -0.4440000057220459 2.870000123977661
0.37800002098083496 -0.6240000128746033 2.809999942779541
-1.1399999856948853 -1.121999979019165 2.888000011444092
-1.3799999952316284 -0.8880000114440918 2.9779999256134033
0.14400005340576172 -0.9959999918937683 2.7079999446868896
-0.12000000476837158 -0.07200002670288086 1.555999994277954
-1.2960000038146973 -1.0199999809265137 2.875999927520752
-1.194000005722046 -1.0499999523162842 2.9779999256134033
0.30000007152557373 -0.7979999780654907 2.75
0.4020000696182251 -0.6480000019073486 2.503999948501587
0.4140000343322754 -0.49800002574920654 2.8459999561309814
-0.4440000057220459 -0.04799997806549072 1.4539999961853027
0.4259999990463257 -0.37199997901916504 2.9000000953674316
-0.07200002670288086 -0.07799994945526123 1.5800000429153442
-1.284000039100647 -1.0379999876022339 2.8580000400543213
0.21599996089935303 -0.9240000247955322 2.7019999027252197
-1.1460000276565552 -1.1039999723434448 2.930000066757202
0.4140000343322754 -0.17400002479553223 2.9720001220703125
0.33000004291534424 -0.7260000109672546 2.809999942779541
0.3179999589920044 -0.7379999756813049 2.828000068664551
-0.24599993228912354 -0.059999942779541016 1.5019999742507935
0.3179999589920044 -0.8040000200271606 2.611999988555908
0.4259999990463257 -0.2999999523162842 2.930000066757202
-0.3240000009536743 -0.054000020027160645 1.4779999256134033
0.4020000696182251 -0.40199995040893555 2.9539999961853027
-1.277999997138977 -0.9959999918937683 2.9660000801086426
-1.3860000371932983 -0.8999999761581421 2.9539999961853027
-1.4040000438690186 -0.8939999938011169 2.930000066757202
-0.2999999523162842 -0.054000020027160645 1.4839999675750732
0.3240000009536743 -0.7979999780654907 2.492000102996826
0.4320000410079956 -0.34800004959106445 2.9000000953674316
0.4259999990463257 -0.312000036239624 2.930000066757202
-1.4220000505447388 -0.9480000138282776 2.75
-1.2599999904632568 -0.9240000247955322 3.1040000915527344
-1.2239999771118164 -1.0199999809265137 3.002000093460083
0.24600005149841309 -0.8999999761581421 2.6540000438690186
-0.3960000276565552 -0.04799997806549072 1.4600000381469727
0.3539999723434448 -0.75 2.503999948501587
0.4020000696182251 -0.6539999842643738 2.492000102996826
0.4320000410079956 -0.2999999523162842 2.9179999828338623
0.2760000228881836 -0.8460000157356262 2.7260000705718994
0.22200000286102295 -0.9240000247955322 2.684000015258789
-1.440000057220459 -0.9419999718666077 2.696000099182129
0.3179999589920044 -0.8100000023841858 2.5820000171661377
-1.3619999885559082 -1.0019999742507935 2.7739999294281006
0.17400002479553223 -0.972000002861023 2.7079999446868896
-0.6959999799728394 -0.07799994945526123 1.4359999895095825
0.06599998474121094 -1.0740000009536743 2.677999973297119
0.37199997901916504 -0.7199999690055847 2.5280001163482666
0.24000000953674316 -0.8999999761581421 2.7019999027252197
-1.3919999599456787 -0.9959999918937683 2.677999973297119
0.2640000581741333 -0.8700000047683716 2.7019999027252197
-0.41999995708465576 -0.04799997806549072 1.4539999961853027
0.312000036239624 -0.8219999670982361 2.552000045776367
0.4020000696182251 -0.12000000476837158 3.002000093460083
-1.4459999799728394 -0.8640000224113464 2.9000000953674316
0.4320000410079956 -0.3960000276565552 2.881999969482422
0.312000036239624 -0.8219999670982361 2.5280001163482666
-1.3739999532699585 -0.9300000071525574 2.930000066757202
-0.17400002479553223 -0.06599998474121094 1.5260000228881836
0.4020000696182251 -0.5699999928474426 2.822000026702881
0.4320000410079956 -0.26999998092651367 2.930000066757202
-1.2120000123977661 -1.0499999523162842 2.9660000801086426
-1.4579999446868896 -0.9240000247955322 2.696000099182129
-1.3799999952316284 -0.9240000247955322 2.930000066757202
-1.1460000276565552 -1.0980000495910645 2.9539999961853027
-1.4160000085830688 -0.9120000004768372 2.875999927520752
-1.1159999370574951 -1.1460000276565552 2.875999927520752
-0.7139999866485596 -0.07799994945526123 1.4359999895095825
0.312000036239624 -0.8219999670982361 2.503999948501587
0.19800007343292236 -0.9480000138282776 2.7139999866485596
-1.284000039100647 -1.0139999389648438 2.930000066757202
0.4259999990463257 -0.22200000286102295 2.9539999961853027
-1.4579999446868896 -0.9240000247955322 2.7019999027252197
-1.0980000495910645 -1.1640000343322754 2.8519999980926514
0.04200005531311035 -1.0980000495910645 2.6540000438690186
-1.4279999732971191 -0.8999999761581421 2.875999927520752
-1.1460000276565552 -1.121999979019165 2.9000000953674316
0.4020000696182251 -0.5699999928474426 2.828000068664551
-1.3919999599456787 -0.9480000138282776 2.8580000400543213
-1.2480000257492065 -1.0199999809265137 2.9779999256134033
0.4259999990463257 -0.4440000057220459 2.875999927520752
-1.4220000505447388 -0.9599999785423279 2.7260000705718994
0.3960000276565552 -0.5999999642372131 2.809999942779541
0.4259999990463257 -0.4739999771118164 2.8519999980926514
0.156000018119812 -0.9959999918937683 2.7019999027252197
0.18000006675720215 -0.972000002861023 2.7019999027252197
0.22800004482269287 -0.9240000247955322 2.677999973297119
-1.1519999504089355 -1.0859999656677246 2.9779999256134033
-0.3059999942779541 -0.04799997806549072 1.4779999256134033
-1.194000005722046 -1.0740000009536743 2.947999954223633
0.37800002098083496 -0.6480000019073486 2.803999900817871
0.4020000696182251 -0.6660000085830688 2.503999948501587
0.34200000762939453 -0.7080000042915344 2.828000068664551
0.20399999618530273 -0.9419999718666077 2.7260000705718994
0.4140000343322754 -0.41999995708465576 2.930000066757202
0.312000036239624 -0.828000009059906 2.552000045776367
0.36000001430511475 -0.6959999799728394 2.7860000133514404
-0.6480000019073486 -0.07200002670288086 1.4300000667572021
0.37199997901916504 -0.671999990940094 2.7860000133514404
-0.7440000176429749 -0.07799994945526123 1.4359999895095825
-0.6539999842643738 -0.07200002670288086 1.4300000667572021
0.25199997425079346 -0.8999999761581421 2.6600000858306885
-0.6240000128746033 -0.06599998474121094 1.4300000667572021
-1.2000000476837158 -1.0740000009536743 2.941999912261963
-1.2719999551773071 -0.9900000095367432 3.002000093460083
-1.2179999351501465 -0.9959999918937683 3.062000036239624
0.437999963760376 -0.22200000286102295 2.930000066757202
-0.5999999642372131 -0.06599998474121094 1.4300000667572021
-1.1579999923706055 -1.0980000495910645 2.947999954223633
0.24000000953674316 -0.906000018119812 2.7079999446868896
-1.3680000305175781 -1.0019999742507935 2.7799999713897705
0.37800002098083496 -0.7199999690055847 2.5280001163482666
-1.434000015258789 -0.8700000047683716 2.930000066757202
0.36000001430511475 -0.6899999976158142 2.803999900817871
0.4259999990463257 -0.4559999704360962 2.875999927520752
0.37800002098083496 -0.7199999690055847 2.5160000324249268
0.4020000696182251 -0.671999990940094 2.5280001163482666
-1.2360000610351562 -1.0199999809265137 3.002000093460083
-1.194000005722046 -1.0740000009536743 2.9539999961853027
-0.22200000286102295 -0.059999942779541016 1.5019999742507935
0.16200006008148193 -0.9959999918937683 2.690000057220459
-1.2899999618530273 -1.0379999876022339 2.875999927520752
-1.4220000505447388 -0.972000002861023 2.690000057220459
0.4259999990463257 -0.49800002574920654 2.8399999141693115
0.4200000762939453 -0.1499999761581421 2.9779999256134033
0.37800002098083496 -0.6539999842643738 2.803999900817871
0.437999963760376 -0.37199997901916504 2.8940000534057617
-1.121999979019165 -1.1640000343322754 2.828000068664551
-0.5699999928474426 -0.059999942779541016 1.4300000667572021
-0.09599995613098145 -0.07799994945526123 1.555999994277954
0.4320000410079956 -0.3960000276565552 2.9000000953674316
0.4020000696182251 -0.5820000171661377 2.828000068664551
0.07200002670288086 -1.0740000009536743 2.7019999027252197
-1.409999966621399 -0.972000002861023 2.75
-1.3739999532699585 -0.972000002861023 2.8580000400543213
0.4440000057220459 -0.24000000953674316 2.9179999828338623
0.16200006008148193 -0.9900000095367432 2.7260000705718994
0.4140000343322754 -0.12000000476837158 2.990000009536743
-1.3919999599456787 -0.9959999918937683 2.7260000705718994
-1.3799999952316284 -0.9480000138282776 2.9000000953674316
-1.4520000219345093 -0.8640000224113464 2.9060001373291016
-1.3079999685287476 -1.0199999809265137 2.888000011444092
0.34200000762939453 -0.7860000133514404 2.503999948501587
-1.2360000610351562 -0.9900000095367432 3.055999994277954
-1.3980000019073486 -0.9959999918937683 2.7019999027252197
-0.5460000038146973 -0.059999942779541016 1.4300000667572021
-0.26999998092651367 -0.054000020027160645 1.4839999675750732
0.1380000114440918 -1.0199999809265137 2.696000099182129
-1.4220000505447388 -0.972000002861023 2.7019999027252197
-1.4279999732971191 -0.9660000205039978 2.7019999027252197
0.4440000057220459 -0.312000036239624 2.9060001373291016
0.4440000057220459 -0.26399993896484375 2.9179999828338623
-1.2239999771118164 -1.0320000648498535 3.002000093460083
-1.277999997138977 -0.9900000095367432 3.002000093460083
0.07800006866455078 -1.0740000009536743 2.684000015258789
0.4440000057220459 -0.22200000286102295 2.9240000247955322
0.1380000114440918 -1.0199999809265137 2.7019999027252197
0.4020000696182251 -0.6779999732971191 2.5160000324249268
0.07200002670288086 -1.0859999656677246 2.630000114440918
-0.2879999876022339 -0.04799997806549072 1.4779999256134033
0.21000003814697266 -0.9480000138282776 2.7019999027252197
-0.10199999809265137 -0.07799994945526123 1.5499999523162842
-1.277999997138977 -1.0139999389648438 2.9600000381469727
-1.1640000343322754 -1.121999979019165 2.8940000534057617
0.437999963760376 -0.41999995708465576 2.875999927520752
0.4259999990463257 -0.49800002574920654 2.8519999980926514
0.4200000762939453 -0.6359999775886536 2.4800000190734863
-0.24599993228912354 -0.054000020027160645 1.4900000095367432
0.4140000343322754 -0.156000018119812 3.002000093460083
0.24000000953674316 -0.9240000247955322 2.6540000438690186
-0.5339999794960022 -0.04799997806549072 1.4300000667572021
0.3059999942779541 -0.8219999670982361 2.7260000705718994
0.3960000276565552 -0.06599998474121094 3.0260000228881836
0.07800006866455078 -1.0740000009536743 2.7019999027252197
0.10199999809265137 -1.0499999523162842 2.7260000705718994
-0.1499999761581421 -0.06599998474121094 1.5260000228881836
-1.3919999599456787 -0.9599999785423279 2.8580000400543213
-1.4040000438690186 -0.9839999675750732 2.75
-0.37199997901916504 -0.0419999361038208 1.4539999961853027
0.4259999990463257 -0.1679999828338623 2.9779999256134033
0.4440000057220459 -0.24599993228912354 2.930000066757202
0.3240000009536743 -0.7979999780654907 2.7200000286102295
0.19200003147125244 -0.972000002861023 2.696000099182129
0.22800004482269287 -0.9359999895095825 2.677999973297119
0.4259999990463257 -0.5220000147819519 2.8340001106262207
0.18599998950958252 -0.972000002861023 2.7260000705718994
0.3539999723434448 -0.7739999890327454 2.503999948501587
0.4259999990463257 -0.1499999761581421 2.9779999256134033
0.3539999723434448 -0.7739999890327454 2.498000144958496
-0.7559999823570251 -0.07799994945526123 1.4300000667572021
-0.09599995613098145 -0.07799994945526123 1.5499999523162842
0.2760000228881836 -0.8700000047683716 2.7139999866485596
0.38999998569488525 -0.6480000019073486 2.7920000553131104
-1.3739999532699585 -0.972000002861023 2.875999927520752
0.3240000009536743 -0.8219999670982361 2.492000102996826
-1.2239999771118164 -1.0499999523162842 2.9779999256134033
0.3240000009536743 -0.7979999780654907 2.7260000705718994
-1.3980000019073486 -0.9480000138282776 2.875999927520752
0.07200002670288086 -1.0799999237060547 2.7079999446868896
0.4200000762939453 -0.6480000019073486 2.5280001163482666
-1.3619999885559082 -0.9959999918937683 2.8459999561309814
0.437999963760376 -0.4440000057220459 2.870000123977661
-1.1699999570846558 -1.0980000495910645 2.9539999961853027
0.060000061988830566 -1.0980000495910645 2.6540000438690186
-0.5099999904632568 -0.0419999361038208 1.4300000667572021
0.2760000228881836 -0.8579999804496765 2.76200008392334
0.437999963760376 -0.1979999542236328 2.9539999961853027
-1.4579999446868896 -0.9419999718666077 2.696000099182129
0.4500000476837158 -0.3240000009536743 2.9000000953674316
-1.434000015258789 -0.9480000138282776 2.7799999713897705
-1.4279999732971191 -0.9599999785423279 2.76200008392334
0.1260000467300415 -1.0379999876022339 2.7019999027252197
-1.1699999570846558 -1.121999979019165 2.9000000953674316
0.3539999723434448 -0.7199999690055847 2.803999900817871
0.437999963760376 -0.24599993228912354 2.9539999961853027
-1.1699999570846558 -1.1100000143051147 2.930000066757202
-1.3919999599456787 -0.9179999828338623 2.9539999961853027
0.22200000286102295 -0.9480000138282776 2.671999931335449
0.24600005149841309 -0.9240000247955322 2.6480000019073486
0.4500000476837158 -0.22200000286102295 2.9240000247955322
-0.49800002574920654 -0.0419999361038208 1.4300000667572021
-0.26999998092651367 -0.04799997806549072 1.4779999256134033
-0.6420000195503235 0.5880000591278076 1.7300000190734863
-1.121999979019165 -1.1579999923706055 2.875999927520752
-1.434000015258789 -0.9120000004768372 2.875999927520752
0.4440000057220459 -0.1979999542236328 2.941999912261963
0.3960000276565552 -0.07799994945526123 3.0380001068115234
0.4259999990463257 -0.515999972820282 2.8519999980926514
0.312000036239624 -0.8460000157356262 2.5280001163482666
-1.3680000305175781 -1.0080000162124634 2.803999900817871
0.4020000696182251 -0.07799994945526123 3.0260000228881836
0.22200000286102295 -0.9480000138282776 2.677999973297119
0.11399996280670166 -1.0499999523162842 2.7019999027252197
0.06599998474121094 -1.0920000076293945 2.684000015258789
0.34200000762939453 -0.7319999933242798 2.828000068664551
-1.3799999952316284 -0.9599999785423279 2.9000000953674316
0.4259999990463257 -0.41999995708465576 2.930000066757202
0.4020000696182251 -0.07200002670288086 3.0260000228881836
-1.2120000123977661 -1.0740000009536743 2.9539999961853027
-1.3739999532699585 -0.9660000205039978 2.9000000953674316
-1.3980000019073486 -0.9959999918937683 2.75
-1.2660000324249268 -1.0199999809265137 2.9839999675750732
-1.4279999732971191 -0.972000002861023 2.7260000705718994
0.4200000762939453 -0.1499999761581421 3.002000093460083
0.12000000476837158 -1.0499999523162842 2.677999973297119
0.2640000581741333 -0.8999999761581421 2.677999973297119
0.4020000696182251 -0.6240000128746033 2.803999900817871
0.4500000476837158 -0.34800004959106445 2.9000000953674316
0.4500000476837158 -0.22200000286102295 2.930000066757202
0.4020000696182251 -0.6959999799728394 2.5280001163482666
0.37199997901916504 -0.7020000219345093 2.7799999713897705
0.26999998092651367 -0.8880000114440918 2.7019999027252197
0.4320000410079956 -0.19200003147125244 2.9779999256134033
-0.34800004959106445 -0.0419999361038208 1.4539999961853027
-1.3860000371932983 -1.0199999809265137 2.7019999027252197
0.4440000057220459 -0.17400002479553223 2.947999954223633
0.1380000114440918 -1.0379999876022339 2.6600000858306885
-1.1460000276565552 -1.1460000276565552 2.881999969482422
-0.4739999771118164 -0.0419999361038208 1.4300000667572021
-1.2300000190734863 -1.0260000228881836 3.0260000228881836
0.4259999990463257 -0.5460000038146973 2.828000068664551
0.437999963760376 -0.26399993896484375 2.9600000381469727
0.33000004291534424 -0.8219999670982361 2.4860000610351562
-1.2419999837875366 -1.0499999523162842 2.9660000801086426
0.3179999589920044 -0.8219999670982361 2.7079999446868896
-1.1699999570846558 -1.1039999723434448 2.9539999961853027
-0.19200003147125244 -0.054000020027160645 1.5019999742507935
0.156000018119812 -1.0199999809265137 2.677999973297119
-1.4579999446868896 -0.9480000138282776 2.7019999027252197
-1.121999979019165 -1.1699999570846558 2.8519999980926514
-0.07200002670288086 -0.07799994945526123 1.555999994277954
0.18000006675720215 -0.9959999918937683 2.684000015258789
-0.22200000286102295 -0.054000020027160645 1.4900000095367432
-1.3680000305175781 -0.9959999918937683 2.8519999980926514
0.25199997425079346 -0.9240000247955322 2.6419999599456787
0.437999963760376 -0.28199994564056396 2.9600000381469727
-1.3919999599456787 -1.0199999809265137 2.684000015258789
-1.440000057220459 -0.8999999761581421 2.9000000953674316
-1.194000005722046 -1.0980000495910645 2.936000108718872
0.2820000648498535 -0.8700000047683716 2.7260000705718994
0.4259999990463257 -0.6480000019073486 2.503999948501587
0.4140000343322754 -0.07200002670288086 3.008000135421753
-1.1820000410079956 -1.0980000495910645 2.9539999961853027
-1.4520000219345093 -0.8700000047683716 2.930000066757202
-0.029999971389770508 -0.07200002670288086 1.5800000429153442
0.37800002098083496 -0.6959999799728394 2.7799999713897705
0.4440000057220459 -0.17400002479553223 2.9539999961853027
-1.2719999551773071 -0.9959999918937683 3.0260000228881836
-1.1699999570846558 -1.128000020980835 2.9000000953674316
0.30000007152557373 -0.8460000157356262 2.7260000705718994
-0.7020000219345093 -0.07200002670288086 1.4179999828338623
-0.6660000085830688 0.5940001010894775 1.7300000190734863
0.4620000123977661 -0.13199996948242188 2.9000000953674316
0.4500000476837158 -0.37199997901916504 2.9000000953674316
-1.409999966621399 -0.9959999918937683 2.7260000705718994
-1.3020000457763672 -1.0440000295639038 2.881999969482422
0.4200000762939453 -0.6660000085830688 2.552000045776367
0.34800004959106445 -0.7979999780654907 2.4860000610351562
0.1260000467300415 -1.0499999523162842 2.677999973297119
-1.4279999732971191 -0.9779999852180481 2.7260000705718994
0.4200000762939453 -0.09000003337860107 3.002000093460083
-1.1820000410079956 -1.121999979019165 2.9000000953674316
0.07800006866455078 -1.0859999656677246 2.7019999027252197
-1.3680000305175781 -0.8999999761581421 3.0380001068115234
0.3179999589920044 -0.8460000157356262 2.503999948501587
0.18000006675720215 -0.9959999918937683 2.7019999027252197
-1.4220000505447388 -0.9900000095367432 2.7019999027252197
0.37800002098083496 -0.75 2.503999948501587
0.4500000476837158 -0.41999995708465576 2.875999927520752
-1.4220000505447388 -0.9240000247955322 2.9000000953674316
-1.4520000219345093 -0.9120000004768372 2.8519999980926514
0.20399999618530273 -0.972000002861023 2.7019999027252197
-0.6959999799728394 0.5940001010894775 1.7300000190734863
-0.1979999542236328 -0.054000020027160645 1.496000051498413
0.4320000410079956 -0.5460000038146973 2.822000026702881
-1.3860000371932983 -0.9480000138282776 2.930000066757202
0.16200006008148193 -1.0199999809265137 2.671999931335449
0.23399996757507324 -0.9480000138282776 2.6540000438690186
-1.4160000085830688 -0.9480000138282776 2.864000082015991
-1.4459999799728394 -0.8819999694824219 2.930000066757202
0.07800006866455078 -1.0920000076293945 2.677999973297119
-0.7080000042915344 0.5940001010894775 1.7300000190734863
-0.24599993228912354 -0.04799997806549072 1.4779999256134033
-0.023999929428100586 -0.07200002670288086 1.5800000429153442
-0.4440000057220459 -0.03600001335144043 1.4300000667572021
-0.054000020027160645 -0.07200002670288086 1.562000036239624
-1.3619999885559082 -0.9179999828338623 3.0260000228881836
0.08399999141693115 -1.0920000076293945 2.6480000019073486
-0.6240000128746033 0.5999999046325684 1.7300000190734863
-1.277999997138977 -0.9959999918937683 3.0260000228881836
-1.3860000371932983 -1.0320000648498535 2.677999973297119
0.4559999704360962 -0.24599993228912354 2.930000066757202
-0.3240000009536743 -0.0419999361038208 1.4539999961853027
-1.4639999866485596 -0.906000018119812 2.8399999141693115
-1.4220000505447388 -0.9959999918937683 2.690000057220459
0.4020000696182251 -0.6420000195503235 2.803999900817871
-1.121999979019165 -1.1759999990463257 2.8519999980926514
-1.3919999599456787 -0.8999999761581421 3.008000135421753
-0.6779999732971191 -0.07200002670288086 1.4119999408721924
0.4200000762939453 -0.5999999642372131 2.803999900817871
0.4320000410079956 -0.12000000476837158 2.990000009536743
-0.12000000476837158 -0.06599998474121094 1.5260000228881836
0.2580000162124634 -0.9240000247955322 2.6540000438690186
0.4440000057220459 -0.1499999761581421 2.9660000801086426
-1.4520000219345093 -0.9359999895095825 2.803999900817871
0.4500000476837158 -0.4739999771118164 2.8459999561309814
-1.3919999599456787 -0.972000002861023 2.875999927520752
0.4500000476837158 -0.1979999542236328 2.9539999961853027
-1.3919999599456787 -1.0199999809265137 2.7260000705718994
-1.4459999799728394 -0.972000002861023 2.696000099182129
-0.04799997806549072 -0.07799994945526123 1.562000036239624
0.18000006675720215 -1.0019999742507935 2.7019999027252197
0.4500000476837158 -0.17400002479553223 2.9539999961853027
-0.17400002479553223 -0.054000020027160645 1.5019999742507935
0.4259999990463257 -0.5699999928474426 2.828000068664551
-1.2059999704360962 -1.0980000495910645 2.936000108718872
-1.2960000038146973 -1.0379999876022339 2.9240000247955322
-1.3680000305175781 -0.9959999918937683 2.875999927520752
0.437999963760376 -0.23399996757507324 2.9839999675750732
0.3539999723434448 -0.7979999780654907 2.4860000610351562
-1.4639999866485596 -0.8819999694824219 2.9000000953674316
0.4259999990463257 -0.6660000085830688 2.552000045776367
-1.2480000257492065 -1.0499999523162842 2.9779999256134033
0.3539999723434448 -0.7319999933242798 2.828000068664551
0.4259999990463257 -0.09000003337860107 3.002000093460083
-1.3799999952316284 -0.9480000138282776 2.9539999961853027
0.46800005435943604 -0.26999998092651367 2.9000000953674316
-1.4279999732971191 -0.972000002861023 2.7799999713897705
0.4500000476837158 -0.4440000057220459 2.875999927520752
0.3240000009536743 -0.8460000157356262 2.492000102996826
0.4500000476837158 -0.4739999771118164 2.8519999980926514
0.3960000276565552 -0.671999990940094 2.7860000133514404
-1.2239999771118164 -1.0679999589920044 2.9779999256134033
0.46800005435943604 -0.12000000476837158 2.9000000953674316
-1.1640000343322754 -1.1039999723434448 2.9839999675750732
-0.41999995708465576 -0.03600001335144043 1.4300000667572021
0.46800005435943604 -0.2999999523162842 2.8940000534057617
-1.1399999856948853 -1.1699999570846558 2.8519999980926514
0.437999963760376 -0.6299999952316284 2.450000047683716
0.2760000228881836 -0.8999999761581421 2.684000015258789
0.36000001430511475 -0.7919999957084656 2.503999948501587
0.437999963760376 -0.6359999775886536 2.4800000190734863
-1.2719999551773071 -1.0199999809265137 3.002000093460083
0.10800004005432129 -1.0740000009536743 2.677999973297119
-0.5460000038146973 -0.054000020027160645 1.4119999408721924
0.21599996089935303 -0.972000002861023 2.677999973297119
-1.4520000219345093 -0.8759999871253967 2.941999912261963
-0.6179999709129333 0.6059999465942383 1.7300000190734863
-1.1699999570846558 -1.1460000276565552 2.875999927520752
-0.5999999642372131 0.6059999465942383 1.7300000190734863
0.33000004291534424 -0.8159999847412109 2.7260000705718994
0.4020000696182251 -0.7199999690055847 2.5280001163482666
-1.3980000019073486 -0.9179999828338623 2.9779999256134033
-0.6539999842643738 0.6059999465942383 1.7300000190734863
0.36600005626678467 -0.7260000109672546 2.803999900817871
0.3960000276565552 -0.7319999933242798 2.5280001163482666
0.4200000762939453 -0.6840000152587891 2.552000045776367
0.4500000476837158 -0.24599993228912354 2.9600000381469727
0.3240000009536743 -0.8339999914169312 2.696000099182129
0.08399999141693115 -1.0980000495910645 2.6540000438690186
0.11399996280670166 -1.062000036239624 2.7260000705718994
0.4259999990463257 -0.671999990940094 2.5280001163482666
0.46800005435943604 -0.2999999523162842 2.9000000953674316
-1.4520000219345093 -0.972000002861023 2.690000057220459
0.26999998092651367 -0.9120000004768372 2.677999973297119
0.1260000467300415 -1.055999994277954 2.7079999446868896
-1.4040000438690186 -1.0199999809265137 2.696000099182129
0.4500000476837158 -0.4559999704360962 2.875999927520752
0.33000004291534424 -0.8219999670982361 2.7139999866485596
0.2760000228881836 -0.8999999761581421 2.7019999027252197
-1.3919999599456787 -1.0199999809265137 2.75
0.312000036239624 -0.8700000047683716 2.5280001163482666
-1.2960000038146973 -1.0320000648498535 2.947999954223633
0.17400002479553223 -1.0139999389648438 2.7019999027252197
-1.3980000019073486 -0.906000018119812 3.002000093460083
0.4320000410079956 -0.6599999666213989 2.503999948501587
-1.4220000505447388 -0.9480000138282776 2.875999927520752
-0.2999999523162842 -0.0419999361038208 1.4539999961853027
0.4259999990463257 -0.5999999642372131 2.803999900817871
0.24600005149841309 -0.9480000138282776 2.6419999599456787
-1.434000015258789 -0.9240000247955322 2.9000000953674316
-1.3799999952316284 -0.9779999852180481 2.9060001373291016
-0.6240000128746033 -0.059999942779541016 1.406000018119812
0.10800004005432129 -1.0740000009536743 2.7019999027252197
0.3840000629425049 -0.7080000042915344 2.7799999713897705
0.3240000009536743 -0.8460000157356262 2.6540000438690186
-1.2000000476837158 -1.0799999237060547 2.996000051498413
0.21000003814697266 -0.972000002861023 2.7320001125335693
-1.1820000410079956 -1.121999979019165 2.930000066757202
0.4020000696182251 -0.7260000109672546 2.5280001163482666
0.4620000123977661 -0.12000000476837158 2.930000066757202
-0.22200000286102295 -0.04799997806549072 1.4779999256134033
0.36600005626678467 -0.7199999690055847 2.828000068664551
-0.17400002479553223 -0.054000020027160645 1.496000051498413
-1.3619999885559082 -0.9419999718666077 3.008000135421753
0.22200000286102295 -0.972000002861023 2.671999931335449
0.4500000476837158 -0.4919999837875366 2.8519999980926514
-1.1460000276565552 -1.1640000343322754 2.875999927520752
0.4320000410079956 -0.07200002670288086 2.996000051498413
-0.3960000276565552 -0.03600001335144043 1.4300000667572021
0.4739999771118164 -0.3059999942779541 2.888000011444092
-1.3739999532699585 -1.0080000162124634 2.8519999980926514
-1.4220000505447388 -0.9839999675750732 2.7860000133514404
-1.2960000038146973 -1.0199999809265137 2.9779999256134033
0.4200000762939453 -0.6240000128746033 2.7980000972747803
0.4559999704360962 -0.40799999237060547 2.9000000953674316
-0.593999981880188 0.5999999046325684 1.718000054359436
-1.1759999990463257 -1.1460000276565552 2.881999969482422
-1.4459999799728394 -0.9539999961853027 2.803999900817871
0.3240000009536743 -0.8399999737739563 2.7019999027252197
-1.2719999551773071 -1.0139999389648438 3.0260000228881836
-1.3680000305175781 -0.9959999918937683 2.9000000953674316
0.1260000467300415 -1.0679999589920044 2.6660001277923584
0.34800004959106445 -0.7440000176429749 2.8519999980926514
0.4440000057220459 -0.21000003814697266 2.990000009536743
0.4140000343322754 -0.6480000019073486 2.7860000133514404
-1.3140000104904175 -1.0440000295639038 2.9000000953674316
-1.2960000038146973 -1.055999994277954 2.9060001373291016
0.37800002098083496 -0.7739999890327454 2.503999948501587
0.33000004291534424 -0.828000009059906 2.7200000286102295
0.437999963760376 -0.14399993419647217 3.002000093460083
-1.3799999952316284 -1.0139999389648438 2.828000068664551
0.37800002098083496 -0.7739999890327454 2.498000144958496
-0.5519999861717224 0.6180000305175781 1.7360000610351562
0.12000000476837158 -1.0740000009536743 2.6660001277923584
-1.2000000476837158 -1.121999979019165 2.9119999408721924
0.30000007152557373 -0.8700000047683716 2.7260000705718994
-1.3739999532699585 -1.0199999809265137 2.828000068664551
-1.440000057220459 -0.9959999918937683 2.6660001277923584
-1.3799999952316284 -0.972000002861023 2.930000066757202
-1.2660000324249268 -1.0499999523162842 2.9720001220703125
0.19200003147125244 -0.9959999918937683 2.7320001125335693
0.3179999589920044 -0.8700000047683716 2.552000045776367
-0.0419999361038208 -0.07200002670288086 1.555999994277954
0.4739999771118164 -0.34800004959106445 2.881999969482422
-1.3860000371932983 -1.0139999389648438 2.815999984741211
0.21000003814697266 -0.9779999852180481 2.7320001125335693
0.4739999771118164 -0.24599993228912354 2.9119999408721924
-1.1460000276565552 -1.1759999990463257 2.8519999980926514
-1.4579999446868896 -0.972000002861023 2.7019999027252197
0.156000018119812 -1.0440000295639038 2.6660001277923584
0.437999963760376 -0.09000003337860107 2.996000051498413
0.3179999589920044 -0.8700000047683716 2.503999948501587
-1.4160000085830688 -0.972000002861023 2.8519999980926514
0.4500000476837158 -0.1499999761581421 2.9779999256134033
-0.1499999761581421 -0.054000020027160645 1.5019999742507935
0.25199997425079346 -0.9480000138282776 2.6480000019073486
0.18000006675720215 -1.0199999809265137 2.677999973297119
-1.194000005722046 -1.1100000143051147 2.9539999961853027
0.3539999723434448 -0.7379999756813049 2.8519999980926514
0.46800005435943604 -0.1380000114440918 2.930000066757202
0.4440000057220459 -0.6480000019073486 2.5280001163482666
-1.3919999599456787 -0.906000018119812 3.0260000228881836
-1.3020000457763672 -1.0440000295639038 2.930000066757202
0.10800004005432129 -1.0799999237060547 2.7079999446868896
-0.09599995613098145 -0.059999942779541016 1.5260000228881836
0.46800005435943604 -0.26999998092651367 2.930000066757202
-0.6240000128746033 0.5999999046325684 1.7120000123977661
-0.6299999952316284 0.5999999046325684 1.7120000123977661
-1.277999997138977 -0.9959999918937683 3.055999994277954
0.4500000476837158 -0.1799999475479126 2.9839999675750732
-0.6420000195503235 -0.059999942779541016 1.4000000953674316
-0.6660000085830688 -0.06599998474121094 1.4000000953674316
0.4620000123977661 -0.21599996089935303 2.9539999961853027
0.48000001907348633 -0.24599993228912354 2.9000000953674316
-1.3559999465942383 -0.9599999785423279 3.002000093460083
0.48000001907348633 -0.25199997425079346 2.9000000953674316
-0.6599999666213989 0.5999999046325684 1.7120000123977661
-1.4220000505447388 -0.9480000138282776 2.9000000953674316
-0.5999999642372131 -0.054000020027160645 1.4000000953674316
0.3240000009536743 -0.8579999804496765 2.6540000438690186
-1.4160000085830688 -1.0139999389648438 2.7260000705718994
-1.409999966621399 -0.972000002861023 2.875999927520752
-0.023999929428100586 -0.07799994945526123 1.562000036239624
0.4739999771118164 -0.37199997901916504 2.881999969482422
0.4440000057220459 -0.5699999928474426 2.809999942779541
0.46800005435943604 -0.1979999542236328 2.941999912261963
-0.5699999928474426 -0.054000020027160645 1.4000000953674316
0.23399996757507324 -0.972000002861023 2.6540000438690186
-1.3739999532699585 -1.0260000228881836 2.828000068664551
0.3179999589920044 -0.8759999871253967 2.5759999752044678
0.4500000476837158 -0.6359999775886536 2.4800000190734863
-1.434000015258789 -0.9480000138282776 2.875999927520752
-1.3980000019073486 -0.8999999761581421 3.0320000648498535
-0.6899999976158142 0.5999999046325684 1.7120000123977661
-1.3079999685287476 -1.055999994277954 2.9000000953674316
0.2879999876022339 -0.8939999938011169 2.7260000705718994
0.3539999723434448 -0.8219999670982361 2.4860000610351562
-1.2660000324249268 -1.062000036239624 2.9600000381469727
0.4559999704360962 -0.5220000147819519 2.828000068664551
0.4259999990463257 -0.6240000128746033 2.803999900817871
0.4259999990463257 -0.6959999799728394 2.5280001163482666
0.1260000467300415 -1.0740000009536743 2.677999973297119
0.4140000343322754 -0.7199999690055847 2.509999990463257
-1.3980000019073486 -0.9959999918937683 2.8519999980926514
0.437999963760376 -0.07200002670288086 3.002000093460083
0.3240000009536743 -0.8640000224113464 2.635999917984009
-1.440000057220459 -0.9480000138282776 2.864000082015991
-0.7020000219345093 0.5999999046325684 1.7120000123977661
-0.1979999542236328 -0.04799997806549072 1.4779999256134033
0.10199999809265137 -1.0980000495910645 2.6540000438690186
-0.5519999861717224 -0.04799997806549072 1.4000000953674316
-1.2719999551773071 -1.0499999523162842 2.9779999256134033
0.4739999771118164 -0.3960000276565552 2.875999927520752
-1.2480000257492065 -1.0740000009536743 2.9660000801086426
-0.5460000038146973 -0.04799997806549072 1.4000000953674316
0.4500000476837158 -0.5460000038146973 2.828000068664551
0.48000001907348633 -0.2999999523162842 2.9000000953674316
0.2580000162124634 -0.9480000138282776 2.6540000438690186
0.4500000476837158 -0.07799994945526123 2.9779999256134033
-1.1579999923706055 -1.1759999990463257 2.8519999980926514
0.3240000009536743 -0.8700000047683716 2.4860000610351562
0.4020000696182251 -0.6959999799728394 2.7799999713897705
-1.2960000038146973 -1.0199999809265137 3.002000093460083
-0.3539999723434448 -0.029999971389770508 1.4300000667572021
0.4500000476837158 -0.6480000019073486 2.5280001163482666
0.018000006675720215 -0.06599998474121094 1.5859999656677246
-0.7379999756813049 -0.07200002670288086 1.4000000953674316
-1.2239999771118164 -1.0980000495910645 2.9539999961853027
0.2760000228881836 -0.9240000247955322 2.677999973297119
0.37800002098083496 -0.7199999690055847 2.828000068664551
-0.26399993896484375 -0.03600001335144043 1.4539999961853027
-1.1699999570846558 -1.1519999504089355 2.9060001373291016
-1.194000005722046 -1.1399999856948853 2.9000000953674316
0.4140000343322754 -0.671999990940094 2.7799999713897705
-1.3919999599456787 -0.9959999918937683 2.875999927520752
-1.4459999799728394 -0.9959999918937683 2.696000099182129
0.4500000476837158 -0.6480000019073486 2.503999948501587
-1.4279999732971191 -0.972000002861023 2.8459999561309814
0.4500000476837158 -0.5519999861717224 2.828000068664551
0.34200000762939453 -0.8460000157356262 2.4800000190734863
-1.2300000190734863 -1.0980000495910645 2.947999954223633
-1.4220000505447388 -1.0199999809265137 2.7019999027252197
-0.34800004959106445 -0.029999971389770508 1.4300000667572021
0.21000003814697266 -0.9959999918937683 2.7019999027252197
0.4739999771118164 -0.41999995708465576 2.870000123977661
-1.4459999799728394 -0.9959999918937683 2.7019999027252197
-1.2360000610351562 -1.0679999589920044 3.002000093460083
0.48000001907348633 -0.3240000009536743 2.9000000953674316
0.4020000696182251 -0.75 2.503999948501587
-1.2059999704360962 -1.121999979019165 2.930000066757202
-1.4520000219345093 -0.9900000095367432 2.7019999027252197
-1.3980000019073486 -1.0499999523162842 2.6600000858306885
-0.17400002479553223 -0.04799997806549072 1.4839999675750732
-1.277999997138977 -1.0499999523162842 2.9779999256134033
-0.5999999642372131 -0.054000020027160645 1.3940000534057617
0.4259999990463257 -0.6359999775886536 2.803999900817871
-1.187999963760376 -1.1340000629425049 2.930000066757202
0.4500000476837158 -0.5699999928474426 2.809999942779541
-0.023999929428100586 -0.07200002670288086 1.555999994277954
0.4559999704360962 -0.6299999952316284 2.450000047683716
-1.284000039100647 -1.0199999809265137 3.0260000228881836
-0.3960000276565552 -0.029999971389770508 1.4179999828338623
0.3240000009536743 -0.8640000224113464 2.684000015258789
-1.4579999446868896 -0.9539999961853027 2.815999984741211
0.48600006103515625 -0.34800004959106445 2.875999927520752
0.4320000410079956 -0.5759999752044678 2.870000123977661
-0.5220000147819519 -0.029999971389770508 1.4000000953674316
-1.4040000438690186 -0.9300000071525574 2.990000009536743
-1.2480000257492065 -1.0740000009536743 2.9779999256134033
0.09599995613098145 -1.1039999723434448 2.690000057220459
-1.2719999551773071 -1.0440000295639038 3.002000093460083
0.4320000410079956 -0.6959999799728394 2.5160000324249268
-1.4639999866485596 -0.9240000247955322 2.875999927520752
0.16200006008148193 -1.0499999523162842 2.677999973297119
-1.277999997138977 -1.0080000162124634 3.055999994277954
0.3179999589920044 -0.8700000047683716 2.7019999027252197
0.3179999589920044 -0.8880000114440918 2.552000045776367
0.3840000629425049 -0.7260000109672546 2.809999942779541
-1.4040000438690186 -0.9240000247955322 3.002000093460083
-1.4520000219345093 -0.9959999918937683 2.690000057220459
-0.41999995708465576 -0.029999971389770508 1.4119999408721924
-1.3919999599456787 -0.9480000138282776 2.9839999675750732
0.48000001907348633 -0.22200000286102295 2.930000066757202
0.24600005149841309 -0.972000002861023 2.635999917984009
-1.2719999551773071 -1.0320000648498535 3.0260000228881836
0.4620000123977661 -0.22800004482269287 2.9779999256134033
0.4620000123977661 -0.1679999828338623 2.9779999256134033
0.4739999771118164 -0.4440000057220459 2.864000082015991
0.4200000762939453 -0.671999990940094 2.7739999294281006
-1.3919999599456787 -1.055999994277954 2.684000015258789
0.19200003147125244 -1.0139999389648438 2.7260000705718994
0.10800004005432129 -1.0980000495910645 2.677999973297119
0.48000001907348633 -0.12000000476837158 2.9240000247955322
0.33000004291534424 -0.8700000047683716 2.4800000190734863
0.48000001907348633 -0.24000000953674316 2.930000066757202
0.37800002098083496 -0.7979999780654907 2.492000102996826
-1.350000023841858 -0.9900000095367432 2.9839999675750732
0.4739999771118164 -0.1679999828338623 2.947999954223633
0.38999998569488525 -0.7199999690055847 2.803999900817871
0.4020000696182251 -0.7080000042915344 2.7799999713897705
0.4919999837875366 -0.2999999523162842 2.881999969482422
-1.3739999532699585 -0.9419999718666077 3.0260000228881836
-1.3739999532699585 -0.9959999918937683 2.930000066757202
-0.49800002574920654 -0.029999971389770508 1.4000000953674316
-1.3739999532699585 -1.0199999809265137 2.875999927520752
-1.3680000305175781 -1.0019999742507935 2.930000066757202
0.4259999990463257 -0.7139999866485596 2.5280001163482666
-0.24599993228912354 -0.03600001335144043 1.4539999961853027
-1.3919999599456787 -1.0499999523162842 2.7260000705718994
-0.07200002670288086 -0.059999942779541016 1.5260000228881836
-1.4639999866485596 -0.9480000138282776 2.828000068664551
0.48600006103515625 -0.37199997901916504 2.875999927520752
-0.4440000057220459 -0.029999971389770508 1.406000018119812
0.18599998950958252 -1.0260000228881836 2.7079999446868896
0.22200000286102295 -0.9959999918937683 2.671999931335449
0.3539999723434448 -0.75 2.875999927520752
-1.1699999570846558 -1.1699999570846558 2.875999927520752
-1.3980000019073486 -1.0499999523162842 2.7019999027252197
-0.12000000476837158 -0.054000020027160645 1.5019999742507935
0.4500000476837158 -0.07200002670288086 2.996000051498413
0.48000001907348633 -0.12000000476837158 2.930000066757202
-1.187999963760376 -1.1159999370574951 2.9839999675750732
-1.434000015258789 -0.9900000095367432 2.803999900817871
0.22200000286102295 -0.9959999918937683 2.677999973297119
0.30000007152557373 -0.8999999761581421 2.7019999027252197
-0.34800004959106445 -0.029999971389770508 1.4240000247955322
-0.3240000009536743 -0.029999971389770508 1.4300000667572021
-1.3980000019073486 -1.0260000228881836 2.803999900817871
-0.37199997901916504 -0.029999971389770508 1.4179999828338623
0.4739999771118164 -0.1499999761581421 2.9539999961853027
-1.4160000085830688 -1.0379999876022339 2.684000015258789
-1.4040000438690186 -0.9300000071525574 3.002000093460083
0.4739999771118164 -0.49800002574920654 2.828000068664551
-0.4739999771118164 -0.029999971389770508 1.4000000953674316
-1.2000000476837158 -1.1460000276565552 2.9000000953674316
0.437999963760376 -0.06599998474121094 3.0260000228881836
0.4919999837875366 -0.36000001430511475 2.870000123977661
0.48000001907348633 -0.4440000057220459 2.8580000400543213
-1.3680000305175781 -1.0199999809265137 2.9000000953674316
0.4259999990463257 -0.7199999690055847 2.509999990463257
0.48000001907348633 -0.41999995708465576 2.875999927520752
0.22800004482269287 -0.9959999918937683 2.6540000438690186
-1.4459999799728394 -0.9419999718666077 2.9000000953674316
0.4500000476837158 -0.07200002670288086 3.002000093460083
-0.5220000147819519 -0.029999971389770508 1.3940000534057617
-1.3919999599456787 -0.972000002861023 2.9539999961853027
-1.3259999752044678 -1.0499999523162842 2.9179999828338623
0.40799999237060547 -0.7139999866485596 2.76200008392334
0.4500000476837158 -0.671999990940094 2.5280001163482666
-1.440000057220459 -1.0199999809265137 2.6660001277923584
0.20399999618530273 -1.0139999389648438 2.7019999027252197
-1.4220000505447388 -1.0080000162124634 2.7980000972747803
0.4739999771118164 -0.36000001430511475 2.930000066757202
-0.5519999861717224 0.6059999465942383 1.7000000476837158
0.4259999990463257 -0.671999990940094 2.7739999294281006
-0.5460000038146973 0.6059999465942383 1.7000000476837158
-1.3980000019073486 -1.0320000648498535 2.7980000972747803
-1.1820000410079956 -1.1699999570846558 2.870000123977661
-1.3980000019073486 -1.0139999389648438 2.8519999980926514
-1.3980000019073486 -1.062000036239624 2.6600000858306885
-1.4639999866485596 -0.9240000247955322 2.9000000953674316
-1.3079999685287476 -1.0499999523162842 2.9539999961853027
0.4559999704360962 -0.6599999666213989 2.503999948501587
0.312000036239624 -0.8759999871253967 2.75600004196167
0.4500000476837158 -0.5999999642372131 2.803999900817871
0.3539999723434448 -0.8460000157356262 2.4800000190734863
0.3179999589920044 -0.8999999761581421 2.5280001163482666
0.4259999990463257 -0.671999990940094 2.7799999713897705
0.4440000057220459 -0.6240000128746033 2.7920000553131104
-1.440000057220459 -1.0199999809265137 2.684000015258789
0.3179999589920044 -0.8999999761581421 2.503999948501587
0.48000001907348633 -0.1380000114440918 2.947999954223633
0.46800005435943604 -0.40799999237060547 2.930000066757202
0.4500000476837158 -0.6779999732971191 2.552000045776367
-0.6119999885559082 0.6119999885559082 1.7000000476837158
0.48000001907348633 -0.1979999542236328 2.9539999961853027
0.4200000762939453 -0.6959999799728394 2.76200008392334
0.2879999876022339 -0.9240000247955322 2.7019999027252197
0.437999963760376 -0.6480000019073486 2.7799999713897705
0.11399996280670166 -1.1039999723434448 2.671999931335449
-0.10800004005432129 -0.04799997806549072 1.5019999742507935
0.48000001907348633 -0.17400002479553223 2.9539999961853027
-0.6480000019073486 0.6119999885559082 1.7000000476837158
0.49800002574920654 -0.34800004959106445 2.870000123977661
-1.434000015258789 -1.0320000648498535 2.6540000438690186
-1.4220000505447388 -0.9959999918937683 2.8459999561309814
-1.2480000257492065 -1.0980000495910645 2.9539999961853027
-1.2899999618530273 -1.0260000228881836 3.0320000648498535
-0.3240000009536743 -0.029999971389770508 1.4240000247955322
0.4739999771118164 -0.5220000147819519 2.822000026702881
-1.3919999599456787 -0.9900000095367432 2.930000066757202
-0.4440000057220459 -0.023999929428100586 1.4000000953674316
0.4020000696182251 -0.7739999890327454 2.503999948501587
-1.4520000219345093 -0.972000002861023 2.828000068664551
0.48000001907348633 -0.1499999761581421 2.9539999961853027
0.4020000696182251 -0.7739999890327454 2.498000144958496
0.2580000162124634 -0.972000002861023 2.635999917984009
-0.671999990940094 0.6119999885559082 1.7000000476837158
-0.2999999523162842 -0.029999971389770508 1.4300000667572021
-1.4160000085830688 -1.0379999876022339 2.7260000705718994
0.3240000009536743 -0.8880000114440918 2.6540000438690186
0.48000001907348633 -0.49800002574920654 2.828000068664551
0.48000001907348633 -0.4739999771118164 2.8519999980926514
-0.22200000286102295 -0.03600001335144043 1.4539999961853027
-1.440000057220459 -1.0199999809265137 2.7019999027252197
-1.3259999752044678 -1.055999994277954 2.9179999828338623
-1.4520000219345093 -1.0080000162124634 2.7019999027252197
0.2760000228881836 -0.9480000138282776 2.6660001277923584
0.33000004291534424 -0.8700000047683716 2.7079999446868896
-0.6840000152587891 -0.06599998474121094 1.3819999694824219
-1.4220000505447388 -0.9959999918937683 2.8519999980926514
0.3240000009536743 -0.8939999938011169 2.618000030517578
-0.6959999799728394 0.6119999885559082 1.7000000476837158
0.0 -0.07200002670288086 1.555999994277954
0.4919999837875366 -0.34200000762939453 2.9000000953674316
-1.4040000438690186 -1.0379999876022339 2.7799999713897705
0.49800002574920654 -0.3240000009536743 2.888000011444092
-1.4459999799728394 -0.972000002861023 2.8519999980926514
0.34200000762939453 -0.8700000047683716 2.4739999771118164
-1.3980000019073486 -1.0499999523162842 2.75600004196167
-1.440000057220459 -1.0260000228881836 2.677999973297119
0.3240000009536743 -0.8939999938011169 2.630000114440918
-1.3980000019073486 -0.9480000138282776 3.002000093460083
-0.7020000219345093 0.6119999885559082 1.7000000476837158
0.2760000228881836 -0.9480000138282776 2.677999973297119
-1.3799999952316284 -1.0019999742507935 2.936000108718872
-1.277999997138977 -1.0740000009536743 2.9660000801086426
-1.1820000410079956 -1.1759999990463257 2.870000123977661
-1.3559999465942383 -0.9900000095367432 3.002000093460083
0.18000006675720215 -1.0499999523162842 2.677999973297119
0.4919999837875366 -0.3960000276565552 2.875999927520752
0.1260000467300415 -1.0980000495910645 2.677999973297119
-0.5220000147819519 0.6119999885559082 1.7000000476837158
0.48600006103515625 -0.4739999771118164 2.8399999141693115
-1.2719999551773071 -1.0740000009536743 2.9779999256134033
-1.1699999570846558 -1.1820000410079956 2.875999927520752
-0.5999999642372131 0.6180000305175781 1.7000000476837158
-1.4819999933242798 -0.9240000247955322 2.875999927520752
0.4919999837875366 -0.41999995708465576 2.864000082015991
-1.4160000085830688 -0.9959999918937683 2.875999927520752
-0.6840000152587891 0.5699999332427979 1.6579999923706055
-0.41999995708465576 -0.023999929428100586 1.4000000953674316
0.3960000276565552 -0.7919999957084656 2.503999948501587
-0.09599995613098145 -0.054000020027160645 1.5019999742507935
-1.3320000171661377 -1.0499999523162842 2.930000066757202
-1.3980000019073486 -1.0320000648498535 2.828000068664551
-1.3919999599456787 -1.0199999809265137 2.875999927520752
0.156000018119812 -1.0740000009536743 2.677999973297119
-0.1499999761581421 -0.0419999361038208 1.4779999256134033
-1.4279999732971191 -1.0320000648498535 2.7260000705718994
0.37800002098083496 -0.8219999670982361 2.492000102996826
-0.04799997806549072 -0.059999942779541016 1.5260000228881836
0.3240000009536743 -0.8999999761581421 2.4800000190734863
-1.409999966621399 -0.9240000247955322 3.0260000228881836
0.36000001430511475 -0.7559999823570251 2.888000011444092
-1.3980000019073486 -0.9660000205039978 2.9779999256134033
-1.4279999732971191 -1.0080000162124634 2.815999984741211
-1.2300000190734863 -1.121999979019165 2.941999912261963
0.48600006103515625 -0.437999963760376 2.875999927520752
-1.194000005722046 -1.1699999570846558 2.875999927520752
-1.3680000305175781 -1.0499999523162842 2.8580000400543213
0.04200005531311035 -0.06599998474121094 1.5800000429153442
0.3179999589920044 -0.9120000004768372 2.5280001163482666
-0.49800002574920654 0.6119999885559082 1.7000000476837158
0.12000000476837158 -1.1039999723434448 2.690000057220459
0.3179999589920044 -0.8999999761581421 2.677999973297119
0.4739999771118164 -0.5460000038146973 2.815999984741211
0.26999998092651367 -0.06599998474121094 1.784000039100647
0.48000001907348633 -0.5220000147819519 2.822000026702881
-1.4160000085830688 -1.0499999523162842 2.7019999027252197
-1.4639999866485596 -0.9480000138282776 2.875999927520752
-1.2239999771118164 -1.121999979019165 2.9539999961853027
-1.4040000438690186 -0.9839999675750732 2.936000108718872
-1.343999981880188 -1.0740000009536743 2.8519999980926514
-1.3919999599456787 -1.0679999589920044 2.7260000705718994
-1.3079999685287476 -1.0499999523162842 2.9779999256134033
0.21599996089935303 -1.0199999809265137 2.677999973297119
0.4500000476837158 -0.6240000128746033 2.803999900817871
0.20399999618530273 -1.0320000648498535 2.677999973297119
-1.3140000104904175 -1.0679999589920044 2.930000066757202
-1.2000000476837158 -1.1640000343322754 2.888000011444092
0.4500000476837158 -0.6959999799728394 2.5280001163482666
0.4500000476837158 -0.6959999799728394 2.5220000743865967
0.4919999837875366 -0.1799999475479126 2.941999912261963
-1.284000039100647 -1.0260000228881836 3.055999994277954
-1.409999966621399 -1.0199999809265137 2.8399999141693115
0.4919999837875366 -0.17400002479553223 2.941999912261963
0.49800002574920654 -0.3960000276565552 2.870000123977661
-0.6240000128746033 -0.054000020027160645 1.375999927520752
0.12000000476837158 -1.1039999723434448 2.7019999027252197
0.48000001907348633 -0.5220000147819519 2.828000068664551
-0.6420000195503235 -0.054000020027160645 1.375999927520752
0.1260000467300415 -1.1039999723434448 2.671999931335449
0.5039999485015869 -0.34800004959106445 2.875999927520752
0.24600005149841309 -0.9959999918937683 2.630000114440918
-1.3919999599456787 -1.0740000009536743 2.7019999027252197
-0.671999990940094 -0.059999942779541016 1.375999927520752
0.3240000009536743 -0.906000018119812 2.5940001010894775
0.011999964714050293 -0.07799994945526123 1.555999994277954
-0.593999981880188 -0.04799997806549072 1.375999927520752
-1.4520000219345093 -1.0199999809265137 2.690000057220459
0.4020000696182251 -0.7260000109672546 2.815999984741211
-0.3960000276565552 -0.023999929428100586 1.4000000953674316
0.3960000276565552 -0.7319999933242798 2.828000068664551
0.22200000286102295 -1.0199999809265137 2.6540000438690186
-1.2960000038146973 -1.0499999523162842 3.002000093460083
-1.2480000257492065 -1.0980000495910645 2.9779999256134033
-1.4459999799728394 -0.972000002861023 2.875999927520752
0.48000001907348633 -0.156000018119812 2.9779999256134033
0.48600006103515625 -0.38999998569488525 2.9179999828338623
0.30000007152557373 -0.9240000247955322 2.7019999027252197
-1.4040000438690186 -0.9660000205039978 2.9779999256134033
-0.4679999351501465 0.6119999885559082 1.7000000476837158
-0.26999998092651367 -0.029999971389770508 1.4300000667572021
-1.409999966621399 -1.0499999523162842 2.75
0.4020000696182251 -0.7919999957084656 2.503999948501587
-0.1979999542236328 -0.03600001335144043 1.4539999961853027
-1.2120000123977661 -1.1340000629425049 2.9539999961853027
0.33000004291534424 -0.8880000114440918 2.690000057220459
-1.3980000019073486 -0.9240000247955322 3.055999994277954
-1.4040000438690186 -1.055999994277954 2.75
0.33000004291534424 -0.8999999761581421 2.4800000190734863
-0.07200002670288086 -0.054000020027160645 1.5080000162124634
0.4259999990463257 -0.75 2.503999948501587
-1.253999948501587 -1.0740000009536743 3.0199999809265137
-1.3919999599456787 -0.9660000205039978 3.002000093460083
0.2820000648498535 -0.9480000138282776 2.7019999027252197
0.13199996948242188 -1.0980000495910645 2.7019999027252197
-0.7139999866485596 -0.059999942779541016 1.375999927520752
-1.3140000104904175 -1.062000036239624 2.9539999961853027
-0.5519999861717224 -0.0419999361038208 1.375999927520752
0.4500000476837158 -0.6480000019073486 2.7799999713897705
-0.7260000109672546 -0.06599998474121094 1.375999927520752
0.48000001907348633 -0.5339999794960022 2.828000068664551
-1.2599999904632568 -1.0920000076293945 2.9779999256134033
0.5039999485015869 -0.37199997901916504 2.875999927520752
0.25199997425079346 -0.9959999918937683 2.611999988555908
-1.4579999446868896 -0.972000002861023 2.8519999980926514
-1.4040000438690186 -0.972000002861023 2.9720001220703125
-0.5460000038146973 -0.0419999361038208 1.375999927520752
0.40799999237060547 -0.7139999866485596 2.828000068664551
-0.24599993228912354 -0.029999971389770508 1.4359999895095825
-1.3980000019073486 -1.062000036239624 2.75600004196167
0.4919999837875366 -0.22200000286102295 2.9539999961853027
0.26999998092651367 -0.972000002861023 2.6540000438690186
-1.3020000457763672 -1.0320000648498535 3.0320000648498535
-1.2360000610351562 -1.0980000495910645 3.002000093460083
0.36000001430511475 -0.7619999647140503 2.9000000953674316
0.16200006008148193 -1.0740000009536743 2.7019999027252197
0.3539999723434448 -0.8700000047683716 2.4800000190734863
0.18000006675720215 -1.062000036239624 2.677999973297119
0.13199996948242188 -1.1039999723434448 2.677999973297119
-1.3739999532699585 -0.972000002861023 3.0260000228881836
0.3179999589920044 -0.8999999761581421 2.7260000705718994
-1.3980000019073486 -0.9480000138282776 3.0260000228881836
-1.2660000324249268 -1.0980000495910645 2.9600000381469727
0.48000001907348633 -0.6299999952316284 2.450000047683716
0.3539999723434448 -0.8700000047683716 2.4739999771118164
-1.4459999799728394 -0.9959999918937683 2.828000068664551
-1.343999981880188 -1.0859999656677246 2.8399999141693115
-1.3919999599456787 -0.9959999918937683 2.9539999961853027
0.5160000324249268 -0.3359999656677246 2.8580000400543213
0.22800004482269287 -1.0199999809265137 2.6540000438690186
0.4320000410079956 -0.7020000219345093 2.76200008392334
0.3840000629425049 -0.7440000176429749 2.864000082015991
0.4020000696182251 -0.7979999780654907 2.492000102996826
-1.4040000438690186 -1.062000036239624 2.74399995803833
-1.4520000219345093 -0.972000002861023 2.875999927520752
-1.3739999532699585 -1.0080000162124634 2.9660000801086426
0.46800005435943604 -0.5999999642372131 2.7980000972747803
-1.4700000286102295 -0.9419999718666077 2.9000000953674316
0.19800007343292236 -1.0499999523162842 2.6600000858306885
0.4259999990463257 -0.7080000042915344 2.7799999713897705
-1.2300000190734863 -1.1399999856948853 2.9240000247955322
0.2760000228881836 -0.07200002670288086 1.777999997138977
0.3179999589920044 -0.9240000247955322 2.503999948501587
0.37800002098083496 -0.75 2.875999927520752
0.4739999771118164 -0.6599999666213989 2.552000045776367
-1.4160000085830688 -1.0199999809265137 2.8519999980926514
-0.5339999794960022 -0.023999929428100586 1.375999927520752
-1.3739999532699585 -1.0499999523162842 2.875999927520752
-1.4040000438690186 -0.9599999785423279 3.002000093460083
0.5039999485015869 -0.3960000276565552 2.875999927520752
0.17400002479553223 -1.0740000009536743 2.6600000858306885
0.48600006103515625 -0.38999998569488525 2.936000108718872
0.4440000057220459 -0.6840000152587891 2.75600004196167
-0.5220000147819519 -0.023999929428100586 1.375999927520752
0.48000001907348633 -0.6480000019073486 2.5280001163482666
0.4020000696182251 -0.7319999933242798 2.8340001106262207
0.18599998950958252 -1.055999994277954 2.7079999446868896
-1.194000005722046 -1.1820000410079956 2.875999927520752
-0.3659999370574951 -0.018000006675720215 1.4000000953674316
-1.2960000038146973 -1.055999994277954 3.008000135421753
-0.6899999976158142 0.5999999046325684 1.6699999570846558
0.3240000009536743 -0.9179999828338623 2.6059999465942383
0.4020000696182251 -0.8040000200271606 2.503999948501587
0.312000036239624 -0.9240000247955322 2.677999973297119
0.48600006103515625 -0.5460000038146973 2.809999942779541
0.2760000228881836 -0.972000002861023 2.6540000438690186
-1.4819999933242798 -0.9480000138282776 2.864000082015991
0.3179999589920044 -0.9240000247955322 2.630000114440918
0.2820000648498535 -0.09599995613098145 1.777999997138977
0.5039999485015869 -0.312000036239624 2.9179999828338623
-0.07200002670288086 -0.04799997806549072 1.5019999742507935
0.48000001907348633 -0.5699999928474426 2.803999900817871
0.48600006103515625 -0.19200003147125244 2.9839999675750732
-1.4040000438690186 -0.9480000138282776 3.0260000228881836
-1.2360000610351562 -1.1039999723434448 3.002000093460083
-1.3619999885559082 -1.0139999389648438 2.9839999675750732
0.30000007152557373 -0.12000000476837158 1.7960000038146973
0.1499999761581421 -1.0980000495910645 2.6540000438690186
0.13199996948242188 -1.1039999723434448 2.7139999866485596
-1.409999966621399 -1.0199999809265137 2.875999927520752
-1.4520000219345093 -0.9959999918937683 2.828000068664551
-1.253999948501587 -1.1039999723434448 2.9779999256134033
-0.5999999642372131 0.624000072479248 1.687999963760376
-0.023999929428100586 -0.059999942779541016 1.5260000228881836
-0.12000000476837158 -0.0419999361038208 1.4779999256134033
0.22800004482269287 -1.0260000228881836 2.6540000438690186
0.5039999485015869 -0.4440000057220459 2.8519999980926514
0.20399999618530273 -1.0499999523162842 2.6540000438690186
-1.2239999771118164 -1.1460000276565552 2.930000066757202
-1.194000005722046 -1.1759999990463257 2.9000000953674316
0.49800002574920654 -0.24000000953674316 2.9539999961853027
-1.2960000038146973 -1.0740000009536743 2.9779999256134033
-1.3680000305175781 -1.0499999523162842 2.9000000953674316
-1.4759999513626099 -0.9599999785423279 2.8580000400543213
-1.3320000171661377 -1.0679999589920044 2.930000066757202
-0.5699999928474426 0.624000072479248 1.687999963760376
0.029999971389770508 -0.07799994945526123 1.555999994277954
0.3240000009536743 -0.9240000247955322 2.558000087738037
0.3179999589920044 -0.9240000247955322 2.6540000438690186
0.48600006103515625 -0.6359999775886536 2.4800000190734863
-1.4579999446868896 -0.9480000138282776 2.930000066757202
-1.3680000305175781 -1.0379999876022339 2.930000066757202
-0.49800002574920654 -0.018000006675720215 1.375999927520752
0.156000018119812 -1.0920000076293945 2.677999973297119
-0.17400002479553223 -0.03600001335144043 1.4539999961853027
0.029999971389770508 -0.07200002670288086 1.555999994277954
-1.4459999799728394 -0.9959999918937683 2.8519999980926514
0.37800002098083496 -0.8460000157356262 2.4800000190734863
-1.3680000305175781 -1.0740000009536743 2.8399999141693115
0.4200000762939453 -0.7199999690055847 2.803999900817871
0.5099999904632568 -0.3960000276565552 2.870000123977661
0.5099999904632568 -0.3359999656677246 2.9000000953674316
-0.5460000038146973 0.624000072479248 1.687999963760376
0.5039999485015869 -0.41999995708465576 2.875999927520752
-0.22200000286102295 -0.029999971389770508 1.4359999895095825
-1.2480000257492065 -1.121999979019165 2.9539999961853027
0.4320000410079956 -0.6899999976158142 2.815999984741211
0.437999963760376 -0.6959999799728394 2.7799999713897705
-1.350000023841858 -1.0440000295639038 2.9539999961853027
0.3240000009536743 -0.9240000247955322 2.4860000610351562
0.4620000123977661 -0.6480000019073486 2.7680001258850098
-0.6899999976158142 0.6119999885559082 1.6759999990463257
-1.3140000104904175 -1.0499999523162842 3.002000093460083
0.2940000295639038 -0.12000000476837158 1.784000039100647
0.46800005435943604 -0.6240000128746033 2.7860000133514404
-0.4559999704360962 0.6119999885559082 1.687999963760376
-0.34800004959106445 -0.018000006675720215 1.4000000953674316
-0.6480000019073486 -0.054000020027160645 1.3640000820159912
0.2879999876022339 -0.9599999785423279 2.677999973297119
0.24000000953674316 -1.0199999809265137 2.630000114440918
0.48000001907348633 -0.6599999666213989 2.552000045776367
0.34200000762939453 -0.8999999761581421 2.4739999771118164
0.4500000476837158 -0.671999990940094 2.7799999713897705
0.30000007152557373 -0.9419999718666077 2.7019999027252197
-1.2300000190734863 -1.1460000276565552 2.930000066757202
0.156000018119812 -1.0980000495910645 2.6540000438690186
0.3179999589920044 -0.9359999895095825 2.552000045776367
0.4500000476837158 -0.6840000152587891 2.75600004196167
0.5039999485015869 -0.17400002479553223 2.947999954223633
-0.5220000147819519 0.624000072479248 1.687999963760376
-1.4459999799728394 -1.0080000162124634 2.828000068664551
-1.3919999599456787 -1.0080000162124634 2.9539999961853027
0.2640000581741333 -0.9959999918937683 2.630000114440918
-1.3980000019073486 -0.9419999718666077 3.055999994277954
-0.4739999771118164 -0.018000006675720215 1.375999927520752
-0.6119999885559082 0.624000072479248 1.6820000410079956
-1.4040000438690186 -0.9839999675750732 2.9779999256134033
0.5099999904632568 -0.41999995708465576 2.864000082015991
-0.04799997806549072 -0.054000020027160645 1.5080000162124634
0.48600006103515625 -0.6480000019073486 2.503999948501587
-0.23399996757507324 -0.023999929428100586 1.4300000667572021
0.4259999990463257 -0.7739999890327454 2.503999948501587
0.26999998092651367 -0.06599998474121094 1.7599999904632568
-1.409999966621399 -1.0859999656677246 2.635999917984009
-1.4160000085830688 -0.9240000247955322 3.055999994277954
-1.4220000505447388 -1.0679999589920044 2.690000057220459
-1.2239999771118164 -1.1519999504089355 2.930000066757202
0.5220000743865967 -0.3539999723434448 2.864000082015991
0.5039999485015869 -0.4679999351501465 2.8519999980926514
0.18599998950958252 -1.0740000009536743 2.6540000438690186
0.48000001907348633 -0.6660000085830688 2.5160000324249268
-1.4459999799728394 -1.0440000295639038 2.7019999027252197
-1.4759999513626099 -0.9599999785423279 2.875999927520752
0.5039999485015869 -0.17400002479553223 2.9539999961853027
0.5039999485015869 -0.22200000286102295 2.9539999961853027
0.2940000295639038 -0.13199996948242188 1.777999997138977
-1.409999966621399 -0.9900000095367432 2.9600000381469727
-0.4320000410079956 0.624000072479248 1.7000000476837158
-1.4520000219345093 -0.9959999918937683 2.8519999980926514
-0.49800002574920654 0.624000072479248 1.687999963760376
0.24600005149841309 -1.0199999809265137 2.611999988555908
-1.3199999332427979 -1.0799999237060547 2.941999912261963
-1.2599999904632568 -1.121999979019165 2.947999954223633
0.2940000295639038 -0.9539999961853027 2.7019999027252197
-1.3980000019073486 -1.0499999523162842 2.8519999980926514
-1.4220000505447388 -1.0740000009536743 2.6660001277923584
0.5039999485015869 -0.49800002574920654 2.828000068664551
-1.4040000438690186 -1.0920000076293945 2.6540000438690186
0.4259999990463257 -0.7199999690055847 2.803999900817871
-1.4160000085830688 -1.0499999523162842 2.803999900817871
-1.3980000019073486 -1.0320000648498535 2.9000000953674316
0.5280001163482666 -0.3359999656677246 2.8580000400543213
0.5099999904632568 -0.22200000286102295 2.941999912261963
0.4320000410079956 -0.6959999799728394 2.828000068664551
-1.2179999351501465 -1.1699999570846558 2.9000000953674316
0.33000004291534424 -0.9240000247955322 2.4800000190734863
-0.41999995708465576 0.624000072479248 1.7000000476837158
0.48000001907348633 -0.671999990940094 2.5280001163482666
-1.343999981880188 -1.0980000495910645 2.8519999980926514
-1.4459999799728394 -0.9959999918937683 2.875999927520752
0.3179999589920044 -0.9419999718666077 2.503999948501587
0.5099999904632568 -0.4739999771118164 2.8340001106262207
-0.4440000057220459 -0.018000006675720215 1.375999927520752
-1.3980000019073486 -0.9959999918937683 2.9779999256134033
-1.2419999837875366 -1.1340000629425049 2.9539999961853027
-1.3980000019073486 -1.0920000076293945 2.7019999027252197
-0.3240000009536743 -0.018000006675720215 1.4000000953674316
-1.3860000371932983 -1.0980000495910645 2.7260000705718994
-0.4440000057220459 0.6180000305175781 1.687999963760376
-1.3619999885559082 -1.0920000076293945 2.828000068664551
-0.22200000286102295 -0.023999929428100586 1.4300000667572021
-1.3739999532699585 -1.0740000009536743 2.8519999980926514
-0.6420000195503235 0.624000072479248 1.6759999990463257
0.4020000696182251 -0.8219999670982361 2.4860000610351562
0.07800006866455078 -0.07200002670288086 1.5800000429153442
0.3059999942779541 -0.9480000138282776 2.677999973297119
-1.3799999952316284 -1.0379999876022339 2.930000066757202
0.48000001907348633 -0.5999999642372131 2.803999900817871
-1.3919999599456787 -1.0499999523162842 2.875999927520752
0.19200003147125244 -1.0740000009536743 2.6480000019073486
0.5280001163482666 -0.3539999723434448 2.8580000400543213
0.30000007152557373 -0.14399993419647217 1.777999997138977
-0.671999990940094 0.624000072479248 1.6759999990463257
0.49800002574920654 -0.6240000128746033 2.450000047683716
0.25199997425079346 -1.0199999809265137 2.6059999465942383
0.5099999904632568 -0.1499999761581421 2.947999954223633
0.3240000009536743 -0.9359999895095825 2.4800000190734863
0.4259999990463257 -0.7080000042915344 2.8399999141693115
-0.1979999542236328 -0.029999971389770508 1.4359999895095825
0.17400002479553223 -1.0920000076293945 2.6480000019073486
-0.04799997806549072 -0.04799997806549072 1.5019999742507935
-0.09599995613098145 -0.0419999361038208 1.4779999256134033
-0.1499999761581421 -0.03600001335144043 1.4539999961853027
-1.3980000019073486 -0.972000002861023 3.0260000228881836
-1.2899999618530273 -1.0980000495910645 2.9660000801086426
-1.4220000505447388 -1.0740000009536743 2.7019999027252197
0.4259999990463257 -0.7260000109672546 2.809999942779541
-1.3140000104904175 -1.0740000009536743 2.9779999256134033
0.4739999771118164 -0.07200002670288086 3.0260000228881836
-1.3739999532699585 -0.9959999918937683 3.0260000228881836
-1.49399995803833 -0.9480000138282776 2.875999927520752
0.5099999904632568 -0.1979999542236328 2.9539999961853027
0.3179999589920044 -0.9480000138282776 2.5280001163482666
-1.4279999732971191 -1.0260000228881836 2.8580000400543213
0.312000036239624 -0.9480000138282776 2.6540000438690186
0.4620000123977661 -0.7199999690055847 2.5280001163482666
0.22200000286102295 -1.0499999523162842 2.635999917984009
-1.2660000324249268 -1.121999979019165 2.9539999961853027
-0.3960000276565552 0.624000072479248 1.7000000476837158
0.30000007152557373 -0.9599999785423279 2.677999973297119
-1.409999966621399 -0.9419999718666077 3.055999994277954
-1.3980000019073486 -1.0980000495910645 2.696000099182129
0.5099999904632568 -0.38399994373321533 2.9119999408721924
0.5099999904632568 -0.1499999761581421 2.9539999961853027
-1.4520000219345093 -0.9959999918937683 2.875999927520752
0.0 -0.059999942779541016 1.5260000228881836
-1.4520000219345093 -1.0080000162124634 2.8459999561309814
0.48000001907348633 -0.6240000128746033 2.7799999713897705
0.3539999723434448 -0.8999999761581421 2.4800000190734863
0.48000001907348633 -0.06599998474121094 3.0139999389648438
-1.4160000085830688 -1.0499999523162842 2.828000068664551
-0.6240000128746033 0.630000114440918 1.6759999990463257
-0.41999995708465576 -0.011999964714050293 1.375999927520752
-0.5999999642372131 0.630000114440918 1.6759999990463257
0.3359999656677246 -0.9240000247955322 2.4679999351501465
0.5039999485015869 -0.5220000147819519 2.828000068664551
0.4500000476837158 -0.6959999799728394 2.7799999713897705
-0.6480000019073486 0.630000114440918 1.6759999990463257
0.48000001907348633 -0.6119999885559082 2.803999900817871
-1.4520000219345093 -1.0499999523162842 2.696000099182129
0.2760000228881836 -0.9959999918937683 2.635999917984009
-0.17400002479553223 -0.029999971389770508 1.4420000314712524
0.3059999942779541 -0.1679999828338623 1.777999997138977
0.3179999589920044 -0.9480000138282776 2.624000072479248
0.5280001163482666 -0.34800004959106445 2.875999927520752
-0.5699999928474426 0.630000114440918 1.6759999990463257
-1.440000057220459 -1.0199999809265137 2.8519999980926514
-0.671999990940094 0.630000114440918 1.6759999990463257
0.3179999589920044 -0.9480000138282776 2.630000114440918
0.5039999485015869 -0.17400002479553223 2.9779999256134033
0.054000020027160645 -0.07799994945526123 1.555999994277954
0.4919999837875366 -0.6599999666213989 2.5759999752044678
0.18000006675720215 -1.0920000076293945 2.6480000019073486
-1.3259999752044678 -1.0859999656677246 2.941999912261963
-1.409999966621399 -1.0499999523162842 2.8519999980926514
-0.2999999523162842 -0.018000006675720215 1.4000000953674316
0.4500000476837158 -0.75 2.503999948501587
-1.3199999332427979 -1.062000036239624 3.002000093460083
0.054000020027160645 -0.07200002670288086 1.555999994277954
0.5160000324249268 -0.19200003147125244 2.947999954223633
-1.3739999532699585 -1.0740000009536743 2.875999927520752
0.37800002098083496 -0.8700000047683716 2.4800000190734863
0.22800004482269287 -1.0499999523162842 2.630000114440918
-1.4040000438690186 -1.0379999876022339 2.9000000953674316
-0.6480000019073486 -0.04799997806549072 1.3519999980926514
-1.343999981880188 -1.1039999723434448 2.864000082015991
-0.6840000152587891 -0.059999942779541016 1.3519999980926514
-0.6779999732971191 0.6059999465942383 1.6519999504089355
-0.671999990940094 -0.054000020027160645 1.3519999980926514
-1.3919999599456787 -1.0740000009536743 2.8340001106262207
0.5039999485015869 -0.6240000128746033 2.450000047683716
0.4259999990463257 -0.7139999866485596 2.8519999980926514
-1.4160000085830688 -1.062000036239624 2.803999900817871
-0.6179999709129333 -0.0419999361038208 1.3519999980926514
-1.440000057220459 -1.0679999589920044 2.677999973297119
-0.5999999642372131 -0.0419999361038208 1.3519999980926514
0.46800005435943604 -0.671999990940094 2.76200008392334
0.22200000286102295 -1.055999994277954 2.6419999599456787
-0.023999929428100586 -0.054000020027160645 1.5080000162124634
-0.671999990940094 -0.04799997806549072 1.3519999980926514
-0.1979999542236328 -0.023999929428100586 1.4300000667572021
0.5280001163482666 -0.37199997901916504 2.875999927520752
-0.3960000276565552 -0.011999964714050293 1.375999927520752
-1.2179999351501465 -1.187999963760376 2.881999969482422
0.2820000648498535 -0.07200002670288086 1.7540000677108765
-1.3980000019073486 -0.9959999918937683 3.002000093460083
-0.38999998569488525 0.630000114440918 1.7000000476837158
-1.4160000085830688 -1.0920000076293945 2.677999973297119
-1.4880000352859497 -0.9539999961853027 2.9000000953674316
0.48000001907348633 -0.6959999799728394 2.5280001163482666
0.2879999876022339 -0.12000000476837158 1.7540000677108765
0.48000001907348633 -0.6959999799728394 2.5220000743865967
0.4919999837875366 -0.5999999642372131 2.7920000553131104
0.20399999618530273 -1.0740000009536743 2.6540000438690186
0.5160000324249268 -0.24599993228912354 2.9539999961853027
-0.5640000104904175 -0.03600001335144043 1.3519999980926514
0.24600005149841309 -1.0379999876022339 2.5999999046325684
-1.4520000219345093 -1.0139999389648438 2.8519999980926514
0.5039999485015869 -0.6359999775886536 2.4800000190734863
-1.3739999532699585 -1.0199999809265137 3.002000093460083
-1.3680000305175781 -1.0740000009536743 2.9000000953674316
0.4500000476837158 -0.7080000042915344 2.7799999713897705
-0.7139999866485596 -0.054000020027160645 1.3519999980926514
-1.3739999532699585 -1.121999979019165 2.7200000286102295
-1.4579999446868896 -1.0499999523162842 2.7019999027252197
-1.2960000038146973 -1.0980000495910645 2.9779999256134033
-1.343999981880188 -1.1039999723434448 2.875999927520752
-0.5460000038146973 -0.03600001335144043 1.3519999980926514
-1.440000057220459 -1.0740000009536743 2.6660001277923584
0.48000001907348633 -0.6420000195503235 2.7799999713897705
-0.5460000038146973 0.6359999179840088 1.6759999990463257
-1.3799999952316284 -1.0379999876022339 2.9600000381469727
-0.7260000109672546 -0.054000020027160645 1.3519999980926514
-1.3980000019073486 -0.9660000205039978 3.055999994277954
0.2820000648498535 -0.9959999918937683 2.6540000438690186
0.18000006675720215 -1.0980000495910645 2.6540000438690186
0.2879999876022339 -0.09599995613098145 1.7540000677108765
-1.4220000505447388 -0.9240000247955322 3.0799999237060547
0.5220000743865967 -0.24599993228912354 2.941999912261963
0.3539999723434448 -0.9120000004768372 2.4800000190734863
0.4259999990463257 -0.8040000200271606 2.503999948501587
-1.4700000286102295 -0.9539999961853027 2.947999954223633
-1.253999948501587 -1.1460000276565552 2.941999912261963
-1.3739999532699585 -1.0019999742507935 3.0380001068115234
-1.3980000019073486 -1.0980000495910645 2.75
0.5099999904632568 -0.5460000038146973 2.803999900817871
-1.3919999599456787 -1.0740000009536743 2.8519999980926514
-0.6599999666213989 0.5580000877380371 1.6039999723434448
0.3240000009536743 -0.9539999961853027 2.503999948501587
0.2940000295639038 -0.156000018119812 1.7540000677108765
-1.2239999771118164 -1.1820000410079956 2.9000000953674316
0.3359999656677246 -0.9359999895095825 2.4679999351501465
-1.3980000019073486 -1.0139999389648438 2.9779999256134033
-1.343999981880188 -1.0740000009536743 2.9539999961853027
-0.6779999732971191 0.5999999046325684 1.6399999856948853
-1.4160000085830688 -1.0440000295639038 2.875999927520752
0.5280001163482666 -0.3960000276565552 2.875999927520752
0.5039999485015869 -0.6480000019073486 2.5339999198913574
-0.5220000147819519 0.6359999179840088 1.6759999990463257
-1.4160000085830688 -1.0740000009536743 2.7860000133514404
0.2940000295639038 -0.14399993419647217 1.7540000677108765
-0.5399999618530273 -0.023999929428100586 1.3519999980926514
0.4500000476837158 -0.6899999976158142 2.828000068664551
-1.4040000438690186 -0.9959999918937683 3.002000093460083
0.5099999904632568 -0.1380000114440918 2.9779999256134033
0.5039999485015869 -0.6480000019073486 2.509999990463257
-0.07200002670288086 -0.0419999361038208 1.4779999256134033
-0.4140000343322754 0.624000072479248 1.6820000410079956
0.5039999485015869 -0.5699999928474426 2.803999900817871
0.33000004291534424 -0.9419999718666077 2.6540000438690186
0.4020000696182251 -0.8460000157356262 2.4860000610351562
-0.37199997901916504 -0.011999964714050293 1.375999927520752
-1.3680000305175781 -1.128000020980835 2.73799991607666
-1.3799999952316284 -1.055999994277954 2.930000066757202
-1.434000015258789 -1.0859999656677246 2.6480000019073486
-1.2360000610351562 -1.1699999570846558 2.9179999828338623
-0.023999929428100586 -0.04799997806549072 1.5019999742507935
0.4320000410079956 -0.7979999780654907 2.492000102996826
-1.5 -0.9480000138282776 2.9000000953674316
0.5220000743865967 -0.49800002574920654 2.822000026702881
0.24600005149841309 -1.0440000295639038 2.6059999465942383
-0.6899999976158142 -0.054000020027160645 1.3459999561309814
-0.1499999761581421 -0.029999971389770508 1.4420000314712524
-1.4579999446868896 -1.055999994277954 2.7019999027252197
0.4739999771118164 -0.7199999690055847 2.509999990463257
-1.3919999599456787 -0.9959999918937683 3.0260000228881836
-1.4040000438690186 -1.0920000076293945 2.7680001258850098
-1.4279999732971191 -1.0799999237060547 2.7260000705718994
-0.49800002574920654 0.6359999179840088 1.6759999990463257
0.5039999485015869 -0.6539999842643738 2.5339999198913574
0.36600005626678467 -0.8999999761581421 2.4679999351501465
-1.440000057220459 -1.0740000009536743 2.7019999027252197
0.5280001163482666 -0.4440000057220459 2.8519999980926514
0.5339999198913574 -0.24599993228912354 2.9179999828338623
-0.671999990940094 0.6180000305175781 1.6519999504089355
0.3240000009536743 -0.9599999785423279 2.558000087738037
0.5099999904632568 -0.6299999952316284 2.450000047683716
-1.3980000019073486 -1.1100000143051147 2.7139999866485596
-1.4160000085830688 -1.0920000076293945 2.7260000705718994
-0.12000000476837158 -0.029999971389770508 1.4539999961853027
0.5280001163482666 -0.4140000343322754 2.875999927520752
0.3240000009536743 -0.9599999785423279 2.5759999752044678
0.10199999809265137 -0.06599998474121094 1.5800000429153442
0.5280001163482666 -0.4739999771118164 2.828000068664551
-1.3199999332427979 -1.0980000495910645 2.9539999961853027
-0.5220000147819519 -0.011999964714050293 1.3519999980926514
-1.350000023841858 -1.0740000009536743 2.9539999961853027
-1.4459999799728394 -1.0199999809265137 2.875999927520752
-1.3140000104904175 -1.0799999237060547 3.002000093460083
0.30000007152557373 -0.17400002479553223 1.7540000677108765
-1.2660000324249268 -1.1159999370574951 3.002000093460083
-1.4579999446868896 -1.0080000162124634 2.875999927520752
-1.409999966621399 -1.0019999742507935 2.990000009536743
-0.6779999732971191 0.6059999465942383 1.6399999856948853
-0.7199999690055847 -0.054000020027160645 1.3459999561309814
0.26999998092651367 -1.0199999809265137 2.630000114440918
0.5280001163482666 -0.16199994087219238 2.941999912261963
-0.3960000276565552 0.624000072479248 1.6820000410079956
0.2760000228881836 -1.0139999389648438 2.630000114440918
-1.4040000438690186 -1.0019999742507935 3.002000093460083
-0.37199997901916504 0.624000072479248 1.687999963760376
-0.17400002479553223 -0.023999929428100586 1.4300000667572021
-0.671999990940094 0.5940001010894775 1.628000020980835
0.5160000324249268 -0.1799999475479126 2.9779999256134033
-0.4739999771118164 0.6359999179840088 1.6759999990463257
-1.4520000219345093 -1.0679999589920044 2.690000057220459
0.5039999485015869 -0.6599999666213989 2.5759999752044678
-1.4279999732971191 -1.0679999589920044 2.7920000553131104
0.5280001163482666 -0.4559999704360962 2.8519999980926514
-1.3739999532699585 -1.0440000295639038 2.9779999256134033
0.4500000476837158 -0.7739999890327454 2.503999948501587
-1.3919999599456787 -1.1159999370574951 2.7260000705718994
0.5220000743865967 -0.5220000147819519 2.809999942779541
-1.3739999532699585 -1.0980000495910645 2.8519999980926514
0.5280001163482666 -0.22200000286102295 2.947999954223633
-1.3680000305175781 -1.0379999876022339 3.002000093460083
-1.4220000505447388 -0.9359999895095825 3.0799999237060547
-1.3860000371932983 -1.0080000162124634 3.0260000228881836
-1.3259999752044678 -1.0740000009536743 3.002000093460083
-1.434000015258789 -1.0920000076293945 2.6540000438690186
0.437999963760376 -0.7979999780654907 2.503999948501587
-0.6599999666213989 0.5759999752044678 1.6100000143051147
0.3240000009536743 -0.9660000205039978 2.5399999618530273
0.5039999485015869 -0.5879999995231628 2.803999900817871
0.4259999990463257 -0.7260000109672546 2.875999927520752
0.2879999876022339 -0.09599995613098145 1.7419999837875366
0.4620000123977661 -0.6899999976158142 2.809999942779541
0.48000001907348633 -0.7199999690055847 2.5280001163482666
0.49800002574920654 -0.6240000128746033 2.7739999294281006
0.3539999723434448 -0.9240000247955322 2.4619998931884766
0.029999971389770508 -0.059999942779541016 1.5260000228881836
0.48000001907348633 -0.7199999690055847 2.509999990463257
0.5280001163482666 -0.37800002098083496 2.9119999408721924
0.2940000295639038 -0.156000018119812 1.7419999837875366
-0.4859999418258667 -0.006000041961669922 1.3519999980926514
0.0 -0.054000020027160645 1.5080000162124634
0.5280001163482666 -0.22200000286102295 2.9539999961853027
0.5280001163482666 -0.17400002479553223 2.9539999961853027
0.07800006866455078 -0.07200002670288086 1.555999994277954
-1.4220000505447388 -1.0980000495910645 2.7019999027252197
0.3059999942779541 -0.1979999542236328 1.7540000677108765
-1.3140000104904175 -1.0980000495910645 2.9779999256134033
0.33000004291534424 -0.9599999785423279 2.503999948501587
0.5399999618530273 -0.3960000276565552 2.864000082015991
-1.2419999837875366 -1.1699999570846558 2.930000066757202
-0.12000000476837158 -0.029999971389770508 1.4479999542236328
-0.25199997425079346 -0.011999964714050293 1.4000000953674316
0.5280001163482666 -0.24599993228912354 2.9539999961853027
-1.4040000438690186 -1.0980000495910645 2.7799999713897705
0.5280001163482666 -0.25199997425079346 2.9539999961853027
-0.4440000057220459 0.6359999179840088 1.6759999990463257
0.5280001163482666 -0.49800002574920654 2.828000068664551
0.4259999990463257 -0.8219999670982361 2.4860000610351562
-0.4739999771118164 -0.006000041961669922 1.3519999980926514
0.5039999485015869 -0.671999990940094 2.552000045776367
0.5399999618530273 -0.41999995708465576 2.8519999980926514
0.5099999904632568 -0.1380000114440918 3.002000093460083
0.2940000295639038 -0.12000000476837158 1.7419999837875366
0.5160000324249268 -0.6299999952316284 2.437999963760376
-1.3980000019073486 -1.0740000009536743 2.875999927520752
-1.3799999952316284 -1.128000020980835 2.74399995803833
-1.2960000038146973 -1.121999979019165 2.9600000381469727
0.48000001907348633 -0.671999990940094 2.7799999713897705
0.3179999589920044 -0.22200000286102295 1.7660000324249268
-1.3860000371932983 -1.121999979019165 2.75
-0.3359999656677246 -0.006000041961669922 1.375999927520752
0.5520000457763672 -0.3359999656677246 2.8580000400543213
0.20399999618530273 -1.0920000076293945 2.6480000019073486
-1.3559999465942383 -1.128000020980835 2.822000026702881
-1.434000015258789 -1.0920000076293945 2.690000057220459
-0.24599993228912354 -0.011999964714050293 1.4000000953674316
-1.3739999532699585 -1.0740000009536743 2.930000066757202
0.25199997425079346 -1.0499999523162842 2.6059999465942383
0.33000004291534424 -0.9599999785423279 2.630000114440918
0.5280001163482666 -0.5040000081062317 2.828000068664551
-0.6660000085830688 0.630000114440918 1.6519999504089355
-0.34200000762939453 0.6359999179840088 1.7000000476837158
0.3539999723434448 -0.9300000071525574 2.4619998931884766
-0.5460000038146973 -0.029999971389770508 1.340000033378601
0.5160000324249268 -0.5699999928474426 2.7980000972747803
-1.3680000305175781 -1.0799999237060547 2.930000066757202
0.5280001163482666 -0.5220000147819519 2.809999942779541
-1.3020000457763672 -1.121999979019165 2.9539999961853027
0.33000004291534424 -0.9660000205039978 2.5280001163482666
-1.3619999885559082 -1.0980000495910645 2.9000000953674316
-1.2960000038146973 -1.1159999370574951 2.9779999256134033
0.37800002098083496 -0.8999999761581421 2.4800000190734863
-1.4759999513626099 -0.9539999961853027 2.9720001220703125
-1.434000015258789 -1.0679999589920044 2.803999900817871
-1.343999981880188 -1.128000020980835 2.8580000400543213
0.49800002574920654 -0.6480000019073486 2.75
-0.04799997806549072 -0.0419999361038208 1.4779999256134033
-1.4459999799728394 -1.0320000648498535 2.875999927520752
-1.3739999532699585 -1.0980000495910645 2.875999927520752
0.2940000295639038 -0.14399993419647217 1.7360000610351562
0.37800002098083496 -0.8999999761581421 2.4679999351501465
-1.4160000085830688 -1.1100000143051147 2.696000099182129
-0.41999995708465576 0.6359999179840088 1.6759999990463257
-1.3739999532699585 -1.1340000629425049 2.75600004196167
-1.3919999599456787 -1.0740000009536743 2.9000000953674316
-1.3980000019073486 -1.0199999809265137 3.002000093460083
-0.671999990940094 0.6059999465942383 1.628000020980835
-1.3559999465942383 -1.121999979019165 2.8519999980926514
-0.3240000009536743 -0.006000041961669922 1.375999927520752
-1.4279999732971191 -0.9359999895095825 3.0859999656677246
-0.4440000057220459 -0.006000041961669922 1.3519999980926514
-1.2719999551773071 -1.1460000276565552 2.9539999961853027
0.4739999771118164 -0.7020000219345093 2.76200008392334
-0.09599995613098145 -0.029999971389770508 1.4539999961853027
-1.4220000505447388 -1.0740000009536743 2.828000068664551
-1.3860000371932983 -1.0980000495910645 2.8519999980926514
0.3240000009536743 -0.972000002861023 2.630000114440918
0.5339999198913574 -0.1979999542236328 2.9539999961853027
0.5520000457763672 -0.3240000009536743 2.875999927520752
0.0 -0.04799997806549072 1.5019999742507935
-0.38999998569488525 0.630000114440918 1.6759999990463257
-0.37199997901916504 -0.006000041961669922 1.3640000820159912
