ply
format ascii 1.0
element vertex 8000
property float x
property float y
property float z
end_header
1.1040000915527344 0.006000041961669922 1.2200000286102295
1.0980000495910645 0.006000041961669922 1.2260000705718994
1.0799999237060547 0.006000041961669922 1.2020000219345093
1.0740001201629639 0.011999964714050293 1.2020000219345093
1.1040000915527344 0.024000048637390137 1.1779999732971191
1.068000078201294 0.029999971389770508 1.2020000219345093
1.0740001201629639 0.029999971389770508 1.25
1.0799999237060547 0.018000006675720215 1.1779999732971191
1.0740001201629639 0.024000048637390137 1.1779999732971191
1.0740001201629639 0.029999971389770508 1.1779999732971191
1.0740001201629639 0.024000048637390137 1.1719999313354492
1.055999994277954 0.04200005531311035 1.2260000705718994
1.0799999237060547 0.024000048637390137 1.1660000085830688
1.062000036239624 0.054000020027160645 1.2020000219345093
1.055999994277954 0.054000020027160645 1.2260000705718994
1.0499999523162842 0.04799997806549072 1.2200000286102295
1.0499999523162842 0.04799997806549072 1.2260000705718994
1.0499999523162842 0.054000020027160645 1.2200000286102295
1.1040000915527344 0.03600001335144043 1.1540000438690186
1.0499999523162842 0.054000020027160645 1.2260000705718994
1.0799999237060547 0.029999971389770508 1.1540000438690186
1.062000036239624 0.054000020027160645 1.1779999732971191
1.0740001201629639 0.03600001335144043 1.1540000438690186
1.055999994277954 0.07800006866455078 1.2020000219345093
1.068000078201294 0.054000020027160645 1.1540000438690186
1.0499999523162842 0.07800006866455078 1.2260000705718994
1.1040000915527344 0.04200005531311035 1.1359999179840088
1.062000036239624 0.07800006866455078 1.1779999732971191
1.0439999103546143 0.07200002670288086 1.25
1.0499999523162842 0.08399999141693115 1.2020000219345093
1.0799999237060547 0.04200005531311035 1.1299999952316284
1.0740001201629639 0.04799997806549072 1.1299999952316284
1.0799999237060547 0.054000020027160645 1.1299999952316284
1.0740001201629639 0.054000020027160645 1.1299999952316284
1.062000036239624 0.07800006866455078 1.1540000438690186
1.0499999523162842 0.09599995613098145 1.184000015258789
1.0499999523162842 0.10199999809265137 1.2020000219345093
1.0439999103546143 0.10199999809265137 1.2260000705718994
1.0320000648498535 0.09000003337860107 1.25
1.055999994277954 0.10199999809265137 1.1779999732971191
1.068000078201294 0.07800006866455078 1.1299999952316284
1.0320000648498535 0.10199999809265137 1.25
1.062000036239624 0.10199999809265137 1.1540000438690186
1.0740001201629639 0.060000061988830566 1.1119999885559082
1.0920000076293945 0.04799997806549072 1.100000023841858
1.0499999523162842 0.11399996280670166 1.1779999732971191
1.0859999656677246 0.054000020027160645 1.100000023841858
1.0439999103546143 0.1260000467300415 1.2020000219345093
1.055999994277954 0.1260000467300415 1.1779999732971191
1.0380001068115234 0.1260000467300415 1.2260000705718994
1.062000036239624 0.10199999809265137 1.1299999952316284
1.0499999523162842 0.1260000467300415 1.1779999732971191
1.0799999237060547 0.07800006866455078 1.100000023841858
1.0320000648498535 0.1260000467300415 1.25
1.002000093460083 0.10199999809265137 1.25
1.002000093460083 0.09599995613098145 1.2680000066757202
1.002000093460083 0.09000003337860107 1.2799999713897705
0.9900000095367432 0.09599995613098145 1.2139999866485596
1.0740001201629639 0.08399999141693115 1.100000023841858
1.0199999809265137 0.1260000467300415 1.25600004196167
1.002000093460083 0.07200002670288086 1.309999942779541
1.008000135421753 0.07800006866455078 1.315999984741211
0.9779999256134033 0.09000003337860107 1.25
0.9839999675750732 0.10199999809265137 1.2020000219345093
1.0859999656677246 0.060000061988830566 1.0759999752044678
0.9779999256134033 0.09599995613098145 1.2319999933242798
1.008000135421753 0.06599998474121094 1.3280000686645508
0.9779999256134033 0.07800006866455078 1.2799999713897705
1.055999994277954 0.1260000467300415 1.1299999952316284
1.068000078201294 0.10199999809265137 1.100000023841858
0.9779999256134033 0.10199999809265137 1.2260000705718994
0.9779999256134033 0.07200002670288086 1.2979999780654907
1.0799999237060547 0.07800006866455078 1.0759999752044678
1.0499999523162842 0.1499999761581421 1.1660000085830688
1.062000036239624 0.1499999761581421 1.1540000438690186
1.0380001068115234 0.156000018119812 1.2020000219345093
0.9779999256134033 0.07200002670288086 1.3040000200271606
1.0380001068115234 0.156000018119812 1.1779999732971191
1.0260000228881836 0.156000018119812 1.2260000705718994
0.9600000381469727 0.09000003337860107 1.25
1.008000135421753 0.054000020027160645 1.3519999980926514
1.055999994277954 0.156000018119812 1.1540000438690186
1.0740001201629639 0.09599995613098145 1.0759999752044678
1.0499999523162842 0.156000018119812 1.1540000438690186
0.9779999256134033 0.060000061988830566 1.3280000686645508
1.0799999237060547 0.10199999809265137 1.0759999752044678
1.062000036239624 0.1260000467300415 1.100000023841858
0.9779999256134033 0.12000000476837158 1.1779999732971191
0.9960000514984131 0.04799997806549072 1.3519999980926514
1.0740001201629639 0.10199999809265137 1.0759999752044678
0.9539999961853027 0.09599995613098145 1.2380000352859497
1.002000093460083 0.04799997806549072 1.3580000400543213
0.9539999961853027 0.07800006866455078 1.2799999713897705
1.0740001201629639 0.09599995613098145 1.0699999332427979
0.9539999961853027 0.10199999809265137 1.2260000705718994
0.9779999256134033 0.1260000467300415 1.1779999732971191
0.9539999961853027 0.07200002670288086 1.2979999780654907
0.9479999542236328 0.09599995613098145 1.25
1.0199999809265137 0.054000020027160645 1.375999927520752
0.9539999961853027 0.07200002670288086 1.3040000200271606
0.9539999961853027 0.11399996280670166 1.2020000219345093
1.055999994277954 0.16200006008148193 1.1299999952316284
1.008000135421753 0.04200005531311035 1.375999927520752
1.0799999237060547 0.09599995613098145 1.058000087738037
0.9600000381469727 0.12000000476837158 1.1779999732971191
1.0439999103546143 0.18000006675720215 1.1779999732971191
1.0799999237060547 0.10199999809265137 1.058000087738037
1.068000078201294 0.1260000467300415 1.0759999752044678
1.0260000228881836 0.18000006675720215 1.2020000219345093
0.9539999961853027 0.060000061988830566 1.3280000686645508
1.0499999523162842 0.1679999828338623 1.1299999952316284
0.9779999256134033 0.14400005340576172 1.1600000858306885
0.9300000667572021 0.09599995613098145 1.2380000352859497
1.0380001068115234 0.18000006675720215 1.1540000438690186
0.9300000667572021 0.07800006866455078 1.2799999713897705
0.9300000667572021 0.10199999809265137 1.2260000705718994
0.9300000667572021 0.07200002670288086 1.2920000553131104
0.9779999256134033 0.04200005531311035 1.375999927520752
1.0499999523162842 0.17400002479553223 1.1180000305175781
0.9539999961853027 0.04799997806549072 1.3519999980926514
0.9300000667572021 0.06599998474121094 1.309999942779541
1.0439999103546143 0.18000006675720215 1.1299999952316284
1.0740001201629639 0.12000000476837158 1.0520000457763672
0.9300000667572021 0.11399996280670166 1.2020000219345093
1.0199999809265137 0.03600001335144043 1.406000018119812
0.9539999961853027 0.13199996948242188 1.1540000438690186
1.0799999237060547 0.1260000467300415 1.0520000457763672
1.0740001201629639 0.1260000467300415 1.0520000457763672
1.0740001201629639 0.12000000476837158 1.0460000038146973
0.9300000667572021 0.12000000476837158 1.184000015258789
0.9300000667572021 0.060000061988830566 1.3280000686645508
1.055999994277954 0.17400002479553223 1.100000023841858
0.9900000095367432 0.029999971389770508 1.4000000953674316
0.9300000667572021 0.1260000467300415 1.1779999732971191
1.055999994277954 0.18000006675720215 1.100000023841858
1.0499999523162842 0.18000006675720215 1.100000023841858
0.9539999961853027 0.04200005531311035 1.375999927520752
0.9240000247955322 0.1260000467300415 1.1779999732971191
0.9300000667572021 0.04799997806549072 1.3519999980926514
0.9000000953674316 0.09000003337860107 1.25
0.9539999961853027 0.14400005340576172 1.1299999952316284
0.9479999542236328 0.04200005531311035 1.375999927520752
0.9000000953674316 0.09599995613098145 1.2380000352859497
0.9000000953674316 0.07800006866455078 1.2799999713897705
0.9300000667572021 0.13199996948242188 1.1540000438690186
0.9000000953674316 0.10199999809265137 1.2260000705718994
0.9000000953674316 0.07200002670288086 1.2920000553131104
1.062000036239624 0.156000018119812 1.0520000457763672
1.068000078201294 0.14400005340576172 1.0399999618530273
0.9000000953674316 0.06599998474121094 1.309999942779541
1.055999994277954 0.22800004482269287 1.1779999732971191
0.9000000953674316 0.11399996280670166 1.2020000219345093
1.055999994277954 0.18599998950958252 1.0759999752044678
0.9000000953674316 0.060000061988830566 1.3280000686645508
0.9539999961853027 0.1499999761581421 1.1059999465942383
0.9000000953674316 0.12000000476837158 1.1779999732971191
0.9300000667572021 0.14400005340576172 1.1299999952316284
1.0380001068115234 0.20399999618530273 1.100000023841858
1.055999994277954 0.23399996757507324 1.1540000438690186
0.9539999961853027 0.156000018119812 1.100000023841858
1.0439999103546143 0.23399996757507324 1.1540000438690186
0.875999927520752 0.09000003337860107 1.25
0.875999927520752 0.09599995613098145 1.2380000352859497
1.0499999523162842 0.19800007343292236 1.0759999752044678
0.875999927520752 0.07800006866455078 1.2799999713897705
0.9000000953674316 0.04799997806549072 1.3519999980926514
0.875999927520752 0.10199999809265137 1.2260000705718994
0.875999927520752 0.07200002670288086 1.2920000553131104
0.9000000953674316 0.13199996948242188 1.1540000438690186
1.0799999237060547 0.24600005149841309 1.1540000438690186
0.875999927520752 0.06599998474121094 1.3040000200271606
0.9300000667572021 0.1499999761581421 1.1119999885559082
1.0499999523162842 0.20399999618530273 1.0759999752044678
1.062000036239624 0.16200006008148193 1.027999997138977
0.875999927520752 0.11399996280670166 1.2020000219345093
1.055999994277954 0.24000000953674316 1.1359999179840088
1.062000036239624 0.19200003147125244 1.0520000457763672
0.9300000667572021 0.024000048637390137 1.406000018119812
1.0439999103546143 0.24000000953674316 1.1299999952316284
0.875999927520752 0.060000061988830566 1.3280000686645508
0.875999927520752 0.12000000476837158 1.1779999732971191
0.9000000953674316 0.03600001335144043 1.375999927520752
0.9300000667572021 0.156000018119812 1.100000023841858
0.9660000801086426 0.17400002479553223 1.0759999752044678
0.9000000953674316 0.14400005340576172 1.1299999952316284
1.0740001201629639 0.25199997425079346 1.1299999952316284
0.875999927520752 0.04799997806549072 1.3459999561309814
1.055999994277954 0.20399999618530273 1.0520000457763672
1.068000078201294 0.19800007343292236 1.0399999618530273
1.0799999237060547 0.2580000162124634 1.1359999179840088
0.875999927520752 0.04799997806549072 1.3519999980926514
0.9419999122619629 0.16200006008148193 1.0759999752044678
0.8519999980926514 0.09000003337860107 1.25
1.055999994277954 0.24600005149841309 1.1119999885559082
0.8519999980926514 0.09599995613098145 1.2380000352859497
0.875999927520752 0.13199996948242188 1.1540000438690186
0.8519999980926514 0.07800006866455078 1.2799999713897705
1.0499999523162842 0.21000003814697266 1.0520000457763672
0.8519999980926514 0.10199999809265137 1.2260000705718994
0.8519999980926514 0.07200002670288086 1.2920000553131104
1.0380001068115234 0.24600005149841309 1.1119999885559082
0.9000000953674316 0.1499999761581421 1.1119999885559082
0.8519999980926514 0.06599998474121094 1.3040000200271606
0.9000000953674316 0.024000048637390137 1.4000000953674316
0.9300000667572021 0.024000048637390137 1.4300000667572021
0.8580000400543213 0.060000061988830566 1.3280000686645508
0.8519999980926514 0.11399996280670166 1.2020000219345093
1.062000036239624 0.25199997425079346 1.100000023841858
0.875999927520752 0.03600001335144043 1.375999927520752
1.062000036239624 0.20399999618530273 1.027999997138977
0.8519999980926514 0.12000000476837158 1.1779999732971191
0.9000000953674316 0.156000018119812 1.100000023841858
0.9539999961853027 0.17400002479553223 1.0520000457763672
0.875999927520752 0.14400005340576172 1.1299999952316284
1.0380001068115234 0.25199997425079346 1.100000023841858
0.8519999980926514 0.04799997806549072 1.3459999561309814
1.0380001068115234 0.22800004482269287 1.0520000457763672
1.0499999523162842 0.22200000286102295 1.0399999618530273
0.8519999980926514 0.04799997806549072 1.3519999980926514
0.8519999980926514 0.13199996948242188 1.1540000438690186
0.9119999408721924 0.024000048637390137 1.4359999895095825
0.8280000686645508 0.09000003337860107 1.25
0.875999927520752 0.1499999761581421 1.1119999885559082
0.8280000686645508 0.09599995613098145 1.2380000352859497
0.875999927520752 0.024000048637390137 1.4000000953674316
0.8280000686645508 0.07800006866455078 1.2799999713897705
0.9479999542236328 0.17400002479553223 1.0399999618530273
0.9539999961853027 0.17400002479553223 1.0339999198913574
0.8280000686645508 0.10199999809265137 1.2260000705718994
0.8280000686645508 0.07200002670288086 1.2920000553131104
1.055999994277954 0.2580000162124634 1.0759999752044678
0.9300000667572021 0.17400002479553223 1.0520000457763672
0.8280000686645508 0.06599998474121094 1.3040000200271606
0.8340001106262207 0.054000020027160645 1.3280000686645508
0.8280000686645508 0.11399996280670166 1.2020000219345093
1.055999994277954 0.22800004482269287 1.027999997138977
0.9000000953674316 0.1679999828338623 1.0759999752044678
0.8519999980926514 0.03600001335144043 1.375999927520752
0.875999927520752 0.156000018119812 1.100000023841858
1.0499999523162842 0.22800004482269287 1.027999997138977
0.9539999961853027 0.18000006675720215 1.027999997138977
1.062000036239624 0.21599996089935303 1.0099999904632568
0.8519999980926514 0.14400005340576172 1.1299999952316284
0.8880000114440918 0.018000006675720215 1.4300000667572021
0.8280000686645508 0.12000000476837158 1.1779999732971191
0.9479999542236328 0.18000006675720215 1.027999997138977
1.0380001068115234 0.2640000581741333 1.0759999752044678
0.8280000686645508 0.04799997806549072 1.3459999561309814
0.8280000686645508 0.04799997806549072 1.3519999980926514
0.8519999980926514 0.1499999761581421 1.1119999885559082
0.8519999980926514 0.024000048637390137 1.4000000953674316
0.8280000686645508 0.13199996948242188 1.1540000438690186
1.062000036239624 0.22800004482269287 1.003999948501587
0.8039999008178711 0.09000003337860107 1.25
0.9000000953674316 0.17400002479553223 1.0520000457763672
0.8039999008178711 0.09599995613098145 1.2319999933242798
0.8039999008178711 0.07800006866455078 1.2799999713897705
1.0320000648498535 0.2760000228881836 1.0759999752044678
0.875999927520752 0.1679999828338623 1.0759999752044678
0.9600000381469727 0.20399999618530273 1.0220000743865967
0.8039999008178711 0.10199999809265137 1.2260000705718994
0.8039999008178711 0.07200002670288086 1.2920000553131104
1.055999994277954 0.26999998092651367 1.0520000457763672
0.8519999980926514 0.156000018119812 1.100000023841858
0.8039999008178711 0.06599998474121094 1.3040000200271606
0.9539999961853027 0.19200003147125244 1.0099999904632568
0.8280000686645508 0.03600001335144043 1.375999927520752
1.0439999103546143 0.26999998092651367 1.0520000457763672
0.8039999008178711 0.11399996280670166 1.2020000219345093
0.8159999847412109 0.04799997806549072 1.3519999980926514
1.055999994277954 0.26999998092651367 1.0460000038146973
0.8280000686645508 0.14400005340576172 1.1299999952316284
0.8039999008178711 0.054000020027160645 1.3280000686645508
0.8700001239776611 0.018000006675720215 1.4420000314712524
0.8039999008178711 0.12000000476837158 1.1779999732971191
0.9419999122619629 0.18599998950958252 1.003999948501587
1.0380001068115234 0.2760000228881836 1.0520000457763672
0.8819999694824219 0.17400002479553223 1.0520000457763672
0.8039999008178711 0.04799997806549072 1.340000033378601
1.0499999523162842 0.24600005149841309 1.003999948501587
0.8280000686645508 0.1499999761581421 1.1119999885559082
0.8280000686645508 0.024000048637390137 1.4000000953674316
0.7920000553131104 0.11399996280670166 1.2020000219345093
0.8039999008178711 0.13199996948242188 1.1540000438690186
0.8519999980926514 0.1679999828338623 1.0759999752044678
0.9000000953674316 0.18599998950958252 1.027999997138977
1.055999994277954 0.24600005149841309 0.9919999837875366
1.0499999523162842 0.24600005149841309 0.9919999837875366
0.7799999713897705 0.09000003337860107 1.25
0.8280000686645508 0.156000018119812 1.100000023841858
0.7799999713897705 0.09599995613098145 1.2319999933242798
0.9539999961853027 0.21000003814697266 0.9980000257492065
0.7799999713897705 0.07200002670288086 1.2860000133514404
0.7799999713897705 0.07800006866455078 1.2799999713897705
0.7799999713897705 0.10199999809265137 1.2260000705718994
1.055999994277954 0.25199997425079346 0.9919999837875366
0.8039999008178711 0.03600001335144043 1.375999927520752
1.055999994277954 0.2820000648498535 1.027999997138977
0.7799999713897705 0.06599998474121094 1.3040000200271606
1.0439999103546143 0.2820000648498535 1.027999997138977
0.8580000400543213 0.17400002479553223 1.0520000457763672
0.8039999008178711 0.14400005340576172 1.1299999952316284
1.0499999523162842 0.25199997425079346 0.9860000014305115
0.7799999713897705 0.054000020027160645 1.3280000686645508
0.8580000400543213 0.18000006675720215 1.0520000457763672
0.7799999713897705 0.12000000476837158 1.1779999732971191
0.9360001087188721 0.19800007343292236 0.9860000014305115
0.8280000686645508 0.011999964714050293 1.4300000667572021
0.7799999713897705 0.04799997806549072 1.340000033378601
0.875999927520752 0.18599998950958252 1.027999997138977
0.8039999008178711 0.1499999761581421 1.1119999885559082
0.8039999008178711 0.024000048637390137 1.4000000953674316
0.8280000686645508 0.1679999828338623 1.0759999752044678
0.9000000953674316 0.19800007343292236 1.003999948501587
0.7799999713897705 0.13199996948242188 1.1540000438690186
0.7799999713897705 0.04200005531311035 1.3580000400543213
0.8039999008178711 0.156000018119812 1.100000023841858
0.9300000667572021 0.20399999618530273 0.9800000190734863
0.9060001373291016 0.19800007343292236 0.9919999837875366
1.055999994277954 0.2879999876022339 1.003999948501587
1.0320000648498535 0.30000007152557373 1.027999997138977
0.7799999713897705 0.03600001335144043 1.375999927520752
0.809999942779541 0.011999964714050293 1.4300000667572021
0.7799999713897705 0.14400005340576172 1.1299999952316284
0.8280000686645508 0.17400002479553223 1.0520000457763672
0.8519999980926514 0.18599998950958252 1.027999997138977
1.0439999103546143 0.2940000295639038 1.003999948501587
0.75 0.09000003337860107 1.25
0.75 0.09599995613098145 1.2319999933242798
0.75 0.07200002670288086 1.2860000133514404
0.75 0.07800006866455078 1.2799999713897705
0.75 0.10199999809265137 1.2260000705718994
1.0499999523162842 0.2940000295639038 0.9980000257492065
0.875999927520752 0.19800007343292236 1.003999948501587
0.7799999713897705 0.024000048637390137 1.3940000534057617
0.75 0.06599998474121094 1.3040000200271606
0.9060001373291016 0.20399999618530273 0.9800000190734863
0.75 0.10800004005432129 1.2020000219345093
1.0439999103546143 0.30000007152557373 1.003999948501587
0.8039999008178711 0.1679999828338623 1.0759999752044678
1.055999994277954 0.2940000295639038 0.9919999837875366
0.7799999713897705 0.1499999761581421 1.1119999885559082
0.7799999713897705 0.024000048637390137 1.4000000953674316
0.875999927520752 0.19800007343292236 0.9980000257492065
0.75 0.054000020027160645 1.3280000686645508
0.75 0.12000000476837158 1.1779999732971191
0.75 0.04799997806549072 1.340000033378601
0.7799999713897705 0.156000018119812 1.100000023841858
0.7620000839233398 0.03600001335144043 1.375999927520752
0.7379999160766602 0.07800006866455078 1.2799999713897705
0.75 0.04200005531311035 1.3519999980926514
0.8039999008178711 0.011999964714050293 1.4539999961853027
0.8280000686645508 0.18599998950958252 1.027999997138977
0.75 0.13199996948242188 1.1540000438690186
0.8039999008178711 0.17400002479553223 1.0520000457763672
0.8519999980926514 0.19800007343292236 1.003999948501587
0.7320001125335693 0.10199999809265137 1.2260000705718994
0.7980000972747803 0.011999964714050293 1.4539999961853027
0.875999927520752 0.20399999618530273 0.9800000190734863
0.8519999980926514 0.19800007343292236 0.9980000257492065
0.9300000667572021 0.22200000286102295 0.9500000476837158
1.055999994277954 0.3059999942779541 0.9800000190734863
0.7860000133514404 0.006000041961669922 1.4420000314712524
0.7260000705718994 0.09000003337860107 1.25
0.7260000705718994 0.09599995613098145 1.2260000705718994
0.9419999122619629 0.23399996757507324 0.9500000476837158
1.0439999103546143 0.3059999942779541 0.9800000190734863
0.8700001239776611 0.20399999618530273 0.9800000190734863
0.7260000705718994 0.07200002670288086 1.2860000133514404
0.7799999713897705 0.1679999828338623 1.0759999752044678
0.75 0.14400005340576172 1.1299999952316284
0.9300000667572021 0.22200000286102295 0.9440000057220459
0.7260000705718994 0.06599998474121094 1.3040000200271606
0.7260000705718994 0.10800004005432129 1.2020000219345093
0.75 0.024000048637390137 1.3940000534057617
0.7260000705718994 0.054000020027160645 1.3280000686645508
0.7260000705718994 0.12000000476837158 1.1779999732971191
0.75 0.024000048637390137 1.4000000953674316
0.7260000705718994 0.12000000476837158 1.1719999313354492
0.9000000953674316 0.21599996089935303 0.9500000476837158
0.7260000705718994 0.04799997806549072 1.340000033378601
0.75 0.1499999761581421 1.1059999465942383
0.8039999008178711 0.18599998950958252 1.027999997138977
0.8280000686645508 0.19800007343292236 1.003999948501587
0.7799999713897705 0.17400002479553223 1.0520000457763672
0.7260000705718994 0.04200005531311035 1.3519999980926514
0.75 0.156000018119812 1.100000023841858
0.8280000686645508 0.19800007343292236 0.9980000257492065
0.7260000705718994 0.13199996948242188 1.1540000438690186
0.7079999446868896 0.06599998474121094 1.3040000200271606
1.0320000648498535 0.33000004291534424 0.9800000190734863
0.7260000705718994 0.029999971389770508 1.375999927520752
0.9000000953674316 0.22200000286102295 0.937999963760376
0.9360001087188721 0.24000000953674316 0.9259999990463257
0.75 0.006000041961669922 1.4300000667572021
0.7019999027252197 0.07200002670288086 1.2799999713897705
0.7019999027252197 0.09000003337860107 1.25
0.7019999027252197 0.09599995613098145 1.2260000705718994
0.7260000705718994 0.14400005340576172 1.1299999952316284
0.7320001125335693 0.024000048637390137 1.4000000953674316
1.0439999103546143 0.3240000009536743 0.9620000123977661
0.875999927520752 0.22200000286102295 0.9500000476837158
0.75 0.1679999828338623 1.0759999752044678
0.7019999027252197 0.10800004005432129 1.2020000219345093
0.7260000705718994 0.024000048637390137 1.3940000534057617
0.8039999008178711 0.19800007343292236 1.003999948501587
0.7799999713897705 0.18599998950958252 1.027999997138977
0.8280000686645508 0.21000003814697266 0.9800000190734863
0.7019999027252197 0.054000020027160645 1.3280000686645508
0.7560000419616699 0.006000041961669922 1.4539999961853027
0.8039999008178711 0.19800007343292236 0.9980000257492065
0.7019999027252197 0.12000000476837158 1.1779999732971191
0.7019999027252197 0.04799997806549072 1.3339999914169312
0.7260000705718994 0.1499999761581421 1.1059999465942383
0.7019999027252197 0.12000000476837158 1.1719999313354492
0.9000000953674316 0.22800004482269287 0.9259999990463257
0.875999927520752 0.22200000286102295 0.937999963760376
0.9300000667572021 0.24000000953674316 0.9140000343322754
0.8159999847412109 0.20399999618530273 0.9800000190734863
0.7260000705718994 0.156000018119812 1.100000023841858
0.7019999027252197 0.04200005531311035 1.3519999980926514
0.75 0.17400002479553223 1.0520000457763672
0.7019999027252197 0.13199996948242188 1.1540000438690186
0.8519999980926514 0.22200000286102295 0.9500000476837158
0.7019999027252197 0.029999971389770508 1.375999927520752
0.8580000400543213 0.22200000286102295 0.937999963760376
0.7260000705718994 0.006000041961669922 1.4300000667572021
0.7019999027252197 0.1380000114440918 1.1299999952316284
0.9179999828338623 0.23399996757507324 0.9020000100135803
0.875999927520752 0.22800004482269287 0.9259999990463257
0.7260000705718994 0.16200006008148193 1.0759999752044678
0.6779999732971191 0.08399999141693115 1.25
0.7799999713897705 0.19800007343292236 1.003999948501587
0.6779999732971191 0.07200002670288086 1.2799999713897705
1.055999994277954 0.36600005626678467 0.9800000190734863
0.6779999732971191 0.09599995613098145 1.2260000705718994
0.7439999580383301 0.006000041961669922 1.4660000801086426
1.0380001068115234 0.34200000762939453 0.9500000476837158
0.7019999027252197 0.024000048637390137 1.3880000114440918
0.7799999713897705 0.19800007343292236 0.9980000257492065
0.6779999732971191 0.10800004005432129 1.2020000219345093
0.6779999732971191 0.060000061988830566 1.309999942779541
0.75 0.18599998950958252 1.027999997138977
0.6840000152587891 0.1260000467300415 1.1540000438690186
0.7019999027252197 0.1499999761581421 1.1059999465942383
0.6779999732971191 0.054000020027160645 1.3280000686645508
0.8280000686645508 0.22200000286102295 0.9500000476837158
0.6779999732971191 0.12000000476837158 1.1779999732971191
0.6779999732971191 0.04799997806549072 1.3339999914169312
0.7019999027252197 0.018000006675720215 1.406000018119812
1.055999994277954 0.37199997901916504 0.9739999771118164
0.6779999732971191 0.12000000476837158 1.1719999313354492
1.0380001068115234 0.34800004959106445 0.9440000057220459
0.7019999027252197 0.156000018119812 1.100000023841858
0.8340001106262207 0.22200000286102295 0.937999963760376
0.8519999980926514 0.22800004482269287 0.9259999990463257
0.7260000705718994 0.17400002479553223 1.0520000457763672
0.6779999732971191 0.04200005531311035 1.3519999980926514
1.0380001068115234 0.3539999723434448 0.9440000057220459
0.9300000667572021 0.2580000162124634 0.8899999856948853
0.690000057220459 0.018000006675720215 1.4000000953674316
0.7799999713897705 0.21000003814697266 0.9800000190734863
0.7019999027252197 0.006000041961669922 1.4300000667572021
0.6660001277923584 0.054000020027160645 1.3280000686645508
1.0439999103546143 0.36600005626678467 0.9500000476837158
0.6779999732971191 0.029999971389770508 1.375999927520752
0.7019999027252197 0.16200006008148193 1.0759999752044678
0.6779999732971191 0.1380000114440918 1.1299999952316284
0.875999927520752 0.24000000953674316 0.9020000100135803
0.75 0.19800007343292236 1.003999948501587
0.6540000438690186 0.08399999141693115 1.25
0.8039999008178711 0.22200000286102295 0.9500000476837158
0.6779999732971191 0.024000048637390137 1.3880000114440918
0.6540000438690186 0.07200002670288086 1.2799999713897705
0.6540000438690186 0.09599995613098145 1.2260000705718994
0.75 0.19800007343292236 0.9980000257492065
0.6840000152587891 0.1499999761581421 1.100000023841858
0.8280000686645508 0.22800004482269287 0.9259999990463257
0.7260000705718994 0.18599998950958252 1.027999997138977
0.6540000438690186 0.060000061988830566 1.3040000200271606
0.6540000438690186 0.10800004005432129 1.2020000219345093
0.6840000152587891 0.156000018119812 1.100000023841858
0.9000000953674316 0.24600005149841309 0.878000020980835
0.8039999008178711 0.22200000286102295 0.937999963760376
0.7019999027252197 0.0 1.4539999961853027
0.6540000438690186 0.12000000476837158 1.1779999732971191
0.6540000438690186 0.04799997806549072 1.3339999914169312
0.6540000438690186 0.12000000476837158 1.1719999313354492
0.7019999027252197 0.17400002479553223 1.0520000457763672
0.8940000534057617 0.24600005149841309 0.878000020980835
0.9000000953674316 0.25199997425079346 0.878000020980835
0.8519999980926514 0.24000000953674316 0.9020000100135803
0.6540000438690186 0.04200005531311035 1.3519999980926514
0.6540000438690186 0.1260000467300415 1.1540000438690186
0.75 0.20399999618530273 0.9800000190734863
1.0380001068115234 0.37800002098083496 0.937999963760376
0.7799999713897705 0.22200000286102295 0.9500000476837158
0.6779999732971191 0.006000041961669922 1.4300000667572021
0.8039999008178711 0.22800004482269287 0.9259999990463257
0.7260000705718994 0.19800007343292236 1.003999948501587
0.6779999732971191 0.16200006008148193 1.0759999752044678
0.7320001125335693 0.19800007343292236 0.9919999837875366
0.6540000438690186 0.029999971389770508 1.375999927520752
0.6540000438690186 0.1380000114440918 1.1299999952316284
0.875999927520752 0.25199997425079346 0.878000020980835
0.6960000991821289 0.0 1.472000002861023
0.7019999027252197 0.18599998950958252 1.027999997138977
0.6540000438690186 0.024000048637390137 1.3880000114440918
0.7799999713897705 0.22200000286102295 0.937999963760376
0.630000114440918 0.08399999141693115 1.25
0.630000114440918 0.07200002670288086 1.2739999294281006
0.8280000686645508 0.24000000953674316 0.9020000100135803
0.630000114440918 0.07200002670288086 1.2799999713897705
0.630000114440918 0.09599995613098145 1.2200000286102295
0.630000114440918 0.09599995613098145 1.2260000705718994
0.7620000839233398 0.21599996089935303 0.9500000476837158
0.8519999980926514 0.24600005149841309 0.8840000033378601
0.630000114440918 0.060000061988830566 1.3040000200271606
0.6540000438690186 0.018000006675720215 1.4000000953674316
0.630000114440918 0.10800004005432129 1.2020000219345093
0.6540000438690186 0.1499999761581421 1.100000023841858
0.6779999732971191 0.17400002479553223 1.0520000457763672
0.630000114440918 0.11399996280670166 1.1779999732971191
0.9000000953674316 0.2580000162124634 0.8539999723434448
0.630000114440918 0.04799997806549072 1.3339999914169312
0.7260000705718994 0.20399999618530273 0.9800000190734863
0.6779999732971191 0.17400002479553223 1.0460000038146973
0.630000114440918 0.12000000476837158 1.1660000085830688
0.7799999713897705 0.22800004482269287 0.9259999990463257
0.8519999980926514 0.25199997425079346 0.878000020980835
0.6840000152587891 0.0 1.4779999256134033
0.630000114440918 0.04200005531311035 1.3519999980926514
0.630000114440918 0.1260000467300415 1.1540000438690186
0.9240000247955322 0.2760000228881836 0.8479999899864197
0.7019999027252197 0.19800007343292236 1.003999948501587
0.8039999008178711 0.24000000953674316 0.9020000100135803
0.6540000438690186 0.006000041961669922 1.4300000667572021
0.8280000686645508 0.24600005149841309 0.8840000033378601
0.6540000438690186 0.16200006008148193 1.0759999752044678
0.875999927520752 0.2580000162124634 0.8539999723434448
0.630000114440918 0.029999971389770508 1.375999927520752
0.630000114440918 0.1380000114440918 1.1299999952316284
0.7019999027252197 0.19800007343292236 0.9919999837875366
0.6779999732971191 0.18599998950958252 1.027999997138977
0.75 0.22200000286102295 0.937999963760376
0.630000114440918 0.024000048637390137 1.3880000114440918
0.8280000686645508 0.25199997425079346 0.878000020980835
0.6059999465942383 0.08399999141693115 1.25
0.6059999465942383 0.07200002670288086 1.2739999294281006
0.6779999732971191 -0.09599995613098145 1.472000002861023
0.6059999465942383 0.07200002670288086 1.2799999713897705
0.6059999465942383 0.09599995613098145 1.2200000286102295
0.6779999732971191 -0.08399999141693115 1.4779999256134033
0.6059999465942383 0.09599995613098145 1.2260000705718994
0.6779999732971191 -0.10199999809265137 1.472000002861023
0.630000114440918 0.018000006675720215 1.4000000953674316
0.6540000438690186 -0.006000041961669922 1.4539999961853027
0.9060001373291016 0.2640000581741333 0.8300000429153442
0.6059999465942383 0.060000061988830566 1.3040000200271606
0.6719999313354492 -0.06599998474121094 1.4779999256134033
0.7019999027252197 0.20399999618530273 0.9800000190734863
0.6059999465942383 0.10800004005432129 1.2020000219345093
0.6540000438690186 0.17400002479553223 1.0520000457763672
0.630000114440918 0.1499999761581421 1.100000023841858
0.7260000705718994 0.21599996089935303 0.9500000476837158
0.8039999008178711 0.24600005149841309 0.8840000033378601
0.7799999713897705 0.24000000953674316 0.9020000100135803
0.8519999980926514 0.2580000162124634 0.8539999723434448
0.6540000438690186 0.17400002479553223 1.0460000038146973
0.75 0.22800004482269287 0.9259999990463257
0.6660001277923584 -0.04799997806549072 1.4779999256134033
0.6059999465942383 0.11399996280670166 1.1779999732971191
0.6059999465942383 0.04799997806549072 1.3280000686645508
0.6600000858306885 -0.09599995613098145 1.4539999961853027
0.6779999732971191 0.19200003147125244 1.003999948501587
0.6180000305175781 0.024000048637390137 1.3819999694824219
0.6600000858306885 -0.10199999809265137 1.4539999961853027
0.6059999465942383 0.12000000476837158 1.1660000085830688
0.6540000438690186 -0.04799997806549072 1.4660000801086426
0.6540000438690186 -0.07200002670288086 1.4600000381469727
0.6059999465942383 0.04200005531311035 1.3519999980926514
0.6059999465942383 0.1260000467300415 1.1540000438690186
0.8039999008178711 0.25199997425079346 0.878000020980835
0.630000114440918 0.006000041961669922 1.4300000667572021
0.7260000705718994 0.22200000286102295 0.937999963760376
0.630000114440918 0.16200006008148193 1.0759999752044678
0.6540000438690186 -0.023999929428100586 1.4779999256134033
0.6779999732971191 0.19800007343292236 0.9919999837875366
0.6480000019073486 -0.04799997806549072 1.4660000801086426
0.6540000438690186 0.18599998950958252 1.027999997138977
0.6660001277923584 -0.023999929428100586 1.5019999742507935
0.6059999465942383 0.029999971389770508 1.375999927520752
0.6660001277923584 -0.03600001335144043 1.5019999742507935
0.6059999465942383 0.1380000114440918 1.1299999952316284
0.8280000686645508 0.2580000162124634 0.8539999723434448
0.875999927520752 0.26999998092651367 0.8300000429153442
0.6480000019073486 -0.07200002670288086 1.4660000801086426
0.7799999713897705 0.24600005149841309 0.8840000033378601
0.9000000953674316 0.26999998092651367 0.812000036239624
0.6779999732971191 0.20399999618530273 0.9800000190734863
0.875999927520752 0.26999998092651367 0.8240000009536743
0.7260000705718994 0.22800004482269287 0.9259999990463257
0.7019999027252197 0.21599996089935303 0.9500000476837158
0.6480000019073486 -0.09599995613098145 1.4660000801086426
0.630000114440918 -0.006000041961669922 1.4539999961853027
0.6059999465942383 0.018000006675720215 1.4000000953674316
0.630000114440918 0.17400002479553223 1.0520000457763672
0.75 0.24000000953674316 0.9020000100135803
0.6480000019073486 -0.10800004005432129 1.4660000801086426
0.7799999713897705 0.25199997425079346 0.878000020980835
0.6059999465942383 0.1499999761581421 1.100000023841858
0.630000114440918 0.17400002479553223 1.0460000038146973
0.6540000438690186 -0.11399996280670166 1.4779999256134033
0.6540000438690186 0.19200003147125244 1.003999948501587
0.6059999465942383 0.1499999761581421 1.093999981880188
0.8519999980926514 0.26999998092651367 0.8300000429153442
0.5759999752044678 0.08399999141693115 1.25
0.5759999752044678 0.07200002670288086 1.2739999294281006
0.6359999179840088 -0.023999929428100586 1.4779999256134033
0.5759999752044678 0.07200002670288086 1.2799999713897705
0.5759999752044678 0.09599995613098145 1.2200000286102295
0.5759999752044678 0.09599995613098145 1.2260000705718994
0.8039999008178711 0.2580000162124634 0.8539999723434448
0.7019999027252197 0.22200000286102295 0.937999963760376
0.5759999752044678 0.10199999809265137 1.2020000219345093
0.6359999179840088 -0.04799997806549072 1.4779999256134033
0.5759999752044678 0.060000061988830566 1.3040000200271606
0.8519999980926514 0.26999998092651367 0.8240000009536743
0.9000000953674316 0.2760000228881836 0.800000011920929
0.6600000858306885 -0.11399996280670166 1.5019999742507935
0.6540000438690186 0.19800007343292236 0.9919999837875366
0.6059999465942383 0.006000041961669922 1.4300000667572021
0.5759999752044678 0.11399996280670166 1.1779999732971191
0.5759999752044678 0.04799997806549072 1.3280000686645508
0.6059999465942383 0.16200006008148193 1.0759999752044678
0.630000114440918 0.18599998950958252 1.027999997138977
0.5759999752044678 0.12000000476837158 1.1660000085830688
0.75 0.24600005149841309 0.8840000033378601
0.6359999179840088 -0.09599995613098145 1.4779999256134033
0.630000114440918 -0.07200002670288086 1.4779999256134033
0.7019999027252197 0.22800004482269287 0.9259999990463257
0.5759999752044678 0.04200005531311035 1.3519999980926514
0.5759999752044678 0.1260000467300415 1.1540000438690186
0.8280000686645508 0.26999998092651367 0.8300000429153442
0.6779999732971191 0.21599996089935303 0.9500000476837158
0.7260000705718994 0.24000000953674316 0.9020000100135803
0.6540000438690186 0.20399999618530273 0.9800000190734863
0.7799999713897705 0.2580000162124634 0.8539999723434448
0.8280000686645508 0.26999998092651367 0.8240000009536743
0.75 0.25199997425079346 0.878000020980835
0.6059999465942383 -0.006000041961669922 1.4539999961853027
0.624000072479248 -0.04799997806549072 1.4839999675750732
0.6480000019073486 -0.12000000476837158 1.5019999742507935
0.5759999752044678 0.029999971389770508 1.375999927520752
0.5759999752044678 0.1380000114440918 1.1299999952316284
0.6059999465942383 0.17400002479553223 1.0520000457763672
0.875999927520752 0.2820000648498535 0.800000011920929
0.630000114440918 -0.11399996280670166 1.4779999256134033
0.630000114440918 0.19200003147125244 1.003999948501587
0.624000072479248 -0.07200002670288086 1.4839999675750732
0.5759999752044678 0.024000048637390137 1.3880000114440918
0.6779999732971191 0.22200000286102295 0.937999963760376
0.6059999465942383 0.17400002479553223 1.0399999618530273
0.564000129699707 0.04200005531311035 1.3519999980926514
0.624000072479248 -0.09599995613098145 1.4839999675750732
0.5759999752044678 0.018000006675720215 1.4000000953674316
0.5520000457763672 0.07200002670288086 1.2680000066757202
0.5520000457763672 0.08399999141693115 1.25
0.8039999008178711 0.26999998092651367 0.8300000429153442
0.5520000457763672 0.07200002670288086 1.2799999713897705
0.5520000457763672 0.09599995613098145 1.2260000705718994
0.5520000457763672 0.09599995613098145 1.2139999866485596
0.7260000705718994 0.24600005149841309 0.8840000033378601
0.5759999752044678 0.1499999761581421 1.100000023841858
0.5520000457763672 0.10199999809265137 1.2020000219345093
0.5520000457763672 0.060000061988830566 1.3040000200271606
0.6059999465942383 -0.011999964714050293 1.4779999256134033
0.6059999465942383 0.18000006675720215 1.027999997138977
0.5759999752044678 0.1499999761581421 1.093999981880188
0.624000072479248 -0.12000000476837158 1.4839999675750732
0.8519999980926514 0.2820000648498535 0.800000011920929
0.630000114440918 0.19800007343292236 0.9860000014305115
0.8039999008178711 0.26999998092651367 0.8240000009536743
0.6779999732971191 0.22800004482269287 0.9259999990463257
0.7019999027252197 0.24000000953674316 0.9020000100135803
0.5520000457763672 0.11399996280670166 1.1779999732971191
0.5520000457763672 0.04799997806549072 1.3280000686645508
0.9000000953674316 0.2879999876022339 0.7760000228881836
0.6540000438690186 0.21599996089935303 0.9500000476837158
0.7260000705718994 0.25199997425079346 0.878000020980835
0.5520000457763672 0.12000000476837158 1.1600000858306885
0.630000114440918 0.20399999618530273 0.9800000190734863
0.75 0.2580000162124634 0.8539999723434448
0.5759999752044678 0.006000041961669922 1.4300000667572021
0.8880000114440918 0.2879999876022339 0.7760000228881836
0.5520000457763672 0.1260000467300415 1.1540000438690186
0.5759999752044678 0.16200006008148193 1.0759999752044678
0.630000114440918 -0.1260000467300415 1.5080000162124634
0.7799999713897705 0.26999998092651367 0.8300000429153442
0.6059999465942383 -0.023999929428100586 1.5019999742507935
0.6540000438690186 0.22200000286102295 0.937999963760376
0.8280000686645508 0.2820000648498535 0.800000011920929
0.6059999465942383 0.19200003147125244 1.003999948501587
0.5520000457763672 0.029999971389770508 1.375999927520752
0.5520000457763672 0.1380000114440918 1.1299999952316284
0.6059999465942383 -0.04799997806549072 1.5019999742507935
0.5759999752044678 -0.006000041961669922 1.4479999542236328
0.7799999713897705 0.26999998092651367 0.8240000009536743
0.5399999618530273 0.04799997806549072 1.3280000686645508
0.5339999198913574 0.08399999141693115 1.25
0.7019999027252197 0.24600005149841309 0.8840000033378601
0.5880000591278076 -0.011999964714050293 1.4779999256134033
0.5520000457763672 0.024000048637390137 1.3880000114440918
0.5759999752044678 0.1679999828338623 1.0520000457763672
0.5880000591278076 0.18000006675720215 1.027999997138977
0.6059999465942383 -0.07200002670288086 1.5019999742507935
0.5759999752044678 -0.006000041961669922 1.4539999961853027
0.5339999198913574 0.060000061988830566 1.3040000200271606
0.5999999046325684 -0.03600001335144043 1.5019999742507935
0.6119999885559082 -0.1260000467300415 1.496000051498413
0.5520000457763672 0.018000006675720215 1.4000000953674316
0.6779999732971191 0.24000000953674316 0.9020000100135803
0.6059999465942383 -0.09599995613098145 1.5019999742507935
0.6540000438690186 0.22800004482269287 0.9259999990463257
0.5280001163482666 0.07200002670288086 1.2680000066757202
0.5280001163482666 0.09000003337860107 1.2260000705718994
0.5280001163482666 0.06599998474121094 1.2799999713897705
0.7019999027252197 0.25199997425079346 0.878000020980835
0.5759999752044678 0.17400002479553223 1.0399999618530273
0.6059999465942383 0.19800007343292236 0.9860000014305115
0.5520000457763672 0.1499999761581421 1.100000023841858
0.5280001163482666 0.09599995613098145 1.2139999866485596
0.7260000705718994 0.2580000162124634 0.8539999723434448
0.5280001163482666 0.10199999809265137 1.2020000219345093
0.5520000457763672 0.1499999761581421 1.093999981880188
0.630000114440918 0.21599996089935303 0.9500000476837158
0.8039999008178711 0.2820000648498535 0.800000011920929
0.875999927520752 0.2940000295639038 0.7639999985694885
0.5339999198913574 0.03600001335144043 1.3519999980926514
0.6059999465942383 -0.12000000476837158 1.5019999742507935
0.8519999980926514 0.2940000295639038 0.7760000228881836
0.5999999046325684 -0.09599995613098145 1.5019999742507935
0.6059999465942383 0.20399999618530273 0.9800000190734863
0.6059999465942383 -0.1260000467300415 1.5019999742507935
0.5280001163482666 0.11399996280670166 1.1779999732971191
0.690000057220459 0.24600005149841309 0.878000020980835
0.75 0.26999998092651367 0.8300000429153442
0.5280001163482666 0.12000000476837158 1.1600000858306885
0.5520000457763672 0.006000041961669922 1.4300000667572021
0.6180000305175781 -0.13199996948242188 1.5260000228881836
0.5940001010894775 -0.07200002670288086 1.5080000162124634
0.5999999046325684 -0.12000000476837158 1.5019999742507935
0.5520000457763672 0.16200006008148193 1.0759999752044678
0.5280001163482666 0.1260000467300415 1.1540000438690186
0.5999999046325684 -0.1260000467300415 1.5019999742507935
0.8580000400543213 0.2940000295639038 0.7639999985694885
0.75 0.26999998092651367 0.8240000009536743
0.630000114440918 0.22200000286102295 0.9320000410079956
0.5280001163482666 0.13199996948242188 1.1299999952316284
0.8280000686645508 0.2940000295639038 0.7760000228881836
0.5280001163482666 0.029999971389770508 1.375999927520752
0.5520000457763672 -0.006000041961669922 1.4479999542236328
0.5099999904632568 0.029999971389770508 1.1600000858306885
0.875999927520752 0.30000007152557373 0.7519999742507935
0.7799999713897705 0.2820000648498535 0.800000011920929
0.9000000953674316 0.3179999589920044 0.7519999742507935
0.5099999904632568 0.07200002670288086 1.25
0.5280001163482666 0.024000048637390137 1.3819999694824219
0.6540000438690186 0.24000000953674316 0.9020000100135803
0.564000129699707 0.18000006675720215 1.027999997138977
0.6779999732971191 0.25199997425079346 0.878000020980835
0.7019999027252197 0.2580000162124634 0.8539999723434448
0.5520000457763672 0.1679999828338623 1.0520000457763672
0.5759999752044678 -0.023999929428100586 1.5019999742507935
0.5520000457763672 -0.006000041961669922 1.4539999961853027
0.5759999752044678 0.19200003147125244 1.003999948501587
0.630000114440918 0.22800004482269287 0.9259999990463257
0.8399999141693115 0.2940000295639038 0.7639999985694885
0.5039999485015869 0.024000048637390137 1.1660000085830688
0.5220000743865967 0.029999971389770508 1.375999927520752
0.5280001163482666 0.018000006675720215 1.4000000953674316
0.7260000705718994 0.26999998092651367 0.8300000429153442
0.6059999465942383 0.21599996089935303 0.9500000476837158
0.5220000743865967 0.024000048637390137 1.3819999694824219
0.5520000457763672 0.17400002479553223 1.0399999618530273
0.5039999485015869 0.07800006866455078 1.25
0.5280001163482666 0.1499999761581421 1.100000023841858
0.5039999485015869 0.09000003337860107 1.2260000705718994
0.5039999485015869 0.09599995613098145 1.2079999446868896
0.8519999980926514 0.30000007152557373 0.7519999742507935
0.5039999485015869 0.03600001335144043 1.1299999952316284
0.5820000171661377 -0.04799997806549072 1.5260000228881836
0.7260000705718994 0.26999998092651367 0.8240000009536743
0.5039999485015869 0.10199999809265137 1.2020000219345093
0.5280001163482666 0.1499999761581421 1.0880000591278076
0.8039999008178711 0.2940000295639038 0.7760000228881836
0.5759999752044678 0.19800007343292236 0.9860000014305115
0.5039999485015869 0.04200005531311035 1.124000072479248
0.5039999485015869 0.054000020027160645 1.124000072479248
0.5520000457763672 -0.018000006675720215 1.4779999256134033
0.564000129699707 -0.023999929428100586 1.5019999742507935
0.5699999332427979 -0.029999971389770508 1.5140000581741333
0.5039999485015869 0.11399996280670166 1.1779999732971191
0.8039999008178711 0.2940000295639038 0.7699999809265137
0.5759999752044678 0.20399999618530273 0.9800000190734863
0.5280001163482666 0.006000041961669922 1.4300000667572021
0.5280001163482666 0.16200006008148193 1.0759999752044678
0.6540000438690186 0.24600005149841309 0.878000020980835
0.5039999485015869 0.12000000476837158 1.1540000438690186
0.6059999465942383 0.22200000286102295 0.9320000410079956
0.75 0.2820000648498535 0.800000011920929
0.5759999752044678 -0.07200002670288086 1.5260000228881836
0.5039999485015869 0.1260000467300415 1.1540000438690186
0.6779999732971191 0.2580000162124634 0.8539999723434448
0.5580000877380371 0.19200003147125244 1.003999948501587
0.6540000438690186 0.25199997425079346 0.878000020980835
0.5699999332427979 -0.029999971389770508 1.5260000228881836
0.630000114440918 0.24000000953674316 0.9020000100135803
0.8280000686645508 0.30000007152557373 0.7519999742507935
0.4919999837875366 0.09000003337860107 1.2260000705718994
0.5699999332427979 0.20399999618530273 0.9800000190734863
0.5759999752044678 -0.09599995613098145 1.5260000228881836
0.564000129699707 0.19800007343292236 0.9860000014305115
0.7019999027252197 0.26999998092651367 0.8300000429153442
0.6059999465942383 0.22800004482269287 0.9259999990463257
0.5280001163482666 -0.006000041961669922 1.4479999542236328
0.5039999485015869 0.13199996948242188 1.1299999952316284
0.4919999837875366 0.10199999809265137 1.2020000219345093
0.5699999332427979 -0.07200002670288086 1.5260000228881836
0.7799999713897705 0.2940000295639038 0.7760000228881836
0.5280001163482666 0.1679999828338623 1.0520000457763672
0.5280001163482666 -0.006000041961669922 1.4539999961853027
0.875999927520752 0.312000036239624 0.7279999852180481
0.7019999027252197 0.26999998092651367 0.8240000009536743
0.5759999752044678 -0.12000000476837158 1.5260000228881836
0.5820000171661377 -0.054000020027160645 1.555999994277954
0.5699999332427979 -0.09599995613098145 1.5260000228881836
0.5820000171661377 0.21599996089935303 0.9500000476837158
0.48000001907348633 0.018000006675720215 1.2020000219345093
0.48600006103515625 0.09599995613098145 1.2079999446868896
0.7799999713897705 0.2940000295639038 0.7699999809265137
0.48000001907348633 0.018000006675720215 1.1779999732971191
0.5339999198913574 -0.018000006675720215 1.4779999256134033
0.5039999485015869 0.018000006675720215 1.4000000953674316
0.5580000877380371 -0.023999929428100586 1.5260000228881836
0.5759999752044678 -0.1380000114440918 1.5260000228881836
0.5039999485015869 0.14400005340576172 1.100000023841858
0.49800002574920654 0.024000048637390137 1.3819999694824219
0.48000001907348633 0.024000048637390137 1.1540000438690186
0.5280001163482666 0.17400002479553223 1.0339999198913574
0.5699999332427979 -0.12000000476837158 1.5260000228881836
0.7260000705718994 0.2820000648498535 0.800000011920929
0.8039999008178711 0.30000007152557373 0.7519999742507935
0.48000001907348633 0.024000048637390137 1.1419999599456787
0.6359999179840088 0.25199997425079346 0.878000020980835
0.48600006103515625 0.04799997806549072 1.1059999465942383
0.5160000324249268 -0.006000041961669922 1.4479999542236328
0.5039999485015869 0.1499999761581421 1.0880000591278076
0.48000001907348633 0.03600001335144043 1.1299999952316284
0.5280001163482666 0.18000006675720215 1.027999997138977
0.8519999980926514 0.312000036239624 0.7279999852180481
0.630000114440918 0.24600005149841309 0.878000020980835
0.5699999332427979 -0.1380000114440918 1.5260000228881836
0.6540000438690186 0.2580000162124634 0.8539999723434448
0.48000001907348633 0.10199999809265137 1.1779999732971191
0.6059999465942383 0.23399996757507324 0.9020000100135803
0.4739999771118164 0.024000048637390137 1.1540000438690186
0.4739999771118164 0.024000048637390137 1.1480000019073486
0.5039999485015869 0.156000018119812 1.0759999752044678
0.6779999732971191 0.26999998092651367 0.8300000429153442
0.875999927520752 0.3179999589920044 0.7160000205039978
0.5039999485015869 0.006000041961669922 1.4300000667572021
0.75 0.2940000295639038 0.7760000228881836
0.5820000171661377 0.22200000286102295 0.9259999990463257
0.48000001907348633 0.054000020027160645 1.100000023841858
0.48000001907348633 0.12000000476837158 1.1540000438690186
0.5820000171661377 -0.14399993419647217 1.555999994277954
0.6779999732971191 0.26999998092651367 0.8240000009536743
0.5820000171661377 0.22800004482269287 0.9259999990463257
0.5280001163482666 0.18599998950958252 1.0099999904632568
0.48000001907348633 0.060000061988830566 1.0880000591278076
0.7799999713897705 0.30000007152557373 0.7519999742507935
0.75 0.2940000295639038 0.7699999809265137
0.5280001163482666 -0.018000006675720215 1.5019999742507935
0.8280000686645508 0.312000036239624 0.7279999852180481
0.48000001907348633 0.13199996948242188 1.1299999952316284
0.7019999027252197 0.2820000648498535 0.800000011920929
0.5039999485015869 0.1679999828338623 1.0520000457763672
0.5039999485015869 -0.006000041961669922 1.4539999961853027
0.5580000877380371 0.18599998950958252 0.9259999990463257
0.5099999904632568 0.17400002479553223 1.027999997138977
0.5399999618530273 0.18000006675720215 0.9559999704360962
0.5520000457763672 -0.029999971389770508 1.555999994277954
0.5399999618530273 0.17400002479553223 0.9500000476837158
0.5460000038146973 -0.023999929428100586 1.5499999523162842
0.5699999332427979 0.20399999618530273 0.9079999923706055
0.48000001907348633 0.018000006675720215 1.4000000953674316
0.630000114440918 0.2580000162124634 0.8539999723434448
0.5220000743865967 -0.018000006675720215 1.5080000162124634
0.5160000324249268 0.18599998950958252 1.0099999904632568
0.6059999465942383 0.24600005149841309 0.878000020980835
0.48000001907348633 0.14400005340576172 1.100000023841858
0.7260000705718994 0.2940000295639038 0.7760000228881836
0.5520000457763672 -0.07200002670288086 1.555999994277954
0.6540000438690186 0.26999998092651367 0.8300000429153442
0.5820000171661377 0.23399996757507324 0.9020000100135803
0.8039999008178711 0.312000036239624 0.7279999852180481
0.5460000038146973 -0.07200002670288086 1.5499999523162842
0.5039999485015869 0.18000006675720215 1.027999997138977
0.48000001907348633 0.1499999761581421 1.0880000591278076
0.4500000476837158 0.006000041961669922 1.2260000705718994
0.4500000476837158 0.006000041961669922 1.2020000219345093
0.5460000038146973 0.18000006675720215 0.9259999990463257
0.4620000123977661 0.11399996280670166 1.1540000438690186
0.7260000705718994 0.2940000295639038 0.7699999809265137
0.4620000123977661 0.054000020027160645 1.100000023841858
0.4559999704360962 0.03600001335144043 1.1299999952316284
0.6540000438690186 0.26999998092651367 0.8240000009536743
0.4500000476837158 0.018000006675720215 1.1779999732971191
0.5099999904632568 -0.023999929428100586 1.496000051498413
0.5460000038146973 -0.07200002670288086 1.555999994277954
0.75 0.30000007152557373 0.7519999742507935
0.8519999980926514 0.3240000009536743 0.7039999961853027
0.5399999618530273 -0.023999929428100586 1.555999994277954
0.5460000038146973 -0.12000000476837158 1.5440000295639038
0.5399999618530273 -0.029999971389770508 1.555999994277954
0.48000001907348633 0.156000018119812 1.0759999752044678
0.4500000476837158 0.029999971389770508 1.1540000438690186
0.48000001907348633 0.006000041961669922 1.4300000667572021
0.4739999771118164 0.011999964714050293 1.4119999408721924
0.6779999732971191 0.2820000648498535 0.800000011920929
0.7920000553131104 0.5220000743865967 0.9500000476837158
0.8519999980926514 0.3240000009536743 0.6980000138282776
0.5399999618530273 -0.09599995613098145 1.5499999523162842
0.5520000457763672 0.18599998950958252 0.9020000100135803
0.5759999752044678 0.22200000286102295 0.8840000033378601
0.5460000038146973 -0.14399993419647217 1.5440000295639038
0.4620000123977661 0.08399999141693115 1.0759999752044678
0.5520000457763672 -0.029999971389770508 1.5859999656677246
0.5520000457763672 -0.07200002670288086 1.5800000429153442
0.7799999713897705 0.312000036239624 0.7279999852180481
0.7019999027252197 0.2940000295639038 0.7760000228881836
0.5520000457763672 -0.1499999761581421 1.555999994277954
0.8280000686645508 0.3240000009536743 0.7039999961853027
0.48000001907348633 0.1679999828338623 1.0520000457763672
0.4500000476837158 0.04799997806549072 1.100000023841858
0.48000001907348633 -0.006000041961669922 1.4539999961853027
0.5280001163482666 0.1679999828338623 0.9259999990463257
0.5759999752044678 0.22800004482269287 0.878000020980835
0.4500000476837158 0.04799997806549072 1.093999981880188
0.6059999465942383 0.2580000162124634 0.8539999723434448
0.630000114440918 0.26999998092651367 0.8300000429153442
0.4500000476837158 0.12000000476837158 1.1359999179840088
0.5339999198913574 -0.09599995613098145 1.555999994277954
0.7260000705718994 0.30000007152557373 0.7519999742507935
0.8280000686645508 0.3240000009536743 0.6980000138282776
0.4500000476837158 0.1260000467300415 1.1299999952316284
0.4500000476837158 0.060000061988830566 1.0759999752044678
0.7799999713897705 0.5160000324249268 0.9259999990463257
0.5520000457763672 -0.156000018119812 1.5679999589920044
0.48000001907348633 0.17400002479553223 1.0339999198913574
0.7019999027252197 0.2940000295639038 0.7639999985694885
0.8039999008178711 0.3179999589920044 0.7039999961853027
0.5339999198913574 -0.12000000476837158 1.555999994277954
0.5580000877380371 0.20399999618530273 0.878000020980835
0.6540000438690186 0.2820000648498535 0.800000011920929
0.5280001163482666 0.1679999828338623 0.9079999923706055
0.630000114440918 0.26999998092651367 0.8179999589920044
0.4500000476837158 0.07200002670288086 1.0640000104904175
0.48000001907348633 -0.018000006675720215 1.4779999256134033
0.48000001907348633 0.18000006675720215 1.027999997138977
0.4440000057220459 0.12000000476837158 1.1299999952316284
0.4440000057220459 0.1260000467300415 1.1299999952316284
0.5520000457763672 0.19800007343292236 0.878000020980835
0.5039999485015869 0.1679999828338623 0.9500000476837158
0.4259999990463257 -0.006000041961669922 1.2319999933242798
0.4259999990463257 0.006000041961669922 1.2020000219345093
0.48600006103515625 0.1499999761581421 0.9800000190734863
0.75 0.312000036239624 0.7279999852180481
0.4500000476837158 0.07800006866455078 1.0520000457763672
0.4500000476837158 0.14400005340576172 1.100000023841858
0.7799999713897705 0.5220000743865967 0.9200000166893005
0.6779999732971191 0.2940000295639038 0.7760000228881836
0.5220000743865967 -0.03600001335144043 1.5679999589920044
0.4259999990463257 0.018000006675720215 1.1779999732971191
0.5220000743865967 0.1679999828338623 0.9079999923706055
0.48600006103515625 -0.023999929428100586 1.5019999742507935
0.5520000457763672 0.19800007343292236 0.871999979019165
0.4259999990463257 0.024000048637390137 1.1660000085830688
0.48000001907348633 0.18599998950958252 1.0160000324249268
0.8039999008178711 0.3240000009536743 0.6980000138282776
0.5280001163482666 -0.0419999361038208 1.5800000429153442
0.7799999713897705 0.5280001163482666 0.9259999990463257
0.8519999980926514 0.3359999656677246 0.6800000071525574
0.4259999990463257 0.029999971389770508 1.1540000438690186
0.5520000457763672 -0.156000018119812 1.5859999656677246
0.5280001163482666 0.18599998950958252 0.9020000100135803
0.75 0.5099999904632568 0.9259999990463257
0.5759999752044678 0.24600005149841309 0.8600000143051147
0.4500000476837158 0.08399999141693115 1.0399999618530273
0.7019999027252197 0.30000007152557373 0.7519999742507935
0.4320000410079956 0.04200005531311035 1.100000023841858
0.4500000476837158 0.1499999761581421 1.0820000171661377
0.4259999990463257 0.03600001335144043 1.1359999179840088
0.5160000324249268 -0.023999929428100586 1.5679999589920044
0.5280001163482666 -0.1499999761581421 1.555999994277954
0.5280001163482666 -0.08399999141693115 1.5800000429153442
0.6059999465942383 0.26999998092651367 0.8300000429153442
0.5220000743865967 -0.11399996280670166 1.562000036239624
0.5220000743865967 -0.09599995613098145 1.5679999589920044
0.4500000476837158 0.156000018119812 1.0759999752044678
0.7799999713897705 0.5280001163482666 0.9140000343322754
0.4500000476837158 0.0 1.4300000667572021
0.7799999713897705 0.3240000009536743 0.7039999961853027
0.6779999732971191 0.2940000295639038 0.7639999985694885
0.5759999752044678 0.25199997425079346 0.8539999723434448
0.5039999485015869 0.17400002479553223 0.9259999990463257
0.4559999704360962 -0.006000041961669922 1.4539999961853027
0.5280001163482666 -0.156000018119812 1.562000036239624
0.48000001907348633 0.17400002479553223 0.9800000190734863
0.5399999618530273 0.19800007343292236 0.871999979019165
0.8280000686645508 0.3359999656677246 0.6800000071525574
0.4500000476837158 -0.006000041961669922 1.4420000314712524
0.630000114440918 0.2820000648498535 0.800000011920929
0.7260000705718994 0.5039999485015869 0.9259999990463257
0.7260000705718994 0.312000036239624 0.7279999852180481
0.7799999713897705 0.3240000009536743 0.6980000138282776
0.7739999294281006 0.5280001163482666 0.9079999923706055
0.4259999990463257 0.04799997806549072 1.0880000591278076
0.6059999465942383 0.26999998092651367 0.8179999589920044
0.7439999580383301 0.48000001907348633 0.8659999966621399
0.5220000743865967 -0.1499999761581421 1.562000036239624
0.7560000419616699 0.5280001163482666 0.9259999990463257
0.8039999008178711 0.33000004291534424 0.6859999895095825
0.7620000839233398 0.3179999589920044 0.7039999961853027
0.5339999198913574 0.20399999618530273 0.878000020980835
0.5280001163482666 -0.0419999361038208 1.6039999723434448
0.75 0.5220000743865967 0.9200000166893005
0.5220000743865967 -0.156000018119812 1.562000036239624
0.4500000476837158 0.1679999828338623 1.0520000457763672
0.6540000438690186 0.2940000295639038 0.7760000228881836
0.4259999990463257 0.054000020027160645 1.0759999752044678
0.48000001907348633 0.1499999761581421 0.9500000476837158
0.5280001163482666 0.19200003147125244 0.878000020980835
0.5099999904632568 -0.023999929428100586 1.5800000429153442
0.4200000762939453 0.04799997806549072 1.100000023841858
0.5399999618530273 0.22800004482269287 0.878000020980835
0.875999927520752 0.48000001907348633 0.7639999985694885
0.48000001907348633 0.156000018119812 0.9500000476837158
0.5280001163482666 0.23399996757507324 0.9020000100135803
0.4440000057220459 -0.006000041961669922 1.4420000314712524
0.5460000038146973 0.21599996089935303 0.8600000143051147
0.5520000457763672 0.22200000286102295 0.8539999723434448
0.75 0.48600006103515625 0.8600000143051147
0.48000001907348633 0.1499999761581421 0.9440000057220459
0.6779999732971191 0.30000007152557373 0.7519999742507935
0.4200000762939453 0.04799997806549072 1.0880000591278076
0.4559999704360962 0.18000006675720215 1.027999997138977
0.4559999704360962 -0.023999929428100586 1.4779999256134033
0.5520000457763672 0.22800004482269287 0.8539999723434448
0.5580000877380371 0.23399996757507324 0.8479999899864197
0.5280001163482666 -0.16199994087219238 1.5800000429153442
0.7019999027252197 0.49800002574920654 0.9259999990463257
0.5460000038146973 0.22800004482269287 0.8600000143051147
0.437999963760376 0.0 1.4359999895095825
0.4739999771118164 0.1499999761581421 0.9500000476837158
0.7860000133514404 0.33000004291534424 0.6859999895095825
0.5039999485015869 0.18000006675720215 0.9020000100135803
0.4259999990463257 0.06599998474121094 1.0520000457763672
0.4259999990463257 0.1380000114440918 1.100000023841858
0.46800005435943604 -0.023999929428100586 1.5140000581741333
0.5039999485015869 -0.0419999361038208 1.5800000429153442
0.4739999771118164 0.156000018119812 0.9500000476837158
0.4500000476837158 0.17400002479553223 1.027999997138977
0.4020000696182251 -0.006000041961669922 1.2139999866485596
0.5280001163482666 -0.09000003337860107 1.6100000143051147
0.4259999990463257 0.07800006866455078 1.0520000457763672
0.4020000696182251 0.006000041961669922 1.2020000219345093
0.4020000696182251 -0.011999964714050293 1.2260000705718994
0.6540000438690186 0.2940000295639038 0.7639999985694885
0.4020000696182251 -0.018000006675720215 1.25
0.4020000696182251 0.018000006675720215 1.1779999732971191
0.8519999980926514 0.4739999771118164 0.7580000162124634
0.7019999027252197 0.5039999485015869 0.9259999990463257
0.8519999980926514 0.48000001907348633 0.7639999985694885
0.5160000324249268 0.22800004482269287 0.9020000100135803
0.8399999141693115 0.46800005435943604 0.7580000162124634
0.4020000696182251 0.024000048637390137 1.1600000858306885
0.7019999027252197 0.312000036239624 0.7279999852180481
0.5759999752044678 0.2640000581741333 0.8300000429153442
0.4020000696182251 0.029999971389770508 1.1540000438690186
0.4200000762939453 0.13199996948242188 1.100000023841858
0.7739999294281006 0.33000004291534424 0.6859999895095825
0.5520000457763672 0.25199997425079346 0.8539999723434448
0.7799999713897705 0.4500000476837158 0.7760000228881836
0.4259999990463257 0.1499999761581421 1.0820000171661377
0.4200000762939453 0.06599998474121094 1.0520000457763672
0.5039999485015869 -0.09599995613098145 1.5800000429153442
0.6059999465942383 0.2820000648498535 0.800000011920929
0.4020000696182251 0.03600001335144043 1.1359999179840088
0.7680001258850098 0.5520000457763672 0.9200000166893005
0.630000114440918 0.2879999876022339 0.7760000228881836
0.48000001907348633 0.1679999828338623 0.9259999990463257
0.809999942779541 0.4620000123977661 0.7639999985694885
0.7260000705718994 0.5220000743865967 0.9140000343322754
0.4259999990463257 0.156000018119812 1.0759999752044678
0.3960000276565552 -0.023999929428100586 1.25
0.5099999904632568 -0.04799997806549072 1.6039999723434448
0.4259999990463257 0.09000003337860107 1.027999997138977
0.49800002574920654 -0.04799997806549072 1.5859999656677246
0.8519999980926514 0.5099999904632568 0.7879999876022339
0.4259999990463257 0.10800004005432129 1.0339999198913574
0.6840000152587891 0.49800002574920654 0.9259999990463257
0.75 0.3240000009536743 0.6920000314712524
0.5039999485015869 -0.12000000476837158 1.5800000429153442
0.5280001163482666 -0.16199994087219238 1.6039999723434448
0.40799999237060547 0.054000020027160645 1.0759999752044678
0.6540000438690186 0.30000007152557373 0.7519999742507935
0.5039999485015869 -0.023999929428100586 1.6039999723434448
0.7739999294281006 0.4500000476837158 0.7699999809265137
0.8280000686645508 0.48000001907348633 0.7639999985694885
0.4500000476837158 0.19200003147125244 1.003999948501587
0.7260000705718994 0.5280001163482666 0.9140000343322754
0.7799999713897705 0.5759999752044678 0.937999963760376
0.7320001125335693 0.4739999771118164 0.8300000429153442
0.8280000686645508 0.4919999837875366 0.7760000228881836
0.4020000696182251 0.054000020027160645 1.100000023841858
0.75 0.5520000457763672 0.9259999990463257
0.5759999752044678 0.26999998092651367 0.8179999589920044
0.7260000705718994 0.3240000009536743 0.7039999961853027
0.4259999990463257 0.10199999809265137 1.0160000324249268
0.4200000762939453 0.156000018119812 1.0759999752044678
0.48000001907348633 0.17400002479553223 0.9140000343322754
0.7439999580383301 0.5039999485015869 0.8539999723434448
0.5039999485015869 0.19200003147125244 0.878000020980835
0.49800002574920654 -0.09599995613098145 1.5859999656677246
0.4259999990463257 0.09599995613098145 1.0099999904632568
0.5039999485015869 0.20399999618530273 0.8840000033378601
0.8220000267028809 0.48000001907348633 0.7639999985694885
0.4259999990463257 0.16200006008148193 1.0520000457763672
0.7920000553131104 0.4620000123977661 0.7639999985694885
0.4919999837875366 -0.023999929428100586 1.5920000076293945
0.5039999485015869 -0.1499999761581421 1.5800000429153442
0.38999998569488525 0.029999971389770508 1.1540000438690186
0.4259999990463257 -0.011999964714050293 1.4539999961853027
0.7019999027252197 0.5160000324249268 0.9140000343322754
0.630000114440918 0.2940000295639038 0.7639999985694885
0.7320001125335693 0.33000004291534424 0.6980000138282776
0.6779999732971191 0.5039999485015869 0.9259999990463257
0.8280000686645508 0.5039999485015869 0.7820000052452087
0.6600000858306885 0.4919999837875366 0.9320000410079956
0.7260000705718994 0.3240000009536743 0.6980000138282776
0.5039999485015869 -0.09000003337860107 1.6039999723434448
0.49800002574920654 -0.12000000476837158 1.5859999656677246
0.6779999732971191 0.312000036239624 0.7279999852180481
0.7320001125335693 0.4559999704360962 0.800000011920929
0.5039999485015869 -0.16199994087219238 1.5800000429153442
0.7439999580383301 0.4440000057220459 0.7760000228881836
0.7200000286102295 0.33000004291534424 0.7039999961853027
0.4500000476837158 0.19800007343292236 0.9860000014305115
0.75 0.4500000476837158 0.7760000228881836
0.48000001907348633 0.18000006675720215 0.9020000100135803
0.7980000972747803 0.48000001907348633 0.7699999809265137
0.4919999837875366 -0.023999929428100586 1.6039999723434448
0.4200000762939453 -0.011999964714050293 1.4539999961853027
0.7320001125335693 0.5520000457763672 0.9259999990463257
0.8039999008178711 0.4919999837875366 0.7760000228881836
0.5520000457763672 0.2640000581741333 0.8300000429153442
0.7799999713897705 0.5940001010894775 0.9500000476837158
0.7439999580383301 0.4500000476837158 0.7760000228881836
0.6059999465942383 0.2879999876022339 0.7760000228881836
0.4259999990463257 0.17400002479553223 1.027999997138977
0.49800002574920654 -0.1499999761581421 1.5859999656677246
0.5280001163482666 0.25199997425079346 0.8539999723434448
0.809999942779541 0.5039999485015869 0.7820000052452087
0.38999998569488525 0.054000020027160645 1.100000023841858
0.7320001125335693 0.4919999837875366 0.8300000429153442
0.7799999713897705 0.48000001907348633 0.7760000228881836
0.4259999990463257 -0.023999929428100586 1.4779999256134033
0.37800002098083496 -0.006000041961669922 1.2139999866485596
0.37800002098083496 0.0 1.2020000219345093
0.37800002098083496 -0.023999929428100586 1.2260000705718994
0.4739999771118164 0.18000006675720215 0.9020000100135803
0.37800002098083496 0.011999964714050293 1.1779999732971191
0.7019999027252197 0.3240000009536743 0.7039999961853027
0.75 0.5759999752044678 0.937999963760376
0.630000114440918 0.30000007152557373 0.7519999742507935
0.4259999990463257 -0.029999971389770508 1.4839999675750732
0.4020000696182251 0.1380000114440918 1.0759999752044678
0.7260000705718994 0.5520000457763672 0.9200000166893005
0.5759999752044678 0.2820000648498535 0.800000011920929
0.7019999027252197 0.5280001163482666 0.9079999923706055
0.37800002098083496 0.024000048637390137 1.1540000438690186
0.4140000343322754 0.10199999809265137 1.003999948501587
0.4320000410079956 -0.029999971389770508 1.5019999742507935
0.4919999837875366 -0.09599995613098145 1.6039999723434448
0.8039999008178711 0.5220000743865967 0.800000011920929
0.6480000019073486 0.49800002574920654 0.9320000410079956
0.4020000696182251 0.07200002670288086 1.027999997138977
0.5039999485015869 0.24600005149841309 0.878000020980835
0.7799999713897705 0.6059999465942383 0.9559999704360962
0.7680001258850098 0.48000001907348633 0.7760000228881836
0.4020000696182251 0.07800006866455078 1.027999997138977
0.48600006103515625 0.23399996757507324 0.9020000100135803
0.7019999027252197 0.3240000009536743 0.6980000138282776
0.5520000457763672 0.26999998092651367 0.8179999589920044
0.37800002098083496 0.03600001335144043 1.1299999952316284
0.6540000438690186 0.5039999485015869 0.9259999990463257
0.75 0.5880000591278076 0.9500000476837158
0.4020000696182251 0.1499999761581421 1.0640000104904175
0.6540000438690186 0.312000036239624 0.7279999852180481
0.7320001125335693 0.5039999485015869 0.8300000429153442
0.4259999990463257 0.18599998950958252 1.003999948501587
0.4919999837875366 -0.1679999828338623 1.5859999656677246
0.6059999465942383 0.2940000295639038 0.7639999985694885
0.8039999008178711 0.5280001163482666 0.800000011920929
0.40799999237060547 0.09599995613098145 1.003999948501587
0.7320001125335693 0.48000001907348633 0.800000011920929
0.624000072479248 0.4919999837875366 0.9500000476837158
0.7799999713897705 0.5039999485015869 0.7879999876022339
0.630000114440918 0.49800002574920654 0.9500000476837158
0.37199997901916504 -0.023999929428100586 1.2739999294281006
0.48000001907348633 -0.04799997806549072 1.6039999723434448
0.5039999485015869 -0.17400002479553223 1.6039999723434448
0.48000001907348633 -0.054000020027160645 1.6039999723434448
0.48000001907348633 0.19200003147125244 0.878000020980835
0.7799999713897705 0.5160000324249268 0.800000011920929
0.6480000019073486 0.5039999485015869 0.9259999990463257
0.4500000476837158 0.17400002479553223 0.9259999990463257
0.5039999485015869 0.24600005149841309 0.8659999966621399
0.37800002098083496 0.04799997806549072 1.100000023841858
0.3960000276565552 0.07800006866455078 1.027999997138977
0.7739999294281006 0.5039999485015869 0.7879999876022339
0.6779999732971191 0.5220000743865967 0.9079999923706055
0.36600005626678467 -0.018000006675720215 1.2260000705718994
0.4020000696182251 0.16200006008148193 1.0520000457763672
0.48000001907348633 0.20399999618530273 0.878000020980835
0.630000114440918 0.5039999485015869 0.9500000476837158
0.7439999580383301 0.48000001907348633 0.7820000052452087
0.4739999771118164 -0.04799997806549072 1.6039999723434448
0.7260000705718994 0.5759999752044678 0.937999963760376
0.4739999771118164 -0.054000020027160645 1.6039999723434448
0.6779999732971191 0.3240000009536743 0.7039999961853027
0.75 0.5039999485015869 0.800000011920929
0.7019999027252197 0.5520000457763672 0.9200000166893005
0.6119999885559082 0.5220000743865967 1.0160000324249268
0.3840000629425049 0.06599998474121094 1.0520000457763672
0.5280001163482666 0.2640000581741333 0.8300000429153442
0.37800002098083496 0.060000061988830566 1.0759999752044678
0.6779999732971191 0.5280001163482666 0.9079999923706055
0.40799999237060547 -0.023999929428100586 1.4779999256134033
0.40799999237060547 -0.029999971389770508 1.4779999256134033
0.7379999160766602 0.5940001010894775 0.9500000476837158
0.48000001907348633 -0.12000000476837158 1.6039999723434448
0.7019999027252197 0.5580000877380371 0.9259999990463257
0.6059999465942383 0.30000007152557373 0.7519999742507935
0.6059999465942383 0.5039999485015869 0.9800000190734863
0.7799999713897705 0.5280001163482666 0.800000011920929
0.36000001430511475 0.0 1.2020000219345093
0.5520000457763672 0.2760000228881836 0.800000011920929
0.6719999313354492 0.3240000009536743 0.7039999961853027
0.4259999990463257 0.19800007343292236 0.9800000190734863
0.5039999485015869 0.25199997425079346 0.8539999723434448
0.4020000696182251 -0.029999971389770508 1.4660000801086426
0.6059999465942383 0.5339999198913574 1.0520000457763672
0.4500000476837158 0.1679999828338623 0.9020000100135803
0.6779999732971191 0.3240000009536743 0.6980000138282776
0.5759999752044678 0.2879999876022339 0.7760000228881836
0.6180000305175781 0.5039999485015869 0.9500000476837158
0.7320001125335693 0.5399999618530273 0.8539999723434448
0.37800002098083496 0.08399999141693115 1.0640000104904175
0.6960000991821289 0.5580000877380371 0.9259999990463257
0.6119999885559082 0.5339999198913574 1.027999997138977
0.7739999294281006 0.5280001163482666 0.800000011920929
0.4020000696182251 0.17400002479553223 1.027999997138977
0.75 0.6059999465942383 0.9500000476837158
0.7439999580383301 0.5039999485015869 0.7940000295639038
0.4320000410079956 0.19200003147125244 0.9500000476837158
0.48000001907348633 -0.059999942779541016 1.628000020980835
0.4020000696182251 0.17400002479553223 1.0220000743865967
0.4739999771118164 -0.12000000476837158 1.6039999723434448
0.630000114440918 0.312000036239624 0.7279999852180481
0.4020000696182251 0.10800004005432129 0.9800000190734863
0.48000001907348633 0.24000000953674316 0.878000020980835
0.48000001907348633 -0.1499999761581421 1.6039999723434448
0.6059999465942383 0.5520000457763672 1.093999981880188
0.624000072479248 0.5399999618530273 1.003999948501587
0.7379999160766602 0.564000129699707 0.878000020980835
0.7320001125335693 0.5039999485015869 0.800000011920929
0.4500000476837158 0.1679999828338623 0.8899999856948853
0.3539999723434448 -0.006000041961669922 1.2020000219345093
0.3539999723434448 0.011999964714050293 1.1779999732971191
0.3539999723434448 -0.029999971389770508 1.24399995803833
0.3539999723434448 -0.029999971389770508 1.25
0.4440000057220459 0.17400002479553223 0.9020000100135803
0.3960000276565552 -0.023999929428100586 1.472000002861023
0.7019999027252197 0.5759999752044678 0.937999963760376
0.6540000438690186 0.5220000743865967 0.9079999923706055
0.4320000410079956 0.17400002479553223 0.9259999990463257
0.3539999723434448 0.024000048637390137 1.1540000438690186
0.48000001907348633 -0.10199999809265137 1.628000020980835
0.5280001163482666 0.26999998092651367 0.812000036239624
0.3539999723434448 0.024000048637390137 1.1480000019073486
0.37199997901916504 0.08399999141693115 1.058000087738037
0.37800002098083496 0.07200002670288086 1.027999997138977
0.4739999771118164 -0.1499999761581421 1.6039999723434448
0.48000001907348633 -0.17400002479553223 1.6039999723434448
0.7320001125335693 0.5339999198913574 0.8300000429153442
0.37800002098083496 0.07200002670288086 1.0220000743865967
0.3539999723434448 0.03600001335144043 1.1299999952316284
0.4020000696182251 0.18599998950958252 1.003999948501587
0.48000001907348633 0.24600005149841309 0.8659999966621399
0.6180000305175781 0.5339999198913574 0.9800000190734863
0.4440000057220459 0.17400002479553223 0.8899999856948853
0.6779999732971191 0.5520000457763672 0.9140000343322754
0.34800004959106445 -0.029999971389770508 1.24399995803833
0.34800004959106445 -0.029999971389770508 1.25
0.4919999837875366 -0.10800004005432129 1.6519999504089355
0.4259999990463257 0.21000003814697266 0.9500000476837158
0.3840000629425049 0.10199999809265137 1.003999948501587
0.7260000705718994 0.5520000457763672 0.8539999723434448
0.5759999752044678 0.2940000295639038 0.7580000162124634
0.4919999837875366 -0.1799999475479126 1.628000020980835
0.7260000705718994 0.6059999465942383 0.9500000476837158
0.37800002098083496 0.1499999761581421 1.0520000457763672
0.4559999704360962 0.20399999618530273 0.878000020980835
0.48000001907348633 -0.1799999475479126 1.6100000143051147
0.6540000438690186 0.5280001163482666 0.9020000100135803
0.4739999771118164 -0.17400002479553223 1.6039999723434448
0.624000072479248 0.5160000324249268 0.9259999990463257
0.6119999885559082 0.5520000457763672 1.027999997138977
0.37199997901916504 0.07200002670288086 1.027999997138977
0.4500000476837158 0.18599998950958252 0.878000020980835
0.37800002098083496 0.156000018119812 1.0520000457763672
0.37800002098083496 0.1499999761581421 1.0460000038146973
0.4500000476837158 0.22800004482269287 0.9020000100135803
0.5039999485015869 0.2640000581741333 0.8300000429153442
0.3539999723434448 0.04799997806549072 1.100000023841858
0.37199997901916504 0.07200002670288086 1.0220000743865967
0.4259999990463257 0.19800007343292236 0.9320000410079956
0.37800002098083496 0.08399999141693115 1.003999948501587
0.6180000305175781 0.5520000457763672 1.003999948501587
0.4020000696182251 -0.03600001335144043 1.5140000581741333
0.5280001163482666 0.2760000228881836 0.800000011920929
0.34200000762939453 -0.006000041961669922 1.2020000219345093
0.5520000457763672 0.2879999876022339 0.7760000228881836
0.6480000019073486 0.5280001163482666 0.9020000100135803
0.6180000305175781 0.5280001163482666 0.9500000476837158
0.38999998569488525 0.1260000467300415 0.9800000190734863
0.7320001125335693 0.5280001163482666 0.8059999942779541
0.7079999446868896 0.5999999046325684 0.9500000476837158
0.6359999179840088 0.5220000743865967 0.9079999923706055
0.4500000476837158 0.19200003147125244 0.871999979019165
0.6059999465942383 0.312000036239624 0.7279999852180481
0.48000001907348633 0.25199997425079346 0.8539999723434448
0.7260000705718994 0.5520000457763672 0.8420000076293945
0.5759999752044678 0.30000007152557373 0.7519999742507935
0.6719999313354492 0.564000129699707 0.9259999990463257
0.4020000696182251 0.19200003147125244 0.9800000190734863
0.4259999990463257 0.20399999618530273 0.9259999990463257
0.624000072479248 0.5520000457763672 0.9800000190734863
0.3539999723434448 0.060000061988830566 1.0759999752044678
0.4200000762939453 0.18599998950958252 0.9259999990463257
0.37199997901916504 0.1499999761581421 1.0460000038146973
0.630000114440918 0.5580000877380371 0.9800000190734863
0.4500000476837158 0.20399999618530273 0.871999979019165
0.4020000696182251 -0.03600001335144043 1.5260000228881836
0.630000114440918 0.3179999589920044 0.7039999961853027
0.7200000286102295 0.564000129699707 0.8600000143051147
0.6180000305175781 0.5759999752044678 1.0520000457763672
0.6779999732971191 0.5759999752044678 0.9320000410079956
0.3840000629425049 -0.029999971389770508 1.4839999675750732
0.37800002098083496 0.1679999828338623 1.027999997138977
0.624000072479248 0.5220000743865967 0.9140000343322754
0.4259999990463257 0.18000006675720215 0.9020000100135803
0.4440000057220459 0.22200000286102295 0.8899999856948853
0.4259999990463257 0.21000003814697266 0.9200000166893005
0.6180000305175781 0.5759999752044678 1.0460000038146973
0.437999963760376 0.18599998950958252 0.878000020980835
0.4020000696182251 0.19800007343292236 0.9679999947547913
0.6180000305175781 0.3179999589920044 0.7100000381469727
0.6540000438690186 0.5520000457763672 0.9140000343322754
0.7019999027252197 0.6059999465942383 0.9500000476837158
0.37800002098083496 0.17400002479553223 1.0220000743865967
0.37800002098083496 -0.023999929428100586 1.4779999256134033
0.37800002098083496 0.10800004005432129 0.9800000190734863
0.3539999723434448 0.07200002670288086 1.0520000457763672
0.6180000305175781 0.5280001163482666 0.9259999990463257
0.36600005626678467 0.156000018119812 1.0520000457763672
0.5039999485015869 0.26999998092651367 0.812000036239624
0.624000072479248 0.5280001163482666 0.9140000343322754
0.4500000476837158 -0.04799997806549072 1.628000020980835
0.7019999027252197 0.6059999465942383 0.9440000057220459
0.4620000123977661 -0.1799999475479126 1.6100000143051147
0.4500000476837158 -0.06599998474121094 1.628000020980835
0.4500000476837158 0.24000000953674316 0.878000020980835
0.630000114440918 0.564000129699707 0.9679999947547913
0.33000004291534424 -0.018000006675720215 1.2260000705718994
0.33000004291534424 0.006000041961669922 1.1779999732971191
0.33000004291534424 -0.023999929428100586 1.25
0.5520000457763672 0.2940000295639038 0.7580000162124634
0.4440000057220459 0.22800004482269287 0.878000020980835
0.33000004291534424 0.018000006675720215 1.1540000438690186
0.3539999723434448 0.07800006866455078 1.027999997138977
0.4440000057220459 -0.04799997806549072 1.628000020980835
0.33000004291534424 0.024000048637390137 1.1419999599456787
0.37800002098083496 0.18599998950958252 1.003999948501587
0.4440000057220459 -0.06599998474121094 1.628000020980835
0.4020000696182251 0.21000003814697266 0.9500000476837158
0.33000004291534424 0.029999971389770508 1.1299999952316284
0.624000072479248 0.5580000877380371 0.9500000476837158
0.48000001907348633 0.2640000581741333 0.8300000429153442
0.5280001163482666 0.2879999876022339 0.7760000228881836
0.36000001430511475 -0.011999964714050293 1.4539999961853027
0.37800002098083496 -0.0419999361038208 1.5019999742507935
0.6840000152587891 0.6059999465942383 0.9500000476837158
0.5039999485015869 0.2760000228881836 0.800000011920929
0.4140000343322754 0.18599998950958252 0.9020000100135803
0.4500000476837158 -0.12000000476837158 1.628000020980835
0.4259999990463257 0.22800004482269287 0.9020000100135803
0.5520000457763672 0.30000007152557373 0.7519999742507935
0.6540000438690186 0.5759999752044678 0.9320000410079956
0.5759999752044678 0.3059999942779541 0.7279999852180481
0.37800002098083496 0.1260000467300415 0.9559999704360962
0.3539999723434448 -0.011999964714050293 1.4420000314712524
0.37800002098083496 0.12000000476837158 0.9500000476837158
0.34800004959106445 0.07800006866455078 1.027999997138977
0.3840000629425049 -0.0419999361038208 1.5260000228881836
0.36000001430511475 0.16200006008148193 1.027999997138977
0.4500000476837158 0.24600005149841309 0.8600000143051147
0.624000072479248 0.5520000457763672 0.9259999990463257
0.33000004291534424 0.04799997806549072 1.100000023841858
0.3539999723434448 0.08399999141693115 1.003999948501587
0.630000114440918 0.5520000457763672 0.9140000343322754
0.4140000343322754 0.20399999618530273 0.9020000100135803
0.33000004291534424 0.04799997806549072 1.093999981880188
0.3240000009536743 0.029999971389770508 1.1299999952316284
0.6779999732971191 0.6059999465942383 0.9440000057220459
0.4440000057220459 -0.12000000476837158 1.628000020980835
0.3179999589920044 -0.018000006675720215 1.2260000705718994
0.624000072479248 0.5520000457763672 0.9200000166893005
0.4500000476837158 -0.1499999761581421 1.628000020980835
0.37800002098083496 0.19200003147125244 0.9800000190734863
0.3179999589920044 -0.018000006675720215 1.25
0.4200000762939453 0.19200003147125244 0.878000020980835
0.4500000476837158 -0.07200002670288086 1.6519999504089355
0.6180000305175781 0.5880000591278076 1.003999948501587
0.4259999990463257 0.19800007343292236 0.8659999966621399
0.4500000476837158 0.25199997425079346 0.8539999723434448
0.630000114440918 0.5759999752044678 0.9500000476837158
0.630000114440918 0.564000129699707 0.9259999990463257
0.33000004291534424 0.060000061988830566 1.0759999752044678
0.37199997901916504 0.1260000467300415 0.9500000476837158
0.4020000696182251 0.21599996089935303 0.9259999990463257
0.6119999885559082 0.5759999752044678 0.9800000190734863
0.624000072479248 0.5759999752044678 0.9559999704360962
0.48000001907348633 0.26999998092651367 0.812000036239624
0.5759999752044678 0.312000036239624 0.7160000205039978
0.36600005626678467 -0.0419999361038208 1.5019999742507935
0.4500000476837158 -0.17400002479553223 1.628000020980835
0.37800002098083496 0.19800007343292236 0.9679999947547913
0.5280001163482666 0.2940000295639038 0.7580000162124634
0.3539999723434448 0.09599995613098145 0.9800000190734863
0.4500000476837158 -0.11399996280670166 1.6519999504089355
0.312000036239624 0.006000041961669922 1.1779999732971191
0.3539999723434448 0.10199999809265137 0.9800000190734863
0.4440000057220459 -0.17400002479553223 1.621999979019165
0.3539999723434448 -0.023999929428100586 1.4779999256134033
0.4200000762939453 0.19800007343292236 0.8659999966621399
0.6359999179840088 0.5759999752044678 0.9259999990463257
0.4500000476837158 -0.18599998950958252 1.628000020980835
0.33000004291534424 0.07200002670288086 1.0520000457763672
0.4440000057220459 -0.1799999475479126 1.621999979019165
0.6660001277923584 0.6119999885559082 0.9500000476837158
0.4140000343322754 0.20399999618530273 0.878000020980835
0.34200000762939453 0.08399999141693115 1.003999948501587
0.3539999723434448 -0.029999971389770508 1.4839999675750732
0.33000004291534424 0.07200002670288086 1.0460000038146973
0.437999963760376 -0.1499999761581421 1.628000020980835
0.3539999723434448 0.17400002479553223 1.0099999904632568
0.4320000410079956 0.22800004482269287 0.8539999723434448
0.4259999990463257 0.21000003814697266 0.8539999723434448
0.5039999485015869 0.2879999876022339 0.7760000228881836
0.5520000457763672 0.3059999942779541 0.7279999852180481
0.3539999723434448 0.156000018119812 0.9919999837875366
0.624000072479248 0.6059999465942383 1.003999948501587
0.5280001163482666 0.30000007152557373 0.7519999742507935
0.437999963760376 0.25199997425079346 0.8539999723434448
0.33000004291534424 0.0 1.4179999828338623
0.34800004959106445 0.10199999809265137 0.9800000190734863
0.6540000438690186 0.6059999465942383 0.9440000057220459
0.48000001907348633 0.2760000228881836 0.800000011920929
0.37800002098083496 0.20399999618530273 0.9500000476837158
0.3539999723434448 0.18000006675720215 1.003999948501587
0.4140000343322754 -0.03600001335144043 1.621999979019165
0.36600005626678467 -0.0419999361038208 1.5260000228881836
0.3539999723434448 0.1499999761581421 0.9800000190734863
0.3059999942779541 0.011999964714050293 1.1540000438690186
0.4259999990463257 0.21599996089935303 0.8479999899864197
0.4140000343322754 0.22800004482269287 0.878000020980835
0.437999963760376 -0.17400002479553223 1.628000020980835
0.4020000696182251 0.22800004482269287 0.9020000100135803
0.33000004291534424 -0.006000041961669922 1.4300000667572021
0.4200000762939453 0.21000003814697266 0.8539999723434448
0.4140000343322754 -0.03600001335144043 1.628000020980835
0.5580000877380371 0.312000036239624 0.7160000205039978
0.4500000476837158 0.2640000581741333 0.8300000429153442
0.30000007152557373 0.0 1.2020000219345093
0.30000007152557373 -0.006000041961669922 1.2020000219345093
0.437999963760376 -0.18599998950958252 1.628000020980835
0.3539999723434448 0.12000000476837158 0.9500000476837158
0.34800004959106445 0.18000006675720215 1.003999948501587
0.34200000762939453 -0.029999971389770508 1.4779999256134033
0.4259999990463257 -0.04799997806549072 1.6519999504089355
0.4559999704360962 -0.19200003147125244 1.6579999923706055
0.3539999723434448 0.12000000476837158 0.9440000057220459
0.4259999990463257 0.22800004482269287 0.8420000076293945
0.4259999990463257 -0.07200002670288086 1.6519999504089355
0.30000007152557373 0.024000048637390137 1.1419999599456787
0.4259999990463257 -0.07799994945526123 1.6519999504089355
0.6180000305175781 0.6059999465942383 0.9800000190734863
0.33000004291534424 -0.018000006675720215 1.4539999961853027
0.3539999723434448 0.19200003147125244 0.9800000190734863
0.4200000762939453 -0.07200002670288086 1.6460000276565552
0.2940000295639038 0.0 1.2260000705718994
0.4200000762939453 -0.07799994945526123 1.6460000276565552
0.2940000295639038 -0.006000041961669922 1.2020000219345093
0.4200000762939453 0.22200000286102295 0.8420000076293945
0.630000114440918 0.6059999465942383 0.9500000476837158
0.37800002098083496 0.21599996089935303 0.9259999990463257
0.4140000343322754 0.22800004482269287 0.8539999723434448
0.630000114440918 0.6059999465942383 0.9440000057220459
0.5039999485015869 0.2940000295639038 0.7519999742507935
0.4259999990463257 -0.12000000476837158 1.6519999504089355
0.30000007152557373 0.04799997806549072 1.100000023841858
0.3059999942779541 0.011999964714050293 1.3819999694824219
0.4259999990463257 -0.1260000467300415 1.6519999504089355
0.5280001163482666 0.3059999942779541 0.7279999852180481
0.30000007152557373 0.04799997806549072 1.093999981880188
0.34200000762939453 0.1679999828338623 0.9800000190734863
0.3359999656677246 0.17400002479553223 1.003999948501587
0.33000004291534424 0.09599995613098145 0.9800000190734863
0.3539999723434448 0.13199996948242188 0.9259999990463257
0.5039999485015869 0.30000007152557373 0.7519999742507935
0.30000007152557373 0.018000006675720215 1.3580000400543213
0.4140000343322754 -0.04799997806549072 1.6519999504089355
0.3539999723434448 0.19800007343292236 0.9620000123977661
0.48000001907348633 0.2879999876022339 0.7760000228881836
0.5339999198913574 0.312000036239624 0.722000002861023
0.33000004291534424 0.09599995613098145 0.9739999771118164
0.4500000476837158 0.26999998092651367 0.8059999942779541
0.30000007152557373 0.060000061988830566 1.0759999752044678
0.2879999876022339 0.018000006675720215 1.1540000438690186
0.37800002098083496 0.22200000286102295 0.9079999923706055
0.3179999589920044 0.09000003337860107 1.003999948501587
0.6180000305175781 0.630000114440918 1.003999948501587
0.4200000762939453 -0.1499999761581421 1.6460000276565552
0.3240000009536743 0.09599995613098145 0.9800000190734863
0.3539999723434448 0.20399999618530273 0.9500000476837158
0.624000072479248 0.6180000305175781 0.9559999704360962
0.4259999990463257 0.2580000162124634 0.8300000429153442
0.3179999589920044 0.1499999761581421 1.027999997138977
0.2820000648498535 0.006000041961669922 1.2139999866485596
0.4259999990463257 -0.08399999141693115 1.6759999990463257
0.4500000476837158 0.2760000228881836 0.800000011920929
0.3240000009536743 0.09599995613098145 0.9739999771118164
0.40799999237060547 -0.07200002670288086 1.6519999504089355
0.37800002098083496 0.22800004482269287 0.9020000100135803
0.3359999656677246 0.18000006675720215 0.9800000190734863
0.40799999237060547 -0.07799994945526123 1.6519999504089355
0.4140000343322754 0.24000000953674316 0.8359999656677246
0.30000007152557373 0.006000041961669922 1.4000000953674316
0.30000007152557373 0.07200002670288086 1.0520000457763672
0.624000072479248 0.630000114440918 0.9739999771118164
0.33000004291534424 -0.03600001335144043 1.5019999742507935
0.30000007152557373 0.07200002670288086 1.0460000038146973
0.4200000762939453 -0.17400002479553223 1.6460000276565552
0.6180000305175781 0.630000114440918 0.9800000190734863
0.2820000648498535 0.029999971389770508 1.1299999952316284
0.33000004291534424 0.12000000476837158 0.9500000476837158
0.3359999656677246 0.156000018119812 0.9500000476837158
0.3179999589920044 -0.023999929428100586 1.4779999256134033
0.4140000343322754 -0.04799997806549072 1.6759999990463257
0.4020000696182251 0.25199997425079346 0.8539999723434448
0.2760000228881836 0.006000041961669922 1.1779999732971191
0.4259999990463257 -0.1979999542236328 1.6519999504089355
0.30000007152557373 -0.006000041961669922 1.4240000247955322
0.30000007152557373 0.08399999141693115 1.027999997138977
0.4259999990463257 -0.1260000467300415 1.6820000410079956
0.30000007152557373 -0.006000041961669922 1.4300000667572021
0.4200000762939453 -0.1979999542236328 1.6460000276565552
0.48000001907348633 0.2940000295639038 0.7519999742507935
0.5039999485015869 0.3059999942779541 0.7279999852180481
0.3539999723434448 0.21599996089935303 0.9259999990463257
0.437999963760376 -0.1979999542236328 1.6759999990463257
0.2760000228881836 0.024000048637390137 1.1299999952316284
0.48000001907348633 0.30000007152557373 0.7519999742507935
0.33000004291534424 -0.0419999361038208 1.5260000228881836
0.40799999237060547 -0.1499999761581421 1.6519999504089355
0.6180000305175781 0.6540000438690186 1.0160000324249268
0.33000004291534424 0.156000018119812 0.9440000057220459
0.5039999485015869 0.3059999942779541 0.722000002861023
0.37800002098083496 0.24000000953674316 0.878000020980835
0.2820000648498535 0.060000061988830566 1.0759999752044678
0.33000004291534424 0.1260000467300415 0.9259999990463257
0.40799999237060547 -0.08399999141693115 1.6759999990463257
0.4259999990463257 0.26999998092651367 0.8059999942779541
0.4259999990463257 -0.20399999618530273 1.6640000343322754
0.4500000476837158 0.2820000648498535 0.7760000228881836
0.30000007152557373 -0.018000006675720215 1.4539999961853027
0.2760000228881836 0.04799997806549072 1.100000023841858
0.4739999771118164 0.30000007152557373 0.7519999742507935
0.33000004291534424 0.19800007343292236 0.9620000123977661
0.26999998092651367 0.024000048637390137 1.1359999179840088
0.2760000228881836 0.04799997806549072 1.093999981880188
0.40799999237060547 -0.17400002479553223 1.6519999504089355
0.2760000228881836 0.029999971389770508 1.3519999980926514
0.3059999942779541 0.10199999809265137 0.9800000190734863
0.4020000696182251 -0.054000020027160645 1.6759999990463257
0.3960000276565552 -0.07200002670288086 1.6640000343322754
0.2760000228881836 0.024000048637390137 1.3580000400543213
0.49800002574920654 0.3059999942779541 0.722000002861023
0.3960000276565552 -0.08399999141693115 1.6640000343322754
0.3539999723434448 0.22200000286102295 0.9079999923706055
0.2640000581741333 0.011999964714050293 1.1779999732971191
0.4020000696182251 0.2580000162124634 0.8300000429153442
0.33000004291534424 0.13199996948242188 0.9140000343322754
0.4259999990463257 0.2760000228881836 0.800000011920929
0.2760000228881836 0.018000006675720215 1.375999927520752
0.33000004291534424 0.20399999618530273 0.9500000476837158
0.4259999990463257 -0.20399999618530273 1.6759999990463257
0.40799999237060547 -0.1979999542236328 1.6519999504089355
0.3539999723434448 0.22800004482269287 0.9020000100135803
0.26999998092651367 0.029999971389770508 1.3519999980926514
0.30000007152557373 0.1499999761581421 1.003999948501587
0.30000007152557373 -0.029999971389770508 1.4779999256134033
0.30000007152557373 0.156000018119812 1.003999948501587
0.2760000228881836 0.06599998474121094 1.0520000457763672
0.2760000228881836 0.006000041961669922 1.4000000953674316
0.37800002098083496 0.24600005149841309 0.8539999723434448
0.3059999942779541 0.10199999809265137 0.9500000476837158
0.40799999237060547 -0.059999942779541016 1.7000000476837158
0.4020000696182251 -0.13199996948242188 1.6759999990463257
0.3179999589920044 0.156000018119812 0.937999963760376
0.48000001907348633 0.3059999942779541 0.7279999852180481
0.37800002098083496 0.25199997425079346 0.8539999723434448
0.2760000228881836 0.07200002670288086 1.0399999618530273
0.3960000276565552 -0.1499999761581421 1.6640000343322754
0.30000007152557373 0.14400005340576172 0.9800000190734863
0.2940000295639038 0.1380000114440918 0.9919999837875366
0.2760000228881836 -0.006000041961669922 1.4240000247955322
0.30000007152557373 -0.0419999361038208 1.5019999742507935
0.30000007152557373 0.16200006008148193 0.9800000190734863
0.2760000228881836 0.08399999141693115 1.027999997138977
0.33000004291534424 0.21599996089935303 0.9259999990463257
0.4500000476837158 0.2940000295639038 0.7519999742507935
0.2760000228881836 -0.006000041961669922 1.4300000667572021
0.2640000581741333 0.011999964714050293 1.375999927520752
0.25199997425079346 0.018000006675720215 1.1540000438690186
0.3960000276565552 -0.17400002479553223 1.6640000343322754
0.3539999723434448 0.23399996757507324 0.878000020980835
0.2580000162124634 0.024000048637390137 1.3459999561309814
0.3840000629425049 -0.07200002670288086 1.6759999990463257
0.4020000696182251 -0.09000003337860107 1.7000000476837158
0.3059999942779541 -0.0419999361038208 1.5260000228881836
0.4259999990463257 0.2820000648498535 0.7760000228881836
0.4020000696182251 -0.20399999618530273 1.6640000343322754
0.30000007152557373 0.18000006675720215 0.9800000190734863
0.25199997425079346 0.029999971389770508 1.1299999952316284
0.2879999876022339 0.156000018119812 1.003999948501587
0.4500000476837158 0.2940000295639038 0.7459999918937683
0.3840000629425049 -0.09000003337860107 1.6759999990463257
0.25199997425079346 0.04200005531311035 1.315999984741211
0.312000036239624 0.13199996948242188 0.9140000343322754
0.30000007152557373 0.14400005340576172 0.9500000476837158
0.25199997425079346 0.03600001335144043 1.3280000686645508
0.4020000696182251 0.26999998092651367 0.800000011920929
0.2940000295639038 0.10800004005432129 0.9500000476837158
0.2820000648498535 0.1380000114440918 1.003999948501587
0.3960000276565552 -0.1979999542236328 1.6640000343322754
0.2760000228881836 0.09599995613098145 1.003999948501587
0.2760000228881836 -0.018000006675720215 1.4539999961853027
0.2940000295639038 0.16200006008148193 0.9739999771118164
0.25199997425079346 0.03600001335144043 1.100000023841858
0.30000007152557373 0.156000018119812 0.9500000476837158
0.4020000696182251 0.2760000228881836 0.800000011920929
0.3960000276565552 -0.20399999618530273 1.6640000343322754
0.24600005149841309 0.024000048637390137 1.1419999599456787
0.37800002098083496 0.2580000162124634 0.8300000429153442
0.2760000228881836 0.09599995613098145 0.9980000257492065
0.33000004291534424 0.22200000286102295 0.9079999923706055
0.25199997425079346 0.024000048637390137 1.3519999980926514
0.4020000696182251 -0.1380000114440918 1.7000000476837158
0.25199997425079346 0.04799997806549072 1.0880000591278076
0.30000007152557373 0.12000000476837158 0.9259999990463257
0.30000007152557373 0.1260000467300415 0.9259999990463257
0.25199997425079346 0.054000020027160645 1.0820000171661377
0.4020000696182251 -0.21000003814697266 1.6759999990463257
0.33000004291534424 0.22800004482269287 0.9020000100135803
0.2640000581741333 -0.006000041961669922 1.4300000667572021
0.3840000629425049 -0.1499999761581421 1.6759999990463257
0.24000000953674316 0.024000048637390137 1.1540000438690186
0.30000007152557373 0.19800007343292236 0.9559999704360962
0.2760000228881836 -0.029999971389770508 1.4779999256134033
0.2760000228881836 0.10800004005432129 0.9800000190734863
0.2879999876022339 0.18000006675720215 0.9800000190734863
0.3539999723434448 0.24600005149841309 0.8539999723434448
0.7620000839233398 0.7739999294281006 1.4420000314712524
0.4500000476837158 0.30000007152557373 0.7279999852180481
0.3539999723434448 0.25199997425079346 0.8539999723434448
0.2820000648498535 0.16200006008148193 0.9800000190734863
0.25199997425079346 0.06599998474121094 1.0520000457763672
0.25199997425079346 0.006000041961669922 1.4000000953674316
0.37199997901916504 -0.09000003337860107 1.6820000410079956
0.30000007152557373 0.20399999618530273 0.9500000476837158
0.3840000629425049 -0.09599995613098145 1.7000000476837158
0.37199997901916504 -0.07200002670288086 1.687999963760376
0.38999998569488525 -0.1380000114440918 1.7000000476837158
0.4259999990463257 0.2940000295639038 0.7519999742507935
0.37800002098083496 -0.059999942779541016 1.7000000476837158
0.23399996757507324 0.029999971389770508 1.1540000438690186
0.25199997425079346 0.07200002670288086 1.0399999618530273
0.75 0.7620000839233398 1.4779999256134033
0.25199997425079346 -0.006000041961669922 1.4179999828338623
0.23399996757507324 0.029999971389770508 1.1299999952316284
0.7560000419616699 0.7739999294281006 1.4539999961853027
0.34800004959106445 0.25199997425079346 0.8539999723434448
0.4020000696182251 0.2820000648498535 0.7760000228881836
0.4259999990463257 0.2940000295639038 0.7459999918937683
0.37800002098083496 -0.17400002479553223 1.6759999990463257
0.2760000228881836 -0.0419999361038208 1.5019999742507935
0.25199997425079346 0.07800006866455078 1.027999997138977
0.33000004291534424 0.23399996757507324 0.878000020980835
0.7680001258850098 0.7980000972747803 1.3940000534057617
0.2820000648498535 -0.04799997806549072 1.5260000228881836
0.7680001258850098 0.7980000972747803 1.4000000953674316
0.2760000228881836 0.1260000467300415 0.9500000476837158
0.23399996757507324 0.024000048637390137 1.3459999561309814
0.37800002098083496 0.26999998092651367 0.800000011920929
0.22800004482269287 0.060000061988830566 1.2739999294281006
0.22800004482269287 0.054000020027160645 1.2799999713897705
0.37199997901916504 -0.1499999761581421 1.6820000410079956
0.2820000648498535 0.11399996280670166 0.9259999990463257
0.22800004482269287 0.04799997806549072 1.2920000553131104
0.37800002098083496 -0.10199999809265137 1.7059999704360962
0.22800004482269287 0.04200005531311035 1.3040000200271606
0.37800002098083496 0.2760000228881836 0.800000011920929
0.37800002098083496 -0.1979999542236328 1.6759999990463257
0.30000007152557373 0.21599996089935303 0.9259999990463257
0.23399996757507324 0.04799997806549072 1.0820000171661377
0.75 0.7860000133514404 1.4300000667572021
0.26999998092651367 -0.04799997806549072 1.5019999742507935
0.3539999723434448 0.2580000162124634 0.8300000429153442
0.2580000162124634 0.13199996948242188 1.003999948501587
0.2820000648498535 0.12000000476837158 0.9200000166893005
0.75 0.7799999713897705 1.4539999961853027
0.22800004482269287 0.03600001335144043 1.3280000686645508
0.25199997425079346 0.09599995613098145 1.003999948501587
0.25199997425079346 -0.018000006675720215 1.4539999961853027
0.37800002098083496 -0.21000003814697266 1.6759999990463257
0.37199997901916504 -0.17400002479553223 1.6820000410079956
0.4259999990463257 0.30000007152557373 0.7339999675750732
0.22800004482269287 0.04200005531311035 1.100000023841858
0.25199997425079346 0.09599995613098145 0.9980000257492065
0.2580000162124634 0.10800004005432129 0.9800000190734863
0.7260000705718994 0.7560000419616699 1.5019999742507935
0.22800004482269287 0.024000048637390137 1.3519999980926514
0.37199997901916504 0.2760000228881836 0.800000011920929
0.7320001125335693 0.7680001258850098 1.4779999256134033
0.2760000228881836 0.1260000467300415 0.9259999990463257
0.22200000286102295 0.03600001335144043 1.1299999952316284
0.7200000286102295 0.7560000419616699 1.5019999742507935
0.7260000705718994 0.7739999294281006 1.4600000381469727
0.22800004482269287 0.054000020027160645 1.0759999752044678
0.4200000762939453 0.30000007152557373 0.7339999675750732
0.33000004291534424 0.24600005149841309 0.8539999723434448
0.25199997425079346 -0.029999971389770508 1.472000002861023
0.37199997901916504 -0.1979999542236328 1.6820000410079956
0.24600005149841309 -0.018000006675720215 1.4539999961853027
0.22800004482269287 0.011999964714050293 1.375999927520752
0.7560000419616699 0.809999942779541 1.375999927520752
0.2760000228881836 0.19800007343292236 0.9559999704360962
0.37800002098083496 -0.06599998474121094 1.7300000190734863
0.2760000228881836 0.1260000467300415 0.9140000343322754
0.25199997425079346 -0.029999971389770508 1.4779999256134033
0.30000007152557373 0.22200000286102295 0.9020000100135803
0.75 0.8039999008178711 1.4000000953674316
0.4020000696182251 0.2940000295639038 0.7519999742507935
0.26999998092651367 0.12000000476837158 0.9259999990463257
0.33000004291534424 0.24600005149841309 0.8479999899864197
0.37199997901916504 -0.21000003814697266 1.6820000410079956
0.7260000705718994 0.7799999713897705 1.4539999961853027
0.30000007152557373 0.22800004482269287 0.9020000100135803
0.2760000228881836 0.20399999618530273 0.9500000476837158
0.7379999160766602 0.7980000972747803 1.4119999408721924
0.25199997425079346 0.1679999828338623 1.003999948501587
0.37199997901916504 -0.04799997806549072 1.7300000190734863
0.3539999723434448 -0.07200002670288086 1.7000000476837158
0.22800004482269287 0.06599998474121094 1.0520000457763672
0.37199997901916504 -0.054000020027160645 1.7300000190734863
0.25199997425079346 0.14400005340576172 0.9860000014305115
0.22800004482269287 0.0 1.4000000953674316
0.37800002098083496 0.2820000648498535 0.7760000228881836
0.75 0.8159999847412109 1.3580000400543213
0.3539999723434448 -0.04799997806549072 1.7059999704360962
0.25199997425079346 0.18000006675720215 1.003999948501587
0.3539999723434448 -0.12000000476837158 1.694000005722046
0.25199997425079346 0.156000018119812 0.9860000014305115
0.3539999723434448 -0.09599995613098145 1.7000000476837158
0.26999998092651367 0.1260000467300415 0.9140000343322754
0.7079999446868896 0.7680001258850098 1.4779999256134033
0.22800004482269287 0.07200002670288086 1.0399999618530273
0.7260000705718994 0.7920000553131104 1.4300000667572021
0.4020000696182251 0.2940000295639038 0.7400000095367432
0.37800002098083496 -0.13199996948242188 1.7300000190734863
0.2640000581741333 0.1260000467300415 0.9259999990463257
0.2940000295639038 0.22800004482269287 0.9020000100135803
0.22800004482269287 -0.006000041961669922 1.4179999828338623
0.3539999723434448 0.26999998092651367 0.800000011920929
0.3539999723434448 -0.12000000476837158 1.7000000476837158
0.24000000953674316 0.13199996948242188 1.003999948501587
0.22800004482269287 0.07800006866455078 1.027999997138977
0.37800002098083496 -0.22200000286102295 1.7000000476837158
0.25199997425079346 0.11399996280670166 0.9500000476837158
0.24600005149841309 0.156000018119812 0.9919999837875366
0.22800004482269287 -0.011999964714050293 1.4300000667572021
0.7019999027252197 0.7739999294281006 1.4660000801086426
0.7260000705718994 0.8039999008178711 1.4000000953674316
0.34800004959106445 -0.09599995613098145 1.7000000476837158
0.25199997425079346 0.1260000467300415 0.9500000476837158
0.34200000762939453 -0.0419999361038208 1.7000000476837158
0.2760000228881836 0.21000003814697266 0.9259999990463257
0.3539999723434448 0.26999998092651367 0.7940000295639038
0.37199997901916504 -0.10199999809265137 1.7360000610351562
0.20399999618530273 0.06599998474121094 1.25
0.33000004291534424 0.2580000162124634 0.8300000429153442
0.21000003814697266 0.04200005531311035 1.100000023841858
0.20399999618530273 0.07200002670288086 1.24399995803833
0.20399999618530273 0.07800006866455078 1.2319999933242798
0.30000007152557373 0.23399996757507324 0.878000020980835
0.7019999027252197 0.7799999713897705 1.4539999961853027
0.7379999160766602 0.8220000267028809 1.3459999561309814
0.20399999618530273 0.054000020027160645 1.2799999713897705
0.25199997425079346 0.18599998950958252 0.9800000190734863
0.20399999618530273 0.04799997806549072 1.2860000133514404
0.7379999160766602 0.8220000267028809 1.3519999980926514
0.3539999723434448 -0.1499999761581421 1.7000000476837158
0.6960000991821289 0.7620000839233398 1.5019999742507935
0.34800004959106445 -0.12000000476837158 1.7000000476837158
0.20399999618530273 0.04200005531311035 1.3040000200271606
0.25199997425079346 -0.054000020027160645 1.5199999809265137
0.24600005149841309 0.11399996280670166 0.9500000476837158
0.7139999866485596 0.8039999008178711 1.4000000953674316
0.22800004482269287 0.09599995613098145 1.003999948501587
0.20399999618530273 0.03600001335144043 1.3280000686645508
0.20399999618530273 0.054000020027160645 1.1180000305175781
0.34200000762939453 -0.07200002670288086 1.7059999704360962
0.25199997425079346 -0.054000020027160645 1.5260000228881836
0.7260000705718994 0.8159999847412109 1.375999927520752
0.24600005149841309 0.1260000467300415 0.9500000476837158
0.7019999027252197 0.7920000553131104 1.4300000667572021
0.690000057220459 0.7739999294281006 1.472000002861023
0.20399999618530273 0.10800004005432129 1.1540000438690186
0.3539999723434448 -0.17400002479553223 1.7000000476837158
0.37800002098083496 0.2879999876022339 0.7519999742507935
0.23399996757507324 0.156000018119812 1.003999948501587
0.20399999618530273 0.024000048637390137 1.3459999561309814
0.34800004959106445 -0.1499999761581421 1.7000000476837158
0.24600005149841309 0.1260000467300415 0.9440000057220459
0.22800004482269287 0.09599995613098145 0.9919999837875366
0.20399999618530273 0.11399996280670166 1.1419999599456787
0.20399999618530273 0.024000048637390137 1.3519999980926514
0.7200000286102295 0.8159999847412109 1.375999927520752
0.7019999027252197 0.7980000972747803 1.4179999828338623
0.22800004482269287 0.16200006008148193 1.027999997138977
0.22200000286102295 0.1260000467300415 1.027999997138977
0.6660001277923584 0.7620000839233398 1.4779999256134033
0.20399999618530273 0.04799997806549072 1.0820000171661377
0.22800004482269287 -0.029999971389770508 1.472000002861023
0.25199997425079346 0.19800007343292236 0.9559999704360962
0.20399999618530273 0.1260000467300415 1.1299999952316284
0.20399999618530273 0.054000020027160645 1.0759999752044678
0.2760000228881836 0.22200000286102295 0.9020000100135803
0.22800004482269287 0.10199999809265137 0.9800000190734863
0.34800004959106445 -0.17400002479553223 1.7000000476837158
0.21000003814697266 0.1260000467300415 1.0759999752044678
0.20399999618530273 0.011999964714050293 1.375999927520752
0.3539999723434448 -0.1979999542236328 1.7000000476837158
0.22800004482269287 -0.029999971389770508 1.4779999256134033
0.6779999732971191 0.7799999713897705 1.4539999961853027
0.3539999723434448 0.2820000648498535 0.7760000228881836
0.7260000705718994 0.8280000686645508 1.3519999980926514
0.22200000286102295 0.1380000114440918 1.0160000324249268
0.19800007343292236 0.04799997806549072 1.100000023841858
0.7139999866485596 0.8220000267028809 1.3580000400543213
0.6779999732971191 0.7739999294281006 1.4779999256134033
0.690000057220459 0.7980000972747803 1.4179999828338623
0.30000007152557373 0.24600005149841309 0.8539999723434448
0.25199997425079346 0.20399999618530273 0.9500000476837158
0.22800004482269287 0.1260000467300415 0.9800000190734863
0.7260000705718994 0.8340001106262207 1.3280000686645508
0.37800002098083496 0.2940000295639038 0.7400000095367432
0.6719999313354492 0.7799999713897705 1.4539999961853027
0.36600005626678467 -0.059999942779541016 1.7599999904632568
0.20399999618530273 0.06599998474121094 1.0520000457763672
0.6840000152587891 0.7799999713897705 1.4779999256134033
0.30000007152557373 0.24600005149841309 0.8479999899864197
0.20399999618530273 0.0 1.4000000953674316
0.6779999732971191 0.7920000553131104 1.4300000667572021
0.34800004959106445 -0.1979999542236328 1.7000000476837158
0.22800004482269287 0.18000006675720215 1.003999948501587
0.7200000286102295 0.8340001106262207 1.3280000686645508
0.3539999723434448 -0.22200000286102295 1.7000000476837158
0.33000004291534424 0.26999998092651367 0.800000011920929
0.20399999618530273 0.07200002670288086 1.0399999618530273
0.20399999618530273 -0.006000041961669922 1.4119999408721924
0.21599996089935303 0.156000018119812 1.027999997138977
0.19200003147125244 0.054000020027160645 1.100000023841858
0.37199997901916504 0.2940000295639038 0.7400000095367432
0.22800004482269287 -0.0419999361038208 1.5019999742507935
0.33000004291534424 0.26999998092651367 0.7940000295639038
0.6600000858306885 0.7739999294281006 1.472000002861023
0.19200003147125244 0.11399996280670166 1.1299999952316284
0.20399999618530273 0.07800006866455078 1.027999997138977
0.3240000009536743 -0.04799997806549072 1.7120000123977661
0.34800004959106445 -0.22200000286102295 1.7000000476837158
0.25199997425079346 0.21000003814697266 0.9259999990463257
0.20399999618530273 -0.011999964714050293 1.4300000667572021
0.2760000228881836 0.23399996757507324 0.878000020980835
0.7019999027252197 0.8280000686645508 1.3519999980926514
0.19200003147125244 0.054000020027160645 1.0759999752044678
0.22200000286102295 0.18000006675720215 1.003999948501587
0.21000003814697266 -0.023999929428100586 1.4539999961853027
0.20399999618530273 0.1380000114440918 1.0520000457763672
0.22800004482269287 0.18599998950958252 0.9800000190734863
0.19800007343292236 0.13199996948242188 1.0759999752044678
0.18000006675720215 0.06599998474121094 1.25
0.18000006675720215 0.07200002670288086 1.2319999933242798
0.18000006675720215 0.07800006866455078 1.2260000705718994
0.6600000858306885 0.7920000553131104 1.4300000667572021
0.3539999723434448 -0.22800004482269287 1.7120000123977661
0.18000006675720215 0.054000020027160645 1.2799999713897705
0.18000006675720215 0.08399999141693115 1.2020000219345093
0.6779999732971191 0.809999942779541 1.4000000953674316
0.22200000286102295 0.12000000476837158 0.9559999704360962
0.18000006675720215 0.04799997806549072 1.2920000553131104
0.3539999723434448 0.2879999876022339 0.7519999742507935
0.30000007152557373 0.2580000162124634 0.8300000429153442
0.18000006675720215 0.04200005531311035 1.3040000200271606
0.3240000009536743 -0.07200002670288086 1.718000054359436
0.6600000858306885 0.7799999713897705 1.4779999256134033
0.6600000858306885 0.7980000972747803 1.4179999828338623
0.18000006675720215 0.09599995613098145 1.1779999732971191
0.20399999618530273 0.09000003337860107 1.003999948501587
0.22800004482269287 -0.054000020027160645 1.5260000228881836
0.21000003814697266 0.09599995613098145 0.9800000190734863
0.20399999618530273 0.11399996280670166 1.0099999904632568
0.18000006675720215 0.029999971389770508 1.3280000686645508
0.6059999465942383 0.7620000839233398 1.4359999895095825
0.7019999027252197 0.8399999141693115 1.315999984741211
0.19800007343292236 0.1380000114440918 1.0520000457763672
0.19200003147125244 0.10800004005432129 1.0640000104904175
0.5940001010894775 0.7560000419616699 1.4300000667572021
0.3240000009536743 -0.09599995613098145 1.718000054359436
0.6779999732971191 0.8220000267028809 1.3640000820159912
0.36000001430511475 -0.22800004482269287 1.7300000190734863
0.18000006675720215 0.10800004005432129 1.1540000438690186
0.33000004291534424 0.2760000228881836 0.7760000228881836
0.18000006675720215 0.024000048637390137 1.3459999561309814
0.5880000591278076 0.7560000419616699 1.4240000247955322
0.18000006675720215 0.024000048637390137 1.3519999980926514
0.6779999732971191 0.8220000267028809 1.375999927520752
0.6540000438690186 0.8039999008178711 1.4000000953674316
0.19800007343292236 0.14400005340576172 1.0399999618530273
0.3240000009536743 -0.12000000476837158 1.718000054359436
0.25199997425079346 0.22200000286102295 0.9020000100135803
0.18599998950958252 0.060000061988830566 1.0520000457763672
0.6779999732971191 0.8280000686645508 1.3519999980926514
0.20399999618530273 -0.029999971389770508 1.472000002861023
0.630000114440918 0.7739999294281006 1.4660000801086426
0.6359999179840088 0.7739999294281006 1.4779999256134033
0.18000006675720215 0.12000000476837158 1.124000072479248
0.20399999618530273 0.10199999809265137 0.9800000190734863
0.22800004482269287 0.19800007343292236 0.9500000476837158
0.2760000228881836 0.24600005149841309 0.8539999723434448
0.6480000019073486 0.7739999294281006 1.5019999742507935
0.34200000762939453 -0.22800004482269287 1.7120000123977661
0.25199997425079346 0.22200000286102295 0.8960000276565552
0.20399999618530273 -0.029999971389770508 1.4779999256134033
0.18000006675720215 0.011999964714050293 1.375999927520752
0.3240000009536743 -0.14399993419647217 1.718000054359436
0.22800004482269287 0.20399999618530273 0.9500000476837158
0.1679999828338623 0.07200002670288086 1.2260000705718994
0.6180000305175781 0.7739999294281006 1.4539999961853027
0.2760000228881836 0.24600005149841309 0.8479999899864197
0.17400002479553223 0.024000048637390137 1.3519999980926514
0.6540000438690186 0.8159999847412109 1.375999927520752
0.19800007343292236 0.09599995613098145 0.9860000014305115
0.18000006675720215 0.13199996948242188 1.100000023841858
0.5699999332427979 0.7560000419616699 1.4119999408721924
0.6359999179840088 0.7799999713897705 1.4779999256134033
0.19800007343292236 0.10199999809265137 0.9860000014305115
0.20399999618530273 0.17400002479553223 1.003999948501587
0.18000006675720215 0.0 1.4000000953674316
0.6779999732971191 0.8399999141693115 1.315999984741211
0.630000114440918 0.7860000133514404 1.4539999961853027
0.6779999732971191 0.8399999141693115 1.3280000686645508
0.18599998950958252 0.10199999809265137 1.027999997138977
0.3240000009536743 -0.17400002479553223 1.718000054359436
0.6540000438690186 0.8220000267028809 1.3640000820159912
0.17400002479553223 0.06599998474121094 1.0759999752044678
0.18000006675720215 0.06599998474121094 1.0399999618530273
0.6180000305175781 0.7799999713897705 1.4539999961853027
0.18000006675720215 -0.006000041961669922 1.4119999408721924
0.20399999618530273 -0.0419999361038208 1.5019999742507935
0.30000007152557373 0.26999998092651367 0.800000011920929
0.312000036239624 -0.07200002670288086 1.7300000190734863
0.630000114440918 0.7980000972747803 1.4240000247955322
0.36600005626678467 -0.054000020027160645 1.8079999685287476
0.25199997425079346 0.23399996757507324 0.878000020980835
0.22800004482269287 0.21000003814697266 0.9259999990463257
0.6540000438690186 0.8280000686645508 1.3519999980926514
0.18000006675720215 0.07800006866455078 1.027999997138977
0.630000114440918 0.7980000972747803 1.4300000667572021
0.21000003814697266 -0.054000020027160645 1.5260000228881836
0.17400002479553223 0.06599998474121094 1.0520000457763672
0.30000007152557373 0.26999998092651367 0.7940000295639038
0.33000004291534424 0.2879999876022339 0.7519999742507935
0.3240000009536743 -0.1979999542236328 1.718000054359436
0.2760000228881836 0.25199997425079346 0.8300000429153442
0.18000006675720215 -0.011999964714050293 1.4300000667572021
0.18599998950958252 0.10199999809265137 1.003999948501587
0.19200003147125244 -0.029999971389770508 1.4779999256134033
0.6540000438690186 0.8340001106262207 1.3280000686645508
0.3059999942779541 -0.04799997806549072 1.7300000190734863
0.6359999179840088 0.8039999008178711 1.4300000667572021
0.20399999618530273 0.18599998950958252 0.9800000190734863
0.20399999618530273 -0.054000020027160645 1.5140000581741333
0.156000018119812 0.06599998474121094 1.25
0.312000036239624 -0.12000000476837158 1.7300000190734863
0.33000004291534424 0.2879999876022339 0.7459999918937683
0.630000114440918 0.809999942779541 1.4000000953674316
0.17400002479553223 0.07200002670288086 1.0339999198913574
0.18000006675720215 0.156000018119812 1.0520000457763672
0.156000018119812 0.054000020027160645 1.2799999713897705
0.156000018119812 0.04799997806549072 1.2860000133514404
0.630000114440918 0.8159999847412109 1.375999927520752
0.156000018119812 0.08399999141693115 1.2020000219345093
0.18000006675720215 0.08399999141693115 1.003999948501587
0.156000018119812 0.04200005531311035 1.3040000200271606
0.6540000438690186 0.8399999141693115 1.315999984741211
0.3059999942779541 -0.09599995613098145 1.7300000190734863
0.3240000009536743 -0.22200000286102295 1.718000054359436
0.156000018119812 0.09599995613098145 1.1779999732971191
0.156000018119812 0.09599995613098145 1.1719999313354492
0.18000006675720215 -0.023999929428100586 1.4539999961853027
0.1679999828338623 0.07800006866455078 1.0520000457763672
0.156000018119812 0.029999971389770508 1.3280000686645508
0.6119999885559082 0.7980000972747803 1.4240000247955322
0.630000114440918 0.8220000267028809 1.3640000820159912
0.21000003814697266 0.20399999618530273 0.9500000476837158
0.156000018119812 0.024000048637390137 1.340000033378601
0.6119999885559082 0.7980000972747803 1.4300000667572021
0.156000018119812 0.10800004005432129 1.1540000438690186
0.25199997425079346 0.24000000953674316 0.8539999723434448
0.18000006675720215 0.16200006008148193 1.027999997138977
0.17400002479553223 0.08399999141693115 1.0099999904632568
0.22800004482269287 0.22200000286102295 0.9020000100135803
0.18000006675720215 -0.029999971389770508 1.4660000801086426
0.30000007152557373 0.2760000228881836 0.7760000228881836
0.6180000305175781 0.8159999847412109 1.375999927520752
0.33000004291534424 -0.23399996757507324 1.7300000190734863
0.3240000009536743 -0.22800004482269287 1.7239999771118164
0.630000114440918 0.8280000686645508 1.3519999980926514
0.1679999828338623 0.07800006866455078 1.027999997138977
0.156000018119812 0.11399996280670166 1.1299999952316284
0.22800004482269287 0.22200000286102295 0.8960000276565552
0.5699999332427979 0.7739999294281006 1.4300000667572021
0.20399999618530273 0.19800007343292236 0.9500000476837158
0.3059999942779541 -0.1499999761581421 1.7300000190734863
0.630000114440918 0.8340001106262207 1.3280000686645508
0.156000018119812 0.12000000476837158 1.1180000305175781
0.156000018119812 0.011999964714050293 1.375999927520752
0.3240000009536743 -0.22800004482269287 1.7300000190734863
0.25199997425079346 0.24600005149841309 0.8420000076293945
0.20399999618530273 -0.054000020027160645 1.555999994277954
0.6059999465942383 0.809999942779541 1.4000000953674316
0.18000006675720215 0.17400002479553223 1.003999948501587
0.6059999465942383 0.8039999008178711 1.4300000667572021
0.156000018119812 0.13199996948242188 1.100000023841858
0.3059999942779541 -0.17400002479553223 1.7300000190734863
0.630000114440918 0.8399999141693115 1.315999984741211
0.156000018119812 0.0 1.4000000953674316
0.312000036239624 0.2879999876022339 0.7459999918937683
0.2940000295639038 -0.04799997806549072 1.7419999837875366
0.2760000228881836 0.26999998092651367 0.800000011920929
0.2940000295639038 -0.06599998474121094 1.7419999837875366
0.5820000171661377 0.7920000553131104 1.4300000667572021
0.6059999465942383 0.8220000267028809 1.3640000820159912
0.564000129699707 0.7799999713897705 1.4300000667572021
0.18000006675720215 -0.0419999361038208 1.5019999742507935
0.156000018119812 -0.006000041961669922 1.4119999408721924
0.22800004482269287 0.23399996757507324 0.878000020980835
0.20399999618530273 0.21000003814697266 0.9259999990463257
0.16200006008148193 0.156000018119812 1.0520000457763672
0.156000018119812 0.14400005340576172 1.0759999752044678
0.25199997425079346 0.25199997425079346 0.8300000429153442
0.3059999942779541 -0.1979999542236328 1.7300000190734863
0.6119999885559082 0.8340001106262207 1.3280000686645508
0.312000036239624 -0.22200000286102295 1.7300000190734863
0.6180000305175781 0.8399999141693115 1.315999984741211
0.6059999465942383 0.8280000686645508 1.3519999980926514
0.19800007343292236 -0.054000020027160645 1.562000036239624
0.2760000228881836 0.26999998092651367 0.7879999876022339
0.156000018119812 -0.011999964714050293 1.4300000667572021
0.18000006675720215 0.18599998950958252 0.9800000190734863
0.18000006675720215 -0.054000020027160645 1.5140000581741333
0.2940000295639038 -0.12000000476837158 1.7419999837875366
0.2940000295639038 -0.14399993419647217 1.7360000610351562
0.30000007152557373 0.2879999876022339 0.7519999742507935
0.156000018119812 0.1499999761581421 1.0520000457763672
0.6059999465942383 0.8280000686645508 1.375999927520752
0.2879999876022339 -0.09599995613098145 1.7419999837875366
0.18000006675720215 -0.059999942779541016 1.5260000228881836
0.5820000171661377 0.8159999847412109 1.375999927520752
0.156000018119812 -0.023999929428100586 1.4539999961853027
0.2940000295639038 -0.156000018119812 1.7419999837875366
0.2760000228881836 0.2760000228881836 0.7760000228881836
0.22800004482269287 0.24000000953674316 0.8539999723434448
0.5940001010894775 0.8340001106262207 1.3280000686645508
0.5759999752044678 0.809999942779541 1.4000000953674316
0.3179999589920044 -0.22800004482269287 1.7540000677108765
0.20399999618530273 0.22200000286102295 0.9020000100135803
0.5820000171661377 0.8220000267028809 1.3640000820159912
0.5759999752044678 0.8039999008178711 1.4300000667572021
0.156000018119812 0.16200006008148193 1.027999997138977
0.156000018119812 -0.029999971389770508 1.4660000801086426
0.1260000467300415 0.06599998474121094 1.25
0.1260000467300415 0.07200002670288086 1.2319999933242798
0.2879999876022339 -0.09599995613098145 1.7540000677108765
0.20399999618530273 0.22200000286102295 0.8960000276565552
0.1260000467300415 0.07800006866455078 1.2260000705718994
0.5880000591278076 0.8340001106262207 1.3220000267028809
0.1260000467300415 0.054000020027160645 1.2799999713897705
0.1260000467300415 0.04799997806549072 1.2860000133514404
0.1260000467300415 0.08399999141693115 1.2020000219345093
0.18000006675720215 0.19800007343292236 0.9500000476837158
0.3059999942779541 -0.1979999542236328 1.7540000677108765
0.2940000295639038 -0.14399993419647217 1.7540000677108765
0.30000007152557373 -0.17400002479553223 1.7540000677108765
0.2879999876022339 0.2879999876022339 0.7519999742507935
0.5580000877380371 0.7980000972747803 1.4179999828338623
0.1260000467300415 0.04200005531311035 1.3040000200271606
0.5699999332427979 0.8159999847412109 1.375999927520752
0.5699999332427979 0.8039999008178711 1.4300000667572021
0.1260000467300415 0.09599995613098145 1.1779999732971191
0.18000006675720215 0.19800007343292236 0.9440000057220459
0.1260000467300415 0.09599995613098145 1.1719999313354492
0.2879999876022339 -0.12000000476837158 1.7540000677108765
0.2820000648498535 -0.07200002670288086 1.7540000677108765
0.156000018119812 -0.03600001335144043 1.4779999256134033
0.2940000295639038 -0.156000018119812 1.7540000677108765
0.22800004482269287 0.24600005149841309 0.8420000076293945
0.3179999589920044 -0.22200000286102295 1.7660000324249268
0.1260000467300415 0.029999971389770508 1.3280000686645508
0.25199997425079346 0.2640000581741333 0.800000011920929
0.16200006008148193 -0.0419999361038208 1.5019999742507935
0.1260000467300415 0.024000048637390137 1.340000033378601
0.1260000467300415 0.10800004005432129 1.1540000438690186
0.5759999752044678 0.8280000686645508 1.3519999980926514
0.156000018119812 0.17400002479553223 1.003999948501587
0.1260000467300415 0.018000006675720215 1.3519999980926514
0.156000018119812 0.17400002479553223 0.9980000257492065
0.1260000467300415 0.11399996280670166 1.1299999952316284
0.20399999618530273 0.22800004482269287 0.878000020980835
0.5580000877380371 0.809999942779541 1.4000000953674316
0.3059999942779541 -0.1679999828338623 1.777999997138977
0.1260000467300415 0.12000000476837158 1.1180000305175781
0.22800004482269287 0.25199997425079346 0.8300000429153442
0.30000007152557373 -0.14399993419647217 1.777999997138977
0.1260000467300415 0.011999964714050293 1.375999927520752
0.18000006675720215 0.21000003814697266 0.9259999990463257
0.25199997425079346 0.26999998092651367 0.7879999876022339
0.2940000295639038 -0.13199996948242188 1.777999997138977
0.1260000467300415 0.13199996948242188 1.100000023841858
0.156000018119812 0.18599998950958252 0.9800000190734863
0.156000018119812 -0.054000020027160645 1.5140000581741333
0.1260000467300415 0.0 1.4000000953674316
0.5520000457763672 0.8220000267028809 1.3580000400543213
0.2940000295639038 -0.12000000476837158 1.784000039100647
0.5339999198913574 0.7980000972747803 1.4179999828338623
0.564000129699707 0.8280000686645508 1.375999927520752
0.5460000038146973 0.8039999008178711 1.4300000667572021
0.26999998092651367 -0.06599998474121094 1.7599999904632568
0.12000000476837158 0.011999964714050293 1.375999927520752
0.1260000467300415 -0.006000041961669922 1.4119999408721924
0.30000007152557373 -0.12000000476837158 1.7960000038146973
0.1260000467300415 0.1380000114440918 1.0759999752044678
0.25199997425079346 0.2760000228881836 0.7760000228881836
0.5339999198913574 0.7980000972747803 1.4300000667572021
0.156000018119812 -0.059999942779541016 1.5260000228881836
0.2820000648498535 -0.09599995613098145 1.777999997138977
0.5520000457763672 0.8280000686645508 1.3519999980926514
0.10800004005432129 0.054000020027160645 1.2799999713897705
0.5460000038146973 0.8220000267028809 1.3640000820159912
0.20399999618530273 0.24000000953674316 0.8539999723434448
0.1260000467300415 -0.011999964714050293 1.4300000667572021
0.18000006675720215 0.22200000286102295 0.9020000100135803
0.2760000228881836 -0.07200002670288086 1.777999997138977
0.5580000877380371 0.8399999141693115 1.3220000267028809
0.1260000467300415 0.1499999761581421 1.0520000457763672
0.5399999618530273 0.8220000267028809 1.375999927520752
0.10199999809265137 0.07200002670288086 1.2260000705718994
0.156000018119812 0.19800007343292236 0.9500000476837158
0.10199999809265137 0.06599998474121094 1.25
0.18000006675720215 0.22200000286102295 0.8899999856948853
0.10199999809265137 0.04799997806549072 1.2860000133514404
0.22800004482269287 0.2640000581741333 0.800000011920929
0.10199999809265137 0.08399999141693115 1.2020000219345093
0.5280001163482666 0.809999942779541 1.4000000953674316
0.156000018119812 0.19800007343292236 0.9440000057220459
0.5520000457763672 0.8399999141693115 1.3280000686645508
0.1260000467300415 -0.023999929428100586 1.4539999961853027
0.10199999809265137 0.04200005531311035 1.3040000200271606
0.10199999809265137 0.09599995613098145 1.1779999732971191
0.10199999809265137 0.09599995613098145 1.1719999313354492
0.20399999618530273 0.24600005149841309 0.8359999656677246
0.5399999618530273 0.8340001106262207 1.3280000686645508
0.25199997425079346 0.2820000648498535 0.7580000162124634
0.10199999809265137 0.029999971389770508 1.3280000686645508
0.1260000467300415 0.16200006008148193 1.027999997138977
0.1260000467300415 -0.029999971389770508 1.4660000801086426
0.10199999809265137 0.024000048637390137 1.340000033378601
0.10199999809265137 0.10800004005432129 1.1540000438690186
0.26999998092651367 -0.06599998474121094 1.784000039100647
0.5339999198913574 0.8340001106262207 1.315999984741211
0.18000006675720215 0.22800004482269287 0.878000020980835
0.156000018119812 -0.059999942779541016 1.562000036239624
0.09599995613098145 0.04799997806549072 1.2799999713897705
0.10199999809265137 0.018000006675720215 1.3519999980926514
0.20399999618530273 0.25199997425079346 0.8300000429153442
0.10199999809265137 0.11399996280670166 1.1299999952316284
0.5160000324249268 0.809999942779541 1.4000000953674316
0.1260000467300415 -0.03600001335144043 1.4779999256134033
0.5280001163482666 0.8280000686645508 1.3519999980926514
0.5160000324249268 0.8159999847412109 1.375999927520752
0.13199996948242188 -0.0419999361038208 1.5019999742507935
0.10800004005432129 -0.006000041961669922 1.406000018119812
0.156000018119812 0.21000003814697266 0.9259999990463257
0.10199999809265137 0.12000000476837158 1.1180000305175781
0.22800004482269287 0.26999998092651367 0.7820000052452087
0.1260000467300415 0.17400002479553223 1.003999948501587
0.5280001163482666 0.8280000686645508 1.375999927520752
0.1260000467300415 0.17400002479553223 0.9980000257492065
0.10199999809265137 0.13199996948242188 1.100000023841858
0.10800004005432129 -0.011999964714050293 1.4300000667572021
0.10199999809265137 0.0 1.4000000953674316
0.22800004482269287 0.2760000228881836 0.7760000228881836
0.5220000743865967 0.8340001106262207 1.340000033378601
0.5220000743865967 0.8280000686645508 1.375999927520752
0.5160000324249268 0.8280000686645508 1.3519999980926514
0.5099999904632568 0.8220000267028809 1.3640000820159912
0.24000000953674316 0.2820000648498535 0.7519999742507935
0.10199999809265137 0.1380000114440918 1.0759999752044678
0.18000006675720215 0.24000000953674316 0.8539999723434448
0.156000018119812 0.21599996089935303 0.9020000100135803
0.1260000467300415 0.18000006675720215 0.9800000190734863
0.08399999141693115 0.07200002670288086 1.2260000705718994
0.09000003337860107 0.018000006675720215 1.3519999980926514
0.1260000467300415 -0.054000020027160645 1.5140000581741333
0.09599995613098145 -0.006000041961669922 1.406000018119812
0.10199999809265137 0.1499999761581421 1.0520000457763672
0.20399999618530273 0.2640000581741333 0.800000011920929
0.156000018119812 0.22200000286102295 0.8899999856948853
0.1260000467300415 -0.059999942779541016 1.5260000228881836
0.07800006866455078 0.011999964714050293 1.1779999732971191
0.07800006866455078 0.029999971389770508 1.1779999732971191
0.10199999809265137 0.1499999761581421 1.0460000038146973
0.08399999141693115 0.024000048637390137 1.340000033378601
0.14400005340576172 -0.059999942779541016 1.5800000429153442
0.07800006866455078 0.054000020027160645 1.1779999732971191
0.07800006866455078 0.06599998474121094 1.25
0.07800006866455078 0.018000006675720215 1.1540000438690186
0.07800006866455078 0.029999971389770508 1.1540000438690186
0.07800006866455078 0.054000020027160645 1.1600000858306885
0.07800006866455078 0.054000020027160645 1.2799999713897705
0.18000006675720215 0.24600005149841309 0.8359999656677246
0.07800006866455078 0.08399999141693115 1.2020000219345093
0.10199999809265137 -0.023999929428100586 1.4539999961853027
0.07800006866455078 0.04200005531311035 1.3040000200271606
0.07800006866455078 0.09599995613098145 1.1779999732971191
0.07800006866455078 0.09599995613098145 1.1719999313354492
0.07800006866455078 0.029999971389770508 1.3280000686645508
0.156000018119812 0.22800004482269287 0.878000020980835
0.10199999809265137 0.16200006008148193 1.027999997138977
0.10199999809265137 -0.029999971389770508 1.4660000801086426
0.1260000467300415 0.19800007343292236 0.9500000476837158
0.18000006675720215 0.25199997425079346 0.8300000429153442
0.07800006866455078 0.10800004005432129 1.1540000438690186
0.07200002670288086 0.054000020027160645 1.2020000219345093
0.07200002670288086 0.018000006675720215 1.1540000438690186
0.1260000467300415 0.19800007343292236 0.9440000057220459
0.07200002670288086 0.029999971389770508 1.1540000438690186
0.07200002670288086 0.04799997806549072 1.2860000133514404
0.07200002670288086 0.07200002670288086 1.1779999732971191
0.20399999618530273 0.26999998092651367 0.7820000052452087
0.10199999809265137 -0.03600001335144043 1.4779999256134033
0.07800006866455078 0.11399996280670166 1.1299999952316284
0.1260000467300415 -0.07200002670288086 1.555999994277954
0.07800006866455078 0.12000000476837158 1.1180000305175781
0.07800006866455078 0.011999964714050293 1.375999927520752
0.06599998474121094 0.011999964714050293 1.2260000705718994
0.10199999809265137 0.17400002479553223 1.003999948501587
0.06599998474121094 0.011999964714050293 1.1779999732971191
0.20399999618530273 0.2760000228881836 0.7760000228881836
0.06599998474121094 0.07200002670288086 1.2319999933242798
0.06599998474121094 0.06599998474121094 1.25
0.1260000467300415 0.20399999618530273 0.9259999990463257
0.07800006866455078 0.13199996948242188 1.100000023841858
0.06599998474121094 0.07800006866455078 1.2020000219345093
0.06599998474121094 0.054000020027160645 1.2799999713897705
0.10199999809265137 0.17400002479553223 0.9919999837875366
0.07800006866455078 0.0 1.4000000953674316
0.06599998474121094 0.04200005531311035 1.3040000200271606
0.10199999809265137 -0.04799997806549072 1.5019999742507935
0.156000018119812 0.24000000953674316 0.8539999723434448
0.21000003814697266 0.2820000648498535 0.7580000162124634
0.06599998474121094 0.029999971389770508 1.3280000686645508
0.07800006866455078 0.1380000114440918 1.0759999752044678
0.10199999809265137 0.18000006675720215 0.9800000190734863
0.10199999809265137 -0.054000020027160645 1.5140000581741333
0.060000061988830566 0.07800006866455078 1.2260000705718994
0.060000061988830566 0.054000020027160645 1.1540000438690186
0.18000006675720215 0.2640000581741333 0.800000011920929
0.07800006866455078 -0.011999964714050293 1.4300000667572021
0.060000061988830566 0.08399999141693115 1.1779999732971191
0.07800006866455078 0.1499999761581421 1.0520000457763672
0.1260000467300415 0.21599996089935303 0.9020000100135803
0.10199999809265137 -0.059999942779541016 1.5260000228881836
0.054000020027160645 -0.006000041961669922 1.2260000705718994
0.054000020027160645 0.0 1.2020000219345093
0.054000020027160645 -0.006000041961669922 1.2020000219345093
0.054000020027160645 -0.006000041961669922 1.1959999799728394
0.07800006866455078 0.1499999761581421 1.0460000038146973
0.156000018119812 0.24600005149841309 0.8359999656677246
0.060000061988830566 0.024000048637390137 1.3459999561309814
0.07800006866455078 -0.023999929428100586 1.4539999961853027
0.054000020027160645 0.018000006675720215 1.1359999179840088
0.054000020027160645 0.029999971389770508 1.1359999179840088
0.054000020027160645 0.054000020027160645 1.1419999599456787
0.156000018119812 0.25199997425079346 0.8300000429153442
0.10199999809265137 0.19200003147125244 0.9500000476837158
0.07800006866455078 -0.029999971389770508 1.4600000381469727
0.054000020027160645 0.07800006866455078 1.1540000438690186
0.07800006866455078 0.16200006008148193 1.027999997138977
0.18000006675720215 0.26999998092651367 0.7820000052452087
0.1260000467300415 0.22200000286102295 0.8840000033378601
0.054000020027160645 0.10199999809265137 1.1540000438690186
0.054000020027160645 0.024000048637390137 1.3519999980926514
0.10199999809265137 0.19800007343292236 0.937999963760376
0.07800006866455078 -0.03600001335144043 1.4779999256134033
0.054000020027160645 0.11399996280670166 1.1299999952316284
0.1260000467300415 0.22800004482269287 0.878000020980835
0.10199999809265137 -0.07200002670288086 1.555999994277954
0.04799997806549072 0.06599998474121094 1.1540000438690186
0.18000006675720215 0.2760000228881836 0.7760000228881836
0.04799997806549072 0.04200005531311035 1.309999942779541
0.07800006866455078 0.1679999828338623 1.003999948501587
0.054000020027160645 0.011999964714050293 1.375999927520752
0.060000061988830566 -0.006000041961669922 1.4119999408721924
0.054000020027160645 0.12000000476837158 1.1119999885559082
0.04799997806549072 0.03600001335144043 1.3280000686645508
0.10199999809265137 0.20399999618530273 0.9259999990463257
0.054000020027160645 0.1260000467300415 1.100000023841858
0.07800006866455078 0.17400002479553223 0.9919999837875366
0.04799997806549072 0.024000048637390137 1.3519999980926514
0.18000006675720215 0.2760000228881836 0.7639999985694885
0.054000020027160645 0.0 1.4000000953674316
0.07800006866455078 -0.04799997806549072 1.5019999742507935
0.10199999809265137 -0.06599998474121094 1.5800000429153442
0.07800006866455078 0.18000006675720215 0.9800000190734863
0.054000020027160645 0.1380000114440918 1.0759999752044678
0.156000018119812 0.2640000581741333 0.800000011920929
0.07800006866455078 -0.054000020027160645 1.5140000581741333
0.1260000467300415 0.24000000953674316 0.8539999723434448
0.04200005531311035 0.029999971389770508 1.3519999980926514
0.054000020027160645 -0.011999964714050293 1.4300000667572021
0.10199999809265137 0.21599996089935303 0.9020000100135803
0.07800006866455078 -0.059999942779541016 1.5260000228881836
0.054000020027160645 0.1499999761581421 1.0520000457763672
0.054000020027160645 0.1499999761581421 1.0460000038146973
0.029999971389770508 0.0 1.2020000219345093
0.029999971389770508 -0.011999964714050293 1.2260000705718994
0.029999971389770508 0.0 1.1959999799728394
0.029999971389770508 -0.011999964714050293 1.2020000219345093
0.029999971389770508 -0.006000041961669922 1.1959999799728394
0.029999971389770508 0.018000006675720215 1.1540000438690186
0.054000020027160645 -0.023999929428100586 1.4539999961853027
0.07800006866455078 0.19200003147125244 0.9500000476837158
0.054000020027160645 -0.029999971389770508 1.4600000381469727
0.029999971389770508 0.024000048637390137 1.1299999952316284
0.029999971389770508 0.029999971389770508 1.1299999952316284
0.029999971389770508 0.07800006866455078 1.1540000438690186
0.10199999809265137 0.22200000286102295 0.8840000033378601
0.054000020027160645 0.16200006008148193 1.027999997138977
0.029999971389770508 0.054000020027160645 1.1299999952316284
0.03600001335144043 0.011999964714050293 1.375999927520752
0.029999971389770508 0.04200005531311035 1.1180000305175781
0.156000018119812 0.26999998092651367 0.7760000228881836
0.1260000467300415 0.24600005149841309 0.8300000429153442
0.024000048637390137 -0.011999964714050293 1.2260000705718994
0.024000048637390137 -0.011999964714050293 1.2020000219345093
0.029999971389770508 0.10199999809265137 1.1540000438690186
0.156000018119812 0.2760000228881836 0.7760000228881836
0.07800006866455078 0.19800007343292236 0.937999963760376
0.1260000467300415 0.25199997425079346 0.8300000429153442
0.10199999809265137 0.22800004482269287 0.878000020980835
0.054000020027160645 -0.03600001335144043 1.4779999256134033
0.07800006866455078 -0.07200002670288086 1.555999994277954
0.04200005531311035 -0.011999964714050293 1.4300000667572021
0.029999971389770508 0.11399996280670166 1.1299999952316284
0.024000048637390137 0.024000048637390137 1.1299999952316284
0.024000048637390137 0.029999971389770508 1.1299999952316284
0.054000020027160645 0.1679999828338623 1.003999948501587
0.13199996948242188 0.437999963760376 1.0099999904632568
0.024000048637390137 0.07800006866455078 1.1540000438690186
0.024000048637390137 0.04200005531311035 1.1180000305175781
0.029999971389770508 0.12000000476837158 1.1119999885559082
0.07800006866455078 0.20399999618530273 0.9259999990463257
0.029999971389770508 0.1260000467300415 1.100000023841858
0.054000020027160645 0.17400002479553223 0.9919999837875366
0.054000020027160645 -0.04799997806549072 1.5019999742507935
0.156000018119812 0.2760000228881836 0.7580000162124634
0.029999971389770508 0.006000041961669922 1.4000000953674316
0.07800006866455078 -0.07200002670288086 1.5800000429153442
0.018000006675720215 0.054000020027160645 1.1299999952316284
0.054000020027160645 0.18000006675720215 0.9800000190734863
0.029999971389770508 0.1380000114440918 1.0759999752044678
0.054000020027160645 -0.054000020027160645 1.5140000581741333
0.10199999809265137 0.24000000953674316 0.8539999723434448
0.029999971389770508 -0.006000041961669922 1.4179999828338623
0.011999964714050293 -0.006000041961669922 1.190000057220459
0.1260000467300415 0.4500000476837158 1.0160000324249268
0.1260000467300415 0.2580000162124634 0.800000011920929
0.07800006866455078 0.21599996089935303 0.9020000100135803
0.024000048637390137 0.006000041961669922 1.4000000953674316
0.054000020027160645 -0.059999942779541016 1.5260000228881836
0.029999971389770508 0.1499999761581421 1.0520000457763672
0.12000000476837158 0.4440000057220459 1.0099999904632568
0.006000041961669922 0.0 1.2260000705718994
0.029999971389770508 0.1499999761581421 1.0399999618530273
0.12000000476837158 0.4500000476837158 1.0160000324249268
0.006000041961669922 0.0 1.1779999732971191
0.029999971389770508 -0.023999929428100586 1.4539999961853027
0.054000020027160645 0.19200003147125244 0.9500000476837158
0.006000041961669922 0.011999964714050293 1.1540000438690186
0.07800006866455078 0.22200000286102295 0.8840000033378601
0.006000041961669922 0.054000020027160645 1.1540000438690186
0.029999971389770508 -0.029999971389770508 1.4600000381469727
0.006000041961669922 0.07800006866455078 1.1779999732971191
0.029999971389770508 0.156000018119812 1.027999997138977
0.10199999809265137 0.24600005149841309 0.8300000429153442
0.13199996948242188 0.2760000228881836 0.7760000228881836
0.10199999809265137 0.25199997425079346 0.8300000429153442
0.054000020027160645 0.19800007343292236 0.937999963760376
0.07800006866455078 0.22800004482269287 0.878000020980835
0.0 0.0 1.2020000219345093
0.0 0.029999971389770508 1.184000015258789
0.054000020027160645 -0.07200002670288086 1.555999994277954
0.029999971389770508 -0.03600001335144043 1.4779999256134033
0.0 0.04799997806549072 1.2620000839233398
0.0 0.054000020027160645 1.25600004196167
0.054000020027160645 -0.07799994945526123 1.555999994277954
0.0 0.06599998474121094 1.2260000705718994
0.1260000467300415 0.26999998092651367 0.7760000228881836
0.0 0.060000061988830566 1.1779999732971191
0.0 0.07200002670288086 1.2020000219345093
0.0 0.04200005531311035 1.2799999713897705
0.0 0.029999971389770508 1.1540000438690186
0.13199996948242188 0.2760000228881836 0.7639999985694885
0.029999971389770508 0.1679999828338623 1.003999948501587
0.0 0.029999971389770508 1.3040000200271606
0.054000020027160645 0.20399999618530273 0.9259999990463257
0.0 0.024000048637390137 1.315999984741211
0.0 0.018000006675720215 1.3280000686645508
0.0 0.10199999809265137 1.1540000438690186
-0.006000041961669922 0.006000041961669922 1.1779999732971191
-0.006000041961669922 0.029999971389770508 1.1779999732971191
-0.006000041961669922 0.018000006675720215 1.1719999313354492
-0.006000041961669922 0.029999971389770508 1.1660000085830688
-0.006000041961669922 0.054000020027160645 1.184000015258789
0.029999971389770508 -0.04799997806549072 1.5019999742507935
0.0 0.011999964714050293 1.3519999980926514
0.029999971389770508 0.17400002479553223 0.9860000014305115
-0.006000041961669922 0.07200002670288086 1.2079999446868896
0.0 0.11399996280670166 1.1299999952316284
0.07800006866455078 0.23399996757507324 0.8539999723434448
-0.006000041961669922 0.024000048637390137 1.309999942779541
0.09000003337860107 0.25199997425079346 0.8300000429153442
0.029999971389770508 0.18000006675720215 0.9800000190734863
0.0 0.0 1.375999927520752
0.0 0.12000000476837158 1.1119999885559082
0.029999971389770508 -0.054000020027160645 1.5140000581741333
0.10199999809265137 0.2580000162124634 0.800000011920929
0.0 0.1260000467300415 1.100000023841858
0.054000020027160645 0.21599996089935303 0.9020000100135803
0.011999964714050293 -0.023999929428100586 1.4539999961853027
-0.011999964714050293 0.06599998474121094 1.2260000705718994
0.12000000476837158 0.2760000228881836 0.7639999985694885
0.0 -0.006000041961669922 1.3940000534057617
0.0 -0.006000041961669922 1.4000000953674316
0.029999971389770508 -0.059999942779541016 1.5260000228881836
0.0 0.1380000114440918 1.0759999752044678
0.029999971389770508 0.19200003147125244 0.9500000476837158
-0.018000006675720215 0.054000020027160645 1.25
0.07800006866455078 0.24600005149841309 0.8300000429153442
0.04200005531311035 -0.06599998474121094 1.5800000429153442
0.0 -0.018000006675720215 1.4300000667572021
0.0 0.14400005340576172 1.0520000457763672
0.054000020027160645 0.22200000286102295 0.878000020980835
0.054000020027160645 0.22800004482269287 0.878000020980835
-0.018000006675720215 0.018000006675720215 1.3280000686645508
0.10199999809265137 0.26999998092651367 0.7760000228881836
0.0 0.1499999761581421 1.0399999618530273
0.029999971389770508 -0.07200002670288086 1.555999994277954
0.029999971389770508 0.19800007343292236 0.9320000410079956
0.029999971389770508 -0.07799994945526123 1.555999994277954
0.006000041961669922 -0.03600001335144043 1.4779999256134033
0.0 -0.029999971389770508 1.4539999961853027
-0.023999929428100586 0.04799997806549072 1.2620000839233398
0.10199999809265137 0.26999998092651367 0.7699999809265137
-0.023999929428100586 0.04200005531311035 1.2799999713897705
-0.023999929428100586 0.07800006866455078 1.2020000219345093
0.0 0.156000018119812 1.027999997138977
0.029999971389770508 0.20399999618530273 0.9259999990463257
-0.023999929428100586 0.029999971389770508 1.3040000200271606
-0.023999929428100586 0.09000003337860107 1.1779999732971191
-0.023999929428100586 0.09599995613098145 1.1600000858306885
-0.023999929428100586 0.10199999809265137 1.1540000438690186
0.054000020027160645 0.23399996757507324 0.8539999723434448
0.07800006866455078 0.4440000057220459 1.0099999904632568
-0.023999929428100586 0.011999964714050293 1.3519999980926514
0.0 0.1679999828338623 1.003999948501587
-0.023999929428100586 0.11399996280670166 1.1299999952316284
0.07800006866455078 0.2580000162124634 0.800000011920929
-0.029999971389770508 0.029999971389770508 1.3040000200271606
0.09000003337860107 0.4559999704360962 0.9679999947547913
0.029999971389770508 0.21000003814697266 0.9020000100135803
-0.023999929428100586 0.0 1.375999927520752
-0.023999929428100586 0.12000000476837158 1.1059999465942383
-0.023999929428100586 -0.006000041961669922 1.3880000114440918
-0.023999929428100586 0.1260000467300415 1.100000023841858
0.0 -0.04799997806549072 1.5019999742507935
0.0 0.17400002479553223 0.9860000014305115
-0.03600001335144043 0.04799997806549072 1.2680000066757202
-0.03600001335144043 0.04200005531311035 1.2799999713897705
0.0 -0.054000020027160645 1.5080000162124634
0.0 0.18000006675720215 0.9800000190734863
-0.023999929428100586 -0.011999964714050293 1.406000018119812
-0.023999929428100586 0.13199996948242188 1.0759999752044678
-0.03600001335144043 0.024000048637390137 1.315999984741211
0.054000020027160645 0.24600005149841309 0.8300000429153442
0.011999964714050293 -0.07799994945526123 1.555999994277954
0.07800006866455078 0.4559999704360962 0.9800000190734863
0.06599998474121094 0.4440000057220459 1.0099999904632568
-0.011999964714050293 -0.03600001335144043 1.4779999256134033
0.0 -0.059999942779541016 1.5260000228881836
0.054000020027160645 0.24600005149841309 0.8240000009536743
-0.023999929428100586 -0.018000006675720215 1.4300000667572021
0.029999971389770508 0.22200000286102295 0.878000020980835
0.018000006675720215 -0.06599998474121094 1.5859999656677246
0.07800006866455078 0.26999998092651367 0.7760000228881836
-0.023999929428100586 0.14400005340576172 1.0520000457763672
0.029999971389770508 0.22800004482269287 0.878000020980835
0.054000020027160645 0.4320000410079956 1.027999997138977
0.07800006866455078 0.26999998092651367 0.7699999809265137
-0.023999929428100586 0.1499999761581421 1.0399999618530273
0.0 0.19200003147125244 0.9500000476837158
-0.03600001335144043 -0.006000041961669922 1.3880000114440918
-0.023999929428100586 -0.029999971389770508 1.4539999961853027
-0.04799997806549072 0.060000061988830566 1.25
-0.04799997806549072 0.07200002670288086 1.2139999866485596
-0.04799997806549072 0.07200002670288086 1.2260000705718994
-0.023999929428100586 0.156000018119812 1.027999997138977
-0.04799997806549072 0.07800006866455078 1.2020000219345093
-0.04799997806549072 0.09000003337860107 1.1779999732971191
0.0 -0.07200002670288086 1.555999994277954
0.0 0.19800007343292236 0.9320000410079956
-0.04799997806549072 0.09599995613098145 1.1600000858306885
-0.04799997806549072 0.024000048637390137 1.3280000686645508
0.029999971389770508 0.23399996757507324 0.8539999723434448
-0.04799997806549072 0.10199999809265137 1.1540000438690186
0.054000020027160645 0.2580000162124634 0.800000011920929
0.0 0.20399999618530273 0.9259999990463257
-0.04799997806549072 0.011999964714050293 1.3519999980926514
-0.023999929428100586 0.1679999828338623 1.003999948501587
-0.04799997806549072 0.10800004005432129 1.1299999952316284
0.054000020027160645 0.4440000057220459 0.9919999837875366
-0.04799997806549072 0.0 1.375999927520752
-0.04799997806549072 0.12000000476837158 1.1059999465942383
-0.023999929428100586 -0.04799997806549072 1.5019999742507935
-0.04799997806549072 0.1260000467300415 1.100000023841858
-0.023999929428100586 0.17400002479553223 0.9800000190734863
-0.023999929428100586 -0.054000020027160645 1.5080000162124634
0.04799997806549072 0.4440000057220459 0.9919999837875366
-0.04799997806549072 -0.006000041961669922 1.4000000953674316
-0.059999942779541016 0.04799997806549072 1.2799999713897705
-0.023999929428100586 0.18000006675720215 0.9800000190734863
0.0 0.21000003814697266 0.9020000100135803
0.054000020027160645 0.4559999704360962 0.9800000190734863
0.029999971389770508 0.24600005149841309 0.8300000429153442
-0.04799997806549072 0.13199996948242188 1.0759999752044678
0.029999971389770508 0.4259999990463257 1.027999997138977
0.054000020027160645 0.4559999704360962 0.9679999947547913
0.054000020027160645 0.26999998092651367 0.7760000228881836
-0.023999929428100586 -0.059999942779541016 1.5260000228881836
-0.04799997806549072 -0.018000006675720215 1.4300000667572021
0.029999971389770508 0.24600005149841309 0.8179999589920044
1.4520001411437988 -0.48000001907348633 2.2280001640319824
-0.04799997806549072 0.14400005340576172 1.0520000457763672
0.054000020027160645 0.26999998092651367 0.7699999809265137
1.4040000438690186 -0.4919999837875366 2.240000009536743
-0.023999929428100586 0.19200003147125244 0.9500000476837158
1.4279999732971191 -0.4919999837875366 2.2339999675750732
0.0 0.22200000286102295 0.878000020980835
-0.04799997806549072 0.1499999761581421 1.0339999198913574
-0.04799997806549072 -0.029999971389770508 1.4539999961853027
-0.059999942779541016 0.1260000467300415 1.100000023841858
-0.04799997806549072 0.156000018119812 1.027999997138977
0.0 0.22200000286102295 0.871999979019165
-0.07200002670288086 0.06599998474121094 1.2260000705718994
-0.07200002670288086 0.060000061988830566 1.25
-0.07200002670288086 0.04799997806549072 1.2680000066757202
-0.07200002670288086 0.07200002670288086 1.2139999866485596
-0.07200002670288086 0.07800006866455078 1.2020000219345093
0.029999971389770508 0.4440000057220459 1.0099999904632568
1.4760000705718994 -0.48000001907348633 2.2280001640319824
-0.07200002670288086 0.03600001335144043 1.3040000200271606
-0.023999929428100586 -0.07200002670288086 1.555999994277954
-0.07200002670288086 0.09000003337860107 1.1779999732971191
1.3980000019073486 -0.49800002574920654 2.246000051498413
0.029999971389770508 0.2580000162124634 0.800000011920929
-0.07200002670288086 0.09599995613098145 1.1600000858306885
-0.07200002670288086 0.024000048637390137 1.3280000686645508
1.380000114440918 -0.49800002574920654 2.251999855041504
-0.023999929428100586 0.19800007343292236 0.9259999990463257
-0.04799997806549072 -0.0419999361038208 1.4779999256134033
-0.023999929428100586 -0.07799994945526123 1.562000036239624
-0.07200002670288086 0.10199999809265137 1.1540000438690186
0.029999971389770508 0.4500000476837158 1.003999948501587
-0.023999929428100586 0.20399999618530273 0.9259999990463257
1.49399995803833 -0.4739999771118164 2.2280001640319824
-0.04799997806549072 0.1679999828338623 1.003999948501587
0.04200005531311035 0.26999998092651367 0.7699999809265137
-0.07200002670288086 0.011999964714050293 1.3519999980926514
1.3680000305175781 -0.49800002574920654 2.257999897003174
-0.0419999361038208 0.18000006675720215 0.9800000190734863
-0.07200002670288086 0.10800004005432129 1.1299999952316284
0.0 0.23399996757507324 0.8539999723434448
1.4100000858306885 -0.5040000081062317 2.246000051498413
-0.07200002670288086 0.006000041961669922 1.375999927520752
1.3919999599456787 -0.5040000081062317 2.251999855041504
-0.023999929428100586 -0.07200002670288086 1.5800000429153442
0.029999971389770508 0.4500000476837158 0.9800000190734863
1.4040000438690186 -0.49800002574920654 2.251999855041504
-0.04799997806549072 -0.04799997806549072 1.5019999742507935
-0.07200002670288086 0.12000000476837158 1.100000023841858
-0.07799994945526123 0.10199999809265137 1.1540000438690186
-0.029999971389770508 0.20399999618530273 0.9259999990463257
-0.04799997806549072 0.17400002479553223 0.9800000190734863
-0.07200002670288086 -0.006000041961669922 1.3940000534057617
-0.04799997806549072 -0.054000020027160645 1.5080000162124634
1.4040000438690186 -0.5040000081062317 2.251999855041504
-0.023999929428100586 0.21000003814697266 0.9020000100135803
-0.08399999141693115 0.060000061988830566 1.25
-0.07200002670288086 -0.006000041961669922 1.4000000953674316
1.3500001430511475 -0.5099999904632568 2.2639999389648438
1.446000099182129 -0.5040000081062317 2.240000009536743
0.006000041961669922 0.4259999990463257 1.027999997138977
-0.07200002670288086 0.13199996948242188 1.0759999752044678
0.029999971389770508 0.26999998092651367 0.7760000228881836
-0.029999971389770508 -0.07200002670288086 1.5800000429153442
1.3199999332427979 -0.5040000081062317 2.2760000228881836
0.029999971389770508 0.4559999704360962 0.9620000123977661
1.3380000591278076 -0.5099999904632568 2.2699999809265137
1.4279999732971191 -0.49800002574920654 2.251999855041504
-0.04799997806549072 -0.059999942779541016 1.5260000228881836
0.0 0.24000000953674316 0.8300000429153442
-0.07200002670288086 -0.018000006675720215 1.4300000667572021
1.4520001411437988 -0.4859999418258667 2.251999855041504
1.4279999732971191 -0.5040000081062317 2.251999855041504
-0.07200002670288086 0.14400005340576172 1.0520000457763672
1.3259999752044678 -0.5099999904632568 2.2760000228881836
-0.0419999361038208 -0.07200002670288086 1.555999994277954
0.024000048637390137 0.4559999704360962 0.9679999947547913
-0.04799997806549072 0.18599998950958252 0.9500000476837158
1.4520001411437988 -0.5040000081062317 2.246000051498413
1.3619999885559082 -0.49800002574920654 2.2760000228881836
-0.023999929428100586 0.22200000286102295 0.878000020980835
-0.07200002670288086 -0.029999971389770508 1.4479999542236328
1.2780001163482666 -0.5220000147819519 2.2820000648498535
0.0 0.24600005149841309 0.8179999589920044
-0.07200002670288086 0.1499999761581421 1.0339999198913574
-0.07200002670288086 -0.029999971389770508 1.4539999961853027
-0.023999929428100586 0.22200000286102295 0.871999979019165
-0.07799994945526123 -0.018000006675720215 1.4300000667572021
-0.07200002670288086 0.156000018119812 1.027999997138977
1.2780001163482666 -0.527999997138977 2.2820000648498535
-0.09599995613098145 0.06599998474121094 1.2260000705718994
-0.09599995613098145 0.04799997806549072 1.2680000066757202
-0.09599995613098145 0.07200002670288086 1.2139999866485596
-0.09599995613098145 0.04200005531311035 1.2799999713897705
1.380000114440918 -0.49800002574920654 2.2760000228881836
-0.09599995613098145 0.07800006866455078 1.2020000219345093
1.4520001411437988 -0.5040000081062317 2.251999855041504
0.011999964714050293 0.4500000476837158 0.9800000190734863
1.2720000743865967 -0.5220000147819519 2.2880001068115234
-0.09599995613098145 0.03600001335144043 1.3040000200271606
-0.09599995613098145 0.09000003337860107 1.1779999732971191
1.2599999904632568 -0.527999997138977 2.2880001068115234
-0.04799997806549072 0.19800007343292236 0.9259999990463257
-0.09599995613098145 0.024000048637390137 1.3220000267028809
1.3559999465942383 -0.515999972820282 2.2760000228881836
-0.04799997806549072 -0.07799994945526123 1.562000036239624
-0.07200002670288086 -0.0419999361038208 1.4779999256134033
-0.09599995613098145 0.024000048637390137 1.3280000686645508
-0.09599995613098145 0.09599995613098145 1.1540000438690186
-0.07200002670288086 0.16200006008148193 1.003999948501587
1.2000000476837158 -0.5460000038146973 2.2880001068115234
-0.023999929428100586 0.22800004482269287 0.8539999723434448
0.0 0.4440000057220459 1.003999948501587
-0.09599995613098145 0.011999964714050293 1.3519999980926514
-0.09599995613098145 0.10800004005432129 1.1299999952316284
0.0 0.2580000162124634 0.800000011920929
0.0 0.4440000057220459 0.9980000257492065
1.194000005722046 -0.5519999861717224 2.2880001068115234
1.2000000476837158 -0.5519999861717224 2.2880001068115234
1.4820001125335693 -0.49800002574920654 2.251999855041504
0.0 0.4500000476837158 1.003999948501587
1.4100000858306885 -0.49800002574920654 2.2760000228881836
1.4760000705718994 -0.5040000081062317 2.251999855041504
1.380000114440918 -0.515999972820282 2.2760000228881836
-0.054000020027160645 -0.07200002670288086 1.562000036239624
-0.09599995613098145 0.0 1.375999927520752
-0.07200002670288086 -0.04799997806549072 1.5019999742507935
1.247999906539917 -0.5220000147819519 2.3000001907348633
1.194000005722046 -0.5460000038146973 2.2940001487731934
-0.09599995613098145 0.12000000476837158 1.100000023841858
1.253999948501587 -0.5220000147819519 2.3000001907348633
-0.07200002670288086 0.17400002479553223 0.9800000190734863
-0.011999964714050293 0.437999963760376 1.027999997138977
-0.07200002670288086 -0.054000020027160645 1.5080000162124634
-0.04799997806549072 0.21000003814697266 0.9020000100135803
-0.09599995613098145 -0.006000041961669922 1.3940000534057617
-0.07200002670288086 0.17400002479553223 0.9739999771118164
-0.09599995613098145 -0.006000041961669922 1.4000000953674316
1.2780001163482666 -0.5220000147819519 2.3000001907348633
-0.09599995613098145 0.13199996948242188 1.0759999752044678
-0.10800004005432129 0.03600001335144043 1.3040000200271606
1.194000005722046 -0.5460000038146973 2.3000001907348633
-0.023999929428100586 0.24000000953674316 0.8300000429153442
1.446000099182129 -0.4919999837875366 2.2760000228881836
1.2000000476837158 -0.5460000038146973 2.3000001907348633
-0.07200002670288086 -0.059999942779541016 1.5260000228881836
-0.023999929428100586 0.4320000410079956 1.0520000457763672
0.0 0.2640000581741333 0.7760000228881836
-0.011999964714050293 0.4440000057220459 1.003999948501587
1.187999963760376 -0.5519999861717224 2.3000001907348633
-0.10199999809265137 -0.006000041961669922 1.4000000953674316
1.2300000190734863 -0.5460000038146973 2.3000001907348633
1.253999948501587 -0.5399999618530273 2.3000001907348633
-0.11399996280670166 0.04799997806549072 1.2620000839233398
-0.09599995613098145 0.14400005340576172 1.0520000457763672
-0.07200002670288086 0.18599998950958252 0.9500000476837158
1.2780001163482666 -0.5339999794960022 2.3000001907348633
-0.04799997806549072 0.22200000286102295 0.878000020980835
1.3020000457763672 -0.527999997138977 2.3000001907348633
1.3199999332427979 -0.5220000147819519 2.3000001907348633
-0.006000041961669922 0.4559999704360962 0.9800000190734863
-0.09599995613098145 -0.029999971389770508 1.4479999542236328
1.4100000858306885 -0.515999972820282 2.2820000648498535
1.3259999752044678 -0.5220000147819519 2.3000001907348633
-0.09599995613098145 -0.029999971389770508 1.4539999961853027
-0.023999929428100586 0.24600005149841309 0.812000036239624
-0.09599995613098145 0.1499999761581421 1.027999997138977
1.446000099182129 -0.5099999904632568 2.2760000228881836
1.2239999771118164 -0.5220000147819519 2.317999839782715
1.2239999771118164 -0.5579999685287476 2.3000001907348633
-0.04799997806549072 0.22200000286102295 0.8659999966621399
1.3500001430511475 -0.527999997138977 2.2940001487731934
-0.09599995613098145 0.156000018119812 1.027999997138977
-0.12000000476837158 0.054000020027160645 1.25
-0.12000000476837158 0.06599998474121094 1.2260000705718994
-0.12000000476837158 0.07200002670288086 1.2079999446868896
-0.07200002670288086 -0.07799994945526123 1.555999994277954
-0.12000000476837158 0.04200005531311035 1.2799999713897705
1.3320000171661377 -0.527999997138977 2.3000001907348633
-0.12000000476837158 0.07800006866455078 1.2020000219345093
-0.029999971389770508 0.437999963760376 1.0399999618530273
-0.12000000476837158 0.08399999141693115 1.1779999732971191
-0.07200002670288086 0.19800007343292236 0.9259999990463257
1.4579999446868896 -0.5099999904632568 2.2760000228881836
1.2360000610351562 -0.5640000104904175 2.3000001907348633
-0.09599995613098145 -0.0419999361038208 1.4779999256134033
-0.12000000476837158 0.024000048637390137 1.3220000267028809
1.3559999465942383 -0.5099999904632568 2.305999994277954
-0.023999929428100586 0.25199997425079346 0.800000011920929
-0.03600001335144043 0.4320000410079956 1.0520000457763672
-0.07200002670288086 0.19800007343292236 0.9200000166893005
-0.12000000476837158 0.024000048637390137 1.3280000686645508
-0.04799997806549072 0.22800004482269287 0.8539999723434448
1.4879999160766602 -0.4919999837875366 2.2760000228881836
-0.12000000476837158 0.09599995613098145 1.1540000438690186
-0.09599995613098145 0.16200006008148193 1.003999948501587
1.4639999866485596 -0.49800002574920654 2.2820000648498535
1.3500001430511475 -0.527999997138977 2.3000001907348633
1.253999948501587 -0.5519999861717224 2.305999994277954
-0.12000000476837158 0.011999964714050293 1.3519999980926514
-0.023999929428100586 0.4500000476837158 1.003999948501587
-0.12000000476837158 0.10800004005432129 1.1299999952316284
-0.029999971389770508 0.4440000057220459 1.0160000324249268
-0.07200002670288086 -0.07799994945526123 1.5800000429153442
-0.12000000476837158 0.0 1.375999927520752
-0.09599995613098145 -0.054000020027160645 1.5019999742507935
1.1100001335144043 -0.5339999794960022 2.3299999237060547
1.128000020980835 -0.5339999794960022 2.3299999237060547
-0.12000000476837158 0.12000000476837158 1.100000023841858
-0.07200002670288086 0.21000003814697266 0.9020000100135803
-0.09599995613098145 0.17400002479553223 0.9800000190734863
-0.12000000476837158 -0.006000041961669922 1.3880000114440918
1.3919999599456787 -0.5220000147819519 2.3000001907348633
-0.09599995613098145 0.17400002479553223 0.9739999771118164
1.4879999160766602 -0.5099999904632568 2.2760000228881836
1.1519999504089355 -0.5399999618530273 2.3299999237060547
1.2300000190734863 -0.527999997138977 2.3299999237060547
-0.04799997806549072 0.24000000953674316 0.8300000429153442
-0.12000000476837158 0.13199996948242188 1.0759999752044678
1.4040000438690186 -0.5220000147819519 2.3000001907348633
-0.023999929428100586 0.2640000581741333 0.7760000228881836
-0.09599995613098145 -0.059999942779541016 1.5260000228881836
1.253999948501587 -0.527999997138977 2.3299999237060547
1.181999921798706 -0.5460000038146973 2.3299999237060547
-0.12000000476837158 -0.023999929428100586 1.4300000667572021
-0.12000000476837158 0.1380000114440918 1.0520000457763672
1.0859999656677246 -0.5399999618530273 2.3359999656677246
-0.07200002670288086 0.21599996089935303 0.878000020980835
-0.09599995613098145 0.18599998950958252 0.9500000476837158
-0.029999971389770508 0.4620000123977661 0.9919999837875366
1.2060000896453857 -0.5460000038146973 2.3299999237060547
-0.08399999141693115 -0.07799994945526123 1.5800000429153442
-0.03600001335144043 0.4559999704360962 1.003999948501587
-0.04799997806549072 0.24600005149841309 0.812000036239624
-0.10800004005432129 -0.04799997806549072 1.5019999742507935
-0.12000000476837158 -0.029999971389770508 1.4479999542236328
1.194000005722046 -0.5519999861717224 2.3299999237060547
1.308000087738037 -0.5220000147819519 2.3299999237060547
-0.12000000476837158 -0.029999971389770508 1.4539999961853027
-0.07200002670288086 0.22200000286102295 0.8659999966621399
-0.12000000476837158 0.1499999761581421 1.027999997138977
-0.09599995613098145 -0.07799994945526123 1.5499999523162842
1.2000000476837158 -0.5579999685287476 2.3299999237060547
-0.09599995613098145 -0.07799994945526123 1.555999994277954
1.3259999752044678 -0.5220000147819519 2.3299999237060547
-0.09599995613098145 0.19800007343292236 0.9259999990463257
-0.04799997806549072 0.25199997425079346 0.800000011920929
1.055999994277954 -0.5460000038146973 2.3420000076293945
-0.07200002670288086 0.22800004482269287 0.8539999723434448
-0.09599995613098145 0.19800007343292236 0.9200000166893005
1.380000114440918 -0.527999997138977 2.317999839782715
-0.12000000476837158 -0.0419999361038208 1.4779999256134033
-0.12000000476837158 0.16200006008148193 1.003999948501587
1.2839999198913574 -0.5460000038146973 2.3299999237060547
1.3020000457763672 -0.5399999618530273 2.3299999237060547
1.1040000915527344 -0.5519999861717224 2.3420000076293945
-0.10199999809265137 -0.07799994945526123 1.5499999523162842
1.0799999237060547 -0.5519999861717224 2.3420000076293945
1.3559999465942383 -0.5220000147819519 2.3299999237060547
-0.1499999761581421 0.054000020027160645 1.25
-0.1499999761581421 0.04799997806549072 1.2620000839233398
-0.1499999761581421 0.06599998474121094 1.2260000705718994
-0.0419999361038208 0.2640000581741333 0.7760000228881836
-0.1499999761581421 0.07200002670288086 1.2079999446868896
-0.1499999761581421 0.04200005531311035 1.2799999713897705
1.247999906539917 -0.5640000104904175 2.3299999237060547
-0.1499999761581421 0.07800006866455078 1.2020000219345093
1.3380000591278076 -0.5339999794960022 2.3299999237060547
1.055999994277954 -0.5579999685287476 2.3420000076293945
1.0499999523162842 -0.5460000038146973 2.3480000495910645
-0.1499999761581421 0.029999971389770508 1.3040000200271606
-0.09599995613098145 0.20399999618530273 0.9020000100135803
-0.1499999761581421 0.08399999141693115 1.1779999732971191
-0.12000000476837158 -0.054000020027160645 1.5019999742507935
-0.1499999761581421 0.024000048637390137 1.3220000267028809
-0.12000000476837158 0.17400002479553223 0.9800000190734863
1.3859999179840088 -0.515999972820282 2.3299999237060547
1.128000020980835 -0.5519999861717224 2.3480000495910645
-0.1499999761581421 0.024000048637390137 1.3280000686645508
-0.1499999761581421 0.09599995613098145 1.1540000438690186
-0.1499999761581421 0.09599995613098145 1.1480000019073486
1.1519999504089355 -0.5519999861717224 2.3480000495910645
1.253999948501587 -0.5699999928474426 2.3299999237060547
1.0320000648498535 -0.5640000104904175 2.3420000076293945
-0.07200002670288086 0.24000000953674316 0.8300000429153442
-0.12000000476837158 0.17400002479553223 0.9679999947547913
-0.1499999761581421 0.011999964714050293 1.3519999980926514
1.1040000915527344 -0.5460000038146973 2.3540000915527344
-0.1499999761581421 0.10800004005432129 1.1299999952316284
1.128000020980835 -0.5460000038146973 2.3540000915527344
1.0799999237060547 -0.5460000038146973 2.3540000915527344
1.055999994277954 -0.5460000038146973 2.3540000915527344
1.1519999504089355 -0.5460000038146973 2.3540000915527344
1.2000000476837158 -0.5399999618530273 2.3540000915527344
1.380000114440918 -0.527999997138977 2.3299999237060547
1.3559999465942383 -0.5399999618530273 2.3299999237060547
1.2780001163482666 -0.5579999685287476 2.3359999656677246
1.002000093460083 -0.5640000104904175 2.3420000076293945
1.0380001068115234 -0.5460000038146973 2.3540000915527344
1.1760001182556152 -0.5460000038146973 2.3540000915527344
-0.1499999761581421 0.0 1.375999927520752
-0.12000000476837158 -0.06599998474121094 1.5260000228881836
1.128000020980835 -0.5519999861717224 2.3540000915527344
-0.1499999761581421 0.12000000476837158 1.100000023841858
-0.1499999761581421 -0.006000041961669922 1.3880000114440918
-0.09599995613098145 0.21599996089935303 0.878000020980835
-0.1499999761581421 0.12000000476837158 1.093999981880188
1.1760001182556152 -0.5519999861717224 2.3540000915527344
-0.12000000476837158 0.18599998950958252 0.9500000476837158
1.1040000915527344 -0.5579999685287476 2.3540000915527344
-0.1499999761581421 -0.011999964714050293 1.4000000953674316
-0.16199994087219238 0.07800006866455078 1.2020000219345093
-0.1499999761581421 0.13199996948242188 1.0759999752044678
-0.07200002670288086 0.24600005149841309 0.8059999942779541
1.2720000743865967 -0.5399999618530273 2.3540000915527344
1.1519999504089355 -0.5519999861717224 2.3600001335144043
1.2780001163482666 -0.5399999618530273 2.3540000915527344
-0.09599995613098145 0.22200000286102295 0.8600000143051147
-0.12000000476837158 -0.07200002670288086 1.555999994277954
0.9900000095367432 -0.5699999928474426 2.3480000495910645
-0.1499999761581421 -0.023999929428100586 1.4300000667572021
-0.12000000476837158 -0.07799994945526123 1.555999994277954
-0.1499999761581421 0.1380000114440918 1.0520000457763672
1.0799999237060547 -0.5699999928474426 2.3540000915527344
1.062000036239624 -0.5699999928474426 2.3540000915527344
-0.07200002670288086 0.25199997425079346 0.800000011920929
1.2060000896453857 -0.5640000104904175 2.3540000915527344
-0.12000000476837158 0.19800007343292236 0.9259999990463257
1.002000093460083 -0.5999999642372131 2.3359999656677246
-0.1499999761581421 -0.029999971389770508 1.4420000314712524
-0.09599995613098145 0.22800004482269287 0.8539999723434448
1.0260000228881836 -0.5699999928474426 2.3540000915527344
0.9960000514984131 -0.5999999642372131 2.3359999656677246
1.002000093460083 -0.6240000128746033 2.3239998817443848
1.002000093460083 -0.5699999928474426 2.3540000915527344
-0.12000000476837158 0.19800007343292236 0.9140000343322754
-0.1499999761581421 -0.03600001335144043 1.4539999961853027
-0.1499999761581421 0.1499999761581421 1.027999997138977
1.0260000228881836 -0.5759999752044678 2.3540000915527344
-0.1499999761581421 0.1499999761581421 1.0220000743865967
0.9779999256134033 -0.5699999928474426 2.3540000915527344
0.9720001220703125 -0.5699999928474426 2.3540000915527344
-0.12000000476837158 -0.08399999141693115 1.5800000429153442
-0.17400002479553223 0.054000020027160645 1.25
-0.17400002479553223 0.04799997806549072 1.2620000839233398
-0.17400002479553223 0.06599998474121094 1.2260000705718994
-0.17400002479553223 0.07200002670288086 1.2020000219345093
-0.17400002479553223 0.04200005531311035 1.2799999713897705
-0.07200002670288086 0.2580000162124634 0.7820000052452087
-0.12000000476837158 0.20399999618530273 0.9020000100135803
1.308000087738037 -0.5399999618530273 2.3600001335144043
1.002000093460083 -0.6240000128746033 2.3299999237060547
1.068000078201294 -0.5759999752044678 2.3600001335144043
0.9960000514984131 -0.6240000128746033 2.3299999237060547
-0.17400002479553223 0.029999971389770508 1.3040000200271606
1.2780001163482666 -0.5640000104904175 2.3540000915527344
-0.17400002479553223 0.08399999141693115 1.1779999732971191
-0.1499999761581421 -0.0419999361038208 1.4779999256134033
-0.17400002479553223 0.024000048637390137 1.315999984741211
-0.1499999761581421 0.16200006008148193 1.003999948501587
-0.09599995613098145 0.23399996757507324 0.8300000429153442
1.3619999885559082 -0.5339999794960022 2.3540000915527344
0.9960000514984131 -0.6480000019073486 2.317999839782715
-0.17400002479553223 0.018000006675720215 1.3280000686645508
-0.17400002479553223 0.09599995613098145 1.1540000438690186
1.2720000743865967 -0.5699999928474426 2.3540000915527344
-0.17400002479553223 0.09599995613098145 1.1480000019073486
-0.13199996948242188 -0.07200002670288086 1.555999994277954
1.2300000190734863 -0.5579999685287476 2.366000175476074
0.9960000514984131 -0.671999990940094 2.305999994277954
-0.17400002479553223 0.011999964714050293 1.3519999980926514
-0.17400002479553223 0.10800004005432129 1.1299999952316284
-0.1499999761581421 -0.054000020027160645 1.5019999742507935
-0.1499999761581421 0.1679999828338623 0.9800000190734863
1.002000093460083 -0.6480000019073486 2.3239998817443848
1.3859999179840088 -0.5339999794960022 2.3540000915527344
-0.17400002479553223 0.0 1.375999927520752
0.9960000514984131 -0.6959999799728394 2.2940001487731934
0.9179999828338623 -0.5640000104904175 2.3600001335144043
-0.12000000476837158 0.21599996089935303 0.878000020980835
0.9360001087188721 -0.5699999928474426 2.3600001335144043
1.0199999809265137 -0.5999999642372131 2.3540000915527344
-0.17400002479553223 0.12000000476837158 1.100000023841858
1.1519999504089355 -0.5579999685287476 2.378000020980835
1.055999994277954 -0.5579999685287476 2.378000020980835
-0.17400002479553223 -0.006000041961669922 1.3880000114440918
-0.17400002479553223 0.12000000476837158 1.093999981880188
1.002000093460083 -0.671999990940094 2.312000036239624
1.1760001182556152 -0.5579999685287476 2.378000020980835
-0.1499999761581421 0.17400002479553223 0.9679999947547913
-0.17400002479553223 -0.011999964714050293 1.4000000953674316
-0.1799999475479126 0.011999964714050293 1.3519999980926514
1.0799999237060547 -0.5999999642372131 2.3600001335144043
1.2300000190734863 -0.5759999752044678 2.366000175476074
1.2000000476837158 -0.5579999685287476 2.378000020980835
-0.17400002479553223 0.1260000467300415 1.0759999752044678
-0.09599995613098145 0.24600005149841309 0.8059999942779541
0.9779999256134033 -0.5999999642372131 2.3540000915527344
1.002000093460083 -0.5579999685287476 2.378000020980835
1.002000093460083 -0.6480000019073486 2.3299999237060547
0.9960000514984131 -0.6959999799728394 2.3000001907348633
-0.1499999761581421 -0.06599998474121094 1.5260000228881836
1.4879999160766602 -0.5220000147819519 2.3359999656677246
0.9660000801086426 -0.5999999642372131 2.3540000915527344
1.1040000915527344 -0.5699999928474426 2.378000020980835
0.9900000095367432 -0.6480000019073486 2.3299999237060547
1.0920000076293945 -0.5699999928474426 2.378000020980835
1.128000020980835 -0.5699999928474426 2.378000020980835
-0.12000000476837158 0.22200000286102295 0.8600000143051147
0.9779999256134033 -0.5579999685287476 2.378000020980835
1.0199999809265137 -0.6119999885559082 2.3540000915527344
1.008000135421753 -0.6539999842643738 2.3299999237060547
-0.09599995613098145 0.25199997425079346 0.800000011920929
1.3020000457763672 -0.5519999861717224 2.371999979019165
-0.1499999761581421 0.18599998950958252 0.9500000476837158
1.0320000648498535 -0.5699999928474426 2.378000020980835
1.002000093460083 -0.7199999690055847 2.2880001068115234
-0.17400002479553223 -0.023999929428100586 1.4300000667572021
-0.17400002479553223 0.1380000114440918 1.0520000457763672
-0.1380000114440918 -0.08399999141693115 1.5800000429153442
0.9900000095367432 -0.7199999690055847 2.2880001068115234
-0.12000000476837158 0.22800004482269287 0.8539999723434448
0.9539999961853027 -0.5579999685287476 2.378000020980835
1.002000093460083 -0.6959999799728394 2.305999994277954
1.0799999237060547 -0.6240000128746033 2.3540000915527344
-0.17400002479553223 -0.029999971389770508 1.4420000314712524
1.062000036239624 -0.6240000128746033 2.3540000915527344
0.9720001220703125 -0.6240000128746033 2.3480000495910645
0.9900000095367432 -0.75 2.2699999809265137
-0.1499999761581421 -0.07799994945526123 1.5499999523162842
1.2300000190734863 -0.5579999685287476 2.384000062942505
0.9119999408721924 -0.5759999752044678 2.366000175476074
-0.17400002479553223 -0.03600001335144043 1.4539999961853027
1.2599999904632568 -0.5759999752044678 2.371999979019165
-0.17400002479553223 0.1499999761581421 1.027999997138977
-0.1499999761581421 -0.07799994945526123 1.555999994277954
-0.17400002479553223 0.1499999761581421 1.0220000743865967
-0.1499999761581421 0.19200003147125244 0.9259999990463257
1.1040000915527344 -0.5999999642372131 2.371999979019165
-0.09599995613098145 0.2580000162124634 0.7820000052452087
1.2780001163482666 -0.5759999752044678 2.371999979019165
0.9300000667572021 -0.5640000104904175 2.378000020980835
-0.1979999542236328 0.04799997806549072 1.25600004196167
-0.1979999542236328 0.054000020027160645 1.25
0.9779999256134033 -0.6240000128746033 2.3540000915527344
-0.1979999542236328 0.06599998474121094 1.2260000705718994
-0.1979999542236328 0.07200002670288086 1.2020000219345093
-0.1979999542236328 0.04200005531311035 1.2799999713897705
0.9839999675750732 -0.75 2.2760000228881836
1.128000020980835 -0.5820000171661377 2.384000062942505
1.068000078201294 -0.6480000019073486 2.3480000495910645
-0.12000000476837158 0.23399996757507324 0.8300000429153442
1.008000135421753 -0.7199999690055847 2.3000001907348633
-0.1979999542236328 0.029999971389770508 1.3040000200271606
-0.1499999761581421 0.19800007343292236 0.9140000343322754
-0.1979999542236328 0.08399999141693115 1.1779999732971191
0.9600000381469727 -0.6240000128746033 2.3540000915527344
-0.17400002479553223 0.16200006008148193 1.003999948501587
-0.1979999542236328 0.024000048637390137 1.315999984741211
-0.17400002479553223 -0.04799997806549072 1.4839999675750732
1.2660000324249268 -0.5759999752044678 2.378000020980835
0.9419999122619629 -0.5999999642372131 2.366000175476074
-0.1979999542236328 0.018000006675720215 1.3280000686645508
1.0260000228881836 -0.593999981880188 2.378000020980835
0.9600000381469727 -0.6480000019073486 2.3420000076293945
0.9779999256134033 -0.671999990940094 2.3299999237060547
-0.1979999542236328 0.09599995613098145 1.1540000438690186
1.0260000228881836 -0.6060000061988831 2.371999979019165
0.9839999675750732 -0.7199999690055847 2.3000001907348633
1.1040000915527344 -0.5999999642372131 2.378000020980835
1.0980000495910645 -0.5999999642372131 2.378000020980835
-0.1979999542236328 0.09599995613098145 1.1480000019073486
1.068000078201294 -0.5999999642372131 2.378000020980835
1.002000093460083 -0.75 2.2820000648498535
1.3020000457763672 -0.5579999685287476 2.384000062942505
-0.1979999542236328 0.10199999809265137 1.1299999952316284
-0.1499999761581421 0.20399999618530273 0.9020000100135803
-0.17400002479553223 -0.054000020027160645 1.496000051498413
1.0799999237060547 -0.6480000019073486 2.3540000915527344
0.9000000953674316 -0.5699999928474426 2.378000020980835
0.8280000686645508 -0.5759999752044678 2.3600001335144043
0.8819999694824219 -0.5759999752044678 2.371999979019165
1.062000036239624 -0.6480000019073486 2.3540000915527344
-0.17400002479553223 -0.054000020027160645 1.5019999742507935
1.2960000038146973 -0.5640000104904175 2.384000062942505
-0.17400002479553223 0.1679999828338623 0.9800000190734863
-0.1979999542236328 0.0 1.375999927520752
1.0199999809265137 -0.6480000019073486 2.3540000915527344
0.9479999542236328 -0.6240000128746033 2.3600001335144043
0.8159999847412109 -0.5759999752044678 2.3600001335144043
1.0139999389648438 -0.6779999732971191 2.3359999656677246
-0.1979999542236328 -0.006000041961669922 1.3819999694824219
-0.1979999542236328 0.12000000476837158 1.100000023841858
1.0980000495910645 -0.6119999885559082 2.378000020980835
1.1400001049041748 -0.5640000104904175 2.4019999504089355
0.9900000095367432 -0.7739999890327454 2.2699999809265137
1.1519999504089355 -0.5759999752044678 2.3959999084472656
1.1040000915527344 -0.6240000128746033 2.371999979019165
0.9479999542236328 -0.6480000019073486 2.3480000495910645
1.002000093460083 -0.7680000066757202 2.2760000228881836
0.875999927520752 -0.5699999928474426 2.378000020980835
-0.17400002479553223 0.17400002479553223 0.9679999947547913
-0.1979999542236328 0.12000000476837158 1.0880000591278076
1.3619999885559082 -0.5460000038146973 2.384000062942505
1.1760001182556152 -0.5640000104904175 2.4019999504089355
0.9539999961853027 -0.671999990940094 2.3359999656677246
-0.1979999542236328 -0.011999964714050293 1.4000000953674316
-0.1499999761581421 -0.08399999141693115 1.6039999723434448
-0.1979999542236328 0.1260000467300415 1.0759999752044678
0.9660000801086426 -0.6959999799728394 2.3239998817443848
1.1519999504089355 -0.5699999928474426 2.4019999504089355
1.055999994277954 -0.5699999928474426 2.4019999504089355
1.2360000610351562 -0.5820000171661377 2.3899998664855957
-0.17400002479553223 -0.06599998474121094 1.5260000228881836
-0.12000000476837158 0.24600005149841309 0.800000011920929
1.0799999237060547 -0.671999990940094 2.3480000495910645
1.0380001068115234 -0.5699999928474426 2.4019999504089355
-0.1499999761581421 0.21599996089935303 0.878000020980835
1.062000036239624 -0.671999990940094 2.3480000495910645
-0.12000000476837158 0.25199997425079346 0.800000011920929
0.9539999961853027 -0.6480000019073486 2.3540000915527344
-0.17400002479553223 0.18000006675720215 0.9500000476837158
1.1040000915527344 -0.6240000128746033 2.378000020980835
0.9300000667572021 -0.5999999642372131 2.378000020980835
0.875999927520752 -0.5820000171661377 2.378000020980835
1.068000078201294 -0.6240000128746033 2.378000020980835
0.9779999256134033 -0.7739999890327454 2.2760000228881836
0.9779999256134033 -0.7979999780654907 2.257999897003174
-0.1979999542236328 -0.023999929428100586 1.4300000667572021
0.9779999256134033 -0.6959999799728394 2.3299999237060547
-0.1979999542236328 0.1380000114440918 1.0520000457763672
1.1040000915527344 -0.6480000019073486 2.366000175476074
1.2179999351501465 -0.5699999928474426 2.4019999504089355
0.9240000247955322 -0.6240000128746033 2.366000175476074
1.1100001335144043 -0.5699999928474426 2.4079999923706055
-0.1979999542236328 -0.029999971389770508 1.4359999895095825
1.0799999237060547 -0.5699999928474426 2.4079999923706055
0.9300000667572021 -0.6480000019073486 2.3540000915527344
0.9660000801086426 -0.75 2.2940001487731934
0.9779999256134033 -0.7440000176429749 2.3000001907348633
0.9119999408721924 -0.5999999642372131 2.378000020980835
1.0980000495910645 -0.6299999952316284 2.378000020980835
0.9300000667572021 -0.6060000061988831 2.378000020980835
1.0139999389648438 -0.75 2.3000001907348633
1.0799999237060547 -0.671999990940094 2.3540000915527344
1.0380001068115234 -0.5820000171661377 2.4019999504089355
0.9539999961853027 -0.6959999799728394 2.3299999237060547
1.062000036239624 -0.671999990940094 2.3540000915527344
0.9300000667572021 -0.671999990940094 2.3420000076293945
0.9479999542236328 -0.6959999799728394 2.3299999237060547
-0.17400002479553223 -0.07799994945526123 1.5499999523162842
1.380000114440918 -0.5460000038146973 2.3899998664855957
0.9539999961853027 -0.5699999928474426 2.4019999504089355
0.9660000801086426 -0.7199999690055847 2.317999839782715
-0.1979999542236328 -0.03600001335144043 1.4539999961853027
0.9539999961853027 -0.6599999666213989 2.3540000915527344
1.128000020980835 -0.6240000128746033 2.384000062942505
1.0199999809265137 -0.671999990940094 2.3540000915527344
-0.1979999542236328 0.1499999761581421 1.027999997138977
-0.1499999761581421 0.22200000286102295 0.8539999723434448
-0.17400002479553223 -0.07799994945526123 1.555999994277954
-0.12000000476837158 0.2580000162124634 0.7820000052452087
0.9720001220703125 -0.7979999780654907 2.2639999389648438
-0.17400002479553223 0.19200003147125244 0.9259999990463257
-0.1979999542236328 0.1499999761581421 1.0220000743865967
0.9660000801086426 -0.7739999890327454 2.2820000648498535
-0.1499999761581421 0.22800004482269287 0.8539999723434448
0.7920000553131104 -0.5820000171661377 2.366000175476074
0.8519999980926514 -0.5879999995231628 2.378000020980835
0.9839999675750732 -0.5699999928474426 2.4079999923706055
0.9779999256134033 -0.7080000042915344 2.3299999237060547
1.068000078201294 -0.593999981880188 2.4019999504089355
1.0139999389648438 -0.7139999866485596 2.3299999237060547
0.9600000381469727 -0.75 2.3000001907348633
0.9779999256134033 -0.8100000023841858 2.257999897003174
0.9300000667572021 -0.5699999928474426 2.4019999504089355
0.9720001220703125 -0.8100000023841858 2.257999897003174
-0.22200000286102295 0.060000061988830566 1.2260000705718994
-0.22200000286102295 0.04799997806549072 1.25600004196167
-0.22200000286102295 0.054000020027160645 1.25
-0.19200003147125244 -0.054000020027160645 1.5019999742507935
-0.22200000286102295 0.07200002670288086 1.2020000219345093
-0.22200000286102295 0.04200005531311035 1.2799999713897705
0.9119999408721924 -0.6480000019073486 2.3600001335144043
-0.1979999542236328 0.156000018119812 1.003999948501587
-0.1979999542236328 -0.04799997806549072 1.4779999256134033
1.002000093460083 -0.7860000133514404 2.2820000648498535
0.9119999408721924 -0.5699999928474426 2.4019999504089355
1.0799999237060547 -0.6959999799728394 2.3480000495910645
-0.22200000286102295 0.029999971389770508 1.3040000200271606
1.1459999084472656 -0.5999999642372131 2.4019999504089355
-0.22200000286102295 0.08399999141693115 1.1779999732971191
1.1519999504089355 -0.5999999642372131 2.4019999504089355
-0.22200000286102295 0.024000048637390137 1.309999942779541
-0.21599996089935303 0.0 1.375999927520752
1.062000036239624 -0.6959999799728394 2.3480000495910645
-0.17400002479553223 0.19800007343292236 0.9079999923706055
1.1040000915527344 -0.6480000019073486 2.378000020980835
1.0199999809265137 -0.6840000152587891 2.3540000915527344
-0.22200000286102295 0.018000006675720215 1.3280000686645508
0.9479999542236328 -0.7199999690055847 2.3239998817443848
1.062000036239624 -0.6480000019073486 2.378000020980835
-0.22200000286102295 0.09599995613098145 1.1540000438690186
-0.156000018119812 0.22800004482269287 0.8539999723434448
0.9060001373291016 -0.671999990940094 2.3480000495910645
-0.17400002479553223 -0.09000003337860107 1.5800000429153442
-0.22200000286102295 0.09599995613098145 1.1419999599456787
0.9539999961853027 -0.5759999752044678 2.4079999923706055
1.1040000915527344 -0.671999990940094 2.366000175476074
-0.17400002479553223 0.20399999618530273 0.9020000100135803
0.8340001106262207 -0.593999981880188 2.378000020980835
0.9900000095367432 -0.7979999780654907 2.2760000228881836
-0.1979999542236328 -0.054000020027160645 1.496000051498413
-0.22200000286102295 0.10199999809265137 1.1299999952316284
-0.22200000286102295 0.006000041961669922 1.3519999980926514
0.9300000667572021 -0.6299999952316284 2.378000020980835
0.9300000667572021 -0.671999990940094 2.3540000915527344
1.1760001182556152 -0.5820000171661377 2.4140000343322754
-0.1499999761581421 0.23399996757507324 0.8300000429153442
0.9060001373291016 -0.6240000128746033 2.378000020980835
0.9000000953674316 -0.5759999752044678 2.4019999504089355
-0.1979999542236328 0.1679999828338623 0.9800000190734863
1.0799999237060547 -0.6959999799728394 2.3540000915527344
-0.1380000114440918 0.25199997425079346 0.800000011920929
0.9779999256134033 -0.5759999752044678 2.4140000343322754
1.062000036239624 -0.6959999799728394 2.3540000915527344
1.374000072479248 -0.5519999861717224 2.4019999504089355
0.9539999961853027 -0.7199999690055847 2.3299999237060547
1.0139999389648438 -0.7739999890327454 2.3000001907348633
1.128000020980835 -0.6480000019073486 2.384000062942505
0.9539999961853027 -0.7979999780654907 2.2760000228881836
0.9300000667572021 -0.6779999732971191 2.3540000915527344
-0.22200000286102295 0.11399996280670166 1.100000023841858
-0.22200000286102295 -0.006000041961669922 1.3819999694824219
0.9479999542236328 -0.7979999780654907 2.2760000228881836
0.9479999542236328 -0.7739999890327454 2.2940001487731934
1.062000036239624 -0.6599999666213989 2.378000020980835
0.9000000953674316 -0.671999990940094 2.3540000915527344
0.9360001087188721 -0.7199999690055847 2.3299999237060547
1.0740001201629639 -0.6179999709129333 2.4019999504089355
1.062000036239624 -0.7199999690055847 2.3420000076293945
0.9119999408721924 -0.6959999799728394 2.3420000076293945
-0.22200000286102295 0.12000000476837158 1.0880000591278076
-0.17400002479553223 -0.09000003337860107 1.6039999723434448
-0.1979999542236328 0.17400002479553223 0.9620000123977661
0.8039999008178711 -0.593999981880188 2.378000020980835
-0.22200000286102295 -0.011999964714050293 1.4000000953674316
-0.17400002479553223 0.21000003814697266 0.878000020980835
1.0260000228881836 -0.7559999823570251 2.317999839782715
1.0199999809265137 -0.7379999756813049 2.3299999237060547
-0.22200000286102295 0.1260000467300415 1.0759999752044678
1.0859999656677246 -0.5759999752044678 2.4260001182556152
0.9179999828338623 -0.7199999690055847 2.3299999237060547
1.0799999237060547 -0.6119999885559082 2.4079999923706055
-0.1979999542236328 -0.06599998474121094 1.5260000228881836
1.194000005722046 -0.5699999928474426 2.4260001182556152
1.2300000190734863 -0.5759999752044678 2.4200000762939453
0.9300000667572021 -0.5759999752044678 2.4140000343322754
1.1340000629425049 -0.6240000128746033 2.4019999504089355
0.8940000534057617 -0.6240000128746033 2.384000062942505
1.1519999504089355 -0.6240000128746033 2.4019999504089355
1.0260000228881836 -0.75 2.3239998817443848
0.9539999961853027 -0.7739999890327454 2.3000001907348633
-0.1979999542236328 0.18000006675720215 0.9500000476837158
1.2179999351501465 -0.5699999928474426 2.4260001182556152
0.9539999961853027 -0.7319999933242798 2.3299999237060547
1.0799999237060547 -0.7199999690055847 2.3480000495910645
1.1040000915527344 -0.671999990940094 2.378000020980835
0.9419999122619629 -0.7739999890327454 2.3000001907348633
0.8880000114440918 -0.6480000019073486 2.371999979019165
1.3859999179840088 -0.5519999861717224 2.4079999923706055
1.008000135421753 -0.7860000133514404 2.3000001907348633
-0.22200000286102295 -0.023999929428100586 1.4300000667572021
0.9419999122619629 -0.75 2.317999839782715
0.8940000534057617 -0.671999990940094 2.3600001335144043
-0.22200000286102295 0.1380000114440918 1.0520000457763672
1.2120001316070557 -0.5759999752044678 2.4260001182556152
0.7920000553131104 -0.5999999642372131 2.378000020980835
1.1040000915527344 -0.6959999799728394 2.366000175476074
-0.22200000286102295 -0.029999971389770508 1.4359999895095825
-0.1499999761581421 0.24600005149841309 0.800000011920929
1.0799999237060547 -0.5999999642372131 2.4200000762939453
0.8940000534057617 -0.6959999799728394 2.3480000495910645
-0.24000000953674316 0.054000020027160645 1.25
1.0260000228881836 -0.75 2.3299999237060547
0.9000000953674316 -0.6480000019073486 2.378000020980835
-0.1979999542236328 -0.07799994945526123 1.5499999523162842
1.0799999237060547 -0.7199999690055847 2.3540000915527344
-0.17400002479553223 0.22200000286102295 0.8539999723434448
-0.22200000286102295 -0.03600001335144043 1.4539999961853027
1.0260000228881836 -0.6779999732971191 2.378000020980835
0.9839999675750732 -0.8219999670982361 2.2760000228881836
1.128000020980835 -0.671999990940094 2.384000062942505
-0.1979999542236328 -0.07799994945526123 1.555999994277954
0.8880000114440918 -0.6480000019073486 2.378000020980835
1.055999994277954 -0.7199999690055847 2.3540000915527344
1.068000078201294 -0.593999981880188 2.4260001182556152
-0.22200000286102295 0.1499999761581421 1.027999997138977
1.2300000190734863 -0.5820000171661377 2.4260001182556152
-0.1979999542236328 0.19200003147125244 0.9259999990463257
0.875999927520752 -0.5999999642372131 2.4019999504089355
1.2300000190734863 -0.5699999928474426 2.432000160217285
0.8940000534057617 -0.7020000219345093 2.3480000495910645
-0.17400002479553223 0.22200000286102295 0.8479999899864197
1.062000036239624 -0.75 2.3359999656677246
0.8700001239776611 -0.5999999642372131 2.4019999504089355
-0.1499999761581421 0.25199997425079346 0.7879999876022339
0.9000000953674316 -0.6959999799728394 2.3540000915527344
-0.22200000286102295 0.1499999761581421 1.0160000324249268
0.9240000247955322 -0.75 2.3239998817443848
0.8940000534057617 -0.6959999799728394 2.3540000915527344
0.9539999961853027 -0.8219999670982361 2.2760000228881836
-0.24599993228912354 0.060000061988830566 1.2260000705718994
-0.24599993228912354 0.04799997806549072 1.25600004196167
1.1700000762939453 -0.5999999642372131 2.4260001182556152
1.068000078201294 -0.6480000019073486 2.4019999504089355
0.8280000686645508 -0.5879999995231628 2.4019999504089355
0.9779999256134033 -0.828000009059906 2.2760000228881836
1.1040000915527344 -0.7199999690055847 2.3600001335144043
1.1760001182556152 -0.5999999642372131 2.4260001182556152
0.9419999122619629 -0.8219999670982361 2.2760000228881836
-0.24599993228912354 0.03600001335144043 1.2799999713897705
1.1519999504089355 -0.6480000019073486 2.4019999504089355
1.062000036239624 -0.6899999976158142 2.378000020980835
-0.24599993228912354 0.07200002670288086 1.2020000219345093
-0.24599993228912354 0.07200002670288086 1.1959999799728394
-0.22200000286102295 0.156000018119812 1.003999948501587
1.1760001182556152 -0.6240000128746033 2.4140000343322754
-0.22200000286102295 -0.04799997806549072 1.4779999256134033
0.9360001087188721 -0.5820000171661377 2.4260001182556152
1.1519999504089355 -0.6599999666213989 2.3959999084472656
-0.1979999542236328 0.19800007343292236 0.9079999923706055
-0.24599993228912354 0.029999971389770508 1.3040000200271606
-0.24599993228912354 0.08399999141693115 1.1779999732971191
-0.24599993228912354 0.024000048637390137 1.309999942779541
1.0799999237060547 -0.75 2.3420000076293945
1.0799999237060547 -0.6420000195503235 2.4079999923706055
0.9539999961853027 -0.828000009059906 2.2760000228881836
1.1040000915527344 -0.6959999799728394 2.378000020980835
0.9300000667572021 -0.75 2.3299999237060547
-0.24599993228912354 0.09000003337860107 1.1540000438690186
-0.1979999542236328 -0.09000003337860107 1.5800000429153442
-0.24599993228912354 0.018000006675720215 1.3280000686645508
-0.22200000286102295 -0.054000020027160645 1.4900000095367432
-0.23399996757507324 -0.023999929428100586 1.4300000667572021
-0.1979999542236328 0.20399999618530273 0.9020000100135803
-0.24599993228912354 0.09599995613098145 1.1419999599456787
0.9419999122619629 -0.828000009059906 2.2760000228881836
-0.17400002479553223 0.23399996757507324 0.8300000429153442
1.055999994277954 -0.7619999647140503 2.3359999656677246
-0.24599993228912354 0.10199999809265137 1.1299999952316284
-0.24599993228912354 0.006000041961669922 1.3519999980926514
0.8159999847412109 -0.593999981880188 2.4019999504089355
1.0799999237060547 -0.7559999823570251 2.3420000076293945
0.9119999408721924 -0.75 2.3299999237060547
1.0740001201629639 -0.6599999666213989 2.4019999504089355
1.055999994277954 -0.7379999756813049 2.3540000915527344
-0.22200000286102295 0.1679999828338623 0.9800000190734863
-0.22200000286102295 -0.059999942779541016 1.5019999742507935
1.002000093460083 -0.8100000023841858 2.3000001907348633
0.9300000667572021 -0.7979999780654907 2.3000001907348633
0.8819999694824219 -0.6240000128746033 2.4019999504089355
1.0920000076293945 -0.6179999709129333 2.4260001182556152
0.9240000247955322 -0.7979999780654907 2.3000001907348633
1.0260000228881836 -0.7739999890327454 2.3299999237060547
-0.24599993228912354 -0.006000041961669922 1.375999927520752
0.8880000114440918 -0.671999990940094 2.378000020980835
1.128000020980835 -0.6959999799728394 2.384000062942505
-0.24599993228912354 0.11399996280670166 1.100000023841858
0.9179999828338623 -0.7739999890327454 2.317999839782715
0.9000000953674316 -0.5879999995231628 2.4260001182556152
1.1459999084472656 -0.6660000085830688 2.4019999504089355
0.9300000667572021 -0.7619999647140503 2.3299999237060547
0.7620000839233398 -0.5879999995231628 2.3959999084472656
-0.24599993228912354 0.12000000476837158 1.0880000591278076
-0.22200000286102295 0.17400002479553223 0.9620000123977661
-0.1979999542236328 0.21000003814697266 0.878000020980835
0.9000000953674316 -0.7199999690055847 2.3540000915527344
-0.24599993228912354 -0.011999964714050293 1.4000000953674316
1.4040000438690186 -0.5519999861717224 2.4260001182556152
-0.1979999542236328 -0.09000003337860107 1.6100000143051147
0.8819999694824219 -0.5879999995231628 2.4260001182556152
-0.22200000286102295 -0.06599998474121094 1.5260000228881836
0.8940000534057617 -0.7199999690055847 2.3540000915527344
1.181999921798706 -0.6240000128746033 2.4260001182556152
-0.24599993228912354 0.1260000467300415 1.0759999752044678
1.0859999656677246 -0.75 2.3540000915527344
1.1760001182556152 -0.6480000019073486 2.4140000343322754
0.9240000247955322 -0.8219999670982361 2.2880001068115234
1.1519999504089355 -0.671999990940094 2.4019999504089355
1.0439999103546143 -0.75 2.3540000915527344
1.062000036239624 -0.7139999866485596 2.378000020980835
-0.22200000286102295 0.18000006675720215 0.9500000476837158
0.7799999713897705 -0.593999981880188 2.4019999504089355
0.9300000667572021 -0.8100000023841858 2.3000001907348633
-0.2580000162124634 0.029999971389770508 1.3040000200271606
0.7680001258850098 -0.5879999995231628 2.4019999504089355
0.8519999980926514 -0.6060000061988831 2.4140000343322754
-0.17400002479553223 0.24600005149841309 0.800000011920929
1.1100001335144043 -0.7199999690055847 2.378000020980835
-0.24599993228912354 0.1380000114440918 1.0520000457763672
1.128000020980835 -0.7199999690055847 2.378000020980835
1.0439999103546143 -0.5999999642372131 2.444000005722046
-0.22200000286102295 -0.07799994945526123 1.5440000295639038
-0.24599993228912354 -0.029999971389770508 1.4359999895095825
1.1040000915527344 -0.75 2.3600001335144043
-0.25199997425079346 -0.011999964714050293 1.4000000953674316
1.0799999237060547 -0.671999990940094 2.4079999923706055
-0.17400002479553223 0.24600005149841309 0.7940000295639038
1.0920000076293945 -0.6299999952316284 2.432000160217285
0.8819999694824219 -0.6480000019073486 2.4019999504089355
1.2000000476837158 -0.6240000128746033 2.432000160217285
-0.1979999542236328 0.22200000286102295 0.8539999723434448
1.1519999504089355 -0.6959999799728394 2.3959999084472656
-0.24599993228912354 0.14400005340576172 1.027999997138977
0.9240000247955322 -0.8339999914169312 2.2880001068115234
-0.24599993228912354 -0.03600001335144043 1.4539999961853027
-0.26399993896484375 0.08399999141693115 1.1779999732971191
0.8640000820159912 -0.5999999642372131 2.4260001182556152
-0.22200000286102295 -0.08399999141693115 1.555999994277954
-0.22200000286102295 0.19200003147125244 0.9259999990463257
0.8940000534057617 -0.7260000109672546 2.3600001335144043
0.9060001373291016 -0.7739999890327454 2.3299999237060547
-0.1979999542236328 0.22200000286102295 0.8479999899864197
0.8880000114440918 -0.6959999799728394 2.378000020980835
-0.21599996089935303 0.20399999618530273 0.9020000100135803
1.2000000476837158 -0.6420000195503235 2.4260001182556152
-0.24599993228912354 0.1499999761581421 1.0160000324249268
-0.17400002479553223 0.25199997425079346 0.7820000052452087
0.9179999828338623 -0.8219999670982361 2.3000001907348633
1.1760001182556152 -0.6480000019073486 2.4260001182556152
1.0499999523162842 -0.7680000066757202 2.3540000915527344
1.2300000190734863 -0.593999981880188 2.450000047683716
1.068000078201294 -0.593999981880188 2.4559998512268066
1.1760001182556152 -0.671999990940094 2.4140000343322754
1.2060000896453857 -0.5999999642372131 2.450000047683716
-0.26999998092651367 0.04799997806549072 1.25
1.0740001201629639 -0.6959999799728394 2.4019999504089355
-0.26999998092651367 0.060000061988830566 1.2260000705718994
0.8700001239776611 -0.6119999885559082 2.4260001182556152
-0.24599993228912354 0.156000018119812 1.003999948501587
-0.24599993228912354 -0.04799997806549072 1.4779999256134033
1.1519999504089355 -0.6959999799728394 2.4019999504089355
-0.26999998092651367 0.03600001335144043 1.2799999713897705
-0.26999998092651367 0.07200002670288086 1.2020000219345093
-0.26999998092651367 0.07200002670288086 1.1959999799728394
1.0799999237060547 -0.7739999890327454 2.3540000915527344
-0.22200000286102295 0.19800007343292236 0.9020000100135803
-0.26999998092651367 0.024000048637390137 1.309999942779541
0.9839999675750732 -0.8399999737739563 2.3000001907348633
1.055999994277954 -0.7739999890327454 2.3540000915527344
1.055999994277954 -0.7379999756813049 2.378000020980835
-0.22200000286102295 -0.09000003337860107 1.5800000429153442
1.002000093460083 -0.828000009059906 2.312000036239624
-0.24599993228912354 -0.054000020027160645 1.4900000095367432
0.9000000953674316 -0.75 2.3540000915527344
1.128000020980835 -0.75 2.371999979019165
-0.1979999542236328 0.23399996757507324 0.8300000429153442
-0.26999998092651367 0.09000003337860107 1.1540000438690186
-0.26999998092651367 0.018000006675720215 1.3280000686645508
1.0859999656677246 -0.6060000061988831 2.4559998512268066
-0.26999998092651367 0.09599995613098145 1.1359999179840088
0.875999927520752 -0.6240000128746033 2.4260001182556152
0.8880000114440918 -0.671999990940094 2.4019999504089355
-0.21599996089935303 -0.09000003337860107 1.6100000143051147
1.0499999523162842 -0.6060000061988831 2.4559998512268066
-0.26999998092651367 0.10199999809265137 1.1299999952316284
-0.26999998092651367 0.006000041961669922 1.3519999980926514
1.062000036239624 -0.7799999713897705 2.3540000915527344
-0.24599993228912354 0.1679999828338623 0.9800000190734863
-0.24599993228912354 -0.059999942779541016 1.5019999742507935
1.1040000915527344 -0.7739999890327454 2.3600001335144043
0.7439999580383301 -0.5999999642372131 2.4079999923706055
1.1760001182556152 -0.6959999799728394 2.4079999923706055
1.253999948501587 -0.593999981880188 2.4559998512268066
0.8940000534057617 -0.7199999690055847 2.378000020980835
1.1519999504089355 -0.7199999690055847 2.3959999084472656
-0.26999998092651367 -0.006000041961669922 1.375999927520752
1.1100001335144043 -0.75 2.378000020980835
0.7799999713897705 -0.6119999885559082 2.4140000343322754
1.128000020980835 -0.75 2.378000020980835
0.7680001258850098 -0.6060000061988831 2.4140000343322754
-0.26999998092651367 0.11399996280670166 1.100000023841858
0.9660000801086426 -0.8399999737739563 2.305999994277954
0.9240000247955322 -0.8399999737739563 2.3000001907348633
1.0799999237060547 -0.671999990940094 2.4260001182556152
1.0499999523162842 -0.75 2.378000020980835
-0.2760000228881836 0.018000006675720215 1.3280000686645508
-0.22200000286102295 0.21000003814697266 0.878000020980835
0.9060001373291016 -0.7979999780654907 2.3299999237060547
1.0799999237060547 -0.7799999713897705 2.3600001335144043
0.9419999122619629 -0.8460000157356262 2.3000001907348633
1.055999994277954 -0.6060000061988831 2.4619998931884766
-0.26999998092651367 0.12000000476837158 1.0820000171661377
1.181999921798706 -0.671999990940094 2.4260001182556152
-0.24599993228912354 0.17400002479553223 0.9559999704360962
0.8940000534057617 -0.7260000109672546 2.378000020980835
-0.24599993228912354 -0.06599998474121094 1.5260000228881836
1.2179999351501465 -0.6240000128746033 2.450000047683716
-0.26999998092651367 0.1260000467300415 1.0759999752044678
1.0740001201629639 -0.7199999690055847 2.4019999504089355
-0.24599993228912354 0.18000006675720215 0.9500000476837158
0.8039999008178711 -0.5999999642372131 2.432000160217285
1.1519999504089355 -0.7199999690055847 2.4019999504089355
0.7799999713897705 -0.5999999642372131 2.4260001182556152
-0.19200003147125244 0.25199997425079346 0.7879999876022339
-0.26399993896484375 -0.03600001335144043 1.4539999961853027
0.8880000114440918 -0.6899999976158142 2.4019999504089355
-0.1979999542236328 0.24600005149841309 0.800000011920929
1.1040000915527344 -0.7799999713897705 2.366000175476074
0.8819999694824219 -0.6480000019073486 2.4260001182556152
-0.26999998092651367 0.13199996948242188 1.0520000457763672
-0.26999998092651367 -0.029999971389770508 1.4300000667572021
1.0499999523162842 -0.7619999647140503 2.378000020980835
-0.24599993228912354 -0.07799994945526123 1.5440000295639038
0.9000000953674316 -0.7739999890327454 2.3540000915527344
1.128000020980835 -0.7739999890327454 2.371999979019165
1.2000000476837158 -0.671999990940094 2.432000160217285
-0.22200000286102295 0.22200000286102295 0.8539999723434448
-0.1979999542236328 0.24600005149841309 0.7879999876022339
-0.24599993228912354 0.18599998950958252 0.9259999990463257
1.1519999504089355 -0.75 2.3899998664855957
-0.22200000286102295 0.22200000286102295 0.8479999899864197
-0.24599993228912354 -0.08399999141693115 1.555999994277954
1.1760001182556152 -0.7199999690055847 2.4079999923706055
-0.26999998092651367 0.14400005340576172 1.027999997138977
-0.24000000953674316 -0.09599995613098145 1.5800000429153442
0.9060001373291016 -0.8159999847412109 2.3299999237060547
0.75 -0.5999999642372131 2.4260001182556152
1.1040000915527344 -0.7739999890327454 2.378000020980835
1.1340000629425049 -0.7739999890327454 2.378000020980835
1.2120001316070557 -0.6480000019073486 2.450000047683716
-0.26999998092651367 0.1499999761581421 1.0099999904632568
-0.20399999618530273 0.25199997425079346 0.7940000295639038
1.181999921798706 -0.6959999799728394 2.4260001182556152
1.4219999313354492 -0.5640000104904175 2.4559998512268066
0.9000000953674316 -0.75 2.378000020980835
0.875999927520752 -0.6179999709129333 2.450000047683716
0.7019999027252197 -0.5999999642372131 2.4140000343322754
1.2300000190734863 -0.6240000128746033 2.4619998931884766
0.7799999713897705 -0.6240000128746033 2.4260001182556152
1.2000000476837158 -0.6959999799728394 2.4260001182556152
-0.26999998092651367 0.156000018119812 1.003999948501587
-0.26999998092651367 -0.04799997806549072 1.4779999256134033
0.7260000705718994 -0.6060000061988831 2.4200000762939453
1.1040000915527344 -0.7799999713897705 2.378000020980835
0.8940000534057617 -0.7139999866485596 2.4019999504089355
-0.22200000286102295 0.22800004482269287 0.8300000429153442
0.7739999294281006 -0.6240000128746033 2.4260001182556152
-0.24599993228912354 0.19800007343292236 0.9020000100135803
1.062000036239624 -0.7799999713897705 2.378000020980835
0.8880000114440918 -0.671999990940094 2.4260001182556152
-0.26999998092651367 -0.054000020027160645 1.4839999675750732
1.0859999656677246 -0.6060000061988831 2.4800000190734863
1.2300000190734863 -0.6299999952316284 2.4619998931884766
-0.24000000953674316 -0.09599995613098145 1.6039999723434448
-0.24599993228912354 0.19800007343292236 0.8960000276565552
0.8700001239776611 -0.5999999642372131 2.4619998931884766
0.7260000705718994 -0.5999999642372131 2.4260001182556152
1.055999994277954 -0.7739999890327454 2.384000062942505
1.0920000076293945 -0.7860000133514404 2.378000020980835
-0.26999998092651367 0.16200006008148193 0.9800000190734863
0.8039999008178711 -0.5999999642372131 2.450000047683716
1.062000036239624 -0.75 2.4019999504089355
1.0740001201629639 -0.5999999642372131 2.4860000610351562
1.1579999923706055 -0.75 2.4019999504089355
0.9060001373291016 -0.7979999780654907 2.3540000915527344
-0.26999998092651367 -0.059999942779541016 1.5019999742507935
0.9300000667572021 -0.8519999980926514 2.317999839782715
1.4279999732971191 -0.5640000104904175 2.4619998931884766
-0.2879999876022339 0.1260000467300415 1.0759999752044678
1.128000020980835 -0.7799999713897705 2.384000062942505
-0.2999999523162842 0.04799997806549072 1.24399995803833
1.1760001182556152 -0.75 2.4019999504089355
-0.2999999523162842 0.04799997806549072 1.25
-0.2999999523162842 0.060000061988830566 1.2260000705718994
0.6779999732971191 -0.5999999642372131 2.4140000343322754
-0.2999999523162842 0.06599998474121094 1.2020000219345093
1.3980000019073486 -0.5699999928474426 2.4679999351501465
-0.2999999523162842 0.03600001335144043 1.2799999713897705
1.2120001316070557 -0.6660000085830688 2.450000047683716
-0.2999999523162842 0.07200002670288086 1.1959999799728394
0.7019999027252197 -0.6060000061988831 2.4200000762939453
1.253999948501587 -0.5999999642372131 2.4800000190734863
-0.2999999523162842 0.07800006866455078 1.1779999732971191
-0.2999999523162842 0.024000048637390137 1.3040000200271606
0.7260000705718994 -0.6119999885559082 2.4260001182556152
1.055999994277954 -0.6179999709129333 2.4800000190734863
1.1519999504089355 -0.7739999890327454 2.3899998664855957
1.0499999523162842 -0.7559999823570251 2.4019999504089355
-0.24599993228912354 0.21000003814697266 0.878000020980835
-0.24599993228912354 -0.10199999809265137 1.6039999723434448
0.8819999694824219 -0.6420000195503235 2.450000047683716
-0.2999999523162842 0.09000003337860107 1.1540000438690186
0.7019999027252197 -0.5999999642372131 2.4260001182556152
1.253999948501587 -0.6060000061988831 2.4800000190734863
0.9119999408721924 -0.8399999737739563 2.3299999237060547
0.6660001277923584 -0.5999999642372131 2.4140000343322754
0.7799999713897705 -0.5999999642372131 2.450000047683716
0.9000000953674316 -0.7139999866485596 2.4140000343322754
-0.26999998092651367 0.17400002479553223 0.9559999704360962
-0.2999999523162842 0.09599995613098145 1.1359999179840088
0.7799999713897705 -0.6480000019073486 2.4260001182556152
-0.26999998092651367 -0.07200002670288086 1.5260000228881836
-0.2999999523162842 0.10199999809265137 1.1299999952316284
0.9060001373291016 -0.7739999890327454 2.378000020980835
1.187999963760376 -0.7199999690055847 2.4260001182556152
-0.2999999523162842 0.006000041961669922 1.3519999980926514
1.1519999504089355 -0.7799999713897705 2.3899998664855957
-0.22200000286102295 0.24000000953674316 0.800000011920929
1.2000000476837158 -0.7199999690055847 2.4260001182556152
-0.26999998092651367 0.18000006675720215 0.9500000476837158
0.8940000534057617 -0.6959999799728394 2.4260001182556152
0.7079999446868896 -0.6119999885559082 2.4260001182556152
-0.2999999523162842 -0.006000041961669922 1.3700000047683716
1.0799999237060547 -0.7379999756813049 2.4200000762939453
0.9419999122619629 -0.8519999980926514 2.3299999237060547
-0.2999999523162842 -0.006000041961669922 1.375999927520752
0.6779999732971191 -0.6060000061988831 2.4200000762939453
-0.2999999523162842 0.11399996280670166 1.100000023841858
1.062000036239624 -0.7680000066757202 2.4019999504089355
1.1100001335144043 -0.6240000128746033 2.4860000610351562
-0.26999998092651367 -0.07799994945526123 1.5440000295639038
-0.24599993228912354 0.21599996089935303 0.8539999723434448
0.9240000247955322 -0.8519999980926514 2.3299999237060547
1.0799999237060547 -0.5999999642372131 2.498000144958496
-0.22200000286102295 0.24600005149841309 0.7879999876022339
0.6779999732971191 -0.5999999642372131 2.4260001182556152
-0.2999999523162842 0.12000000476837158 1.0820000171661377
0.7560000419616699 -0.6480000019073486 2.4260001182556152
1.2420001029968262 -0.6240000128746033 2.4800000190734863
-0.2999999523162842 -0.018000006675720215 1.4000000953674316
0.75 -0.5999999642372131 2.450000047683716
-0.26999998092651367 0.18599998950958252 0.9259999990463257
-0.2879999876022339 -0.04799997806549072 1.4779999256134033
0.9060001373291016 -0.75 2.4019999504089355
1.2000000476837158 -0.7319999933242798 2.4260001182556152
0.9119999408721924 -0.8219999670982361 2.3540000915527344
-0.26999998092651367 -0.08399999141693115 1.555999994277954
0.7439999580383301 -0.5999999642372131 2.450000047683716
1.1700000762939453 -0.7739999890327454 2.4019999504089355
1.1760001182556152 -0.7739999890327454 2.4019999504089355
0.7860000133514404 -0.6240000128746033 2.450000047683716
-0.24599993228912354 0.22200000286102295 0.8420000076293945
0.9000000953674316 -0.7139999866485596 2.4260001182556152
-0.09000003337860107 0.6600000858306885 1.621999979019165
-0.2999999523162842 0.13199996948242188 1.0520000457763672
1.2060000896453857 -0.6959999799728394 2.450000047683716
-0.2999999523162842 -0.029999971389770508 1.4300000667572021
0.8940000534057617 -0.671999990940094 2.450000047683716
1.2300000190734863 -0.6599999666213989 2.4679999351501465
0.9060001373291016 -0.7559999823570251 2.4019999504089355
0.9060001373291016 -0.7919999957084656 2.378000020980835
0.7799999713897705 -0.671999990940094 2.4260001182556152
1.1760001182556152 -0.7799999713897705 2.4019999504089355
-0.312000036239624 0.006000041961669922 1.3519999980926514
0.624000072479248 -0.5999999642372131 2.4140000343322754
-0.24599993228912354 0.22800004482269287 0.8300000429153442
0.6540000438690186 -0.5999999642372131 2.4260001182556152
0.6540000438690186 -0.6119999885559082 2.4200000762939453
-0.3179999589920044 0.060000061988830566 1.2260000705718994
0.6779999732971191 -0.6179999709129333 2.4260001182556152
-0.26999998092651367 0.19800007343292236 0.9020000100135803
0.7439999580383301 -0.6480000019073486 2.432000160217285
-0.09599995613098145 0.6540000438690186 1.628000020980835
1.0740001201629639 -0.75 2.4260001182556152
-0.2999999523162842 0.14400005340576172 1.027999997138977
-0.26999998092651367 -0.09599995613098145 1.5800000429153442
-0.2999999523162842 -0.0419999361038208 1.4539999961853027
-0.26999998092651367 0.19800007343292236 0.8960000276565552
0.6480000019073486 -0.6119999885559082 2.4200000762939453
1.0799999237060547 -0.6119999885559082 2.503999948501587
1.0740001201629639 -0.6119999885559082 2.503999948501587
-0.23399996757507324 0.25199997425079346 0.7940000295639038
1.440000057220459 -0.5699999928474426 2.4800000190734863
0.9000000953674316 -0.6959999799728394 2.444000005722046
1.2360000610351562 -0.6480000019073486 2.4800000190734863
1.1040000915527344 -0.7919999957084656 2.4019999504089355
-0.26399993896484375 -0.09599995613098145 1.6100000143051147
1.0920000076293945 -0.7919999957084656 2.4019999504089355
1.194000005722046 -0.75 2.4260001182556152
1.1340000629425049 -0.7919999957084656 2.4019999504089355
1.0740001201629639 -0.7919999957084656 2.4019999504089355
0.75 -0.6240000128746033 2.450000047683716
0.7560000419616699 -0.671999990940094 2.4260001182556152
1.1519999504089355 -0.7919999957084656 2.4019999504089355
0.9179999828338623 -0.8399999737739563 2.3540000915527344
0.7799999713897705 -0.6959999799728394 2.4200000762939453
0.7920000553131104 -0.6480000019073486 2.450000047683716
-0.2999999523162842 0.1499999761581421 1.003999948501587
0.9000000953674316 -0.6899999976158142 2.450000047683716
-0.2999999523162842 0.156000018119812 1.003999948501587
-0.2879999876022339 0.18000006675720215 0.9500000476837158
-0.3240000009536743 0.04799997806549072 1.24399995803833
-0.3240000009536743 0.04799997806549072 1.25
-0.26999998092651367 -0.10199999809265137 1.5980000495910645
-0.3240000009536743 0.06599998474121094 1.2020000219345093
0.9119999408721924 -0.8100000023841858 2.378000020980835
-0.3240000009536743 0.03600001335144043 1.2799999713897705
0.9000000953674316 -0.671999990940094 2.4619998931884766
-0.2999999523162842 -0.054000020027160645 1.4839999675750732
-0.3240000009536743 0.07200002670288086 1.184000015258789
0.624000072479248 -0.6060000061988831 2.4200000762939453
1.1040000915527344 -0.6240000128746033 2.503999948501587
-0.3240000009536743 0.024000048637390137 1.2979999780654907
-0.3240000009536743 0.07800006866455078 1.1779999732971191
0.6540000438690186 -0.6179999709129333 2.4260001182556152
1.4279999732971191 -0.5759999752044678 2.4860000610351562
-0.26999998092651367 0.21000003814697266 0.878000020980835
-0.3240000009536743 0.024000048637390137 1.3040000200271606
-0.26999998092651367 -0.10199999809265137 1.6039999723434448
1.4160001277923584 -0.5699999928474426 2.492000102996826
-0.09599995613098145 0.6779999732971191 1.6160000562667847
-0.10199999809265137 0.6600000858306885 1.628000020980835
-0.3240000009536743 0.08399999141693115 1.1540000438690186
0.7620000839233398 -0.6959999799728394 2.4200000762939453
0.75 -0.6359999775886536 2.450000047683716
-0.3240000009536743 0.011999964714050293 1.3280000686645508
1.2120001316070557 -0.7199999690055847 2.450000047683716
0.7799999713897705 -0.6959999799728394 2.4260001182556152
0.7260000705718994 -0.6240000128746033 2.450000047683716
-0.2999999523162842 0.16200006008148193 0.9800000190734863
1.1159999370574951 -0.6299999952316284 2.503999948501587
-0.24599993228912354 0.24000000953674316 0.800000011920929
0.7920000553131104 -0.6599999666213989 2.450000047683716
1.0740001201629639 -0.7680000066757202 2.4260001182556152
-0.2999999523162842 -0.059999942779541016 1.5019999742507935
0.6359999179840088 -0.5999999642372131 2.432000160217285
-0.3240000009536743 0.09599995613098145 1.1299999952316284
1.0799999237060547 -0.75 2.437999963760376
1.2360000610351562 -0.6660000085830688 2.4800000190734863
-0.3059999942779541 -0.04799997806549072 1.4779999256134033
-0.09599995613098145 0.6779999732971191 1.628000020980835
0.7200000286102295 -0.6480000019073486 2.437999963760376
0.8940000534057617 -0.6480000019073486 2.4800000190734863
0.630000114440918 -0.6119999885559082 2.4260001182556152
-0.3240000009536743 -0.006000041961669922 1.3700000047683716
1.2000000476837158 -0.7680000066757202 2.4260001182556152
0.9119999408721924 -0.75 2.4260001182556152
-0.3240000009536743 -0.006000041961669922 1.375999927520752
-0.3240000009536743 0.10800004005432129 1.100000023841858
1.4219999313354492 -0.5820000171661377 2.492000102996826
-0.26999998092651367 0.21599996089935303 0.8539999723434448
1.2300000190734863 -0.6959999799728394 2.4679999351501465
-0.24599993228912354 0.24600005149841309 0.7879999876022339
0.7320001125335693 -0.671999990940094 2.432000160217285
1.253999948501587 -0.6359999775886536 2.498000144958496
0.6779999732971191 -0.6299999952316284 2.437999963760376
1.2599999904632568 -0.6240000128746033 2.503999948501587
-0.2999999523162842 -0.07200002670288086 1.5260000228881836
1.194000005722046 -0.7739999890327454 2.4260001182556152
0.7019999027252197 -0.6240000128746033 2.450000047683716
1.380000114440918 -0.5699999928474426 2.509999990463257
0.7799999713897705 -0.7199999690055847 2.4200000762939453
-0.3240000009536743 -0.018000006675720215 1.4000000953674316
-0.2999999523162842 0.17400002479553223 0.9500000476837158
0.75 -0.6959999799728394 2.4260001182556152
-0.10800004005432129 0.6779999732971191 1.6100000143051147
-0.3240000009536743 0.12000000476837158 1.0759999752044678
-0.10800004005432129 0.6719999313354492 1.621999979019165
-0.312000036239624 0.156000018119812 1.003999948501587
0.6719999313354492 -0.6299999952316284 2.437999963760376
0.9119999408721924 -0.7199999690055847 2.450000047683716
-0.26999998092651367 0.22200000286102295 0.8420000076293945
0.9179999828338623 -0.7979999780654907 2.4019999504089355
0.7980000972747803 -0.6240000128746033 2.4800000190734863
0.9240000247955322 -0.8339999914169312 2.378000020980835
0.9539999961853027 -0.8640000224113464 2.3600001335144043
-0.2999999523162842 -0.07799994945526123 1.5379999876022339
0.5880000591278076 -0.6060000061988831 2.4200000762939453
1.3980000019073486 -0.5820000171661377 2.503999948501587
0.690000057220459 -0.6240000128746033 2.450000047683716
0.7379999160766602 -0.6959999799728394 2.4260001182556152
-0.3240000009536743 -0.029999971389770508 1.4240000247955322
0.9419999122619629 -0.8640000224113464 2.3600001335144043
-0.3359999656677246 0.07800006866455078 1.1540000438690186
1.0799999237060547 -0.7680000066757202 2.437999963760376
-0.3240000009536743 0.13199996948242188 1.0520000457763672
0.7260000705718994 -0.6480000019073486 2.450000047683716
0.6059999465942383 -0.6119999885559082 2.4260001182556152
-0.3240000009536743 -0.029999971389770508 1.4300000667572021
0.7920000553131104 -0.6840000152587891 2.450000047683716
0.7799999713897705 -0.7199999690055847 2.4260001182556152
1.3680000305175781 -0.5879999995231628 2.509999990463257
1.4100000858306885 -0.5820000171661377 2.503999948501587
0.7560000419616699 -0.7199999690055847 2.4200000762939453
-0.28199994564056396 -0.09599995613098145 1.6160000562667847
0.9000000953674316 -0.671999990940094 2.4800000190734863
-0.26999998092651367 0.22800004482269287 0.8300000429153442
-0.2999999523162842 0.18599998950958252 0.9259999990463257
1.2300000190734863 -0.7139999866485596 2.4679999351501465
-0.2999999523162842 -0.08399999141693115 1.555999994277954
1.1400001049041748 -0.7919999957084656 2.4260001182556152
0.75 -0.6119999885559082 2.4800000190734863
-0.3240000009536743 0.14400005340576172 1.027999997138977
1.2120001316070557 -0.75 2.450000047683716
1.1159999370574951 -0.8040000200271606 2.4200000762939453
-0.3240000009536743 -0.0419999361038208 1.4539999961853027
1.1400001049041748 -0.8040000200271606 2.4200000762939453
0.9179999828338623 -0.7739999890327454 2.4260001182556152
1.2360000610351562 -0.6959999799728394 2.4800000190734863
-0.3359999656677246 -0.006000041961669922 1.375999927520752
-0.34200000762939453 0.024000048637390137 1.3040000200271606
1.253999948501587 -0.6480000019073486 2.503999948501587
1.1579999923706055 -0.8040000200271606 2.4200000762939453
0.7260000705718994 -0.6599999666213989 2.450000047683716
1.1100001335144043 -0.7979999780654907 2.4260001182556152
1.0859999656677246 -0.7979999780654907 2.4260001182556152
0.7799999713897705 -0.75 2.4140000343322754
0.7019999027252197 -0.6480000019073486 2.450000047683716
0.7019999027252197 -0.671999990940094 2.437999963760376
1.1700000762939453 -0.7979999780654907 2.4260001182556152
-0.3179999589920044 -0.059999942779541016 1.5019999742507935
1.1760001182556152 -0.7979999780654907 2.4260001182556152
0.7739999294281006 -0.75 2.4140000343322754
1.4279999732971191 -0.5879999995231628 2.503999948501587
-0.3240000009536743 0.1499999761581421 1.003999948501587
1.253999948501587 -0.6539999842643738 2.503999948501587
0.75 -0.7199999690055847 2.4260001182556152
-0.2999999523162842 0.19200003147125244 0.9020000100135803
1.0920000076293945 -0.6240000128746033 2.5280001163482666
-0.3240000009536743 -0.054000020027160645 1.4779999256134033
0.9179999828338623 -0.7440000176429749 2.450000047683716
-0.34800004959106445 0.04799997806549072 1.2380000352859497
-0.34800004959106445 0.04200005531311035 1.25
-0.34800004959106445 0.054000020027160645 1.2260000705718994
-0.34800004959106445 0.054000020027160645 1.2020000219345093
-0.2999999523162842 -0.09599995613098145 1.5800000429153442
1.1400001049041748 -0.8040000200271606 2.4260001182556152
0.6540000438690186 -0.6240000128746033 2.450000047683716
-0.34800004959106445 0.029999971389770508 1.2799999713897705
1.247999906539917 -0.6359999775886536 2.5160000324249268
1.1519999504089355 -0.8040000200271606 2.4260001182556152
-0.34800004959106445 0.060000061988830566 1.1779999732971191
0.9240000247955322 -0.8040000200271606 2.4140000343322754
-0.34200000762939453 0.10199999809265137 1.100000023841858
-0.34800004959106445 0.024000048637390137 1.2979999780654907
1.0320000648498535 -0.5999999642372131 2.5399999618530273
1.2000000476837158 -0.7919999957084656 2.432000160217285
1.1760001182556152 -0.8040000200271606 2.4260001182556152
1.0799999237060547 -0.6299999952316284 2.5280001163482666
-0.12000000476837158 0.6779999732971191 1.628000020980835
0.9179999828338623 -0.7860000133514404 2.4260001182556152
-0.2999999523162842 0.19800007343292236 0.8899999856948853
-0.34800004959106445 0.07200002670288086 1.1540000438690186
1.49399995803833 -0.5699999928474426 2.498000144958496
-0.34800004959106445 0.07200002670288086 1.1480000019073486
-0.26999998092651367 0.24000000953674316 0.800000011920929
0.6840000152587891 -0.671999990940094 2.437999963760376
0.7980000972747803 -0.75 2.4260001182556152
-0.34800004959106445 0.011999964714050293 1.3280000686645508
0.7920000553131104 -0.6539999842643738 2.4800000190734863
-0.3240000009536743 0.16200006008148193 0.9800000190734863
-0.2999999523162842 -0.10199999809265137 1.5920000076293945
-0.34800004959106445 0.07800006866455078 1.1299999952316284
0.6779999732971191 -0.6480000019073486 2.450000047683716
0.5759999752044678 -0.6179999709129333 2.4260001182556152
1.1159999370574951 -0.6359999775886536 2.5280001163482666
0.7019999027252197 -0.6959999799728394 2.432000160217285
0.7980000972747803 -0.6480000019073486 2.4860000610351562
0.7260000705718994 -0.7199999690055847 2.4260001182556152
0.7799999713897705 -0.7739999890327454 2.4079999923706055
0.7980000972747803 -0.7139999866485596 2.450000047683716
-0.34800004959106445 0.0 1.3519999980926514
0.7019999027252197 -0.6660000085830688 2.450000047683716
-0.1380000114440918 0.6480000019073486 1.6340000629425049
1.068000078201294 -0.7860000133514404 2.444000005722046
0.630000114440918 -0.6299999952316284 2.444000005722046
1.2420001029968262 -0.671999990940094 2.503999948501587
-0.2999999523162842 0.20399999618530273 0.878000020980835
-0.34800004959106445 -0.006000041961669922 1.3640000820159912
-0.2999999523162842 -0.10199999809265137 1.6039999723434448
1.2300000190734863 -0.7199999690055847 2.4800000190734863
-0.34800004959106445 0.09599995613098145 1.100000023841858
-0.26999998092651367 0.24600005149841309 0.7879999876022339
-0.34800004959106445 0.09599995613098145 1.093999981880188
1.2120001316070557 -0.7739999890327454 2.450000047683716
0.5460000038146973 -0.6119999885559082 2.4200000762939453
-0.34200000762939453 0.1260000467300415 1.0520000457763672
0.7139999866485596 -0.7199999690055847 2.4260001182556152
0.5520000457763672 -0.6179999709129333 2.4200000762939453
0.9119999408721924 -0.7080000042915344 2.4800000190734863
0.630000114440918 -0.6240000128746033 2.450000047683716
0.9419999122619629 -0.8700000047683716 2.378000020980835
1.2300000190734863 -0.7440000176429749 2.4679999351501465
1.4100000858306885 -0.5699999928474426 2.5280001163482666
1.446000099182129 -0.5640000104904175 2.5220000743865967
0.7980000972747803 -0.7619999647140503 2.4260001182556152
1.4520001411437988 -0.5879999995231628 2.509999990463257
-0.34800004959106445 0.10199999809265137 1.0759999752044678
0.7019999027252197 -0.6179999709129333 2.4800000190734863
-0.3240000009536743 -0.07200002670288086 1.5260000228881836
-0.11399996280670166 0.7019999027252197 1.6340000629425049
1.0740001201629639 -0.6359999775886536 2.5339999198913574
-0.3240000009536743 0.17400002479553223 0.9500000476837158
-0.34800004959106445 -0.018000006675720215 1.4000000953674316
0.9240000247955322 -0.8040000200271606 2.4260001182556152
0.6540000438690186 -0.6480000019073486 2.450000047683716
0.6779999732971191 -0.6959999799728394 2.432000160217285
-0.3240000009536743 0.17400002479553223 0.9440000057220459
1.374000072479248 -0.593999981880188 2.5280001163482666
0.7860000133514404 -0.7979999780654907 2.4019999504089355
1.3980000019073486 -0.5699999928474426 2.5339999198913574
0.8039999008178711 -0.75 2.437999963760376
1.49399995803833 -0.5820000171661377 2.503999948501587
1.0320000648498535 -0.5999999642372131 2.552000045776367
-0.3240000009536743 -0.07799994945526123 1.5379999876022339
1.1340000629425049 -0.6420000195503235 2.5339999198913574
0.9060001373291016 -0.671999990940094 2.503999948501587
-0.34800004959106445 0.11399996280670166 1.0520000457763672
1.2839999198913574 -0.6179999709129333 2.5339999198913574
0.5520000457763672 -0.6179999709129333 2.4260001182556152
1.2000000476837158 -0.8040000200271606 2.437999963760376
0.7980000972747803 -0.6779999732971191 2.4800000190734863
-0.2999999523162842 0.21599996089935303 0.8539999723434448
-0.1499999761581421 0.6779999732971191 1.5740000009536743
1.2660000324249268 -0.6240000128746033 2.5339999198913574
0.7320001125335693 -0.75 2.4200000762939453
0.7260000705718994 -0.6179999709129333 2.492000102996826
0.7620000839233398 -0.7739999890327454 2.4140000343322754
-0.14399993419647217 0.6840000152587891 1.5859999656677246
-0.34800004959106445 -0.029999971389770508 1.4240000247955322
0.75 -0.75 2.4260001182556152
0.6119999885559082 -0.6359999775886536 2.444000005722046
1.446000099182129 -0.5640000104904175 2.5280001163482666
0.6660001277923584 -0.6959999799728394 2.432000160217285
-0.34800004959106445 -0.029999971389770508 1.4300000667572021
0.6779999732971191 -0.671999990940094 2.450000047683716
1.49399995803833 -0.671999990940094 2.4619998931884766
1.121999979019165 -0.8040000200271606 2.444000005722046
-0.34800004959106445 0.12000000476837158 1.0339999198913574
0.7980000972747803 -0.7260000109672546 2.4559998512268066
0.6059999465942383 -0.6240000128746033 2.450000047683716
-0.3240000009536743 0.18599998950958252 0.9259999990463257
0.5699999332427979 -0.6299999952316284 2.432000160217285
-0.34800004959106445 0.1260000467300415 1.027999997138977
-0.3240000009536743 -0.08399999141693115 1.555999994277954
0.6540000438690186 -0.671999990940094 2.444000005722046
1.247999906539917 -0.6959999799728394 2.503999948501587
1.0260000228881836 -0.6119999885559082 2.552000045776367
1.1640000343322754 -0.7979999780654907 2.450000047683716
1.2599999904632568 -0.6480000019073486 2.5280001163482666
0.9119999408721924 -0.6959999799728394 2.498000144958496
-0.3659999370574951 0.04200005531311035 1.25
0.5999999046325684 -0.6240000128746033 2.450000047683716
1.3859999179840088 -0.6660000085830688 2.498000144958496
1.1760001182556152 -0.7979999780654907 2.450000047683716
1.3980000019073486 -0.5999999642372131 2.5280001163482666
-0.14399993419647217 0.6840000152587891 1.6039999723434448
0.630000114440918 -0.6480000019073486 2.450000047683716
-0.2999999523162842 0.22200000286102295 0.8359999656677246
1.4639999866485596 -0.5640000104904175 2.5280001163482666
-0.34800004959106445 -0.0419999361038208 1.4539999961853027
0.8039999008178711 -0.7440000176429749 2.450000047683716
0.6779999732971191 -0.6240000128746033 2.4800000190734863
1.4219999313354492 -0.6959999799728394 2.4739999771118164
0.5759999752044678 -0.6299999952316284 2.437999963760376
0.8039999008178711 -0.7739999890327454 2.432000160217285
1.4040000438690186 -0.5999999642372131 2.5280001163482666
1.374000072479248 -0.6959999799728394 2.4860000610351562
1.2000000476837158 -0.7979999780654907 2.450000047683716
0.7260000705718994 -0.75 2.4260001182556152
0.9119999408721924 -0.6899999976158142 2.503999948501587
1.4100000858306885 -0.6480000019073486 2.503999948501587
1.4279999732971191 -0.6959999799728394 2.4739999771118164
0.6779999732971191 -0.6840000152587891 2.450000047683716
0.7680001258850098 -0.7979999780654907 2.4079999923706055
1.4219999313354492 -0.7199999690055847 2.4619998931884766
1.3980000019073486 -0.7199999690055847 2.4679999351501465
-0.34200000762939453 0.156000018119812 0.9800000190734863
-0.3539999723434448 -0.029999971389770508 1.4300000667572021
1.380000114440918 -0.6959999799728394 2.4860000610351562
-0.14399993419647217 0.6600000858306885 1.6519999504089355
1.4820001125335693 -0.5579999685287476 2.5280001163482666
-0.34800004959106445 0.1380000114440918 1.003999948501587
1.49399995803833 -0.6959999799728394 2.4559998512268066
-0.2999999523162842 0.22800004482269287 0.8300000429153442
1.3020000457763672 -0.593999981880188 2.552000045776367
0.9300000667572021 -0.7979999780654907 2.444000005722046
-0.3240000009536743 0.19200003147125244 0.9020000100135803
0.6540000438690186 -0.671999990940094 2.450000047683716
0.5280001163482666 -0.6179999709129333 2.4260001182556152
1.4579999446868896 -0.6959999799728394 2.4679999351501465
1.4279999732971191 -0.593999981880188 2.5280001163482666
-0.156000018119812 0.6480000019073486 1.6399999856948853
0.8039999008178711 -0.7979999780654907 2.4200000762939453
1.2360000610351562 -0.75 2.4800000190734863
1.2780001163482666 -0.6420000195503235 2.5339999198913574
0.6779999732971191 -0.7199999690055847 2.432000160217285
1.4219999313354492 -0.6240000128746033 2.5160000324249268
1.4160001277923584 -0.6959999799728394 2.4800000190734863
-0.34800004959106445 -0.054000020027160645 1.4779999256134033
1.374000072479248 -0.5699999928474426 2.552000045776367
-0.3240000009536743 -0.09599995613098145 1.5800000429153442
1.3980000019073486 -0.6119999885559082 2.5280001163482666
1.253999948501587 -0.6959999799728394 2.509999990463257
0.6540000438690186 -0.6179999709129333 2.4800000190734863
1.0859999656677246 -0.7919999957084656 2.4619998931884766
-0.37199997901916504 0.04799997806549072 1.2200000286102295
-0.37199997901916504 0.04799997806549072 1.2260000705718994
1.1459999084472656 -0.8100000023841858 2.450000047683716
1.4700000286102295 -0.671999990940094 2.4800000190734863
1.4279999732971191 -0.6480000019073486 2.503999948501587
1.4279999732971191 -0.6240000128746033 2.5160000324249268
-0.2879999876022339 0.24600005149841309 0.7879999876022339
1.380000114440918 -0.5699999928474426 2.552000045776367
1.440000057220459 -0.7199999690055847 2.4619998931884766
0.630000114440918 -0.671999990940094 2.444000005722046
-0.1499999761581421 0.6719999313354492 1.628000020980835
-0.37199997901916504 0.029999971389770508 1.2799999713897705
-0.37199997901916504 0.060000061988830566 1.1779999732971191
0.9240000247955322 -0.7739999890327454 2.4619998931884766
-0.16199994087219238 0.6779999732971191 1.5800000429153442
0.6719999313354492 -0.6899999976158142 2.450000047683716
-0.37199997901916504 0.024000048637390137 1.2920000553131104
1.4639999866485596 -0.7199999690055847 2.4559998512268066
1.380000114440918 -0.671999990940094 2.503999948501587
-0.3240000009536743 -0.10199999809265137 1.5859999656677246
-0.34800004959106445 0.14400005340576172 0.9800000190734863
-0.3240000009536743 0.19800007343292236 0.8899999856948853
1.4279999732971191 -0.6959999799728394 2.4800000190734863
1.3980000019073486 -0.75 2.4559998512268066
-0.37199997901916504 0.018000006675720215 1.3040000200271606
-0.37199997901916504 0.06599998474121094 1.1540000438690186
1.3619999885559082 -0.5820000171661377 2.552000045776367
1.434000015258789 -0.671999990940094 2.492000102996826
1.374000072479248 -0.75 2.4619998931884766
1.4879999160766602 -0.7199999690055847 2.450000047683716
0.7019999027252197 -0.75 2.4260001182556152
0.7799999713897705 -0.8219999670982361 2.4019999504089355
0.75 -0.7739999890327454 2.4260001182556152
0.7260000705718994 -0.6240000128746033 2.503999948501587
0.6059999465942383 -0.6480000019073486 2.450000047683716
-0.37199997901916504 0.07200002670288086 1.1419999599456787
1.4040000438690186 -0.75 2.4559998512268066
1.4279999732971191 -0.75 2.450000047683716
0.5220000743865967 -0.6240000128746033 2.4260001182556152
1.4820001125335693 -0.671999990940094 2.4800000190734863
-0.37199997901916504 0.011999964714050293 1.3280000686645508
-0.1499999761581421 0.6779999732971191 1.628000020980835
0.8039999008178711 -0.7979999780654907 2.4260001182556152
0.7260000705718994 -0.7739999890327454 2.4200000762939453
0.7739999294281006 -0.8219999670982361 2.4019999504089355
-0.37199997901916504 0.07800006866455078 1.1299999952316284
-0.34800004959106445 -0.06599998474121094 1.5019999742507935
0.9179999828338623 -0.7080000042915344 2.503999948501587
1.4879999160766602 -0.6480000019073486 2.492000102996826
0.7560000419616699 -0.7799999713897705 2.4260001182556152
-0.1380000114440918 0.7019999027252197 1.628000020980835
1.3980000019073486 -0.6480000019073486 2.5160000324249268
-0.3659999370574951 -0.018000006675720215 1.4000000953674316
1.4219999313354492 -0.671999990940094 2.498000144958496
1.0859999656677246 -0.6420000195503235 2.552000045776367
-0.36000001430511475 0.1260000467300415 1.027999997138977
-0.3359999656677246 -0.08399999141693115 1.555999994277954
0.5999999046325684 -0.6480000019073486 2.450000047683716
1.181999921798706 -0.8159999847412109 2.450000047683716
1.1100001335144043 -0.6299999952316284 2.558000087738037
1.1340000629425049 -0.6660000085830688 2.5399999618530273
1.2599999904632568 -0.671999990940094 2.5280001163482666
-0.3240000009536743 0.20399999618530273 0.878000020980835
-0.34800004959106445 0.1499999761581421 0.9620000123977661
0.7200000286102295 -0.7739999890327454 2.4200000762939453
-0.37199997901916504 0.0 1.3519999980926514
1.247999906539917 -0.7199999690055847 2.503999948501587
1.3500001430511475 -0.7739999890327454 2.4559998512268066
1.374000072479248 -0.671999990940094 2.509999990463257
1.2300000190734863 -0.7739999890327454 2.4739999771118164
1.308000087738037 -0.6240000128746033 2.5460000038146973
0.630000114440918 -0.671999990940094 2.450000047683716
1.4579999446868896 -0.7979999780654907 2.4140000343322754
1.4520001411437988 -0.6480000019073486 2.503999948501587
1.3919999599456787 -0.7199999690055847 2.4800000190734863
1.4520001411437988 -0.6240000128746033 2.5160000324249268
1.49399995803833 -0.6240000128746033 2.503999948501587
0.9240000247955322 -0.7440000176429749 2.4860000610351562
1.2000000476837158 -0.8159999847412109 2.450000047683716
1.253999948501587 -0.7199999690055847 2.503999948501587
1.4040000438690186 -0.671999990940094 2.503999948501587
0.6540000438690186 -0.7199999690055847 2.432000160217285
0.8039999008178711 -0.6840000152587891 2.498000144958496
-0.37199997901916504 -0.006000041961669922 1.3640000820159912
1.4100000858306885 -0.5699999928474426 2.552000045776367
-0.3240000009536743 -0.10800004005432129 1.6039999723434448
0.6119999885559082 -0.671999990940094 2.444000005722046
-0.37199997901916504 0.09000003337860107 1.100000023841858
1.3440001010894775 -0.5879999995231628 2.558000087738037
1.1519999504089355 -0.8219999670982361 2.450000047683716
0.630000114440918 -0.6959999799728394 2.437999963760376
1.4100000858306885 -0.6240000128746033 2.5280001163482666
1.4520001411437988 -0.6959999799728394 2.4800000190734863
0.630000114440918 -0.6179999709129333 2.4800000190734863
1.3440001010894775 -0.75 2.4739999771118164
-0.2940000295639038 0.2820000648498535 0.8059999942779541
1.4760000705718994 -0.6840000152587891 2.4800000190734863
1.4279999732971191 -0.7080000042915344 2.4800000190734863
-0.2999999523162842 0.24000000953674316 0.800000011920929
1.4879999160766602 -0.75 2.437999963760376
1.128000020980835 -0.6480000019073486 2.552000045776367
1.374000072479248 -0.7199999690055847 2.4860000610351562
1.3320000171661377 -0.7739999890327454 2.4619998931884766
-0.1679999828338623 0.6840000152587891 1.5740000009536743
-0.37199997901916504 -0.011999964714050293 1.375999927520752
1.1040000915527344 -0.8159999847412109 2.4559998512268066
1.4700000286102295 -0.75 2.444000005722046
1.4160001277923584 -0.7739999890327454 2.444000005722046
1.308000087738037 -0.6299999952316284 2.5460000038146973
1.4040000438690186 -0.7199999690055847 2.4800000190734863
1.3559999465942383 -0.6959999799728394 2.503999948501587
-0.37199997901916504 0.09599995613098145 1.0820000171661377
0.7260000705718994 -0.7739999890327454 2.4260001182556152
1.4100000858306885 -0.5759999752044678 2.552000045776367
1.3619999885559082 -0.6119999885559082 2.5460000038146973
0.7019999027252197 -0.6240000128746033 2.503999948501587
0.6779999732971191 -0.75 2.4260001182556152
1.4639999866485596 -0.5999999642372131 2.5280001163482666
1.3980000019073486 -0.7739999890327454 2.450000047683716
0.809999942779541 -0.7739999890327454 2.450000047683716
-0.34800004959106445 -0.07200002670288086 1.5260000228881836
1.2780001163482666 -0.6539999842643738 2.5399999618530273
-0.37199997901916504 0.10199999809265137 1.0759999752044678
-0.2940000295639038 0.2760000228881836 0.7940000295639038
1.446000099182129 -0.7739999890327454 2.437999963760376
1.3320000171661377 -0.6959999799728394 2.509999990463257
-0.34800004959106445 0.17400002479553223 0.9500000476837158
1.4579999446868896 -0.75 2.450000047683716
1.440000057220459 -0.8219999670982361 2.4079999923706055
1.4520001411437988 -0.7020000219345093 2.4800000190734863
0.7860000133514404 -0.8460000157356262 2.3959999084472656
1.2300000190734863 -0.7919999957084656 2.4679999351501465
0.5699999332427979 -0.6359999775886536 2.450000047683716
1.0380001068115234 -0.5999999642372131 2.5759999752044678
1.3320000171661377 -0.75 2.4800000190734863
1.4040000438690186 -0.7739999890327454 2.450000047683716
1.2300000190734863 -0.7739999890327454 2.4800000190734863
1.4219999313354492 -0.8219999670982361 2.4140000343322754
-0.34800004959106445 0.17400002479553223 0.9440000057220459
-0.34800004959106445 -0.07799994945526123 1.5320000648498535
1.4279999732971191 -0.6240000128746033 2.5280001163482666
1.4520001411437988 -0.7739999890327454 2.437999963760376
1.4279999732971191 -0.671999990940094 2.503999948501587
1.4040000438690186 -0.7260000109672546 2.4800000190734863
-0.1380000114440918 0.7019999027252197 1.6519999504089355
1.3380000591278076 -0.7979999780654907 2.450000047683716
0.5520000457763672 -0.6240000128746033 2.450000047683716
1.2300000190734863 -0.8040000200271606 2.4619998931884766
1.4760000705718994 -0.6480000019073486 2.503999948501587
1.3320000171661377 -0.6299999952316284 2.5460000038146973
1.434000015258789 -0.5699999928474426 2.552000045776367
0.9119999408721924 -0.6779999732971191 2.5280001163482666
0.8039999008178711 -0.8219999670982361 2.4200000762939453
1.4760000705718994 -0.5999999642372131 2.5280001163482666
-0.1679999828338623 0.6779999732971191 1.6039999723434448
-0.3240000009536743 0.21599996089935303 0.8539999723434448
1.374000072479248 -0.7979999780654907 2.444000005722046
1.380000114440918 -0.6959999799728394 2.503999948501587
0.6660001277923584 -0.75 2.4260001182556152
1.3440001010894775 -0.7199999690055847 2.498000144958496
1.0980000495910645 -0.8159999847412109 2.4619998931884766
0.6119999885559082 -0.6959999799728394 2.437999963760376
1.0320000648498535 -0.6060000061988831 2.5759999752044678
-0.37199997901916504 0.11399996280670166 1.0520000457763672
-0.38399994373321533 0.060000061988830566 1.1779999732971191
0.6119999885559082 -0.6179999709129333 2.4800000190734863
-0.37199997901916504 -0.029999971389770508 1.4179999828338623
1.2599999904632568 -0.6899999976158142 2.5280001163482666
1.3500001430511475 -0.75 2.4800000190734863
0.9300000667572021 -0.75 2.492000102996826
1.3500001430511475 -0.7979999780654907 2.450000047683716
0.8039999008178711 -0.8159999847412109 2.4260001182556152
1.3919999599456787 -0.8460000157356262 2.4079999923706055
0.9300000667572021 -0.7799999713897705 2.4739999771118164
0.6059999465942383 -0.671999990940094 2.450000047683716
0.630000114440918 -0.7199999690055847 2.432000160217285
0.5399999618530273 -0.6299999952316284 2.444000005722046
0.8039999008178711 -0.6539999842643738 2.5220000743865967
1.3199999332427979 -0.75 2.4860000610351562
1.3919999599456787 -0.6480000019073486 2.5280001163482666
0.630000114440918 -0.6899999976158142 2.450000047683716
1.2720000743865967 -0.6420000195503235 2.552000045776367
1.4760000705718994 -0.75 2.450000047683716
1.247999906539917 -0.7379999756813049 2.503999948501587
1.4100000858306885 -0.7979999780654907 2.437999963760376
1.3859999179840088 -0.7979999780654907 2.444000005722046
1.434000015258789 -0.7979999780654907 2.432000160217285
1.3919999599456787 -0.5999999642372131 2.552000045776367
0.630000114440918 -0.6359999775886536 2.4800000190734863
0.7019999027252197 -0.7739999890327454 2.4260001182556152
1.3259999752044678 -0.7199999690055847 2.503999948501587
-0.34800004959106445 0.18000006675720215 0.9259999990463257
0.9300000667572021 -0.7739999890327454 2.4800000190734863
1.4279999732971191 -0.7739999890327454 2.450000047683716
1.380000114440918 -0.7440000176429749 2.4800000190734863
0.8039999008178711 -0.7139999866485596 2.492000102996826
1.2960000038146973 -0.75 2.492000102996826
1.4639999866485596 -0.8219999670982361 2.4079999923706055
0.7439999580383301 -0.8219999670982361 2.4079999923706055
0.5999999046325684 -0.671999990940094 2.450000047683716
0.809999942779541 -0.7860000133514404 2.450000047683716
1.4520001411437988 -0.5699999928474426 2.552000045776367
0.8039999008178711 -0.8460000157356262 2.4079999923706055
1.253999948501587 -0.75 2.498000144958496
-0.2999999523162842 0.26999998092651367 0.7879999876022339
1.3199999332427979 -0.7739999890327454 2.4739999771118164
0.7799999713897705 -0.8460000157356262 2.4019999504089355
1.4279999732971191 -0.6359999775886536 2.5280001163482666
-0.37199997901916504 0.12000000476837158 1.027999997138977
1.4040000438690186 -0.6480000019073486 2.5280001163482666
0.7260000705718994 -0.7979999780654907 2.4200000762939453
1.308000087738037 -0.6959999799728394 2.5220000743865967
1.128000020980835 -0.7139999866485596 2.5280001163482666
1.4040000438690186 -0.8219999670982361 2.4260001182556152
1.4760000705718994 -0.7739999890327454 2.437999963760376
1.4639999866485596 -0.7979999780654907 2.4260001182556152
1.380000114440918 -0.8219999670982361 2.432000160217285
1.4100000858306885 -0.8460000157356262 2.4079999923706055
1.3500001430511475 -0.671999990940094 2.5280001163482666
0.8039999008178711 -0.7379999756813049 2.4800000190734863
1.2960000038146973 -0.7919999957084656 2.4679999351501465
1.062000036239624 -0.6060000061988831 2.5820000171661377
1.4040000438690186 -0.6959999799728394 2.503999948501587
1.4760000705718994 -0.7559999823570251 2.450000047683716
0.9240000247955322 -0.7260000109672546 2.509999990463257
1.314000129699707 -0.7979999780654907 2.4619998931884766
1.4579999446868896 -0.6240000128746033 2.5280001163482666
1.4520001411437988 -0.7680000066757202 2.450000047683716
1.2060000896453857 -0.828000009059906 2.4559998512268066
1.4579999446868896 -0.671999990940094 2.503999948501587
0.5160000324249268 -0.6299999952316284 2.437999963760376
1.4879999160766602 -0.7979999780654907 2.4200000762939453
0.6480000019073486 -0.75 2.4260001182556152
1.3559999465942383 -0.5699999928474426 2.5759999752044678
1.2839999198913574 -0.6480000019073486 2.552000045776367
1.446000099182129 -0.5220000147819519 2.5759999752044678
0.6779999732971191 -0.6299999952316284 2.503999948501587
1.1400001049041748 -0.671999990940094 2.552000045776367
1.380000114440918 -0.7979999780654907 2.450000047683716
1.3680000305175781 -0.8460000157356262 2.4200000762939453
-0.37199997901916504 -0.0419999361038208 1.4539999961853027
1.3619999885559082 -0.8219999670982361 2.437999963760376
1.3320000171661377 -0.8219999670982361 2.444000005722046
0.75 -0.8040000200271606 2.4260001182556152
0.7680001258850098 -0.8460000157356262 2.4019999504089355
1.3500001430511475 -0.7199999690055847 2.503999948501587
1.374000072479248 -0.6179999709129333 2.552000045776367
0.5999999046325684 -0.6899999976158142 2.444000005722046
1.4100000858306885 -0.5460000038146973 2.5759999752044678
1.4760000705718994 -0.5640000104904175 2.552000045776367
1.308000087738037 -0.7739999890327454 2.4800000190734863
1.3199999332427979 -0.7199999690055847 2.509999990463257
-0.3240000009536743 0.22200000286102295 0.8300000429153442
-0.17400002479553223 0.6719999313354492 1.621999979019165
1.4520001411437988 -0.5220000147819519 2.5759999752044678
1.4760000705718994 -0.7979999780654907 2.4260001182556152
1.4760000705718994 -0.5220000147819519 2.569999933242798
1.3199999332427979 -0.8700000047683716 2.4140000343322754
0.6719999313354492 -0.6299999952316284 2.503999948501587
-0.17400002479553223 0.6540000438690186 1.6519999504089355
1.4040000438690186 -0.7020000219345093 2.503999948501587
0.6540000438690186 -0.7080000042915344 2.4559998512268066
1.2960000038146973 -0.6959999799728394 2.5280001163482666
-0.3240000009536743 0.22800004482269287 0.8300000429153442
1.4279999732971191 -0.41999995708465576 2.618000030517578
1.3500001430511475 -0.8460000157356262 2.4260001182556152
1.3559999465942383 -0.7619999647140503 2.4800000190734863
1.055999994277954 -0.5999999642372131 2.5880000591278076
1.1579999923706055 -0.828000009059906 2.4619998931884766
-0.37199997901916504 0.13199996948242188 1.003999948501587
1.3020000457763672 -0.6480000019073486 2.552000045776367
1.2660000324249268 -0.593999981880188 2.5820000171661377
0.5280001163482666 -0.6240000128746033 2.450000047683716
1.253999948501587 -0.75 2.503999948501587
1.380000114440918 -0.5220000147819519 2.5940001010894775
1.3020000457763672 -0.6959999799728394 2.5280001163482666
1.374000072479248 -0.6480000019073486 2.5399999618530273
0.9360001087188721 -0.7860000133514404 2.4800000190734863
1.434000015258789 -0.593999981880188 2.552000045776367
1.1760001182556152 -0.828000009059906 2.4619998931884766
-0.17400002479553223 0.6719999313354492 1.628000020980835
1.3980000019073486 -0.4440000057220459 2.618000030517578
1.2839999198913574 -0.7739999890327454 2.4860000610351562
0.7260000705718994 -0.7979999780654907 2.4260001182556152
1.3440001010894775 -0.671999990940094 2.5339999198913574
-0.34800004959106445 0.19200003147125244 0.9020000100135803
0.6779999732971191 -0.7739999890327454 2.4260001182556152
0.5940001010894775 -0.6240000128746033 2.4800000190734863
1.4820001125335693 -0.4739999771118164 2.5880000591278076
1.4279999732971191 -0.8219999670982361 2.4260001182556152
1.3199999332427979 -0.8219999670982361 2.450000047683716
1.3259999752044678 -0.7739999890327454 2.4800000190734863
1.3199999332427979 -0.593999981880188 2.5759999752044678
-0.37199997901916504 -0.054000020027160645 1.472000002861023
1.440000057220459 -0.3960000276565552 2.624000072479248
1.4760000705718994 -0.6240000128746033 2.5280001163482666
1.380000114440918 -0.5699999928474426 2.5759999752044678
0.9119999408721924 -0.6539999842643738 2.552000045776367
1.4760000705718994 -0.671999990940094 2.503999948501587
1.380000114440918 -0.671999990940094 2.5280001163482666
1.3320000171661377 -0.8460000157356262 2.432000160217285
1.4040000438690186 -0.4440000057220459 2.618000030517578
1.4820001125335693 -0.5399999618530273 2.564000129699707
1.4760000705718994 -0.49800002574920654 2.5820000171661377
1.3259999752044678 -0.8219999670982361 2.450000047683716
0.7019999027252197 -0.7979999780654907 2.4200000762939453
-0.34800004959106445 -0.09599995613098145 1.5800000429153442
1.4579999446868896 -0.6359999775886536 2.5280001163482666
1.4279999732971191 -0.5460000038146973 2.5759999752044678
1.4639999866485596 -0.41999995708465576 2.611999988555908
1.3199999332427979 -0.671999990940094 2.5399999618530273
-0.37199997901916504 -0.054000020027160645 1.4779999256134033
1.253999948501587 -0.7739999890327454 2.492000102996826
1.434000015258789 -0.4440000057220459 2.611999988555908
1.4760000705718994 -0.8219999670982361 2.4140000343322754
1.4700000286102295 -0.3960000276565552 2.618000030517578
1.247999906539917 -0.7559999823570251 2.503999948501587
1.4160001277923584 -0.41999995708465576 2.624000072479248
1.434000015258789 -0.6959999799728394 2.503999948501587
1.2780001163482666 -0.75 2.503999948501587
1.3440001010894775 -0.8700000047683716 2.4140000343322754
1.3859999179840088 -0.6240000128746033 2.552000045776367
1.434000015258789 -0.49800002574920654 2.5940001010894775
1.3919999599456787 -0.4739999771118164 2.611999988555908
1.4520001411437988 -0.8159999847412109 2.4260001182556152
-0.17400002479553223 0.6779999732971191 1.628000020980835
1.49399995803833 -0.3960000276565552 2.611999988555908
1.2360000610351562 -0.7979999780654907 2.4800000190734863
-0.3960000276565552 0.04200005531311035 1.2319999933242798
1.446000099182129 -0.4739999771118164 2.5999999046325684
1.380000114440918 -0.7199999690055847 2.503999948501587
-0.3960000276565552 0.04799997806549072 1.2079999446868896
1.3500001430511475 -0.5879999995231628 2.5759999752044678
1.4279999732971191 -0.8519999980926514 2.4079999923706055
-0.3960000276565552 0.03600001335144043 1.2620000839233398
0.6960000991821289 -0.7979999780654907 2.4200000762939453
1.3259999752044678 -0.6959999799728394 2.5280001163482666
1.4100000858306885 -0.7979999780654907 2.450000047683716
-0.3359999656677246 -0.10800004005432129 1.628000020980835
1.3500001430511475 -0.5460000038146973 2.5940001010894775
1.3680000305175781 -0.3960000276565552 2.6419999599456787
-0.1679999828338623 0.6600000858306885 1.6759999990463257
0.6059999465942383 -0.6959999799728394 2.450000047683716
1.3500001430511475 -0.7319999933242798 2.503999948501587
-0.34800004959106445 -0.10199999809265137 1.5859999656677246
-0.3960000276565552 0.029999971389770508 1.2799999713897705
0.8039999008178711 -0.8700000047683716 2.4019999504089355
-0.3960000276565552 0.024000048637390137 1.2860000133514404
1.1459999084472656 -0.828000009059906 2.4679999351501465
1.380000114440918 -0.8100000023841858 2.450000047683716
1.4639999866485596 -0.49800002574920654 2.5880000591278076
-0.37199997901916504 0.14400005340576172 0.9800000190734863
1.3259999752044678 -0.5999999642372131 2.5759999752044678
0.7799999713897705 -0.8700000047683716 2.3959999084472656
1.3859999179840088 -0.5460000038146973 2.5880000591278076
1.4520001411437988 -0.4739999771118164 2.5999999046325684
1.4760000705718994 -0.5220000147819519 2.5759999752044678
1.4579999446868896 -0.37199997901916504 2.630000114440918
1.4279999732971191 -0.4739999771118164 2.6059999465942383
0.6359999179840088 -0.7080000042915344 2.4559998512268066
1.4279999732971191 -0.8460000157356262 2.4140000343322754
1.0499999523162842 -0.8880000114440918 2.4260001182556152
1.4040000438690186 -0.5220000147819519 2.5940001010894775
1.4639999866485596 -0.5460000038146973 2.569999933242798
1.2899999618530273 -0.7199999690055847 2.5220000743865967
-0.3960000276565552 0.018000006675720215 1.3040000200271606
1.055999994277954 -0.8640000224113464 2.444000005722046
1.4700000286102295 -0.4440000057220459 2.6059999465942383
1.374000072479248 -0.4739999771118164 2.618000030517578
1.3259999752044678 -0.49800002574920654 2.618000030517578
-0.3960000276565552 0.06599998474121094 1.1540000438690186
1.4040000438690186 -0.4739999771118164 2.611999988555908
-0.34800004959106445 0.19800007343292236 0.8840000033378601
1.3859999179840088 -0.8700000047683716 2.4079999923706055
1.4520001411437988 -0.8460000157356262 2.4079999923706055
0.6059999465942383 -0.7199999690055847 2.437999963760376
1.434000015258789 -0.3960000276565552 2.630000114440918
1.434000015258789 -0.7020000219345093 2.503999948501587
1.121999979019165 -0.6420000195503235 2.5759999752044678
1.3500001430511475 -0.8219999670982361 2.450000047683716
1.4040000438690186 -0.8040000200271606 2.450000047683716
1.128000020980835 -0.6420000195503235 2.5759999752044678
1.3440001010894775 -0.4739999771118164 2.624000072479248
1.3020000457763672 -0.75 2.503999948501587
1.374000072479248 -0.41999995708465576 2.635999917984009
1.3440001010894775 -0.6480000019073486 2.552000045776367
1.4040000438690186 -0.41999995708465576 2.630000114440918
1.380000114440918 -0.3960000276565552 2.6419999599456787
1.3859999179840088 -0.8460000157356262 2.4260001182556152
1.1400001049041748 -0.6899999976158142 2.552000045776367
1.4040000438690186 -0.8399999737739563 2.4260001182556152
1.4040000438690186 -0.5699999928474426 2.5759999752044678
1.2839999198913574 -0.8219999670982361 2.4619998931884766
1.3020000457763672 -0.8700000047683716 2.4260001182556152
1.3680000305175781 -0.49800002574920654 2.611999988555908
-0.3960000276565552 0.07200002670288086 1.1359999179840088
1.3980000019073486 -0.49800002574920654 2.6059999465942383
1.4879999160766602 -0.37199997901916504 2.624000072479248
0.9240000247955322 -0.7139999866485596 2.5280001163482666
-0.3960000276565552 0.006000041961669922 1.3280000686645508
1.2300000190734863 -0.6060000061988831 2.5880000591278076
1.4760000705718994 -0.4440000057220459 2.6059999465942383
1.4820001125335693 -0.41999995708465576 2.611999988555908
1.3380000591278076 -0.4440000057220459 2.635999917984009
1.3500001430511475 -0.6480000019073486 2.552000045776367
0.7019999027252197 -0.7979999780654907 2.4260001182556152
1.2000000476837158 -0.6119999885559082 2.5880000591278076
1.380000114440918 -0.41999995708465576 2.635999917984009
1.3680000305175781 -0.8700000047683716 2.4140000343322754
1.3199999332427979 -0.5220000147819519 2.611999988555908
1.2599999904632568 -0.8460000157356262 2.450000047683716
-0.37199997901916504 -0.06599998474121094 1.5019999742507935
-0.3960000276565552 0.07800006866455078 1.1299999952316284
1.3020000457763672 -0.7919999957084656 2.4800000190734863
1.3380000591278076 -0.5460000038146973 2.5999999046325684
1.4160001277923584 -0.3960000276565552 2.635999917984009
1.2780001163482666 -0.671999990940094 2.552000045776367
1.3500001430511475 -0.6959999799728394 2.5280001163482666
1.2660000324249268 -0.7199999690055847 2.5280001163482666
1.4279999732971191 -0.7979999780654907 2.450000047683716
1.2780001163482666 -0.7979999780654907 2.4800000190734863
1.3020000457763672 -0.49800002574920654 2.624000072479248
-0.34800004959106445 0.20399999618530273 0.878000020980835
1.446000099182129 -0.37199997901916504 2.635999917984009
1.3020000457763672 -0.5460000038146973 2.6059999465942383
1.128000020980835 -0.7379999756813049 2.5280001163482666
1.4040000438690186 -0.49800002574920654 2.6059999465942383
0.8039999008178711 -0.8759999871253967 2.4019999504089355
0.809999942779541 -0.6779999732971191 2.5280001163482666
0.6540000438690186 -0.7739999890327454 2.4260001182556152
0.5940001010894775 -0.6959999799728394 2.450000047683716
0.9300000667572021 -0.75 2.509999990463257
1.2899999618530273 -0.593999981880188 2.5880000591278076
1.0980000495910645 -0.6480000019073486 2.5759999752044678
1.2780001163482666 -0.8700000047683716 2.432000160217285
1.4579999446868896 -0.6959999799728394 2.503999948501587
1.380000114440918 -0.4440000057220459 2.630000114440918
0.809999942779541 -0.8460000157356262 2.4260001182556152
1.3259999752044678 -0.3960000276565552 2.6540000438690186
-0.3960000276565552 0.0 1.3519999980926514
1.3259999752044678 -0.4739999771118164 2.630000114440918
1.2899999618530273 -0.5220000147819519 2.618000030517578
1.3500001430511475 -0.4440000057220459 2.635999917984009
1.2780001163482666 -0.7199999690055847 2.5280001163482666
1.3020000457763672 -0.5640000104904175 2.5999999046325684
1.4579999446868896 -0.5460000038146973 2.5759999752044678
0.6480000019073486 -0.6240000128746033 2.509999990463257
-0.37199997901916504 0.1499999761581421 0.9559999704360962
1.2960000038146973 -0.8999999761581421 2.4079999923706055
1.2780001163482666 -0.8460000157356262 2.450000047683716
-0.3960000276565552 -0.006000041961669922 1.3580000400543213
-0.18599998950958252 0.6719999313354492 1.621999979019165
1.2660000324249268 -0.8219999670982361 2.4679999351501465
1.4760000705718994 -0.37199997901916504 2.630000114440918
1.3259999752044678 -0.75 2.503999948501587
1.3680000305175781 -0.5220000147819519 2.6059999465942383
0.7799999713897705 -0.8700000047683716 2.4019999504089355
0.7739999294281006 -0.8759999871253967 2.3959999084472656
0.5039999485015869 -0.6240000128746033 2.450000047683716
1.2720000743865967 -0.4440000057220459 2.6480000019073486
-0.34800004959106445 -0.11399996280670166 1.6039999723434448
0.5099999904632568 -0.6299999952316284 2.450000047683716
-0.3240000009536743 0.24000000953674316 0.800000011920929
0.5999999046325684 -0.7139999866485596 2.444000005722046
1.3199999332427979 -0.8460000157356262 2.444000005722046
1.4520001411437988 -0.3960000276565552 2.630000114440918
1.2300000190734863 -0.5999999642372131 2.5940001010894775
1.4639999866485596 -0.5999999642372131 2.552000045776367
1.3859999179840088 -0.5879999995231628 2.5759999752044678
1.3020000457763672 -0.8999999761581421 2.4079999923706055
-0.3960000276565552 0.09000003337860107 1.100000023841858
1.253999948501587 -0.7979999780654907 2.4860000610351562
1.2780001163482666 -0.4440000057220459 2.6480000019073486
1.374000072479248 -0.37199997901916504 2.6540000438690186
1.3919999599456787 -0.8759999871253967 2.4079999923706055
1.4100000858306885 -0.8700000047683716 2.4079999923706055
1.4520001411437988 -0.4739999771118164 2.6059999465942383
1.4760000705718994 -0.593999981880188 2.552000045776367
0.7860000133514404 -0.8819999694824219 2.3959999084472656
1.2780001163482666 -0.5460000038146973 2.611999988555908
1.3859999179840088 -0.7319999933242798 2.503999948501587
0.7019999027252197 -0.8219999670982361 2.4140000343322754
1.3020000457763672 -0.671999990940094 2.552000045776367
0.809999942779541 -0.7680000066757202 2.4800000190734863
1.3320000171661377 -0.8700000047683716 2.4260001182556152
1.1340000629425049 -0.8219999670982361 2.4800000190734863
1.2599999904632568 -0.5220000147819519 2.624000072479248
1.3380000591278076 -0.5699999928474426 2.5940001010894775
1.2839999198913574 -0.49800002574920654 2.630000114440918
1.4279999732971191 -0.41999995708465576 2.630000114440918
1.3020000457763672 -0.4739999771118164 2.635999917984009
-0.3960000276565552 -0.011999964714050293 1.375999927520752
1.2960000038146973 -0.41999995708465576 2.6540000438690186
1.3259999752044678 -0.5460000038146973 2.6059999465942383
1.4579999446868896 -0.7020000219345093 2.503999948501587
1.2599999904632568 -0.8700000047683716 2.437999963760376
1.380000114440918 -0.37199997901916504 2.6540000438690186
1.1519999504089355 -0.8219999670982361 2.4800000190734863
1.4279999732971191 -0.5699999928474426 2.5759999752044678
0.7320001125335693 -0.8460000157356262 2.4079999923706055
0.9360001087188721 -0.7680000066757202 2.503999948501587
1.380000114440918 -0.5220000147819519 2.6059999465942383
1.121999979019165 -0.7559999823570251 2.5220000743865967
0.9179999828338623 -0.6779999732971191 2.552000045776367
1.2599999904632568 -0.4739999771118164 2.6419999599456787
0.9300000667572021 -0.7260000109672546 2.5280001163482666
1.3020000457763672 -0.41999995708465576 2.6540000438690186
0.49800002574920654 -0.6240000128746033 2.450000047683716
1.3020000457763672 -0.7199999690055847 2.5280001163482666
-0.3960000276565552 0.09599995613098145 1.0820000171661377
-0.37199997901916504 0.1679999828338623 0.9500000476837158
1.194000005722046 -0.6119999885559082 2.5940001010894775
1.2780001163482666 -0.7680000066757202 2.503999948501587
1.3020000457763672 -0.8460000157356262 2.450000047683716
1.2420001029968262 -0.49800002574920654 2.635999917984009
1.4100000858306885 -0.5820000171661377 2.5759999752044678
1.380000114440918 -0.6480000019073486 2.552000045776367
1.3500001430511475 -0.6599999666213989 2.552000045776367
-0.19200003147125244 0.6480000019073486 1.6519999504089355
1.3500001430511475 -0.3960000276565552 2.6540000438690186
1.4160001277923584 -0.34800004959106445 2.6540000438690186
1.3500001430511475 -0.4739999771118164 2.630000114440918
1.2599999904632568 -0.41999995708465576 2.6600000858306885
1.253999948501587 -0.7739999890327454 2.503999948501587
1.247999906539917 -0.4440000057220459 2.6540000438690186
0.9419999122619629 -0.8100000023841858 2.4800000190734863
1.247999906539917 -0.5460000038146973 2.618000030517578
-0.3960000276565552 0.10199999809265137 1.0759999752044678
1.4279999732971191 -0.49800002574920654 2.6059999465942383
1.187999963760376 -0.8219999670982361 2.4800000190734863
1.4040000438690186 -0.4440000057220459 2.630000114440918
1.3020000457763672 -0.4440000057220459 2.6480000019073486
1.3020000457763672 -0.49800002574920654 2.630000114440918
1.4700000286102295 -0.34800004959106445 2.6419999599456787
1.253999948501587 -0.4440000057220459 2.6540000438690186
1.3559999465942383 -0.8999999761581421 2.4019999504089355
1.253999948501587 -0.5460000038146973 2.618000030517578
1.4760000705718994 -0.5460000038146973 2.5759999752044678
0.6419999599456787 -0.6299999952316284 2.509999990463257
1.3500001430511475 -0.8700000047683716 2.4260001182556152
0.6779999732971191 -0.7979999780654907 2.4260001182556152
1.3259999752044678 -0.5220000147819519 2.618000030517578
0.6119999885559082 -0.75 2.432000160217285
1.2780001163482666 -0.4739999771118164 2.6419999599456787
0.7260000705718994 -0.8219999670982361 2.4260001182556152
-0.37199997901916504 -0.07799994945526123 1.5320000648498535
1.4219999313354492 -0.37199997901916504 2.6480000019073486
1.3259999752044678 -0.671999990940094 2.552000045776367
-0.36000001430511475 -0.09599995613098145 1.5800000429153442
-0.3960000276565552 -0.023999929428100586 1.4000000953674316
1.2599999904632568 -0.49800002574920654 2.635999917984009
-0.3240000009536743 0.24600005149841309 0.7879999876022339
1.4040000438690186 -0.515999972820282 2.6059999465942383
-0.3240000009536743 0.2760000228881836 0.8059999942779541
1.4279999732971191 -0.8100000023841858 2.450000047683716
1.0980000495910645 -0.8100000023841858 2.492000102996826
-0.34800004959106445 0.21000003814697266 0.8539999723434448
1.2360000610351562 -0.5220000147819519 2.630000114440918
1.4820001125335693 -0.6959999799728394 2.503999948501587
1.2300000190734863 -0.8460000157356262 2.4619998931884766
1.068000078201294 -0.8460000157356262 2.4679999351501465
1.2120001316070557 -0.8219999670982361 2.4800000190734863
1.2599999904632568 -0.8999999761581421 2.4200000762939453
-0.3240000009536743 0.26999998092651367 0.800000011920929
1.3980000019073486 -0.34800004959106445 2.6600000858306885
0.6059999465942383 -0.6299999952316284 2.498000144958496
1.3320000171661377 -0.37199997901916504 2.6660001277923584
1.3500001430511475 -0.5460000038146973 2.6059999465942383
-0.37199997901916504 0.17400002479553223 0.937999963760376
1.4279999732971191 -0.34800004959106445 2.6540000438690186
1.3020000457763672 -0.7680000066757202 2.503999948501587
1.3259999752044678 -0.41999995708465576 2.6540000438690186
1.3259999752044678 -0.7199999690055847 2.5280001163482666
0.630000114440918 -0.7739999890327454 2.4260001182556152
0.5820000171661377 -0.6480000019073486 2.4800000190734863
0.6059999465942383 -0.7199999690055847 2.450000047683716
0.5999999046325684 -0.7260000109672546 2.444000005722046
1.3259999752044678 -0.8460000157356262 2.450000047683716
1.4760000705718994 -0.3960000276565552 2.630000114440918
1.2420001029968262 -0.5699999928474426 2.611999988555908
1.2420001029968262 -0.4739999771118164 2.6480000019073486
-0.3960000276565552 0.10800004005432129 1.0520000457763672
-0.1979999542236328 0.6840000152587891 1.5859999656677246
1.2780001163482666 -0.4440000057220459 2.6540000438690186
1.4040000438690186 -0.37199997901916504 2.6540000438690186
-0.3240000009536743 0.2580000162124634 0.7879999876022339
1.253999948501587 -0.5220000147819519 2.630000114440918
1.4279999732971191 -0.5820000171661377 2.5759999752044678
1.3020000457763672 -0.6840000152587891 2.552000045776367
1.2960000038146973 -0.5699999928474426 2.6059999465942383
1.3440001010894775 -0.8999999761581421 2.4079999923706055
1.4760000705718994 -0.4739999771118164 2.6059999465942383
0.75 -0.8700000047683716 2.4019999504089355
1.062000036239624 -0.5999999642372131 2.6059999465942383
1.4279999732971191 -0.437999963760376 2.630000114440918
1.2239999771118164 -0.5460000038146973 2.624000072479248
1.2239999771118164 -0.49800002574920654 2.6419999599456787
-0.3960000276565552 -0.029999971389770508 1.4179999828338623
1.2360000610351562 -0.8219999670982361 2.4800000190734863
1.4520001411437988 -0.41999995708465576 2.630000114440918
1.121999979019165 -0.6539999842643738 2.5820000171661377
1.1340000629425049 -0.6660000085830688 2.5759999752044678
1.3259999752044678 -0.49800002574920654 2.630000114440918
1.2420001029968262 -0.41999995708465576 2.6660001277923584
1.440000057220459 -0.3179999589920044 2.6600000858306885
1.4520001411437988 -0.5699999928474426 2.5759999752044678
1.3020000457763672 -0.3960000276565552 2.6660001277923584
1.253999948501587 -0.5699999928474426 2.611999988555908
1.3020000457763672 -0.5699999928474426 2.6059999465942383
1.055999994277954 -0.8999999761581421 2.432000160217285
1.49399995803833 -0.8219999670982361 2.4260001182556152
1.4279999732971191 -0.5099999904632568 2.6059999465942383
1.3559999465942383 -0.906000018119812 2.4019999504089355
1.0380001068115234 -0.5999999642372131 2.6059999465942383
1.440000057220459 -0.8460000157356262 2.4260001182556152
0.5999999046325684 -0.7199999690055847 2.450000047683716
1.380000114440918 -0.4739999771118164 2.630000114440918
1.3020000457763672 -0.7319999933242798 2.5280001163482666
1.1459999084472656 -0.8339999914169312 2.4800000190734863
1.314000129699707 -0.6359999775886536 2.5759999752044678
1.3500001430511475 -0.3240000009536743 2.677999973297119
1.314000129699707 -0.37199997901916504 2.671999931335449
-0.37199997901916504 0.18000006675720215 0.9259999990463257
1.380000114440918 -0.2999999523162842 2.677999973297119
1.4100000858306885 -0.2999999523162842 2.671999931335449
1.4760000705718994 -0.48000001907348633 2.6059999465942383
1.253999948501587 -0.8219999670982361 2.4800000190734863
-0.3960000276565552 -0.03600001335144043 1.4300000667572021
1.3259999752044678 -0.7260000109672546 2.5280001163482666
1.4520001411437988 -0.49800002574920654 2.6059999465942383
1.062000036239624 -0.8700000047683716 2.4559998512268066
1.2179999351501465 -0.5220000147819519 2.635999917984009
1.3559999465942383 -0.34800004959106445 2.671999931335449
1.2780001163482666 -0.5220000147819519 2.630000114440918
1.2780001163482666 -0.6959999799728394 2.552000045776367
1.440000057220459 -0.7260000109672546 2.503999948501587
1.3500001430511475 -0.2999999523162842 2.684000015258789
1.3199999332427979 -0.34800004959106445 2.677999973297119
1.253999948501587 -0.8999999761581421 2.4260001182556152
1.380000114440918 -0.8700000047683716 2.4260001182556152
1.3020000457763672 -0.4440000057220459 2.6540000438690186
1.2720000743865967 -0.3960000276565552 2.671999931335449
1.3500001430511475 -0.41999995708465576 2.6540000438690186
1.3500001430511475 -0.7199999690055847 2.5280001163482666
0.7680001258850098 -0.8819999694824219 2.4019999504089355
0.6180000305175781 -0.7739999890327454 2.4260001182556152
1.1640000343322754 -0.6060000061988831 2.6059999465942383
1.181999921798706 -0.49800002574920654 2.6480000019073486
-0.40799999237060547 0.07800006866455078 1.1299999952316284
1.49399995803833 -0.34800004959106445 2.6419999599456787
0.809999942779541 -0.8219999670982361 2.4559998512268066
1.2179999351501465 -0.4739999771118164 2.6540000438690186
-0.3960000276565552 0.12000000476837158 1.027999997138977
1.3919999599456787 -0.3240000009536743 2.671999931335449
1.2780001163482666 -0.3960000276565552 2.671999931335449
1.3259999752044678 -0.34800004959106445 2.677999973297119
-0.33000004291534424 0.24600005149841309 0.7879999876022339
-0.37199997901916504 -0.09000003337860107 1.555999994277954
1.247999906539917 -0.8700000047683716 2.450000047683716
1.2839999198913574 -0.37199997901916504 2.677999973297119
1.4520001411437988 -0.4320000410079956 2.630000114440918
1.128000020980835 -0.7619999647140503 2.5280001163482666
0.7799999713897705 -0.8880000114440918 2.4019999504089355
1.4040000438690186 -0.8640000224113464 2.4260001182556152
1.253999948501587 -0.6060000061988831 2.5999999046325684
1.446000099182129 -0.26999998092651367 2.671999931335449
0.8159999847412109 -0.8339999914169312 2.450000047683716
1.3259999752044678 -0.3240000009536743 2.684000015258789
1.121999979019165 -0.7199999690055847 2.552000045776367
0.7019999027252197 -0.8219999670982361 2.4260001182556152
-0.1979999542236328 0.6540000438690186 1.6519999504089355
1.4639999866485596 -0.6119999885559082 2.558000087738037
1.380000114440918 -0.5460000038146973 2.6059999465942383
1.128000020980835 -0.7199999690055847 2.552000045776367
1.2000000476837158 -0.5460000038146973 2.630000114440918
1.3259999752044678 -0.5699999928474426 2.6059999465942383
1.1400001049041748 -0.5220000147819519 2.6419999599456787
1.2120001316070557 -0.9240000247955322 2.4140000343322754
-0.3960000276565552 0.12000000476837158 1.0220000743865967
-0.1979999542236328 0.6840000152587891 1.6039999723434448
1.2239999771118164 -0.5999999642372131 2.6059999465942383
1.2300000190734863 -0.4739999771118164 2.6540000438690186
1.3500001430511475 -0.49800002574920654 2.630000114440918
1.2179999351501465 -0.41999995708465576 2.671999931335449
1.4520001411437988 -0.34800004959106445 2.6540000438690186
1.253999948501587 -0.8700000047683716 2.450000047683716
1.4040000438690186 -0.4679999351501465 2.630000114440918
1.4760000705718994 -0.4140000343322754 2.630000114440918
1.4219999313354492 -0.26999998092651367 2.677999973297119
1.1519999504089355 -0.5220000147819519 2.6419999599456787
0.6540000438690186 -0.7979999780654907 2.4260001182556152
1.3020000457763672 -0.4500000476837158 2.6540000438690186
-0.33000004291534424 0.25199997425079346 0.7879999876022339
-0.40799999237060547 0.0 1.3519999980926514
1.0499999523162842 -0.906000018119812 2.432000160217285
1.3020000457763672 -0.8939999938011169 2.4260001182556152
-0.36000001430511475 -0.10800004005432129 1.6039999723434448
1.0740001201629639 -0.6119999885559082 2.6059999465942383
1.3259999752044678 -0.2999999523162842 2.690000057220459
1.4579999446868896 -0.8700000047683716 2.4079999923706055
1.2300000190734863 -0.5999999642372131 2.6059999465942383
1.2239999771118164 -0.8999999761581421 2.432000160217285
1.4279999732971191 -0.37199997901916504 2.6540000438690186
1.3980000019073486 -0.3960000276565552 2.6540000438690186
1.2899999618530273 -0.3240000009536743 2.690000057220459
0.8159999847412109 -0.8700000047683716 2.4260001182556152
1.2120001316070557 -0.4440000057220459 2.6660001277923584
-0.1979999542236328 0.6719999313354492 1.628000020980835
1.2960000038146973 -0.34800004959106445 2.684000015258789
1.4520001411437988 -0.26999998092651367 2.671999931335449
1.2839999198913574 -0.8219999670982361 2.4800000190734863
1.253999948501587 -0.828000009059906 2.4800000190734863
1.4579999446868896 -0.8460000157356262 2.4260001182556152
1.2300000190734863 -0.8999999761581421 2.432000160217285
1.4700000286102295 -0.24599993228912354 2.671999931335449
1.3020000457763672 -0.5220000147819519 2.630000114440918
1.380000114440918 -0.4859999418258667 2.630000114440918
1.2420001029968262 -0.3960000276565552 2.677999973297119
1.2780001163482666 -0.9240000247955322 2.4079999923706055
1.1640000343322754 -0.5699999928474426 2.624000072479248
0.48000001907348633 -0.6299999952316284 2.450000047683716
1.1040000915527344 -0.7860000133514404 2.5160000324249268
1.4279999732971191 -0.26999998092651367 2.677999973297119
1.4279999732971191 -0.2999999523162842 2.671999931335449
1.1640000343322754 -0.8399999737739563 2.4800000190734863
1.181999921798706 -0.5220000147819519 2.6419999599456787
0.6779999732971191 -0.8219999670982361 2.4200000762939453
-0.34800004959106445 0.22200000286102295 0.8300000429153442
1.4040000438690186 -0.3240000009536743 2.671999931335449
1.3859999179840088 -0.6179999709129333 2.5759999752044678
1.3020000457763672 -0.37199997901916504 2.677999973297119
0.9240000247955322 -0.7020000219345093 2.552000045776367
1.4040000438690186 -0.3960000276565552 2.6540000438690186
1.1760001182556152 -0.5699999928474426 2.624000072479248
-0.4140000343322754 0.029999971389770508 1.2799999713897705
1.253999948501587 -0.37199997901916504 2.684000015258789
1.2300000190734863 -0.5460000038146973 2.630000114440918
1.3500001430511475 -0.4320000410079956 2.6540000438690186
1.253999948501587 -0.5399999618530273 2.630000114440918
1.4820001125335693 -0.8460000157356262 2.4200000762939453
1.4760000705718994 -0.5699999928474426 2.5759999752044678
1.3020000457763672 -0.3240000009536743 2.690000057220459
1.3020000457763672 -0.8640000224113464 2.450000047683716
1.1760001182556152 -0.4739999771118164 2.6600000858306885
1.1700000762939453 -0.5999999642372131 2.611999988555908
1.253999948501587 -0.4739999771118164 2.6540000438690186
1.4040000438690186 -0.2999999523162842 2.677999973297119
1.3380000591278076 -0.26999998092651367 2.696000099182129
-0.34800004959106445 0.22800004482269287 0.8300000429153442
1.253999948501587 -0.3960000276565552 2.677999973297119
1.2899999618530273 -0.8999999761581421 2.4260001182556152
1.253999948501587 -0.3240000009536743 2.696000099182129
1.4820001125335693 -0.2999999523162842 2.6600000858306885
1.4520001411437988 -0.24599993228912354 2.677999973297119
1.434000015258789 -0.4559999704360962 2.630000114440918
-0.3960000276565552 -0.04799997806549072 1.4600000381469727
1.2780001163482666 -0.8700000047683716 2.450000047683716
1.2720000743865967 -0.75 2.5280001163482666
1.380000114440918 -0.3240000009536743 2.677999973297119
1.3320000171661377 -0.4440000057220459 2.6540000438690186
1.181999921798706 -0.5999999642372131 2.611999988555908
1.1340000629425049 -0.49800002574920654 2.6540000438690186
1.3020000457763672 -0.2999999523162842 2.696000099182129
1.1459999084472656 -0.5460000038146973 2.635999917984009
1.3500001430511475 -0.34800004959106445 2.677999973297119
1.4100000858306885 -0.8999999761581421 2.4019999504089355
0.5820000171661377 -0.6660000085830688 2.4800000190734863
1.1519999504089355 -0.5460000038146973 2.635999917984009
1.4639999866485596 -0.3240000009536743 2.6600000858306885
0.6719999313354492 -0.8219999670982361 2.4200000762939453
1.2000000476837158 -0.5699999928474426 2.624000072479248
1.2420001029968262 -0.8339999914169312 2.4800000190734863
1.2660000324249268 -0.34800004959106445 2.690000057220459
-0.3960000276565552 0.13199996948242188 1.003999948501587
1.2599999904632568 -0.5999999642372131 2.6059999465942383
1.1519999504089355 -0.49800002574920654 2.6540000438690186
1.2780001163482666 -0.75 2.5280001163482666
1.4040000438690186 -0.40199995040893555 2.6540000438690186
-0.3359999656677246 0.2760000228881836 0.812000036239624
0.7019999027252197 -0.8460000157356262 2.4140000343322754
-0.1979999542236328 0.6779999732971191 1.628000020980835
1.380000114440918 -0.26999998092651367 2.690000057220459
1.3500001430511475 -0.5699999928474426 2.6059999465942383
1.2839999198913574 -0.4679999351501465 2.6540000438690186
1.4279999732971191 -0.38399994373321533 2.6540000438690186
1.2660000324249268 -0.9300000071525574 2.4079999923706055
1.4639999866485596 -0.2999999523162842 2.6660001277923584
-0.37199997901916504 0.19200003147125244 0.9020000100135803
1.4040000438690186 -0.24599993228912354 2.690000057220459
1.4820001125335693 -0.24599993228912354 2.671999931335449
1.4520001411437988 -0.5759999752044678 2.5820000171661377
1.2599999904632568 -0.9240000247955322 2.4140000343322754
1.1760001182556152 -0.5460000038146973 2.635999917984009
1.253999948501587 -0.48000001907348633 2.6540000438690186
1.3500001430511475 -0.26999998092651367 2.696000099182129
1.2060000896453857 -0.3960000276565552 2.684000015258789
1.3380000591278076 -0.515999972820282 2.630000114440918
1.1760001182556152 -0.49800002574920654 2.6540000438690186
0.9300000667572021 -0.7199999690055847 2.5460000038146973
1.4219999313354492 -0.906000018119812 2.3959999084472656
1.4760000705718994 -0.5759999752044678 2.5759999752044678
1.2179999351501465 -0.6119999885559082 2.6059999465942383
1.1760001182556152 -0.4440000057220459 2.671999931335449
1.3259999752044678 -0.5820000171661377 2.6059999465942383
1.2660000324249268 -0.2999999523162842 2.7019999027252197
1.2000000476837158 -0.41999995708465576 2.677999973297119
1.2780001163482666 -0.5399999618530273 2.630000114440918
0.6059999465942383 -0.6299999952316284 2.509999990463257
1.2179999351501465 -0.34800004959106445 2.696000099182129
0.8159999847412109 -0.7979999780654907 2.4800000190734863
-0.3960000276565552 -0.054000020027160645 1.472000002861023
1.4520001411437988 -0.4500000476837158 2.630000114440918
1.49399995803833 -0.3240000009536743 2.6540000438690186
1.2780001163482666 -0.3960000276565552 2.677999973297119
1.308000087738037 -0.9240000247955322 2.4079999923706055
1.3559999465942383 -0.5099999904632568 2.630000114440918
1.3259999752044678 -0.37199997901916504 2.677999973297119
1.253999948501587 -0.6060000061988831 2.6059999465942383
1.2239999771118164 -0.37199997901916504 2.690000057220459
1.380000114440918 -0.24599993228912354 2.696000099182129
1.4760000705718994 -0.8460000157356262 2.4260001182556152
1.2300000190734863 -0.6119999885559082 2.6059999465942383
1.3199999332427979 -0.26999998092651367 2.7019999027252197
1.49399995803833 -0.26999998092651367 2.6660001277923584
1.2599999904632568 -0.7979999780654907 2.503999948501587
1.380000114440918 -0.6299999952316284 2.5759999752044678
1.2000000476837158 -0.49800002574920654 2.6540000438690186
1.181999921798706 -0.8460000157356262 2.4800000190734863
1.121999979019165 -0.7739999890327454 2.5280001163482666
1.2300000190734863 -0.37199997901916504 2.690000057220459
1.2300000190734863 -0.34800004959106445 2.696000099182129
-0.37199997901916504 -0.10199999809265137 1.5800000429153442
1.4760000705718994 -0.34800004959106445 2.6540000438690186
-0.3960000276565552 -0.054000020027160645 1.4779999256134033
1.2780001163482666 -0.2999999523162842 2.7019999027252197
1.2300000190734863 -0.4919999837875366 2.6540000438690186
1.49399995803833 -0.8640000224113464 2.4079999923706055
1.4520001411437988 -0.37199997901916504 2.6540000438690186
1.2839999198913574 -0.5999999642372131 2.6059999465942383
1.4820001125335693 -0.22200000286102295 2.677999973297119
1.2300000190734863 -0.3240000009536743 2.7019999027252197
1.062000036239624 -0.9240000247955322 2.4260001182556152
0.9419999122619629 -0.7979999780654907 2.503999948501587
0.6779999732971191 -0.8219999670982361 2.4260001182556152
0.7260000705718994 -0.8700000047683716 2.4079999923706055
1.062000036239624 -0.5699999928474426 2.630000114440918
1.3259999752044678 -0.26999998092651367 2.7019999027252197
1.128000020980835 -0.4739999771118164 2.6660001277923584
1.128000020980835 -0.37199997901916504 2.696000099182129
1.2300000190734863 -0.5579999685287476 2.630000114440918
1.1519999504089355 -0.5699999928474426 2.630000114440918
1.2360000610351562 -0.9240000247955322 2.4200000762939453
1.2780001163482666 -0.40199995040893555 2.677999973297119
1.2000000476837158 -0.8460000157356262 2.4800000190734863
1.062000036239624 -0.9839999675750732 2.378000020980835
0.9300000667572021 -0.7139999866485596 2.552000045776367
1.4279999732971191 -0.8999999761581421 2.4019999504089355
1.4520001411437988 -0.26999998092651367 2.677999973297119
1.0320000648498535 -0.6240000128746033 2.6059999465942383
1.2300000190734863 -0.41999995708465576 2.677999973297119
1.1519999504089355 -0.4739999771118164 2.6660001277923584
1.2300000190734863 -0.2999999523162842 2.7079999446868896
1.1159999370574951 -0.8339999914169312 2.492000102996826
1.055999994277954 -0.9480000138282776 2.4079999923706055
1.446000099182129 -0.24599993228912354 2.684000015258789
1.1400001049041748 -0.3960000276565552 2.690000057220459
-0.41999995708465576 0.04200005531311035 1.2260000705718994
1.253999948501587 -0.8819999694824219 2.450000047683716
1.4100000858306885 -0.22200000286102295 2.696000099182129
1.2239999771118164 -0.8700000047683716 2.4619998931884766
1.4279999732971191 -0.2999999523162842 2.677999973297119
-0.41999995708465576 0.03600001335144043 1.25
-0.41999995708465576 0.04799997806549072 1.2079999446868896
1.4040000438690186 -0.3240000009536743 2.677999973297119
1.253999948501587 -0.4140000343322754 2.677999973297119
1.4639999866485596 -0.22200000286102295 2.684000015258789
1.2839999198913574 -0.7139999866485596 2.552000045776367
1.1760001182556152 -0.5699999928474426 2.630000114440918
1.4579999446868896 -0.7260000109672546 2.509999990463257
1.1579999923706055 -0.3960000276565552 2.690000057220459
1.3259999752044678 -0.9240000247955322 2.4079999923706055
0.630000114440918 -0.7979999780654907 2.4260001182556152
-0.36000001430511475 -0.12000000476837158 1.628000020980835
-0.4140000343322754 0.09000003337860107 1.100000023841858
1.1700000762939453 -0.37199997901916504 2.696000099182129
1.3020000457763672 -0.3960000276565552 2.677999973297119
-0.41999995708465576 0.054000020027160645 1.1779999732971191
-0.3960000276565552 0.14400005340576172 0.9800000190734863
1.3259999752044678 -0.24599993228912354 2.7079999446868896
1.194000005722046 -0.8999999761581421 2.444000005722046
1.3259999752044678 -0.38399994373321533 2.677999973297119
1.253999948501587 -0.8040000200271606 2.503999948501587
1.380000114440918 -0.34800004959106445 2.677999973297119
-0.41999995708465576 0.024000048637390137 1.2860000133514404
1.3320000171661377 -0.8999999761581421 2.4260001182556152
1.0799999237060547 -0.6179999709129333 2.611999988555908
1.4760000705718994 -0.24599993228912354 2.677999973297119
1.055999994277954 -0.972000002861023 2.3899998664855957
1.1579999923706055 -0.41999995708465576 2.684000015258789
1.1760001182556152 -0.3960000276565552 2.690000057220459
1.253999948501587 -0.3240000009536743 2.7019999027252197
1.3859999179840088 -0.22200000286102295 2.7019999027252197
1.121999979019165 -0.49800002574920654 2.6600000858306885
1.4520001411437988 -0.8939999938011169 2.4019999504089355
-0.37199997901916504 0.19800007343292236 0.8840000033378601
1.187999963760376 -0.37199997901916504 2.696000099182129
1.2000000476837158 -0.9240000247955322 2.4260001182556152
1.1340000629425049 -0.7379999756813049 2.552000045776367
1.128000020980835 -0.4440000057220459 2.677999973297119
1.380000114440918 -0.5699999928474426 2.6059999465942383
1.2000000476837158 -0.5699999928474426 2.630000114440918
1.3020000457763672 -0.2999999523162842 2.7019999027252197
1.3500001430511475 -0.37199997901916504 2.677999973297119
1.3680000305175781 -0.24599993228912354 2.7019999027252197
1.194000005722046 -0.34800004959106445 2.7019999027252197
-0.41999995708465576 0.018000006675720215 1.3040000200271606
1.446000099182129 -0.22200000286102295 2.690000057220459
1.1760001182556152 -0.41999995708465576 2.684000015258789
0.5880000591278076 -0.6840000152587891 2.4800000190734863
1.194000005722046 -0.2940000295639038 2.7139999866485596
1.2899999618530273 -0.6060000061988831 2.6059999465942383
-0.41999995708465576 0.06599998474121094 1.1540000438690186
1.1519999504089355 -0.4440000057220459 2.677999973297119
1.434000015258789 -0.8700000047683716 2.4260001182556152
1.2000000476837158 -0.34800004959106445 2.7019999027252197
1.194000005722046 -0.3240000009536743 2.7079999446868896
1.2780001163482666 -0.8819999694824219 2.450000047683716
1.2000000476837158 -0.5099999904632568 2.6540000438690186
1.2000000476837158 -0.3240000009536743 2.7079999446868896
1.314000129699707 -0.5999999642372131 2.6059999465942383
1.2960000038146973 -0.24599993228912354 2.7139999866485596
1.1340000629425049 -0.6959999799728394 2.5759999752044678
0.6059999465942383 -0.75 2.450000047683716
-0.21000003814697266 0.690000057220459 1.5920000076293945
1.3500001430511475 -0.26999998092651367 2.7019999027252197
0.6779999732971191 -0.8460000157356262 2.4140000343322754
1.1760001182556152 -0.4440000057220459 2.677999973297119
1.2300000190734863 -0.4320000410079956 2.677999973297119
1.4820001125335693 -0.7199999690055847 2.509999990463257
1.1040000915527344 -0.8219999670982361 2.503999948501587
-0.41999995708465576 0.006000041961669922 1.3280000686645508
1.2660000324249268 -0.26999998092651367 2.7139999866485596
-0.3960000276565552 -0.06599998474121094 1.5019999742507935
1.3020000457763672 -0.24599993228912354 2.7139999866485596
-0.37199997901916504 0.20399999618530273 0.878000020980835
-0.41999995708465576 0.07200002670288086 1.1299999952316284
1.194000005722046 -0.6179999709129333 2.611999988555908
1.2300000190734863 -0.9240000247955322 2.4260001182556152
1.2780001163482666 -0.3240000009536743 2.7019999027252197
1.128000020980835 -0.5220000147819519 2.6540000438690186
1.3500001430511475 -0.8999999761581421 2.4260001182556152
1.380000114440918 -0.36000001430511475 2.677999973297119
1.380000114440918 -0.24599993228912354 2.7019999027252197
1.055999994277954 -0.8999999761581421 2.450000047683716
1.2060000896453857 -0.2999999523162842 2.7139999866485596
1.0799999237060547 -0.9480000138282776 2.4140000343322754
1.4040000438690186 -0.34200000762939453 2.677999973297119
1.121999979019165 -0.7440000176429749 2.552000045776367
0.4559999704360962 -0.6299999952316284 2.450000047683716
1.0439999103546143 -0.8999999761581421 2.450000047683716
1.0799999237060547 -0.5699999928474426 2.635999917984009
1.2000000476837158 -0.4440000057220459 2.677999973297119
1.2300000190734863 -0.34800004959106445 2.7019999027252197
1.3020000457763672 -0.671999990940094 2.5759999752044678
1.1340000629425049 -0.5699999928474426 2.635999917984009
0.9360001087188721 -0.7680000066757202 2.5280001163482666
0.6719999313354492 -0.8460000157356262 2.4140000343322754
1.4040000438690186 -0.22200000286102295 2.7019999027252197
0.5999999046325684 -0.75 2.450000047683716
1.2780001163482666 -0.26999998092651367 2.7139999866485596
1.2780001163482666 -0.9179999828338623 2.4260001182556152
1.0499999523162842 -0.9480000138282776 2.4140000343322754
1.1640000343322754 -0.5220000147819519 2.6540000438690186
1.121999979019165 -0.4739999771118164 2.671999931335449
1.374000072479248 -0.22200000286102295 2.7079999446868896
1.0799999237060547 -0.5999999642372131 2.624000072479248
1.3259999752044678 -0.2999999523162842 2.7019999027252197
1.1159999370574951 -0.37199997901916504 2.7019999027252197
-0.34800004959106445 0.24000000953674316 0.800000011920929
1.4279999732971191 -0.3240000009536743 2.677999973297119
1.0499999523162842 -0.5699999928474426 2.635999917984009
1.128000020980835 -0.37199997901916504 2.7019999027252197
-0.41999995708465576 -0.006000041961669922 1.3519999980926514
1.1459999084472656 -0.5999999642372131 2.624000072479248
1.1760001182556152 -0.5220000147819519 2.6540000438690186
1.4760000705718994 -0.26999998092651367 2.677999973297119
0.7019999027252197 -0.8700000047683716 2.4079999923706055
1.1159999370574951 -0.3960000276565552 2.696000099182129
-0.3960000276565552 0.1499999761581421 0.9559999704360962
1.3020000457763672 -0.3179999589920044 2.7019999027252197
1.4520001411437988 -0.2999999523162842 2.677999973297119
1.187999963760376 -0.9240000247955322 2.432000160217285
1.1159999370574951 -0.6420000195503235 2.6059999465942383
1.1459999084472656 -0.34800004959106445 2.7079999446868896
1.4520001411437988 -0.1979999542236328 2.696000099182129
1.1700000762939453 -0.3179999589920044 2.7139999866485596
1.1519999504089355 -0.37199997901916504 2.7019999027252197
1.3500001430511475 -0.593999981880188 2.6059999465942383
1.3440001010894775 -0.22200000286102295 2.7139999866485596
1.194000005722046 -0.8999999761581421 2.450000047683716
1.253999948501587 -0.9240000247955322 2.4260001182556152
1.181999921798706 -0.9480000138282776 2.4140000343322754
1.2300000190734863 -0.26999998092651367 2.7200000286102295
1.1579999923706055 -0.34800004959106445 2.7079999446868896
0.6540000438690186 -0.8219999670982361 2.4260001182556152
1.121999979019165 -0.41999995708465576 2.690000057220459
1.4040000438690186 -0.5699999928474426 2.6059999465942383
1.4520001411437988 -0.8700000047683716 2.4260001182556152
0.6119999885559082 -0.7979999780654907 2.4260001182556152
1.128000020980835 -0.41999995708465576 2.690000057220459
1.2000000476837158 -0.8999999761581421 2.450000047683716
1.2780001163482666 -0.3359999656677246 2.7019999027252197
1.4279999732971191 -0.33000004291534424 2.677999973297119
1.1040000915527344 -0.5460000038146973 2.6480000019073486
1.0980000495910645 -0.5460000038146973 2.6480000019073486
1.253999948501587 -0.34800004959106445 2.7019999027252197
1.1760001182556152 -0.37199997901916504 2.7019999027252197
0.7379999160766602 -0.8880000114440918 2.4079999923706055
0.6359999179840088 -0.8219999670982361 2.4200000762939453
1.2000000476837158 -0.9480000138282776 2.4140000343322754
1.1760001182556152 -0.8700000047683716 2.4739999771118164
-0.34800004959106445 0.25199997425079346 0.800000011920929
1.1040000915527344 -0.6060000061988831 2.624000072479248
1.121999979019165 -0.4440000057220459 2.684000015258789
1.3559999465942383 -0.2879999876022339 2.7019999027252197
-0.21599996089935303 0.6480000019073486 1.6579999923706055
1.2780001163482666 -0.7919999957084656 2.5160000324249268
1.434000015258789 -0.1979999542236328 2.7019999027252197
-0.41999995708465576 -0.011999964714050293 1.375999927520752
1.4520001411437988 -0.312000036239624 2.677999973297119
1.0859999656677246 -0.6959999799728394 2.5820000171661377
1.4879999160766602 -0.8579999804496765 2.4260001182556152
1.253999948501587 -0.3539999723434448 2.7019999027252197
1.2000000476837158 -0.37199997901916504 2.7019999027252197
1.3980000019073486 -0.9240000247955322 2.4019999504089355
1.3199999332427979 -0.22200000286102295 2.7200000286102295
1.380000114440918 -0.26999998092651367 2.7019999027252197
0.9479999542236328 -0.8159999847412109 2.503999948501587
0.5820000171661377 -0.6480000019073486 2.503999948501587
1.0799999237060547 -0.9240000247955322 2.437999963760376
1.0799999237060547 -0.8999999761581421 2.4559998512268066
-0.3960000276565552 0.1679999828338623 0.9500000476837158
1.446000099182129 -0.8759999871253967 2.4260001182556152
1.4040000438690186 -0.24599993228912354 2.7019999027252197
1.0499999523162842 -0.9900000095367432 2.384000062942505
0.690000057220459 -0.8700000047683716 2.4079999923706055
1.2300000190734863 -0.3659999370574951 2.7019999027252197
-0.3960000276565552 -0.07799994945526123 1.5260000228881836
1.4040000438690186 -0.6179999709129333 2.5880000591278076
1.2360000610351562 -0.8999999761581421 2.450000047683716
-0.41999995708465576 0.09599995613098145 1.0759999752044678
1.380000114440918 -0.8999999761581421 2.4260001182556152
1.2300000190734863 -0.9480000138282776 2.4140000343322754
1.3380000591278076 -0.9120000004768372 2.4260001182556152
1.4040000438690186 -0.9240000247955322 2.4019999504089355
1.1040000915527344 -0.5220000147819519 2.6600000858306885
1.3619999885559082 -0.906000018119812 2.4260001182556152
1.4040000438690186 -0.25199997425079346 2.7019999027252197
1.4279999732971191 -0.22200000286102295 2.7019999027252197
1.1760001182556152 -0.593999981880188 2.630000114440918
1.3380000591278076 -0.9359999895095825 2.4079999923706055
1.2000000476837158 -0.8640000224113464 2.4800000190734863
1.1640000343322754 -0.9480000138282776 2.4200000762939453
1.1040000915527344 -0.5699999928474426 2.6419999599456787
1.0740001201629639 -0.9419999718666077 2.4260001182556152
1.314000129699707 -0.9419999718666077 2.4079999923706055
-0.37199997901916504 0.21000003814697266 0.8539999723434448
1.49399995803833 -0.1979999542236328 2.690000057220459
1.2899999618530273 -0.22200000286102295 2.7260000705718994
1.2060000896453857 -0.26999998092651367 2.7260000705718994
0.9240000247955322 -0.6899999976158142 2.5759999752044678
1.1760001182556152 -0.4679999351501465 2.677999973297119
1.121999979019165 -0.5999999642372131 2.630000114440918
1.4279999732971191 -0.9179999828338623 2.4019999504089355
1.0740001201629639 -0.8700000047683716 2.4800000190734863
1.2599999904632568 -0.24599993228912354 2.7260000705718994
-0.41999995708465576 -0.023999929428100586 1.4000000953674316
1.055999994277954 -0.972000002861023 2.4019999504089355
1.128000020980835 -0.5999999642372131 2.630000114440918
1.0799999237060547 -0.5999999642372131 2.630000114440918
1.0740001201629639 -0.5999999642372131 2.630000114440918
1.1159999370574951 -0.4739999771118164 2.677999973297119
1.3919999599456787 -0.1979999542236328 2.7139999866485596
1.128000020980835 -0.4739999771118164 2.677999973297119
1.380000114440918 -0.593999981880188 2.6059999465942383
1.1519999504089355 -0.5999999642372131 2.630000114440918
1.121999979019165 -0.34800004959106445 2.7139999866485596
1.4760000705718994 -0.2999999523162842 2.677999973297119
1.1100001335144043 -0.3960000276565552 2.7019999027252197
1.1519999504089355 -0.4739999771118164 2.677999973297119
1.128000020980835 -0.3960000276565552 2.7019999027252197
1.1760001182556152 -0.972000002861023 2.4019999504089355
-0.4140000343322754 0.12000000476837158 1.0160000324249268
1.4520001411437988 -0.1979999542236328 2.7019999027252197
1.0380001068115234 -0.5999999642372131 2.630000114440918
1.4520001411437988 -0.33000004291534424 2.677999973297119
0.5039999485015869 -0.6359999775886536 2.4800000190734863
1.2300000190734863 -0.26999998092651367 2.7260000705718994
1.1760001182556152 -0.8700000047683716 2.4800000190734863
1.1400001049041748 -0.3240000009536743 2.7200000286102295
-0.41999995708465576 -0.029999971389770508 1.4119999408721924
1.1579999923706055 -0.3960000276565552 2.7019999027252197
0.437999963760376 -0.6299999952316284 2.450000047683716
1.1040000915527344 -0.5460000038146973 2.6540000438690186
-0.3960000276565552 0.17400002479553223 0.9320000410079956
-0.41999995708465576 0.10800004005432129 1.0520000457763672
1.3680000305175781 -0.1979999542236328 2.7200000286102295
1.0799999237060547 -0.5460000038146973 2.6540000438690186
1.128000020980835 -0.5460000038146973 2.6540000438690186
1.308000087738037 -0.22200000286102295 2.7260000705718994
1.2780001163482666 -0.24599993228912354 2.7260000705718994
0.6779999732971191 -0.8460000157356262 2.4260001182556152
1.1400001049041748 -0.6179999709129333 2.624000072479248
1.2000000476837158 -0.38999998569488525 2.7019999027252197
-0.21599996089935303 0.6480000019073486 1.6759999990463257
1.49399995803833 -0.8880000114440918 2.4079999923706055
0.8159999847412109 -0.8700000047683716 2.450000047683716
-0.22200000286102295 0.6719999313354492 1.621999979019165
1.2060000896453857 -0.9419999718666077 2.4260001182556152
1.4040000438690186 -0.1979999542236328 2.7139999866485596
1.4040000438690186 -0.5879999995231628 2.6059999465942383
1.1519999504089355 -0.2999999523162842 2.7260000705718994
1.1100001335144043 -0.8399999737739563 2.503999948501587
1.3380000591278076 -0.1979999542236328 2.7260000705718994
1.1040000915527344 -0.9480000138282776 2.4260001182556152
0.630000114440918 -0.8219999670982361 2.4260001182556152
1.0920000076293945 -0.9480000138282776 2.4260001182556152
1.4279999732971191 -0.24599993228912354 2.7019999027252197
-0.22200000286102295 0.6540000438690186 1.6519999504089355
1.187999963760376 -0.3960000276565552 2.7019999027252197
1.4040000438690186 -0.8999999761581421 2.4260001182556152
1.3619999885559082 -0.9359999895095825 2.4079999923706055
0.8039999008178711 -0.8999999761581421 2.4260001182556152
-0.22200000286102295 0.6840000152587891 1.6039999723434448
1.1340000629425049 -0.9480000138282776 2.4260001182556152
1.121999979019165 -0.7199999690055847 2.5759999752044678
1.2720000743865967 -0.22200000286102295 2.7320001125335693
1.128000020980835 -0.7199999690055847 2.5759999752044678
1.1640000343322754 -0.9240000247955322 2.444000005722046
1.1700000762939453 -0.26999998092651367 2.7320001125335693
1.253999948501587 -0.26999998092651367 2.7260000705718994
-0.3960000276565552 0.18000006675720215 0.9259999990463257
1.1760001182556152 -0.2999999523162842 2.7260000705718994
1.1519999504089355 -0.9480000138282776 2.4260001182556152
1.1640000343322754 -0.8999999761581421 2.4619998931884766
0.9300000667572021 -0.7440000176429749 2.552000045776367
0.7079999446868896 -0.8880000114440918 2.4079999923706055
1.3919999599456787 -0.9359999895095825 2.4019999504089355
1.0499999523162842 -0.9480000138282776 2.4260001182556152
1.1760001182556152 -0.26999998092651367 2.7320001125335693
1.4520001411437988 -0.17400002479553223 2.7079999446868896
1.3020000457763672 -0.24000000953674316 2.7260000705718994
1.2839999198913574 -0.9480000138282776 2.4140000343322754
-0.22200000286102295 0.6719999313354492 1.628000020980835
1.0799999237060547 -0.972000002861023 2.4079999923706055
-0.41999995708465576 -0.03600001335144043 1.4300000667572021
1.2420001029968262 -0.24599993228912354 2.7320001125335693
1.3259999752044678 -0.22200000286102295 2.7260000705718994
1.2239999771118164 -0.5999999642372131 2.630000114440918
1.1760001182556152 -0.9480000138282776 2.4260001182556152
1.1519999504089355 -0.40799999237060547 2.7019999027252197
1.3500001430511475 -0.1979999542236328 2.7260000705718994
1.0799999237060547 -0.5220000147819519 2.6660001277923584
1.2300000190734863 -0.2879999876022339 2.7260000705718994
1.0799999237060547 -0.8700000047683716 2.4860000610351562
1.0499999523162842 -0.972000002861023 2.4079999923706055
1.1579999923706055 -0.972000002861023 2.4079999923706055
1.2000000476837158 -0.2999999523162842 2.7260000705718994
1.068000078201294 -0.5220000147819519 2.6660001277923584
1.2780001163482666 -0.26399993896484375 2.7260000705718994
0.690000057220459 -0.8819999694824219 2.4079999923706055
1.4820001125335693 -0.17400002479553223 2.7019999027252197
-0.3960000276565552 -0.09000003337860107 1.555999994277954
-0.41999995708465576 0.12000000476837158 1.027999997138977
1.121999979019165 -0.6779999732971191 2.5999999046325684
1.1579999923706055 -0.8700000047683716 2.4860000610351562
1.1159999370574951 -0.7979999780654907 2.5339999198913574
1.128000020980835 -0.4140000343322754 2.7019999027252197
1.434000015258789 -0.17400002479553223 2.7139999866485596
1.0799999237060547 -0.4739999771118164 2.684000015258789
1.2420001029968262 -0.5999999642372131 2.630000114440918
1.4040000438690186 -0.9359999895095825 2.4019999504089355
0.5880000591278076 -0.671999990940094 2.503999948501587
1.2000000476837158 -0.3059999942779541 2.7260000705718994
0.5940001010894775 -0.7199999690055847 2.4800000190734863
1.3259999752044678 -0.23399996757507324 2.7260000705718994
1.0980000495910645 -0.37199997901916504 2.7139999866485596
1.068000078201294 -0.4739999771118164 2.684000015258789
1.128000020980835 -0.8460000157356262 2.503999948501587
1.4639999866485596 -0.21599996089935303 2.7019999027252197
0.5999999046325684 -0.7739999890327454 2.450000047683716
1.0980000495910645 -0.34800004959106445 2.7200000286102295
1.0799999237060547 -0.9900000095367432 2.3959999084472656
1.3199999332427979 -0.6060000061988831 2.618000030517578
1.0920000076293945 -0.3960000276565552 2.7079999446868896
1.4100000858306885 -0.17400002479553223 2.7200000286102295
1.4040000438690186 -0.906000018119812 2.4260001182556152
0.6180000305175781 -0.8219999670982361 2.4260001182556152
1.4760000705718994 -0.1979999542236328 2.7019999027252197
-0.22200000286102295 0.6779999732971191 1.628000020980835
1.380000114440918 -0.17400002479553223 2.7260000705718994
1.1519999504089355 -0.8460000157356262 2.503999948501587
1.247999906539917 -0.22200000286102295 2.73799991607666
1.2000000476837158 -0.972000002861023 2.4079999923706055
1.121999979019165 -0.3240000009536743 2.7260000705718994
1.1519999504089355 -0.9900000095367432 2.3959999084472656
-0.37199997901916504 0.22200000286102295 0.8300000429153442
1.128000020980835 -0.3240000009536743 2.7260000705718994
1.0920000076293945 -0.6179999709129333 2.630000114440918
1.1040000915527344 -0.41999995708465576 2.7019999027252197
1.3500001430511475 -0.21599996089935303 2.7260000705718994
0.9300000667572021 -0.671999990940094 2.5940001010894775
1.0920000076293945 -0.41999995708465576 2.7019999027252197
1.4520001411437988 -0.24000000953674316 2.7019999027252197
1.0859999656677246 -0.9240000247955322 2.450000047683716
1.4760000705718994 -0.20399999618530273 2.7019999027252197
1.1519999504089355 -0.3240000009536743 2.7260000705718994
1.1040000915527344 -0.49800002574920654 2.677999973297119
1.1519999504089355 -0.6179999709129333 2.630000114440918
-0.37199997901916504 0.22800004482269287 0.8300000429153442
1.1459999084472656 -0.8999999761581421 2.4679999351501465
1.055999994277954 -0.9240000247955322 2.450000047683716
1.3500001430511475 -0.6119999885559082 2.611999988555908
-0.41999995708465576 -0.04799997806549072 1.4539999961853027
0.7799999713897705 -0.8999999761581421 2.4260001182556152
1.0799999237060547 -0.49800002574920654 2.677999973297119
1.128000020980835 -0.2999999523162842 2.7320001125335693
1.2899999618530273 -0.1979999542236328 2.73799991607666
1.055999994277954 -0.5460000038146973 2.6600000858306885
1.181999921798706 -0.8460000157356262 2.503999948501587
1.0740001201629639 -0.49800002574920654 2.677999973297119
1.1100001335144043 -0.671999990940094 2.6059999465942383
1.1579999923706055 -0.9240000247955322 2.450000047683716
1.0499999523162842 -0.9240000247955322 2.450000047683716
1.2179999351501465 -0.24599993228912354 2.73799991607666
0.9240000247955322 -0.7080000042915344 2.5759999752044678
1.128000020980835 -0.671999990940094 2.6059999465942383
1.1760001182556152 -0.8819999694824219 2.4800000190734863
1.0859999656677246 -0.4440000057220459 2.696000099182129
1.4579999446868896 -0.1499999761581421 2.7139999866485596
0.48600006103515625 -0.6359999775886536 2.4800000190734863
1.128000020980835 -0.5640000104904175 2.6540000438690186
1.2360000610351562 -0.9480000138282776 2.4260001182556152
1.0740001201629639 -0.4440000057220459 2.696000099182129
1.3559999465942383 -0.17400002479553223 2.7320001125335693
1.1760001182556152 -0.3240000009536743 2.7260000705718994
1.1760001182556152 -0.6179999709129333 2.630000114440918
1.128000020980835 -0.972000002861023 2.4140000343322754
1.1159999370574951 -0.7739999890327454 2.552000045776367
0.6540000438690186 -0.8460000157356262 2.4260001182556152
1.1760001182556152 -0.9240000247955322 2.450000047683716
1.128000020980835 -0.7739999890327454 2.552000045776367
0.9419999122619629 -0.7979999780654907 2.5280001163482666
1.055999994277954 -0.5640000104904175 2.6540000438690186
-0.41999995708465576 0.1260000467300415 1.003999948501587
1.2300000190734863 -0.972000002861023 2.4079999923706055
1.2000000476837158 -0.8460000157356262 2.503999948501587
1.2720000743865967 -0.9660000205039978 2.4079999923706055
0.6359999179840088 -0.8460000157356262 2.4200000762939453
-0.437999963760376 0.018000006675720215 1.3040000200271606
1.3020000457763672 -0.1979999542236328 2.73799991607666
-0.36000001430511475 0.25199997425079346 0.7940000295639038
1.121999979019165 -0.6240000128746033 2.630000114440918
0.9360001087188721 -0.7139999866485596 2.5759999752044678
1.128000020980835 -0.6240000128746033 2.630000114440918
-0.3960000276565552 0.19200003147125244 0.9020000100135803
1.380000114440918 -0.1979999542236328 2.7260000705718994
1.4879999160766602 -0.1499999761581421 2.7079999446868896
0.9300000667572021 -0.6899999976158142 2.5880000591278076
1.4520001411437988 -0.9179999828338623 2.4079999923706055
1.2000000476837158 -0.6179999709129333 2.630000114440918
-0.41999995708465576 -0.054000020027160645 1.4660000801086426
1.253999948501587 -0.9480000138282776 2.4260001182556152
1.1459999084472656 -0.8700000047683716 2.492000102996826
1.0740001201629639 -0.8880000114440918 2.4800000190734863
1.4520001411437988 -0.5820000171661377 2.6059999465942383
1.187999963760376 -0.33000004291534424 2.7260000705718994
1.1040000915527344 -0.5699999928474426 2.6540000438690186
1.2060000896453857 -0.9240000247955322 2.450000047683716
1.0920000076293945 -0.5699999928474426 2.6540000438690186
1.380000114440918 -0.20399999618530273 2.7260000705718994
1.3320000171661377 -0.17400002479553223 2.73799991607666
-0.4140000343322754 -0.06599998474121094 1.5019999742507935
1.1159999370574951 -0.9900000095367432 2.4019999504089355
1.128000020980835 -0.34200000762939453 2.7260000705718994
1.1760001182556152 -0.8519999980926514 2.503999948501587
1.3859999179840088 -0.1499999761581421 2.7320001125335693
1.0740001201629639 -0.9900000095367432 2.4019999504089355
1.0320000648498535 -0.6240000128746033 2.630000114440918
1.4040000438690186 -0.17400002479553223 2.7260000705718994
1.1459999084472656 -0.9900000095367432 2.4019999504089355
-0.3960000276565552 -0.10199999809265137 1.5800000429153442
1.1040000915527344 -0.5099999904632568 2.677999973297119
1.1579999923706055 -0.34200000762939453 2.7260000705718994
1.0199999809265137 -0.6240000128746033 2.630000114440918
1.3020000457763672 -0.9419999718666077 2.4260001182556152
1.1100001335144043 -0.8100000023841858 2.5339999198913574
1.128000020980835 -0.7799999713897705 2.552000045776367
1.1760001182556152 -0.9599999785423279 2.4260001182556152
1.0320000648498535 -0.5699999928474426 2.6540000438690186
1.1040000915527344 -0.8999999761581421 2.4739999771118164
1.2300000190734863 -0.6179999709129333 2.630000114440918
1.1040000915527344 -0.34800004959106445 2.7260000705718994
1.1400001049041748 -0.9240000247955322 2.4559998512268066
1.0799999237060547 -0.34800004959106445 2.7260000705718994
1.2000000476837158 -0.8519999980926514 2.503999948501587
1.194000005722046 -0.24599993228912354 2.74399995803833
1.068000078201294 -0.37199997901916504 2.7200000286102295
-0.23399996757507324 0.6480000019073486 1.6579999923706055
1.3259999752044678 -0.6060000061988831 2.624000072479248
1.062000036239624 -0.34800004959106445 2.7260000705718994
1.49399995803833 -0.906000018119812 2.4079999923706055
1.062000036239624 -0.3960000276565552 2.7139999866485596
0.6540000438690186 -0.8700000047683716 2.4140000343322754
1.2660000324249268 -0.6119999885559082 2.630000114440918
1.1040000915527344 -0.972000002861023 2.4200000762939453
1.308000087738037 -0.17400002479553223 2.74399995803833
-0.41999995708465576 -0.059999942779541016 1.4839999675750732
-0.23399996757507324 0.6540000438690186 1.6519999504089355
1.068000078201294 -0.41999995708465576 2.7079999446868896
-0.3659999370574951 0.24000000953674316 0.7940000295639038
1.4040000438690186 -0.19200003147125244 2.7260000705718994
1.4279999732971191 -0.1499999761581421 2.7260000705718994
1.0740001201629639 -0.6060000061988831 2.6419999599456787
-0.41999995708465576 0.1380000114440918 0.9800000190734863
-0.4440000057220459 0.04200005531311035 1.2260000705718994
0.6059999465942383 -0.7919999957084656 2.450000047683716
1.2960000038146973 -0.9900000095367432 2.3899998664855957
1.1159999370574951 -0.2999999523162842 2.73799991607666
-0.4440000057220459 0.03600001335144043 1.25
1.3680000305175781 -0.1499999761581421 2.73799991607666
1.4700000286102295 -0.8939999938011169 2.4260001182556152
-0.4440000057220459 0.04799997806549072 1.2020000219345093
1.0980000495910645 -0.7199999690055847 2.5880000591278076
1.1040000915527344 -0.4440000057220459 2.7019999027252197
1.0799999237060547 -0.515999972820282 2.677999973297119
1.3859999179840088 -0.9240000247955322 2.4260001182556152
-0.4440000057220459 0.04799997806549072 1.190000057220459
1.2899999618530273 -0.9480000138282776 2.4260001182556152
1.0799999237060547 -0.4440000057220459 2.7019999027252197
1.2360000610351562 -0.1979999542236328 2.75
1.0380001068115234 -0.5460000038146973 2.6660001277923584
1.1400001049041748 -0.26999998092651367 2.74399995803833
1.2839999198913574 -0.972000002861023 2.4079999923706055
1.0499999523162842 -0.49800002574920654 2.684000015258789
-0.4440000057220459 0.024000048637390137 1.2799999713897705
-0.4440000057220459 0.054000020027160645 1.1779999732971191
0.75 -0.8999999761581421 2.4260001182556152
1.3919999599456787 -0.6240000128746033 2.6059999465942383
0.6480000019073486 -0.8700000047683716 2.4140000343322754
1.055999994277954 -0.4440000057220459 2.7019999027252197
1.3680000305175781 -0.6599999666213989 2.5940001010894775
1.0920000076293945 -0.9959999918937683 2.4019999504089355
0.5940001010894775 -0.6959999799728394 2.503999948501587
1.002000093460083 -0.6299999952316284 2.630000114440918
1.2060000896453857 -0.22200000286102295 2.75
1.2239999771118164 -0.9900000095367432 2.4019999504089355
-0.4440000057220459 0.060000061988830566 1.1540000438690186
-0.37199997901916504 0.2760000228881836 0.8300000429153442
0.5999999046325684 -0.7919999957084656 2.450000047683716
-0.3960000276565552 0.19800007343292236 0.878000020980835
1.1579999923706055 -0.9959999918937683 2.4019999504089355
1.0499999523162842 -0.9959999918937683 2.4019999504089355
1.4100000858306885 -0.1499999761581421 2.7320001125335693
1.3440001010894775 -0.1499999761581421 2.74399995803833
1.0799999237060547 -0.4500000476837158 2.7019999027252197
1.253999948501587 -0.1979999542236328 2.75
0.630000114440918 -0.8460000157356262 2.4260001182556152
1.3320000171661377 -0.9419999718666077 2.4260001182556152
0.8039999008178711 -0.906000018119812 2.437999963760376
1.4279999732971191 -0.17400002479553223 2.7260000705718994
0.9900000095367432 -0.6299999952316284 2.630000114440918
0.7799999713897705 -0.906000018119812 2.432000160217285
1.2839999198913574 -0.17400002479553223 2.75
-0.3960000276565552 0.20399999618530273 0.878000020980835
1.1760001182556152 -0.9959999918937683 2.4019999504089355
1.1040000915527344 -0.3659999370574951 2.7260000705718994
1.2420001029968262 -0.9599999785423279 2.4260001182556152
1.055999994277954 -0.5220000147819519 2.677999973297119
1.1579999923706055 -0.24599993228912354 2.75
1.1040000915527344 -0.9240000247955322 2.4619998931884766
1.4279999732971191 -0.1799999475479126 2.7260000705718994
1.1519999504089355 -0.8640000224113464 2.503999948501587
-0.4440000057220459 0.006000041961669922 1.3280000686645508
1.1040000915527344 -0.8999999761581421 2.4800000190734863
1.0980000495910645 -0.8999999761581421 2.4800000190734863
1.2300000190734863 -0.22200000286102295 2.75
-0.4440000057220459 0.07200002670288086 1.1299999952316284
1.128000020980835 -0.8999999761581421 2.4800000190734863
1.308000087738037 -0.972000002861023 2.4079999923706055
1.1760001182556152 -0.24599993228912354 2.75
-0.37199997901916504 0.24000000953674316 0.800000011920929
-0.4440000057220459 0.07200002670288086 1.124000072479248
1.440000057220459 -0.9120000004768372 2.4260001182556152
1.4040000438690186 -0.12000000476837158 2.73799991607666
1.1100001335144043 -0.75 2.5759999752044678
1.0260000228881836 -0.5220000147819519 2.677999973297119
1.1519999504089355 -0.8999999761581421 2.4800000190734863
0.9360001087188721 -0.7739999890327454 2.552000045776367
0.9479999542236328 -0.8159999847412109 2.5280001163482666
1.1040000915527344 -0.972000002861023 2.4260001182556152
1.0980000495910645 -0.972000002861023 2.4260001182556152
1.1100001335144043 -0.7919999957084656 2.552000045776367
1.1340000629425049 -0.75 2.5759999752044678
-0.24599993228912354 0.6960000991821289 1.555999994277954
1.128000020980835 -0.972000002861023 2.4260001182556152
1.0799999237060547 -0.37199997901916504 2.7260000705718994
-0.3960000276565552 -0.11399996280670166 1.6039999723434448
1.3199999332427979 -0.1499999761581421 2.75
1.3259999752044678 -0.6060000061988831 2.630000114440918
1.3020000457763672 -0.17400002479553223 2.75
1.2780001163482666 -0.1979999542236328 2.75
-0.41999995708465576 0.1499999761581421 0.9559999704360962
0.9240000247955322 -0.671999990940094 2.6059999465942383
0.5999999046325684 -0.75 2.4800000190734863
1.055999994277954 -0.37199997901916504 2.7260000705718994
0.8220000267028809 -0.8999999761581421 2.450000047683716
1.4879999160766602 -0.12000000476837158 2.7200000286102295
1.4520001411437988 -0.1499999761581421 2.7260000705718994
1.4639999866485596 -0.12000000476837158 2.7260000705718994
1.2000000476837158 -0.24599993228912354 2.75
0.7320001125335693 -0.8999999761581421 2.4260001182556152
1.1040000915527344 -0.6959999799728394 2.6059999465942383
1.0799999237060547 -0.3240000009536743 2.73799991607666
1.0980000495910645 -0.6959999799728394 2.6059999465942383
1.1579999923706055 -0.972000002861023 2.4260001182556152
-0.4440000057220459 -0.006000041961669922 1.3519999980926514
1.2179999351501465 -0.1979999542236328 2.75600004196167
1.3020000457763672 -0.9900000095367432 2.3959999084472656
1.128000020980835 -0.6959999799728394 2.6059999465942383
1.0499999523162842 -0.34800004959106445 2.7320001125335693
1.3259999752044678 -0.1499999761581421 2.75
1.0439999103546143 -0.972000002861023 2.4260001182556152
1.440000057220459 -0.12000000476837158 2.7320001125335693
0.9660000801086426 -0.8759999871253967 2.492000102996826
1.4279999732971191 -0.9419999718666077 2.4079999923706055
1.3320000171661377 -0.9839999675750732 2.3959999084472656
1.0260000228881836 -0.4739999771118164 2.696000099182129
-0.3240000009536743 -0.12000000476837158 1.8200000524520874
1.0380001068115234 -0.37199997901916504 2.7260000705718994
1.253999948501587 -0.22200000286102295 2.75
-0.37199997901916504 0.25199997425079346 0.800000011920929
1.1040000915527344 -0.8700000047683716 2.503999948501587
1.2599999904632568 -0.17400002479553223 2.75600004196167
1.2839999198913574 -0.1499999761581421 2.75600004196167
1.0859999656677246 -0.8700000047683716 2.503999948501587
0.9839999675750732 -0.6240000128746033 2.635999917984009
0.6180000305175781 -0.8460000157356262 2.4260001182556152
1.128000020980835 -0.8700000047683716 2.503999948501587
1.2000000476837158 -0.25199997425079346 2.75
-0.4500000476837158 0.03600001335144043 1.25
1.0320000648498535 -0.3960000276565552 2.7200000286102295
-0.4440000057220459 0.08399999141693115 1.100000023841858
1.3320000171661377 -0.593999981880188 2.635999917984009
1.128000020980835 -0.26999998092651367 2.75
1.3859999179840088 -0.12000000476837158 2.74399995803833
1.4820001125335693 -0.8999999761581421 2.4260001182556152
1.187999963760376 -0.22200000286102295 2.75600004196167
0.5940001010894775 -0.7080000042915344 2.503999948501587
-0.22800004482269287 0.6540000438690186 1.694000005722046
1.2360000610351562 -0.24000000953674316 2.75
0.9539999961853027 -0.8219999670982361 2.5280001163482666
1.1760001182556152 -0.26399993896484375 2.75
1.1519999504089355 -0.26999998092651367 2.75
1.4520001411437988 -0.1679999828338623 2.7260000705718994
1.0260000228881836 -0.41999995708465576 2.7139999866485596
1.194000005722046 -0.9419999718666077 2.450000047683716
1.128000020980835 -0.7559999823570251 2.5759999752044678
1.2839999198913574 -0.21000003814697266 2.75
1.0799999237060547 -0.38399994373321533 2.7260000705718994
1.2000000476837158 -0.9419999718666077 2.450000047683716
-0.4440000057220459 -0.018000006675720215 1.375999927520752
1.055999994277954 -0.906000018119812 2.4800000190734863
-0.41999995708465576 0.1679999828338623 0.9500000476837158
1.3020000457763672 -0.1979999542236328 2.75
1.247999906539917 -0.9959999918937683 2.4019999504089355
1.4760000705718994 -0.12000000476837158 2.7260000705718994
-0.3240000009536743 -0.12000000476837158 1.8259999752044678
1.0920000076293945 -0.7020000219345093 2.6059999465942383
1.3259999752044678 -0.17400002479553223 2.75
1.0260000228881836 -0.4440000057220459 2.7079999446868896
1.0980000495910645 -0.9779999852180481 2.4260001182556152
1.128000020980835 -0.7020000219345093 2.6059999465942383
-0.24599993228912354 0.6719999313354492 1.6160000562667847
1.1040000915527344 -0.9480000138282776 2.450000047683716
1.0980000495910645 -0.9480000138282776 2.450000047683716
-0.41999995708465576 -0.07799994945526123 1.5260000228881836
1.3619999885559082 -0.12000000476837158 2.75
1.002000093460083 -0.5460000038146973 2.671999931335449
-0.3240000009536743 -0.1499999761581421 1.8200000524520874
1.1040000915527344 -0.5999999642372131 2.6540000438690186
1.128000020980835 -0.9480000138282776 2.450000047683716
1.0980000495910645 -0.5999999642372131 2.6540000438690186
1.1400001049041748 -0.24599993228912354 2.75600004196167
1.128000020980835 -0.5999999642372131 2.6540000438690186
0.6540000438690186 -0.8700000047683716 2.4260001182556152
1.1519999504089355 -0.6899999976158142 2.611999988555908
-0.24000000953674316 0.6779999732971191 1.628000020980835
1.2780001163482666 -0.6179999709129333 2.635999917984009
1.3259999752044678 -0.1799999475479126 2.75
-0.4440000057220459 0.09599995613098145 1.0759999752044678
1.002000093460083 -0.49800002574920654 2.690000057220459
1.1519999504089355 -0.9480000138282776 2.450000047683716
1.2000000476837158 -0.593999981880188 2.6540000438690186
-0.3960000276565552 0.21000003814697266 0.8539999723434448
1.1579999923706055 -0.9779999852180481 2.4260001182556152
-0.4259999990463257 -0.06599998474121094 1.5019999742507935
1.3500001430511475 -0.1499999761581421 2.75
1.1519999504089355 -0.5999999642372131 2.6540000438690186
1.0499999523162842 -0.9480000138282776 2.450000047683716
0.75 -0.906000018119812 2.432000160217285
1.055999994277954 -0.5399999618530273 2.677999973297119
-0.4140000343322754 -0.09000003337860107 1.555999994277954
-0.4440000057220459 0.09599995613098145 1.0699999332427979
1.3320000171661377 -0.12000000476837158 2.75600004196167
0.4500000476837158 -0.6359999775886536 2.4800000190734863
1.2360000610351562 -0.17400002479553223 2.76200008392334
1.128000020980835 -0.2879999876022339 2.75
1.3559999465942383 -0.9480000138282776 2.4260001182556152
1.1459999084472656 -0.6299999952316284 2.6419999599456787
1.2660000324249268 -0.1499999761581421 2.76200008392334
1.008000135421753 -0.906000018119812 2.4800000190734863
1.308000087738037 -0.6119999885559082 2.635999917984009
1.055999994277954 -0.9419999718666077 2.4559998512268066
-0.24599993228912354 0.690000057220459 1.5920000076293945
1.1519999504089355 -0.6299999952316284 2.6419999599456787
1.055999994277954 -0.4739999771118164 2.7019999027252197
0.7260000705718994 -0.906000018119812 2.4260001182556152
1.308000087738037 -0.9599999785423279 2.4260001182556152
-0.4440000057220459 -0.023999929428100586 1.4000000953674316
-0.24599993228912354 0.6840000152587891 1.6039999723434448
1.0260000228881836 -0.5999999642372131 2.6540000438690186
1.3919999599456787 -0.9539999961853027 2.4140000343322754
1.4160001277923584 -0.09599995613098145 2.74399995803833
1.49399995803833 -0.09599995613098145 2.7260000705718994
0.5940001010894775 -0.671999990940094 2.5280001163482666
1.4760000705718994 -0.1499999761581421 2.7260000705718994
-0.3240000009536743 -0.1499999761581421 1.8259999752044678
1.3859999179840088 -0.09599995613098145 2.75
1.128000020980835 -0.9120000004768372 2.4800000190734863
0.9839999675750732 -0.4440000057220459 2.7079999446868896
1.3259999752044678 -0.972000002861023 2.4140000343322754
-0.3240000009536743 -0.17400002479553223 1.8200000524520874
1.446000099182129 -0.09599995613098145 2.73799991607666
1.3500001430511475 -0.1679999828338623 2.75
-0.25199997425079346 0.6960000991821289 1.562000036239624
1.055999994277954 -0.3960000276565552 2.7260000705718994
-0.4440000057220459 -0.029999971389770508 1.406000018119812
-0.3960000276565552 -0.12000000476837158 1.628000020980835
1.002000093460083 -0.5220000147819519 2.684000015258789
-0.24599993228912354 0.6719999313354492 1.628000020980835
1.0980000495910645 -0.7319999933242798 2.5940001010894775
1.0260000228881836 -0.6299999952316284 2.6419999599456787
0.6600000858306885 -0.8939999938011169 2.4140000343322754
1.0260000228881836 -0.4739999771118164 2.7019999027252197
0.6480000019073486 -0.8880000114440918 2.4140000343322754
1.380000114440918 -0.12000000476837158 2.75
-0.38999998569488525 -0.11399996280670166 1.6519999504089355
1.002000093460083 -0.5699999928474426 2.6660001277923584
1.3559999465942383 -0.09599995613098145 2.75600004196167
-0.38999998569488525 0.22800004482269287 0.8300000429153442
1.1459999084472656 -0.6599999666213989 2.630000114440918
1.2839999198913574 -0.9959999918937683 2.4019999504089355
-0.3240000009536743 -0.1979999542236328 1.8140000104904175
-0.41999995708465576 0.17400002479553223 0.9320000410079956
1.055999994277954 -0.3240000009536743 2.74399995803833
1.002000093460083 -0.5999999642372131 2.6540000438690186
1.1700000762939453 -0.22200000286102295 2.76200008392334
1.0499999523162842 -0.3240000009536743 2.74399995803833
1.1040000915527344 -0.9539999961853027 2.450000047683716
1.1040000915527344 -0.2999999523162842 2.75
0.9720001220703125 -0.6359999775886536 2.635999917984009
1.055999994277954 -0.48000001907348633 2.7019999027252197
-0.24599993228912354 0.6419999599456787 1.6759999990463257
-0.4440000057220459 0.10800004005432129 1.0520000457763672
0.9900000095367432 -0.5220000147819519 2.684000015258789
1.0799999237060547 -0.2999999523162842 2.75
1.128000020980835 -0.9839999675750732 2.4260001182556152
0.9960000514984131 -0.5999999642372131 2.6540000438690186
1.308000087738037 -0.12000000476837158 2.76200008392334
1.1340000629425049 -0.9539999961853027 2.450000047683716
1.1040000915527344 -0.26999998092651367 2.75600004196167
1.0980000495910645 -0.26999998092651367 2.75600004196167
0.9300000667572021 -0.6899999976158142 2.6059999465942383
0.9900000095367432 -0.5699999928474426 2.6660001277923584
1.0260000228881836 -0.3960000276565552 2.7260000705718994
1.4520001411437988 -0.09599995613098145 2.73799991607666
1.0199999809265137 -0.37199997901916504 2.7320001125335693
1.0260000228881836 -0.5460000038146973 2.677999973297119
1.1040000915527344 -0.8460000157356262 2.5280001163482666
1.055999994277954 -0.2999999523162842 2.75
1.002000093460083 -0.4739999771118164 2.7019999027252197
1.1100001335144043 -0.8819999694824219 2.503999948501587
1.3259999752044678 -0.09599995613098145 2.76200008392334
1.1340000629425049 -0.8460000157356262 2.5280001163482666
1.0139999389648438 -0.3960000276565552 2.7260000705718994
1.128000020980835 -0.8819999694824219 2.503999948501587
1.253999948501587 -0.9959999918937683 2.4079999923706055
1.187999963760376 -0.6060000061988831 2.6540000438690186
0.9660000801086426 -0.6240000128746033 2.6419999599456787
-0.3359999656677246 -0.10199999809265137 1.8140000104904175
1.3259999752044678 -0.9900000095367432 2.4019999504089355
0.5940001010894775 -0.6779999732971191 2.5280001163482666
-0.3240000009536743 -0.17400002479553223 1.8259999752044678
-0.41999995708465576 0.18000006675720215 0.9259999990463257
1.1100001335144043 -0.6660000085830688 2.630000114440918
1.1159999370574951 -0.8100000023841858 2.552000045776367
1.3020000457763672 -0.9959999918937683 2.4019999504089355
1.2120001316070557 -0.17400002479553223 2.7680001258850098
1.4520001411437988 -0.9240000247955322 2.4260001182556152
0.9300000667572021 -0.75 2.5759999752044678
1.055999994277954 -0.6119999885559082 2.6540000438690186
1.3919999599456787 -0.5879999995231628 2.635999917984009
1.002000093460083 -0.5460000038146973 2.677999973297119
1.4040000438690186 -0.09599995613098145 2.75
-0.3240000009536743 -0.21599996089935303 1.8140000104904175
1.380000114440918 -0.1499999761581421 2.75
1.1159999370574951 -0.24599993228912354 2.76200008392334
1.1159999370574951 -0.9179999828338623 2.4800000190734863
1.1100001335144043 -1.0019999742507935 2.4140000343322754
1.002000093460083 -0.41999995708465576 2.7200000286102295
1.3980000019073486 -0.9120000004768372 2.450000047683716
-0.4440000057220459 -0.03600001335144043 1.4300000667572021
1.128000020980835 -1.0019999742507935 2.4140000343322754
0.9779999256134033 -0.4739999771118164 2.7019999027252197
0.437999963760376 -0.6359999775886536 2.4800000190734863
0.6180000305175781 -0.8700000047683716 2.4200000762939453
1.1519999504089355 -1.0019999742507935 2.4140000343322754
0.9720001220703125 -0.4739999771118164 2.7019999027252197
1.4160001277923584 -0.07200002670288086 2.75
0.9300000667572021 -0.671999990940094 2.618000030517578
1.0260000228881836 -0.4859999418258667 2.7019999027252197
1.2839999198913574 -0.12000000476837158 2.7680001258850098
-0.4440000057220459 0.11399996280670166 1.027999997138977
0.9839999675750732 -0.5460000038146973 2.677999973297119
1.002000093460083 -0.4440000057220459 2.7139999866485596
1.187999963760376 -0.1979999542236328 2.7680001258850098
1.0439999103546143 -1.0019999742507935 2.4140000343322754
1.4520001411437988 -0.9419999718666077 2.4140000343322754
0.9779999256134033 -0.3960000276565552 2.7260000705718994
0.8039999008178711 -0.9120000004768372 2.450000047683716
1.4040000438690186 -0.9120000004768372 2.450000047683716
1.0980000495910645 -0.9599999785423279 2.450000047683716
0.9240000247955322 -0.6959999799728394 2.6059999465942383
1.1040000915527344 -0.9900000095367432 2.4260001182556152
0.6059999465942383 -0.8219999670982361 2.450000047683716
0.630000114440918 -0.8700000047683716 2.4260001182556152
1.055999994277954 -0.4140000343322754 2.7260000705718994
1.4040000438690186 -0.12000000476837158 2.75
0.9839999675750732 -0.49800002574920654 2.696000099182129
1.1040000915527344 -0.7739999890327454 2.5759999752044678
0.9779999256134033 -0.41999995708465576 2.7200000286102295
1.2960000038146973 -0.972000002861023 2.4260001182556152
0.7019999027252197 -0.906000018119812 2.4260001182556152
-0.3240000009536743 -0.1979999542236328 1.8259999752044678
1.1040000915527344 -0.7199999690055847 2.6059999465942383
1.0859999656677246 -0.8880000114440918 2.503999948501587
1.3919999599456787 -0.07200002670288086 2.75600004196167
1.308000087738037 -0.09599995613098145 2.7680001258850098
1.002000093460083 -0.6119999885559082 2.6540000438690186
-0.3960000276565552 0.22200000286102295 0.8300000429153442
1.4760000705718994 -0.07200002670288086 2.73799991607666
0.9360001087188721 -0.7979999780654907 2.552000045776367
0.9720001220703125 -0.41999995708465576 2.7200000286102295
1.1040000915527344 -0.3240000009536743 2.75
1.4040000438690186 -0.13199996948242188 2.75
0.5999999046325684 -0.7739999890327454 2.4800000190734863
1.1700000762939453 -0.6179999709129333 2.6540000438690186
1.0799999237060547 -0.3240000009536743 2.75
1.2120001316070557 -0.1499999761581421 2.7739999294281006
1.2000000476837158 -1.0019999742507935 2.4140000343322754
-0.4440000057220459 0.12000000476837158 1.0160000324249268
0.5039999485015869 -0.6480000019073486 2.509999990463257
1.3500001430511475 -0.9839999675750732 2.4079999923706055
1.055999994277954 -0.3240000009536743 2.75
1.1760001182556152 -0.17400002479553223 2.7739999294281006
1.4160001277923584 -0.5999999642372131 2.630000114440918
1.0439999103546143 -0.41999995708465576 2.7260000705718994
1.1040000915527344 -0.6240000128746033 2.6540000438690186
1.0980000495910645 -0.6240000128746033 2.6540000438690186
0.9660000801086426 -0.4440000057220459 2.7139999866485596
1.128000020980835 -0.6240000128746033 2.6540000438690186
1.1700000762939453 -0.1799999475479126 2.7739999294281006
1.4579999446868896 -0.07200002670288086 2.74399995803833
-0.4440000057220459 -0.04799997806549072 1.4539999961853027
1.0740001201629639 -0.26999998092651367 2.76200008392334
1.0320000648498535 -0.3240000009536743 2.75
1.2599999904632568 -0.12000000476837158 2.7739999294281006
1.2300000190734863 -0.1499999761581421 2.7739999294281006
0.9660000801086426 -0.8640000224113464 2.5160000324249268
1.0499999523162842 -0.2999999523162842 2.75600004196167
1.434000015258789 -0.07200002670288086 2.75
1.0439999103546143 -0.9240000247955322 2.4800000190734863
0.5999999046325684 -0.7379999756813049 2.503999948501587
1.4279999732971191 -0.09599995613098145 2.75
0.6779999732971191 -0.8999999761581421 2.4260001182556152
1.1100001335144043 -0.7260000109672546 2.6059999465942383
1.0439999103546143 -0.6240000128746033 2.6540000438690186
1.3500001430511475 -0.972000002861023 2.4200000762939453
0.9720001220703125 -0.5220000147819519 2.690000057220459
-0.4440000057220459 0.1260000467300415 1.003999948501587
0.9720001220703125 -0.5699999928474426 2.671999931335449
0.9600000381469727 -0.8460000157356262 2.5280001163482666
1.2300000190734863 -1.0019999742507935 2.4140000343322754
0.6180000305175781 -0.8700000047683716 2.4260001182556152
1.4279999732971191 -0.9419999718666077 2.4260001182556152
0.48600006103515625 -0.6480000019073486 2.503999948501587
1.002000093460083 -0.34800004959106445 2.74399995803833
-0.41999995708465576 0.19200003147125244 0.9020000100135803
1.3859999179840088 -0.9480000138282776 2.432000160217285
0.6059999465942383 -0.7440000176429749 2.503999948501587
1.4160001277923584 -0.04799997806549072 2.75600004196167
1.0980000495910645 -0.24599993228912354 2.7680001258850098
1.2899999618530273 -0.09599995613098145 2.7739999294281006
1.002000093460083 -0.41999995708465576 2.7260000705718994
1.3440001010894775 -0.07200002670288086 2.7680001258850098
1.055999994277954 -0.3359999656677246 2.75
-0.4440000057220459 -0.054000020027160645 1.4660000801086426
0.7799999713897705 -0.9120000004768372 2.450000047683716
1.002000093460083 -0.49800002574920654 2.7019999027252197
1.1159999370574951 -0.6299999952316284 2.6540000438690186
-0.3240000009536743 -0.26999998092651367 1.8079999685287476
0.9779999256134033 -0.9120000004768372 2.4860000610351562
0.9779999256134033 -0.6179999709129333 2.6540000438690186
1.4279999732971191 -0.12000000476837158 2.75
0.9779999256134033 -0.3179999589920044 2.75
1.0439999103546143 -0.9959999918937683 2.4260001182556152
0.4020000696182251 -0.6359999775886536 2.4679999351501465
1.3500001430511475 -0.07200002670288086 2.7680001258850098
0.9779999256134033 -0.37199997901916504 2.73799991607666
1.4279999732971191 -0.1260000467300415 2.75
1.0260000228881836 -0.5699999928474426 2.677999973297119
1.3919999599456787 -0.04799997806549072 2.76200008392334
-0.41999995708465576 -0.10199999809265137 1.5800000429153442
-0.4620000123977661 0.006000041961669922 1.3280000686645508
1.253999948501587 -1.0019999742507935 2.4140000343322754
-0.3240000009536743 -0.2760000228881836 1.8079999685287476
0.9720001220703125 -0.37199997901916504 2.73799991607666
1.187999963760376 -0.1499999761581421 2.7799999713897705
-0.3359999656677246 -0.1499999761581421 1.8259999752044678
0.9720001220703125 -0.8880000114440918 2.503999948501587
1.2300000190734863 -0.12000000476837158 2.7799999713897705
0.9779999256134033 -0.41999995708465576 2.7260000705718994
1.4219999313354492 -0.9480000138282776 2.4260001182556152
1.4760000705718994 -0.9359999895095825 2.4200000762939453
1.4040000438690186 -0.9539999961853027 2.4260001182556152
0.9779999256134033 -0.49800002574920654 2.7019999027252197
1.2179999351501465 -0.6240000128746033 2.6540000438690186
1.1400001049041748 -0.7319999933242798 2.6059999465942383
-0.3359999656677246 -0.156000018119812 1.8259999752044678
1.2000000476837158 -0.1499999761581421 2.7799999713897705
1.4279999732971191 -0.04799997806549072 2.75600004196167
-0.4440000057220459 -0.059999942779541016 1.4779999256134033
0.4200000762939453 -0.6359999775886536 2.4800000190734863
1.2000000476837158 -0.9959999918937683 2.4260001182556152
0.6779999732971191 -0.906000018119812 2.4260001182556152
1.002000093460083 -0.5699999928474426 2.677999973297119
1.4520001411437988 -0.07200002670288086 2.75
1.1400001049041748 -0.22200000286102295 2.7739999294281006
-0.437999963760376 0.1499999761581421 0.9559999704360962
1.2599999904632568 -0.09599995613098145 2.7799999713897705
1.128000020980835 -0.8640000224113464 2.5280001163482666
0.9600000381469727 -0.3960000276565552 2.7320001125335693
1.3440001010894775 -0.972000002861023 2.4260001182556152
0.9779999256134033 -0.2999999523162842 2.75600004196167
0.5999999046325684 -0.7860000133514404 2.4800000190734863
1.1579999923706055 -0.17400002479553223 2.7799999713897705
1.008000135421753 -0.4320000410079956 2.7260000705718994
0.9600000381469727 -0.41999995708465576 2.7260000705718994
1.1519999504089355 -0.6359999775886536 2.6540000438690186
0.9600000381469727 -0.49800002574920654 2.7019999027252197
1.1760001182556152 -0.17400002479553223 2.7799999713897705
-0.4440000057220459 0.1380000114440918 0.9800000190734863
1.49399995803833 -0.9240000247955322 2.4260001182556152
1.3500001430511475 -0.972000002861023 2.4260001182556152
1.253999948501587 -0.12000000476837158 2.7799999713897705
1.2780001163482666 -1.0019999742507935 2.4140000343322754
1.374000072479248 -0.04799997806549072 2.7680001258850098
1.0260000228881836 -0.34800004959106445 2.75
1.4520001411437988 -0.09599995613098145 2.75
1.1040000915527344 -0.6899999976158142 2.630000114440918
0.9240000247955322 -0.7260000109672546 2.5999999046325684
1.0439999103546143 -0.972000002861023 2.450000047683716
1.4639999866485596 -0.04799997806549072 2.75
0.9779999256134033 -0.5699999928474426 2.677999973297119
1.4520001411437988 -0.10199999809265137 2.75
1.2300000190734863 -0.1499999761581421 2.7799999713897705
1.0439999103546143 -1.0019999742507935 2.4260001182556152
1.2780001163482666 -0.09599995613098145 2.7799999713897705
1.0260000228881836 -0.6359999775886536 2.6540000438690186
1.2000000476837158 -0.17400002479553223 2.7799999713897705
0.9360001087188721 -0.7739999890327454 2.5759999752044678
1.0199999809265137 -0.6359999775886536 2.6540000438690186
-0.33000004291534424 -0.22200000286102295 1.8259999752044678
0.9539999961853027 -0.6240000128746033 2.6540000438690186
0.9779999256134033 -0.4320000410079956 2.7260000705718994
-0.41999995708465576 0.19800007343292236 0.878000020980835
1.2960000038146973 -0.07200002670288086 2.7799999713897705
1.002000093460083 -0.34800004959106445 2.75
0.6059999465942383 -0.8399999737739563 2.450000047683716
1.1459999084472656 -0.1979999542236328 2.7799999713897705
-0.33000004291534424 -0.19200003147125244 1.8380000591278076
1.1519999504089355 -0.1979999542236328 2.7799999713897705
1.49399995803833 -0.04799997806549072 2.74399995803833
-0.33000004291534424 -0.1499999761581421 1.850000023841858
1.2300000190734863 -0.16199994087219238 2.7799999713897705
0.6540000438690186 -0.8999999761581421 2.4260001182556152
0.9600000381469727 -0.5699999928474426 2.677999973297119
1.0980000495910645 -0.8700000047683716 2.5280001163482666
1.1100001335144043 -0.8700000047683716 2.5280001163482666
0.9300000667572021 -0.7199999690055847 2.6059999465942383
0.9779999256134033 -0.5099999904632568 2.7019999027252197
1.253999948501587 -0.14399993419647217 2.7799999713897705
1.002000093460083 -0.3240000009536743 2.75600004196167
1.2060000896453857 -0.12000000476837158 2.7860000133514404
-0.41999995708465576 0.20399999618530273 0.878000020980835
1.2839999198913574 -0.9900000095367432 2.4260001182556152
1.3020000457763672 -0.07200002670288086 2.7799999713897705
1.1579999923706055 -0.1499999761581421 2.7860000133514404
1.2000000476837158 -1.0019999742507935 2.4260001182556152
1.2780001163482666 -0.12000000476837158 2.7799999713897705
1.1040000915527344 -0.8339999914169312 2.552000045776367
1.2360000610351562 -0.09599995613098145 2.7860000133514404
1.1760001182556152 -0.1979999542236328 2.7799999713897705
0.624000072479248 -0.8939999938011169 2.4200000762939453
0.9240000247955322 -0.7199999690055847 2.6059999465942383
0.9539999961853027 -0.5999999642372131 2.6660001277923584
0.75 -0.9120000004768372 2.450000047683716
-0.3960000276565552 0.24000000953674316 0.800000011920929
1.2300000190734863 -0.6060000061988831 2.6660001277923584
0.8280000686645508 -0.6899999976158142 2.6059999465942383
1.002000093460083 -0.2999999523162842 2.76200008392334
1.2000000476837158 -0.19200003147125244 2.7799999713897705
0.9779999256134033 -0.34800004959106445 2.75
1.4760000705718994 -0.04799997806549072 2.75
0.9479999542236328 -0.5999999642372131 2.6660001277923584
1.3020000457763672 -0.09599995613098145 2.7799999713897705
0.9300000667572021 -0.6240000128746033 2.6540000438690186
0.9720001220703125 -0.34800004959106445 2.75
1.4279999732971191 -0.023999929428100586 2.76200008392334
0.9479999542236328 -0.8219999670982361 2.552000045776367
0.9360001087188721 -0.6779999732971191 2.630000114440918
-0.41999995708465576 -0.11399996280670166 1.6039999723434448
0.9119999408721924 -0.671999990940094 2.630000114440918
1.3020000457763672 -0.9599999785423279 2.450000047683716
1.1159999370574951 -0.7979999780654907 2.5759999752044678
1.4760000705718994 -0.07200002670288086 2.75
1.0260000228881836 -0.3659999370574951 2.75
1.1760001182556152 -0.21000003814697266 2.7799999713897705
-0.34800004959106445 -0.1499999761581421 1.8140000104904175
1.4579999446868896 -0.023999929428100586 2.75600004196167
1.121999979019165 -0.22200000286102295 2.7799999713897705
1.4760000705718994 -0.07799994945526123 2.75
1.1340000629425049 -0.22200000286102295 2.7799999713897705
1.1519999504089355 -0.8460000157356262 2.5460000038146973
1.1459999084472656 -0.17400002479553223 2.7860000133514404
-0.4140000343322754 -0.12000000476837158 1.628000020980835
0.9479999542236328 -0.4739999771118164 2.7139999866485596
1.308000087738037 -0.10199999809265137 2.7799999713897705
-0.26999998092651367 0.6779999732971191 1.6039999723434448
-0.3960000276565552 0.25199997425079346 0.800000011920929
-0.33000004291534424 -0.24599993228912354 1.8259999752044678
1.380000114440918 -0.972000002861023 2.4260001182556152
0.9660000801086426 -0.3240000009536743 2.75600004196167
1.1519999504089355 -0.22200000286102295 2.7799999713897705
0.9539999961853027 -0.5460000038146973 2.690000057220459
-0.26999998092651367 0.6719999313354492 1.6160000562667847
0.6540000438690186 -0.906000018119812 2.4260001182556152
0.9720001220703125 -0.2999999523162842 2.76200008392334
1.3259999752044678 -0.07200002670288086 2.7799999713897705
0.9300000667572021 -0.6420000195503235 2.6480000019073486
-0.26999998092651367 0.7079999446868896 1.5499999523162842
1.4579999446868896 -0.9480000138282776 2.4260001182556152
1.3259999752044678 -0.07799994945526123 2.7799999713897705
1.314000129699707 -0.9900000095367432 2.4260001182556152
1.1519999504089355 -0.22800004482269287 2.7799999713897705
-0.4739999771118164 0.03600001335144043 1.2260000705718994
1.3380000591278076 -0.04799997806549072 2.7799999713897705
-0.34800004959106445 -0.12000000476837158 1.8259999752044678
-0.4739999771118164 0.04200005531311035 1.2079999446868896
1.128000020980835 -0.23399996757507324 2.7799999713897705
-0.26999998092651367 0.6480000019073486 1.6579999923706055
1.1760001182556152 -0.12000000476837158 2.7920000553131104
-0.3359999656677246 -0.11399996280670166 1.8560000658035278
0.9539999961853027 -0.4440000057220459 2.7260000705718994
-0.4739999771118164 0.024000048637390137 1.2739999294281006
-0.4440000057220459 -0.07799994945526123 1.5199999809265137
-0.34800004959106445 -0.17400002479553223 1.8140000104904175
-0.26999998092651367 0.7079999446868896 1.555999994277954
-0.26999998092651367 0.6960000991821289 1.5800000429153442
-0.4739999771118164 0.04799997806549072 1.1779999732971191
0.9360001087188721 -0.5460000038146973 2.690000057220459
-0.4739999771118164 0.024000048637390137 1.2799999713897705
1.002000093460083 -0.37199997901916504 2.75
1.4160001277923584 -0.023999929428100586 2.7680001258850098
1.2179999351501465 -0.09599995613098145 2.7920000553131104
0.9960000514984131 -0.37199997901916504 2.75
-0.4440000057220459 0.1679999828338623 0.9500000476837158
-0.34800004959106445 -0.1979999542236328 1.8079999685287476
1.002000093460083 -0.593999981880188 2.677999973297119
0.7439999580383301 -0.9179999828338623 2.450000047683716
1.1400001049041748 -0.6299999952316284 2.6660001277923584
1.2660000324249268 -1.0019999742507935 2.4260001182556152
-0.4440000057220459 -0.07799994945526123 1.5260000228881836
1.3500001430511475 -0.04799997806549072 2.7799999713897705
1.1040000915527344 -0.24599993228912354 2.7799999713897705
-0.4739999771118164 0.011999964714050293 1.3040000200271606
1.1459999084472656 -0.1499999761581421 2.7920000553131104
0.9660000801086426 -0.8700000047683716 2.5280001163482666
-0.4739999771118164 0.060000061988830566 1.1540000438690186
0.9539999961853027 -0.5220000147819519 2.7019999027252197
1.0799999237060547 -0.24599993228912354 2.7799999713897705
-0.26999998092651367 0.6719999313354492 1.628000020980835
1.1100001335144043 -0.7080000042915344 2.630000114440918
1.0740001201629639 -0.24599993228912354 2.7799999713897705
-0.41999995708465576 0.21000003814697266 0.8539999723434448
1.0320000648498535 -0.5999999642372131 2.677999973297119
0.9060001373291016 -0.6420000195503235 2.6480000019073486
0.9300000667572021 -0.49800002574920654 2.7079999446868896
1.4760000705718994 -0.023999929428100586 2.75600004196167
0.9539999961853027 -0.6420000195503235 2.6540000438690186
1.002000093460083 -0.37800002098083496 2.75
1.380000114440918 -0.9779999852180481 2.4260001182556152
1.4760000705718994 0.04200005531311035 2.75600004196167
1.3500001430511475 -0.06599998474121094 2.7799999713897705
0.630000114440918 -0.8999999761581421 2.4260001182556152
-0.26999998092651367 0.6419999599456787 1.6759999990463257
0.9240000247955322 -0.49800002574920654 2.7079999446868896
1.2780001163482666 -1.0019999742507935 2.4260001182556152
0.9300000667572021 -0.4440000057220459 2.7260000705718994
1.1340000629425049 -0.8460000157356262 2.552000045776367
1.2599999904632568 -0.07200002670288086 2.7920000553131104
-0.26999998092651367 0.7019999027252197 1.5800000429153442
1.0380001068115234 -0.9480000138282776 2.4800000190734863
1.2000000476837158 -0.5999999642372131 2.677999973297119
-0.26999998092651367 0.6600000858306885 1.6519999504089355
1.3980000019073486 -0.023999929428100586 2.7739999294281006
-0.4739999771118164 0.07200002670288086 1.1299999952316284
1.4760000705718994 -0.9480000138282776 2.4260001182556152
-0.4739999771118164 0.07200002670288086 1.124000072479248
1.0799999237060547 -0.2580000162124634 2.7799999713897705
0.9300000667572021 -0.6660000085830688 2.6419999599456787
1.3440001010894775 -0.9900000095367432 2.4260001182556152
0.4500000476837158 -0.6480000019073486 2.503999948501587
1.0199999809265137 -1.0080000162124634 2.432000160217285
1.3680000305175781 -0.9839999675750732 2.4260001182556152
1.0980000495910645 -0.22200000286102295 2.7860000133514404
0.9960000514984131 -0.38399994373321533 2.75
1.055999994277954 -0.9179999828338623 2.503999948501587
0.6059999465942383 -0.7739999890327454 2.503999948501587
0.9179999828338623 -0.6240000128746033 2.6600000858306885
0.9300000667572021 -0.5699999928474426 2.684000015258789
0.9300000667572021 -0.5220000147819519 2.7019999027252197
0.9779999256134033 -0.8939999938011169 2.5160000324249268
0.624000072479248 -0.8999999761581421 2.4260001182556152
0.9960000514984131 -0.9300000071525574 2.492000102996826
-0.34800004959106445 -0.22200000286102295 1.8079999685287476
-0.4739999771118164 -0.006000041961669922 1.3459999561309814
0.9539999961853027 -0.37199997901916504 2.75
1.4040000438690186 -0.593999981880188 2.6540000438690186
0.9900000095367432 -0.6420000195503235 2.6600000858306885
0.9300000667572021 -0.6420000195503235 2.6540000438690186
1.4879999160766602 0.0 2.75600004196167
0.9240000247955322 -0.7379999756813049 2.6059999465942383
-0.33000004291534424 -0.26999998092651367 1.8320000171661377
1.1340000629425049 -0.7020000219345093 2.635999917984009
1.374000072479248 -0.023999929428100586 2.7799999713897705
0.9240000247955322 -0.5699999928474426 2.684000015258789
-0.4440000057220459 0.17400002479553223 0.9320000410079956
-0.4739999771118164 -0.006000041961669922 1.3519999980926514
-0.3359999656677246 -0.1679999828338623 1.8560000658035278
0.9479999542236328 -0.10800004005432129 2.7920000553131104
-0.4679999351501465 0.10199999809265137 1.0520000457763672
0.9779999256134033 -0.5999999642372131 2.677999973297119
-0.3539999723434448 -0.12000000476837158 1.8259999752044678
-0.4620000123977661 -0.04799997806549072 1.4539999961853027
-0.2760000228881836 0.6960000991821289 1.5800000429153442
0.9539999961853027 -0.5339999794960022 2.7019999027252197
-0.34800004959106445 -0.24599993228912354 1.8020000457763672
-0.4739999771118164 0.08399999141693115 1.100000023841858
0.630000114440918 -0.906000018119812 2.4260001182556152
-0.437999963760376 0.18599998950958252 0.9020000100135803
1.128000020980835 -0.7619999647140503 2.6059999465942383
1.4700000286102295 0.0 2.76200008392334
1.1700000762939453 -0.6119999885559082 2.677999973297119
1.055999994277954 -0.26999998092651367 2.7799999713897705
-0.3359999656677246 -0.1979999542236328 1.850000023841858
0.4559999704360962 -0.6599999666213989 2.503999948501587
0.9360001087188721 -0.3960000276565552 2.74399995803833
1.380000114440918 -0.04799997806549072 2.7799999713897705
0.9240000247955322 -0.4739999771118164 2.7200000286102295
1.1100001335144043 -0.1979999542236328 2.7920000553131104
-0.4440000057220459 0.18000006675720215 0.9259999990463257
1.3020000457763672 -0.04799997806549072 2.7920000553131104
1.3859999179840088 -0.023999929428100586 2.7799999713897705
1.380000114440918 -0.059999942779541016 2.7799999713897705
1.4279999732971191 -0.5879999995231628 2.6540000438690186
0.9479999542236328 -0.8399999737739563 2.552000045776367
0.5039999485015869 -0.6480000019073486 2.5339999198913574
0.9539999961853027 -0.8219999670982361 2.564000129699707
-0.4739999771118164 -0.018000006675720215 1.375999927520752
1.055999994277954 -0.6299999952316284 2.671999931335449
-0.26999998092651367 0.7260000705718994 1.5499999523162842
0.9539999961853027 -0.4679999351501465 2.7260000705718994
0.9300000667572021 -0.7979999780654907 2.5759999752044678
1.055999994277954 -0.2760000228881836 2.7799999713897705
0.9539999961853027 -0.5999999642372131 2.677999973297119
-0.3539999723434448 -0.14399993419647217 1.8259999752044678
1.128000020980835 -0.6179999709129333 2.677999973297119
1.0260000228881836 -0.26999998092651367 2.7799999713897705
0.9300000667572021 -0.41999995708465576 2.73799991607666
1.062000036239624 -0.6179999709129333 2.677999973297119
1.247999906539917 -0.07200002670288086 2.7980000972747803
0.9000000953674316 -0.6420000195503235 2.6540000438690186
0.9179999828338623 -0.5460000038146973 2.696000099182129
0.08399999141693115 -0.09000003337860107 2.432000160217285
-0.4739999771118164 0.09599995613098145 1.0759999752044678
-0.26999998092651367 0.7260000705718994 1.555999994277954
1.2420001029968262 -0.6060000061988831 2.677999973297119
1.0260000228881836 -0.9240000247955322 2.503999948501587
1.4279999732971191 0.0 2.7739999294281006
0.9060001373291016 -0.6959999799728394 2.630000114440918
0.07800006866455078 -0.10800004005432129 2.4260001182556152
1.002000093460083 -0.26999998092651367 2.7799999713897705
1.0320000648498535 -0.6179999709129333 2.677999973297119
1.0439999103546143 -0.9959999918937683 2.450000047683716
0.48000001907348633 -0.6660000085830688 2.5160000324249268
-0.4739999771118164 0.09599995613098145 1.0699999332427979
1.0980000495910645 -0.8939999938011169 2.5280001163482666
0.6059999465942383 -0.8219999670982361 2.4800000190734863
-0.41999995708465576 0.22200000286102295 0.8300000429153442
1.4279999732971191 -0.9599999785423279 2.437999963760376
0.8280000686645508 -0.9120000004768372 2.4860000610351562
0.5039999485015869 -0.6539999842643738 2.5339999198913574
0.6119999885559082 -0.8700000047683716 2.450000047683716
-0.28199994564056396 0.6419999599456787 1.6640000343322754
0.9539999961853027 -0.8460000157356262 2.552000045776367
1.1159999370574951 -0.17400002479553223 2.7980000972747803
1.1100001335144043 -0.6240000128746033 2.677999973297119
0.9900000095367432 -0.26999998092651367 2.7799999713897705
0.9300000667572021 -0.75 2.6059999465942383
-0.34800004959106445 -0.26999998092651367 1.8020000457763672
0.9179999828338623 -0.4440000057220459 2.7320001125335693
0.9300000667572021 -0.5999999642372131 2.677999973297119
-0.4440000057220459 -0.09599995613098145 1.562000036239624
-0.4739999771118164 -0.029999971389770508 1.4000000953674316
1.002000093460083 -0.9240000247955322 2.503999948501587
-0.41999995708465576 0.22800004482269287 0.8300000429153442
1.3320000171661377 -0.023999929428100586 2.7920000553131104
1.4040000438690186 -0.023999929428100586 2.7799999713897705
1.4040000438690186 -0.029999971389770508 2.7799999713897705
0.9539999961853027 -0.3960000276565552 2.75
0.38999998569488525 -0.6480000019073486 2.4800000190734863
1.2839999198913574 -0.04799997806549072 2.7980000972747803
1.181999921798706 -0.09599995613098145 2.803999900817871
1.002000093460083 -0.6179999709129333 2.677999973297119
-0.4140000343322754 0.26999998092651367 0.8300000429153442
-0.34800004959106445 -0.2879999876022339 1.7960000038146973
1.1159999370574951 -0.8519999980926514 2.558000087738037
-0.28199994564056396 0.7079999446868896 1.555999994277954
1.1519999504089355 -0.12000000476837158 2.803999900817871
0.9720001220703125 -0.8880000114440918 2.5280001163482666
0.48000001907348633 -0.6480000019073486 2.5280001163482666
0.8940000534057617 -0.6480000019073486 2.6540000438690186
-0.4259999990463257 -0.12000000476837158 1.6340000629425049
0.7019999027252197 -0.9179999828338623 2.450000047683716
1.2000000476837158 -0.09599995613098145 2.803999900817871
0.9300000667572021 -0.4739999771118164 2.7260000705718994
0.9419999122619629 -0.34800004959106445 2.76200008392334
0.9779999256134033 -0.9240000247955322 2.503999948501587
1.1100001335144043 -0.7739999890327454 2.6059999465942383
1.2239999771118164 -0.07200002670288086 2.803999900817871
1.0260000228881836 -0.2940000295639038 2.7799999713897705
0.9539999961853027 -0.40199995040893555 2.75
1.1760001182556152 -0.12000000476837158 2.803999900817871
-0.37199997901916504 -0.10800004005432129 1.8020000457763672
1.1159999370574951 -0.6299999952316284 2.677999973297119
0.9360001087188721 -0.37199997901916504 2.75600004196167
1.4160001277923584 0.0 2.7799999713897705
1.2300000190734863 -0.07200002670288086 2.803999900817871
0.624000072479248 -0.906000018119812 2.432000160217285
1.1340000629425049 -0.6299999952316284 2.677999973297119
1.2000000476837158 -0.10800004005432129 2.803999900817871
0.9300000667572021 -0.5460000038146973 2.7019999027252197
1.0920000076293945 -0.1979999542236328 2.7980000972747803
0.8940000534057617 -0.6240000128746033 2.6660001277923584
1.128000020980835 -0.9959999918937683 2.4559998512268066
0.9419999122619629 -0.7020000219345093 2.635999917984009
0.9300000667572021 -0.3960000276565552 2.75
-0.4440000057220459 -0.10199999809265137 1.5740000009536743
1.121999979019165 -0.1499999761581421 2.803999900817871
1.1519999504089355 -0.14399993419647217 2.803999900817871
1.128000020980835 -0.1499999761581421 2.803999900817871
1.2300000190734863 -0.09000003337860107 2.803999900817871
0.8340001106262207 -0.7619999647140503 2.5880000591278076
0.9300000667572021 -0.48000001907348633 2.7260000705718994
0.9000000953674316 -0.5220000147819519 2.7079999446868896
0.9000000953674316 -0.5999999642372131 2.677999973297119
1.314000129699707 -0.023999929428100586 2.7980000972747803
1.0139999389648438 -0.2999999523162842 2.7799999713897705
-0.2760000228881836 0.7260000705718994 1.555999994277954
0.4259999990463257 -0.6480000019073486 2.503999948501587
1.2599999904632568 -0.04799997806549072 2.803999900817871
-0.4739999771118164 -0.0419999361038208 1.4300000667572021
1.1760001182556152 -0.14399993419647217 2.803999900817871
-0.34800004959106445 -0.2940000295639038 1.8020000457763672
0.8940000534057617 -0.5999999642372131 2.677999973297119
1.008000135421753 -0.9480000138282776 2.492000102996826
-0.4440000057220459 -0.10199999809265137 1.5800000429153442
1.253999948501587 -0.07200002670288086 2.803999900817871
0.9300000667572021 -0.5519999861717224 2.7019999027252197
0.9779999256134033 -0.6240000128746033 2.677999973297119
1.253999948501587 -0.07799994945526123 2.803999900817871
1.4279999732971191 0.0 2.7799999713897705
-0.4739999771118164 0.11399996280670166 1.027999997138977
1.4279999732971191 -0.011999964714050293 2.7799999713897705
0.9119999408721924 -0.3960000276565552 2.75
1.3259999752044678 0.0 2.7980000972747803
0.9779999256134033 -0.2940000295639038 2.7799999713897705
0.8340001106262207 -0.6480000019073486 2.6480000019073486
-0.34200000762939453 -0.22200000286102295 1.850000023841858
0.9000000953674316 -0.4739999771118164 2.7260000705718994
0.9539999961853027 -0.09000003337860107 2.803999900817871
1.0260000228881836 -0.24599993228912354 2.7920000553131104
1.1040000915527344 -0.17400002479553223 2.803999900817871
1.128000020980835 -0.17400002479553223 2.803999900817871
1.2780001163482666 -0.04799997806549072 2.803999900817871
0.9000000953674316 -0.5460000038146973 2.7019999027252197
1.2780001163482666 -0.054000020027160645 2.803999900817871
0.060000061988830566 -0.10800004005432129 2.4200000762939453
1.0740001201629639 -0.22200000286102295 2.7980000972747803
0.6059999465942383 -0.7979999780654907 2.503999948501587
1.194000005722046 -0.6060000061988831 2.690000057220459
0.4320000410079956 -0.6599999666213989 2.503999948501587
1.008000135421753 -0.24599993228912354 2.7920000553131104
1.128000020980835 -0.1799999475479126 2.803999900817871
-0.28199994564056396 0.7260000705718994 1.5440000295639038
0.8880000114440918 -0.6959999799728394 2.635999917984009
1.2899999618530273 -0.023999929428100586 2.803999900817871
1.128000020980835 -0.12000000476837158 2.809999942779541
-0.2879999876022339 0.7200000286102295 1.5320000648498535
0.8880000114440918 -0.7199999690055847 2.624000072479248
0.9539999961853027 -0.6240000128746033 2.677999973297119
0.9000000953674316 -0.41999995708465576 2.74399995803833
-0.4859999418258667 -0.006000041961669922 1.3519999980926514
1.4639999866485596 0.04200005531311035 2.7739999294281006
0.9660000801086426 -0.2999999523162842 2.7799999713897705
0.4020000696182251 -0.6539999842643738 2.492000102996826
0.9779999256134033 -0.8640000224113464 2.552000045776367
-0.4739999771118164 0.12000000476837158 1.0099999904632568
1.380000114440918 0.0 2.7920000553131104
0.9539999961853027 -0.12000000476837158 2.803999900817871
0.9300000667572021 -0.4140000343322754 2.75
0.8880000114440918 -0.5460000038146973 2.7019999027252197
0.6779999732971191 -0.9179999828338623 2.450000047683716
-0.34200000762939453 -0.24000000953674316 1.850000023841858
0.9539999961853027 -0.1260000467300415 2.803999900817871
1.3020000457763672 -0.023999929428100586 2.803999900817871
0.9960000514984131 -0.6359999775886536 2.677999973297119
1.2420001029968262 -0.04799997806549072 2.809999942779541
0.9419999122619629 -0.3240000009536743 2.7739999294281006
-0.4440000057220459 0.19800007343292236 0.878000020980835
1.0260000228881836 -0.972000002861023 2.4800000190734863
0.9179999828338623 -0.671999990940094 2.6540000438690186
1.1040000915527344 -0.1979999542236328 2.803999900817871
-0.4919999837875366 0.04799997806549072 1.1779999732971191
1.0199999809265137 -0.972000002861023 2.4800000190734863
-0.4739999771118164 0.1260000467300415 1.003999948501587
1.3020000457763672 -0.04799997806549072 2.803999900817871
0.9419999122619629 -0.12000000476837158 2.803999900817871
1.0799999237060547 -0.1979999542236328 2.803999900817871
-0.4739999771118164 -0.054000020027160645 1.4600000381469727
1.446000099182129 0.03600001335144043 2.7799999713897705
-0.34200000762939453 -0.2999999523162842 1.8259999752044678
0.8940000534057617 -0.6660000085830688 2.6540000438690186
-0.4440000057220459 0.20399999618530273 0.878000020980835
0.9539999961853027 -0.6299999952316284 2.677999973297119
0.054000020027160645 -0.09599995613098145 2.4200000762939453
0.9300000667572021 -0.6240000128746033 2.677999973297119
1.314000129699707 0.0 2.803999900817871
0.9119999408721924 -0.156000018119812 2.7980000972747803
0.8819999694824219 -0.49800002574920654 2.7200000286102295
1.0260000228881836 -0.9419999718666077 2.503999948501587
0.8880000114440918 -0.4440000057220459 2.73799991607666
-0.41999995708465576 0.24000000953674316 0.800000011920929
0.9960000514984131 -0.22200000286102295 2.7980000972747803
0.9240000247955322 -0.34800004959106445 2.7680001258850098
0.8940000534057617 -0.5699999928474426 2.696000099182129
-0.41999995708465576 0.25199997425079346 0.8059999942779541
0.9300000667572021 -0.8219999670982361 2.5759999752044678
1.4520001411437988 0.0 2.7799999713897705
1.4520001411437988 -0.011999964714050293 2.7799999713897705
0.9600000381469727 -0.828000009059906 2.5759999752044678
0.07800006866455078 -0.13199996948242188 2.437999963760376
0.9179999828338623 -0.37199997901916504 2.76200008392334
0.6119999885559082 -0.8460000157356262 2.4800000190734863
1.1100001335144043 -0.21000003814697266 2.803999900817871
-0.37199997901916504 -0.1499999761581421 1.8140000104904175
0.9479999542236328 -0.14399993419647217 2.803999900817871
-0.2940000295639038 0.6660001277923584 1.628000020980835
1.3619999885559082 0.0 2.7980000972747803
0.9240000247955322 -0.8219999670982361 2.5759999752044678
-0.37199997901916504 -0.17400002479553223 1.8079999685287476
0.3840000629425049 -0.6539999842643738 2.4860000610351562
0.9000000953674316 -0.7199999690055847 2.630000114440918
0.8340001106262207 -0.6480000019073486 2.6540000438690186
0.8039999008178711 -0.9240000247955322 2.4860000610351562
0.9300000667572021 -0.4259999990463257 2.75
-0.4320000410079956 0.22200000286102295 0.8300000429153442
-0.4440000057220459 -0.11399996280670166 1.6039999723434448
0.8399999141693115 -0.8579999804496765 2.5399999618530273
1.3259999752044678 -0.023999929428100586 2.803999900817871
1.0260000228881836 -1.0139999389648438 2.450000047683716
1.1459999084472656 -0.09599995613098145 2.815999984741211
0.9300000667572021 -0.7739999890327454 2.6059999465942383
1.1519999504089355 -0.09599995613098145 2.815999984741211
0.48000001907348633 -0.671999990940094 2.5280001163482666
1.3259999752044678 -0.03600001335144043 2.803999900817871
-0.4859999418258667 0.09599995613098145 1.0640000104904175
-0.4320000410079956 0.22800004482269287 0.8300000429153442
-0.4739999771118164 -0.059999942779541016 1.4779999256134033
1.0799999237060547 -0.17400002479553223 2.809999942779541
1.194000005722046 -0.07200002670288086 2.815999984741211
1.0799999237060547 -0.22200000286102295 2.803999900817871
0.9240000247955322 -0.7739999890327454 2.6059999465942383
0.9300000667572021 -0.6840000152587891 2.6540000438690186
0.875999927520752 -0.5220000147819519 2.7139999866485596
0.9660000801086426 -0.6539999842643738 2.671999931335449
1.2179999351501465 -0.04799997806549072 2.815999984741211
1.1040000915527344 -0.8999999761581421 2.5399999618530273
1.1159999370574951 -0.12000000476837158 2.815999984741211
0.9779999256134033 -0.8999999761581421 2.5339999198913574
1.055999994277954 -0.22200000286102295 2.803999900817871
0.9300000667572021 -0.671999990940094 2.6600000858306885
0.5039999485015869 -0.6959999799728394 2.5280001163482666
0.9000000953674316 -0.49800002574920654 2.7260000705718994
1.49399995803833 -0.9419999718666077 2.450000047683716
1.4639999866485596 0.029999971389770508 2.7799999713897705
0.9000000953674316 -0.41999995708465576 2.75
0.9539999961853027 -0.8700000047683716 2.552000045776367
0.9000000953674316 -0.6240000128746033 2.677999973297119
-0.4259999990463257 0.23399996757507324 0.8059999942779541
1.0799999237060547 -0.22800004482269287 2.803999900817871
1.0439999103546143 -0.22200000286102295 2.803999900817871
1.1100001335144043 -0.8460000157356262 2.5759999752044678
0.8340001106262207 -0.6539999842643738 2.6540000438690186
0.9539999961853027 -0.3240000009536743 2.7799999713897705
-0.4739999771118164 0.1380000114440918 0.9800000190734863
0.8700001239776611 -0.5220000147819519 2.7139999866485596
1.3020000457763672 -1.0080000162124634 2.444000005722046
0.8700001239776611 -0.6420000195503235 2.6660001277923584
-0.34800004959106445 -0.3059999942779541 1.8200000524520874
0.9000000953674316 -0.6779999732971191 2.6540000438690186
0.9479999542236328 -0.8700000047683716 2.552000045776367
-0.37199997901916504 -0.1979999542236328 1.8079999685287476
-0.48000001907348633 0.12000000476837158 1.0099999904632568
0.4500000476837158 -0.6480000019073486 2.5280001163482666
1.3440001010894775 0.0 2.803999900817871
0.9240000247955322 -0.7979999780654907 2.5940001010894775
0.5039999485015869 -0.7199999690055847 2.5160000324249268
0.875999927520752 -0.7199999690055847 2.630000114440918
-0.38399994373321533 -0.11399996280670166 1.8020000457763672
0.054000020027160645 -0.09599995613098145 2.4260001182556152
-0.49800002574920654 0.03600001335144043 1.2260000705718994
1.2239999771118164 -0.6060000061988831 2.696000099182129
0.8880000114440918 -0.3960000276565552 2.75600004196167
-0.49800002574920654 0.04200005531311035 1.2079999446868896
-0.49800002574920654 0.029999971389770508 1.25600004196167
-0.2940000295639038 0.7019999027252197 1.5800000429153442
0.875999927520752 -0.4739999771118164 2.7320001125335693
1.0199999809265137 -0.9959999918937683 2.4679999351501465
1.128000020980835 -0.8939999938011169 2.5460000038146973
1.247999906539917 -0.023999929428100586 2.815999984741211
0.8399999141693115 -0.8819999694824219 2.5280001163482666
0.4020000696182251 -0.6480000019073486 2.503999948501587
1.002000093460083 -0.9480000138282776 2.503999948501587
0.6540000438690186 -0.9179999828338623 2.450000047683716
-0.37199997901916504 -0.22200000286102295 1.8020000457763672
0.7620000839233398 -0.9240000247955322 2.4800000190734863
-0.49800002574920654 0.024000048637390137 1.2739999294281006
0.9000000953674316 -0.5699999928474426 2.7019999027252197
0.9000000953674316 -0.5040000081062317 2.7260000705718994
-0.2999999523162842 0.6779999732971191 1.6039999723434448
-0.49800002574920654 0.024000048637390137 1.2799999713897705
1.3500001430511475 -0.023999929428100586 2.803999900817871
1.253999948501587 -0.023999929428100586 2.815999984741211
0.6119999885559082 -0.7799999713897705 2.5280001163482666
0.054000020027160645 -0.11399996280670166 2.4260001182556152
1.002000093460083 -0.22200000286102295 2.803999900817871
1.062000036239624 -0.1979999542236328 2.809999942779541
-0.2999999523162842 0.6719999313354492 1.6160000562667847
1.49399995803833 -0.9539999961853027 2.444000005722046
-0.4440000057220459 0.21000003814697266 0.8539999723434448
0.8819999694824219 -0.6240000128746033 2.677999973297119
1.4760000705718994 0.006000041961669922 2.7799999713897705
0.9900000095367432 -0.972000002861023 2.4860000610351562
0.9600000381469727 -0.059999942779541016 2.815999984741211
0.8640000820159912 -0.6959999799728394 2.6419999599456787
1.4760000705718994 0.029999971389770508 2.7799999713897705
0.9960000514984131 -0.22200000286102295 2.803999900817871
0.9300000667572021 -0.3240000009536743 2.7799999713897705
-0.4259999990463257 0.25199997425079346 0.8059999942779541
1.4219999313354492 0.029999971389770508 2.7920000553131104
-0.34800004959106445 -0.3059999942779541 1.8259999752044678
0.9839999675750732 -0.9480000138282776 2.503999948501587
-0.49800002574920654 0.011999964714050293 1.3040000200271606
0.8700001239776611 -0.5460000038146973 2.7079999446868896
-0.49800002574920654 0.060000061988830566 1.1540000438690186
1.0260000228881836 -0.9839999675750732 2.4800000190734863
0.875999927520752 -0.49800002574920654 2.7260000705718994
0.4440000057220459 -0.6480000019073486 2.5280001163482666
0.875999927520752 -0.41999995708465576 2.75
1.055999994277954 -0.24599993228912354 2.803999900817871
-0.4919999837875366 0.09000003337860107 1.0759999752044678
-0.4440000057220459 -0.1260000467300415 1.621999979019165
1.1519999504089355 -0.6359999775886536 2.690000057220459
1.3619999885559082 0.0 2.803999900817871
-0.4739999771118164 -0.07200002670288086 1.5019999742507935
-0.4739999771118164 0.14400005340576172 0.9620000123977661
0.6119999885559082 -0.8999999761581421 2.450000047683716
0.07800006866455078 -0.09599995613098145 2.450000047683716
-0.2999999523162842 0.6359999179840088 1.6759999990463257
0.9960000514984131 -0.9900000095367432 2.4739999771118164
0.6119999885559082 -0.8219999670982361 2.503999948501587
0.8700001239776611 -0.41999995708465576 2.75
0.9539999961853027 -0.34200000762939453 2.7799999713897705
0.48000001907348633 -0.6959999799728394 2.5220000743865967
0.8580000400543213 -0.6599999666213989 2.6600000858306885
1.055999994277954 -0.9240000247955322 2.5280001163482666
-0.49800002574920654 0.0 1.3280000686645508
1.0260000228881836 -0.24599993228912354 2.803999900817871
1.0499999523162842 -0.9240000247955322 2.5280001163482666
-0.49800002574920654 0.07200002670288086 1.1299999952316284
0.9000000953674316 -0.16199994087219238 2.803999900817871
0.8640000820159912 -0.49800002574920654 2.7260000705718994
1.0380001068115234 -0.25199997425079346 2.803999900817871
0.07800006866455078 -0.11399996280670166 2.450000047683716
-0.48000001907348633 -0.059999942779541016 1.4779999256134033
-0.49800002574920654 0.07200002670288086 1.124000072479248
0.04799997806549072 -0.09599995613098145 2.4260001182556152
0.875999927520752 -0.5699999928474426 2.7019999027252197
-0.4440000057220459 -0.1260000467300415 1.628000020980835
1.0740001201629639 -0.17400002479553223 2.815999984741211
0.48000001907348633 -0.7199999690055847 2.509999990463257
1.002000093460083 -0.9539999961853027 2.503999948501587
-0.37199997901916504 -0.24599993228912354 1.8020000457763672
0.04200005531311035 -0.10800004005432129 2.4200000762939453
-0.49800002574920654 -0.006000041961669922 1.340000033378601
0.9479999542236328 -0.8880000114440918 2.5460000038146973
0.9479999542236328 -0.09599995613098145 2.815999984741211
0.8700001239776611 -0.5999999642372131 2.690000057220459
1.002000093460083 -0.24599993228912354 2.803999900817871
0.9240000247955322 -0.14399993419647217 2.809999942779541
0.9179999828338623 -0.8460000157356262 2.569999933242798
1.3380000591278076 0.029999971389770508 2.809999942779541
-0.4739999771118164 -0.07799994945526123 1.5140000581741333
0.9000000953674316 -0.5820000171661377 2.7019999027252197
0.9720001220703125 -0.26999998092651367 2.7980000972747803
0.9300000667572021 -0.6480000019073486 2.677999973297119
-0.3059999942779541 0.6719999313354492 1.6100000143051147
1.1040000915527344 -0.8939999938011169 2.552000045776367
0.8399999141693115 -0.6959999799728394 2.6419999599456787
0.07800006866455078 -0.13199996948242188 2.450000047683716
0.9000000953674316 -0.4440000057220459 2.75
1.380000114440918 0.0 2.803999900817871
1.380000114440918 -0.011999964714050293 2.803999900817871
-0.2999999523162842 0.6600000858306885 1.6519999504089355
1.121999979019165 -0.6179999709129333 2.7019999027252197
-0.37199997901916504 -0.26999998092651367 1.7960000038146973
-0.49800002574920654 0.08399999141693115 1.100000023841858
0.8459999561309814 -0.8579999804496765 2.552000045776367
1.0199999809265137 -1.0199999809265137 2.4559998512268066
0.8700001239776611 -0.6179999709129333 2.684000015258789
-0.4559999704360962 0.19800007343292236 0.878000020980835
0.4739999771118164 -0.7199999690055847 2.509999990463257
1.1340000629425049 -0.7680000066757202 2.630000114440918
0.07200002670288086 -0.09599995613098145 2.450000047683716
0.8580000400543213 -0.5699999928474426 2.7019999027252197
0.8459999561309814 -0.8399999737739563 2.564000129699707
-0.5040000081062317 0.04799997806549072 1.184000015258789
1.002000093460083 -0.2580000162124634 2.803999900817871
0.9300000667572021 -0.34800004959106445 2.7799999713897705
-0.4739999771118164 0.1679999828338623 0.9500000476837158
0.8880000114440918 -0.75 2.624000072479248
0.8640000820159912 -0.7199999690055847 2.635999917984009
-0.37199997901916504 -0.11399996280670166 1.850000023841858
-0.4500000476837158 0.21000003814697266 0.8539999723434448
1.0859999656677246 -0.1499999761581421 2.822000026702881
-0.49800002574920654 -0.018000006675720215 1.375999927520752
1.1159999370574951 -0.7919999957084656 2.618000030517578
0.9720001220703125 -0.9480000138282776 2.509999990463257
0.9779999256134033 -0.9240000247955322 2.5280001163482666
-0.4739999771118164 -0.08399999141693115 1.5260000228881836
0.9720001220703125 -0.972000002861023 2.492000102996826
-0.3059999942779541 0.6480000019073486 1.6579999923706055
0.054000020027160645 -0.1380000114440918 2.432000160217285
-0.5040000081062317 0.060000061988830566 1.1540000438690186
0.3539999723434448 -0.6480000019073486 2.4860000610351562
0.4020000696182251 -0.6660000085830688 2.503999948501587
0.48000001907348633 -0.6959999799728394 2.5280001163482666
0.9720001220703125 -0.9240000247955322 2.5280001163482666
-0.37199997901916504 -0.26999998092651367 1.8020000457763672
0.5039999485015869 -0.671999990940094 2.552000045776367
1.0320000648498535 -0.1979999542236328 2.815999984741211
0.9479999542236328 -0.054000020027160645 2.822000026702881
0.9300000667572021 -0.8460000157356262 2.5759999752044678
0.9000000953674316 -0.6480000019073486 2.677999973297119
0.9300000667572021 -0.2999999523162842 2.7920000553131104
1.1640000343322754 -0.07200002670288086 2.828000068664551
0.875999927520752 -0.4440000057220459 2.75
1.128000020980835 -0.8819999694824219 2.564000129699707
1.055999994277954 -0.6240000128746033 2.7019999027252197
1.194000005722046 -0.03600001335144043 2.828000068664551
1.3980000019073486 0.029999971389770508 2.803999900817871
-0.37199997901916504 -0.2879999876022339 1.7960000038146973
1.0139999389648438 -0.1979999542236328 2.815999984741211
1.1760001182556152 -0.07200002670288086 2.828000068664551
0.9720001220703125 -0.9900000095367432 2.4800000190734863
0.6119999885559082 -0.8700000047683716 2.4800000190734863
0.624000072479248 -0.9179999828338623 2.450000047683716
1.1400001049041748 -0.09599995613098145 2.828000068664551
-0.4500000476837158 0.21599996089935303 0.8479999899864197
0.8700001239776611 -0.75 2.624000072479248
1.2000000476837158 -0.04799997806549072 2.828000068664551
0.5039999485015869 -0.7199999690055847 2.5280001163482666
0.9060001373291016 -0.34800004959106445 2.7799999713897705
0.9119999408721924 -0.3240000009536743 2.7860000133514404
0.8519999980926514 -0.4739999771118164 2.73799991607666
0.8459999561309814 -0.7860000133514404 2.5999999046325684
0.4500000476837158 -0.671999990940094 2.5280001163482666
1.1519999504089355 -0.09599995613098145 2.828000068664551
0.8459999561309814 -0.7199999690055847 2.635999917984009
0.875999927520752 -0.5220000147819519 2.7260000705718994
1.4040000438690186 0.0 2.803999900817871
-0.5040000081062317 0.07200002670288086 1.124000072479248
1.0260000228881836 -0.6240000128746033 2.7019999027252197
1.4040000438690186 0.029999971389770508 2.803999900817871
1.1760001182556152 -0.09000003337860107 2.828000068664551
1.2000000476837158 -0.06599998474121094 2.828000068664551
-0.49800002574920654 -0.029999971389770508 1.4000000953674316
1.128000020980835 -0.11399996280670166 2.828000068664551
1.1519999504089355 -0.10800004005432129 2.828000068664551
0.9779999256134033 -0.26999998092651367 2.803999900817871
0.875999927520752 -0.6959999799728394 2.6540000438690186
-0.4739999771118164 0.17400002479553223 0.9320000410079956
0.9000000953674316 -0.75 2.630000114440918
0.8459999561309814 -0.4739999771118164 2.73799991607666
0.9839999675750732 -0.9300000071525574 2.5280001163482666
1.1040000915527344 -0.12000000476837158 2.828000068664551
1.0439999103546143 -0.9359999895095825 2.5280001163482666
1.0859999656677246 -0.12000000476837158 2.828000068664551
1.002000093460083 -0.9959999918937683 2.4800000190734863
-0.38999998569488525 -0.1499999761581421 1.8079999685287476
0.9300000667572021 -0.3659999370574951 2.7799999713897705
-0.312000036239624 0.690000057220459 1.5800000429153442
0.9720001220703125 -0.26999998092651367 2.803999900817871
0.8819999694824219 -0.6480000019073486 2.677999973297119
-0.2999999523162842 0.7019999027252197 1.6039999723434448
0.04799997806549072 -0.13199996948242188 2.432000160217285
0.37800002098083496 -0.6480000019073486 2.503999948501587
-0.49800002574920654 0.10199999809265137 1.0520000457763672
0.8580000400543213 -0.4440000057220459 2.75
1.2360000610351562 -0.023999929428100586 2.828000068664551
0.9779999256134033 -0.2760000228881836 2.803999900817871
1.2300000190734863 -0.04799997806549072 2.828000068664551
1.2120001316070557 -0.6240000128746033 2.7019999027252197
1.2300000190734863 -0.054000020027160645 2.828000068664551
0.9839999675750732 -0.24599993228912354 2.809999942779541
0.9000000953674316 -0.8460000157356262 2.5759999752044678
0.6119999885559082 -0.8399999737739563 2.503999948501587
0.4200000762939453 -0.6480000019073486 2.5280001163482666
-0.4739999771118164 0.18000006675720215 0.9259999990463257
0.8819999694824219 -0.37199997901916504 2.7739999294281006
0.48000001907348633 -0.6599999666213989 2.552000045776367
-0.37199997901916504 -0.2940000295639038 1.8020000457763672
0.9779999256134033 -0.9959999918937683 2.4800000190734863
0.9839999675750732 -0.6240000128746033 2.7019999027252197
1.1040000915527344 -0.14399993419647217 2.828000068664551
1.128000020980835 -0.8519999980926514 2.5880000591278076
-0.2879999876022339 0.6779999732971191 1.687999963760376
1.3500001430511475 0.029999971389770508 2.815999984741211
-0.4620000123977661 0.20399999618530273 0.878000020980835
1.002000093460083 -0.9359999895095825 2.5280001163482666
0.9000000953674316 -0.7979999780654907 2.6059999465942383
0.9720001220703125 -0.24599993228912354 2.809999942779541
1.253999948501587 -0.023999929428100586 2.828000068664551
0.6119999885559082 -0.7319999933242798 2.569999933242798
0.9779999256134033 -0.9660000205039978 2.503999948501587
0.8459999561309814 -0.6119999885559082 2.690000057220459
0.03600001335144043 -0.11399996280670166 2.4260001182556152
0.9960000514984131 -1.0139999389648438 2.4679999351501465
0.48000001907348633 -0.75 2.503999948501587
0.8340001106262207 -0.5460000038146973 2.7139999866485596
0.8580000400543213 -0.6959999799728394 2.6540000438690186
0.8519999980926514 -0.5220000147819519 2.7260000705718994
0.9060001373291016 -0.4739999771118164 2.75
1.0799999237060547 -0.1499999761581421 2.828000068664551
0.9600000381469727 -0.059999942779541016 2.828000068664551
0.5039999485015869 -0.75 2.5160000324249268
1.068000078201294 -0.1499999761581421 2.828000068664551
0.8880000114440918 -0.8460000157356262 2.5759999752044678
1.1579999923706055 -0.6359999775886536 2.7019999027252197
0.875999927520752 -0.75 2.630000114440918
1.1040000915527344 -0.156000018119812 2.828000068664551
0.9660000801086426 -0.6240000128746033 2.7019999027252197
0.8459999561309814 -0.5699999928474426 2.7079999446868896
0.8700001239776611 -0.3960000276565552 2.7680001258850098
-0.49800002574920654 -0.0419999361038208 1.4300000667572021
0.9060001373291016 -0.8700000047683716 2.564000129699707
0.8340001106262207 -0.49800002574920654 2.7320001125335693
-0.4739999771118164 -0.09599995613098145 1.555999994277954
0.49800002574920654 -0.7260000109672546 2.5280001163482666
0.8880000114440918 -0.7979999780654907 2.6059999465942383
0.9479999542236328 -0.972000002861023 2.498000144958496
0.4739999771118164 -0.6599999666213989 2.552000045776367
0.8039999008178711 -0.9300000071525574 2.503999948501587
0.875999927520752 -0.7739999890327454 2.618000030517578
1.4279999732971191 0.03600001335144043 2.803999900817871
-0.49800002574920654 0.11399996280670166 1.027999997138977
0.8940000534057617 -0.4739999771118164 2.75
0.9300000667572021 -0.8579999804496765 2.5759999752044678
0.8399999141693115 -0.5999999642372131 2.696000099182129
0.875999927520752 -0.5999999642372131 2.7019999027252197
1.121999979019165 -0.09599995613098145 2.8340001106262207
0.4500000476837158 -0.6959999799728394 2.5220000743865967
0.3539999723434448 -0.6539999842643738 2.492000102996826
0.9240000247955322 -0.2999999523162842 2.7980000972747803
1.0799999237060547 -0.1679999828338623 2.828000068664551
1.2780001163482666 -0.018000006675720215 2.828000068664551
0.9779999256134033 -0.6299999952316284 2.7019999027252197
0.8519999980926514 -0.6480000019073486 2.677999973297119
0.5039999485015869 -0.7739999890327454 2.503999948501587
-0.5099999904632568 0.07200002670288086 1.1299999952316284
0.9539999961853027 -0.8999999761581421 2.552000045776367
1.434000015258789 0.006000041961669922 2.803999900817871
0.9000000953674316 -0.37199997901916504 2.7799999713897705
0.9539999961853027 -0.09599995613098145 2.828000068664551
0.9000000953674316 -0.48000001907348633 2.75
1.2179999351501465 -0.023999929428100586 2.8340001106262207
0.6960000991821289 -0.9240000247955322 2.4800000190734863
0.8940000534057617 -0.16199994087219238 2.815999984741211
1.3619999885559082 -0.07200002670288086 2.815999984741211
0.8580000400543213 -0.75 2.630000114440918
1.055999994277954 -0.17400002479553223 2.828000068664551
0.9479999542236328 -0.09599995613098145 2.828000068664551
0.8640000820159912 -0.7739999890327454 2.618000030517578
1.055999994277954 -0.9300000071525574 2.5399999618530273
0.8519999980926514 -0.8700000047683716 2.558000087738037
-0.3960000276565552 -0.17400002479553223 1.8020000457763672
1.0740001201629639 -0.12000000476837158 2.8340001106262207
1.0380001068115234 -0.17400002479553223 2.828000068664551
1.2960000038146973 0.0 2.828000068664551
0.8819999694824219 -0.8219999670982361 2.5940001010894775
-0.4739999771118164 -0.10199999809265137 1.5679999589920044
0.8280000686645508 -0.5220000147819519 2.7260000705718994
0.9300000667572021 -0.6240000128746033 2.7019999027252197
-0.4739999771118164 0.18599998950958252 0.9020000100135803
1.0139999389648438 -1.0080000162124634 2.4800000190734863
0.4320000410079956 -0.6959999799728394 2.5160000324249268
1.0260000228881836 -0.6299999952316284 2.7079999446868896
-0.49800002574920654 -0.054000020027160645 1.4539999961853027
1.3020000457763672 0.0 2.828000068664551
1.3020000457763672 -0.006000041961669922 2.828000068664551
0.8580000400543213 -0.8460000157356262 2.5759999752044678
0.9539999961853027 -0.2999999523162842 2.803999900817871
0.8220000267028809 -0.6420000195503235 2.677999973297119
1.121999979019165 -0.7919999957084656 2.630000114440918
0.9479999542236328 -0.26399993896484375 2.809999942779541
0.9300000667572021 -0.8999999761581421 2.552000045776367
0.9839999675750732 -0.8999999761581421 2.558000087738037
-0.5099999904632568 0.08399999141693115 1.100000023841858
0.875999927520752 -0.8700000047683716 2.564000129699707
0.09000003337860107 -0.09599995613098145 2.4800000190734863
0.6359999179840088 -0.9240000247955322 2.4619998931884766
0.8159999847412109 -0.6539999842643738 2.671999931335449
0.8819999694824219 -0.34800004959106445 2.7860000133514404
0.5039999485015869 -0.6959999799728394 2.552000045776367
0.8519999980926514 -0.5999999642372131 2.7019999027252197
0.9000000953674316 -0.671999990940094 2.677999973297119
0.9000000953674316 -0.38399994373321533 2.7799999713897705
0.37800002098083496 -0.6660000085830688 2.503999948501587
0.48000001907348633 -0.7199999690055847 2.5280001163482666
0.9240000247955322 -0.8999999761581421 2.552000045776367
-0.49800002574920654 0.1260000467300415 1.003999948501587
0.9539999961853027 -0.972000002861023 2.503999948501587
-0.3179999589920044 0.7079999446868896 1.555999994277954
0.9419999122619629 -0.12000000476837158 2.828000068664551
0.3359999656677246 -0.6539999842643738 2.4860000610351562
1.3380000591278076 -0.07799994945526123 2.822000026702881
0.875999927520752 -0.37199997901916504 2.7799999713897705
0.9000000953674316 -0.7680000066757202 2.630000114440918
0.8459999561309814 -0.8819999694824219 2.552000045776367
0.33000004291534424 -0.6480000019073486 2.4860000610351562
1.055999994277954 -0.1979999542236328 2.828000068664551
0.8280000686645508 -0.6480000019073486 2.677999973297119
0.8159999847412109 -0.5220000147819519 2.7260000705718994
0.36000001430511475 -0.6480000019073486 2.503999948501587
0.4259999990463257 -0.671999990940094 2.5280001163482666
1.314000129699707 0.029999971389770508 2.828000068664551
-0.3960000276565552 -0.1979999542236328 1.8020000457763672
1.1640000343322754 -0.04799997806549072 2.8399999141693115
1.128000020980835 -0.07200002670288086 2.8399999141693115
0.48000001907348633 -0.7739999890327454 2.498000144958496
0.8459999561309814 -0.9179999828338623 2.5280001163482666
1.2660000324249268 0.0 2.8340001106262207
0.9839999675750732 -0.9779999852180481 2.503999948501587
0.4500000476837158 -0.6959999799728394 2.5280001163482666
0.8399999141693115 -0.4440000057220459 2.75600004196167
-0.515999972820282 0.011999964714050293 1.3040000200271606
0.09000003337860107 -0.12000000476837158 2.4800000190734863
1.055999994277954 -0.20399999618530273 2.828000068664551
0.8340001106262207 -0.41999995708465576 2.76200008392334
-0.4739999771118164 -0.10800004005432129 1.5800000429153442
0.8459999561309814 -0.7080000042915344 2.6540000438690186
0.9300000667572021 -0.2999999523162842 2.803999900817871
0.8940000534057617 -0.4919999837875366 2.75
0.9419999122619629 -0.9959999918937683 2.4860000610351562
-0.38399994373321533 -0.11399996280670166 1.8560000658035278
0.9360001087188721 -0.972000002861023 2.503999948501587
1.0260000228881836 -0.1979999542236328 2.828000068664551
-0.40799999237060547 -0.12000000476837158 1.7960000038146973
0.8459999561309814 -0.7979999780654907 2.6059999465942383
0.8580000400543213 -0.8219999670982361 2.5940001010894775
-0.5040000081062317 0.11399996280670166 1.027999997138977
1.4579999446868896 0.011999964714050293 2.803999900817871
0.8519999980926514 -0.4739999771118164 2.75
1.0980000495910645 -0.09599995613098145 2.8399999141693115
0.9000000953674316 -0.6240000128746033 2.7019999027252197
1.3259999752044678 0.011999964714050293 2.828000068664551
0.9000000953674316 -0.6779999732971191 2.677999973297119
0.5099999904632568 -0.75 2.5280001163482666
1.0139999389648438 -0.1979999542236328 2.828000068664551
1.3259999752044678 0.029999971389770508 2.828000068664551
-0.5099999904632568 0.09599995613098145 1.0699999332427979
1.0260000228881836 -0.20399999618530273 2.828000068664551
0.8039999008178711 -0.18599998950958252 2.803999900817871
0.8159999847412109 -0.4739999771118164 2.74399995803833
-0.37199997901916504 -0.3059999942779541 1.8200000524520874
-0.3179999589920044 0.7019999027252197 1.5800000429153442
0.054000020027160645 -0.1380000114440918 2.450000047683716
0.8519999980926514 -0.5460000038146973 2.7260000705718994
0.9360001087188721 -0.14399993419647217 2.828000068664551
-0.3240000009536743 0.6960000991821289 1.5679999589920044
0.9300000667572021 -0.3059999942779541 2.803999900817871
-0.40799999237060547 -0.13199996948242188 1.7960000038146973
0.9419999122619629 -0.24599993228912354 2.815999984741211
0.8399999141693115 -0.7440000176429749 2.635999917984009
0.875999927520752 -0.671999990940094 2.677999973297119
0.8580000400543213 -0.48000001907348633 2.75
-0.3240000009536743 0.6779999732971191 1.6039999723434448
0.9360001087188721 -0.6899999976158142 2.677999973297119
0.875999927520752 -0.7680000066757202 2.630000114440918
0.9539999961853027 -0.9779999852180481 2.503999948501587
-0.37199997901916504 -0.2999999523162842 1.8259999752044678
0.8280000686645508 -0.5999999642372131 2.7019999027252197
0.8519999980926514 -0.37199997901916504 2.7799999713897705
0.6840000152587891 -0.9300000071525574 2.4800000190734863
0.9360001087188721 -0.156000018119812 2.828000068664551
0.4020000696182251 -0.6779999732971191 2.5160000324249268
0.6119999885559082 -0.8040000200271606 2.5399999618530273
-0.3960000276565552 -0.22200000286102295 1.8020000457763672
-0.3179999589920044 0.7200000286102295 1.5499999523162842
-0.3240000009536743 0.6660001277923584 1.628000020980835
-0.49800002574920654 0.1380000114440918 0.9800000190734863
1.247999906539917 -0.12000000476837158 2.8340001106262207
0.8640000820159912 -0.7979999780654907 2.611999988555908
0.8459999561309814 -0.6899999976158142 2.6660001277923584
0.5039999485015869 -0.6599999666213989 2.5759999752044678
0.9360001087188721 -0.6539999842643738 2.696000099182129
-0.48000001907348633 0.18599998950958252 0.9020000100135803
0.8519999980926514 -0.8999999761581421 2.5460000038146973
0.9660000801086426 -0.8519999980926514 2.5940001010894775
-0.37199997901916504 -0.3059999942779541 1.8259999752044678
0.9539999961853027 -0.9480000138282776 2.5280001163482666
0.060000061988830566 -0.156000018119812 2.4559998512268066
-0.40799999237060547 -0.13199996948242188 1.8020000457763672
-0.3240000009536743 0.6359999179840088 1.6759999990463257
0.9000000953674316 -0.2999999523162842 2.803999900817871
0.6180000305175781 -0.8999999761581421 2.4800000190734863
0.8039999008178711 -0.5460000038146973 2.7200000286102295
-0.5220000147819519 0.03600001335144043 1.2260000705718994
0.9839999675750732 -0.07200002670288086 2.8399999141693115
1.247999906539917 0.0 2.8399999141693115
0.875999927520752 -0.6240000128746033 2.7019999027252197
-0.3960000276565552 -0.24599993228912354 1.7960000038146973
-0.5220000147819519 0.04200005531311035 1.2079999446868896
1.002000093460083 -0.21599996089935303 2.828000068664551
-0.5220000147819519 0.029999971389770508 1.25
0.8280000686645508 -0.6599999666213989 2.677999973297119
-0.3240000009536743 0.6540000438690186 1.6519999504089355
0.9600000381469727 -1.0199999809265137 2.4739999771118164
0.8399999141693115 -0.3960000276565552 2.7739999294281006
0.48000001907348633 -0.7739999890327454 2.503999948501587
0.8159999847412109 -0.5999999642372131 2.7019999027252197
-0.5220000147819519 0.024000048637390137 1.2680000066757202
0.9539999961853027 -0.6480000019073486 2.7019999027252197
0.8159999847412109 -0.5699999928474426 2.7139999866485596
1.3500001430511475 0.029999971389770508 2.828000068664551
0.018000006675720215 -0.10800004005432129 2.4260001182556152
0.8519999980926514 -0.7199999690055847 2.6540000438690186
0.875999927520752 -0.3960000276565552 2.7799999713897705
0.8280000686645508 -0.4739999771118164 2.75
-0.5220000147819519 0.018000006675720215 1.2799999713897705
0.9000000953674316 -0.8700000047683716 2.5759999752044678
0.4500000476837158 -0.75 2.503999948501587
1.002000093460083 -1.0260000228881836 2.4739999771118164
-0.5220000147819519 0.054000020027160645 1.1779999732971191
0.9000000953674316 -0.8219999670982361 2.6059999465942383
0.8039999008178711 -0.49800002574920654 2.73799991607666
-0.40199995040893555 -0.1979999542236328 1.8020000457763672
0.8220000267028809 -0.6599999666213989 2.677999973297119
0.8280000686645508 -0.5460000038146973 2.7260000705718994
0.8519999980926514 -0.671999990940094 2.677999973297119
0.9060001373291016 -0.1499999761581421 2.828000068664551
0.8459999561309814 -0.828000009059906 2.5940001010894775
1.1159999370574951 -0.07200002670288086 2.8459999561309814
0.4620000123977661 -0.7199999690055847 2.5280001163482666
1.1760001182556152 -0.1380000114440918 2.8399999141693115
0.9539999961853027 -0.9179999828338623 2.552000045776367
0.4259999990463257 -0.7199999690055847 2.509999990463257
0.875999927520752 -0.3240000009536743 2.7980000972747803
-0.3960000276565552 -0.26999998092651367 1.7899999618530273
-0.5099999904632568 -0.0419999361038208 1.4300000667572021
1.0499999523162842 -0.1499999761581421 2.8399999141693115
-0.49800002574920654 0.14400005340576172 0.9620000123977661
-0.49800002574920654 -0.07200002670288086 1.5019999742507935
0.875999927520752 -0.40199995040893555 2.7799999713897705
0.6180000305175781 -0.8700000047683716 2.503999948501587
-0.3960000276565552 -0.24599993228912354 1.8020000457763672
0.9360001087188721 -0.6480000019073486 2.7019999027252197
0.9060001373291016 -0.16199994087219238 2.828000068664551
-0.515999972820282 0.09599995613098145 1.0759999752044678
-0.3179999589920044 0.7260000705718994 1.555999994277954
0.9360001087188721 -1.0199999809265137 2.4739999771118164
0.9779999256134033 -1.0260000228881836 2.4739999771118164
-0.4739999771118164 -0.12000000476837158 1.6039999723434448
0.9300000667572021 -0.9240000247955322 2.5460000038146973
0.9779999256134033 -0.22200000286102295 2.828000068664551
0.48000001907348633 -0.7979999780654907 2.492000102996826
0.4620000123977661 -0.7739999890327454 2.498000144958496
0.8640000820159912 -0.34800004959106445 2.7920000553131104
0.9779999256134033 -0.8700000047683716 2.5880000591278076
0.5039999485015869 -0.7979999780654907 2.503999948501587
1.3680000305175781 0.018000006675720215 2.828000068664551
1.2120001316070557 0.0 2.8459999561309814
-0.5220000147819519 0.0 1.3280000686645508
0.9779999256134033 -1.0199999809265137 2.4800000190734863
0.8640000820159912 -0.3240000009536743 2.7980000972747803
0.9179999828338623 -0.9959999918937683 2.492000102996826
0.8519999980926514 -0.6240000128746033 2.7019999027252197
1.055999994277954 -0.6299999952316284 2.7200000286102295
0.6180000305175781 -0.7979999780654907 2.552000045776367
0.4919999837875366 -0.6599999666213989 2.5759999752044678
0.8880000114440918 -0.6899999976158142 2.677999973297119
-0.5220000147819519 0.07800006866455078 1.1299999952316284
0.9179999828338623 -0.9240000247955322 2.5460000038146973
0.875999927520752 -0.8700000047683716 2.5759999752044678
0.9600000381469727 -1.0260000228881836 2.4739999771118164
-0.5220000147819519 -0.006000041961669922 1.340000033378601
0.875999927520752 -0.8219999670982361 2.6059999465942383
0.8519999980926514 -0.8999999761581421 2.552000045776367
0.7980000972747803 -0.5220000147819519 2.7320001125335693
0.8519999980926514 -0.3960000276565552 2.7799999713897705
0.8340001106262207 -0.5579999685287476 2.7260000705718994
0.9000000953674316 -0.3240000009536743 2.803999900817871
-0.49800002574920654 -0.07799994945526123 1.5140000581741333
0.8519999980926514 -0.7739999890327454 2.630000114440918
0.7920000553131104 -0.6420000195503235 2.684000015258789
0.9119999408721924 -0.6480000019073486 2.7019999027252197
0.8039999008178711 -0.4739999771118164 2.75
0.5039999485015869 -0.7199999690055847 2.552000045776367
-0.3960000276565552 -0.2879999876022339 1.7899999618530273
-0.5220000147819519 -0.011999964714050293 1.3519999980926514
0.8459999561309814 -0.37199997901916504 2.7860000133514404
-0.4919999837875366 0.17400002479553223 0.9259999990463257
1.380000114440918 0.018000006675720215 2.828000068664551
0.9300000667572021 -0.6539999842643738 2.7019999027252197
0.49800002574920654 -0.7979999780654907 2.503999948501587
0.8880000114440918 -0.1679999828338623 2.828000068664551
1.0499999523162842 -0.12000000476837158 2.8459999561309814
0.8039999008178711 -0.5460000038146973 2.7260000705718994
0.07800006866455078 -0.14399993419647217 2.4800000190734863
0.9539999961853027 -1.0199999809265137 2.4800000190734863
1.002000093460083 -1.0260000228881836 2.4800000190734863
0.875999927520752 -0.8999999761581421 2.558000087738037
0.8459999561309814 -0.7739999890327454 2.630000114440918
0.8159999847412109 -0.4440000057220459 2.76200008392334
0.4020000696182251 -0.671999990940094 2.5280001163482666
0.4259999990463257 -0.6959999799728394 2.5280001163482666
-0.4679999351501465 -0.12000000476837158 1.6399999856948853
0.9000000953674316 -0.33000004291534424 2.803999900817871
0.9839999675750732 -0.24599993228912354 2.828000068664551
0.8640000820159912 -0.8700000047683716 2.5759999752044678
-0.4919999837875366 0.18000006675720215 0.9259999990463257
0.9539999961853027 -0.1260000467300415 2.8399999141693115
-0.4739999771118164 -0.1260000467300415 1.6160000562667847
0.9600000381469727 -0.9599999785423279 2.5280001163482666
1.0139999389648438 -0.17400002479553223 2.8399999141693115
-0.3960000276565552 -0.26999998092651367 1.8020000457763672
0.9360001087188721 -0.9480000138282776 2.5339999198913574
0.7980000972747803 -0.4739999771118164 2.75
1.0439999103546143 -0.9359999895095825 2.552000045776367
0.8459999561309814 -0.17400002479553223 2.822000026702881
-0.49800002574920654 0.1679999828338623 0.9500000476837158
1.3859999179840088 0.03600001335144043 2.828000068664551
0.8519999980926514 -0.9300000071525574 2.5339999198913574
0.6180000305175781 -0.9120000004768372 2.4800000190734863
0.9779999256134033 -0.07799994945526123 2.8459999561309814
0.4140000343322754 -0.7199999690055847 2.509999990463257
0.875999927520752 -0.7860000133514404 2.630000114440918
1.1400001049041748 -0.04799997806549072 2.8519999980926514
0.8940000534057617 -0.6480000019073486 2.7019999027252197
-0.49800002574920654 -0.08399999141693115 1.5260000228881836
0.9240000247955322 -0.972000002861023 2.5160000324249268
0.9360001087188721 -1.0199999809265137 2.4800000190734863
0.9779999256134033 -1.0260000228881836 2.4800000190734863
0.875999927520752 -0.828000009059906 2.6059999465942383
1.1519999504089355 -0.04799997806549072 2.8519999980926514
0.875999927520752 -0.8759999871253967 2.5759999752044678
1.1700000762939453 -0.023999929428100586 2.8519999980926514
0.9539999961853027 -0.24000000953674316 2.828000068664551
-0.5220000147819519 -0.023999929428100586 1.375999927520752
0.8280000686645508 -0.6240000128746033 2.7019999027252197
0.9300000667572021 -0.9240000247955322 2.552000045776367
1.1100001335144043 -0.07200002670288086 2.8519999980926514
0.4500000476837158 -0.6779999732971191 2.552000045776367
-0.40799999237060547 -0.22200000286102295 1.7960000038146973
0.875999927520752 -0.3240000009536743 2.803999900817871
0.8519999980926514 -0.8219999670982361 2.6059999465942383
1.128000020980835 -0.07200002670288086 2.8519999980926514
1.1519999504089355 -0.059999942779541016 2.8519999980926514
1.1760001182556152 -0.03600001335144043 2.8519999980926514
1.181999921798706 -0.023999929428100586 2.8519999980926514
0.9600000381469727 -0.6539999842643738 2.7079999446868896
0.8399999141693115 -0.1799999475479126 2.822000026702881
0.8519999980926514 -0.9240000247955322 2.5399999618530273
0.3539999723434448 -0.671999990940094 2.503999948501587
0.9300000667572021 -0.9900000095367432 2.503999948501587
0.8280000686645508 -0.49800002574920654 2.75
-0.5040000081062317 -0.07200002670288086 1.5019999742507935
0.8280000686645508 -0.3960000276565552 2.7799999713897705
0.5099999904632568 -0.7319999933242798 2.552000045776367
1.128000020980835 -0.08399999141693115 2.8519999980926514
0.5099999904632568 -0.7739999890327454 2.5280001163482666
1.1040000915527344 -0.09000003337860107 2.8519999980926514
1.1760001182556152 -0.059999942779541016 2.8519999980926514
0.8519999980926514 -0.4140000343322754 2.7799999713897705
1.2000000476837158 -0.023999929428100586 2.8519999980926514
0.875999927520752 -0.2999999523162842 2.809999942779541
-0.4739999771118164 -0.1260000467300415 1.628000020980835
0.03600001335144043 -0.1380000114440918 2.450000047683716
1.0799999237060547 -0.09599995613098145 2.8519999980926514
1.0740001201629639 -0.09599995613098145 2.8519999980926514
-0.527999997138977 0.07200002670288086 1.1359999179840088
1.2120001316070557 0.0 2.8519999980926514
0.9539999961853027 -1.0260000228881836 2.4800000190734863
0.33000004291534424 -0.6480000019073486 2.503999948501587
1.0499999523162842 -0.6299999952316284 2.7260000705718994
-0.4140000343322754 -0.17400002479553223 1.8020000457763672
-0.5220000147819519 -0.029999971389770508 1.3940000534057617
0.9660000801086426 -0.10800004005432129 2.8459999561309814
0.9660000801086426 -0.22200000286102295 2.8340001106262207
0.8459999561309814 -0.6899999976158142 2.677999973297119
0.30000007152557373 -0.6480000019073486 2.4860000610351562
0.9360001087188721 -0.24599993228912354 2.828000068664551
1.0439999103546143 -0.09599995613098145 2.8519999980926514
-0.5220000147819519 -0.029999971389770508 1.4000000953674316
0.7799999713897705 -0.5460000038146973 2.7260000705718994
0.029999971389770508 -0.10199999809265137 2.450000047683716
0.8159999847412109 -0.3960000276565552 2.7799999713897705
0.8819999694824219 -0.1499999761581421 2.8340001106262207
0.5039999485015869 -0.8219999670982361 2.498000144958496
0.8580000400543213 -0.6959999799728394 2.677999973297119
1.2300000190734863 0.0 2.8519999980926514
1.062000036239624 -0.9359999895095825 2.558000087738037
0.9119999408721924 -0.26999998092651367 2.822000026702881
1.2300000190734863 -0.011999964714050293 2.8519999980926514
0.8519999980926514 -0.6420000195503235 2.7019999027252197
0.4259999990463257 -0.75 2.503999948501587
1.0799999237060547 -0.12000000476837158 2.8519999980926514
-0.5099999904632568 0.1380000114440918 0.9800000190734863
0.9000000953674316 -0.9240000247955322 2.552000045776367
0.9360001087188721 -1.0260000228881836 2.4800000190734863
0.8519999980926514 -0.3240000009536743 2.803999900817871
-0.515999972820282 0.12000000476837158 1.0099999904632568
0.7799999713897705 -0.49800002574920654 2.74399995803833
0.8519999980926514 -0.17400002479553223 2.828000068664551
1.055999994277954 -0.12000000476837158 2.8519999980926514
1.0499999523162842 -0.12000000476837158 2.8519999980926514
-0.38999998569488525 -0.3059999942779541 1.8140000104904175
-0.3960000276565552 -0.2999999523162842 1.8020000457763672
0.7860000133514404 -0.5999999642372131 2.7079999446868896
-0.5220000147819519 0.10800004005432129 1.0520000457763672
0.8280000686645508 -0.5759999752044678 2.7260000705718994
1.1100001335144043 0.011999964714050293 2.8580000400543213
0.8039999008178711 -0.6240000128746033 2.7019999027252197
0.8940000534057617 -0.9240000247955322 2.552000045776367
-0.5339999794960022 0.03600001335144043 1.2260000705718994
-0.41999995708465576 -0.12000000476837158 1.8079999685287476
1.002000093460083 -0.09599995613098145 2.8519999980926514
0.5099999904632568 -0.6959999799728394 2.5759999752044678
0.8459999561309814 -0.3240000009536743 2.803999900817871
0.9900000095367432 -0.08399999141693115 2.8519999980926514
0.9960000514984131 -0.9419999718666077 2.552000045776367
0.8459999561309814 -0.17400002479553223 2.828000068664551
0.4500000476837158 -0.7739999890327454 2.503999948501587
0.30000007152557373 -0.6539999842643738 2.4860000610351562
-0.5040000081062317 0.1679999828338623 0.9500000476837158
0.8039999008178711 -0.49800002574920654 2.75
0.9240000247955322 -1.0260000228881836 2.4800000190734863
-0.5339999794960022 0.04799997806549072 1.1959999799728394
0.9779999256134033 -0.07200002670288086 2.8519999980926514
0.8459999561309814 -0.7440000176429749 2.6540000438690186
-0.515999972820282 0.1260000467300415 1.003999948501587
0.7739999294281006 -0.49800002574920654 2.74399995803833
0.4259999990463257 -0.6660000085830688 2.552000045776367
0.8280000686645508 -0.9419999718666077 2.5280001163482666
0.2760000228881836 -0.6480000019073486 2.4739999771118164
1.0139999389648438 -0.11399996280670166 2.8519999980926514
1.253999948501587 0.006000041961669922 2.8519999980926514
1.121999979019165 -0.04799997806549072 2.8580000400543213
0.875999927520752 -0.34800004959106445 2.803999900817871
0.8039999008178711 -0.41999995708465576 2.7739999294281006
0.7799999713897705 -0.5699999928474426 2.7200000286102295
1.4219999313354492 0.006000041961669922 2.828000068664551
0.8459999561309814 -0.8100000023841858 2.618000030517578
0.5099999904632568 -0.8219999670982361 2.503999948501587
-0.4140000343322754 -0.12000000476837158 1.8259999752044678
-0.5099999904632568 0.14400005340576172 0.9679999947547913
-0.3359999656677246 0.7019999027252197 1.5800000429153442
0.9240000247955322 -1.0199999809265137 2.4860000610351562
0.7139999866485596 -0.9359999895095825 2.503999948501587
0.8340001106262207 -0.34800004959106445 2.7980000972747803
1.0799999237060547 -0.1499999761581421 2.8519999980926514
0.5039999485015869 -0.8460000157356262 2.4860000610351562
0.6180000305175781 -0.8460000157356262 2.5339999198913574
0.4259999990463257 -0.7139999866485596 2.5280001163482666
1.0920000076293945 -0.07200002670288086 2.8580000400543213
0.8280000686645508 -0.515999972820282 2.75
-0.49800002574920654 -0.09599995613098145 1.555999994277954
0.8039999008178711 -0.5699999928474426 2.7260000705718994
0.09000003337860107 -0.10800004005432129 2.503999948501587
0.7320001125335693 -0.9359999895095825 2.509999990463257
1.055999994277954 -0.1499999761581421 2.8519999980926514
0.9600000381469727 -0.07200002670288086 2.8519999980926514
0.7920000553131104 -0.6240000128746033 2.7019999027252197
1.4279999732971191 0.006000041961669922 2.828000068664551
1.0499999523162842 -0.1499999761581421 2.8519999980926514
0.8519999980926514 -0.8819999694824219 2.5759999752044678
-0.5339999794960022 0.06599998474121094 1.1540000438690186
0.8280000686645508 -0.41999995708465576 2.7799999713897705
0.8519999980926514 -0.75 2.6540000438690186
0.9300000667572021 -0.9359999895095825 2.552000045776367
1.055999994277954 -0.156000018119812 2.8519999980926514
0.9300000667572021 -0.26999998092651367 2.828000068664551
0.4500000476837158 -0.7979999780654907 2.492000102996826
0.630000114440918 -0.9240000247955322 2.4860000610351562
0.7980000972747803 -0.4440000057220459 2.7680001258850098
0.48000001907348633 -0.8219999670982361 2.492000102996826
-0.48000001907348633 -0.1260000467300415 1.628000020980835
0.8340001106262207 -0.1799999475479126 2.828000068664551
0.8700001239776611 -0.3539999723434448 2.803999900817871
0.8220000267028809 -0.37199997901916504 2.7920000553131104
0.4200000762939453 -0.6660000085830688 2.552000045776367
0.9000000953674316 -0.9480000138282776 2.5399999618530273
0.9000000953674316 -0.9959999918937683 2.503999948501587
0.9600000381469727 -0.09599995613098145 2.8519999980926514
-0.40799999237060547 -0.2580000162124634 1.8020000457763672
0.9839999675750732 -0.6359999775886536 2.7260000705718994
0.7680001258850098 -0.5699999928474426 2.7200000286102295
1.4879999160766602 -0.006000041961669922 2.815999984741211
0.8580000400543213 -0.7979999780654907 2.630000114440918
0.7620000839233398 -0.9419999718666077 2.5160000324249268
0.9300000667572021 -0.2760000228881836 2.828000068664551
-0.4739999771118164 -0.13199996948242188 1.6519999504089355
1.2839999198913574 0.011999964714050293 2.8519999980926514
0.7680001258850098 -0.5220000147819519 2.73799991607666
0.4020000696182251 -0.6959999799728394 2.5280001163482666
0.8159999847412109 -0.5820000171661377 2.7260000705718994
0.7739999294281006 -0.6480000019073486 2.690000057220459
0.9539999961853027 -0.10199999809265137 2.8519999980926514
0.9000000953674316 -0.671999990940094 2.7019999027252197
0.37800002098083496 -0.671999990940094 2.5280001163482666
0.9300000667572021 -0.972000002861023 2.5280001163482666
0.8519999980926514 -0.34800004959106445 2.803999900817871
0.7980000972747803 -0.6599999666213989 2.690000057220459
0.9479999542236328 -0.09599995613098145 2.8519999980926514
1.008000135421753 -0.9419999718666077 2.558000087738037
0.6180000305175781 -0.8040000200271606 2.564000129699707
0.8519999980926514 -0.7080000042915344 2.677999973297119
-0.49800002574920654 -0.10199999809265137 1.5679999589920044
0.9660000801086426 -0.6359999775886536 2.7260000705718994
-0.5220000147819519 -0.054000020027160645 1.4479999542236328
0.37800002098083496 -0.6959999799728394 2.5160000324249268
0.8580000400543213 -0.9240000247955322 2.552000045776367
0.5039999485015869 -0.8700000047683716 2.4739999771118164
0.7799999713897705 -0.49800002574920654 2.75
0.8940000534057617 -0.671999990940094 2.7019999027252197
0.8280000686645508 -0.6480000019073486 2.7019999027252197
0.8580000400543213 -0.6599999666213989 2.7019999027252197
0.2760000228881836 -0.6480000019073486 2.4800000190734863
1.0320000648498535 -0.17400002479553223 2.8519999980926514
0.8580000400543213 -0.2999999523162842 2.815999984741211
-0.34800004959106445 0.6960000991821289 1.562000036239624
-0.34800004959106445 0.7019999027252197 1.5499999523162842
-0.527999997138977 0.10800004005432129 1.0520000457763672
-0.5220000147819519 -0.054000020027160645 1.4539999961853027
0.9419999122619629 -0.22200000286102295 2.8399999141693115
1.3020000457763672 0.011999964714050293 2.8519999980926514
0.09000003337860107 -0.09599995613098145 2.509999990463257
0.5160000324249268 -0.7979999780654907 2.5280001163482666
0.9179999828338623 -0.24599993228912354 2.8340001106262207
1.3020000457763672 0.029999971389770508 2.8519999980926514
0.9539999961853027 -0.1260000467300415 2.8519999980926514
0.9000000953674316 -0.26999998092651367 2.828000068664551
0.630000114440918 -0.9300000071525574 2.4860000610351562
0.8459999561309814 -0.7559999823570251 2.6540000438690186
0.48000001907348633 -0.8100000023841858 2.503999948501587
0.9119999408721924 -0.972000002861023 2.5280001163482666
0.7799999713897705 -0.5699999928474426 2.7260000705718994
-0.5399999618530273 0.04799997806549072 1.2020000219345093
1.008000135421753 -0.17400002479553223 2.8519999980926514
0.8039999008178711 -0.41999995708465576 2.7799999713897705
1.1519999504089355 0.018000006675720215 2.864000082015991
-0.34800004959106445 0.7019999027252197 1.555999994277954
0.6180000305175781 -0.8999999761581421 2.503999948501587
-0.34800004959106445 0.690000057220459 1.5800000429153442
-0.4140000343322754 -0.24599993228912354 1.8020000457763672
0.8580000400543213 -0.24000000953674316 2.828000068664551
-0.34800004959106445 0.6779999732971191 1.6039999723434448
0.029999971389770508 -0.156000018119812 2.4559998512268066
0.8580000400543213 -0.8460000157356262 2.6059999465942383
0.33000004291534424 -0.671999990940094 2.503999948501587
-0.5339999794960022 -0.023999929428100586 1.375999927520752
0.624000072479248 -0.8700000047683716 2.5280001163482666
-0.34800004959106445 0.6719999313354492 1.6160000562667847
0.2760000228881836 -0.6539999842643738 2.4800000190734863
-0.49800002574920654 -0.10800004005432129 1.5800000429153442
0.46800005435943604 -0.8040000200271606 2.503999948501587
0.9300000667572021 -0.12000000476837158 2.8519999980926514
0.8039999008178711 -0.5220000147819519 2.75
1.187999963760376 0.0 2.864000082015991
-0.5339999794960022 0.09599995613098145 1.0820000171661377
-0.34800004959106445 0.6660001277923584 1.628000020980835
0.9300000667572021 -0.6359999775886536 2.7260000705718994
0.8280000686645508 -0.34800004959106445 2.803999900817871
0.26999998092651367 -0.6480000019073486 2.4800000190734863
-0.3960000276565552 -0.2999999523162842 1.8259999752044678
-0.41999995708465576 -0.24599993228912354 1.7899999618530273
1.4579999446868896 0.018000006675720215 2.828000068664551
0.7920000553131104 -0.3960000276565552 2.7860000133514404
0.5160000324249268 -0.7199999690055847 2.5759999752044678
0.9240000247955322 -0.12000000476837158 2.8519999980926514
0.9479999542236328 -0.059999942779541016 2.8580000400543213
0.7620000839233398 -0.49800002574920654 2.75
1.128000020980835 -0.8640000224113464 2.618000030517578
0.7560000419616699 -0.5460000038146973 2.7320001125335693
0.8940000534057617 -0.9959999918937683 2.509999990463257
0.07800006866455078 -0.156000018119812 2.498000144958496
0.809999942779541 -0.527999997138977 2.75
0.9300000667572021 -0.13199996948242188 2.8519999980926514
0.4020000696182251 -0.75 2.503999948501587
1.3259999752044678 0.024000048637390137 2.8519999980926514
-0.34800004959106445 0.6359999179840088 1.6759999990463257
0.3059999942779541 -0.6480000019073486 2.503999948501587
-0.41999995708465576 -0.22200000286102295 1.8020000457763672
-0.527999997138977 0.12000000476837158 1.027999997138977
0.08399999141693115 -0.1499999761581421 2.503999948501587
0.8039999008178711 -0.6480000019073486 2.7019999027252197
-0.41999995708465576 -0.1499999761581421 1.8259999752044678
0.054000020027160645 -0.1499999761581421 2.4800000190734863
-0.5399999618530273 0.0 1.3280000686645508
0.8940000534057617 -1.0199999809265137 2.492000102996826
-0.34800004959106445 0.6540000438690186 1.6519999504089355
0.8039999008178711 -0.19200003147125244 2.828000068664551
0.5039999485015869 -0.8700000047683716 2.4800000190734863
0.36600005626678467 -0.671999990940094 2.5280001163482666
1.002000093460083 -0.1979999542236328 2.8519999980926514
1.0139999389648438 -0.1499999761581421 2.8580000400543213
0.624000072479248 -0.7979999780654907 2.5759999752044678
-0.527999997138977 0.12000000476837158 1.0220000743865967
-0.5220000147819519 -0.06599998474121094 1.4779999256134033
0.4320000410079956 -0.7979999780654907 2.492000102996826
-0.5399999618530273 0.07800006866455078 1.1299999952316284
0.8280000686645508 -0.6599999666213989 2.7019999027252197
-0.41999995708465576 -0.156000018119812 1.8259999752044678
0.7860000133514404 -0.41999995708465576 2.7799999713897705
0.7620000839233398 -0.5999999642372131 2.7139999866485596
0.4259999990463257 -0.7739999890327454 2.503999948501587
-0.41999995708465576 -0.26999998092651367 1.784000039100647
0.9000000953674316 -0.2940000295639038 2.828000068664551
-0.34800004959106445 0.6480000019073486 1.6640000343322754
0.48000001907348633 -0.8460000157356262 2.4860000610351562
0.4200000762939453 -0.6840000152587891 2.552000045776367
-0.34200000762939453 0.6359999179840088 1.7000000476837158
0.8519999980926514 -0.7680000066757202 2.6540000438690186
1.062000036239624 -0.1799999475479126 2.8580000400543213
0.5160000324249268 -0.8460000157356262 2.503999948501587
-0.4859999418258667 -0.12000000476837158 1.6399999856948853
0.875999927520752 -0.9480000138282776 2.5460000038146973
0.875999927520752 -0.24599993228912354 2.8340001106262207
0.809999942779541 -0.34800004959106445 2.803999900817871
-0.5399999618530273 -0.023999929428100586 1.3519999980926514
0.8340001106262207 -0.9539999961853027 2.5339999198913574
0.006000041961669922 -0.1260000467300415 2.444000005722046
0.9119999408721924 -0.9480000138282776 2.552000045776367
-0.4259999990463257 -0.1799999475479126 1.8079999685287476
1.3440001010894775 -0.018000006675720215 2.8519999980926514
0.48600006103515625 -0.8700000047683716 2.4739999771118164
0.7920000553131104 -0.19200003147125244 2.828000068664551
1.0980000495910645 0.011999964714050293 2.870000123977661
0.4500000476837158 -0.7979999780654907 2.503999948501587
0.011999964714050293 -0.1260000467300415 2.450000047683716
-0.3539999723434448 0.7019999027252197 1.555999994277954
1.128000020980835 0.011999964714050293 2.870000123977661
0.8280000686645508 -0.3659999370574951 2.803999900817871
1.121999979019165 -0.023999929428100586 2.870000123977661
0.7680001258850098 -0.6240000128746033 2.7079999446868896
1.128000020980835 -0.023999929428100586 2.870000123977661
-0.5460000038146973 0.029999971389770508 1.25
-0.5399999618530273 0.09000003337860107 1.100000023841858
0.8580000400543213 -0.8159999847412109 2.630000114440918
1.4760000705718994 0.024000048637390137 2.828000068664551
0.8580000400543213 -0.9539999961853027 2.5399999618530273
-0.5460000038146973 0.024000048637390137 1.2620000839233398
0.7799999713897705 -0.5220000147819519 2.75
0.8640000820159912 -0.8579999804496765 2.6059999465942383
0.75 -0.5699999928474426 2.7260000705718994
-0.4259999990463257 -0.1499999761581421 1.8200000524520874
0.8940000534057617 -0.26999998092651367 2.8340001106262207
0.8700001239776611 -1.0199999809265137 2.492000102996826
1.0980000495910645 -0.04799997806549072 2.870000123977661
0.7799999713897705 -0.5879999995231628 2.7260000705718994
-0.527999997138977 0.13199996948242188 1.003999948501587
0.8039999008178711 -0.4440000057220459 2.7799999713897705
-0.5460000038146973 0.018000006675720215 1.2799999713897705
0.8459999561309814 -0.2999999523162842 2.822000026702881
0.7980000972747803 -0.37199997901916504 2.7980000972747803
0.8039999008178711 -0.9480000138282776 2.5339999198913574
-0.41999995708465576 -0.2879999876022339 1.784000039100647
0.8940000534057617 -0.972000002861023 2.5339999198913574
-0.5460000038146973 0.060000061988830566 1.1779999732971191
0.9960000514984131 -0.10800004005432129 2.864000082015991
0.07800006866455078 -0.156000018119812 2.503999948501587
0.5160000324249268 -0.7739999890327454 2.552000045776367
0.7799999713897705 -0.6480000019073486 2.7019999027252197
0.9000000953674316 -0.1499999761581421 2.8519999980926514
0.7439999580383301 -0.5699999928474426 2.7260000705718994
-0.5460000038146973 0.006000041961669922 1.3040000200271606
-0.49800002574920654 -0.12000000476837158 1.6039999723434448
-0.5339999794960022 -0.04799997806549072 1.4300000667572021
1.062000036239624 -0.07200002670288086 2.870000123977661
-0.5220000147819519 -0.07799994945526123 1.5019999742507935
0.9000000953674316 -1.0139999389648438 2.503999948501587
0.4020000696182251 -0.7199999690055847 2.5280001163482666
0.37800002098083496 -0.6959999799728394 2.5280001163482666
0.9060001373291016 -0.16199994087219238 2.8519999980926514
0.7739999294281006 -0.6599999666213989 2.696000099182129
0.875999927520752 -0.2999999523162842 2.828000068664551
0.4500000476837158 -0.8219999670982361 2.492000102996826
0.054000020027160645 -0.156000018119812 2.4860000610351562
0.8039999008178711 -0.4500000476837158 2.7799999713897705
0.2940000295639038 -0.6480000019073486 2.503999948501587
-0.4259999990463257 -0.1499999761581421 1.8259999752044678
0.9000000953674316 -0.9839999675750732 2.5280001163482666
0.9119999408721924 -0.22200000286102295 2.8459999561309814
0.8940000534057617 -0.6959999799728394 2.7019999027252197
1.3680000305175781 -0.006000041961669922 2.8519999980926514
0.7860000133514404 -0.5339999794960022 2.75
0.37800002098083496 -0.7199999690055847 2.5160000324249268
0.7920000553131104 -0.9480000138282776 2.5339999198913574
-0.527999997138977 0.14400005340576172 0.9919999837875366
0.4020000696182251 -0.7739999890327454 2.498000144958496
0.3539999723434448 -0.6959999799728394 2.5160000324249268
0.9060001373291016 -0.9539999961853027 2.552000045776367
-0.5460000038146973 -0.023999929428100586 1.3280000686645508
0.5220000743865967 -0.8219999670982361 2.5280001163482666
0.8220000267028809 -0.3240000009536743 2.815999984741211
0.9600000381469727 -0.22200000286102295 2.8519999980926514
0.6840000152587891 -0.6660000085830688 2.671999931335449
0.875999927520752 -0.9480000138282776 2.552000045776367
0.4739999771118164 -0.8700000047683716 2.4739999771118164
-0.4259999990463257 -0.23399996757507324 1.8020000457763672
0.9000000953674316 -0.6480000019073486 2.7260000705718994
0.5160000324249268 -0.7799999713897705 2.552000045776367
0.8039999008178711 -0.6660000085830688 2.7019999027252197
-0.5460000038146973 -0.029999971389770508 1.340000033378601
0.437999963760376 -0.7979999780654907 2.503999948501587
-0.41999995708465576 -0.1979999542236328 1.8320000171661377
1.002000093460083 -0.07200002670288086 2.870000123977661
0.37199997901916504 -0.6959999799728394 2.5280001163482666
0.4020000696182251 -0.7260000109672546 2.5280001163482666
0.875999927520752 -0.1499999761581421 2.8519999980926514
-0.437999963760376 -0.1679999828338623 1.7960000038146973
0.8940000534057617 -0.6480000019073486 2.7260000705718994
-0.49800002574920654 -0.1260000467300415 1.6160000562667847
0.7799999713897705 -0.4440000057220459 2.7799999713897705
0.7980000972747803 -0.6660000085830688 2.7019999027252197
0.7739999294281006 -0.3960000276565552 2.7920000553131104
-0.5460000038146973 -0.03600001335144043 1.3519999980926514
-0.41999995708465576 -0.22200000286102295 1.8259999752044678
0.8039999008178711 -0.37199997901916504 2.803999900817871
-0.41999995708465576 -0.14399993419647217 1.850000023841858
0.34800004959106445 -0.671999990940094 2.5280001163482666
1.1040000915527344 0.0 2.875999927520752
1.0980000495910645 0.0 2.875999927520752
-0.4140000343322754 -0.156000018119812 1.8619999885559082
0.8519999980926514 -0.2999999523162842 2.828000068664551
0.5160000324249268 -0.6840000152587891 2.6059999465942383
0.7439999580383301 -0.49800002574920654 2.75600004196167
1.128000020980835 0.0 2.875999927520752
0.7379999160766602 -0.5460000038146973 2.73799991607666
1.1100001335144043 -0.023999929428100586 2.875999927520752
1.0920000076293945 -0.023999929428100586 2.875999927520752
-0.018000006675720215 -0.12000000476837158 2.432000160217285
1.128000020980835 -0.023999929428100586 2.875999927520752
0.624000072479248 -0.9240000247955322 2.503999948501587
0.48000001907348633 -0.8700000047683716 2.4800000190734863
0.37800002098083496 -0.6599999666213989 2.552000045776367
0.8580000400543213 -0.9480000138282776 2.552000045776367
1.1340000629425049 -0.03600001335144043 2.875999927520752
0.75 -0.5220000147819519 2.75
0.7560000419616699 -0.6480000019073486 2.7019999027252197
1.1040000915527344 -0.04799997806549072 2.875999927520752
1.1579999923706055 0.0 2.875999927520752
1.1519999504089355 -0.023999929428100586 2.875999927520752
-0.5220000147819519 -0.08399999141693115 1.5260000228881836
0.9300000667572021 -0.22200000286102295 2.8519999980926514
1.0799999237060547 -0.04799997806549072 2.875999927520752
1.1400001049041748 -0.8640000224113464 2.630000114440918
1.062000036239624 -0.04799997806549072 2.875999927520752
0.37800002098083496 -0.75 2.503999948501587
0.875999927520752 -1.0320000648498535 2.492000102996826
1.1760001182556152 0.0 2.875999927520752
0.809999942779541 -0.38399994373321533 2.803999900817871
0.0 -0.12000000476837158 2.450000047683716
-0.515999972820282 -0.09599995613098145 1.555999994277954
0.875999927520752 -0.17400002479553223 2.8519999980926514
0.7560000419616699 -0.4739999771118164 2.7680001258850098
-0.4140000343322754 -0.21000003814697266 1.850000023841858
0.9060001373291016 -0.07200002670288086 2.864000082015991
0.4259999990463257 -0.8219999670982361 2.4860000610351562
1.0799999237060547 -0.06599998474121094 2.875999927520752
0.624000072479248 -0.828000009059906 2.569999933242798
0.9300000667572021 -0.22800004482269287 2.8519999980926514
0.9000000953674316 -0.6959999799728394 2.7079999446868896
-0.34800004959106445 0.7079999446868896 1.6039999723434448
0.7739999294281006 -0.6599999666213989 2.7019999027252197
0.8399999141693115 -0.2999999523162842 2.828000068664551
-0.5460000038146973 -0.0419999361038208 1.375999927520752
0.09599995613098145 -0.14399993419647217 2.5280001163482666
0.4020000696182251 -0.7739999890327454 2.503999948501587
0.8640000820159912 -0.9179999828338623 2.5759999752044678
0.8519999980926514 -0.312000036239624 2.828000068664551
-0.5040000081062317 0.4020000696182251 1.1299999952316284
-0.40799999237060547 -0.2940000295639038 1.8320000171661377
1.055999994277954 -0.07200002670288086 2.875999927520752
0.09000003337860107 -0.10199999809265137 2.5280001163482666
1.194000005722046 -0.011999964714050293 2.875999927520752
0.7920000553131104 -0.34800004959106445 2.809999942779541
-0.49800002574920654 0.4200000762939453 1.1059999465942383
1.2000000476837158 0.006000041961669922 2.875999927520752
-0.5460000038146973 0.10199999809265137 1.0759999752044678
0.03600001335144043 -0.1499999761581421 2.4800000190734863
1.055999994277954 -0.08399999141693115 2.875999927520752
0.875999927520752 -1.0199999809265137 2.503999948501587
0.5039999485015869 -0.8999999761581421 2.4739999771118164
1.0320000648498535 -0.07200002670288086 2.875999927520752
0.8580000400543213 -0.7919999957084656 2.6540000438690186
0.7620000839233398 -0.9480000138282776 2.5339999198913574
0.3539999723434448 -0.7199999690055847 2.509999990463257
-0.4859999418258667 0.4320000410079956 1.0099999904632568
0.6840000152587891 -0.9419999718666077 2.5160000324249268
0.30000007152557373 -0.671999990940094 2.503999948501587
0.5220000743865967 -0.8700000047683716 2.503999948501587
0.7560000419616699 -0.41999995708465576 2.7860000133514404
-0.41999995708465576 -0.2999999523162842 1.8020000457763672
0.7320001125335693 -0.5999999642372131 2.7200000286102295
-0.5339999794960022 -0.07200002670288086 1.4779999256134033
-0.37199997901916504 0.6960000991821289 1.5379999876022339
0.33000004291534424 -0.6959999799728394 2.509999990463257
0.5160000324249268 -0.75 2.5759999752044678
0.4500000476837158 -0.8460000157356262 2.4860000610351562
0.3960000276565552 -0.7319999933242798 2.5280001163482666
0.8640000820159912 -0.9959999918937683 2.5220000743865967
0.7799999713897705 -0.37199997901916504 2.803999900817871
0.8519999980926514 -0.1679999828338623 2.8519999980926514
0.4020000696182251 -0.7979999780654907 2.492000102996826
-0.5460000038146973 -0.04799997806549072 1.4000000953674316
0.624000072479248 -0.7619999647140503 2.611999988555908
1.0320000648498535 -0.09599995613098145 2.875999927520752
0.9900000095367432 -0.04799997806549072 2.875999927520752
1.2300000190734863 0.018000006675720215 2.875999927520752
0.9960000514984131 -0.059999942779541016 2.875999927520752
-0.49800002574920654 0.4200000762939453 1.0759999752044678
0.9779999256134033 -0.018000006675720215 2.875999927520752
1.002000093460083 -0.07200002670288086 2.875999927520752
0.312000036239624 -0.6779999732971191 2.509999990463257
0.8519999980926514 -0.6480000019073486 2.7260000705718994
0.7680001258850098 -0.1979999542236328 2.8340001106262207
1.0199999809265137 -0.09599995613098145 2.875999927520752
1.002000093460083 -0.21000003814697266 2.864000082015991
-0.5099999904632568 0.3960000276565552 1.1660000085830688
0.8880000114440918 -1.0260000228881836 2.503999948501587
0.75 -0.5999999642372131 2.7260000705718994
1.0499999523162842 -0.12000000476837158 2.875999927520752
0.624000072479248 -0.8159999847412109 2.5820000171661377
0.809999942779541 -0.2580000162124634 2.8340001106262207
0.75 -0.4440000057220459 2.7799999713897705
0.624000072479248 -0.8640000224113464 2.552000045776367
0.809999942779541 -0.9599999785423279 2.5399999618530273
0.624000072479248 -0.8999999761581421 2.5280001163482666
0.8700001239776611 -0.1499999761581421 2.8580000400543213
-0.49800002574920654 0.4200000762939453 1.0640000104904175
0.36600005626678467 -0.6599999666213989 2.552000045776367
0.7260000705718994 -0.5220000147819519 2.75
-0.5460000038146973 -0.054000020027160645 1.4119999408721924
0.9960000514984131 -0.09000003337860107 2.875999927520752
-0.49800002574920654 0.4259999990463257 1.0759999752044678
0.10199999809265137 -0.1260000467300415 2.5399999618530273
1.0740001201629639 -0.023999929428100586 2.881999969482422
0.8519999980926514 -0.26999998092651367 2.8399999141693115
-0.37199997901916504 0.7019999027252197 1.5379999876022339
0.624000072479248 -0.7440000176429749 2.624000072479248
0.25199997425079346 -0.6539999842643738 2.4860000610351562
0.4259999990463257 -0.8040000200271606 2.503999948501587
0.7680001258850098 -0.37199997901916504 2.803999900817871
0.060000061988830566 -0.156000018119812 2.503999948501587
0.37800002098083496 -0.7199999690055847 2.5280001163482666
0.09000003337860107 -0.09599995613098145 2.5339999198913574
0.8399999141693115 -0.17400002479553223 2.8519999980926514
0.9000000953674316 -0.24000000953674316 2.8519999980926514
0.7439999580383301 -0.4440000057220459 2.7799999713897705
-0.36000001430511475 0.7079999446868896 1.5800000429153442
-0.3659999370574951 0.6359999179840088 1.6759999990463257
0.875999927520752 -0.8460000157356262 2.630000114440918
0.6359999179840088 -0.9419999718666077 2.503999948501587
1.1040000915527344 -0.059999942779541016 2.881999969482422
-0.41999995708465576 -0.22800004482269287 1.843999981880188
0.8280000686645508 -0.3179999589920044 2.828000068664551
0.875999927520752 -0.9959999918937683 2.5280001163482666
0.7320001125335693 -0.6240000128746033 2.7139999866485596
-0.4440000057220459 -0.17400002479553223 1.8020000457763672
0.5039999485015869 -0.9240000247955322 2.4619998931884766
0.9179999828338623 -0.09599995613098145 2.870000123977661
-0.37199997901916504 0.6960000991821289 1.555999994277954
0.48000001907348633 -0.8999999761581421 2.4679999351501465
0.5039999485015869 -0.8999999761581421 2.4800000190734863
-0.437999963760376 -0.22200000286102295 1.8020000457763672
1.002000093460083 -0.12000000476837158 2.875999927520752
0.8340001106262207 -0.6480000019073486 2.7260000705718994
0.37800002098083496 -0.7739999890327454 2.498000144958496
0.7799999713897705 -0.4739999771118164 2.7799999713897705
-0.5519999861717224 -0.0419999361038208 1.375999927520752
1.0260000228881836 -0.1380000114440918 2.875999927520752
0.7980000972747803 -0.9599999785423279 2.5399999618530273
-0.5339999794960022 -0.07799994945526123 1.5019999742507935
0.8399999141693115 -0.26999998092651367 2.8399999141693115
-0.49800002574920654 -0.1260000467300415 1.6519999504089355
0.9660000801086426 -0.09000003337860107 2.875999927520752
0.7799999713897705 -0.38999998569488525 2.803999900817871
0.9539999961853027 -0.07200002670288086 2.875999927520752
0.75 -0.5460000038146973 2.75
-0.5099999904632568 0.40799999237060547 1.1540000438690186
-0.5460000038146973 -0.059999942779541016 1.4300000667572021
0.8700001239776611 -1.0199999809265137 2.509999990463257
0.7139999866485596 -0.5220000147819519 2.75
-0.5519999861717224 0.10199999809265137 1.0759999752044678
0.8519999980926514 -0.07200002670288086 2.864000082015991
-0.5220000147819519 -0.10199999809265137 1.562000036239624
0.9479999542236328 -0.07200002670288086 2.875999927520752
0.7260000705718994 -0.6660000085830688 2.696000099182129
0.7139999866485596 -0.9480000138282776 2.5280001163482666
0.37199997901916504 -0.7199999690055847 2.5280001163482666
0.8280000686645508 -0.1799999475479126 2.8519999980926514
-0.41999995708465576 -0.22800004482269287 1.850000023841858
0.8519999980926514 -1.0320000648498535 2.498000144958496
0.8039999008178711 -0.9480000138282776 2.552000045776367
0.34800004959106445 -0.6959999799728394 2.5280001163482666
0.8580000400543213 -0.9959999918937683 2.5280001163482666
0.5220000743865967 -0.8460000157356262 2.5280001163482666
0.03600001335144043 -0.17400002479553223 2.4860000610351562
0.7379999160766602 -0.6480000019073486 2.7079999446868896
1.008000135421753 -0.1499999761581421 2.875999927520752
-0.37199997901916504 0.690000057220459 1.5800000429153442
-0.49800002574920654 0.4320000410079956 1.0520000457763672
-0.5099999904632568 0.4020000696182251 1.100000023841858
-0.5399999618530273 -0.07799994945526123 1.4779999256134033
0.9660000801086426 -0.22800004482269287 2.864000082015991
0.7680001258850098 -0.9539999961853027 2.5399999618530273
0.8459999561309814 -1.0320000648498535 2.498000144958496
-0.37199997901916504 0.6779999732971191 1.6039999723434448
-0.5519999861717224 -0.04799997806549072 1.4000000953674316
-0.4440000057220459 -0.24599993228912354 1.784000039100647
0.7260000705718994 -0.5999999642372131 2.7260000705718994
0.8220000267028809 -0.2999999523162842 2.8340001106262207
0.4020000696182251 -0.7919999957084656 2.503999948501587
0.875999927520752 -0.24599993228912354 2.8519999980926514
0.875999927520752 -1.0019999742507935 2.5280001163482666
-0.37199997901916504 0.6719999313354492 1.6160000562667847
0.8700001239776611 -0.8519999980926514 2.630000114440918
-0.4259999990463257 -0.1979999542236328 1.850000023841858
-0.37199997901916504 0.624000072479248 1.687999963760376
0.624000072479248 -0.7199999690055847 2.6419999599456787
0.7560000419616699 -0.5579999685287476 2.75
-0.5040000081062317 0.4320000410079956 1.1059999465942383
0.018000006675720215 -0.16199994087219238 2.4739999771118164
-0.5519999861717224 0.11399996280670166 1.058000087738037
0.8340001106262207 -0.24599993228912354 2.8459999561309814
-0.37199997901916504 0.6660001277923584 1.628000020980835
0.4020000696182251 -0.8219999670982361 2.4860000610351562
-0.4320000410079956 -0.22800004482269287 1.8259999752044678
0.7980000972747803 -0.6420000195503235 2.7260000705718994
0.48000001907348633 -0.9240000247955322 2.4559998512268066
0.2640000581741333 -0.6480000019073486 2.503999948501587
0.875999927520752 -0.25199997425079346 2.8519999980926514
0.7019999027252197 -0.671999990940094 2.690000057220459
0.9539999961853027 -0.1260000467300415 2.875999927520752
0.8940000534057617 -0.12000000476837158 2.870000123977661
-0.37199997901916504 0.6480000019073486 1.6579999923706055
0.3539999723434448 -0.75 2.503999948501587
0.4500000476837158 -0.8700000047683716 2.4800000190734863
0.875999927520752 -0.972000002861023 2.552000045776367
0.9300000667572021 -0.09599995613098145 2.875999927520752
0.8459999561309814 -0.9480000138282776 2.564000129699707
-0.4259999990463257 -0.14399993419647217 1.8680000305175781
-0.5460000038146973 -0.07200002670288086 1.4539999961853027
1.068000078201294 0.0 2.888000011444092
0.7320001125335693 -0.4739999771118164 2.7739999294281006
0.624000072479248 -0.9120000004768372 2.5280001163482666
0.7079999446868896 -0.5460000038146973 2.74399995803833
0.37800002098083496 -0.7739999890327454 2.503999948501587
0.8039999008178711 -0.3240000009536743 2.828000068664551
-0.49800002574920654 0.4320000410079956 1.027999997138977
1.253999948501587 0.0 2.881999969482422
-0.37199997901916504 0.6540000438690186 1.6519999504089355
0.9119999408721924 -0.07200002670288086 2.875999927520752
0.5220000743865967 -0.7739999890327454 2.5759999752044678
-0.5579999685287476 0.09599995613098145 1.093999981880188
-0.5220000147819519 -0.10800004005432129 1.5800000429153442
0.7799999713897705 -0.4919999837875366 2.7799999713897705
0.3960000276565552 -0.7919999957084656 2.503999948501587
-0.5220000147819519 0.37199997901916504 1.124000072479248
0.9240000247955322 -0.22200000286102295 2.864000082015991
0.23399996757507324 -0.6480000019073486 2.4860000610351562
0.9419999122619629 -0.13199996948242188 2.875999927520752
0.7980000972747803 -0.3240000009536743 2.828000068664551
0.4259999990463257 -0.8460000157356262 2.4860000610351562
0.7260000705718994 -0.5460000038146973 2.75
0.5220000743865967 -0.8159999847412109 2.552000045776367
0.75 -0.4739999771118164 2.7799999713897705
1.0380001068115234 -0.04799997806549072 2.888000011444092
-0.5099999904632568 0.4259999990463257 1.1299999952316284
0.875999927520752 -0.6660000085830688 2.7320001125335693
-0.4440000057220459 -0.156000018119812 1.8259999752044678
0.624000072479248 -0.75 2.630000114440918
0.33000004291534424 -0.7199999690055847 2.509999990463257
-0.5040000081062317 0.4259999990463257 1.0520000457763672
-0.5220000147819519 0.37800002098083496 1.1299999952316284
0.8519999980926514 -0.24599993228912354 2.8519999980926514
-0.4440000057220459 -0.26999998092651367 1.784000039100647
0.7260000705718994 -0.6660000085830688 2.7019999027252197
0.37800002098083496 -0.7979999780654907 2.492000102996826
0.07800006866455078 -0.16199994087219238 2.5280001163482666
0.9060001373291016 -0.09599995613098145 2.875999927520752
1.434000015258789 0.006000041961669922 2.8580000400543213
0.7079999446868896 -0.5999999642372131 2.7260000705718994
0.2820000648498535 -0.6779999732971191 2.503999948501587
0.8700001239776611 -0.6660000085830688 2.7320001125335693
0.8039999008178711 -0.19200003147125244 2.8519999980926514
0.624000072479248 -0.8819999694824219 2.552000045776367
0.4919999837875366 -0.9300000071525574 2.4619998931884766
0.5039999485015869 -0.9300000071525574 2.4679999351501465
0.4919999837875366 -0.906000018119812 2.4800000190734863
0.2760000228881836 -0.671999990940094 2.503999948501587
0.8519999980926514 -0.972000002861023 2.552000045776367
-0.5640000104904175 -0.023999929428100586 1.3280000686645508
0.9779999256134033 -0.6420000195503235 2.75600004196167
-0.37199997901916504 0.7799999713897705 1.3519999980926514
1.002000093460083 -0.04799997806549072 2.888000011444092
0.75 -0.3960000276565552 2.803999900817871
0.46800005435943604 -0.9240000247955322 2.4559998512268066
0.4020000696182251 -0.8040000200271606 2.503999948501587
0.7019999027252197 -0.5699999928474426 2.73799991607666
0.48000001907348633 -0.8999999761581421 2.4800000190734863
0.4559999704360962 -0.8999999761581421 2.4679999351501465
0.5160000324249268 -0.9240000247955322 2.4800000190734863
-0.3539999723434448 0.6840000152587891 1.6820000410079956
0.10199999809265137 -0.1380000114440918 2.552000045776367
0.9000000953674316 -0.12000000476837158 2.875999927520752
0.8340001106262207 -0.24599993228912354 2.8519999980926514
0.8640000820159912 -0.7680000066757202 2.684000015258789
0.8580000400543213 -0.26999998092651367 2.8519999980926514
-0.4440000057220459 -0.18599998950958252 1.8259999752044678
0.30000007152557373 -0.6599999666213989 2.5280001163482666
0.8039999008178711 -0.34800004959106445 2.828000068664551
-0.023999929428100586 -0.12000000476837158 2.450000047683716
-0.5040000081062317 0.4259999990463257 1.0220000743865967
-0.5640000104904175 -0.03600001335144043 1.3519999980926514
0.024000048637390137 -0.17400002479553223 2.4860000610351562
-0.5040000081062317 0.4500000476837158 1.0820000171661377
0.8519999980926514 -1.0379999876022339 2.503999948501587
0.7139999866485596 -0.49800002574920654 2.7680001258850098
0.8580000400543213 -0.9779999852180481 2.552000045776367
0.8340001106262207 -0.972000002861023 2.552000045776367
-0.5699999928474426 0.04200005531311035 1.2260000705718994
0.7079999446868896 -0.6240000128746033 2.7200000286102295
-0.5699999928474426 0.029999971389770508 1.25
0.7860000133514404 -0.19200003147125244 2.8519999980926514
-0.5699999928474426 0.024000048637390137 1.25600004196167
0.3539999723434448 -0.7739999890327454 2.498000144958496
0.630000114440918 -0.7739999890327454 2.624000072479248
-0.5699999928474426 0.04799997806549072 1.2020000219345093
-0.4440000057220459 -0.2940000295639038 1.784000039100647
0.8880000114440918 -0.12000000476837158 2.875999927520752
0.875999927520752 -0.6359999775886536 2.75
0.8340001106262207 -1.0199999809265137 2.5160000324249268
-0.5220000147819519 0.38999998569488525 1.100000023841858
-0.5220000147819519 0.40799999237060547 1.2020000219345093
0.9060001373291016 -0.1499999761581421 2.875999927520752
0.5280001163482666 -0.8939999938011169 2.509999990463257
-0.5699999928474426 0.011999964714050293 1.2799999713897705
-0.527999997138977 -0.10800004005432129 1.5800000429153442
0.09599995613098145 -0.12000000476837158 2.552000045776367
1.0439999103546143 -0.023999929428100586 2.8940000534057617
0.7260000705718994 -0.4739999771118164 2.7799999713897705
-0.5699999928474426 0.060000061988830566 1.1779999732971191
0.8640000820159912 -0.07799994945526123 2.875999927520752
0.7019999027252197 -0.5460000038146973 2.75
-0.5220000147819519 -0.12000000476837158 1.6039999723434448
-0.5220000147819519 0.40799999237060547 1.1779999732971191
0.9360001087188721 -0.6420000195503235 2.75600004196167
0.690000057220459 -0.5699999928474426 2.73799991607666
0.7260000705718994 -0.6240000128746033 2.7260000705718994
0.690000057220459 -0.9480000138282776 2.5339999198913574
0.5220000743865967 -0.8999999761581421 2.503999948501587
-0.4500000476837158 -0.156000018119812 1.8259999752044678
0.7620000839233398 -0.34800004959106445 2.822000026702881
0.3179999589920044 -0.7199999690055847 2.509999990463257
0.7320001125335693 -0.3960000276565552 2.803999900817871
-0.5699999928474426 0.006000041961669922 1.3040000200271606
-0.37199997901916504 0.7920000553131104 1.3339999914169312
0.8399999141693115 -0.6539999842643738 2.73799991607666
0.9060001373291016 -0.16199994087219238 2.875999927520752
0.7320001125335693 -0.41999995708465576 2.7980000972747803
0.10199999809265137 -0.12000000476837158 2.558000087738037
0.9000000953674316 -0.6480000019073486 2.75
0.75 -0.4140000343322754 2.803999900817871
-0.5699999928474426 0.07200002670288086 1.1540000438690186
0.7200000286102295 -0.4739999771118164 2.7799999713897705
0.3539999723434448 -0.7979999780654907 2.4860000610351562
-0.03600001335144043 -0.11399996280670166 2.444000005722046
-0.5699999928474426 0.07200002670288086 1.1419999599456787
0.75 -0.49800002574920654 2.7799999713897705
1.002000093460083 -0.018000006675720215 2.8940000534057617
-0.5220000147819519 -0.1260000467300415 1.6100000143051147
0.624000072479248 -0.7199999690055847 2.6540000438690186
0.5220000743865967 -0.7919999957084656 2.5759999752044678
0.09599995613098145 -0.1499999761581421 2.552000045776367
0.4259999990463257 -0.8700000047683716 2.4800000190734863
0.8220000267028809 -0.17400002479553223 2.864000082015991
-0.37800002098083496 0.7019999027252197 1.5859999656677246
0.8280000686645508 -1.0379999876022339 2.503999948501587
0.8159999847412109 -0.6480000019073486 2.73799991607666
-0.5220000147819519 0.3960000276565552 1.0820000171661377
0.8880000114440918 -0.156000018119812 2.875999927520752
0.7260000705718994 -0.5699999928474426 2.75
0.8280000686645508 -0.26999998092651367 2.8519999980926514
0.8819999694824219 -0.1499999761581421 2.875999927520752
0.7799999713897705 -0.34800004959106445 2.828000068664551
0.630000114440918 -0.9240000247955322 2.5339999198913574
-0.5699999928474426 0.08399999141693115 1.1299999952316284
-0.5099999904632568 0.4500000476837158 1.100000023841858
-0.5699999928474426 -0.029999971389770508 1.3339999914169312
0.7560000419616699 -0.6480000019073486 2.7260000705718994
0.690000057220459 -0.5460000038146973 2.75
0.006000041961669922 -0.1499999761581421 2.4800000190734863
0.7019999027252197 -0.671999990940094 2.7019999027252197
-0.5099999904632568 0.4259999990463257 1.027999997138977
0.5220000743865967 -0.8339999914169312 2.552000045776367
-0.023999929428100586 -0.13199996948242188 2.4559998512268066
0.33000004291534424 -0.75 2.503999948501587
0.8880000114440918 -0.09599995613098145 2.881999969482422
0.3539999723434448 -0.7739999890327454 2.503999948501587
0.7439999580383301 -0.37199997901916504 2.815999984741211
0.7799999713897705 -0.3539999723434448 2.828000068664551
0.875999927520752 -0.07200002670288086 2.881999969482422
-0.5099999904632568 0.4200000762939453 1.0099999904632568
0.34800004959106445 -0.7979999780654907 2.4860000610351562
0.5160000324249268 -0.9359999895095825 2.4800000190734863
0.8039999008178711 -0.972000002861023 2.552000045776367
0.7079999446868896 -0.9539999961853027 2.5399999618530273
-0.5220000147819519 0.4020000696182251 1.0759999752044678
0.4020000696182251 -0.8460000157356262 2.4860000610351562
0.22800004482269287 -0.6660000085830688 2.4860000610351562
-0.37800002098083496 0.7860000133514404 1.3519999980926514
0.7260000705718994 -0.5759999752044678 2.75
0.8280000686645508 -0.9959999918937683 2.5399999618530273
1.121999979019165 0.0 2.9000000953674316
0.7799999713897705 -0.2999999523162842 2.8399999141693115
1.0799999237060547 0.0 2.9000000953674316
1.128000020980835 0.0 2.9000000953674316
1.0740001201629639 0.0 2.9000000953674316
-0.4320000410079956 -0.2940000295639038 1.8320000171661377
0.8039999008178711 -0.3539999723434448 2.8340001106262207
-0.5699999928474426 0.09599995613098145 1.100000023841858
0.33000004291534424 -0.6660000085830688 2.552000045776367
0.7920000553131104 -0.671999990940094 2.7260000705718994
0.75 -0.5099999904632568 2.7799999713897705
-0.5460000038146973 -0.09000003337860107 1.5260000228881836
1.055999994277954 -0.023999929428100586 2.9000000953674316
0.7139999866485596 -0.4440000057220459 2.7920000553131104
0.8280000686645508 -0.2879999876022339 2.8519999980926514
1.055999994277954 -0.03600001335144043 2.9000000953674316
0.7019999027252197 -0.6240000128746033 2.7260000705718994
0.624000072479248 -0.7739999890327454 2.630000114440918
0.8519999980926514 -1.0199999809265137 2.5280001163482666
-0.3960000276565552 0.7139999866485596 1.496000051498413
-0.3960000276565552 0.7019999027252197 1.5260000228881836
0.630000114440918 -0.8399999737739563 2.5940001010894775
0.029999971389770508 -0.156000018119812 2.503999948501587
-0.4440000057220459 -0.2999999523162842 1.8020000457763672
0.624000072479248 -0.7860000133514404 2.624000072479248
0.6480000019073486 -0.9480000138282776 2.5280001163482666
-0.38999998569488525 0.630000114440918 1.6759999990463257
1.0260000228881836 -0.023999929428100586 2.9000000953674316
-0.5220000147819519 -0.13199996948242188 1.628000020980835
0.8039999008178711 -0.26999998092651367 2.8519999980926514
1.187999963760376 0.018000006675720215 2.9000000953674316
-0.5220000147819519 0.4320000410079956 1.1540000438690186
-0.527999997138977 0.4140000343322754 1.2260000705718994
-0.5519999861717224 -0.08399999141693115 1.5019999742507935
0.8519999980926514 -0.1499999761581421 2.875999927520752
1.0199999809265137 -0.023999929428100586 2.9000000953674316
0.7260000705718994 -0.49800002574920654 2.7799999713897705
0.37800002098083496 -0.8219999670982361 2.492000102996826
-0.3960000276565552 0.690000057220459 1.555999994277954
-0.3960000276565552 0.7139999866485596 1.5019999742507935
-0.527999997138977 0.4140000343322754 1.190000057220459
1.0320000648498535 -0.054000020027160645 2.9000000953674316
0.8700001239776611 -0.6539999842643738 2.75
0.630000114440918 -0.8219999670982361 2.6059999465942383
1.0260000228881836 -0.04799997806549072 2.9000000953674316
0.630000114440918 -0.7919999957084656 2.624000072479248
0.7980000972747803 -0.26999998092651367 2.8519999980926514
0.7260000705718994 -0.41999995708465576 2.803999900817871
0.7739999294281006 -0.1979999542236328 2.8580000400543213
-0.5220000147819519 0.40799999237060547 1.0520000457763672
0.6600000858306885 -0.9480000138282776 2.5339999198913574
0.5280001163482666 -0.9179999828338623 2.503999948501587
1.2120001316070557 0.018000006675720215 2.9000000953674316
0.25199997425079346 -0.671999990940094 2.503999948501587
0.21599996089935303 -0.6480000019073486 2.492000102996826
0.7019999027252197 -0.5699999928474426 2.75
0.7260000705718994 -0.9599999785423279 2.5460000038146973
1.008000135421753 -0.04799997806549072 2.9000000953674316
0.6779999732971191 -0.5999999642372131 2.7320001125335693
-0.515999972820282 0.4559999704360962 1.1299999952316284
-0.3960000276565552 0.6960000991821289 1.5499999523162842
-0.4679999351501465 -0.17400002479553223 1.7960000038146973
0.6960000991821289 -0.49800002574920654 2.7739999294281006
0.7799999713897705 -0.972000002861023 2.552000045776367
0.630000114440918 -0.8999999761581421 2.558000087738037
0.8039999008178711 -0.671999990940094 2.7320001125335693
1.008000135421753 -0.059999942779541016 2.9000000953674316
0.4500000476837158 -0.8999999761581421 2.4800000190734863
0.75 -0.34800004959106445 2.828000068664551
0.9900000095367432 -0.023999929428100586 2.9000000953674316
0.690000057220459 -0.6240000128746033 2.7260000705718994
0.8039999008178711 -0.9959999918937683 2.5399999618530273
0.624000072479248 -0.8700000047683716 2.5759999752044678
0.7200000286102295 -0.3960000276565552 2.809999942779541
0.7200000286102295 -0.41999995708465576 2.803999900817871
0.3179999589920044 -0.75 2.503999948501587
0.8519999980926514 -0.17400002479553223 2.875999927520752
0.5160000324249268 -0.75 2.6059999465942383
-0.5699999928474426 -0.054000020027160645 1.4000000953674316
0.4559999704360962 -0.9300000071525574 2.4619998931884766
0.7260000705718994 -0.6480000019073486 2.7260000705718994
0.36000001430511475 -0.7919999957084656 2.503999948501587
0.9839999675750732 -0.0419999361038208 2.9000000953674316
-0.3960000276565552 0.6840000152587891 1.5800000429153442
0.7019999027252197 -0.6480000019073486 2.7200000286102295
0.8519999980926514 -1.0260000228881836 2.5280001163482666
0.8280000686645508 -1.0199999809265137 2.5280001163482666
0.8039999008178711 -0.2879999876022339 2.8519999980926514
0.2760000228881836 -0.6599999666213989 2.5280001163482666
0.7680001258850098 -0.20399999618530273 2.8580000400543213
0.7980000972747803 -0.9959999918937683 2.5399999618530273
-0.527999997138977 0.4259999990463257 1.2020000219345093
0.624000072479248 -0.7379999756813049 2.6540000438690186
0.3059999942779541 -0.6959999799728394 2.5280001163482666
0.37800002098083496 -0.8460000157356262 2.4800000190734863
0.7439999580383301 -0.34800004959106445 2.828000068664551
0.33000004291534424 -0.7739999890327454 2.498000144958496
-0.527999997138977 0.4020000696182251 1.0759999752044678
-0.3960000276565552 0.6719999313354492 1.6039999723434448
0.7019999027252197 -0.5759999752044678 2.75
-0.3960000276565552 0.7260000705718994 1.4900000095367432
0.5280001163482666 -0.8700000047683716 2.5399999618530273
0.054000020027160645 -0.16199994087219238 2.5280001163482666
0.630000114440918 -0.8579999804496765 2.5880000591278076
0.7260000705718994 -0.6779999732971191 2.7139999866485596
0.75 -0.6779999732971191 2.7200000286102295
0.630000114440918 -0.7440000176429749 2.6540000438690186
-0.0419999361038208 -0.1260000467300415 2.450000047683716
-0.5099999904632568 0.48000001907348633 1.100000023841858
-0.5820000171661377 0.029999971389770508 1.25
-0.38999998569488525 0.7739999294281006 1.3700000047683716
0.9000000953674316 -0.24000000953674316 2.875999927520752
-0.5399999618530273 0.37199997901916504 1.1299999952316284
1.1519999504089355 0.011999964714050293 2.9060001373291016
-0.5519999861717224 -0.09000003337860107 1.5260000228881836
0.6660001277923584 -0.5999999642372131 2.7320001125335693
-0.5220000147819519 0.4500000476837158 1.1540000438690186
-0.3960000276565552 0.624000072479248 1.6820000410079956
1.0499999523162842 0.006000041961669922 2.9060001373291016
0.7739999294281006 -0.2999999523162842 2.8459999561309814
0.8159999847412109 -1.0199999809265137 2.5280001163482666
0.690000057220459 -0.5220000147819519 2.7680001258850098
0.8880000114440918 -0.23399996757507324 2.875999927520752
0.4500000476837158 -0.906000018119812 2.4800000190734863
-0.5460000038146973 -0.10199999809265137 1.555999994277954
-0.3960000276565552 0.7019999027252197 1.555999994277954
0.4020000696182251 -0.8700000047683716 2.4800000190734863
0.9779999256134033 -0.09599995613098145 2.9000000953674316
-0.3960000276565552 0.6480000019073486 1.6519999504089355
0.624000072479248 -0.9300000071525574 2.5399999618530273
-0.3960000276565552 0.6779999732971191 1.6039999723434448
0.7019999027252197 -0.49800002574920654 2.7799999713897705
0.6960000991821289 -0.4739999771118164 2.7860000133514404
0.75 -0.3659999370574951 2.828000068664551
0.5280001163482666 -0.7979999780654907 2.5880000591278076
0.024000048637390137 -0.1799999475479126 2.503999948501587
-0.5339999794960022 0.4140000343322754 1.2020000219345093
-0.527999997138977 0.437999963760376 1.2260000705718994
-0.38399994373321533 0.6840000152587891 1.6399999856948853
0.7620000839233398 -0.3240000009536743 2.8399999141693115
-0.40199995040893555 0.7200000286102295 1.4900000095367432
-0.5699999928474426 -0.059999942779541016 1.4300000667572021
0.3539999723434448 -0.8219999670982361 2.4860000610351562
0.8280000686645508 -0.17400002479553223 2.875999927520752
-0.5220000147819519 -0.1380000114440918 1.6519999504089355
0.8220000267028809 -0.6779999732971191 2.73799991607666
0.3179999589920044 -0.671999990940094 2.552000045776367
-0.527999997138977 0.437999963760376 1.1779999732971191
-0.38999998569488525 0.630000114440918 1.7000000476837158
-0.5759999752044678 0.10800004005432129 1.0820000171661377
-0.3960000276565552 0.6660001277923584 1.628000020980835
-0.5220000147819519 0.4200000762939453 1.027999997138977
0.5280001163482666 -0.8939999938011169 2.5280001163482666
0.630000114440918 -0.9179999828338623 2.552000045776367
-0.5640000104904175 -0.07799994945526123 1.472000002861023
0.4259999990463257 -0.8999999761581421 2.4739999771118164
-0.5820000171661377 0.07200002670288086 1.1419999599456787
0.75 -0.671999990940094 2.7260000705718994
0.22800004482269287 -0.6779999732971191 2.492000102996826
0.624000072479248 -0.8219999670982361 2.611999988555908
-0.527999997138977 0.437999963760376 1.1600000858306885
-0.3960000276565552 0.7620000839233398 1.4000000953674316
0.6779999732971191 -0.5699999928474426 2.75
-0.04799997806549072 -0.11399996280670166 2.450000047683716
0.8280000686645508 -0.9959999918937683 2.552000045776367
0.7260000705718994 -0.4440000057220459 2.803999900817871
0.029999971389770508 -0.18599998950958252 2.509999990463257
-0.40199995040893555 0.6719999313354492 1.5980000495910645
0.10199999809265137 -0.16199994087219238 2.569999933242798
0.24000000953674316 -0.671999990940094 2.503999948501587
0.7260000705718994 -0.5220000147819519 2.7799999713897705
0.6779999732971191 -0.671999990940094 2.7079999446868896
0.8640000820159912 -0.12000000476837158 2.888000011444092
0.6660001277923584 -0.5460000038146973 2.75600004196167
0.75 -0.972000002861023 2.552000045776367
0.33000004291534424 -0.7739999890327454 2.503999948501587
0.8399999141693115 -0.1499999761581421 2.881999969482422
0.04799997806549072 -0.1679999828338623 2.5280001163482666
-0.3960000276565552 0.6540000438690186 1.6519999504089355
0.34200000762939453 -0.7860000133514404 2.503999948501587
-0.515999972820282 0.48000001907348633 1.1299999952316284
0.07800006866455078 -0.1679999828338623 2.552000045776367
0.7019999027252197 -0.6480000019073486 2.7260000705718994
0.8159999847412109 -0.17400002479553223 2.875999927520752
0.25199997425079346 -0.6779999732971191 2.509999990463257
-0.4500000476837158 -0.3059999942779541 1.8079999685287476
0.21599996089935303 -0.6779999732971191 2.4860000610351562
0.6779999732971191 -0.6480000019073486 2.7200000286102295
0.630000114440918 -0.7979999780654907 2.630000114440918
0.3179999589920044 -0.7739999890327454 2.498000144958496
-0.527999997138977 0.4500000476837158 1.2260000705718994
0.7560000419616699 -0.26999998092651367 2.8519999980926514
-0.527999997138977 0.4500000476837158 1.2020000219345093
0.75 -0.6779999732971191 2.7260000705718994
-0.4739999771118164 -0.17400002479553223 1.8020000457763672
0.7139999866485596 -0.37199997901916504 2.822000026702881
0.7019999027252197 -0.6779999732971191 2.7139999866485596
0.6419999599456787 -0.9539999961853027 2.5339999198913574
0.21000003814697266 -0.671999990940094 2.4860000610351562
0.7379999160766602 -0.671999990940094 2.7260000705718994
0.7260000705718994 -0.9660000205039978 2.552000045776367
0.7799999713897705 -0.2999999523162842 2.8519999980926514
-0.3960000276565552 0.624000072479248 1.7000000476837158
0.2820000648498535 -0.6840000152587891 2.5280001163482666
-0.5699999928474426 -0.07200002670288086 1.4539999961853027
1.0920000076293945 -0.006000041961669922 2.9119999408721924
0.6779999732971191 -0.6779999732971191 2.7079999446868896
0.7379999160766602 -0.21000003814697266 2.8580000400543213
-0.40799999237060547 0.7019999027252197 1.5260000228881836
-0.527999997138977 0.4500000476837158 1.1540000438690186
0.624000072479248 -0.7979999780654907 2.630000114440918
-0.4739999771118164 -0.24599993228912354 1.777999997138977
0.8159999847412109 -1.0440000295639038 2.5160000324249268
0.8280000686645508 -0.07799994945526123 2.888000011444092
0.7980000972747803 -0.6779999732971191 2.73799991607666
-0.3960000276565552 0.7739999294281006 1.3819999694824219
1.008000135421753 -0.11399996280670166 2.9060001373291016
0.10199999809265137 -0.1499999761581421 2.5759999752044678
0.4259999990463257 -0.9240000247955322 2.4619998931884766
-0.09599995613098145 -0.5640000104904175 2.2699999809265137
0.9060001373291016 -0.07200002670288086 2.9000000953674316
0.5220000743865967 -0.9240000247955322 2.509999990463257
-0.5460000038146973 0.37199997901916504 1.1119999885559082
0.6779999732971191 -0.5820000171661377 2.75
0.4259999990463257 -0.8999999761581421 2.4800000190734863
0.48600006103515625 -0.9419999718666077 2.4800000190734863
0.8039999008178711 -0.9959999918937683 2.552000045776367
0.624000072479248 -0.8880000114440918 2.5759999752044678
-0.5339999794960022 -0.13199996948242188 1.628000020980835
0.6719999313354492 -0.6779999732971191 2.7079999446868896
0.9060001373291016 -0.07799994945526123 2.9000000953674316
0.6779999732971191 -0.49800002574920654 2.7799999713897705
0.624000072479248 -0.9240000247955322 2.552000045776367
1.0199999809265137 0.0 2.9119999408721924
-0.4739999771118164 -0.1799999475479126 1.8079999685287476
-0.4739999771118164 -0.26999998092651367 1.7719999551773071
0.7260000705718994 -0.37199997901916504 2.828000068664551
0.8039999008178711 -0.19200003147125244 2.875999927520752
-0.38999998569488525 0.7079999446868896 1.6039999723434448
0.6600000858306885 -0.9599999785423279 2.5399999618530273
0.3240000009536743 -0.7979999780654907 2.492000102996826
0.7980000972747803 -1.0199999809265137 2.5339999198913574
0.6779999732971191 -0.9599999785423279 2.5460000038146973
0.8280000686645508 -0.1799999475479126 2.881999969482422
0.7019999027252197 -0.4440000057220459 2.803999900817871
0.7019999027252197 -0.6599999666213989 2.7260000705718994
-0.3960000276565552 0.7799999713897705 1.375999927520752
-0.4739999771118164 -0.22200000286102295 1.7960000038146973
0.7019999027252197 -0.5220000147819519 2.7799999713897705
0.3059999942779541 -0.7199999690055847 2.5280001163482666
0.3179999589920044 -0.7739999890327454 2.503999948501587
0.10199999809265137 -0.17400002479553223 2.5759999752044678
0.19800007343292236 -0.6660000085830688 2.4860000610351562
0.6540000438690186 -0.5699999928474426 2.75
0.8459999561309814 -0.25199997425079346 2.875999927520752
0.5280001163482666 -0.8040000200271606 2.5940001010894775
-0.5699999928474426 -0.07799994945526123 1.4779999256134033
0.3539999723434448 -0.8460000157356262 2.4800000190734863
0.7320001125335693 -0.38399994373321533 2.828000068664551
-0.10199999809265137 -0.5699999928474426 2.2639999389648438
-0.40799999237060547 0.7379999160766602 1.4539999961853027
0.7799999713897705 -0.9599999785423279 2.5759999752044678
0.9300000667572021 -0.1499999761581421 2.9000000953674316
0.6779999732971191 -0.6480000019073486 2.7260000705718994
0.7799999713897705 -0.3240000009536743 2.8519999980926514
-0.527999997138977 0.4620000123977661 1.1419999599456787
0.5220000743865967 -0.7799999713897705 2.6059999465942383
-0.4739999771118164 -0.26999998092651367 1.777999997138977
-0.4739999771118164 -0.28199994564056396 1.7719999551773071
0.7560000419616699 -0.2999999523162842 2.8519999980926514
0.4259999990463257 -0.9300000071525574 2.4619998931884766
0.630000114440918 -0.8100000023841858 2.630000114440918
-0.527999997138977 0.46800005435943604 1.1779999732971191
0.5280001163482666 -0.8640000224113464 2.558000087738037
0.5280001163482666 -0.9419999718666077 2.503999948501587
1.446000099182129 0.006000041961669922 2.881999969482422
0.10800004005432129 -0.12000000476837158 2.5880000591278076
0.6480000019073486 -0.5999999642372131 2.73799991607666
-0.5460000038146973 0.3840000629425049 1.100000023841858
-0.09599995613098145 -0.5640000104904175 2.2760000228881836
0.25199997425079346 -0.6599999666213989 2.5280001163482666
0.7019999027252197 -0.9660000205039978 2.552000045776367
0.7739999294281006 -0.9599999785423279 2.5759999752044678
-0.4739999771118164 -0.22200000286102295 1.8020000457763672
-0.3960000276565552 0.7920000553131104 1.3339999914169312
0.690000057220459 -0.41999995708465576 2.809999942779541
0.37800002098083496 -0.8700000047683716 2.4800000190734863
-0.023999929428100586 -0.14399993419647217 2.4800000190734863
0.7799999713897705 -0.9959999918937683 2.552000045776367
0.624000072479248 -0.7199999690055847 2.677999973297119
1.4520001411437988 0.006000041961669922 2.881999969482422
0.7560000419616699 -0.9959999918937683 2.5460000038146973
-0.4739999771118164 -0.22800004482269287 1.8020000457763672
1.128000020980835 -0.011999964714050293 2.9179999828338623
0.630000114440918 -0.8999999761581421 2.5759999752044678
-0.054000020027160645 -0.12000000476837158 2.4559998512268066
0.875999927520752 -0.09599995613098145 2.9000000953674316
-0.5879999995231628 0.09599995613098145 1.100000023841858
0.6540000438690186 -0.6240000128746033 2.7320001125335693
-0.5460000038146973 -0.12000000476837158 1.6039999723434448
0.9060001373291016 -0.1499999761581421 2.9000000953674316
0.5220000743865967 -0.9419999718666077 2.503999948501587
0.6419999599456787 -0.5699999928474426 2.75
0.4020000696182251 -0.8999999761581421 2.4739999771118164
0.20399999618530273 -0.6480000019073486 2.503999948501587
0.7799999713897705 -0.19200003147125244 2.875999927520752
0.7439999580383301 -0.2999999523162842 2.8519999980926514
0.7019999027252197 -0.5339999794960022 2.7799999713897705
0.33000004291534424 -0.8219999670982361 2.4860000610351562
-0.4739999771118164 -0.2879999876022339 1.777999997138977
-0.527999997138977 0.48000001907348633 1.2260000705718994
0.630000114440918 -0.8460000157356262 2.611999988555908
-0.527999997138977 0.48000001907348633 1.2020000219345093
0.875999927520752 -0.11399996280670166 2.9000000953674316
0.6600000858306885 -0.671999990940094 2.7139999866485596
0.8280000686645508 -0.6539999842643738 2.76200008392334
0.8280000686645508 -1.0440000295639038 2.5280001163482666
0.7019999027252197 -0.4620000123977661 2.803999900817871
0.4259999990463257 -0.9120000004768372 2.4800000190734863
0.7019999027252197 -0.37199997901916504 2.828000068664551
0.9000000953674316 -0.156000018119812 2.9000000953674316
-0.593999981880188 0.0 1.3040000200271606
0.8640000820159912 -0.09599995613098145 2.9000000953674316
-0.5460000038146973 0.38999998569488525 1.0759999752044678
0.6600000858306885 -0.5220000147819519 2.7739999294281006
0.6480000019073486 -0.6240000128746033 2.7320001125335693
-0.527999997138977 0.48000001907348633 1.1660000085830688
0.7320001125335693 -0.3240000009536743 2.8459999561309814
0.7920000553131104 -0.17400002479553223 2.881999969482422
0.624000072479248 -0.9359999895095825 2.552000045776367
-0.5460000038146973 -0.1260000467300415 1.6100000143051147
0.22800004482269287 -0.6840000152587891 2.503999948501587
0.9000000953674316 -0.6539999842643738 2.7739999294281006
0.6600000858306885 -0.6480000019073486 2.7260000705718994
0.809999942779541 -0.1499999761581421 2.888000011444092
0.6779999732971191 -0.4440000057220459 2.803999900817871
0.7620000839233398 -0.33000004291534424 2.8519999980926514
-0.5339999794960022 0.4140000343322754 1.0099999904632568
0.07800006866455078 -0.1799999475479126 2.564000129699707
0.0 -0.156000018119812 2.503999948501587
0.6779999732971191 -0.5220000147819519 2.7799999713897705
0.34200000762939453 -0.8460000157356262 2.4800000190734863
-0.4739999771118164 -0.18599998950958252 1.8259999752044678
0.20399999618530273 -0.6539999842643738 2.503999948501587
0.630000114440918 -0.906000018119812 2.5759999752044678
0.09599995613098145 -0.1499999761581421 2.5820000171661377
-0.10199999809265137 -0.5759999752044678 2.2699999809265137
0.5280001163482666 -0.9179999828338623 2.5280001163482666
0.7680001258850098 -0.1979999542236328 2.875999927520752
-0.40199995040893555 0.7920000553131104 1.3280000686645508
0.75 -0.3240000009536743 2.8519999980926514
0.6719999313354492 -0.4440000057220459 2.803999900817871
0.8459999561309814 -0.09000003337860107 2.9000000953674316
-0.4140000343322754 0.6600000858306885 1.628000020980835
-0.5460000038146973 0.3960000276565552 1.0640000104904175
-0.4140000343322754 0.624000072479248 1.6820000410079956
0.809999942779541 -1.0440000295639038 2.5280001163482666
0.690000057220459 -0.37199997901916504 2.828000068664551
0.4020000696182251 -0.9240000247955322 2.4619998931884766
0.6779999732971191 -0.9660000205039978 2.552000045776367
0.24000000953674316 -0.6599999666213989 2.5280001163482666
0.6180000305175781 -0.7739999890327454 2.6540000438690186
0.3059999942779541 -0.7379999756813049 2.5280001163482666
0.4020000696182251 -0.8999999761581421 2.4800000190734863
0.8519999980926514 -0.12000000476837158 2.9000000953674316
-0.4140000343322754 0.7260000705718994 1.5019999742507935
0.3539999723434448 -0.8700000047683716 2.4739999771118164
-0.41999995708465576 0.690000057220459 1.555999994277954
-0.4679999351501465 -0.23399996757507324 1.8320000171661377
0.8519999980926514 -0.1260000467300415 2.9000000953674316
-0.41999995708465576 0.7139999866485596 1.5019999742507935
0.6540000438690186 -0.593999981880188 2.75
0.6600000858306885 -0.49800002574920654 2.7860000133514404
0.75 -0.9959999918937683 2.552000045776367
-0.41999995708465576 0.6960000991821289 1.5440000295639038
0.18599998950958252 -0.6480000019073486 2.498000144958496
-0.40799999237060547 0.7860000133514404 1.315999984741211
0.630000114440918 -0.7379999756813049 2.677999973297119
-0.5999999642372131 0.03600001335144043 1.2260000705718994
0.875999927520752 -0.1679999828338623 2.9000000953674316
-0.5999999642372131 0.024000048637390137 1.25
0.5220000743865967 -0.7199999690055847 2.6480000019073486
0.37800002098083496 -0.8999999761581421 2.4679999351501465
-0.5999999642372131 0.04799997806549072 1.2020000219345093
-0.4620000123977661 -0.2879999876022339 1.8259999752044678
-0.5399999618530273 0.4559999704360962 1.25
